frame,exercise_type,form_label,left_shoulder_left_hip_left_knee_angle,right_shoulder_right_hip_right_knee_angle,left_hip_left_knee_left_ankle_angle,right_hip_right_knee_right_ankle_angle,left_shoulder_left_hip_left_ankle_angle,right_shoulder_right_hip_right_ankle_angle,shoulder_width,hip_width,body_height,shoulder_hip_ratio,left_shoulder_left_elbow_left_wrist_angle,right_shoulder_right_elbow_right_wrist_angle,left_hip_left_knee_right_knee_angle,right_hip_right_knee_left_knee_angle
3,bridge,0,156.17386162608534,157.42786461277802,72.98071587724415,82.4757677681353,172.29536214661698,171.55239099516092,0.049786895718843815,0.024709337989061598,0.4759580846319551,2.014902047998357,,,,
4,bridge,0,154.84637898518707,155.79391526804568,71.00463067870986,81.68182429672326,172.949849456496,172.75994630359162,0.049708094148150826,0.02572338583224287,0.4746590932231123,1.932408683379636,,,,
5,bridge,0,153.02658281953143,153.80199773902748,73.04679138528972,83.02770657071235,173.7414906407474,173.6327912131485,0.04958292128002772,0.025490762990396817,0.47534948100859264,1.9451328820054223,,,,
6,bridge,0,150.3252309992086,151.41249633585406,73.43002805689682,83.8885434837091,175.11977555086892,174.89283979804122,0.04940594716272511,0.02482177854032887,0.4751070395537429,1.9904273612969925,,,,
23,bridge,0,176.0686602942793,178.18170050911743,84.03004843691846,88.66393381574572,158.62163462735373,157.36186635626555,0.046707088971806046,0.019059469397611863,0.4898871176991173,2.450597547991468,,,,
24,bridge,0,179.65349467549262,178.95607532245805,87.7870620073772,90.88682495429678,156.27648570636208,155.38722604832455,0.04639858301417745,0.019207065514653114,0.4894476016915576,2.4157038970258036,,,,
25,bridge,0,177.97210226908894,177.40615952238403,88.23280361048799,90.37036440429686,154.42523870506938,153.76225979520717,0.04549575832009439,0.018859613398179886,0.4867589218757511,2.4123378013933796,,,,
26,bridge,0,175.67660384560534,175.40914654750773,88.90678504204162,91.0928129907711,152.5694948482114,151.557714296699,0.044472560463595656,0.01835039865765542,0.4860971151793147,2.4235201258171353,,,,
27,bridge,0,173.40428362131033,173.7089229659228,89.2605587279498,90.52777281961954,150.1626976105887,149.71141690960113,0.04376992336361011,0.018374567471551993,0.48481695470048736,2.382092717631362,,,,
28,bridge,0,170.9007904647109,171.28932336685062,89.31485922303834,90.47479403416422,147.53428614051785,147.56856562060375,0.04371281550468447,0.017259935260555897,0.48298020379700946,2.5326175819779175,,,,
29,bridge,0,170.41344161085357,170.73344740257488,91.00108913160271,91.22408352956234,146.0816659211755,147.02034906219848,0.045906139492370567,0.01708340223745422,0.4808871257345164,2.687177814716814,,,,
30,bridge,0,169.48444996780913,170.669063423008,91.75922117878882,92.07933603686953,145.57198058903762,147.1468735596625,0.049054901076376355,0.016967331538159134,0.48013788140728386,2.891138242100888,,,,
31,bridge,0,168.85895156257237,170.76409247398806,92.2263113163735,93.74922447716173,145.25171960735497,147.41056534681908,0.052132157343140854,0.01794428448811528,0.47950055026204663,2.9052235199273966,,,,
32,bridge,0,168.52548302380825,170.7164224360011,92.9175808553178,94.79035029082836,144.73623868659104,147.28104882804342,0.05263223537857772,0.01815581181159985,0.48018233198713606,2.898919416258252,,,,
33,bridge,0,168.42819984846346,170.53935123993108,94.52404953888093,95.67061293844222,144.55371547456042,147.0414783784287,0.05277007116516641,0.0175311292926278,0.4809047113127042,3.0100782604665013,,,,
34,bridge,0,168.21086747119614,170.3282566250017,95.37009231099688,95.87990535494406,144.33818009020425,146.8170536383689,0.05274774409652676,0.01737460390954169,0.4811386979557335,3.0359105952083913,,,,
35,bridge,0,168.10123456753433,169.72266644249348,95.55493738114454,96.11736448624515,144.32109256032226,146.26000991488357,0.05279921397601404,0.01668352590651218,0.48151869603635516,3.1647515202649465,,,,
36,bridge,0,167.8917054961132,169.66174676506708,95.91020621625067,96.2664415438203,144.12601863662385,146.11299975524872,0.052773246963677106,0.01691532871960531,0.48164097243739407,3.1198475559337804,,,,
37,bridge,0,167.4563246901609,169.49310213807453,96.5723960758451,96.42039267035635,143.98403180458112,145.8935104243679,0.05275039970960573,0.017273701379044888,0.4816530182226146,3.0537982886284243,,,,
38,bridge,0,167.06820438594133,169.3906375459175,97.349726034114,96.59009201074305,143.82408830419774,145.8015998368365,0.05228656856592152,0.01765606322140245,0.48170910027620967,2.961394502854998,,,,
39,bridge,0,166.68220486452554,169.34902349207272,98.03548790533492,96.72095039379852,143.7860959227554,145.7096368625888,0.051930487794311066,0.01806162203328931,0.48183150026240407,2.8751840614645885,,,,
40,bridge,0,166.60945436512011,169.37037253291,98.4670120566121,96.77527743627118,143.75784994401639,145.6642760173549,0.051476905647741586,0.0182345660131241,0.4818700444830801,2.823039803124008,,,,
41,bridge,0,166.47977369029127,169.36387839794025,98.58247677738568,96.65350995422948,143.57019950519026,145.61218515955053,0.05137285124081258,0.018747110073254403,0.4813200739280145,2.7403077615735425,,,,
42,bridge,0,166.4873295264356,169.38739193762441,98.34797046164162,96.46917488101677,143.52321119324347,145.58502808731464,0.05135805875801223,0.019026007508143206,0.4806053876747343,2.6993607952709353,,,,
43,bridge,0,166.6458120517422,169.4424002622718,98.36777564750777,96.42537758456355,143.63576615117714,145.6031338445082,0.05088652843943514,0.018955002776270827,0.4803296185959409,2.6845962008055406,,,,
44,bridge,0,166.77316906729337,169.9027069336957,98.08274238644451,96.08725045808211,143.78897242980463,145.89143503071702,0.0495748663541805,0.01927283992276929,0.48033754520494554,2.572265766375812,,,,
45,bridge,0,167.21161743243817,170.79191832383293,97.75666453806274,95.4711909537841,144.34513215574978,146.4970711708501,0.04776060790023491,0.0198629280888995,0.4808857583082739,2.404509933604712,,,,
46,bridge,0,168.68048110391797,172.77849245717056,96.87363037644961,93.69730601668836,145.2815264228013,147.61269214758036,0.04404031207279514,0.02182346746923467,0.4819819852771789,2.018025418503286,,,,
47,bridge,0,171.30584829268753,175.01499667555177,95.57729487048513,91.87269214834997,147.2918182378733,149.09013155439882,0.042104730746359134,0.02191952164785344,0.48289037272996094,1.9208781752991593,,,,
48,bridge,0,176.9158788448635,179.1745424387568,92.08768767986969,88.62228292376795,152.1455078307057,152.59618862837098,0.0370132764662981,0.021207901796497553,0.4858328694566364,1.7452587635242058,,,,
82,bridge,0,169.18868437264163,171.731678578919,96.57493560713877,98.10524875013401,145.02083645917426,148.75950231997888,0.061695848884407156,0.021156061153859783,0.49078803928930015,2.916225682829961,,,,
83,bridge,0,169.17048429538542,171.73247904965058,95.51747921579859,98.64488009153209,145.25580733229577,148.80346849088255,0.06280149361317393,0.020566520301225247,0.490109636725832,3.0535789571283254,,,,
84,bridge,0,168.8174591230208,171.679492581643,94.64556327309334,98.79899853209692,144.96827564287585,148.687627224858,0.06416386604823238,0.0202697558643939,0.4887744940271113,3.165497723677245,,,,
85,bridge,0,168.85938053210057,171.81342398086943,95.10328943458663,98.85268304866106,145.13577407777944,148.78476264313278,0.06550794714916279,0.01963647472084411,0.4881202296590561,3.336033991866479,,,,
86,bridge,0,168.73672987245166,171.74321218962558,95.67462611233782,98.9434390149012,145.25178408856382,148.6813670179317,0.06649862196375782,0.01922480475481263,0.4871740668209606,3.459001160836805,,,,
87,bridge,0,168.68197784385998,171.67017227866762,95.91707750765882,99.11516963975151,145.28528068644172,148.65436566568027,0.06658799434405564,0.019038902950110202,0.4871533698521609,3.49747012832324,,,,
88,bridge,0,168.64736452122617,171.6270570974337,96.30084622234003,99.36397320552976,145.4055158835492,148.63848235759218,0.06666464729462053,0.019074212082009004,0.4872362436412297,3.495014473363192,,,,
89,bridge,0,169.93456342777148,171.76368898603093,95.07546477633427,99.66489217557348,145.44354721919208,148.76080654950815,0.06754139491522815,0.0194781057485896,0.4868284684747332,3.467554586005818,,,,
90,bridge,0,170.3231498210363,171.84941118612383,94.71203789048282,99.88345339050801,145.40787648895596,148.85081216821115,0.06774992794164784,0.019838941258913934,0.48688787702338077,3.4149971542058366,,,,
91,bridge,0,170.41581963151518,171.85657659816877,94.6435882915599,100.00686955442224,145.36304001028594,148.86809643846263,0.06798644725707352,0.020003527563853978,0.4868667813212195,3.3987229022506926,,,,
92,bridge,0,170.57665944921777,171.91191726336575,94.50902736745917,100.00521784860902,145.43700391155764,148.9138768229962,0.068014616137309,0.02001108968365051,0.4868376115449054,3.3988462004084865,,,,
93,bridge,0,170.46561130216588,171.8849566423436,94.61330846115364,100.06707275032834,145.56544560034834,148.93462051288455,0.06792956730983718,0.020011988178131334,0.48713588657122625,3.394443705701822,,,,
94,bridge,0,168.87889553296694,171.81137818991996,97.24170963844529,99.34426624826145,145.70886002356292,148.8473792560597,0.06666844452318917,0.01997030343818658,0.48662732343188425,3.338379145291698,,,,
95,bridge,0,168.76539137562384,172.29726273086786,97.29029535524771,98.00611924819968,146.05145532126207,149.15192180686645,0.06523113451168898,0.020143578192118497,0.48666115148998657,3.238309196586122,,,,
96,bridge,0,170.06499325702939,173.70686227687543,96.7764376966462,96.19448712580335,147.15666728009782,149.9031140282261,0.061080147084209765,0.02049820101208359,0.4868546531449595,2.979780862145088,,,,
97,bridge,0,174.69332680725213,178.3567802245645,93.77441336741965,93.03449089171943,150.9841655900112,153.59721661993586,0.05406314701314156,0.02280135599244738,0.48859050329854053,2.371049644198757,,,,
115,bridge,1,152.41958678582364,152.0217370779395,81.92347610264939,85.14584938259551,175.61487008407616,175.48133598823648,0.04238370155111165,0.022837704115215556,0.47923992122205533,1.85586525411167,,,,
123,bridge,1,173.05545331344297,174.21472205625687,83.96495158037902,87.14276451675856,160.7207894582894,159.52401827560794,0.043533424637672784,0.0180636008762301,0.48846852918957073,2.4100081116693866,,,,
124,bridge,1,174.1830010003574,175.7064005758826,83.13664551678315,88.214584107653,159.56718198765017,158.61856240039228,0.043745861600616685,0.019291685629394692,0.48847297949608115,2.2676018281140364,,,,
125,bridge,1,175.7403414884541,177.23260397990674,84.71655121684708,89.42885213950825,159.2739216153977,157.46262184603663,0.04384576052756706,0.01866751605086975,0.48862947560007475,2.348773152683279,,,,
126,bridge,1,177.21018764850504,178.74156266278985,86.10641807779304,91.01824620042352,158.27134666984352,156.15731463216474,0.043248835427396874,0.017331150088131988,0.4891629528226892,2.495439437513889,,,,
127,bridge,1,178.5396769881023,179.6213376822035,87.06019007923135,91.98413990408454,157.13137893045,155.07276156236378,0.04256188210650746,0.016265776461342446,0.49008139439940257,2.616652344120235,,,,
128,bridge,1,179.10141841138326,179.75749204186224,87.39035973811944,92.07783108596517,156.32371421397235,154.94912904002535,0.04250681603611528,0.016656993212873148,0.4901032287183535,2.5518900976236467,,,,
129,bridge,1,179.55205511825235,179.89828275263875,87.46935167789862,92.25476414026872,155.3106580202808,154.52321458299423,0.042260491153283196,0.0163625639484303,0.4900928961183118,2.5827548351514524,,,,
130,bridge,1,179.76134010755075,179.9415423809913,87.72854480437485,92.23531997598285,154.94543273446953,154.59228225106622,0.042032508356265784,0.016843056727295483,0.4896271041740503,2.4955392026999967,,,,
131,bridge,1,179.84876762232645,179.95186694524227,87.86269334900834,91.92424010636677,154.41930263853,154.53497820083865,0.041596178037704344,0.017508314783215163,0.48942783253902783,2.37579564639663,,,,
132,bridge,1,179.7701094596853,179.9853925724688,87.7898235242156,91.8296518212987,154.17835187339188,154.46835212878975,0.04144271409487788,0.017511582770756838,0.4892407317799174,2.3665887108779464,,,,
133,bridge,1,179.90091833652662,179.9987707088462,87.50284194803392,91.41334266140011,154.14979142522603,154.50120143978663,0.04141867773441116,0.017540382846522533,0.4885529224489102,2.3613325944377896,,,,
134,bridge,1,179.66754901304543,179.83313850295087,86.89513439328896,91.06541396597096,154.1726364336107,154.69503726076505,0.04140939235318928,0.017960388659654263,0.48810493386855325,2.3055955602013354,,,,
135,bridge,1,179.4999808549698,179.81851491480535,86.66503318594748,90.86199548032042,154.19495955221547,154.73666965482357,0.041362616751522176,0.018128118398509654,0.4878034000904275,2.281682844421552,,,,
136,bridge,1,179.37320820589667,179.90692274855658,86.91702431355351,90.79179550739254,154.28315340164755,154.66991646895585,0.04117973258134092,0.01790027108760461,0.48763542209897365,2.3005088794357214,,,,
137,bridge,1,179.35015392903688,179.95576681879643,86.94989552858625,90.58184446747488,154.19242877336197,154.55737978769133,0.04109388127077548,0.017839362842202288,0.4873118771169611,2.303550952703331,,,,
138,bridge,1,179.41823804798778,179.9643717393912,86.95624967815195,90.48222226949115,154.0284828448585,154.42303486410256,0.04099859581931319,0.0176895895225092,0.48711282333839384,2.3176680141245978,,,,
139,bridge,1,179.4491386144615,179.94429053679767,87.02236266207197,90.31211428973056,153.98030569990686,154.43092085471835,0.04088913014117494,0.01771664603654087,0.48688315380001634,2.3079498262165674,,,,
140,bridge,1,179.3390555989619,179.81879575926757,87.02529419626273,90.19738543288719,154.05288271428677,154.4658533601646,0.04081469391905569,0.017621590553988875,0.4868402586561764,2.3161753641936005,,,,
141,bridge,1,179.24129238525964,179.7190037085788,87.01466523104925,90.03518153269341,154.07621438463218,154.49569513777365,0.04082568004047429,0.017618039314451547,0.4867357827603966,2.3172658042025263,,,,
142,bridge,1,178.85543095331394,179.3475640709989,86.78031052285513,89.74484081448452,154.24493377759606,154.7470023976295,0.040856736663328466,0.017854875661332766,0.4866482712266929,2.2882677784090903,,,,
143,bridge,1,177.7214560289501,178.11701355197195,86.04678970507301,88.87831877554119,155.09443358251667,155.76630781951687,0.04091162554030908,0.01846634629357063,0.4863689516633331,2.2154694215039794,,,,
144,bridge,1,176.90362382026913,177.15169921861386,85.42447319063517,88.19012616536968,155.86777462269507,156.6007042262648,0.04105248821316022,0.019115429673602004,0.4860643111299953,2.1476100152670288,,,,
145,bridge,1,175.81122147385688,176.04244753172617,84.75173465305667,87.37088974616063,156.7586976439975,157.4603591057698,0.041268675906529564,0.019385898107962683,0.4859056308939029,2.1287987627242617,,,,
146,bridge,1,172.42711850152517,172.2191576802872,81.85407546044274,85.38606253297108,159.03328019394456,160.25185299912212,0.041565571553809445,0.021373788683016155,0.4849615215222457,1.9446983485355547,,,,
147,bridge,1,169.69078367159892,169.22198463543975,80.72812982901984,84.25987579872954,160.45514255180504,162.46069599166088,0.041785426002295685,0.02287092935685481,0.4857183150139516,1.8270104091669486,,,,
148,bridge,1,166.69859170066078,166.83594930871863,80.69762763489383,84.20077470127315,162.54898484301003,163.99664620828054,0.043004619304048544,0.02208104730985816,0.4863133672957601,1.9475805970873938,,,,
149,bridge,1,164.53682115830495,164.7824387662957,82.0918511007431,84.18189534763708,167.33221459454808,165.28522390391313,0.0431965829667992,0.020612625377585677,0.4870464933527568,2.0956371241177014,,,,
150,bridge,1,163.28173503107996,162.95260497945455,84.0764597233437,83.63679686198662,168.113577622995,166.42678511887837,0.042067321434182736,0.021190434348980682,0.4882175495935713,1.9852033583354223,,,,
151,bridge,1,160.27540435870517,160.03092096258558,85.53430326590203,83.37934412652577,169.65940715149185,168.3907302847199,0.04116746959448998,0.02256716509819602,0.4886319069022915,1.8242198085297314,,,,
152,bridge,1,157.64860574215504,157.31269259175014,83.9224523896306,83.98125295886402,170.56012815274246,170.458696077288,0.04102890033731012,0.023767412200914537,0.488600443161827,1.7262670412107963,,,,
153,bridge,1,156.04465452567922,155.94645537922915,79.58893792309944,84.25527303050671,171.9717453082606,171.47796055397274,0.041778605938467495,0.0238867285926218,0.48502639904165307,1.7490300430412304,,,,
154,bridge,1,155.13863437166685,154.8696934394634,80.19523092017428,85.01032400761702,172.9054198754799,172.3386235148877,0.042157544983450604,0.024307854690739452,0.48536182947280326,1.7343177964409726,,,,
155,bridge,1,153.88525292237466,153.37153743484595,80.802063001819,85.98209933259274,173.2376227054642,173.02887585021801,0.042154915327399144,0.02427430384627101,0.4855543796887524,1.736606561175386,,,,
162,bridge,1,149.15628495283693,148.6613190679526,83.70658672926707,89.33753435729356,175.13703443221945,175.4873272976465,0.043066326196375244,0.023244285772152592,0.47898110434270663,1.8527704666223859,,,,
163,bridge,1,149.0842425672104,148.74824488907623,84.05650631658669,89.85915022374135,175.25876145550046,175.56842102115866,0.04295937581820563,0.023101611944944176,0.4783954374396413,1.8595834749794313,,,,
164,bridge,1,148.9985016481689,148.69606346143195,84.16408429808426,90.03900340640367,175.2958057201796,175.62982118407834,0.04266835488834275,0.023200865488249043,0.4779741684949603,1.8390846199230695,,,,
165,bridge,1,149.01209277709137,149.1610894940658,84.73069983149544,90.98270960704862,175.15138216269736,175.40003118202654,0.0425254978227093,0.0230417560641175,0.477508947248603,1.8455840650502098,,,,
166,bridge,1,149.01755511740345,149.44960409780464,85.05166558457124,91.32433921924319,175.09637765015594,175.2577942094121,0.041917922001661174,0.022720106903899293,0.4770666653880631,1.8449702802440202,,,,
167,bridge,1,149.0203246328128,149.62121139089152,85.3785697579456,91.46558412150479,175.07606418303317,175.1964402465682,0.04147271231137197,0.022519270574436284,0.47698402139673923,1.8416543366396378,,,,
168,bridge,1,149.09724563127904,149.68322348403183,85.54840638870884,91.37016581117466,175.00901235344412,175.20921942524993,0.041220818862446856,0.022486222072695267,0.47693507441113736,1.833158933020624,,,,
169,bridge,1,149.24777889477986,149.78915546434496,86.07135357320382,90.8764223105943,174.9437739098844,175.07934275083443,0.040959444978935215,0.022280989127663114,0.4774594113654201,1.8383135840267404,,,,
170,bridge,1,150.41192107285553,150.7248918550982,86.48920598577956,89.4840514230784,174.7248135976059,174.59233829042591,0.04099808930339539,0.02171510132711787,0.4781261552992571,1.887998986778702,,,,
178,bridge,1,174.29515952900633,175.03323901107856,87.59650232866365,88.19155342586842,161.23745675769018,159.79905854892792,0.049430826288764544,0.019191864513700765,0.49246723990797336,2.575613549870398,,,,
179,bridge,1,174.99987809062054,175.93588698347224,88.3287971425119,89.23538766020451,160.4693643063537,158.85646552809663,0.04954632109292656,0.018363508797916518,0.4927829579041474,2.69808573286103,,,,
180,bridge,1,176.04935019462195,177.24898620689842,89.30178754918057,90.32350165412878,160.1217972539325,157.9964771393299,0.04905343075139632,0.017298168992756758,0.4934041763917427,2.8357585575638904,,,,
181,bridge,1,176.53060185319762,177.6177057646236,91.45929318348826,91.02279081392078,159.91526282668573,157.70461987395905,0.049045809620062726,0.017066952453766243,0.495117750221756,2.8737297858493513,,,,
182,bridge,1,176.6713059826634,177.85875114808056,91.12704090404239,91.3493178945097,159.02993592680764,157.3859567965407,0.048738814293113324,0.016284006752860365,0.49520148791406443,2.9930480276024274,,,,
183,bridge,1,177.1078894429417,177.86131904188767,90.99615672859399,91.83431545602078,158.3348489308339,157.43492010376244,0.04920766272358015,0.016819551385034857,0.4954480034448814,2.9256227825055143,,,,
184,bridge,1,177.57132014661298,178.2026757331566,91.31874326206064,92.04433919744608,158.01527992671288,157.1971810707308,0.04935821673530052,0.017121425843656994,0.49552904741608644,2.8828333099130496,,,,
185,bridge,1,177.977543489113,178.28010910054053,91.30896404868888,92.2842197368819,157.6431434960984,157.05554409122897,0.04940896450451281,0.017098460595165794,0.4959860263513798,2.889673267924604,,,,
186,bridge,1,177.93264267882026,178.10010407824777,91.08089866556047,92.31073208906591,157.3769590350119,157.23700703432462,0.04926879742573166,0.017434636547983624,0.49619650865155235,2.825914798403398,,,,
187,bridge,1,177.9601026833889,178.17926766963316,91.01465407992426,92.42551723602064,157.18996178498125,157.1320658929304,0.04912131288267732,0.01721096106000844,0.4962479183554209,2.8540714670964014,,,,
188,bridge,1,177.9246760486127,178.21110088168035,90.92463799554778,92.49649928227797,157.15627140320106,157.0114266613422,0.049025895908101025,0.01695613754507215,0.4963266657701365,2.8913362950602566,,,,
189,bridge,1,177.87496852635763,178.14749155303937,90.90592399113021,92.60731702349719,157.1802563827195,157.0362089383752,0.04893934575922601,0.016964499828266928,0.4965523862378448,2.884809234262322,,,,
190,bridge,1,177.79316758688904,178.04213661262747,90.8946317327535,92.54021407310795,157.2385011090608,157.0848675066322,0.04877774595064971,0.017005288393470055,0.49686799854640445,2.868386870132712,,,,
191,bridge,1,177.76503730419506,178.01953904416501,91.02459574468146,92.56152588899948,157.3257590352136,157.08881228829998,0.04852126972701859,0.0170307357942019,0.4971205790032967,2.849041304694399,,,,
192,bridge,1,177.7205344959412,177.94615778705068,91.06523310521003,92.56960582904253,157.4324957694072,157.14722998581902,0.04863839420472775,0.01710237676035969,0.497277202469651,2.8439552517322046,,,,
193,bridge,1,177.64829930534384,177.8684076748145,91.15154388925632,92.5936045072004,157.64013878380626,157.2182648165433,0.04871374527519397,0.01715641501970713,0.49753098342108804,2.839389535589909,,,,
194,bridge,1,177.6122118962328,177.8233785951364,91.19608065666931,92.61680908785529,157.74669102382512,157.26206446824304,0.04870588171129585,0.017208751623559542,0.49766028650653765,2.8302972102064246,,,,
195,bridge,1,177.55731323094173,177.78719336332614,91.22448659526775,92.64480386059785,157.8360462069904,157.30141274832218,0.04875311704285293,0.01723568869397026,0.49787962949937975,2.8286143889282904,,,,
196,bridge,1,177.50152873302213,177.74185051483715,91.23195370527748,92.65038506714663,157.92175245218104,157.34423926973332,0.04890230667031249,0.017271133372266326,0.4980378353845122,2.831447457225878,,,,
197,bridge,1,177.3883978120096,177.58236576375066,91.19682231339128,92.5701901099341,158.04244989421937,157.49075507025304,0.048995296149339236,0.01748828937570679,0.4980533543029842,2.8016059831100026,,,,
198,bridge,1,177.03763787590816,177.252232983245,90.92536800524991,92.32553502378804,158.31251322489211,157.77683644144167,0.04922128423070368,0.017728816871384924,0.497945255947754,2.7763434293322167,,,,
199,bridge,1,176.5105902544446,176.81853729729937,90.53068388663482,91.95541968331071,158.66730099210392,158.07769688230945,0.049254560040603315,0.017804816906753326,0.4977224157289659,2.766361501977657,,,,
200,bridge,1,175.8435353237188,176.13934339209254,89.51073116290878,91.12134741204186,158.95971043775586,158.55569440583724,0.04921358455757029,0.01808398185242322,0.49660698786262614,2.721390950244498,,,,
201,bridge,1,174.16751133684141,174.17018755266625,87.93940093702936,89.38333789225868,159.4108193373797,159.88809312415322,0.049352980660698056,0.01981021290325571,0.4955209164576514,2.4912897656232227,,,,
202,bridge,1,172.15840218696246,171.59549635192423,86.51575119516563,87.6188188830157,160.27635515202138,161.5566570845739,0.04922635470585971,0.021000670040888902,0.4950100471382246,2.344037338333234,,,,
210,bridge,1,155.56700668518266,155.92671815856656,79.75838261221062,84.95522158084536,171.4258251477969,171.43383331628917,0.04504888462779495,0.022479815847483427,0.4833381190383943,2.003970358717956,,,,
211,bridge,1,154.98665572040136,155.3427883489204,79.75551829290774,86.13501175625355,172.3547081170084,172.0582609350273,0.04561042788005648,0.023256115043358342,0.4824248664904453,1.96122300715408,,,,
213,bridge,1,152.76592942518926,153.6883058093771,81.99708780610462,88.94687782605727,173.44842550098537,173.02831310869487,0.045820243104000034,0.02312465502381776,0.48101476869926163,1.9814454769944216,,,,
214,bridge,1,151.99384676702624,153.05419851995973,82.72442991877561,89.03418338744771,173.7210779198181,173.51498005902678,0.04544109310260075,0.02341114165223662,0.4800956880446936,1.9410028685320209,,,,
215,bridge,1,151.1818850101662,152.28592645993012,83.05818977740422,88.83821582182678,174.2120844796257,173.82213609859008,0.044651777665146525,0.02320235496367521,0.478865671356104,1.924450243738266,,,,
216,bridge,1,150.97176493470639,151.97035516437805,83.83428217507193,89.47861961088427,174.24555525240146,174.00645117916704,0.043763634615429474,0.023521670452439303,0.47739062193591725,1.8605666083078292,,,,
217,bridge,1,150.49310048722262,151.60657173311992,83.7979087533948,89.60497757252192,174.4013796361745,174.29779554077092,0.04310115594969146,0.023607244446915063,0.476409034227214,1.8257597173872537,,,,
218,bridge,1,150.2688029174308,151.5369942359937,83.46595872789112,90.11697096144064,174.62213203032212,174.65103862630056,0.042911861400675176,0.023859854130923664,0.47527724948253075,1.7984963849824664,,,,
219,bridge,1,150.23745494132532,151.41311079706017,83.42344019672512,90.00973039050646,174.6556232808258,174.65246019533927,0.04290706406168237,0.023700122037153912,0.47523785445403866,1.8104153216771777,,,,
220,bridge,1,150.2200920375841,151.34067745403726,83.29804405128021,89.9627219502294,174.60532965360184,174.6233682913162,0.042863552856678436,0.023386009949598333,0.4752716706940857,1.8328715736056822,,,,
221,bridge,1,150.0701987036433,151.24126143336505,83.19675471974955,89.92930887526629,174.7402933511245,174.6302728748441,0.04280332787401585,0.023021114876326357,0.4751757124419066,1.859307340411755,,,,
222,bridge,1,149.95459966236984,151.3245163047884,83.11892725669426,89.91427041985439,174.89714083219715,174.55934399744825,0.04267291492549483,0.02251797071109276,0.47497726764236814,1.895060415211988,,,,
223,bridge,1,149.98864614926876,151.30515716080956,82.9208321485747,89.54074306093476,174.9397754941673,174.5023836406508,0.04254334572133085,0.02232419385017774,0.47450348110185736,1.9057058009282666,,,,
224,bridge,1,150.2521215523312,151.05315596180813,82.93957154324352,88.57387397128906,174.89003225085324,174.43530754563778,0.04249058606159209,0.022317332413128554,0.4744602673397781,1.9039276413069992,,,,
233,bridge,1,175.34533513261877,175.62914142771413,85.2901659113738,88.22546264200268,159.72637779633337,159.24299605307183,0.04712584216522616,0.018959159903108376,0.49006900022253336,2.4856503350393613,,,,
234,bridge,1,176.03208591115094,176.94982673277056,85.94833445339938,89.52355250271445,159.37730885432646,158.1792458698851,0.04691589030352884,0.017401707467036964,0.4904070201157417,2.6960509704233835,,,,
235,bridge,1,176.72287273037904,178.03521569518816,86.61253219948317,90.5260768379046,159.1310910083508,157.4522192879663,0.0481588002572541,0.016573083857885335,0.4913984853984063,2.9058442393833994,,,,
236,bridge,1,177.17214973069508,177.91854681474484,87.21503746366619,90.92598324367336,158.60348064420631,157.30047873923922,0.04807265197427754,0.01683151542268767,0.4917329096851382,2.8561095520537068,,,,
237,bridge,1,177.74298151084875,178.1896197294198,87.70567599322746,91.28212036225806,158.00823157822825,156.9215115099829,0.04899217833800943,0.017087232626146427,0.49199424023222843,2.867180391928586,,,,
238,bridge,1,178.25568589245987,178.58169611281596,91.32144344268227,92.07129517976789,158.0425703713012,156.57894288948432,0.049713195813810916,0.0171264341647888,0.49565758478816124,2.902717246069767,,,,
239,bridge,1,178.6469588424378,178.76504969329062,91.03498516936398,92.44127333775931,157.38508182609579,156.54744773769266,0.05006302088172314,0.01741551686113066,0.4956887090838287,2.874621596414275,,,,
240,bridge,1,178.91552668039344,178.9076138390848,91.250750730588,92.86327177015696,156.8487643330396,156.36190907878785,0.04998613972358804,0.017329705768050294,0.4957718628320587,2.8844194121139894,,,,
241,bridge,1,178.91814666658283,178.746064698167,90.84636510027246,92.7445688862319,156.3377854881017,156.2794819065061,0.04985807950732447,0.017154720849623762,0.4956602054663045,2.9063766145992376,,,,
242,bridge,1,178.86390846152915,178.58306718328086,90.6876697519577,92.66663484321333,156.20512265948125,156.32710613735804,0.049672950613479414,0.01716981860366871,0.4956462902811033,2.893038753645638,,,,
243,bridge,1,178.977317731287,178.67452183532288,90.8536367218814,92.73389719401588,156.1500232762622,156.22048377986138,0.04921049272966472,0.017050685462115706,0.4958628664824727,2.8861298766553234,,,,
244,bridge,1,178.87825162364555,178.6015377917473,90.79255046157182,92.76551147945044,156.27040272353256,156.29556316430515,0.04898018031886003,0.01693357675672564,0.4962266740487828,2.8924887531162717,,,,
245,bridge,1,178.82861308905018,178.50920910146198,90.62200403475644,92.65700586141848,156.33028897449572,156.38590966704345,0.04899428512177315,0.01694996169149436,0.496357672006235,2.8905248291126764,,,,
246,bridge,1,178.7927482565459,178.43073058331066,90.56433516134841,92.60633395956873,156.40019363740285,156.46701531489268,0.049058682104166244,0.016947640369488662,0.49648890473105123,2.894720505899337,,,,
247,bridge,1,178.80231850082146,178.41530654416945,90.46264686208752,92.54853373019672,156.42590862437163,156.5022757805134,0.04906198431344267,0.01697593426433965,0.49642924323697646,2.8900903802687496,,,,
248,bridge,1,178.82139889097684,178.4130741633696,90.36864387568961,92.43569173380493,156.45267183410797,156.52523528570543,0.04909599012199895,0.017001410187926794,0.4963573103178287,2.8877598728171074,,,,
249,bridge,1,178.83587778735807,178.36929215526922,90.28235089607819,92.35194146621104,156.31468524433058,156.56836626963332,0.04910925301733688,0.017051709733869318,0.4966191103373799,2.8800192933024533,,,,
250,bridge,1,178.8338548089398,178.34591108990307,90.30732436290202,92.2265736286641,156.2503423741534,156.59765294711343,0.04917720672854777,0.01706433786027193,0.4967740675659924,2.8818701980250236,,,,
251,bridge,1,178.76807175565477,178.2467545097865,90.32717901272372,91.91969054232246,156.33826909478321,156.7068369153552,0.049068064280038196,0.01721423371946771,0.4969602553871421,2.8504355802109704,,,,
252,bridge,1,178.53073303482293,177.92070798073286,90.288194751012,91.82696212878156,156.54361088754914,157.14986878855515,0.0491059277832262,0.017881081471602812,0.4969035320287084,2.746250435758709,,,,
253,bridge,1,177.6765464012885,176.66067385490138,89.68954741177,91.1734810296002,157.22814079875548,158.37113507749885,0.04928137535663678,0.019409143657473583,0.4966904213237618,2.539080354411244,,,,
254,bridge,1,176.33273151045978,174.99784526233822,88.77907232547419,90.23325707245273,158.07658270490023,159.64528033085838,0.04926900228547676,0.02066485567103216,0.49624606471847177,2.384192905568737,,,,
255,bridge,1,174.4227352092985,172.98234524118075,87.23359088520488,89.01024465113343,159.05404864430898,160.83258867097467,0.049247690903165886,0.0211985348628849,0.4950626293896286,2.3231648423679685,,,,
256,bridge,1,172.03679138599293,170.5510121519548,87.32817341089431,88.20415077906532,160.50319776055875,162.43065116960128,0.050033895045926924,0.022434497903722754,0.4938606852337965,2.230221298495134,,,,
257,bridge,1,170.05454498095875,168.3323151102353,87.04621103402145,88.01607313616658,161.4218606829119,163.43974425785396,0.05029755126919128,0.02282923934526934,0.4937129731155948,2.203207496688404,,,,
258,bridge,1,166.0144254659431,164.41317726845037,87.28385152560698,86.77316757254572,165.1086650600073,165.76280748944424,0.04945891018803637,0.022923921317514813,0.4923463455159817,2.1575239900272973,,,,
259,bridge,1,163.8468619326222,162.74152999386828,86.94818266745996,86.0071626486506,167.49461959141576,166.70461857674056,0.048479537058266145,0.022127758531210604,0.49024435032922437,2.190892357664111,,,,
260,bridge,1,161.78972843322026,160.7344711297019,84.05679707685726,85.44987111826835,168.78571148915913,168.18921034135874,0.046978593652682206,0.023331551708984346,0.4866459674601089,2.0135220425391607,,,,
261,bridge,1,159.55650750671364,158.94454353771306,84.5268771787172,85.9577486293903,169.72001594001583,169.5488464789928,0.04652023701026435,0.023759518869529907,0.4869533513851024,1.9579620810387552,,,,
275,bridge,1,151.56581828012463,152.21140993231236,85.24007739268595,89.50678984879431,173.49962194513097,173.8443194213021,0.04211723264494962,0.02309603232192863,0.476932251126775,1.8235700425895762,,,,
276,bridge,1,151.59176097162444,152.1673398432409,85.25667586754605,89.47546058052023,173.44630923864432,173.80298915079467,0.042078624493943305,0.023107912372249063,0.47679096065683263,1.8209617474781798,,,,
277,bridge,1,151.89436989563796,152.14874294720752,84.94483425579165,88.72031072212599,173.337638313771,173.72466279444015,0.0419074509820354,0.023085874330319063,0.47692746126641256,1.8152854157660232,,,,
278,bridge,1,153.48377476442812,153.8663743713603,83.61010511761229,87.69725051926906,173.16847685201336,173.2389538960862,0.041844194212345566,0.02234327836657161,0.4772634465046683,1.8727866844710581,,,,
316,bridge,0,174.20174274391823,176.66161957647319,90.74983682973438,92.46183406059454,150.5094812336473,150.9721398689285,0.04349548927713998,0.019938814851738186,0.48339203033431405,2.181448075051874,,,,
317,bridge,0,177.77996775148333,179.49180846410366,88.26450987634111,90.99937957243621,152.88691620452613,153.42506620370872,0.041701533566585826,0.019950514169252195,0.484330811549724,2.0902485626589202,,,,
318,bridge,0,177.02221291150573,175.53710094682577,85.18886494401893,88.00756073245819,155.4364174961666,156.86285219273682,0.03852115006012227,0.020428482869227313,0.48354801852984536,1.885658876712233,,,,
319,bridge,0,173.3729877462309,171.60691413916777,82.44224502581848,86.0281853839524,157.75846708123515,159.45967273599007,0.035042423234778984,0.02238132503019507,0.481811752933095,1.5656992241300542,,,,
320,bridge,1,169.48542818068753,167.8096632841717,80.2098990867869,83.99223850638236,160.40030743467221,161.94995033123172,0.034218775614502935,0.022508267336523106,0.4807491085424243,1.520275865880522,,,,
321,bridge,1,166.84822431488422,165.3889029408659,79.91606751758756,83.56911276656848,162.7325970902468,164.212184365941,0.03501259118579446,0.02252404788358987,0.4811819035919035,1.5544537716643396,,,,
0,knee_pushup,0,106.73611605214388,109.72985471075295,108.03641568507692,113.76137408492767,,,0.023112369161709154,0.018730829148027886,0.5827813586231158,1.233921305835123,117.9053469767055,99.28834108871544,,
1,knee_pushup,0,110.68060472999966,115.65083847114619,112.35847135674007,120.11928481441377,,,0.015743473555760973,0.023100650585177993,0.5885519117684189,0.6815164576300901,132.84199076104207,82.57100843950138,,
2,knee_pushup,0,113.45175296536951,119.63525744323573,115.26062116106812,124.68599992107401,,,0.01478148632941076,0.028422783899017128,0.5904977558561619,0.5200576545185608,138.23441508803006,144.4680165793897,,
3,knee_pushup,0,114.95733332979374,121.20721340166858,117.50524371916576,126.31279575585481,,,0.011110231987926876,0.029099816066375756,0.591565578599364,0.38179732691728324,153.48207027946924,84.31452625179467,,
4,knee_pushup,0,116.59262784711716,122.42733884065872,119.00363941103791,127.40398040835792,,,0.010760171414532935,0.029011948917888074,0.5931056069255222,0.3708875761841174,150.33586047608424,86.9477208782247,,
5,knee_pushup,0,117.65832252022581,122.3935507767253,120.27574430258144,127.23851927536158,,,0.009119361505397158,0.02559635277432939,0.5935022259082586,0.3562758173321855,165.09945493729944,51.66246727724985,,
6,knee_pushup,0,117.56602369773854,122.88290674516308,120.27450012692394,127.29912144715912,,,0.011047263351791202,0.02671135269304921,0.5919052932970483,0.41357933006013226,164.71675776826157,88.57038652322493,,
7,knee_pushup,0,118.33820750323866,122.48125735250339,119.86689198579106,126.32133395797565,,,0.015431586706247277,0.02525644226051146,0.5906476780780751,0.6109960598201363,156.23398702860624,95.64658401649005,,
8,knee_pushup,0,118.32774483967525,120.63295321057318,118.52307422295236,123.82617972375189,,,0.02095678122380317,0.023106648099445737,0.589972935095311,0.9069589467762684,152.3138429731066,100.62516188481501,,
9,knee_pushup,0,114.04619743093599,117.10266543903313,111.68629315212104,117.95334857057186,,,0.024133901754918093,0.026299951524731077,0.582342137144579,0.9176405413608407,149.21479287321293,126.63106185197091,,
10,knee_pushup,0,112.43082282153843,115.87333331475428,109.46218934693991,114.98589639547002,,,0.019446019037587085,0.024964361848420488,0.5822097466915609,0.7789511767078255,146.23567489353843,134.3381766029489,,
11,knee_pushup,0,112.01207992625281,114.89062276123676,108.44551191844728,113.2668102838311,,,0.02117008967967677,0.024445751515857,0.580510350243063,0.8660028171334623,147.34454892047145,136.35604332155003,,
12,knee_pushup,0,111.82310270228005,113.77703809813109,106.87561435554382,111.5626929764742,,,0.021629917231761935,0.02284268010190262,0.5802678733115382,0.9469080307244827,150.24447899821885,138.9114168027996,,
13,knee_pushup,0,108.96385339995071,112.75728178120485,101.77322814359448,108.72670526796601,,,0.02288916620165737,0.027734369343239564,0.5774054209211446,0.8252996820797281,153.28772038026298,146.40796307525864,,
14,knee_pushup,0,108.18381568514876,111.73828096743038,99.76179839809319,105.68976362199108,,,0.01985961555408841,0.023651959303432828,0.57431565895385,0.8396604822166256,159.89355630414968,161.47165109072088,,
24,knee_pushup,0,113.8534542161643,119.1131739010684,115.93206533888714,122.33936826163158,,,0.011777846721197489,0.016314620833534774,0.590771493591257,0.7219197333098955,143.07110730046602,31.860992173653617,,
25,knee_pushup,0,114.94710441630092,118.96453435024227,117.83146110415554,124.09335210487443,,,0.021506742262886822,0.016836567684235543,0.5899372619634653,1.2773828173437076,140.05399778173694,21.337824577450892,,
26,knee_pushup,0,115.52280898748772,120.61193788228024,118.15335080363087,125.20721808650599,,,0.019890458248974334,0.018018882732583293,0.5923852579694799,1.1038674563882198,139.79312678413808,88.10093413060757,,
27,knee_pushup,0,115.71312185307815,121.38190872103118,117.54275357698711,125.11587758853145,,,0.019687686467900634,0.019112741191660603,0.5922732645613266,1.0300817800269746,138.88946681262485,118.20288718267172,,
28,knee_pushup,0,115.0786225796427,121.0672756764166,116.68306035996447,124.09750921775168,,,0.01783209242922923,0.0199093239227738,0.5913210435873515,0.8956653926772231,140.56565543019676,124.17841942165971,,
65,knee_pushup,0,138.5521286116823,147.65341902588548,36.25093822774737,54.27028445570655,,,0.26972738260947227,0.13478946826550955,0.14234935765359455,2.001101318080436,176.670071150991,177.88708998622846,,
66,knee_pushup,0,141.42464385516286,149.29891430249168,36.49248570496257,44.60903213305464,,,0.26862972197600143,0.1360995050547342,0.14501027205993294,1.9737744223828622,170.30265348384503,176.65670190159932,,
74,knee_pushup,1,153.50956731526406,146.44657058494298,66.21421759951012,24.85463559493047,,,0.27895871357994234,0.14976600920942598,0.14078940093491527,1.862630346181283,143.2133865925148,156.42738115445758,,
75,knee_pushup,1,155.2989127260755,147.18310053120578,69.53962868677961,25.061278233296715,,,0.2827950673911895,0.15179941324841628,0.14378172966051622,1.8629523088366737,145.30379100961522,160.42869373742235,,
76,knee_pushup,1,156.37760163161914,147.02323693949066,71.40253576943856,25.949764091383905,,,0.2847154901709659,0.15302537266135827,0.1453760160491421,1.8605770090234313,145.98109052327047,162.40557259031144,,
77,knee_pushup,1,156.80090429043395,147.51607118398957,71.80884491846449,25.382825837088966,,,0.2851855453627543,0.1524779838544552,0.14705198461032964,1.8703391673579082,147.08136546693845,165.15775107840935,,
78,knee_pushup,1,158.08643385214774,148.2091517998794,60.484382439498155,24.990528562318445,,,0.28496873768555914,0.151978449623543,0.14598070226799403,1.8750601706455003,148.42276113363098,167.00939698564088,,
79,knee_pushup,1,160.2084645581132,148.84200384229678,62.302789104160674,25.278064255272433,,,0.2835240168574117,0.15179213329680552,0.14900577796066453,1.8678439435528935,149.7687608160228,169.13583051771644,,
80,knee_pushup,1,162.40522977384109,149.59981751397575,66.12838671771738,20.885941807437916,,,0.2821930751024919,0.15147222392724347,0.15169968852556323,1.8630021253139948,151.60399353385017,170.18269629745416,,
81,knee_pushup,1,164.27378912711694,149.4760778776677,66.87198642119249,19.068147351292502,,,0.2814538876044441,0.1510578337023161,0.1526840299216208,1.8632194087934197,153.22974338610834,171.09910655791927,,
82,knee_pushup,1,165.00970516204745,149.01180685414448,67.87079867747562,17.61413994645759,,,0.28116400782443024,0.1505262445107799,0.15270482641903013,1.8678736637470204,154.36124608224773,172.72079308555928,,
83,knee_pushup,1,166.0582389553178,148.92374139119948,61.29222460184491,13.857743786340574,,,0.28067822961146266,0.15035339109612156,0.15130480986658237,1.8667901506260267,158.03864711829883,175.15875595314736,,
84,knee_pushup,1,166.87441341731892,148.58015357248624,63.55793188065393,12.08975394889204,,,0.27993673094505406,0.14987449754867743,0.15237453701888898,1.8678076358797064,162.14334001502093,176.48849548993965,,
85,knee_pushup,1,167.67815874833343,147.87351894096705,57.12735536237142,10.638744765166766,,,0.2788813272511882,0.14918219324258142,0.15172244779975336,1.869400906297887,164.37617266762192,176.66023500996508,,
86,knee_pushup,1,168.21432552305143,147.57707710286888,53.65573116018122,9.522922455599586,,,0.27832729122411054,0.14909534537992217,0.15138824289939182,1.8667738453865328,164.34883330126257,176.26313247958134,,
87,knee_pushup,1,168.48145756308472,147.4286447186047,51.70151619323841,8.866709162924183,,,0.27784453278853943,0.1490334166180956,0.1513197412609584,1.8643102942511727,164.77757327276464,176.1041823808711,,
88,knee_pushup,1,168.47926871704482,147.36671172310403,50.76426636270764,7.872204829746664,,,0.27782278959213924,0.14902624356554833,0.15126950471811434,1.8642541269581185,164.9307157603084,175.9487506848685,,
89,knee_pushup,1,167.61596802076306,147.22942541525612,51.05476970494693,7.527348980671243,,,0.2777826061003506,0.14929984121234313,0.15120206164999384,1.8605686640032766,164.94685472354396,175.81791875267766,,
90,knee_pushup,1,166.8954886607552,147.1886274593622,47.62404278971852,7.779493861862518,,,0.2776294646907115,0.1493505382470274,0.15097403907410956,1.8589117116639335,165.14358161347636,175.58337593101706,,
91,knee_pushup,1,166.65872141550676,146.90121822433184,46.08202681977061,8.038400757739499,,,0.27730563924598906,0.14940204920916839,0.1510678910051873,1.8561033179521582,165.19310587637003,175.6587685825056,,
98,knee_pushup,0,78.62753551379706,149.66581681868186,42.720669077094385,128.77310129310516,,,0.1402744164554725,0.11373668885875632,0.28458255796727644,1.2333260081948756,155.00744223947996,169.43044419587065,,
99,knee_pushup,0,88.64089660910335,154.02097481709356,60.00522312714504,130.56802277067843,,,0.13230589003784934,0.10543632814654857,0.29820002806001816,1.2548415936294186,154.83408253928604,165.3226411017252,,
100,knee_pushup,0,128.42009470958553,162.08717281371864,100.48773940028438,133.37591950230964,,,0.12984057932453186,0.09414906265793549,0.3390139000517377,1.3790958259061123,150.48194378251384,169.089295473569,,
101,knee_pushup,0,50.304663382434576,170.75147278377935,147.7630716164868,135.99168940786876,,,0.12237142594689315,0.093369023018527,0.24581157847963317,1.3106212530746013,156.45762624615782,163.60402262336314,,
102,knee_pushup,0,122.64138340089956,178.26704739645305,130.2088249611314,141.71101287423846,,,0.11651670406416952,0.08807346969388824,0.30397909365120296,1.3229489478402492,148.60926670422478,160.44773720668113,,
103,knee_pushup,0,93.0958583929383,176.98573909045126,135.67320040028324,145.38199631666654,,,0.11303731727855991,0.08905354733651424,0.27834105228965417,1.2693185241842881,157.44192123401353,159.89826480080038,,
104,knee_pushup,0,110.22303296375246,172.7911294069792,120.03330940477555,148.831087603543,,,0.10666588298025273,0.07814959114792645,0.29119076182756815,1.3648936790769493,166.93436325849706,157.46452103901007,,
105,knee_pushup,0,179.50735918204182,174.21423123088573,153.1172152543818,145.69544560584865,,,0.10750410901178614,0.07438477748358928,0.39144639910571444,1.4452434039411306,171.95831975706767,156.7609409572602,,
106,knee_pushup,0,177.448320415022,173.1734715054282,148.6371199708357,136.93386415721898,,,0.10527191095742026,0.08409834227124523,0.4046182110475835,1.2517715345432519,174.4336502416016,154.5938542657877,,
107,knee_pushup,0,179.49056940670326,169.5237833188069,154.16358629457397,134.69344012535,,,0.0998899140078578,0.07907461565403884,0.4417644839337366,1.2632361622203572,177.8003137514079,153.16399902022638,,
108,knee_pushup,0,177.5333373031098,164.0118299018638,150.7870450187897,131.62417451739094,,,0.10219994294978949,0.08422009839407138,0.4595345363727735,1.213486387436752,179.31900852900614,151.2749392504892,,
109,knee_pushup,0,167.37956314489395,154.95774584672262,140.6272957816713,125.70865403168969,,,0.10858232280840764,0.085937423264208,0.47109548972838294,1.2635045208951592,177.89207558383106,150.97989881704342,,
110,knee_pushup,0,151.54056975488666,143.45508521033267,126.73893375824285,117.90600309107464,,,0.11194929901184555,0.0847815916140482,0.4689531561425283,1.3204434698687078,174.4094231154473,150.54607287781542,,
111,knee_pushup,0,140.79407303759348,136.65143496905813,117.63970054359783,112.39537672272563,,,0.11401860363520411,0.08647499310710567,0.4708404821592624,1.3185153249331125,170.7119383273447,149.9032858819087,,
112,knee_pushup,0,139.24117634486927,132.2819334545926,118.39926061949915,109.50175148881722,,,0.1133810295539412,0.08380042080101115,0.4792523864292718,1.3529887853805758,169.72572349408514,149.03412638803755,,
113,knee_pushup,0,134.86945026047272,129.1760435894114,114.95844636278748,106.65682396580223,,,0.11529638462135863,0.08386525212563087,0.4750028290485458,1.3747813510253766,171.08110236077704,148.6703083228864,,
114,knee_pushup,0,131.9497063425613,126.91197870180076,112.48699631934463,104.90335552298252,,,0.11434312371495553,0.08238726704900269,0.47346263624070895,1.3878737311063611,172.45374147262933,148.48356230049524,,
115,knee_pushup,0,134.17238546297895,126.4000763118644,116.23309501684956,105.60642150655052,,,0.11188003650556953,0.08144061778546766,0.4814473337995763,1.3737621293625981,173.03112272826738,149.3258512279744,,
116,knee_pushup,0,135.2045961670884,125.74777850833486,118.36622592875726,105.99638876115715,,,0.11050819126758779,0.08136524527096525,0.4887009868550698,1.3581743765359489,172.27325300919622,148.41808209533735,,
117,knee_pushup,0,134.93018207660597,125.06851558800737,118.18464516017555,105.82060174219158,,,0.10798778559946721,0.08176591701662068,0.4919030517956914,1.3206943619004037,171.85258418335886,143.9511589898557,,
118,knee_pushup,0,135.73626685020312,126.13699134294112,119.23281391091174,107.00394726338237,,,0.10776664772250985,0.08228366096284295,0.496778737638182,1.3096968032471759,171.88670230902142,141.41892682559606,,
119,knee_pushup,0,135.79642483442328,127.53665321886946,119.11835488024383,108.14174285822028,,,0.1085786631211779,0.08199311922693986,0.5023061183537951,1.3242411576104918,170.57733882793516,138.8073751573664,,
120,knee_pushup,0,137.32957076213145,129.52498751684962,120.31171761099989,109.86242689678559,,,0.11125900198524644,0.0824341149805223,0.5037608826541494,1.3496718198713595,170.45232452252364,137.6562739744986,,
121,knee_pushup,0,138.58096779825198,131.70345450521157,121.4746788883547,111.87275450576627,,,0.11282784926036286,0.0816672863028819,0.5085046279622075,1.3815550187613048,169.01429775514404,136.23483720343498,,
122,knee_pushup,0,141.73609725350823,136.60914528569305,124.6785439197104,116.7354810943533,,,0.1159897320116448,0.07965154418184933,0.520490591086958,1.4562144802470265,165.95446645969844,134.25368816915756,,
123,knee_pushup,0,145.7913715564981,141.33426508638001,128.73712260445552,121.18140357810293,,,0.12017186763417699,0.07932355795779975,0.5333482315483421,1.5149581124198768,162.54241162824408,132.43909447111687,,
124,knee_pushup,0,147.66089545701232,143.08705759257484,130.37505873614106,122.74018004582165,,,0.1188065622507774,0.08016064359139033,0.5377376457457935,1.4821058929663815,163.35120389019767,132.828859559257,,
125,knee_pushup,0,150.28724324746412,145.77944873548103,133.03440040369884,125.45786855604156,,,0.12092026004454985,0.08018209709529564,0.5467774329664248,1.5080705597015915,160.9339283180827,130.3173883458181,,
126,knee_pushup,0,152.50732315296656,147.27911758847475,134.93391197155267,126.84397201282766,,,0.12041621847954036,0.08098989580611837,0.5510081441460648,1.4868054500008818,161.07210768029543,128.10894338692816,,
130,knee_pushup,1,160.81481068467156,153.70393302430318,143.1253861375748,133.18732258580383,,,0.12158259061143371,0.07365897978691294,0.5779822416156282,1.6506146428196309,150.34166788803736,125.88795404829317,,
131,knee_pushup,1,161.92874696930065,154.97067468283137,144.13280552245905,134.2447574376161,,,0.12181242835766776,0.07378265334558028,0.5870066176998741,1.6509629680451787,144.70835604534125,126.41979019479768,,
132,knee_pushup,1,162.87255909917607,157.15913670780571,145.04407563379084,136.0353212752917,,,0.12109176919574681,0.07235726892738346,0.590044234904686,1.6735259772901665,143.06599005736828,130.54733536553204,,
133,knee_pushup,1,163.55936455773605,158.33970181596473,145.39825257066764,137.17252821633693,,,0.1183103427010886,0.07067175709804097,0.5918620545154989,1.674082371221646,144.28775759786691,129.9781317354752,,
134,knee_pushup,1,164.76370581279383,160.26099509327878,146.25489601930616,138.58568442046953,,,0.11800940670928615,0.06677007601853363,0.5948402517834335,1.7673996159077283,148.8432915201609,130.2495235384543,,
135,knee_pushup,1,165.89940668031244,161.69421154315975,146.93632564084194,139.42884411942,,,0.11786375039732244,0.06508651102066909,0.5982178711431663,1.8108782994973143,151.05733219190304,130.6624469467642,,
136,knee_pushup,1,166.84995518577227,164.02099952513353,147.63184777906014,141.33823754377144,,,0.11704527487067502,0.06149985205627841,0.6014768686623396,1.9031797794174705,156.54111163968966,131.57035383469508,,
137,knee_pushup,1,169.2851641471251,166.06409450421003,150.0860483977806,142.95865662377446,,,0.11943993623140142,0.06047738336135615,0.6040708938447191,1.9749521158635508,156.84307877192526,132.45417998632146,,
138,knee_pushup,1,170.6233276643097,166.9295408241173,151.218319782588,143.64072339168064,,,0.12033571640759248,0.060570401760455306,0.6032783248814243,1.986708242146022,158.20039156517146,132.76035985164955,,
139,knee_pushup,1,171.40927934380625,168.08819654612853,151.78372306064816,144.21587978817146,,,0.11928975368521746,0.059964322773949336,0.6021710850372743,1.9893454668855401,158.06501043985153,131.96744082935317,,
140,knee_pushup,1,172.00360517077004,169.39086415831676,152.2511076931182,145.080983762461,,,0.11816224862186879,0.059857123441944354,0.6031978003325711,1.9740716196707113,157.4266938943039,130.9675633749428,,
141,knee_pushup,1,173.5220100994641,170.51287315875973,152.88845626019128,145.92325816333818,,,0.11763564035187929,0.06059407165675935,0.6038761996399128,1.9413721034994498,154.09104627165462,130.298535643907,,
167,knee_pushup,0,144.08033983466996,136.785456847958,139.26701559703,129.21411134012519,,,0.1420805372953534,0.06916243120746612,0.534505166802646,2.0543022391615366,61.23607251768336,112.56481833172894,,
168,knee_pushup,0,147.27751908223044,145.10973943302218,140.97702562250134,134.95426754004873,,,0.13748991668842064,0.06874120897363464,0.5399793211077145,2.0001090865474045,60.649543033261544,117.23056101544802,,
169,knee_pushup,0,148.41557157621915,153.9092424443691,142.59533663158857,140.81028829001892,,,0.1213495754725486,0.08258305516076099,0.5512816963257655,1.4694246324057936,56.756192257065116,117.56399682152586,,
170,knee_pushup,0,148.8871478507974,154.00622733778778,144.71549323506693,139.3559804484754,,,0.10867822416828363,0.0830965901843844,0.5550175789105805,1.307854196268893,52.75650917767365,116.4588781445014,,
171,knee_pushup,0,148.9462427142414,153.99786414408493,145.56018867110214,141.35612521598523,,,0.10294362381959223,0.08171231819956193,0.5691184969192875,1.2598299263542876,50.30399702488996,114.65718581009062,,
172,knee_pushup,0,149.35990512300677,152.28067958352855,145.53871006760832,138.85704296716546,,,0.09473348721898864,0.07206654800112494,0.5713222097786956,1.3145278891048018,46.74595493458922,79.37814443665589,,
173,knee_pushup,0,149.72293067411184,150.81804213903266,146.1869995579105,138.66861588858106,,,0.09397616761969571,0.06852174519644906,0.5706725617849551,1.3714794821741603,45.02637354980566,71.47388702709362,,
174,knee_pushup,0,150.1390920045288,149.92037241533606,146.860593703025,138.8474984236111,,,0.09555108954373,0.06612471220485511,0.5703164526871802,1.4450133143523052,44.398635221825494,73.39275869331847,,
175,knee_pushup,0,150.7585079055216,157.2572101348314,147.2165108557454,147.60466078789906,,,0.09898729482933881,0.07942085669800365,0.5693065499887342,1.246363977232532,43.598674817653794,74.48339346212427,,
176,knee_pushup,0,150.84735228544452,155.59773042270567,147.45643754818767,146.3594132945917,,,0.10067038877793405,0.07576331883662031,0.5701136845131339,1.3287484012550261,42.15829375602375,68.4133968437303,,
177,knee_pushup,0,150.95704412745468,155.51364974876887,147.60407027701933,146.12050847312278,,,0.10144860875191729,0.07422662965991282,0.5739298660024625,1.3667414136507143,42.39165448792695,68.66298126780015,,
226,knee_pushup,1,159.10674981998156,162.94952614750332,145.74801443533113,148.91864629721388,,,0.07140343992381867,0.07772767016295161,0.605561372637115,0.9186360503810992,87.2418828591302,98.94992317342374,,
227,knee_pushup,1,160.95036816739324,165.14956667220662,148.62807559267608,150.89737599208993,,,0.07086834371972946,0.08334442020657683,0.5851982854096162,0.8503069976859366,82.04684167807548,99.33335376736865,,
228,knee_pushup,1,164.87024532613526,172.63578980086567,153.06956468506343,165.160532977917,,,0.07410124782704847,0.05238171333676084,0.6525707779976063,1.414639634840755,72.23782532948222,90.35102783750956,,
229,knee_pushup,1,163.92319175750166,171.87254670078568,153.03685354649747,163.4975825824712,,,0.06970367659204371,0.0469051023824812,0.6803644961878955,1.486057444745663,71.26904048676852,87.67656985538173,,
230,knee_pushup,1,171.52257375066708,170.97540713679447,158.84230347113254,163.31840992700347,,,0.04602344917638152,0.042029429925127884,0.7023623820959368,1.0950291083740291,66.74853799707486,71.26504380573726,,
231,knee_pushup,1,169.67461417317475,171.64784894704954,159.18787251814982,164.4600509067192,,,0.04337114382525135,0.0248527770177846,0.7077921225658901,1.7451226393821118,64.2583968176403,55.15750971005145,,
232,knee_pushup,1,168.99188966983175,170.6273210865034,159.32149397563845,163.2274560437548,,,0.0546091571863544,0.019425237839410775,0.707339918235137,2.8112478023595133,60.140986797377415,50.31650394160307,,
233,knee_pushup,1,169.0800591691078,170.04849330778643,159.4243421663939,162.92538047386472,,,0.046573449915545524,0.01500066501454674,0.7116705577394258,3.104759013709152,47.09706376335495,39.57201543492075,,
234,knee_pushup,1,170.50976899959355,172.7289553386337,159.1655611128165,165.34453110272148,,,0.058861285733574235,0.02613341585912677,0.7113837183532645,2.252338004754846,27.952989943337112,35.392504893628725,,
235,knee_pushup,1,171.4812073273674,172.36658988939342,159.18147582578175,165.39921495137622,,,0.07260934620281456,0.03438690235911622,0.702829913516507,2.1115407676017464,30.832014234416967,32.97147433462658,,
236,knee_pushup,1,171.24521762916083,172.5741697011359,161.275485115025,166.03001927433988,,,0.0596095914070787,0.025717832505680584,0.7297698710057635,2.3178310767018204,28.479601852458472,31.018659639657656,,
237,knee_pushup,1,170.54293939762522,172.66801653911796,160.95367471544506,166.51265519786793,,,0.05888382106952152,0.02711623510656771,0.7293413682393621,2.171533800253101,31.437780819166633,30.26866476785613,,
238,knee_pushup,1,170.33394672000205,172.12538064094397,161.18942262393645,164.23848320900507,,,0.04814736281097076,0.02613609928876105,0.7453571101981676,1.8421786005257073,22.594163908368436,35.458411189506705,,
239,knee_pushup,1,170.36685702181825,174.01709802953377,160.36644858149808,166.88717179465732,,,0.049981324978442855,0.029555046304445942,0.7432990589096645,1.6911266002964849,167.2463740256155,41.703536119489144,,
240,knee_pushup,1,170.19559318289032,173.55254398454744,160.23374609108112,166.81483135304399,,,0.045038074695932635,0.027075032197310316,0.751187515557117,1.663454150957826,167.67322827596126,40.86806219291451,,
241,knee_pushup,1,170.4676398111146,173.1596288017249,159.80809449310686,165.56478412549188,,,0.0466169518809593,0.026819500124308917,0.7462196843520045,1.7381737789626504,158.31828986239142,40.86898499640674,,
242,knee_pushup,1,169.3865485179146,170.65484799790755,158.66630999732914,160.6058017694315,,,0.03278890515617791,0.018445874019334844,0.7376383836573129,1.777573950782099,109.43199754871328,64.19237574484039,,
243,knee_pushup,1,168.71381391528593,170.6587652559593,157.38315190378776,159.33088561133866,,,0.019051383574410163,0.017645778997896766,0.7300772280615089,1.0796567029815423,169.50900683184219,65.9866982692892,,
244,knee_pushup,1,165.35945076472674,168.10919204810432,152.42973862696317,156.67428961622352,,,0.08343218901546189,0.043454078550760646,0.683508767787371,1.9200082431388121,105.77755592520303,87.08268417616657,,
245,knee_pushup,1,165.27871131400792,167.9827546414697,151.41251713756517,155.72609008469504,,,0.10032168427365118,0.05735439923017251,0.6726930315117802,1.7491541297650766,93.00093170039312,98.39155008426899,,
246,knee_pushup,1,162.02095247756526,168.14536207288506,144.41642885142858,153.67027217398024,,,0.12564382629656776,0.0873031048129416,0.6435766437379999,1.4391679032008793,90.48121359345343,111.92354799216915,,
247,knee_pushup,1,164.74108920157607,169.2892776543128,144.75438450550863,155.03632939838005,,,0.11161431334449691,0.07814383207407309,0.6407069470058013,1.428318913752488,99.47876191168038,123.67111565837935,,
248,knee_pushup,1,166.43264305426442,170.09346999828733,143.83137508307917,153.76796742361262,,,0.11318814650477112,0.06929369974116831,0.6178879837992853,1.6334550893885167,110.35415015427574,132.43503423469699,,
249,knee_pushup,1,167.86584190770745,171.0256992924713,143.7661333429152,153.4327788686762,,,0.09873579503847157,0.06672345325349177,0.5992412835845403,1.4797764537659708,115.41551254663169,139.89114551514658,,
250,knee_pushup,1,166.00405857660684,172.30863515528856,141.01390674132105,152.49822746291343,,,0.10907878994044252,0.0808831744796145,0.5824018028138038,1.3485967958383525,129.89544395404334,139.45608366588337,,
251,knee_pushup,1,167.3581944579573,172.95037616416866,140.76429479755964,151.65791107769954,,,0.11536767505871592,0.08826598739273865,0.5724996364175081,1.3070456521988314,152.3194319430839,141.6493185250223,,
252,knee_pushup,1,167.12269546777415,172.99056097558002,140.5214487388344,149.98609636094028,,,0.11438030655184273,0.09029038182535117,0.5676456186914458,1.2668049933944099,172.56940756789982,144.32503104630547,,
253,knee_pushup,1,166.17343330590168,172.774972105662,139.32277257715856,149.00179668529873,,,0.11607422359554571,0.09360969694058638,0.5645597900252712,1.2399807646981003,176.1215738538139,143.37778311134133,,
254,knee_pushup,1,165.15105850199723,172.12390162204596,139.11256204031886,148.26892180882265,,,0.11961903531068928,0.09292529367934871,0.5642379251331778,1.287260234263568,172.838557520209,142.1290909910157,,
255,knee_pushup,1,164.90949395695657,171.88349755358593,139.44666053938363,148.28958273199888,,,0.11706851395052596,0.09063715671731788,0.5660700730317927,1.2916172372401646,168.05746350033198,140.9221226645567,,
256,knee_pushup,1,165.17997787311725,171.85708847403066,140.20771635007733,150.16448160470267,,,0.11603416519608223,0.08913780981290632,0.5684419548436418,1.3017390200592696,151.3524822508678,138.40787119495818,,
257,knee_pushup,1,165.3028033495284,171.2273721170861,141.23400224440203,150.77670464062675,,,0.11333621106070664,0.08438652283466493,0.573619090429211,1.3430605652843601,131.7811623796854,133.3504549628096,,
258,knee_pushup,1,165.69192990323015,173.79110693638106,146.81571741639587,155.75963347018464,,,0.0762285251889316,0.07181834748606013,0.6069863522835698,1.0614073959823078,97.03652381290436,122.79126183544233,,
264,knee_pushup,1,170.71527302123533,173.17940707089957,160.79286452490325,167.2912387794249,,,0.07434029430081501,0.03059054364575138,0.7016245196526857,2.43017238142938,63.20522578038545,59.857554204536946,,
265,knee_pushup,1,170.9433216715953,173.30509911462718,161.2923000652352,166.79761149769988,,,0.07175104508445586,0.029944719914509962,0.7038549846255043,2.3961167541155826,65.94964945566339,54.69795295223351,,
266,knee_pushup,1,171.33249774887867,175.02941864150074,161.51170858261906,169.16586714510436,,,0.09105598156594355,0.04398906453482643,0.7091531849678807,2.0699685826202088,67.89443222729304,65.88805365534341,,
267,knee_pushup,1,171.3475326538518,173.31926007874873,162.4991678688498,167.6574194293413,,,0.08360642038006162,0.03945745975766163,0.7145133995125049,2.1189002255480323,45.697586443404916,59.61693613361847,,
268,knee_pushup,1,171.2054593353381,172.70886982312294,160.58965880985812,166.74563849353547,,,0.08347058051541796,0.04037431113077379,0.7045866263234679,2.067418072968573,49.40792484966698,50.476097176524085,,
269,knee_pushup,1,171.08381951394296,172.91655932972546,160.40472852361623,166.60999065485683,,,0.06972208337004203,0.036194184861376495,0.7126575932612359,1.9263338471933318,39.70582110010803,46.01967183387034,,
270,knee_pushup,1,171.21541088055056,173.70381098142272,160.267078670459,166.5970254905632,,,0.07415917979327656,0.031481784290596816,0.7092316797783792,2.3556218767252943,60.05925428669304,49.22359607952921,,
271,knee_pushup,1,170.3465831862873,170.32534808284765,158.3145038102596,162.36971661246744,,,0.08242589902827781,0.0329237101728017,0.7049926418619404,2.5035422373621157,71.81346163856252,69.45604154482362,,
272,knee_pushup,1,167.66677587162496,169.00770525241356,155.05309717401056,160.62395278029786,,,0.09281083829971833,0.04144247225062361,0.6930885288020859,2.2395101754172435,76.30135200079097,82.37694899377152,,
273,knee_pushup,1,167.12265544243778,168.60815944004568,153.90801857661603,159.57466669892383,,,0.08949265757080242,0.048128623275901346,0.6874645894744664,1.8594476941045728,82.12739972560121,92.31073604935973,,
274,knee_pushup,1,167.8033732178978,169.60842168760215,152.74396972033566,158.52702021022446,,,0.09886390657284877,0.04868504318766184,0.6820949516096224,2.0306833495405763,89.35017844775369,106.80622266078807,,
275,knee_pushup,1,168.73499116870642,171.50165195198628,152.18397121026823,159.1332794148237,,,0.09966480712290855,0.05705098318605716,0.6687814746675358,1.7469428493086143,93.37321370739208,117.18317282454716,,
276,knee_pushup,1,166.46154167063935,170.86421615193652,147.00180870825994,157.29330426435666,,,0.11903866444800767,0.07033968410981077,0.6392768290019477,1.6923400489284328,112.0032493957608,127.5655827260585,,
277,knee_pushup,1,168.0338870453829,171.35651683102816,145.83439739897057,156.0752766668435,,,0.11004583911682811,0.06875065597529949,0.6195104887208082,1.6006514782399315,123.08732838225146,138.1228975073316,,
278,knee_pushup,1,169.3170926554528,173.30132138374307,146.66740496140378,157.10528311444557,,,0.10592123201903504,0.07186236072321943,0.6179115987122961,1.4739459009285074,138.25710984209576,143.51349717559444,,
279,knee_pushup,1,169.82369050989095,174.83121481586983,146.08475565188814,157.749393113044,,,0.1078240754058991,0.07609940835781326,0.6113939761400431,1.4168845426355883,162.48640480502402,145.314391475965,,
280,knee_pushup,1,169.99750364722894,174.3479749850338,146.01253658801497,155.23349903526906,,,0.11017723836323033,0.0782181275261746,0.6031990190837466,1.4085895667390025,164.0655521177009,145.9506113705999,,
1,lunge,0,81.58770713145086,151.11871082224616,57.64240135379319,142.04992266350334,,,0.021372139149872085,0.028902068455499925,0.2772178419073047,0.7394674600116751,,,11.508016378604973,24.30281387160014
2,lunge,0,81.6399526692863,152.9640774087372,61.516867633028056,144.80110605556106,,,0.011083835814926593,0.03374770964033363,0.29638822801781506,0.3284322383075067,,,13.89651097113204,26.024841304403573
17,lunge,0,76.49691795242295,143.1114999923048,45.22348133491461,90.70528784826884,,,0.031849463231248015,0.010844267858337406,0.32075352190515816,2.936986032372962,,,20.3590912853795,86.43308122564781
18,lunge,0,144.36500306643688,74.7011012894137,74.31812412178513,38.48066827429987,,,0.04246698559919906,0.030509679582239352,0.29136839808243725,1.391918439678417,,,86.89546318112436,27.80207763002616
19,lunge,0,136.96273988677675,83.04730827791698,63.195869230202725,38.84470123317512,,,0.0466422515787348,0.03390962714252958,0.2812089218538554,1.3754870079428243,,,86.51361607425922,44.40391561850106
20,lunge,0,119.58129910215442,73.34397625162751,47.50110365292802,24.16816588744244,,,0.0536081017651702,0.04002514039858995,0.27109118441518826,1.339360742556165,,,109.67807107844074,29.286671626199357
21,lunge,0,129.40533438716025,74.81140487898827,55.9339240125899,29.77539863042435,,,0.05617198080864392,0.045932265850773105,0.2725749630573452,1.2229307605058737,,,102.36984991299454,26.84526002532591
22,lunge,0,125.01495615925747,89.27502260044052,50.96664580623132,37.77762184736314,,,0.05599681168947483,0.05004169639506421,0.27291975938745583,1.1190030659112107,,,108.68048453117412,38.099146811439226
23,lunge,0,79.8132802189893,179.83584944403987,35.559123912464784,107.4332041284989,,,0.036950043974492565,0.04515633287637989,0.28173151924629247,0.8182693682334018,,,21.156190895294213,61.56912973809937
24,lunge,0,78.80723714138435,175.03859072032324,37.734513240900306,110.63312692861818,,,0.03264141005554807,0.039547691190306836,0.2854735267917813,0.8253682850529717,,,20.962334360948496,55.49981692871767
96,lunge,1,95.74709164491455,168.13809123046332,107.46302884312922,75.38837269746938,,,0.03559564595877117,0.0033122574534316415,0.24198393633757212,10.746642270181185,,,24.553687094362157,69.86294689726262
97,lunge,1,95.3814740390617,171.51698125577303,109.83441394291594,78.8456973367844,,,0.03165246949870943,0.0017794749041082122,0.24197001407062224,17.787533516564054,,,23.634489627991666,67.88492007357597
98,lunge,1,93.01485616793582,171.87329440990553,110.08029283578743,80.49305598128947,,,0.028626527364454934,0.003019043029888698,0.24163830666141048,9.48198719960288,,,23.144620865289692,67.39017272441866
99,lunge,1,90.917727738643,174.74904782759288,105.56962297144105,85.16523870359636,,,0.02044920748552961,0.0043713063945532964,0.24187886883415924,4.678054027740902,,,21.876002465440752,64.35753998052839
100,lunge,1,92.57661461411804,179.2985558657917,102.1492052724475,88.62619153308553,,,0.013475458275385117,0.008577057843965705,0.2419741891183082,1.571104978015932,,,21.209963257449907,61.788608249504634
101,lunge,1,95.36909406577412,176.04102180487214,98.79153617246746,90.5576308854588,,,0.008714810818130175,0.016194166503740837,0.24182815110913644,0.5381450669978638,,,20.688258076696002,60.67297802524242
102,lunge,1,95.35979820114196,172.92421030991795,95.94664803950809,92.79648744571524,,,0.0019464709971390352,0.020148374727376895,0.2417198200470635,0.09660684911196533,,,20.187651012209642,59.33483901266126
103,lunge,1,97.75549087889516,166.49053790951817,91.62032828299034,98.00498393904687,,,0.0019794003955540635,0.02603430472759253,0.24157880869579748,0.07603046888577711,,,19.33739780258527,55.06149776268899
104,lunge,1,98.22686657963558,165.479504642342,88.74847884279102,100.41885982508275,,,0.0010409144169730108,0.02805524791346845,0.24187589476301805,0.03710230685480061,,,18.917016445303997,53.378687099309154
105,lunge,1,98.85976264280585,159.79914044662212,85.97262854385234,105.6609955345943,,,0.007339937204785609,0.02217830174098948,0.24194507749845456,0.33095127347916314,,,18.52082680447269,48.42603161996382
106,lunge,1,97.5305702451782,157.28593084173917,84.23029858571421,107.11455248800209,,,0.004338888705555572,0.020398376559815953,0.24198558678126694,0.21270755017352813,,,18.15835285874159,46.93149138788216
107,lunge,1,92.82875368063056,146.30119315283338,84.85229154158071,115.75539921395182,,,0.01776549327720984,0.010979651344923352,0.24266744439438906,1.6180380158814467,,,18.10147345982443,38.19445089983984
108,lunge,1,91.21524871969294,143.2714312669846,85.5788547401181,117.90605889491965,,,0.020465845776632678,0.01982728118990897,0.243053293316818,1.0322063615584725,,,18.07455806010227,36.031893034822055
109,lunge,1,101.14132853266202,171.0362712691453,58.75018762291995,93.32265681939779,,,0.03928624044962652,0.020983496296168365,0.3018383789617781,1.8722447343915836,,,23.896051294426506,79.71659209670278
110,lunge,1,89.47241026388625,154.47409954766323,86.90453444293232,115.10935508029515,,,0.018823526221348887,0.01531873317747761,0.3161230305137115,1.2287913108261592,,,19.797150011936804,42.907261257240386
111,lunge,1,85.26182025073172,158.86928672172562,86.35560108001468,113.43203089148214,,,0.005336530018289225,0.003396460537924892,0.32369459166859355,1.571203303763288,,,18.904975870495186,42.66437430371515
112,lunge,1,83.86814406033173,158.9725818087157,87.05515249712035,114.43029114616925,,,0.007947169964441631,0.004183917290793779,0.3320005187667798,1.8994567559756617,,,18.76111620261046,40.610243487194545
232,lunge,1,65.18634721272922,44.91423420953287,45.32888444030455,110.49094709113743,,,0.011646440913990735,0.05910734880346002,0.3230417322676257,0.19703879720128772,,,133.80171032020962,17.254391534410104
233,lunge,1,35.00367294630708,158.8363599107435,94.31075681632912,169.77224083612657,,,0.017077807069881462,0.0049485407364070555,0.37145459944406545,3.4510794150359967,,,2.769674986941119,14.244146575144729
234,lunge,1,35.272225418833536,161.3401145315442,97.45115062164885,179.2524720617633,,,0.028408627795478265,0.012539528743406211,0.37131840084258777,2.26552595211496,,,3.165876765153813,16.843477352434295
235,lunge,1,35.072723311550554,179.65352136463602,97.08744537619621,152.0616253772326,,,0.02294608520285877,0.011242882964384446,0.3689571769372371,2.040943170497113,,,7.634223007463986,30.526892716333073
236,lunge,1,35.7237797209125,161.0425546023508,94.91114202309012,127.78811290266715,,,0.02345356431964483,0.034292075501169195,0.3647972565326315,0.6839353983938703,,,10.504774564312303,44.33843527130884
237,lunge,1,36.119122256358345,158.9334715770118,94.542300314517,119.96644950727489,,,0.021251341086832333,0.023550688554860984,0.36772512764499926,0.9023660194617089,,,12.74107773650839,45.34678615253748
238,lunge,1,35.13575115278304,157.93614139870945,94.55440484146897,118.3134352433684,,,0.02359859488954689,0.021069986631345416,0.3652852915737939,1.1200099602550158,,,13.01991677679654,45.80453945365874
239,lunge,1,35.44877838680073,153.61222273380199,93.30977429920121,113.15345200830816,,,0.02519957475058862,0.02494335008407324,0.3673275076708459,1.010272263575332,,,13.846136457694932,49.49737163499484
240,lunge,1,35.32795203806035,154.07497533272442,94.357392382425,112.04635888134355,,,0.026816750933672435,0.0216947243399103,0.3688928306789518,1.2360954909364528,,,14.800183701756653,48.60611987391064
241,lunge,1,35.11788866745275,154.84584145591722,94.69762268062959,111.16145552390887,,,0.028017288072216616,0.01706224482251705,0.3687714597128842,1.6420634191839862,,,15.39741305884311,47.71698504573061
242,lunge,1,34.813167293516585,155.62240722600922,94.85347214491536,110.9923650208995,,,0.02874448524276029,0.01217643892673597,0.3686950669604491,2.3606643465886927,,,15.688018234995798,46.97830010359956
243,lunge,1,34.63434125504918,156.29984369268624,95.1680727088421,111.08389000859393,,,0.028899544619207216,0.008886824046603015,0.36826841582768827,3.2519541815677173,,,15.850880291049156,46.33282300064991
244,lunge,1,35.172292027606375,148.10618338613662,93.91485150286952,102.86113661002575,,,0.036774409976321025,0.035061842979102434,0.367918090877886,1.0488441807876248,,,16.1739064325379,52.83433066245298
245,lunge,1,34.062848277056496,150.82262402840396,94.35416124619809,104.54416133734986,,,0.03537776291675485,0.018047915063570015,0.3664632700565367,1.9602132873600115,,,16.362042126377776,50.427629841179325
246,lunge,1,33.98531251587038,151.947773330962,94.83417491860429,105.23696834999048,,,0.03493335820213968,0.014928326138851382,0.36627562556363963,2.340072013246324,,,16.42711892556971,49.44425410047139
247,lunge,1,31.5269472906609,156.13883168945472,93.82880010292737,111.04708575851546,,,0.05349866127329517,0.01778753223695685,0.2621884726467118,3.0076494344809626,,,12.34585440637682,51.61225527313218
248,lunge,1,33.95909020776331,157.3572863903355,92.23983603161153,113.04587399945443,,,0.0437829441405448,0.035329079407765,0.27794455871247614,1.2392891316302377,,,14.961696190911239,46.3844581201856
249,lunge,1,35.7040052509172,151.05545937646002,94.53297657636492,108.89981084806908,,,0.03809129287893625,0.04241892821930657,0.2813898312554166,0.8979786731527876,,,16.35668176245265,50.36311514856894
269,lunge,0,45.46505901776748,172.0200029854396,112.59980296225584,138.8464371567426,,,0.028403689135598452,0.01905727888222658,0.33055150458597027,1.4904378170216435,,,19.372241895935673,36.730590855310915
270,lunge,0,42.401242621199394,172.0628494750468,109.60577117642855,136.17464701290274,,,0.038621678509159006,0.01850304259633019,0.3238749990827584,2.0873150082256773,,,18.889544287231544,37.13016425020822
271,lunge,0,38.24580463920316,166.3887305657035,105.6103014541423,128.26278277083756,,,0.04767191743792664,0.021407279943634054,0.31752211839953703,2.226902136256829,,,19.0656477624543,40.26213598401393
380,lunge,1,95.89181783752342,121.10895875365436,61.84665556700788,137.28153473967268,,,0.014542478104177562,0.02298759161095063,0.2281963561084858,0.632622953735177,,,10.74006178471659,22.6523571854609
381,lunge,1,95.38773234919425,122.16515066879133,60.33278732051202,136.97838773249217,,,0.019325666218195665,0.031201751076432065,0.2286293146514217,0.6193776166874531,,,10.269304886389834,22.41537073626441
382,lunge,1,100.2733158586287,143.89058782786873,62.456564662750075,124.32816946244152,,,0.006622539225904874,0.0571617507623748,0.27766819775874846,0.11585612997466103,,,12.816404956453303,33.32257994186751
383,lunge,1,97.50551435383312,135.07540447867348,58.40372984520521,127.50561369533224,,,0.017004325973340062,0.05766644113033261,0.27787019977071287,0.29487385800189025,,,11.294407500987884,27.590262766991415
384,lunge,1,96.50069829374156,133.58155382234077,57.73686740452709,129.0623125511144,,,0.030561885170214246,0.06427135382277684,0.2821607260835146,0.47551332518195,,,11.05075247872629,27.491056507535998
385,lunge,1,96.18058237815475,135.4518199184384,57.771249354485064,128.75901238398714,,,0.028236011088786164,0.06358958206801973,0.2839449922244933,0.444035173223548,,,11.188149932050926,28.306238267283003
386,lunge,1,96.45901449386922,128.0632440598187,57.94327638767193,128.76465207340715,,,0.04087078815568289,0.059086888312369724,0.2820389147314247,0.691706558308075,,,11.104661499961818,27.170232177409144
387,lunge,1,98.51162106634918,128.64416544473858,58.27061167937859,128.864066621597,,,0.0388978726706605,0.0665964981653312,0.2820533140527164,0.5840828533370236,,,10.837446679414546,27.04709981774033
388,lunge,1,99.70911118110511,131.49279391738494,58.52154779773755,128.88059810221418,,,0.027346323842417315,0.06713286011050462,0.28282354838281387,0.4073463248460391,,,10.71892255515269,27.29170257031859
389,lunge,1,98.59968069239318,130.28416924705076,58.546448471942405,128.75360414942546,,,0.03558939807182305,0.06936466705719756,0.28318572620100085,0.5130767519214979,,,10.562308524206564,27.168912728132224
390,lunge,1,99.34816467319521,127.0463178856336,58.49061072500647,129.75010461144558,,,0.041088126242506316,0.07166392964653182,0.2832216350461567,0.5733445883468209,,,10.364969786134383,26.185965538486577
391,lunge,1,98.50602174598711,127.7797836862514,58.684866345535795,129.47105241840714,,,0.047897096854920974,0.07519708369351932,0.2833156454254796,0.6369541809644523,,,10.47547139683792,26.84740230297974
392,lunge,1,97.69909895762827,127.2942226776883,58.73475537351685,129.3989035962285,,,0.05177060090457797,0.07554684708613198,0.2833362125480769,0.685278114195204,,,10.424731656226449,26.718526283334178
393,lunge,1,97.32727713664654,126.54522159579642,58.78814112591103,129.6800856124586,,,0.055441741495085704,0.07597210013929762,0.2836404079161361,0.7297644976699506,,,10.389414903286756,26.618117195101334
394,lunge,1,97.06663671690508,127.52459764138075,58.758334770957525,129.08708111935974,,,0.05179180015667297,0.07484810962518049,0.28219050706536286,0.6919586936267675,,,10.32842002405652,26.5773997672304
395,lunge,1,97.18632789183503,128.17699389991853,58.75888127051343,128.88784547345963,,,0.04930165789945115,0.07408803919920731,0.2819830484588592,0.6654469254732097,,,10.385536804725104,26.732253315677507
396,lunge,1,97.22866916961497,128.46514642209377,58.76601864529418,128.8893940421224,,,0.048142314414750004,0.07372708057606132,0.28207252871364397,0.6529800724319129,,,10.404279356835548,26.79583541478191
397,lunge,1,96.94629689534969,128.6454363816062,59.24869544159554,128.43980523640158,,,0.04861690490038041,0.07096722611382322,0.28276586400937487,0.6850613665300165,,,10.775801765014098,27.31828815967973
398,lunge,1,93.21344875423935,130.04194609948487,60.30091165890488,138.91673456297644,,,0.014039414379976576,0.038676240513523134,0.24341917082937767,0.36299842470644733,,,10.127336231060823,22.89397127011282
399,lunge,1,92.28946672098944,122.58421428296595,59.7710254738888,139.5483641842214,,,0.026253638553930272,0.03215194321820161,0.24050147492803764,0.8165490457530966,,,9.974724911393245,22.323075396751523
400,lunge,1,98.55754488346312,132.84607036533566,63.323408254263676,137.76817757225277,,,0.005534280667660165,0.033710218636195576,0.25283313235654736,0.16417219737987276,,,12.364213149224508,26.05436437380316
401,lunge,1,97.87775346070252,127.90926126755097,64.84992148866175,140.32704484508275,,,0.013273959794337075,0.03383981735084812,0.2621083490015304,0.3922586122943241,,,12.930352297318857,24.641176511114057
402,lunge,1,98.10895825564785,124.93475944432535,67.34843826072932,142.91212053217973,,,0.019321556355549233,0.03278674351352307,0.2710296011353235,0.5893100163357167,,,13.041185634992535,24.766244501433217
403,lunge,0,104.51124449405867,130.92272901266074,72.19534684071458,144.26338577539963,,,0.009997879909233044,0.03615157597049326,0.27838139080914964,0.27655446936513267,,,15.349785742244288,28.95721456649806
404,lunge,0,107.86079901933341,130.79645287111558,81.49888662385352,147.2873534645742,,,0.01331016924613969,0.03553769519507405,0.2959876407992885,0.37453664828507616,,,17.726980193590403,31.642587847494585
405,lunge,0,108.95602485198438,123.48619341968127,88.10427035985371,152.13151787018413,,,0.012859364165471508,0.02272777779324559,0.303744647342067,0.5657994495745708,,,18.75180591888876,29.59632252140239
406,lunge,0,111.15109539155735,126.27022183359477,93.65590068708718,152.67415618190134,,,0.01312749599269439,0.028148972429410286,0.3073160872462698,0.4663579114873362,,,19.96107984115227,31.456903517276288
407,lunge,0,111.98202159056487,126.95784559085344,98.1995186177933,152.89457701489533,,,0.019655559870464193,0.03321206138624327,0.31082731592332696,0.5918199307738755,,,20.923270515688134,32.582445296349725
408,lunge,0,112.47040915543006,128.16124861685353,102.84392794807319,152.12696558184774,,,0.021221702127760863,0.03293152540440908,0.315118830540073,0.6444190442790594,,,22.20648942467496,33.727632473913914
85,squat,0,136.77635266831246,159.54735123576356,169.40036806520826,166.78641970057635,,,0.15029709003029262,0.0916330228342351,0.24279989144071124,1.6402066130916721,,,,
86,squat,0,134.3227280152891,160.35749206711836,169.462161964873,164.4391595683485,,,0.15221798917717286,0.09171266841333366,0.23543749215247844,1.6597269691374787,,,,
87,squat,0,133.79000043410036,160.47887932258152,171.3714474514931,162.25894533872463,,,0.1536641118252134,0.09132243519375342,0.23065207036724505,1.682654557986691,,,,
88,squat,0,132.28052681448267,161.5303674847183,171.77728345074883,159.93720311156372,,,0.15451215663284434,0.09083788703600161,0.2268502609245225,1.7009659919941427,,,,
89,squat,0,131.34692107807626,161.42140441442785,172.41808534547286,159.1373910895657,,,0.15482628603568518,0.09043330531757993,0.22340157463919288,1.7120493991895205,,,,
90,squat,0,129.94255145443188,161.8744958502229,172.48800250956774,158.60696543873865,,,0.15493182954291077,0.08990410213423856,0.21993248537930038,1.72330100479261,,,,
91,squat,0,126.47999632106624,158.99916902307822,171.00736208250868,159.39858765402502,,,0.1565539919350811,0.09004376299776533,0.207091987163177,1.738643374321955,,,,
92,squat,0,125.03233260116454,158.46827518536966,169.9848598381303,159.42901049680484,,,0.15699056473498574,0.09025896586732557,0.201698529392926,1.7393348486370983,,,,
93,squat,0,124.89220215106612,160.02258193590941,170.0233073130999,158.33371359246956,,,0.15628967569143085,0.09053565005652084,0.20098990645431936,1.726277721470605,,,,
94,squat,0,124.2861492369958,160.10110938552404,169.92984182384097,158.21822822452094,,,0.15577403337244947,0.0908406341807213,0.19741323764538884,1.7148056569326404,,,,
95,squat,0,121.38591630741014,159.47321815794564,167.55734836407146,158.59012523950426,,,0.1564913733579864,0.09108990591024503,0.18826431219180387,1.717988088737125,,,,
96,squat,0,118.94887720205377,161.21376430789977,165.03587868740829,157.042256034945,,,0.15614514561486795,0.09169349083701868,0.18500536440146753,1.7029032725170141,,,,
97,squat,0,116.59973533619763,161.47390580529506,161.99377006866686,156.1604041960539,,,0.1567730841317716,0.09208781813807736,0.18082961614095883,1.7024302160868285,,,,
98,squat,0,111.90279686055149,160.92777873396764,157.2751189730838,155.39960830698186,,,0.15986494322020622,0.09274619609440926,0.1732359528782034,1.7236819400924506,,,,
99,squat,0,108.74642764618152,162.00403167165683,154.61213662667188,154.32175926590435,,,0.1606187453711411,0.0931623947217055,0.17004304074891788,1.7240727425582079,,,,
100,squat,0,105.99329258108384,160.89887388464348,151.80893219923865,154.86288608657702,,,0.16105457739664777,0.09322103682674165,0.1669831791657002,1.7276634424907746,,,,
101,squat,0,103.15838660965454,160.68400221433444,147.62597636718002,155.05570716324056,,,0.161606202756152,0.09322926320519541,0.1636946931885273,1.733427865888638,,,,
102,squat,0,99.8858982606293,156.145365856368,143.58058872949982,156.46359843338644,,,0.16412453714874417,0.09301671446033385,0.15836628191781613,1.7644628505851345,,,,
103,squat,0,99.1413371626711,155.44846916959014,143.2184379529033,157.04181461152154,,,0.16351396128807832,0.0930274331930234,0.15733679849001175,1.75769615129337,,,,
104,squat,0,96.59971226948788,154.40803203827682,139.63770437716045,158.1788049972741,,,0.16253710519525968,0.09283115415744714,0.15693897943834345,1.7508896304314727,,,,
105,squat,0,94.68104740301303,147.69419771442566,136.8525674803926,165.22525663259577,,,0.16226210452902592,0.09287810066354849,0.15640072625024218,1.7470437419561522,,,,
106,squat,0,93.78338304805247,140.21659394921213,135.34795485302564,173.78823355145266,,,0.1617929241364788,0.09266555483208029,0.15567363804513765,1.7459877559646038,,,,
107,squat,0,93.80575473594119,137.02208555097832,134.3727791166635,177.79802638023088,,,0.16190992140822752,0.09267116284330147,0.1560180153333706,1.7471445964480072,,,,
108,squat,0,93.69608167393156,134.75447555456023,133.92100685518722,178.34194186472547,,,0.1618162965499921,0.09249527163818547,0.1575754833121222,1.749454795732373,,,,
109,squat,0,93.93765213591776,135.83699124413434,134.3643120264122,178.5755094182116,,,0.1614138687400986,0.09253266739771769,0.15872134061794668,1.7443987434872095,,,,
110,squat,0,95.366477123696,139.79052685383232,136.57221510913345,177.4944894700215,,,0.16155524090536366,0.09340152895690847,0.15955316591582536,1.7296851851311603,,,,
111,squat,0,98.1988832508383,142.1881323350893,139.27963804995449,175.24218268664592,,,0.1616049354516581,0.09365232558530527,0.162385973792446,1.7255837956149493,,,,
112,squat,0,101.42863876282367,145.3319564313001,142.00372718006517,173.09496768602688,,,0.16137704785464083,0.09405628355484963,0.1670278043274197,1.7157497804017803,,,,
113,squat,0,104.95262952880245,146.8345937765869,145.64577009010947,171.71234484376274,,,0.16123499781979755,0.09403218906650987,0.17153830780756824,1.714678765010506,,,,
114,squat,0,109.80743088836971,149.3062026169546,150.37484716634273,170.0140043999084,,,0.1608540018052334,0.09362462672067455,0.18005793653225463,1.71807362485017,,,,
115,squat,0,113.5886282209415,149.8999043070791,153.62098360987815,170.74542225975063,,,0.16002044427827894,0.09336999708463063,0.18646258516051756,1.7138315227024832,,,,
116,squat,0,115.77882340376824,151.7575015066019,155.46490588950272,171.28999993641384,,,0.1589419911975945,0.09328097290399191,0.1903274443951394,1.703905804683054,,,,
117,squat,0,118.73601909708111,153.42971298517048,158.19724926753742,171.13403169412325,,,0.15794072911429202,0.0932713786418529,0.1964871166273137,1.693346141271901,,,,
118,squat,0,123.45596291187859,155.55403702050498,161.69668917273577,170.48972100051898,,,0.15726381962894465,0.09370681995912229,0.2070048059459158,1.678253724729404,,,,
119,squat,0,126.7108417198188,156.52138356048204,164.35993965543744,170.69133175024334,,,0.15604600623056955,0.0937763466599295,0.21378980375381706,1.6640230909874825,,,,
120,squat,0,128.84238108918558,155.2853999714314,166.61260446394192,171.96137055539032,,,0.15504287219919077,0.09256226750793912,0.21836405174370116,1.6750116043331873,,,,
121,squat,0,132.10868325111252,153.7445521262892,168.04013005193087,173.5009588193854,,,0.15439307986700965,0.09216909292052929,0.2241105014979012,1.675106860388998,,,,
122,squat,0,134.78923324125665,153.18591075782376,168.5432406398879,174.8753393798045,,,0.1522812757608775,0.09057657059558476,0.2328629075060364,1.6812435573521327,,,,
153,squat,0,146.98063059618138,145.22895508089454,163.58748223882185,166.45505340135668,,,0.15507368111522304,0.09424458763510145,0.26471762187345743,1.6454385870480033,,,,
154,squat,0,145.43510281766797,146.04845999916125,162.63744490306252,166.7654607220271,,,0.15469760300938504,0.09470236426391425,0.2598207797963858,1.6335136320174386,,,,
155,squat,0,143.53070039491283,146.52142379918692,161.09046495395904,166.9674996840525,,,0.15394351977531776,0.09462667860862026,0.2549063904321444,1.626851137954808,,,,
156,squat,0,139.1564177526447,143.63865610194023,156.03985682446725,164.5863301678552,,,0.15416755368885324,0.09460721300205667,0.24144605561222146,1.6295539081729613,,,,
157,squat,0,136.35106205804976,140.97203326934834,151.92522504366502,162.68169220003162,,,0.15388970817795494,0.09418760189183346,0.23302212148264553,1.6338637473187216,,,,
158,squat,0,132.5932009475746,137.27504459372875,145.3152942627184,158.65314184053355,,,0.15379798966412683,0.09393150138264972,0.22590910967364206,1.6373419715458224,,,,
159,squat,0,128.80045019634716,133.64884951602522,141.32765303313764,155.00020496401928,,,0.15392395163886913,0.09380052193661798,0.21826339323690983,1.6409711637092723,,,,
160,squat,0,122.97240174314295,127.95419572094835,133.91626150302037,148.44063563839572,,,0.15422143710779349,0.09379261521893878,0.20767097816279606,1.644281234165361,,,,
161,squat,0,119.7679748202756,124.32093907675205,129.9697149366027,143.76047544419666,,,0.15518030831703603,0.09421188248672978,0.2022147881775303,1.6471415730270962,,,,
162,squat,0,117.88487361488234,120.26333931550568,126.97464490251794,138.07214386415174,,,0.1556946002464477,0.09494656280200109,0.19739142505910168,1.639812918463714,,,,
163,squat,0,114.30663703149902,116.43631879058245,124.12030694177388,132.79919011683,,,0.1566385394268493,0.09530057039281012,0.19224956756189482,1.6436264628975061,,,,
164,squat,0,108.86488945672235,113.67173725526452,120.05347368244635,130.0661032384226,,,0.15934536007531688,0.0955871825173418,0.18762238814485402,1.6670159730506526,,,,
165,squat,0,99.4518868299066,107.9184451679509,111.81632608059275,120.21362677874183,,,0.16224749112044987,0.09733197542607286,0.18015472161748655,1.6669495344177276,,,,
166,squat,0,93.91419183401766,103.20463342957663,107.32078029755232,114.73494974480157,,,0.16455172266846008,0.09736256633699808,0.176569578817139,1.6900922896681074,,,,
167,squat,0,89.79910443774733,98.27258270148215,104.91481878232862,109.27924603578892,,,0.16563717853781207,0.09733098561652047,0.17235978035158867,1.7017928821805504,,,,
168,squat,0,86.12989084925951,94.76235664111384,101.82141999820381,104.99923279250602,,,0.16638567538357976,0.09715938906185076,0.17018384744000406,1.7125022809443582,,,,
169,squat,0,80.67736772101688,89.45547813103431,98.87877720004694,98.76207842077878,,,0.16735051320573666,0.09612514117299462,0.16427171961543505,1.7409650707774678,,,,
170,squat,0,76.5412648022536,86.23899524892276,96.04111226865642,93.63745650039753,,,0.1678542543629928,0.09567490227184604,0.1606409729951467,1.7544230553385867,,,,
171,squat,0,72.78244330009599,82.90970136824937,93.40944455251675,89.49832328719188,,,0.1676608172279408,0.09507667803483687,0.15684907083779046,1.763427379809258,,,,
172,squat,0,69.32728141496379,79.85351428727392,90.32398206105648,85.83241622197306,,,0.16754348142629108,0.09433128841371043,0.1539929306850145,1.7761178103652377,,,,
173,squat,0,65.66476038867809,76.4460215930351,88.04310609750762,82.3225267828716,,,0.16776868133711692,0.09384938750070232,0.14939175796312026,1.7876374668493327,,,,
174,squat,0,63.06551320960414,70.40440308855085,82.52790497830439,76.74699732198475,,,0.1669197988096161,0.09348018604019448,0.14248250563549997,1.7856168871748304,,,,
175,squat,0,63.90156012673737,69.16127704813627,81.91065022248229,76.49116310458618,,,0.16543888883242122,0.09323617551882742,0.13900542852460315,1.7744066389661568,,,,
254,squat,0,60.89628811912272,63.42693613578497,51.84960813520911,51.86232785130899,,,0.006468794360604729,0.011056936631419505,0.22800704908892164,0.5850439933085025,,,,
255,squat,0,58.6452922383878,62.6480125233085,51.10670819169014,51.610234271921406,,,0.00897215785348034,0.009388571376549673,0.2259716097216376,0.9556467638825826,,,,
256,squat,0,57.41965660943712,60.96729567951219,50.03595337040431,50.74798820879062,,,0.010577289826092287,0.007441788789127539,0.22368623119593403,1.4213370099331115,,,,
257,squat,0,54.38655538429264,58.59560869618204,48.319197175886615,48.967645039036384,,,0.012029583419234777,0.0069781286912882325,0.22030532062854,1.7238981898188517,,,,
258,squat,0,51.950431867292025,56.05868121987367,46.35847759366854,47.28276227913993,,,0.012136902423164925,0.006811277817198602,0.21765885655736708,1.7818833336263311,,,,
259,squat,0,50.65899682187494,54.087951148854614,45.09738458371155,45.74471110829778,,,0.010487396653179186,0.007958602111577917,0.21558316002443884,1.3177435567387468,,,,
260,squat,0,48.796206040079774,52.480947861535796,43.99176985814652,44.46796792015506,,,0.009459724246334808,0.009876170298008493,0.2139083180900836,0.9578332451641036,,,,
261,squat,0,47.127553895868324,51.07234812331159,43.41791637008088,44.10305606582251,,,0.009820209590567659,0.01030679234750709,0.21183128427760328,0.9527900882705646,,,,
262,squat,0,44.79187125594127,48.779738537369134,42.45683116151904,43.184599604770916,,,0.009707878952824859,0.011596475979308601,0.207935260918663,0.8371404356070297,,,,
263,squat,0,43.63171060337556,46.874187132219475,41.949397184920606,42.838012545858916,,,0.007093378224553124,0.012656887779968908,0.20560143227460226,0.5604362105334673,,,,
264,squat,0,42.75766073036251,45.83407541412463,41.48534123638053,42.598908163467904,,,0.006377936009538937,0.012693632344041644,0.20439518320933778,0.5024516101203075,,,,
265,squat,0,41.61082770980467,44.921656663994206,40.94844440203855,42.596352874793645,,,0.007060469372054717,0.013087325891181369,0.20363738797663933,0.5394890775060681,,,,
266,squat,0,40.074628179253786,43.38788083026071,40.249327466119134,42.28268304954426,,,0.00782882676715958,0.011936039739130067,0.20192878558227134,0.655898182166254,,,,
267,squat,0,39.409791625652915,42.42124665177395,40.181997198659374,42.193076069933646,,,0.006206377079426396,0.012825865158509206,0.20129429161150847,0.4838953944022116,,,,
268,squat,0,39.1898983307555,41.788737350206574,40.05267049559497,41.86787747385357,,,0.005818608973255867,0.012050735712726865,0.20089070732720085,0.4828426340070502,,,,
269,squat,0,39.30878037857172,41.657214735015664,40.105546851272024,41.69167028278562,,,0.004851289467065331,0.012095073461950339,0.20088661946674713,0.4010963209381828,,,,
270,squat,0,39.421708928084385,41.20380552272375,40.08431579856207,41.28283234533033,,,0.0030134768497555925,0.011833951455166586,0.20118728155722884,0.2546467138362257,,,,
271,squat,0,39.436001038547815,41.08648071549236,40.240979387868485,41.4036760985676,,,0.0020803476289716944,0.011555239836226286,0.20220418924906933,0.18003500216842708,,,,
272,squat,0,39.59945005401869,40.98445073609742,40.60328358268682,41.605320567969905,,,0.000996722579139805,0.011334953289537628,0.20334830252174593,0.08793354094011117,,,,
273,squat,0,39.72831543821304,40.91289632733995,40.74145835781261,41.6139640278733,,,0.0009934233659200224,0.011347302463079745,0.20326696081317627,0.08754709492870957,,,,
274,squat,0,39.810235959972836,41.02662649105903,40.79195980630486,41.72859438568367,,,0.0011621333361297582,0.01165428749051951,0.20367136680074185,0.09971723600221176,,,,
275,squat,0,39.82285789070932,41.21774213181757,41.19391566595212,42.14276538374365,,,0.001386659638017056,0.012151817169635048,0.20360228878702105,0.11411129863622703,,,,
276,squat,0,40.58382877736663,42.18587079226087,41.716238100863045,42.525335986457485,,,0.002657316626194142,0.012087794780935772,0.20458340138083947,0.21983469064060557,,,,
277,squat,0,41.82274805935451,43.57192101121819,42.734892656443726,43.38294903865617,,,0.003931267130368984,0.011561478802577255,0.20609298176568194,0.3400315130528663,,,,
278,squat,0,43.103630293828196,44.89317709541825,44.91620125349081,45.76334564583841,,,0.004287406673091019,0.010976795941714941,0.2091225026824243,0.390588173074955,,,,
279,squat,0,43.870215269018125,46.27295473561931,46.732254648267435,48.12699972001679,,,0.006795839401573318,0.010909891029421291,0.21166280143384938,0.6229062584810986,,,,
280,squat,0,45.055598064716314,47.65654353762443,48.128766080946654,50.14589559304213,,,0.010729826028213485,0.008361684311258319,0.21447812229117652,1.2832134805384434,,,,
281,squat,0,46.01128883241935,48.61795987527024,49.556114707494736,51.488717339960104,,,0.009147323303618973,0.009721255707519619,0.21738506804922247,0.9409610835093355,,,,
282,squat,0,50.02691985517076,50.55198121997346,53.863075719118726,55.15217068024522,,,0.005576152821620586,0.010777905261076281,0.22378022995101296,0.5173688844490503,,,,
283,squat,0,51.65724504271873,53.09845813056354,56.07809996472867,58.26216716936905,,,0.0076403628611845095,0.008260477649613771,0.22611796267880344,0.9249299114733086,,,,
284,squat,0,53.49735479322297,54.78114023646359,59.05466225080108,60.692788036648814,,,0.006957657752331162,0.00816153393168307,0.2298158359135124,0.8524938829601062,,,,
285,squat,0,55.2398525611662,56.24999296221501,61.56946154906318,62.05236628038595,,,0.005659032076851514,0.009411462924872289,0.23364836420103394,0.6012914381138367,,,,
286,squat,0,57.52683601825541,58.60611412177447,63.875807377410474,65.25895448308144,,,0.005658118228109528,0.009647316975725077,0.23766744423655414,0.586496560893219,,,,
287,squat,0,60.101946369160885,62.140669921938,66.68274878660525,69.54817875456946,,,0.007055294247010648,0.009622905101939982,0.24246286598181943,0.7331771613946705,,,,
333,squat,0,24.618008926854664,26.532199115363763,57.58113165835308,60.22102672443481,,,0.005048061660219408,0.010531273192642082,0.17313228207323175,0.4793401109133085,,,,
334,squat,0,22.59268028787859,24.54494268374898,55.15425287603219,57.98345236575719,,,0.006382537047196454,0.01173291996265818,0.16550710684930883,0.5439853904662998,,,,
335,squat,0,21.248334422191427,22.68585893766896,52.68107845197502,56.18401236132042,,,0.00770391065844254,0.01032428381654009,0.1594518195503283,0.7461932270885886,,,,
336,squat,0,19.99905547216721,21.49365808736692,50.527879190648164,54.522007066475425,,,0.008694573879933819,0.011566173385529588,0.1549090401390365,0.7517243249017501,,,,
337,squat,0,18.797168063265936,20.7167747122598,48.256765421312295,52.8180860847823,,,0.010458137376340946,0.012835646142739328,0.15140216975948825,0.814772958060763,,,,
338,squat,0,16.724457919418278,18.913777401833325,45.2076997914002,49.1546086496084,,,0.012036479451420263,0.015836559592083483,0.14488433670215745,0.760043832843414,,,,
339,squat,0,15.541890393776253,17.989185446058436,44.03257956939817,47.73576569678812,,,0.012990037774206925,0.017520787752917474,0.14139942719131418,0.7414071762865736,,,,
340,squat,0,14.55850911434514,17.085889518805885,43.28934997320925,47.70511157046927,,,0.015634185018085216,0.016414591437007724,0.13756396709497049,0.9524565431971074,,,,
341,squat,0,13.754550902269642,16.309180606185247,42.08162288383933,46.408507209063664,,,0.016705178034315024,0.01741019513631589,0.1341875805974734,0.9595055025816298,,,,
342,squat,0,13.338647676022473,15.370651637658572,41.15951188767335,45.34744082132652,,,0.01826045580517151,0.014182683716100692,0.13138723539320524,1.2875176638425339,,,,
343,squat,0,13.883460661315988,15.219744978022613,41.645212017370355,43.15739120422196,,,0.014913997449728074,0.01423235930892429,0.12965641168882236,1.0478935449849391,,,,
344,squat,0,13.853857769235274,15.455492709094203,41.36636350235958,41.41071075713834,,,0.014551737221157447,0.016775096762485477,0.12810247115619242,0.8674607024443413,,,,
345,squat,0,13.856335560610455,15.074949473772085,41.22732056223808,40.55499518152577,,,0.013189581663153647,0.01635415624367707,0.12774627579387987,0.8064972271653007,,,,
346,squat,0,13.943618061710396,15.347124876433147,41.58523760928544,40.85127759358355,,,0.01288900762579722,0.016414555398049174,0.12757057663635318,0.7852181989241722,,,,
347,squat,0,13.979450087167855,15.312586591183164,41.66684510503306,41.05387085632285,,,0.012804418166080304,0.016183516954388008,0.1274676122685049,0.7912012081285278,,,,
348,squat,0,14.202703595344836,15.12543880614351,41.80405620208411,40.98004842323623,,,0.011635134713463068,0.015871792246551997,0.12739177357292517,0.7330699981907018,,,,
349,squat,0,13.805980121471492,15.45133634175622,41.68640105198287,41.166121537369044,,,0.013541548431633632,0.016107014407905813,0.1273699360070025,0.8407236802983815,,,,
350,squat,0,13.846559657148443,15.682381416537398,40.6798940001202,39.9758291586692,,,0.013290225690563517,0.01660524378214997,0.12691418866035795,0.8003631783382804,,,,
351,squat,0,13.732607505376455,15.889234197377114,40.29747557826291,39.389842783702086,,,0.01420811573455364,0.016812252772365498,0.12601206877515184,0.845104812955685,,,,
352,squat,0,13.721111954267224,15.90874198180447,39.7983093947754,38.84961793205698,,,0.014211535690410051,0.017482622673191436,0.12559338327675623,0.8128949503785035,,,,
353,squat,0,13.903109359036176,15.957123040782616,39.57608174185877,38.262305192806885,,,0.014135020669224955,0.0157765943327053,0.12560358926315643,0.8959487942161688,,,,
354,squat,0,14.118597590018606,16.28898316523214,39.622968950471204,37.60028664457279,,,0.014358606605808772,0.015261277951810457,0.12660934837081186,0.9408521783790328,,,,
355,squat,0,14.45170156831822,16.631659566999602,39.75628907632282,37.20777267552344,,,0.013429485508441271,0.016330878447817342,0.12705328906290278,0.8223369949971155,,,,
356,squat,0,14.061984123239112,16.940789454366655,39.87576726996989,37.05896421418242,,,0.017115079713203786,0.015975245622013978,0.12881342254683423,1.0713500197843038,,,,
357,squat,0,14.328385498563142,17.199339928282672,41.03837934702357,38.376642937507796,,,0.01852452909653197,0.01340795642797188,0.13014516090806633,1.381607196894362,,,,
358,squat,0,16.85735171006456,18.35955248701602,44.039686998939096,41.553038346240136,,,0.015896031300069214,0.013145129058186072,0.1361328953657003,1.2092716039307374,,,,
359,squat,0,17.94010938327137,19.42987021681679,44.28193594331606,42.441973751416874,,,0.01600564345253871,0.01077876040347366,0.14097029126916052,1.4849243190692492,,,,
360,squat,0,19.111838452949083,20.379118302219094,44.53124871490576,44.00092828787501,,,0.015243593721869949,0.010112708999403279,0.14581124574810642,1.5073699562371892,,,,
361,squat,0,19.782989912138405,21.048460828099596,45.801410771609234,45.80124273168332,,,0.014324258578881284,0.008410410238383641,0.15028489468521242,1.7031581305639378,,,,
520,squat,1,114.90297921005612,111.56547322994494,120.57117772748026,117.4246856858841,,,0.1458980996722988,0.09025219184252474,0.18960725029914155,1.616560182016045,,,,
521,squat,1,113.3326819660567,109.87007235808795,119.22435424227916,115.504281940677,,,0.14578059302965046,0.0900718114938233,0.18813293864880107,1.6184929625807227,,,,
522,squat,1,111.54433050294283,107.8602331408107,117.27582198981834,113.6428210406703,,,0.14536036803061983,0.0899717573323911,0.18659299305622767,1.6156221945693623,,,,
523,squat,1,110.39139703339862,106.17188271260153,115.77621183514222,111.64215179910633,,,0.1455880578342187,0.09004818834088962,0.18580093270066933,1.616779421292468,,,,
524,squat,1,108.06787476316141,102.6501229435125,113.28111335461568,108.83780500332675,,,0.14681198934401973,0.08972680156521261,0.18293516473709964,1.636211107305749,,,,
525,squat,1,106.2832540164287,101.69711386664952,111.91762101829389,108.18133188571136,,,0.14735382232864203,0.08976051373731748,0.1818103955598901,1.6416330098095284,,,,
526,squat,1,105.01716151823442,99.92649770269074,110.88690454992428,106.40803761384983,,,0.1479007699372901,0.08994543623555312,0.1804148173159558,1.6443387916865615,,,,
527,squat,1,104.21907976696514,97.8188439133879,110.28201193311362,104.60871377957784,,,0.14870087095047296,0.09034190855811003,0.17870067045649926,1.6459788521605683,,,,
528,squat,1,102.39209759811203,95.75711635772666,109.03894843350793,102.40677855134678,,,0.14955089735311555,0.09049000316261589,0.17663827570604929,1.6526786620215246,,,,
529,squat,1,100.46457975616204,93.82735394846017,107.978026842945,99.20847261849532,,,0.14984226917927806,0.09076170223430902,0.17542283894637775,1.6509415919993167,,,,
530,squat,1,97.68502938241359,91.97772963927247,105.78404701858953,95.61056685755989,,,0.15023317147875676,0.09077402251692017,0.17461493563044359,1.6550238417687557,,,,
531,squat,1,95.43447237166382,91.31388231908693,104.3601275039153,94.77361735559705,,,0.150863530152303,0.0910507707356036,0.17339937973763772,1.6569165635114258,,,,
532,squat,1,91.63933732724175,88.86865537273708,101.36113708532994,91.91524400033352,,,0.1510182328883682,0.09140862201620353,0.1707813664559306,1.652122409870679,,,,
533,squat,1,90.86974690154932,88.48353787388619,101.13484229698578,91.64135761452827,,,0.151147685012989,0.09137501676149666,0.16940567694745645,1.6541467281752573,,,,
534,squat,1,88.87954544942724,87.09405610151394,99.23834400994204,90.576097842972,,,0.15167344764194307,0.09167128905604323,0.16782008008824054,1.6545359970799312,,,,
535,squat,1,88.09424008723295,85.92458751307811,98.29869410531454,89.98657663441807,,,0.15188680780743208,0.09153116271251706,0.1665674761456586,1.6593999606940564,,,,
536,squat,1,86.65626347608271,86.03156359232024,96.32180230921067,89.64700834226059,,,0.15202855421445846,0.09127213594454872,0.16605081647349926,1.6656622817156548,,,,
537,squat,1,85.61117967582898,86.09693348375046,94.70677658248309,89.4146873781142,,,0.15219996491791915,0.09123184890694298,0.1658395357510978,1.6682766680873036,,,,
538,squat,1,85.12090098133766,85.80742905941717,93.72405329225361,89.37265342628716,,,0.1523740963882985,0.09111705958463953,0.16531176649549445,1.6722894382555957,,,,
539,squat,1,85.59163466767936,86.24145107500587,93.43047818203304,89.90209243546744,,,0.1518468807019869,0.09082065017304457,0.16582876177497985,1.6719422335412308,,,,
540,squat,1,85.76822866880846,87.06362343413032,93.5574623301316,90.56757686450895,,,0.15199414050880886,0.0908109558583758,0.16633448120196964,1.6737423262656905,,,,
541,squat,1,86.22719495258694,87.69531889816356,94.8338922763511,91.34872113261808,,,0.15290435012722667,0.0906763014969865,0.1666050952769913,1.6862658445802208,,,,
542,squat,1,87.69479539032658,89.06354759842174,96.22320462410396,92.64207051629802,,,0.15278890631798356,0.09068796456199366,0.1679144643576469,1.6847760014895707,,,,
543,squat,1,89.3907132728105,91.45080795056067,98.0852346383795,94.72937823845865,,,0.15310335825051152,0.09053556702404641,0.17081484000867175,1.6910852086434383,,,,
544,squat,1,91.437243440874,93.54859825241381,100.03179174918476,96.86218094302325,,,0.15332864383815084,0.09033325441374924,0.17381914203424534,1.697366543840729,,,,
545,squat,1,96.70272151426319,98.74540848527158,105.10049244966505,101.77995278030755,,,0.15324469216734712,0.0900014532383838,0.17990984523627163,1.7026913083442454,,,,
546,squat,1,100.38074358990225,101.84392129253919,108.97170163406543,104.54245294978519,,,0.15327286328780618,0.08985819041227601,0.18348993381306394,1.7057194517781737,,,,
547,squat,1,103.67661946860537,104.84151830238282,112.60717702046513,107.4280029500238,,,0.15303614622890518,0.08966625807788399,0.1876637143294589,1.7067305975451568,,,,
548,squat,1,106.71643622687805,108.48000978651766,115.73308104274574,110.37078206362084,,,0.1526116905857703,0.08960404384281451,0.1923174629327787,1.7031786071339063,,,,
549,squat,1,111.85961206902526,115.04787217907848,120.59629083449815,115.00796811344479,,,0.15092007409367186,0.08957232205412557,0.20137129949354612,1.6848963009184454,,,,
550,squat,1,114.6309956360825,118.49442103495339,123.45575771857516,117.65185708803419,,,0.1495352154191417,0.08957437671317213,0.20556675037335845,1.6693972194522921,,,,
551,squat,1,117.56770218946993,122.30307313084266,126.16277960979359,120.44162925200438,,,0.14915446920834785,0.08939733796480263,0.21036252248299572,1.6684441908893606,,,,
552,squat,1,119.65035196780929,125.14418473984509,128.6745847325221,124.15139977327298,,,0.14920540662476953,0.08938600834586564,0.2149548710107316,1.6692255240601166,,,,
553,squat,1,122.14351721318889,127.71418287821521,131.40100930436105,127.12984130113264,,,0.1496598871913745,0.08976176786304899,0.2188670707741438,1.6673010208501358,,,,
554,squat,1,125.98333923922657,132.07100149897283,135.15485088975208,132.55500930396295,,,0.14969711211908618,0.08933889733508787,0.22858731510727565,1.6756095786319114,,,,
555,squat,1,128.63524204760748,134.85684983068032,137.56138266604887,135.99407381089267,,,0.14897772643111842,0.08922817259069643,0.23340500141118292,1.6696265552193088,,,,
556,squat,1,130.8612444653029,137.3874275781422,139.8434093533435,139.3818130450848,,,0.14918863125512424,0.08956379489630313,0.2386270990902202,1.665724765546778,,,,
557,squat,1,134.42731002098182,139.67759290140438,143.3925950468988,142.87657294445245,,,0.14964561795855313,0.09020511837221103,0.24606042225729338,1.658948191177737,,,,
700,squat,1,29.08676546640031,32.53125050152238,58.45284153091781,63.08930219282255,,,0.00882145068449546,0.015637259894776663,0.1824450836781836,0.5641302084799462,,,,
701,squat,1,28.230575095796375,31.32238790962436,57.29306110279007,61.72180847118681,,,0.009497525178978615,0.014189023240762148,0.1791029508645538,0.6693572219752362,,,,
702,squat,1,27.30836700698804,30.6758332034718,56.61719400686722,61.952104585549975,,,0.00938110286591277,0.014760750653397306,0.1761889407376824,0.6355437529021354,,,,
703,squat,1,26.46456187589329,30.066180600578253,55.633296518082254,61.60703452978489,,,0.011555931212810797,0.01341586666760672,0.1744664663764806,0.8613630039059027,,,,
704,squat,1,25.64983051633342,29.065761647158986,55.11674298342286,61.34165980857424,,,0.01168014433451766,0.013260572411122412,0.1718008179953829,0.8808175071477944,,,,
705,squat,1,24.96344315498171,28.249992312005038,54.96238649626313,61.413254120769075,,,0.012539207040511311,0.012661346580115617,0.16961446658654888,0.9903533531104722,,,,
706,squat,1,24.153699674837835,27.831592305277383,54.50690235797221,61.037745343059,,,0.015685724030045967,0.010691894859495439,0.16773070611966748,1.4670668049186366,,,,
707,squat,1,23.611684972665316,27.096798058573242,54.18174454753678,60.333110577308986,,,0.017228580697737857,0.00920631564538091,0.16618774289247037,1.871387139151802,,,,
708,squat,1,23.272167662559816,26.2112432641522,54.770653583944004,60.08668790219854,,,0.017334507722477837,0.007709892506141636,0.1646919696515286,2.2483462264447023,,,,
709,squat,1,22.86049206427827,25.517591163957,54.41378687395498,59.546674825628486,,,0.017239685877513757,0.007267968439005574,0.16313365130539975,2.372008907605073,,,,
710,squat,1,22.569966100858114,24.89408181818384,54.44656974271626,59.21800297141161,,,0.01747599542455023,0.0074218394067054674,0.16209091017725757,2.354671728515313,,,,
711,squat,1,22.438331277963773,24.60782806973672,54.434181875806765,59.082647603264974,,,0.017270542153815193,0.00771672881703147,0.1614056582847348,2.238065191003946,,,,
712,squat,1,22.70911399199134,24.299305196859027,54.52201081301997,58.91791168600843,,,0.01624168513065909,0.007268411355705284,0.16160681285783482,2.234557778284013,,,,
713,squat,1,22.932841747257598,24.620901895360127,54.54126621512319,58.83078254830744,,,0.017835575837327186,0.007940153550747828,0.16220444497277584,2.2462507460762366,,,,
714,squat,1,23.122924934175888,24.88611126172699,54.51964377921921,58.61872847425252,,,0.018135673895632698,0.007677661330503328,0.16258180042928597,2.362135175666021,,,,
715,squat,1,24.286382922970475,25.35795476086689,54.98638183783194,58.734902677050634,,,0.017919084711249113,0.007015600548057037,0.1649379822394774,2.5541768788720143,,,,
716,squat,1,26.611925267280704,27.163358061229683,56.48407700550626,59.961767337602446,,,0.01625045608153618,0.005339334141059009,0.1697572839436856,3.0435360762630688,,,,
717,squat,1,28.27677527652272,29.16769609201805,57.91442185734987,61.357466601982054,,,0.018452020666942355,0.0057511911822994005,0.17421567899283885,3.2083824171473636,,,,
718,squat,1,30.22658382621616,31.166109833848708,59.46426619428654,62.50352921160134,,,0.016285550891103926,0.006927025961180958,0.17884955072596054,2.3510162921819737,,,,
719,squat,1,31.656763495213454,32.19454259555435,60.836014473444415,62.95320305279134,,,0.015260659487424727,0.007714236652972384,0.1821341920838242,1.9782462185088163,,,,
720,squat,1,33.722155006941136,34.791798877291434,62.671492338040515,63.904927011493086,,,0.012206549841105429,0.009712328607345442,0.18875427418929716,1.2568098068545173,,,,
721,squat,1,37.83666892269628,40.180072712325384,65.01917532975837,67.17250546772364,,,0.014487973293083298,0.005199853914800366,0.20260455603614475,2.786226984540108,,,,
722,squat,1,40.74520562356312,43.16729864895109,66.67521719535483,69.03435644564908,,,0.013191275789501735,0.00798033342257568,0.21095709044600744,1.6529730139075074,,,,
723,squat,1,43.6211637101277,45.9200189689455,68.11430076091087,70.21238713935917,,,0.013540274402654299,0.009300634654512186,0.2171816224223646,1.4558441338285726,,,,
724,squat,1,46.833374839534194,50.09532825991073,70.61944116004447,72.5073554753648,,,0.016629947217478642,0.009807329783131964,0.22194941448227126,1.6956651387497117,,,,
725,squat,1,50.1353257091617,53.30358447427467,72.30159300070164,74.5490596580329,,,0.02397586664845204,0.005331411809451769,0.22650151044549163,4.497095235814749,,,,
726,squat,1,57.039123448285004,59.639531816268665,78.09525636072523,78.1970159809981,,,0.02471042091150819,0.0036605229041299005,0.23753159856958203,6.750516677174517,,,,
795,squat,1,28.037787239159197,30.987607347260266,57.83681400361716,65.19071760063875,,,0.013161811215345168,0.012015462281236938,0.17930128031560172,1.0954061447888144,,,,
796,squat,1,27.780059400537425,30.61112474228581,57.699339016999026,64.7923621013332,,,0.013269840814158631,0.011124304194921822,0.17827067431851426,1.192869287071117,,,,
797,squat,1,27.205596069873543,30.18535321931358,56.92242212667828,63.5964541806496,,,0.01354799619207801,0.011428265944192991,0.17655182258150437,1.1854813545848668,,,,
798,squat,1,26.607812216654306,29.48487664724272,56.23927050641927,62.385883787272746,,,0.013553146128593473,0.011693203228160262,0.1746286099952406,1.1590618810039994,,,,
799,squat,1,25.965936288751912,28.7566922309631,55.77983273050109,61.564760506163374,,,0.013794587457925707,0.011195675142955764,0.17234694713174553,1.2321353810096176,,,,
800,squat,1,24.668497004321438,27.100331716522177,56.57981443482857,60.525447590226484,,,0.013867267020789215,0.007533901023649225,0.16868248645210326,1.8406489516200564,,,,
801,squat,1,23.661608036340642,25.793832695375713,55.817924427079724,59.42802994371245,,,0.014468874563108233,0.005207066441246091,0.1661871192225018,2.7786998161762884,,,,
802,squat,1,23.901376901340885,25.24917800082478,56.022815856555006,58.81885385225984,,,0.012685845123759875,0.005129484562750199,0.16530433003027292,2.473122780382888,,,,
803,squat,1,23.424057516839117,24.683651078498666,55.9099075665525,58.43859964162752,,,0.012853001001350207,0.004541424135857123,0.16385189685980744,2.8301697037870706,,,,
804,squat,1,23.046045039305998,24.128299443127805,55.53968273435003,57.91585450320528,,,0.012156620861751432,0.0045535363366886634,0.16201666383276309,2.6697098612793195,,,,
805,squat,1,22.58920252548717,23.847625219878775,55.48040543918915,57.7634423243533,,,0.012367099660608678,0.004496580337823133,0.16091206537275443,2.7503344167082733,,,,
806,squat,1,22.369560414744807,23.60704358165712,55.43114180365114,57.31030019017563,,,0.012681377470368974,0.0046980392718126126,0.16038258478842776,2.699291499425079,,,,
807,squat,1,22.282594431670447,23.44478508295368,55.23731140760952,57.28726071397474,,,0.011799902422066065,0.005344313721039131,0.1605257918577952,2.207935955483491,,,,
808,squat,1,22.43825590599339,23.465186162290237,55.3137314167861,57.42407630411655,,,0.010308133200260954,0.005829620029179555,0.16182519419633054,1.7682341471081595,,,,
809,squat,1,22.653355870472605,23.491461271571854,55.47469756725342,57.41728495930579,,,0.009265648423199782,0.006160825658976413,0.16263276470188107,1.5039621206777043,,,,
810,squat,1,22.66774587143995,23.561405671697948,55.75969836935792,57.36787210137663,,,0.008740396760469862,0.006711955578971502,0.1628486506984976,1.3022131415549663,,,,
811,squat,1,23.16146210239105,23.648744438631713,56.19928833394229,57.49066949629759,,,0.006963235011671736,0.008070300952427752,0.1634909338888894,0.8628222234484351,,,,
812,squat,1,24.349717333854045,24.3202918490496,57.530854124831265,58.52347496301212,,,0.006478073642892419,0.00710951533907672,0.1667727963176045,0.9111835805861974,,,,
813,squat,1,26.550293995367213,25.89731942337515,60.0543468729821,60.17251199399942,,,0.0032864403446132614,0.007374554117304786,0.1722215990155173,0.44564597294112374,,,,
814,squat,1,26.850884294733458,26.576306339913227,60.61920526191245,60.84347158318864,,,0.0031071496967925135,0.008530949427396902,0.17360596689347707,0.3642208552794828,,,,
815,squat,1,27.654463333335944,27.272151949175967,61.47497337796937,61.56488069717659,,,0.00348466950472447,0.008383079191571045,0.1759652960390673,0.4156789438692418,,,,
816,squat,1,30.251615995154225,30.877161979546553,64.44125887272905,64.9424129672799,,,0.005872362939408539,0.006772646202291377,0.18617663268339443,0.8670706787284641,,,,
817,squat,1,31.162108464707444,31.06834896416858,65.16583211052236,65.1498546668581,,,0.007178048779378214,0.006223008004197063,0.1877067433606318,1.1534693149256807,,,,
818,squat,1,32.10358703262912,32.29780326907362,65.91104937465575,65.78252783521356,,,0.005970898939391665,0.009652294440920216,0.19068246174537137,0.6185989223534731,,,,
819,squat,1,33.40968983011645,33.714345295915095,66.45538734656706,66.88650620219234,,,0.0051131552147085585,0.009651174624501107,0.1951367398261325,0.529796155768228,,,,
