frame,exercise_type,form_label,nose_x,nose_y,nose_z,nose_vis,left_eye_inner_x,left_eye_inner_y,left_eye_inner_z,left_eye_inner_vis,left_eye_x,left_eye_y,left_eye_z,left_eye_vis,left_eye_outer_x,left_eye_outer_y,left_eye_outer_z,left_eye_outer_vis,right_eye_inner_x,right_eye_inner_y,right_eye_inner_z,right_eye_inner_vis,right_eye_x,right_eye_y,right_eye_z,right_eye_vis,right_eye_outer_x,right_eye_outer_y,right_eye_outer_z,right_eye_outer_vis,left_ear_x,left_ear_y,left_ear_z,left_ear_vis,right_ear_x,right_ear_y,right_ear_z,right_ear_vis,mouth_left_x,mouth_left_y,mouth_left_z,mouth_left_vis,mouth_right_x,mouth_right_y,mouth_right_z,mouth_right_vis,left_shoulder_x,left_shoulder_y,left_shoulder_z,left_shoulder_vis,right_shoulder_x,right_shoulder_y,right_shoulder_z,right_shoulder_vis,left_elbow_x,left_elbow_y,left_elbow_z,left_elbow_vis,right_elbow_x,right_elbow_y,right_elbow_z,right_elbow_vis,left_wrist_x,left_wrist_y,left_wrist_z,left_wrist_vis,right_wrist_x,right_wrist_y,right_wrist_z,right_wrist_vis,left_pinky_x,left_pinky_y,left_pinky_z,left_pinky_vis,right_pinky_x,right_pinky_y,right_pinky_z,right_pinky_vis,left_index_x,left_index_y,left_index_z,left_index_vis,right_index_x,right_index_y,right_index_z,right_index_vis,left_thumb_x,left_thumb_y,left_thumb_z,left_thumb_vis,right_thumb_x,right_thumb_y,right_thumb_z,right_thumb_vis,left_hip_x,left_hip_y,left_hip_z,left_hip_vis,right_hip_x,right_hip_y,right_hip_z,right_hip_vis,left_knee_x,left_knee_y,left_knee_z,left_knee_vis,right_knee_x,right_knee_y,right_knee_z,right_knee_vis,left_ankle_x,left_ankle_y,left_ankle_z,left_ankle_vis,right_ankle_x,right_ankle_y,right_ankle_z,right_ankle_vis,left_heel_x,left_heel_y,left_heel_z,left_heel_vis,right_heel_x,right_heel_y,right_heel_z,right_heel_vis,left_foot_index_x,left_foot_index_y,left_foot_index_z,left_foot_index_vis,right_foot_index_x,right_foot_index_y,right_foot_index_z,right_foot_index_vis
0,squat,1,0.2961428463459015,1.0219080448150635,-3.073457956314087,0.9988477230072021,0.34353798627853394,0.890595555305481,-3.0216996669769287,0.9987941980361938,0.37119540572166443,0.8789913654327393,-3.021408796310425,0.9990284442901611,0.39426732063293457,0.8671818971633911,-3.0215656757354736,0.9987276196479797,0.2266661822795868,0.9090255498886108,-3.052335023880005,0.9985526204109192,0.1849568486213684,0.9089398980140686,-3.0528359413146973,0.9985585808753967,0.14947250485420227,0.906477689743042,-3.0526669025421143,0.9977490305900574,0.4189304709434509,0.8509674072265625,-2.2443485260009766,0.9989602565765381,0.1084570661187172,0.9004873633384705,-2.3886520862579346,0.9979883432388306,0.3612484037876129,1.0764826536178589,-2.724622964859009,0.9881508350372314,0.2288314551115036,1.1022106409072876,-2.770695447921753,0.9833385944366455,0.5354975461959839,1.0615308284759521,-1.5458284616470337,0.857205331325531,-0.05332589149475098,1.312762975692749,-1.6121841669082642,0.6188769340515137,0.7441186904907227,1.4332786798477173,-1.2645254135131836,0.10369470715522766,-0.07335805892944336,1.5778816938400269,-1.5510802268981934,0.07455921173095703,0.6397619843482971,1.5118054151535034,-1.3822576999664307,0.08574040979146957,0.06406301259994507,1.27900230884552,-1.7825038433074951,0.07001900672912598,0.6375503540039062,1.5633288621902466,-1.4141322374343872,0.12870357930660248,0.1145186647772789,1.2145687341690063,-1.8536237478256226,0.11828256398439407,0.6047836542129517,1.4987030029296875,-1.4838265180587769,0.16868992149829865,0.08304765820503235,1.1658622026443481,-1.8256639242172241,0.15038423240184784,0.5933599472045898,1.4810655117034912,-1.4078603982925415,0.17132402956485748,0.07987108826637268,1.1883888244628906,-1.7797693014144897,0.13172070682048798,0.5281798839569092,2.414724588394165,-0.07283513993024826,0.0031466358341276646,0.16028612852096558,2.4754483699798584,0.07783230394124985,0.00197011255659163,0.5132492184638977,2.6214118003845215,0.042108211666345596,0.017005249857902527,0.1903669536113739,2.7364981174468994,0.40491485595703125,0.013464892283082008,0.6243487000465393,3.2638626098632812,1.2484169006347656,0.0017778844339773059,0.4288256764411926,3.2318501472473145,1.3842413425445557,0.0010096682235598564,0.6562580466270447,3.387165069580078,1.3419184684753418,0.0015779960667714477,0.47031545639038086,3.291015625,1.4597241878509521,0.0007468889816664159,0.6008387804031372,3.4454915523529053,0.7743401527404785,0.004342662636190653,0.4732528626918793,3.458069324493408,0.8704589605331421,0.0023207268677651882
1,squat,1,0.26228293776512146,1.0218174457550049,-3.1752572059631348,0.997778594493866,0.32297182083129883,0.8903795480728149,-3.1705687046051025,0.9975759983062744,0.3559269607067108,0.8789293169975281,-3.1706676483154297,0.9979111552238464,0.38254183530807495,0.8671861886978149,-3.1712942123413086,0.9975261092185974,0.19777734577655792,0.9071327447891235,-3.1629199981689453,0.9971225261688232,0.15871796011924744,0.9062478542327881,-3.1634106636047363,0.9970051050186157,0.12606266140937805,0.9034918546676636,-3.163510322570801,0.9958798289299011,0.4185597896575928,0.8511886596679688,-2.5463359355926514,0.9978677034378052,0.09728550910949707,0.8917025327682495,-2.501720905303955,0.9961223602294922,0.3456000089645386,1.0889836549758911,-2.8785104751586914,0.9831634163856506,0.2053437978029251,1.1033484935760498,-2.8708598613739014,0.975357174873352,0.602422833442688,1.1777088642120361,-1.813208818435669,0.8583983778953552,-0.05173209309577942,1.3102667331695557,-1.5646016597747803,0.6265572309494019,0.7524800896644592,1.4877790212631226,-1.236527442932129,0.10095708072185516,-0.12383361905813217,1.6156374216079712,-0.8880901336669922,0.0715898796916008,0.6499530076980591,1.6454126834869385,-0.8166969418525696,0.07989317923784256,-0.008363893255591393,1.353890299797058,-0.6766678094863892,0.06536503881216049,0.6474009156227112,1.7322651147842407,-0.750471830368042,0.11967122554779053,0.02675866149365902,1.2983630895614624,-0.66279536485672,0.10984910279512405,0.6144775748252869,1.6611753702163696,-0.8218761682510376,0.15685221552848816,0.006055921781808138,1.2536450624465942,-0.638783872127533,0.13953423500061035,0.6054356098175049,1.6277215480804443,-0.8269702196121216,0.1591990441083908,0.012208030559122562,1.2712485790252686,-0.6686742901802063,0.12256939709186554,0.5357667207717896,2.4191243648529053,-0.159575417637825,0.0029593752697110176,0.145127072930336,2.461352825164795,0.16492973268032074,0.001852479763329029,0.5040422677993774,3.0108141899108887,0.045492880046367645,0.016037456691265106,0.16352209448814392,3.0256333351135254,0.5284832715988159,0.012833043932914734,0.5847559571266174,3.7754297256469727,1.2840049266815186,0.00165508221834898,0.2964271306991577,3.7295031547546387,1.5413157939910889,0.0009641109500080347,0.6136106252670288,3.9071390628814697,1.3711225986480713,0.0014476170763373375,0.32858824729919434,3.8212971687316895,1.6210546493530273,0.0007382931071333587,0.5375148057937622,4.028850078582764,0.7145954966545105,0.003980409819632769,0.3209857940673828,4.027006149291992,0.906269371509552,0.002239825204014778
2,squat,1,0.25927454233169556,1.0218626260757446,-3.0884900093078613,0.9975076913833618,0.32075053453445435,0.8890998363494873,-3.112086534500122,0.99726802110672,0.35367676615715027,0.8773639798164368,-3.1127305030822754,0.9976046681404114,0.38070571422576904,0.8657079935073853,-3.114069938659668,0.9972298741340637,0.19442790746688843,0.9068413972854614,-3.0953409671783447,0.9967725276947021,0.15463460981845856,0.9061195254325867,-3.095806837081909,0.9966536164283752,0.12209691107273102,0.903458297252655,-3.095822811126709,0.9954573512077332,0.41915589570999146,0.8487222790718079,-2.4379961490631104,0.9975992441177368,0.0944654569029808,0.8910958170890808,-2.485163927078247,0.9956374764442444,0.3409767746925354,1.0906442403793335,-2.8318264484405518,0.982424795627594,0.20330595970153809,1.1052602529525757,-2.80720853805542,0.9741682410240173,0.5989033579826355,1.166159987449646,-1.7180607318878174,0.8674452900886536,-0.05339736491441727,1.3085529804229736,-1.5153518915176392,0.6457507610321045,0.7519188523292542,1.4867732524871826,-0.9705546498298645,0.09821058809757233,-0.14221903681755066,1.657346487045288,-0.9672420620918274,0.0682377889752388,0.6559661626815796,1.6582295894622803,-0.42482393980026245,0.07413983345031738,-0.022069932892918587,1.4169821739196777,-0.8882495760917664,0.06056055799126625,0.6574681997299194,1.7515431642532349,-0.33002033829689026,0.11079870164394379,0.010126928798854351,1.3604179620742798,-0.8848220705986023,0.10130306333303452,0.6247338056564331,1.685001254081726,-0.39250949025154114,0.14536824822425842,-0.008609388023614883,1.3192503452301025,-0.8469753265380859,0.12858811020851135,0.6150768995285034,1.650691270828247,-0.4298720359802246,0.14726771414279938,-0.002176904585212469,1.3373855352401733,-0.8767606019973755,0.11320476979017258,0.5362656712532043,2.4134342670440674,-0.14871498942375183,0.0028993862215429544,0.1257152557373047,2.4405300617218018,0.15356585383415222,0.0017894245684146881,0.5161219835281372,3.1694376468658447,0.29068219661712646,0.015314287506043911,0.1652710735797882,3.165393352508545,0.7774695754051208,0.012325760908424854,0.5875172019004822,3.9351415634155273,1.5803167819976807,0.001547443214803934,0.2878323197364807,3.935053586959839,1.706274390220642,0.0009399864939041436,0.6112061738967896,4.058999061584473,1.6757580041885376,0.0013301076833158731,0.30750882625579834,4.0390448570251465,1.7814834117889404,0.0007491299766115844,0.546642541885376,4.22567892074585,0.9857028126716614,0.0036554327234625816,0.3382281959056854,4.245131969451904,1.0598822832107544,0.0021737453062087297
3,squat,1,0.25947609543800354,1.0191452503204346,-2.8395731449127197,0.9971429705619812,0.31944018602371216,0.8875637054443359,-2.826786756515503,0.9969541430473328,0.3518775701522827,0.876177191734314,-2.827141284942627,0.997360110282898,0.37864306569099426,0.8648606538772583,-2.8279101848602295,0.9969421625137329,0.19609200954437256,0.9030691981315613,-2.810849666595459,0.9963956475257874,0.15621307492256165,0.901877224445343,-2.811229944229126,0.9962709546089172,0.1234009712934494,0.8992271423339844,-2.811444044113159,0.9949463605880737,0.41906386613845825,0.8484823107719421,-2.20570969581604,0.9974523186683655,0.09477072209119797,0.8859307765960693,-2.131558895111084,0.9953106641769409,0.3392614722251892,1.090441107749939,-2.5572760105133057,0.9816686511039734,0.20442619919776917,1.1028820276260376,-2.5363144874572754,0.9729238152503967,0.6377469301223755,1.211775541305542,-1.6489999294281006,0.8707200884819031,-0.04523824155330658,1.3078632354736328,-1.22008216381073,0.654902994632721,0.7816808819770813,1.5398751497268677,-1.3298985958099365,0.09859121590852737,-0.153821662068367,1.649425745010376,-0.8414560556411743,0.0668378546833992,0.6576563119888306,1.6397852897644043,-1.2819684743881226,0.07031693309545517,-0.02790762111544609,1.4022679328918457,-0.9599040150642395,0.05767678841948509,0.6572440266609192,1.714434027671814,-1.2771081924438477,0.10446376353502274,0.010343411937355995,1.351582407951355,-0.9796897172927856,0.09532583504915237,0.6241642236709595,1.6473966836929321,-1.2724521160125732,0.13717983663082123,-0.010872269049286842,1.3114897012710571,-0.927418053150177,0.12092211097478867,0.6146543622016907,1.618553638458252,-1.2733116149902344,0.1385156661272049,-0.007272778544574976,1.3275126218795776,-0.9472401738166809,0.10655569285154343,0.5537160634994507,2.4387423992156982,-0.20178475975990295,0.002742185490205884,0.1298108994960785,2.442575216293335,0.20703990757465363,0.0017192572122439742,0.5174748301506042,3.127556085586548,0.07713329046964645,0.014650336466729641,0.15666504204273224,3.0954086780548096,0.4626328945159912,0.011992807500064373,0.5821586847305298,3.886556386947632,1.2715181112289429,0.0014541600830852985,0.28061312437057495,3.825500726699829,1.3280184268951416,0.0009069622028619051,0.6102525591850281,4.016115665435791,1.3515000343322754,0.001229987246915698,0.3091880679130554,3.9193167686462402,1.3970074653625488,0.0007471144199371338,0.5207217335700989,4.1335225105285645,0.6155153512954712,0.0033747288398444653,0.30345994234085083,4.1238274574279785,0.672805905342102,0.0021198156755417585
4,squat,1,0.25980061292648315,1.020043969154358,-2.885852336883545,0.9967676401138306,0.3193129897117615,0.8876383900642395,-2.9306647777557373,0.9966675043106079,0.3519149720668793,0.8763712644577026,-2.9311747550964355,0.9970569610595703,0.37870222330093384,0.8652883768081665,-2.932420253753662,0.9966902136802673,0.1918233335018158,0.9033837914466858,-2.919419527053833,0.9960904717445374,0.15112537145614624,0.902532160282135,-2.9198758602142334,0.9959136247634888,0.1181267648935318,0.9003698825836182,-2.9200892448425293,0.9945475459098816,0.4203394055366516,0.8494327664375305,-2.3776018619537354,0.9972463250160217,0.08740615844726562,0.8906747698783875,-2.3863797187805176,0.9948400855064392,0.33976104855537415,1.095262885093689,-2.6697468757629395,0.981242299079895,0.20378339290618896,1.1102166175842285,-2.660200595855713,0.9726114273071289,0.6340817213058472,1.2273995876312256,-1.716209053993225,0.8776302933692932,-0.06017955392599106,1.3233237266540527,-1.4917361736297607,0.6659176349639893,0.7809956073760986,1.5920366048812866,-1.1415570974349976,0.09631219506263733,-0.15675945580005646,1.766306757926941,-1.0743753910064697,0.0634615495800972,0.6738538146018982,1.7799537181854248,-0.6609963178634644,0.06752832978963852,-0.017159149050712585,1.6281312704086304,-1.1551382541656494,0.05333608388900757,0.675580620765686,1.879167079925537,-0.5902044177055359,0.0996410921216011,0.023144369944930077,1.6139799356460571,-1.1641395092010498,0.08806691318750381,0.6444418430328369,1.798033595085144,-0.6473516821861267,0.13070334494113922,-0.0002981505240313709,1.5464993715286255,-1.1330578327178955,0.11165213584899902,0.6324490904808044,1.7617456912994385,-0.6635428667068481,0.13213886320590973,0.0023744027130305767,1.5499684810638428,-1.1468902826309204,0.09866001456975937,0.5530954003334045,2.440690040588379,-0.17482878267765045,0.0028423841577023268,0.11562290042638779,2.4471662044525146,0.17946305871009827,0.001722628017887473,0.5333062410354614,3.2005228996276855,0.1579257845878601,0.014023901894688606,0.15703347325325012,3.2056033611297607,0.7009504437446594,0.011555904522538185,0.5847400426864624,3.968278169631958,1.3689050674438477,0.001348308869637549,0.2603546380996704,3.964541435241699,1.58443284034729,0.0008693613926880062,0.6076898574829102,4.085627555847168,1.4575949907302856,0.0011316738091409206,0.2753069996833801,4.066514492034912,1.6569936275482178,0.000724740675650537,0.5249402523040771,4.271752834320068,0.7274576425552368,0.003116412553936243,0.31176289916038513,4.272097587585449,0.9386423826217651,0.002052822383120656
5,squat,1,0.2607762813568115,1.0173786878585815,-2.7873330116271973,0.9966152906417847,0.31949368119239807,0.8859069347381592,-2.7536301612854004,0.9965242743492126,0.35205429792404175,0.8748786449432373,-2.754060983657837,0.9969300627708435,0.37893468141555786,0.8641639947891235,-2.7547519207000732,0.9965386390686035,0.19266721606254578,0.9024121761322021,-2.757664203643799,0.9958988428115845,0.1523439884185791,0.9021788835525513,-2.7581400871276855,0.9957336187362671,0.11919587850570679,0.9003341197967529,-2.7583467960357666,0.994320809841156,0.4220641553401947,0.8495324850082397,-2.106114149093628,0.9971239566802979,0.08771203458309174,0.8923137187957764,-2.119011402130127,0.9946329593658447,0.3414638340473175,1.0950491428375244,-2.504969358444214,0.9807580709457397,0.20664623379707336,1.1101775169372559,-2.512068271636963,0.9716771841049194,0.6493749618530273,1.243011236190796,-1.5415079593658447,0.8816032409667969,-0.04460151493549347,1.345176339149475,-1.2990143299102783,0.6684138178825378,0.7834030389785767,1.574047327041626,-1.1443250179290771,0.09364760667085648,-0.15243008732795715,1.7493603229522705,-0.9411169290542603,0.06216363608837128,0.6743240356445312,1.7233628034591675,-0.8590692281723022,0.06339938938617706,-0.01750178448855877,1.3916785717010498,-0.8803502917289734,0.05005580186843872,0.6745308041572571,1.8065611124038696,-0.8216713666915894,0.09310872107744217,0.022127976641058922,1.3077194690704346,-0.8922873735427856,0.08187372237443924,0.642394483089447,1.7309110164642334,-0.8568471074104309,0.12217345833778381,-0.0003413451195228845,1.2818423509597778,-0.8209214210510254,0.10371656715869904,0.6324933767318726,1.701300859451294,-0.8638623952865601,0.12348915636539459,0.000749593717046082,1.3053370714187622,-0.862071692943573,0.09192783385515213,0.5703281164169312,2.487697124481201,-0.1801595687866211,0.0027105994522571564,0.13030020892620087,2.493725538253784,0.1851995885372162,0.0016475656302645802,0.5384481549263,3.265718936920166,0.21632838249206543,0.013239318504929543,0.18015140295028687,3.246023416519165,0.6473795175552368,0.01087469793856144,0.5864919424057007,4.038297653198242,1.4920626878738403,0.0012499960139393806,0.2765038311481476,4.009598255157471,1.5644360780715942,0.000824153539724648,0.6097838878631592,4.164494037628174,1.5844560861587524,0.0010358075378462672,0.2952563166618347,4.114685535430908,1.637648344039917,0.0007000034092925489,0.5288680195808411,4.318596839904785,0.854327380657196,0.002872319193556905,0.32038459181785583,4.320013046264648,0.9353979825973511,0.001996041974052787
6,squat,1,0.2658238410949707,1.0175789594650269,-2.8124842643737793,0.9964045286178589,0.3204572796821594,0.885918378829956,-2.7842586040496826,0.9962373375892639,0.3526652455329895,0.8748858571052551,-2.7846477031707764,0.996738612651825,0.3797304034233093,0.8641481995582581,-2.785309314727783,0.9963024258613586,0.1945308893918991,0.9022694230079651,-2.785244941711426,0.9955000281333923,0.1533002257347107,0.901996910572052,-2.7855844497680664,0.9953531622886658,0.11977078765630722,0.9001989960670471,-2.785646915435791,0.9937149882316589,0.42470210790634155,0.8488919734954834,-2.139263153076172,0.9969668984413147,0.08798754215240479,0.892206609249115,-2.135852098464966,0.9941031336784363,0.3443548083305359,1.0951943397521973,-2.5200676918029785,0.9796350598335266,0.21514959633350372,1.1104609966278076,-2.5233514308929443,0.9687687158584595,0.6540908813476562,1.2371708154678345,-1.549989938735962,0.8836627006530762,-0.04075951129198074,1.3351387977600098,-1.2437169551849365,0.6628228425979614,0.7824770212173462,1.5842722654342651,-1.0771369934082031,0.09029915928840637,-0.15018388628959656,1.6878209114074707,-0.8360930681228638,0.059284452348947525,0.6749943494796753,1.7638438940048218,-0.7036834955215454,0.058851346373558044,-0.015306149609386921,1.2892323732376099,-0.8488057255744934,0.046722061932086945,0.6753949522972107,1.8640663623809814,-0.6506677865982056,0.08624778687953949,0.025187265127897263,1.1970082521438599,-0.8642067909240723,0.07600058615207672,0.6418867707252502,1.7904677391052246,-0.6969540119171143,0.11334109306335449,0.0018757184734568,1.1730221509933472,-0.812555193901062,0.09619776159524918,0.6328765153884888,1.7469326257705688,-0.7079485654830933,0.11456213891506195,0.002088902285322547,1.1989003419876099,-0.8392322659492493,0.08541998267173767,0.5750864744186401,2.4805283546447754,-0.2092505693435669,0.0025259354151785374,0.1351519674062729,2.4839682579040527,0.21469852328300476,0.001542526064440608,0.533014178276062,3.1505861282348633,-0.0858873799443245,0.01249783020466566,0.1677309274673462,3.1475958824157715,0.37845903635025024,0.010421530343592167,0.5869129300117493,3.9060866832733154,1.0411897897720337,0.0011690107639878988,0.2867428958415985,3.852269172668457,1.2216066122055054,0.0007922822260297835,0.6104174852371216,4.039853572845459,1.1153504848480225,0.0009548616362735629,0.3116169571876526,3.947359561920166,1.287983775138855,0.0006874874816276133,0.5174366235733032,4.153141975402832,0.4029103219509125,0.0026474311016499996,0.3137762248516083,4.143128395080566,0.5966232419013977,0.0019430153770372272
7,squat,1,0.2718331217765808,1.017577886581421,-3.4646449089050293,0.996273398399353,0.3243655562400818,0.8851655125617981,-3.4450926780700684,0.9961593151092529,0.3557785153388977,0.8739556074142456,-3.445225238800049,0.9966459274291992,0.3829675316810608,0.8630848526954651,-3.4460151195526123,0.9961923956871033,0.19848662614822388,0.9022268056869507,-3.455591917037964,0.9954155087471008,0.15510936081409454,0.9021066427230835,-3.456141710281372,0.9952762126922607,0.12038711458444595,0.9008675217628479,-3.456171751022339,0.9936339259147644,0.4280838966369629,0.8476229906082153,-2.7452609539031982,0.9968985319137573,0.08815844357013702,0.8944708704948425,-2.789522647857666,0.9940798878669739,0.34881699085235596,1.0950343608856201,-3.140080451965332,0.979648768901825,0.21996381878852844,1.1128886938095093,-3.1574199199676514,0.9688366651535034,0.6632115244865417,1.2321546077728271,-1.94259774684906,0.8908518552780151,-0.04199449345469475,1.335553765296936,-1.7368662357330322,0.6788320541381836,0.7942163348197937,1.5951826572418213,-1.1710989475250244,0.08991365134716034,-0.153118297457695,1.7499040365219116,-0.913256824016571,0.056950218975543976,0.6960991621017456,1.7941136360168457,-0.7141730785369873,0.055879443883895874,-0.015932844951748848,1.5374608039855957,-0.9113990068435669,0.04344810172915459,0.6941550970077515,1.9022351503372192,-0.6286627054214478,0.0812801867723465,0.02662729099392891,1.5079425573349,-0.8915484547615051,0.07034294307231903,0.6597369909286499,1.8260600566864014,-0.6978806257247925,0.10690750926733017,0.00423084944486618,1.450635313987732,-0.8710051774978638,0.08903393149375916,0.6531652212142944,1.7801933288574219,-0.7193470597267151,0.10799577087163925,0.0033386959694325924,1.455864667892456,-0.9014581441879272,0.07930482923984528,0.5742156505584717,2.474632978439331,-0.19758257269859314,0.002502868417650461,0.1309376358985901,2.4759902954101562,0.20285150408744812,0.0015224070521071553,0.5426339507102966,3.1835763454437256,0.01935621351003647,0.011908804066479206,0.16771350800991058,3.1649811267852783,0.39986270666122437,0.010083124041557312,0.5946551561355591,3.9554433822631836,1.4308500289916992,0.0010887345997616649,0.28117841482162476,3.9345204830169678,1.3091380596160889,0.0007692565559409559,0.6134069561958313,4.0813984870910645,1.529552936553955,0.0008776292088441551,0.3039184808731079,4.042283535003662,1.3761301040649414,0.0006882259622216225,0.5279455184936523,4.254134178161621,0.7487679123878479,0.002433944493532181,0.3160354495048523,4.245205879211426,0.659016489982605,0.0019148695282638073
8,squat,1,0.27234017848968506,1.012299656867981,-2.7851808071136475,0.9957528114318848,0.3245992064476013,0.8803281784057617,-2.7704811096191406,0.995752215385437,0.3558100759983063,0.8674965500831604,-2.771059513092041,0.9962647557258606,0.3826492428779602,0.8556665182113647,-2.7719297409057617,0.9957793354988098,0.1987755447626114,0.9009898900985718,-2.756636142730713,0.9949436783790588,0.15534764528274536,0.9016126990318298,-2.756709337234497,0.9947723150253296,0.12074172496795654,0.9007591605186462,-2.7568421363830566,0.9930291771888733,0.42767977714538574,0.8391888737678528,-2.1372463703155518,0.996630847454071,0.09063885360956192,0.8942425847053528,-2.0528512001037598,0.9934484362602234,0.3508957326412201,1.0880311727523804,-2.496993064880371,0.9797167181968689,0.22624316811561584,1.1100080013275146,-2.4767770767211914,0.9687435626983643,0.6548625230789185,1.1808850765228271,-1.5501823425292969,0.8948972225189209,-0.028768006712198257,1.3209913969039917,-1.148803472518921,0.6890925168991089,0.7935810089111328,1.5776187181472778,-1.1720938682556152,0.08923367410898209,-0.14444178342819214,1.7312463521957397,-0.7041159868240356,0.055920667946338654,0.69746333360672,1.7606269121170044,-1.0282080173492432,0.0537966825067997,-0.013030176982283592,1.5120102167129517,-0.8301339149475098,0.043182361871004105,0.699745774269104,1.8578665256500244,-1.0217896699905396,0.07799272984266281,0.02617703378200531,1.4734575748443604,-0.8414031267166138,0.06862827390432358,0.6618579626083374,1.78676176071167,-1.0723164081573486,0.10256554931402206,0.005979699082672596,1.4206314086914062,-0.810745894908905,0.08674097806215286,0.65432208776474,1.7473949193954468,-1.0418412685394287,0.10354842245578766,0.006136327050626278,1.4319579601287842,-0.8242679834365845,0.07792410999536514,0.5754743814468384,2.432831287384033,-0.21671564877033234,0.0023744511418044567,0.13147249817848206,2.4356141090393066,0.2216850072145462,0.001442845445126295,0.5734022259712219,3.304809093475342,0.03317226469516754,0.011271830648183823,0.19394144415855408,3.2917871475219727,0.5772978067398071,0.009540864266455173,0.5967491269111633,4.142673492431641,1.2798426151275635,0.0010258129332214594,0.278245747089386,4.123266220092773,1.395387887954712,0.00073074153624475,0.6144124865531921,4.270200252532959,1.352487325668335,0.0008044759160839021,0.29478034377098083,4.232325077056885,1.4528207778930664,0.0006775210495106876,0.5284131169319153,4.4292192459106445,0.45869240164756775,0.002233332023024559,0.3150164783000946,4.4393463134765625,0.64109206199646,0.00182900030631572
9,squat,1,0.273840069770813,1.0181844234466553,-3.1093266010284424,0.9949443340301514,0.32543089985847473,0.8857151865959167,-3.0994019508361816,0.9950193166732788,0.3565599024295807,0.8735686540603638,-3.0995922088623047,0.9955187439918518,0.38375186920166016,0.8615571856498718,-3.1005280017852783,0.9950966238975525,0.20038679242134094,0.9055664539337158,-3.1117751598358154,0.9940791726112366,0.15683235228061676,0.9063257575035095,-3.1124625205993652,0.9937617778778076,0.12194089591503143,0.9054422974586487,-3.1124401092529297,0.9918954372406006,0.43046608567237854,0.8411546349525452,-2.476147174835205,0.9957926273345947,0.09076470881700516,0.8961785435676575,-2.5262033939361572,0.9921380877494812,0.3513847887516022,1.092224359512329,-2.816298723220825,0.9731718301773071,0.22628454864025116,1.1155681610107422,-2.834136724472046,0.9589076042175293,0.6498878002166748,1.1946171522140503,-1.7758451700210571,0.8933632373809814,-0.03350212424993515,1.3209261894226074,-1.591840386390686,0.6797504425048828,0.7890630960464478,1.554872989654541,-1.0755388736724854,0.086055688560009,-0.15939103066921234,1.6378655433654785,-0.8688963055610657,0.05678246170282364,0.6956642866134644,1.7365387678146362,-0.3972174823284149,0.05000677704811096,-0.025388414040207863,1.2607388496398926,-0.2982122004032135,0.04113619029521942,0.6981148719787598,1.8247220516204834,-0.2660321295261383,0.07237173616886139,0.014654268510639668,1.148741364479065,-0.21386849880218506,0.06429237872362137,0.6655579805374146,1.756215214729309,-0.32141709327697754,0.0950833410024643,-0.01475872378796339,1.1203099489212036,-0.1601818948984146,0.08095164597034454,0.6556306481361389,1.7240865230560303,-0.39641672372817993,0.09608994424343109,-0.012668535113334656,1.1575162410736084,-0.267028272151947,0.07298699766397476,0.5546014308929443,2.4453489780426025,-0.20652063190937042,0.0025072030257433653,0.11713957786560059,2.4440178871154785,0.2122131586074829,0.001503301435150206,0.5239781141281128,3.212278127670288,0.1965714991092682,0.011628064326941967,0.16401399672031403,3.2138516902923584,0.7723802924156189,0.010601421818137169,0.552587628364563,4.0364460945129395,1.4673540592193604,0.0010380948660895228,0.2656428813934326,4.043762683868408,1.6756601333618164,0.0008268814999610186,0.5704723000526428,4.1899261474609375,1.5644394159317017,0.0007874412112869322,0.28582215309143066,4.210803031921387,1.7531992197036743,0.0007815698045305908,0.4951818883419037,4.289041519165039,0.9577561616897583,0.002144117606803775,0.29885774850845337,4.317843914031982,1.1565709114074707,0.0019250028999522328
10,squat,1,0.27395039796829224,1.0198369026184082,-2.9891772270202637,0.9941083788871765,0.32449090480804443,0.8865380883216858,-3.002218008041382,0.9945096373558044,0.3556889593601227,0.8743147253990173,-3.002422332763672,0.9948976635932922,0.3829133212566376,0.8619868159294128,-3.0035576820373535,0.9947749376296997,0.20029166340827942,0.9065504670143127,-2.971193552017212,0.9931532740592957,0.1574098914861679,0.9075765609741211,-2.971691608428955,0.9922664761543274,0.1223616823554039,0.9069146513938904,-2.97160005569458,0.9905931949615479,0.4304891526699066,0.8412242531776428,-2.4322752952575684,0.9953547716140747,0.09578265994787216,0.8969935178756714,-2.286285638809204,0.990176260471344,0.35185515880584717,1.0960828065872192,-2.7271761894226074,0.9715182185173035,0.2270236313343048,1.1169308423995972,-2.6822991371154785,0.9547191262245178,0.667497992515564,1.2304524183273315,-1.8169034719467163,0.8934504985809326,-0.0070246742106974125,1.3221110105514526,-1.339604139328003,0.6749252676963806,0.8243695497512817,1.5791620016098022,-1.7280794382095337,0.08899985998868942,-0.1195259839296341,1.6613165140151978,-0.5987951755523682,0.05567764490842819,0.6941770315170288,1.7022438049316406,-1.7037118673324585,0.05164717882871628,0.03887394815683365,1.277697205543518,-0.15313765406608582,0.03997252136468887,0.6973634958267212,1.756744384765625,-1.7260547876358032,0.07265166938304901,0.08192313462495804,1.1680082082748413,-0.10025850683450699,0.06123834475874901,0.6570321321487427,1.682083010673523,-1.7124131917953491,0.09493701159954071,0.05383194237947464,1.126312255859375,-0.02671465277671814,0.07695739716291428,0.6496474146842957,1.6698012351989746,-1.695676565170288,0.09599717706441879,0.05624706298112869,1.181254267692566,-0.12292834371328354,0.06984809786081314,0.5827151536941528,2.475234270095825,-0.24376937747001648,0.0024783264379948378,0.1423799693584442,2.4531898498535156,0.24969694018363953,0.00146636797580868,0.5519979000091553,3.3280041217803955,0.3354392349720001,0.010761997662484646,0.19282081723213196,3.2850518226623535,1.128654956817627,0.009953371249139309,0.5629711747169495,4.093742370605469,1.7713117599487305,0.0009437049156986177,0.27074459195137024,4.0317535400390625,2.341944694519043,0.0007607095176354051,0.5774955153465271,4.231409549713135,1.886174201965332,0.0007136745261959732,0.28834158182144165,4.149399280548096,2.45729923248291,0.0007243699510581791,0.5018802881240845,4.352058410644531,1.1613843441009521,0.0019489859696477652,0.305751234292984,4.323637962341309,1.7322766780853271,0.0017968747997656465
11,squat,1,0.27406445145606995,1.0205849409103394,-3.4360344409942627,0.9939365983009338,0.32539132237434387,0.8883166909217834,-3.3976645469665527,0.9943340420722961,0.357136070728302,0.8768050074577332,-3.397897243499756,0.9946897625923157,0.3845757246017456,0.865135908126831,-3.3988125324249268,0.9946138262748718,0.19916146993637085,0.908377468585968,-3.3975460529327393,0.9928184151649475,0.1560991257429123,0.9099046587944031,-3.398221254348755,0.991771936416626,0.12161464989185333,0.9101842641830444,-3.3982131481170654,0.9900195598602295,0.4337213933467865,0.8471212983131409,-2.698706865310669,0.9951154589653015,0.09116470068693161,0.9095223546028137,-2.6763803958892822,0.9895983338356018,0.3535931408405304,1.0980778932571411,-3.1198527812957764,0.9677990674972534,0.22554652392864227,1.1225314140319824,-3.118455410003662,0.9462904930114746,0.6669011116027832,1.282739281654358,-2.0135855674743652,0.8860793709754944,-0.010754192247986794,1.3298583030700684,-1.703041434288025,0.6495797038078308,0.8243277668952942,1.582762360572815,-1.4854614734649658,0.09007716178894043,-0.1197596937417984,1.5700161457061768,-1.0736942291259766,0.06117548421025276,0.7151533365249634,1.7036360502243042,-1.085556983947754,0.04843593388795853,0.03778763860464096,1.0598422288894653,-0.5653111338615417,0.03857572004199028,0.7140100002288818,1.7714159488677979,-0.9996029138565063,0.06767145544290543,0.08416467159986496,0.9206979870796204,-0.5474017262458801,0.05781130492687225,0.6825805902481079,1.6922242641448975,-1.0611971616744995,0.08830824494361877,0.051862381398677826,0.8964054584503174,-0.496467262506485,0.07224021106958389,0.6756033301353455,1.6712861061096191,-1.0903531312942505,0.0895683765411377,0.05360610410571098,0.9469236731529236,-0.5474227666854858,0.06575626134872437,0.5774239301681519,2.525888681411743,-0.24414780735969543,0.0025152426678687334,0.14078958332538605,2.472296953201294,0.24931307137012482,0.0015002319123595953,0.48054203391075134,3.150081157684326,0.06578843295574188,0.010856464505195618,0.14568154513835907,3.076340913772583,0.878986656665802,0.010799041949212551,0.541919469833374,3.816563844680786,1.520482063293457,0.000956812989898026,0.2735517621040344,3.683293342590332,1.9659227132797241,0.0008453162736259401,0.5703694224357605,3.9609146118164062,1.639487624168396,0.0007105259574018419,0.30629783868789673,3.766606092453003,2.070563554763794,0.0008466928265988827,0.459583580493927,3.9965837001800537,1.1285045146942139,0.0018756445497274399,0.30340471863746643,3.952687978744507,1.459423303604126,0.0019284533336758614
12,squat,1,0.27793920040130615,1.0220633745193481,-2.5450844764709473,0.9925163388252258,0.32621997594833374,0.889278769493103,-2.5324530601501465,0.9930692911148071,0.357931911945343,0.8772338628768921,-2.5330471992492676,0.9934609532356262,0.3852764070034027,0.8651883602142334,-2.53397536277771,0.9934102296829224,0.1999170482158661,0.9122678637504578,-2.5210678577423096,0.991218090057373,0.15734434127807617,0.9153977036476135,-2.5210742950439453,0.9899556636810303,0.12354972213506699,0.9171620607376099,-2.5212340354919434,0.9880234003067017,0.43485647439956665,0.8463310599327087,-1.9472830295562744,0.9941746592521667,0.09539035707712173,0.9144521951675415,-1.8714606761932373,0.9877501130104065,0.3589528203010559,1.0977140665054321,-2.2753469944000244,0.966632068157196,0.23425443470478058,1.1241036653518677,-2.2577462196350098,0.9445872902870178,0.6526615619659424,1.1628648042678833,-1.3900173902511597,0.8888105750083923,0.011945128440856934,1.3287389278411865,-1.0473016500473022,0.6569017171859741,0.8249492645263672,1.5781242847442627,-1.0486443042755127,0.08764813840389252,-0.09668616950511932,1.5789450407028198,-0.5157781839370728,0.05930517241358757,0.7272636294364929,1.7393815517425537,-0.8037516474723816,0.045925792306661606,0.04056968167424202,1.12592613697052,-0.2541406750679016,0.03707883507013321,0.7340982556343079,1.8322672843933105,-0.7746647596359253,0.06405135989189148,0.08212389051914215,1.0241106748580933,-0.23471084237098694,0.054927513003349304,0.6941808462142944,1.7691839933395386,-0.8200410008430481,0.08356134593486786,0.05267215520143509,1.0186471939086914,-0.17833450436592102,0.0685819685459137,0.6848194003105164,1.7351417541503906,-0.8167397379875183,0.08479827642440796,0.056480180472135544,1.0529814958572388,-0.2378552258014679,0.06280096620321274,0.5973180532455444,2.507315158843994,-0.23281046748161316,0.0023906249552965164,0.16668972373008728,2.4685752391815186,0.2379072904586792,0.0014273915439844131,0.5698622465133667,3.3248507976531982,0.09436316043138504,0.010424163192510605,0.2092575579881668,3.2838282585144043,0.6971943974494934,0.010302035138010979,0.5834054350852966,4.134429931640625,1.41744863986969,0.0009089962113648653,0.2763831913471222,4.094820976257324,1.5472464561462402,0.0008060740656219423,0.5984136462211609,4.2624688148498535,1.5044015645980835,0.0006569527322426438,0.30678772926330566,4.201962471008301,1.6189931631088257,0.0008332233992405236,0.5254507660865784,4.408137798309326,0.7007880210876465,0.0017448567086830735,0.3053991496562958,4.4096221923828125,0.7580689191818237,0.001868142280727625
13,squat,1,0.27750062942504883,1.0197430849075317,-2.8092963695526123,0.9915717840194702,0.3263342082500458,0.8883937001228333,-2.7890255451202393,0.9920625686645508,0.35800617933273315,0.876323938369751,-2.7894020080566406,0.9926366209983826,0.385311096906662,0.8640521764755249,-2.790227174758911,0.9926292300224304,0.19998399913311005,0.9097387790679932,-2.7898173332214355,0.9897886514663696,0.15762171149253845,0.911626935005188,-2.7901253700256348,0.988339900970459,0.12362400442361832,0.9119608402252197,-2.790180206298828,0.9859937429428101,0.43500852584838867,0.843741774559021,-2.132321834564209,0.9935594797134399,0.09786821901798248,0.9035212397575378,-2.1226439476013184,0.9854209423065186,0.35862505435943604,1.094173550605774,-2.511993169784546,0.960797905921936,0.232102632522583,1.1170814037322998,-2.516632080078125,0.9328295588493347,0.6277493834495544,1.118497371673584,-1.4777698516845703,0.8839913606643677,0.009180184453725815,1.2984787225723267,-1.2312979698181152,0.6350351572036743,0.8055161237716675,1.49649178981781,-1.0968165397644043,0.08760625123977661,-0.08109496533870697,1.468246579170227,-0.7028651833534241,0.05941168591380119,0.6930893659591675,1.6052733659744263,-0.807226836681366,0.04324282705783844,0.09838126599788666,1.0258997678756714,-0.3864429295063019,0.03534957021474838,0.6932717561721802,1.6795086860656738,-0.7696544528007507,0.060134779661893845,0.15449994802474976,0.9072085022926331,-0.3714347183704376,0.051767587661743164,0.659050703048706,1.6165614128112793,-0.8087078928947449,0.07844781875610352,0.11649458110332489,0.9015789031982422,-0.29860085248947144,0.06447353959083557,0.6537532806396484,1.5845509767532349,-0.8123958706855774,0.07958848029375076,0.11627575010061264,0.9402113556861877,-0.36531585454940796,0.059108931571245193,0.5952784419059753,2.477181911468506,-0.25905120372772217,0.002313026925548911,0.16632281243801117,2.4380648136138916,0.2641744911670685,0.0013814031844958663,0.529932975769043,3.206418752670288,-0.05280677229166031,0.010510080493986607,0.19898419082164764,3.1513583660125732,0.7418261766433716,0.010157656855881214,0.5643609762191772,4.067670822143555,1.1371703147888184,0.0008992726798169315,0.2782028317451477,3.9850399494171143,1.5836716890335083,0.0007986366981640458,0.5898684859275818,4.225119590759277,1.2185773849487305,0.0006337035447359085,0.30815941095352173,4.098938465118408,1.6381311416625977,0.0008365697576664388,0.49463263154029846,4.307065963745117,0.5012391805648804,0.001662836642935872,0.2954672574996948,4.332531929016113,0.9403084516525269,0.0018487145425751805
14,squat,1,0.27991968393325806,1.0217589139938354,-3.4073493480682373,0.9913637638092041,0.3300049304962158,0.8910055756568909,-3.36588716506958,0.9918094277381897,0.3611205220222473,0.8794017434120178,-3.365800380706787,0.992435097694397,0.38776999711990356,0.8676413893699646,-3.3664956092834473,0.9923598170280457,0.20450541377067566,0.9133221507072449,-3.3732712268829346,0.9894647598266602,0.16187706589698792,0.9153611660003662,-3.3739383220672607,0.9879857897758484,0.12739668786525726,0.9152948260307312,-3.373940944671631,0.9855284094810486,0.4360888600349426,0.8484194874763489,-2.6364870071411133,0.9932686686515808,0.09848850965499878,0.9059667587280273,-2.651658535003662,0.9853420853614807,0.35946977138519287,1.0969256162643433,-3.0761094093322754,0.9550136923789978,0.23191261291503906,1.1187779903411865,-3.0847527980804443,0.9242536425590515,0.5980509519577026,1.1098750829696655,-1.8736114501953125,0.8739171028137207,0.007278871722519398,1.2991052865982056,-1.709139108657837,0.6143840551376343,0.8016213178634644,1.4719089269638062,-1.239760160446167,0.09124309569597244,-0.08419446647167206,1.4545567035675049,-1.0675017833709717,0.06782183796167374,0.6817857027053833,1.5374175310134888,-0.8002894520759583,0.042014364153146744,0.09533869475126266,0.9723710417747498,-0.5113291144371033,0.03579874709248543,0.6769298911094666,1.5918266773223877,-0.737821638584137,0.05762120336294174,0.15712523460388184,0.8402891755104065,-0.49159497022628784,0.05051286146044731,0.6452564001083374,1.5280028581619263,-0.780843198299408,0.07496815174818039,0.11912554502487183,0.8220504522323608,-0.42982354760169983,0.06245090067386627,0.6405486464500427,1.5030696392059326,-0.8017644882202148,0.07622519135475159,0.11502696573734283,0.8672874569892883,-0.4886152148246765,0.05728408694267273,0.5821065306663513,2.4768834114074707,-0.2558891475200653,0.002386665204539895,0.164446160197258,2.438727378845215,0.26081743836402893,0.0015032293740659952,0.48593273758888245,2.910905361175537,-0.18699613213539124,0.010772818699479103,0.100236676633358,2.8644468784332275,0.11453492939472198,0.01167813129723072,0.5218042135238647,3.5998849868774414,1.1005758047103882,0.0009604587685316801,0.27127930521965027,3.4863789081573486,1.1786177158355713,0.0009035560651682317,0.5499045848846436,3.736499547958374,1.1941723823547363,0.0006783102289773524,0.3082123398780823,3.5604746341705322,1.268998146057129,0.0009514153935015202,0.44495049118995667,3.780331611633301,0.5421170592308044,0.0016906476812437177,0.2695389688014984,3.760468006134033,0.654881477355957,0.002000895794481039
15,squat,1,0.2799080014228821,1.0210041999816895,-3.012577533721924,0.9914116859436035,0.3300631046295166,0.8898820877075195,-3.01733660697937,0.9919134378433228,0.3616119921207428,0.8781613707542419,-3.017810821533203,0.9926238059997559,0.3885655701160431,0.8663281798362732,-3.018928289413452,0.9924615025520325,0.20400285720825195,0.9129763841629028,-2.9926745891571045,0.9896019101142883,0.16189710795879364,0.9152396321296692,-2.9925405979156494,0.9882815480232239,0.12753617763519287,0.915267825126648,-2.992417573928833,0.9857318997383118,0.4387737214565277,0.8479788899421692,-2.407001495361328,0.993497371673584,0.09929458796977997,0.907130241394043,-2.256420135498047,0.9858455061912537,0.3601263165473938,1.0962399244308472,-2.72697114944458,0.9581316709518433,0.23211248219013214,1.1189404726028442,-2.687319278717041,0.9293168187141418,0.651214599609375,1.1631697416305542,-1.7934484481811523,0.8811855912208557,0.004252350423485041,1.3098257780075073,-1.2983027696609497,0.637516975402832,0.8482510447502136,1.5072555541992188,-1.574326515197754,0.09345853328704834,-0.08737257122993469,1.7136619091033936,-0.6751081943511963,0.06714005768299103,0.7246308922767639,1.6555243730545044,-1.7368638515472412,0.04872577637434006,0.08547823131084442,1.5921388864517212,-0.5394264459609985,0.04060312360525131,0.7322842478752136,1.741756796836853,-1.8062756061553955,0.0636969730257988,0.11461634933948517,1.5889708995819092,-0.5572872757911682,0.05473855510354042,0.6764450073242188,1.6787880659103394,-1.8352525234222412,0.08201763778924942,0.11725276708602905,1.5308821201324463,-0.5764726400375366,0.06774736940860748,0.667230486869812,1.6514102220535278,-1.7501509189605713,0.08444938063621521,0.10812950134277344,1.5296648740768433,-0.5571568608283997,0.06394979357719421,0.5999326109886169,2.4588370323181152,-0.25974345207214355,0.0022852530237287283,0.16326211392879486,2.4400594234466553,0.26501306891441345,0.0014342106878757477,0.5899752378463745,3.3347315788269043,0.06421646475791931,0.009886111132800579,0.1784432828426361,3.3186380863189697,0.9561947584152222,0.01067311316728592,0.5865256190299988,4.182875156402588,1.4019463062286377,0.0008867302094586194,0.26913732290267944,4.157219886779785,2.169712543487549,0.0008213006076402962,0.6000209450721741,4.322463035583496,1.4879026412963867,0.0006204345845617354,0.2916804254055023,4.276899814605713,2.2741599082946777,0.0008774155867286026,0.5208843350410461,4.479558944702148,0.596227765083313,0.0015383238205686212,0.27439674735069275,4.48928165435791,1.323277473449707,0.001841017627157271
16,squat,1,0.28168797492980957,1.0207509994506836,-3.0924713611602783,0.9916887283325195,0.3319200873374939,0.8897829651832581,-3.061239242553711,0.9922730326652527,0.36401498317718506,0.878154993057251,-3.061678409576416,0.9929540157318115,0.3912791311740875,0.8663896322250366,-3.06269907951355,0.9927813410758972,0.20443487167358398,0.9129075407981873,-3.053408622741699,0.9900003671646118,0.16245616972446442,0.9152083992958069,-3.0537219047546387,0.9887873530387878,0.12833580374717712,0.9153055548667908,-3.053727388381958,0.9863012433052063,0.44242995977401733,0.8495789170265198,-2.406263589859009,0.9938045740127563,0.09898882359266281,0.9111471772193909,-2.3006858825683594,0.9864687919616699,0.3621101975440979,1.0962843894958496,-2.786050319671631,0.9605661630630493,0.2329190969467163,1.119998574256897,-2.7748448848724365,0.9330159425735474,0.671559751033783,1.2372022867202759,-1.7845745086669922,0.8872129321098328,-0.005169789772480726,1.3449712991714478,-1.351355791091919,0.6482846140861511,0.8508021235466003,1.571647047996521,-1.4657013416290283,0.09509444236755371,-0.10521465539932251,1.7280051708221436,-0.7289624214172363,0.06601106375455856,0.7420843243598938,1.738632082939148,-1.3468058109283447,0.046843092888593674,0.05071490257978439,1.4720799922943115,-0.61273193359375,0.038264427334070206,0.7483581304550171,1.837653636932373,-1.3393959999084473,0.0604204460978508,0.08786660432815552,1.4207099676132202,-0.6118303537368774,0.05115089192986488,0.695759654045105,1.773301601409912,-1.378190517425537,0.0777459591627121,0.07806403189897537,1.3787118196487427,-0.60157310962677,0.06329198181629181,0.6883503198623657,1.7331236600875854,-1.3559622764587402,0.08022720366716385,0.06638269126415253,1.3941147327423096,-0.6152545213699341,0.05991834029555321,0.5990397930145264,2.5069007873535156,-0.25838321447372437,0.0024612052366137505,0.14778107404708862,2.4980878829956055,0.26338517665863037,0.0015128470258787274,0.5777528285980225,3.3928093910217285,0.21470876038074493,0.00943007878959179,0.18055841326713562,3.3589894771575928,0.8315149545669556,0.010261980816721916,0.5860512852668762,4.218931674957275,1.6443859338760376,0.0008292525308206677,0.250936895608902,4.188782691955566,1.9253952503204346,0.0007894104346632957,0.6006885766983032,4.364248275756836,1.7452436685562134,0.0005723397480323911,0.2666359841823578,4.313046932220459,2.0161659717559814,0.000872634060215205,0.521337628364563,4.510496616363525,0.8926745653152466,0.0014302521012723446,0.27539676427841187,4.526059627532959,1.1776496171951294,0.0018325141863897443
17,squat,1,0.2817232310771942,1.0199865102767944,-3.0369315147399902,0.9922670125961304,0.33232858777046204,0.889741837978363,-2.977173328399658,0.9928238987922668,0.36465969681739807,0.8781921863555908,-2.9774818420410156,0.9934458136558533,0.39192426204681396,0.866657018661499,-2.9781031608581543,0.9932568073272705,0.20435360074043274,0.9127333760261536,-2.9863059520721436,0.9907367825508118,0.1624792516231537,0.9151412844657898,-2.9868226051330566,0.9896392822265625,0.12846145033836365,0.9152898788452148,-2.987121820449829,0.9873225688934326,0.44269925355911255,0.8522793650627136,-2.2546792030334473,0.9942303895950317,0.09799957275390625,0.9134156107902527,-2.272080898284912,0.9875179529190063,0.36321336030960083,1.0962826013565063,-2.7224295139312744,0.9629996418952942,0.23284120857715607,1.1200088262557983,-2.7350919246673584,0.9373133182525635,0.6694190502166748,1.254082202911377,-1.6129086017608643,0.8883061408996582,-0.006166782230138779,1.3617808818817139,-1.3665891885757446,0.648483157157898,0.8349825739860535,1.5682018995285034,-1.1363106966018677,0.09267929196357727,-0.10854782164096832,1.7133766412734985,-1.1116535663604736,0.06493443995714188,0.7368534803390503,1.6396863460540771,-0.7340313196182251,0.04473929479718208,0.044984690845012665,1.3999286890029907,-1.0516419410705566,0.036221250891685486,0.7415600419044495,1.7005945444107056,-0.6630760431289673,0.057667020708322525,0.08611912280321121,1.3322453498840332,-1.0617345571517944,0.04831204563379288,0.7001007199287415,1.635633945465088,-0.6997441649436951,0.07421661913394928,0.07422927021980286,1.3096438646316528,-0.9949590563774109,0.0596647635102272,0.6933284401893616,1.607298731803894,-0.7372633218765259,0.07653956860303879,0.06197159364819527,1.3291000127792358,-1.0350245237350464,0.05655486509203911,0.596450686454773,2.5288796424865723,-0.2464708834886551,0.002520234091207385,0.14955256879329681,2.5295677185058594,0.2508919835090637,0.0015770132886245847,0.5716067552566528,3.3279917240142822,0.14844393730163574,0.00944850780069828,0.18532153964042664,3.3023903369903564,0.6414633393287659,0.010036748833954334,0.593326985836029,4.126595973968506,1.388303518295288,0.0008277550805360079,0.2696853578090668,4.089043140411377,1.5202836990356445,0.0008008440490812063,0.6160815358161926,4.263235092163086,1.4666759967803955,0.0005540442070923746,0.2909514307975769,4.19793176651001,1.5879439115524292,0.0009060695883817971,0.5277727842330933,4.399077892303467,0.6948482990264893,0.0014071357436478138,0.2879723608493805,4.409332752227783,0.8489266633987427,0.0019448804669082165
18,squat,1,0.28196805715560913,1.0196541547775269,-3.2518908977508545,0.9926953315734863,0.3344671428203583,0.8897349238395691,-3.190330982208252,0.9932863116264343,0.3668680489063263,0.878363847732544,-3.19073486328125,0.9938755631446838,0.39400970935821533,0.8674148321151733,-3.191460609436035,0.9936642646789551,0.2043895274400711,0.9127075672149658,-3.208430767059326,0.991316556930542,0.16247718036174774,0.9151845574378967,-3.2090930938720703,0.9903355836868286,0.1284896433353424,0.91568523645401,-3.209235429763794,0.9881125092506409,0.44405466318130493,0.8573798537254333,-2.4056077003479004,0.994613766670227,0.09174152463674545,0.9191922545433044,-2.4836301803588867,0.9883626103401184,0.3633008897304535,1.0983409881591797,-2.915022373199463,0.9652066826820374,0.22905616462230682,1.1228522062301636,-2.9409162998199463,0.9410260319709778,0.667859673500061,1.283942699432373,-1.7596776485443115,0.8941965699195862,-0.045626018196344376,1.3871196508407593,-1.5154554843902588,0.6589348912239075,0.8334587216377258,1.5934021472930908,-1.5416628122329712,0.0933007225394249,-0.14362624287605286,1.8034958839416504,-1.1641013622283936,0.06282377243041992,0.7335119247436523,1.666161298751831,-1.5606697797775269,0.04305708035826683,0.011145027354359627,1.5136373043060303,-1.2099759578704834,0.03422243148088455,0.7373760938644409,1.736190676689148,-1.5610238313674927,0.05501939728856087,0.058880358934402466,1.460254192352295,-1.2190253734588623,0.04542169347405434,0.6968749761581421,1.666368842124939,-1.5924084186553955,0.07083354890346527,0.03690362349152565,1.4092433452606201,-1.1774842739105225,0.05610205978155136,0.6900408864021301,1.6340631246566772,-1.5679107904434204,0.07309743762016296,0.02458871901035309,1.4246772527694702,-1.1979835033416748,0.05326303839683533,0.5726655125617981,2.5485446453094482,-0.244895339012146,0.00262833246961236,0.11743444204330444,2.555034637451172,0.24955645203590393,0.001628333586268127,0.5599468946456909,3.3269431591033936,0.10016026347875595,0.009099594317376614,0.16832049190998077,3.2990787029266357,0.5939777493476868,0.00969968643039465,0.5894513130187988,4.124883651733398,1.4032232761383057,0.000779444701038301,0.25111156702041626,4.078287124633789,1.542311429977417,0.0007793257827870548,0.6131707429885864,4.267460823059082,1.4915497303009033,0.0005176680278964341,0.2698788344860077,4.194684982299805,1.6168874502182007,0.0009037406998686492,0.5209494233131409,4.4021453857421875,0.6989710927009583,0.0013212510384619236,0.2792029082775116,4.3925957679748535,0.8378195762634277,0.001949814846739173
19,squat,1,0.28357750177383423,1.0162321329116821,-3.4458084106445312,0.9930510520935059,0.3371840715408325,0.8850213289260864,-3.3998851776123047,0.9936196208000183,0.36899369955062866,0.8735769987106323,-3.4003424644470215,0.9942000508308411,0.3954748511314392,0.8633984327316284,-3.4012668132781982,0.9939470291137695,0.20736193656921387,0.9091821908950806,-3.4205422401428223,0.991757333278656,0.16468052566051483,0.9121567606925964,-3.421032667160034,0.9908954501152039,0.1298815757036209,0.9128240942955017,-3.421276092529297,0.9887245297431946,0.44404321908950806,0.8533049821853638,-2.618889331817627,0.9949001669883728,0.09171156585216522,0.9157324433326721,-2.7113699913024902,0.9891474843025208,0.36373084783554077,1.0950603485107422,-3.0974323749542236,0.9675508737564087,0.2289522886276245,1.1223673820495605,-3.1285877227783203,0.9452569484710693,0.6275342106819153,1.1793855428695679,-1.8236973285675049,0.9019324779510498,-0.05689750239253044,1.3770177364349365,-1.657867193222046,0.6764794588088989,0.8327358961105347,1.6047817468643188,-1.3358738422393799,0.09395671635866165,-0.15202635526657104,1.7964484691619873,-1.0934323072433472,0.059303078800439835,0.7596994042396545,1.8191914558410645,-1.1878292560577393,0.041006941348314285,0.008273368701338768,1.6839827299118042,-1.0291602611541748,0.03146776929497719,0.7669026255607605,1.9345084428787231,-1.157456636428833,0.05223783478140831,0.05979868769645691,1.6984124183654785,-1.0294506549835205,0.041903045028448105,0.7308856248855591,1.8705414533615112,-1.3027043342590332,0.06743350625038147,0.037619318813085556,1.6325851678848267,-1.023095726966858,0.05182912200689316,0.7212820053100586,1.8189233541488647,-1.2229899168014526,0.06954306364059448,0.025556612759828568,1.6222447156906128,-1.0261342525482178,0.0492543987929821,0.5593935251235962,2.5217792987823486,-0.21799533069133759,0.002737556118518114,0.10512477159500122,2.530308485031128,0.22312922775745392,0.0016777539858594537,0.5487841367721558,3.3017923831939697,0.10660513490438461,0.008944831788539886,0.13568171858787537,3.293178081512451,0.3945431411266327,0.009527118876576424,0.5881343483924866,4.089671611785889,1.545732021331787,0.0007547198329120874,0.24735617637634277,4.04343318939209,1.4942548274993896,0.0007831976981833577,0.6122788190841675,4.229281902313232,1.6474090814590454,0.0004932518932037055,0.2694470286369324,4.155068874359131,1.5826504230499268,0.0009458241402171552,0.520087718963623,4.363627910614014,0.8257060050964355,0.0012626033276319504,0.27781859040260315,4.360788345336914,0.7544056177139282,0.0020272841211408377
20,squat,1,0.28631922602653503,1.013413906097412,-2.9925084114074707,0.9933490753173828,0.3391171097755432,0.8803977370262146,-2.9253504276275635,0.9938634037971497,0.3703519403934479,0.8685624599456787,-2.925910472869873,0.9944431185722351,0.39663079380989075,0.8586950302124023,-2.926551580429077,0.994105875492096,0.2112504541873932,0.9066278338432312,-2.9505603313446045,0.9921733736991882,0.1680838167667389,0.91041499376297,-2.9509575366973877,0.9914367198944092,0.1333530694246292,0.9117246270179749,-2.9516189098358154,0.9893717765808105,0.44437041878700256,0.8498430252075195,-2.155081272125244,0.9950942993164062,0.09199761599302292,0.9156487584114075,-2.258045196533203,0.9899217486381531,0.36530834436416626,1.0929161310195923,-2.6581826210021973,0.9695821404457092,0.23055784404277802,1.121275782585144,-2.6934237480163574,0.9494670629501343,0.648607611656189,1.2193000316619873,-1.4215830564498901,0.9064221978187561,-0.055966414511203766,1.376130223274231,-1.419809341430664,0.6940805912017822,0.831863522529602,1.5991350412368774,-1.0029045343399048,0.09213194996118546,-0.1500464528799057,1.8022536039352417,-0.9652929306030273,0.056904420256614685,0.7509087920188904,1.7900985479354858,-0.9272564649581909,0.03924465551972389,0.007596086710691452,1.698199987411499,-0.9679383039474487,0.02927052043378353,0.7570525407791138,1.8954601287841797,-0.9121352434158325,0.05008641630411148,0.059847623109817505,1.7093448638916016,-0.9502712488174438,0.039161697030067444,0.716740608215332,1.8259562253952026,-0.9832214117050171,0.0648001879453659,0.03818256035447121,1.6501868963241577,-0.9241355061531067,0.048578813672065735,0.711466908454895,1.7841554880142212,-0.9491385221481323,0.06642560660839081,0.026199650019407272,1.6404430866241455,-0.9548120498657227,0.04616482928395271,0.559021532535553,2.530651092529297,-0.15424278378486633,0.0027071796357631683,0.1078202873468399,2.5377931594848633,0.1596909612417221,0.0016843179473653436,0.5549973249435425,3.4022512435913086,0.14991061389446259,0.009038987569510937,0.1370033323764801,3.361640691757202,0.16038984060287476,0.009191571734845638,0.5934650301933289,4.213291645050049,1.5370680093765259,0.0007402930641546845,0.2495032250881195,4.202263832092285,1.1310412883758545,0.0007667485624551773,0.6128528118133545,4.347935199737549,1.6131473779678345,0.0004701638245023787,0.2715970277786255,4.32223653793335,1.2024939060211182,0.000925595173612237,0.5381830334663391,4.506011962890625,0.6706015467643738,0.001269131083972752,0.2904163599014282,4.521003723144531,0.288998544216156,0.0020683754701167345
21,squat,1,0.2918708920478821,1.0122727155685425,-3.1171762943267822,0.9936715364456177,0.3441215753555298,0.8800070881843567,-3.009031057357788,0.9941336512565613,0.37444499135017395,0.8683851361274719,-3.0095269680023193,0.9946631789207458,0.4002912938594818,0.8586393594741821,-3.009963274002075,0.9942378401756287,0.2175559252500534,0.9055200219154358,-3.0777645111083984,0.9926490187644958,0.17255783081054688,0.909458339214325,-3.0783116817474365,0.9920215010643005,0.1369340568780899,0.9109306335449219,-3.0792346000671387,0.9901012778282166,0.44487231969833374,0.8498368859291077,-2.2465903759002686,0.9952163100242615,0.09211886674165726,0.9154185652732849,-2.394890546798706,0.9907293319702148,0.3674347996711731,1.092963457107544,-2.7347261905670166,0.971175491809845,0.23277375102043152,1.1213120222091675,-2.822329521179199,0.9532428979873657,0.6537550091743469,1.2380708456039429,-1.453765630722046,0.9079877734184265,-0.05901671573519707,1.387132167816162,-1.5517630577087402,0.7081401348114014,0.8313380479812622,1.5898737907409668,-0.7939759492874146,0.089225172996521,-0.15540029108524323,1.8451006412506104,-0.9883610606193542,0.055065255612134933,0.7501359581947327,1.772758960723877,-0.5147062540054321,0.03719089552760124,0.008365768007934093,1.8148548603057861,-0.8601738214492798,0.02693179063498974,0.7559612989425659,1.8692811727523804,-0.4580821096897125,0.04753036051988602,0.06626349687576294,1.8571746349334717,-0.8469589948654175,0.03623255342245102,0.7166994214057922,1.8010226488113403,-0.5308287143707275,0.06154103949666023,0.05143848806619644,1.7876474857330322,-0.8651517629623413,0.045031264424324036,0.7112837433815002,1.7611100673675537,-0.5339972376823425,0.06298968195915222,0.02971678413450718,1.7646830081939697,-0.8548359870910645,0.04278137534856796,0.5508772134780884,2.546546697616577,-0.13674625754356384,0.0026877892669290304,0.0999080091714859,2.555415153503418,0.14208222925662994,0.00170070119202137,0.554533064365387,3.4029624462127686,0.14514294266700745,0.00892744492739439,0.1307438611984253,3.3677003383636475,0.13369686901569366,0.00883824285119772,0.5930790305137634,4.221284866333008,1.5030721426010132,0.0007291302899830043,0.24441473186016083,4.222433090209961,1.126516342163086,0.0007703330484218895,0.6098392009735107,4.35789680480957,1.569843053817749,0.0004504977259784937,0.26611071825027466,4.343689918518066,1.2024199962615967,0.0009536335128359497,0.5372552275657654,4.517780780792236,0.6429722309112549,0.001287708175368607,0.2900823950767517,4.552624225616455,0.3127710819244385,0.0022243312560021877
22,squat,1,0.2933657169342041,1.0121697187423706,-3.2664742469787598,0.9940310716629028,0.3456570506095886,0.8801988363265991,-3.1888813972473145,0.9944749474525452,0.3762630522251129,0.8686011433601379,-3.1893410682678223,0.9949967861175537,0.40211430191993713,0.858947217464447,-3.1899755001068115,0.994543194770813,0.21828320622444153,0.9057848453521729,-3.225088119506836,0.9931057691574097,0.17313334345817566,0.909871518611908,-3.2257626056671143,0.9925784468650818,0.13747091591358185,0.9115305542945862,-3.2263741493225098,0.9907607436180115,0.44689059257507324,0.8516115546226501,-2.368405342102051,0.9954992532730103,0.09216810017824173,0.9188867211341858,-2.4993624687194824,0.9914781451225281,0.36955758929252625,1.093613862991333,-2.90348482131958,0.9732411503791809,0.2341572791337967,1.1235027313232422,-2.952009439468384,0.956947386264801,0.6652241945266724,1.268587350845337,-1.5713794231414795,0.913725733757019,-0.057057298719882965,1.3954949378967285,-1.557608962059021,0.7260391712188721,0.8334532976150513,1.6007884740829468,-1.3354049921035767,0.09615837782621384,-0.15893211960792542,1.8430283069610596,-0.9542471766471863,0.05698312073945999,0.74558424949646,1.7573277950286865,-1.4439170360565186,0.0372016541659832,0.001561914337798953,1.7230608463287354,-0.7080886363983154,0.025465693324804306,0.7441724538803101,1.8411303758621216,-1.459094762802124,0.04645734652876854,0.0598367340862751,1.7313178777694702,-0.6924719214439392,0.0339851975440979,0.7008658051490784,1.7741903066635132,-1.5030341148376465,0.06018254905939102,0.044837795197963715,1.672019362449646,-0.682033121585846,0.04231219366192818,0.7009541392326355,1.7328792810440063,-1.4591515064239502,0.06124327704310417,0.022523552179336548,1.6624832153320312,-0.6948111653327942,0.04020560905337334,0.5531741380691528,2.5677170753479004,-0.14101506769657135,0.0029450661968439817,0.10225225985050201,2.5732204914093018,0.14661189913749695,0.0019480936462059617,0.5533630847930908,3.414750814437866,-0.008192704990506172,0.009425953030586243,0.12454178184270859,3.3604605197906494,0.01649322174489498,0.009342308156192303,0.5924382209777832,4.25000524520874,1.3448408842086792,0.0007583588594570756,0.24173390865325928,4.2361860275268555,1.0582547187805176,0.0008462742553092539,0.6101274490356445,4.39629602432251,1.4258010387420654,0.0004523021343629807,0.26471102237701416,4.36172342300415,1.1375908851623535,0.0010953715536743402,0.5344799757003784,4.544249057769775,0.508435845375061,0.0013208884047344327,0.2877665162086487,4.577280521392822,0.2189590036869049,0.0025659496895968914
23,squat,1,0.29710036516189575,1.012447714805603,-3.2629292011260986,0.9943984150886536,0.34765174984931946,0.8805767297744751,-3.1841189861297607,0.9947863221168518,0.37743037939071655,0.8690261244773865,-3.184460163116455,0.9952768683433533,0.40267953276634216,0.8594324588775635,-3.1850087642669678,0.9947869777679443,0.22175529599189758,0.9059693217277527,-3.2295544147491455,0.9935804009437561,0.1754218190908432,0.9101005792617798,-3.230358123779297,0.9931265115737915,0.1390487104654312,0.9117333292961121,-3.230907440185547,0.9914212822914124,0.4455501139163971,0.8518339395523071,-2.338695526123047,0.9957356452941895,0.09219721704721451,0.9188382625579834,-2.529784679412842,0.9921623468399048,0.3702840209007263,1.0943126678466797,-2.895085573196411,0.9745255708694458,0.23483967781066895,1.1242555379867554,-2.956594705581665,0.9596381187438965,0.6249089241027832,1.2204935550689697,-1.5470832586288452,0.9144468307495117,-0.0578339584171772,1.3941032886505127,-1.6735889911651611,0.7286978960037231,0.7937902212142944,1.5647761821746826,-1.0236146450042725,0.0930088460445404,-0.15909451246261597,1.8079006671905518,-1.579186201095581,0.05728539451956749,0.6824512481689453,1.703270435333252,-0.7770420908927917,0.03656734898686409,0.002395626390352845,1.5499805212020874,-1.7612851858139038,0.0250274408608675,0.6717659831047058,1.7872194051742554,-0.7152619957923889,0.04591669514775276,0.060947369784116745,1.4991294145584106,-1.8037093877792358,0.03345160931348801,0.6407627463340759,1.7135196924209595,-0.755233883857727,0.059587739408016205,0.04504971578717232,1.4416565895080566,-1.7421823740005493,0.04155595973134041,0.6425366401672363,1.6745877265930176,-0.7796120047569275,0.060402896255254745,0.022781649604439735,1.455859661102295,-1.7421941757202148,0.039359450340270996,0.538605809211731,2.5613820552825928,-0.12441807985305786,0.00287992088124156,0.10047189891338348,2.5684573650360107,0.12920662760734558,0.0019673644565045834,0.506725549697876,3.2908380031585693,0.009477813728153706,0.010194921866059303,0.10214774310588837,3.2351787090301514,0.009050297550857067,0.009924523532390594,0.5752496123313904,4.123000144958496,1.2746551036834717,0.0008349908166565001,0.24432237446308136,4.105559825897217,1.0018149614334106,0.0009199439664371312,0.5994052886962891,4.264006614685059,1.3548353910446167,0.0004793429106939584,0.2719232439994812,4.208461761474609,1.0781762599945068,0.0011399794602766633,0.5264630913734436,4.387511730194092,0.5617450475692749,0.0014564677840098739,0.2911040484905243,4.455160140991211,0.29280394315719604,0.0027734192553907633
24,squat,1,0.2968466579914093,1.0138884782791138,-3.311976194381714,0.9946926832199097,0.3475695848464966,0.8823203444480896,-3.249673843383789,0.9950307011604309,0.377417653799057,0.8707106113433838,-3.250035047531128,0.9955219030380249,0.4026714265346527,0.8610403537750244,-3.250701904296875,0.9949972629547119,0.2210787534713745,0.9074040651321411,-3.276146650314331,0.9939354062080383,0.17494121193885803,0.9115402102470398,-3.2768139839172363,0.9935698509216309,0.13861066102981567,0.9133461117744446,-3.277310609817505,0.9919452667236328,0.44565898180007935,0.8542497754096985,-2.4458250999450684,0.9959379434585571,0.09198831766843796,0.9205294847488403,-2.559631109237671,0.9927682280540466,0.37022659182548523,1.0959631204605103,-2.9600234031677246,0.9761426448822021,0.23454229533672333,1.128012776374817,-2.9972853660583496,0.9626810550689697,0.6522975564002991,1.2537434101104736,-1.6228876113891602,0.9188781976699829,-0.05971287563443184,1.3949244022369385,-1.6365883350372314,0.7439929246902466,0.8364807963371277,1.6014689207077026,-1.0684716701507568,0.09759867191314697,-0.16611012816429138,1.8508270978927612,-0.9849227666854858,0.056048840284347534,0.7321613430976868,1.7642759084701538,-0.9027743339538574,0.03542434051632881,-0.005544175393879414,1.8289337158203125,-0.8837702870368958,0.0230746790766716,0.7243441939353943,1.8592997789382935,-0.8756796717643738,0.044125016778707504,0.05427183955907822,1.8810311555862427,-0.8869327306747437,0.030939199030399323,0.6872962713241577,1.7927645444869995,-0.9643794894218445,0.0573512427508831,0.04160512238740921,1.8115395307540894,-0.9119898676872253,0.038516007363796234,0.6870139837265015,1.7441210746765137,-0.9236302375793457,0.057934846729040146,0.01947855018079281,1.7831580638885498,-0.887688934803009,0.03647540509700775,0.5398381948471069,2.558954954147339,-0.14163227379322052,0.0028758151456713676,0.09906294196844101,2.563725471496582,0.14680668711662292,0.0020126046147197485,0.5072421431541443,3.30466628074646,-0.09805663675069809,0.010196827352046967,0.07830958813428879,3.2368152141571045,-0.08981090784072876,0.010096073150634766,0.5686197280883789,4.136392593383789,1.1903926134109497,0.0008624548208899796,0.22665894031524658,4.112445831298828,0.9271799921989441,0.0009936097776517272,0.5951820015907288,4.2791643142700195,1.2710022926330566,0.00048341171350330114,0.2578202486038208,4.221702575683594,1.0031322240829468,0.0012973342090845108,0.5019232034683228,4.41292142868042,0.4146428108215332,0.0014897442888468504,0.2631911039352417,4.459514141082764,0.138026162981987,0.0030782499816268682
25,squat,1,0.2967362701892853,1.0142507553100586,-3.1720035076141357,0.9948590397834778,0.34754782915115356,0.8827292323112488,-3.110252618789673,0.9951894879341125,0.3774058222770691,0.8711217045783997,-3.1106512546539307,0.9956278204917908,0.4026552736759186,0.8614999055862427,-3.1112706661224365,0.9950853586196899,0.22097723186016083,0.9075039029121399,-3.1330959796905518,0.9941823482513428,0.17495617270469666,0.9115622043609619,-3.133322238922119,0.9938597679138184,0.13864389061927795,0.9133490920066833,-3.133732318878174,0.9923192858695984,0.4456043839454651,0.8544712662696838,-2.3253791332244873,0.9959851503372192,0.09200891107320786,0.9204564690589905,-2.4186084270477295,0.9931303858757019,0.36978572607040405,1.096216082572937,-2.830960273742676,0.9774327874183655,0.23450247943401337,1.1280958652496338,-2.862349033355713,0.9652041792869568,0.6592757701873779,1.2563384771347046,-1.5285991430282593,0.9203817248344421,-0.059934329241514206,1.3936827182769775,-1.5445456504821777,0.7510901093482971,0.8363135457038879,1.6260946989059448,-0.9761104583740234,0.09410741180181503,-0.16269804537296295,1.868450403213501,-0.972089946269989,0.053391050547361374,0.7457877397537231,1.8513864278793335,-0.8228274583816528,0.033772677183151245,-0.004313257057219744,1.878549337387085,-0.9631134271621704,0.021475551649928093,0.7491930723190308,1.96161687374115,-0.8051096200942993,0.04231712967157364,0.053207527846097946,1.9296578168869019,-1.0013014078140259,0.02912158891558647,0.7100363373756409,1.9068855047225952,-0.8867732286453247,0.05510629713535309,0.04136567562818527,1.8632060289382935,-1.0334731340408325,0.03643134608864784,0.7026551365852356,1.8555406332015991,-0.8486903309822083,0.055743757635354996,0.0204728152602911,1.836647391319275,-0.9814364314079285,0.03449256345629692,0.539725661277771,2.544583320617676,-0.1439894735813141,0.0027474239468574524,0.09390070289373398,2.544522762298584,0.1493339091539383,0.0018942508613690734,0.5091421008110046,3.378742218017578,0.15120765566825867,0.009700099006295204,0.09314943850040436,3.3514857292175293,0.4380979537963867,0.009403943084180355,0.5581079721450806,4.219883918762207,1.4897212982177734,0.0008063159184530377,0.20292142033576965,4.203084468841553,1.386452078819275,0.0009289502049796283,0.5759510397911072,4.359309673309326,1.5761760473251343,0.00044614652870222926,0.21952497959136963,4.321223258972168,1.4581612348556519,0.00121875514741987,0.49784478545188904,4.516207218170166,0.6805631518363953,0.0014014658518135548,0.25070664286613464,4.539677619934082,0.49443238973617554,0.0029314144048839808
26,squat,1,0.2972411513328552,1.0164809226989746,-3.5015921592712402,0.9948742389678955,0.348206490278244,0.8852375745773315,-3.46789813041687,0.9952725172042847,0.37822097539901733,0.8737047910690308,-3.4681878089904785,0.9957066774368286,0.4037907123565674,0.8638737797737122,-3.4690937995910645,0.995154619216919,0.22144493460655212,0.9090781807899475,-3.477680206298828,0.994249165058136,0.17564301192760468,0.9128631949424744,-3.478090286254883,0.9939765334129333,0.13954418897628784,0.9145276546478271,-3.4781620502471924,0.9924407005310059,0.4486149251461029,0.8559120893478394,-2.7120699882507324,0.996049165725708,0.09302202612161636,0.9215037822723389,-2.7436022758483887,0.9933338165283203,0.37040120363235474,1.0987876653671265,-3.1621320247650146,0.9782907962799072,0.23529164493083954,1.1295298337936401,-3.1756513118743896,0.9665051102638245,0.663871705532074,1.2555450201034546,-1.8961223363876343,0.9238945245742798,-0.05595792457461357,1.3738752603530884,-1.7125580310821533,0.7580416202545166,0.8379472494125366,1.6249525547027588,-1.4207688570022583,0.0928713008761406,-0.16275183856487274,1.812191367149353,-0.9776817560195923,0.052567824721336365,0.7559584975242615,1.8296446800231934,-1.2680656909942627,0.033190879970788956,-0.006913069635629654,1.6569819450378418,-0.6183469891548157,0.021264897659420967,0.7626152634620667,1.9385980367660522,-1.2411484718322754,0.04157527536153793,0.04429696127772331,1.6274470090866089,-0.5731121301651001,0.028620660305023193,0.7186406850814819,1.8790135383605957,-1.3129339218139648,0.05415501445531845,0.030914554372429848,1.57990562915802,-0.5574350357055664,0.03582748398184776,0.7099080681800842,1.8324663639068604,-1.2881715297698975,0.05472362041473389,0.017240382730960846,1.5903598070144653,-0.6034332513809204,0.034172046929597855,0.5424386262893677,2.517869234085083,-0.14723458886146545,0.0027401046827435493,0.09431202709674835,2.515716314315796,0.15268653631210327,0.001852456945925951,0.5206037759780884,3.389594316482544,0.24591508507728577,0.00930017326027155,0.11661424487829208,3.3495938777923584,0.6045243144035339,0.00898941233754158,0.5591329336166382,4.221900463104248,1.6969544887542725,0.0007725569303147495,0.20708391070365906,4.195245742797852,1.6802923679351807,0.0008769680862314999,0.5772126913070679,4.360516548156738,1.7970155477523804,0.00042158123687841,0.22226528823375702,4.314443111419678,1.7664968967437744,0.0011699213646352291,0.504738450050354,4.5235090255737305,0.8935558199882507,0.0013042674399912357,0.25451475381851196,4.5318121910095215,0.8163544535636902,0.0027704699896275997
27,squat,1,0.2946145236492157,1.016740083694458,-3.715529680252075,0.9947434663772583,0.3476930260658264,0.8859968185424805,-3.6662356853485107,0.9952224493026733,0.3779684603214264,0.8748672604560852,-3.6664879322052,0.9955998063087463,0.4035828113555908,0.8653247952461243,-3.66736102104187,0.9950801730155945,0.21880722045898438,0.9094619750976562,-3.689301013946533,0.9942070841789246,0.17344847321510315,0.9132522344589233,-3.6900391578674316,0.9938899874687195,0.13767024874687195,0.914922297000885,-3.6902356147766113,0.9923729300498962,0.4478750228881836,0.8594688177108765,-2.8798677921295166,0.9958851933479309,0.09201736748218536,0.9219613671302795,-2.9729840755462646,0.9932888746261597,0.3687705397605896,1.1003445386886597,-3.3643131256103516,0.976407527923584,0.2306428700685501,1.1307083368301392,-3.396515369415283,0.9634401798248291,0.6618603467941284,1.2735939025878906,-2.0631256103515625,0.9191052317619324,-0.058841485530138016,1.372748851776123,-1.9154201745986938,0.7402729988098145,0.8300421833992004,1.602573275566101,-1.3710026741027832,0.09097497910261154,-0.1765080988407135,1.7760920524597168,-1.1052271127700806,0.05336536839604378,0.7369803190231323,1.7293829917907715,-0.969635009765625,0.032098401337862015,-0.012257218360900879,1.494828701019287,-0.6216820478439331,0.020779788494110107,0.7311673760414124,1.8158595561981201,-0.8819140195846558,0.040178049355745316,0.043772220611572266,1.4362196922302246,-0.5659014582633972,0.0277376938611269,0.6998321413993835,1.7364654541015625,-0.9588915109634399,0.05222264304757118,0.021702216938138008,1.3786731958389282,-0.5397760272026062,0.034579724073410034,0.6954896450042725,1.7029719352722168,-0.9797805547714233,0.05297739431262016,0.009364495053887367,1.400873064994812,-0.6006444692611694,0.03305212780833244,0.5286795496940613,2.5362203121185303,-0.17842623591423035,0.002760220319032669,0.08383916318416595,2.5170300006866455,0.18352559208869934,0.0018295811023563147,0.46691256761550903,3.297194242477417,0.20024001598358154,0.009075994603335857,0.10419946908950806,3.2501893043518066,0.7777690291404724,0.008962108753621578,0.5335241556167603,4.072931289672852,1.6844888925552368,0.0007509718998335302,0.20587816834449768,3.985438585281372,1.9941619634628296,0.0008790903957560658,0.5615259408950806,4.214489459991455,1.7907644510269165,0.0004085826803930104,0.2257780134677887,4.087519645690918,2.0996575355529785,0.0011842987732961774,0.46473726630210876,4.319932460784912,1.037675380706787,0.0012459111167117953,0.22571149468421936,4.296965599060059,1.3738676309585571,0.00277118943631649
28,squat,1,0.29511401057243347,1.0174503326416016,-3.721203327178955,0.9950917363166809,0.34830132126808167,0.8870302438735962,-3.6625027656555176,0.9955024123191833,0.37886476516723633,0.8760741353034973,-3.6628341674804688,0.9958648085594177,0.4048771858215332,0.8667413592338562,-3.663689374923706,0.9953359365463257,0.2190309315919876,0.9111558794975281,-3.689471483230591,0.994570255279541,0.17358621954917908,0.9157014489173889,-3.690126895904541,0.994307279586792,0.13779465854167938,0.9183531999588013,-3.690459728240967,0.9928590655326843,0.450186163187027,0.8629334568977356,-2.8511672019958496,0.9961124658584595,0.09179212898015976,0.9301026463508606,-2.967491626739502,0.9938082695007324,0.3701607286930084,1.1021816730499268,-3.363629102706909,0.9779418110847473,0.23155848681926727,1.1334909200668335,-3.402588367462158,0.9660707712173462,0.67628413438797,1.2915294170379639,-1.9924625158309937,0.9226895570755005,-0.06032532453536987,1.4044926166534424,-1.8958280086517334,0.7493129372596741,0.8533929586410522,1.6348838806152344,-1.2446175813674927,0.09283696115016937,-0.17507877945899963,1.866101622581482,-1.1008867025375366,0.05154894292354584,0.7806809544563293,1.7986050844192505,-0.7457777261734009,0.03195926547050476,-0.014551480300724506,1.7724214792251587,-0.7098405957221985,0.01932808756828308,0.7755926847457886,1.8951488733291626,-0.6635074019432068,0.039934199303388596,0.04321547597646713,1.7997524738311768,-0.6867160201072693,0.026037054136395454,0.7510727643966675,1.8190034627914429,-0.7614879012107849,0.05198512598872185,0.021822037175297737,1.718738079071045,-0.5443839430809021,0.03251263499259949,0.7443267107009888,1.7752723693847656,-0.762039303779602,0.05265317112207413,0.008682934567332268,1.7016215324401855,-0.6747226119041443,0.031088491901755333,0.535610556602478,2.5583603382110596,-0.18074986338615417,0.0027690334245562553,0.08538028597831726,2.5444281101226807,0.1859045773744583,0.0018551346147432923,0.47751468420028687,3.2718400955200195,-0.01264999806880951,0.008691838011145592,0.09292107820510864,3.207456111907959,0.13461634516716003,0.008815692737698555,0.552503228187561,4.0409369468688965,1.5955673456192017,0.000737836176995188,0.23332789540290833,3.9790525436401367,1.605594277381897,0.0008998189587146044,0.5848149061203003,4.179037094116211,1.699845552444458,0.0004010833508800715,0.26932263374328613,4.080830097198486,1.772740125656128,0.0012545865029096603,0.47715744376182556,4.300315856933594,0.8991357088088989,0.001225061365403235,0.2389945089817047,4.30552864074707,1.02248215675354,0.002895393641665578
29,squat,1,0.29856088757514954,1.014501690864563,-3.5735793113708496,0.995179295539856,0.3496796190738678,0.884327232837677,-3.5093636512756348,0.995611846446991,0.3793471157550812,0.8738667964935303,-3.5095648765563965,0.9959678649902344,0.40502434968948364,0.8650094270706177,-3.5101370811462402,0.9954344630241394,0.2296791821718216,0.9071391820907593,-3.5582218170166016,0.9947460889816284,0.18477453291416168,0.9111120104789734,-3.5593199729919434,0.9945055842399597,0.14837618172168732,0.9129028916358948,-3.560227632522583,0.9931235909461975,0.4492036700248718,0.8612116575241089,-2.6317434310913086,0.9962339401245117,0.09724173694849014,0.9205887317657471,-2.8256311416625977,0.9941402077674866,0.3701569437980652,1.098104476928711,-3.180258274078369,0.9786206483840942,0.23591141402721405,1.1249287128448486,-3.2425918579101562,0.9677987098693848,0.5961175560951233,1.1784694194793701,-1.8290694952011108,0.9249889850616455,-0.06031639128923416,1.3682048320770264,-1.7960126399993896,0.7538744211196899,0.824353039264679,1.5755062103271484,-1.3455703258514404,0.09164684265851974,-0.178595632314682,1.8133761882781982,-1.2141544818878174,0.050424616783857346,0.7374202013015747,1.7260140180587769,-1.3713393211364746,0.0313374400138855,-0.014145398512482643,1.653317928314209,-1.195316195487976,0.018523400649428368,0.736236035823822,1.8134324550628662,-1.3869622945785522,0.03945545852184296,0.04374317079782486,1.6395009756088257,-1.2222265005111694,0.025043046101927757,0.700531542301178,1.7424731254577637,-1.4583336114883423,0.05151960998773575,0.022161591798067093,1.564382553100586,-1.1849384307861328,0.031354133039712906,0.6943672895431519,1.7035075426101685,-1.3959825038909912,0.05174391344189644,0.008884565904736519,1.566263198852539,-1.1836806535720825,0.029972104355692863,0.5262954831123352,2.5271599292755127,-0.15891841053962708,0.0027161729522049427,0.08481867611408234,2.5246005058288574,0.16434252262115479,0.0018587148515507579,0.4832763671875,3.2226333618164062,0.011439109221100807,0.008987674489617348,0.06159188598394394,3.1595957279205322,-0.023894228041172028,0.009226184338331223,0.5479941368103027,4.009628772735596,1.4206541776657104,0.000746767851524055,0.2267080545425415,3.9532697200775146,1.096168875694275,0.0009050581138581038,0.5717038512229919,4.1432108879089355,1.510636329650879,0.0004052752919960767,0.2625516951084137,4.049632549285889,1.1867790222167969,0.001242558704689145,0.47977644205093384,4.278345584869385,0.692451536655426,0.0012284520780667663,0.24275794625282288,4.278221607208252,0.3589685559272766,0.002846380462870002
30,squat,1,0.2986152768135071,1.015336036682129,-3.7704200744628906,0.9951416254043579,0.3496676981449127,0.8852464556694031,-3.7305972576141357,0.9956061244010925,0.3793444037437439,0.874769926071167,-3.7307868003845215,0.9959770441055298,0.4050162732601166,0.8656890988349915,-3.731496810913086,0.9954271912574768,0.22959759831428528,0.90737384557724,-3.752401828765869,0.9947270750999451,0.184625044465065,0.911167562007904,-3.753180742263794,0.9944897294044495,0.1481933295726776,0.9129235744476318,-3.753387451171875,0.9930601716041565,0.44892334938049316,0.8612018823623657,-2.9195027351379395,0.9962300062179565,0.09721299260854721,0.9197478890419006,-3.0078375339508057,0.9941588640213013,0.36871814727783203,1.0985859632492065,-3.4026012420654297,0.9780851006507874,0.23597212135791779,1.1249852180480957,-3.4325039386749268,0.9671218395233154,0.5845235586166382,1.1358561515808105,-2.0984601974487305,0.9272444844245911,-0.06323482096195221,1.356128454208374,-1.9063737392425537,0.7533140778541565,0.8171893954277039,1.553943395614624,-1.7210928201675415,0.09059549868106842,-0.17815084755420685,1.7895947694778442,-1.2784963846206665,0.04987164959311485,0.7074689269065857,1.7126421928405762,-1.6871750354766846,0.030624104663729668,-0.013607998378574848,1.5433756113052368,-1.0918596982955933,0.018078438937664032,0.7041203379631042,1.8048197031021118,-1.691540002822876,0.03864414244890213,0.044147323817014694,1.5005037784576416,-1.0931059122085571,0.024340705946087837,0.6602182388305664,1.73577082157135,-1.7592443227767944,0.05051032826304436,0.02160126157104969,1.4346603155136108,-1.0682055950164795,0.030514542013406754,0.6554669141769409,1.6953790187835693,-1.7056314945220947,0.05057306960225105,0.008975323289632797,1.4446911811828613,-1.079095482826233,0.029170745983719826,0.5249148011207581,2.501732110977173,-0.16364482045173645,0.0026614742819219828,0.08202751725912094,2.5002546310424805,0.16930267214775085,0.0018243779195472598,0.4756205976009369,3.1711618900299072,0.017026176676154137,0.008818955160677433,0.05696878582239151,3.105869770050049,0.12965460121631622,0.009388578124344349,0.5367465615272522,3.9317166805267334,1.5575346946716309,0.000738464412279427,0.22314265370368958,3.858900547027588,1.2844974994659424,0.0009085372439585626,0.5594547986984253,4.062706470489502,1.6675809621810913,0.00039713765727356076,0.2595435678958893,3.9503424167633057,1.4013910293579102,0.0012366402661427855,0.4728561341762543,4.199894428253174,0.8903611302375793,0.001196249620988965,0.24331915378570557,4.179688453674316,0.6377322673797607,0.002802642062306404
31,squat,1,0.29969316720962524,1.0152770280838013,-3.874563694000244,0.9954315423965454,0.3512761890888214,0.884293258190155,-3.8153367042541504,0.9958619475364685,0.3810836672782898,0.8737354278564453,-3.8155853748321533,0.9962081909179688,0.4067915380001068,0.8646957278251648,-3.816286563873291,0.9956457614898682,0.2305755913257599,0.9071411490440369,-3.8462512493133545,0.9950626492500305,0.18519333004951477,0.9111213088035583,-3.8468546867370605,0.9948624968528748,0.14875832200050354,0.9129453301429749,-3.8472015857696533,0.9935128688812256,0.4499269425868988,0.860604465007782,-2.963204860687256,0.9964091777801514,0.0980876088142395,0.9197499752044678,-3.090683698654175,0.9946079254150391,0.36991748213768005,1.0989222526550293,-3.496422290802002,0.9793067574501038,0.23780043423175812,1.125401258468628,-3.5384247303009033,0.9693182110786438,0.5929856896400452,1.1398228406906128,-2.034309148788452,0.929935097694397,-0.06387389451265335,1.374146819114685,-1.992354154586792,0.7617328763008118,0.826928436756134,1.5553778409957886,-1.5135540962219238,0.08979783952236176,-0.1774233877658844,1.8389698266983032,-1.1532719135284424,0.0498361736536026,0.7192237973213196,1.714013934135437,-1.4194715023040771,0.030371828004717827,-0.015122616663575172,1.695778727531433,-0.5236620903015137,0.017093533650040627,0.7157673239707947,1.805490255355835,-1.4570022821426392,0.03825487196445465,0.0434633269906044,1.7050243616104126,-0.464153915643692,0.023097911849617958,0.6706329584121704,1.7370506525039673,-1.4921331405639648,0.04995349794626236,0.021674197167158127,1.6307108402252197,-0.47265562415122986,0.02904214896261692,0.6660314202308655,1.6957966089248657,-1.4318673610687256,0.049773186445236206,0.00805300660431385,1.6196178197860718,-0.50920569896698,0.027770010754466057,0.5337580442428589,2.5190625190734863,-0.16331402957439423,0.0026808236725628376,0.08282450586557388,2.5231854915618896,0.1691349893808365,0.0018379332032054663,0.49902644753456116,3.31077241897583,0.02369663678109646,0.008735205978155136,0.05945255234837532,3.2497317790985107,0.09106428176164627,0.009293483570218086,0.5538809895515442,4.115235328674316,1.5399060249328613,0.0007230789633467793,0.22180025279521942,4.09122896194458,1.2601649761199951,0.0009031606605276465,0.5713530778884888,4.254908561706543,1.6452144384384155,0.0003828949120361358,0.2551077604293823,4.208482265472412,1.357110619544983,0.0012478886637836695,0.4949389398097992,4.419487476348877,0.7793318033218384,0.0011727972887456417,0.2452186644077301,4.43613338470459,0.4524904191493988,0.002852665027603507
32,squat,1,0.29967206716537476,1.0152956247329712,-3.781017303466797,0.9955040216445923,0.35128194093704224,0.884376585483551,-3.730329990386963,0.9959629774093628,0.3810955584049225,0.8738333582878113,-3.7304606437683105,0.9963409304618835,0.40678849816322327,0.8647598624229431,-3.731227159500122,0.9957630038261414,0.2311008870601654,0.9070835709571838,-3.8359856605529785,0.9951819777488708,0.18590359389781952,0.9108768105506897,-3.8380978107452393,0.9950070977210999,0.14941416680812836,0.9124747514724731,-3.83854341506958,0.9936464428901672,0.4494776725769043,0.8604577779769897,-2.894831418991089,0.9965705871582031,0.09976144880056381,0.9178842902183533,-2.8242602348327637,0.9948501586914062,0.36907655000686646,1.0988885164260864,-3.465402603149414,0.979569673538208,0.2377963811159134,1.1245721578598022,-3.432699680328369,0.9699106812477112,0.6250666379928589,1.2044544219970703,-1.9694578647613525,0.931786060333252,-0.05962716415524483,1.3669778108596802,-1.6908897161483765,0.7643415927886963,0.8221933245658875,1.5598748922348022,-1.788128137588501,0.09582597762346268,-0.1744065135717392,1.8117095232009888,-1.1557910442352295,0.05168461427092552,0.69829922914505,1.691025972366333,-1.9580910205841064,0.0316372774541378,-0.013126607052981853,1.5266915559768677,-1.0848841667175293,0.017468737438321114,0.694031834602356,1.7632445096969604,-1.9953231811523438,0.0393194779753685,0.04451138153672218,1.4737130403518677,-1.097090721130371,0.023187793791294098,0.6492489576339722,1.6992887258529663,-2.0390970706939697,0.05130616948008537,0.02189556136727333,1.418233036994934,-1.0654984712600708,0.02916955016553402,0.6451236605644226,1.665712594985962,-1.9716434478759766,0.050547026097774506,0.00868613924831152,1.431331992149353,-1.0720773935317993,0.027814745903015137,0.5355103015899658,2.5192995071411133,-0.1926700621843338,0.002697500167414546,0.08992265164852142,2.5232253074645996,0.19878515601158142,0.0019304966554045677,0.49963706731796265,3.2098114490509033,-0.3366449773311615,0.009658175520598888,0.03927643597126007,3.131154775619507,-0.39247721433639526,0.011675279587507248,0.553645133972168,4.016963481903076,0.8472030758857727,0.0008524471777491271,0.2231535166501999,3.944216012954712,0.5842703580856323,0.0010559230577200651,0.5716317296028137,4.165589809417725,0.9164544939994812,0.0004474598681554198,0.2628137767314911,4.047152042388916,0.6548677682876587,0.0014351955614984035,0.4927903711795807,4.26340389251709,0.07573840767145157,0.0013031372800469398,0.24662378430366516,4.260348320007324,-0.1739560216665268,0.0030720275826752186
33,squat,1,0.30477502942085266,1.0155456066131592,-3.5348598957061768,0.9958149194717407,0.3575645089149475,0.8849430084228516,-3.440321445465088,0.9962426424026489,0.3876129686832428,0.8746540546417236,-3.440020799636841,0.996605396270752,0.4148283004760742,0.8656806349754333,-3.4401774406433105,0.9960553050041199,0.2366008460521698,0.9073145985603333,-3.4664082527160645,0.995513379573822,0.1897813081741333,0.9111125469207764,-3.46748423576355,0.9953358769416809,0.15217892825603485,0.9127541184425354,-3.4672698974609375,0.9940364956855774,0.46047893166542053,0.863821804523468,-2.6015424728393555,0.9968052506446838,0.10147154331207275,0.9200688600540161,-2.6049764156341553,0.99517422914505,0.3748474419116974,1.1046398878097534,-3.1884868144989014,0.9786592721939087,0.24422359466552734,1.1267414093017578,-3.180495023727417,0.9687674045562744,0.6684693098068237,1.324495792388916,-1.9425420761108398,0.9114543199539185,-0.049720413982868195,1.4007216691970825,-1.6209958791732788,0.7311689853668213,0.8364567756652832,1.563686490058899,-1.976926565170288,0.10103970766067505,-0.17739178240299225,1.8106101751327515,-1.2501420974731445,0.051488179713487625,0.671305775642395,1.5359703302383423,-2.122828245162964,0.039156634360551834,-0.014317425899207592,1.4928345680236816,-1.3333024978637695,0.0185442753136158,0.6518887281417847,1.5357762575149536,-2.1392674446105957,0.05008024349808693,0.040383026003837585,1.4257023334503174,-1.3552417755126953,0.02541837841272354,0.6082008481025696,1.4756789207458496,-2.13838267326355,0.06390629708766937,0.021520128473639488,1.3600614070892334,-1.3032783269882202,0.031737178564071655,0.6079996824264526,1.4740837812423706,-2.1168978214263916,0.06176888942718506,0.008934298530220985,1.3822101354599,-1.3192765712738037,0.029701977968215942,0.5664966106414795,2.6185495853424072,-0.1995207965373993,0.0026272626128047705,0.12207597494125366,2.62111759185791,0.20621371269226074,0.0019417928997427225,0.5378645062446594,2.6547677516937256,-0.7923895120620728,0.0100334407761693,-0.032834492623806,2.7756762504577637,-0.6804758310317993,0.013301634229719639,0.5652148723602295,3.394887685775757,0.2340662032365799,0.000886781548615545,0.3288717567920685,3.2643654346466064,0.20762062072753906,0.0010892533464357257,0.5791289806365967,3.578204393386841,0.2953055202960968,0.0005218912265263498,0.4146760106086731,3.3565027713775635,0.2820749580860138,0.0014642624882981181,0.5118313431739807,3.4949820041656494,-0.3543730080127716,0.0014096418162807822,0.3312061131000519,3.39841890335083,-0.320048987865448,0.00313459406606853
34,squat,1,0.3047228455543518,1.0221550464630127,-3.318446636199951,0.9959062933921814,0.35937705636024475,0.8932487368583679,-3.2451934814453125,0.9963091015815735,0.39110618829727173,0.8832532167434692,-3.2449653148651123,0.9966915845870972,0.42015165090560913,0.8742045760154724,-3.2452232837677,0.9961491227149963,0.23634490370750427,0.9130795001983643,-3.254446029663086,0.9955682158470154,0.18961907923221588,0.916037380695343,-3.255131244659424,0.9953317642211914,0.15208333730697632,0.9169773459434509,-3.254796266555786,0.9939919710159302,0.47076931595802307,0.8711836934089661,-2.4850804805755615,0.996837317943573,0.10228417813777924,0.9237922430038452,-2.5047688484191895,0.9951068162918091,0.376281201839447,1.123480200767517,-2.987276554107666,0.9727154970169067,0.24370849132537842,1.139773964881897,-2.9930570125579834,0.9608191847801208,0.668337345123291,1.3417681455612183,-1.9150584936141968,0.8842759728431702,-0.04444334656000137,1.3993968963623047,-1.5720411539077759,0.6921252608299255,0.8346301913261414,1.5475239753723145,-1.751692771911621,0.10497257113456726,-0.17816704511642456,1.6258940696716309,-1.2389470338821411,0.052902963012456894,0.6772981882095337,1.5023237466812134,-1.712761640548706,0.04271227493882179,-0.023067975416779518,1.1890405416488647,-1.1664607524871826,0.020260851830244064,0.6627777814865112,1.5068268775939941,-1.7048267126083374,0.05481171980500221,0.023199494928121567,1.0787951946258545,-1.1810047626495361,0.028252044692635536,0.6204761266708374,1.4478281736373901,-1.7365394830703735,0.06934411078691483,0.0072643631137907505,1.0292824506759644,-1.147144079208374,0.03489077836275101,0.6189314126968384,1.444627046585083,-1.7173980474472046,0.06762339919805527,0.0015650864224880934,1.0675158500671387,-1.1585862636566162,0.03254763036966324,0.5657076239585876,2.6226561069488525,-0.20063373446464539,0.0026496483478695154,0.1299905627965927,2.6168408393859863,0.2073686569929123,0.0020962690468877554,0.5309920907020569,2.568659782409668,-0.655585765838623,0.010440305806696415,-0.05183987691998482,2.668125629425049,-0.5664334893226624,0.015291406773030758,0.5458285212516785,3.2717957496643066,0.23809584975242615,0.0009676182526163757,0.3267875015735626,3.12575364112854,0.22187304496765137,0.0011690955143421888,0.5576802492141724,3.4545600414276123,0.2906129062175751,0.0007001345511525869,0.4126375615596771,3.2110085487365723,0.2853103280067444,0.0015779092209413648,0.4968106746673584,3.3573081493377686,-0.27040770649909973,0.0015770606696605682,0.32455140352249146,3.266357898712158,-0.23228028416633606,0.003204640233889222
35,squat,1,0.3217678368091583,1.0297269821166992,-3.5562210083007812,0.9961600303649902,0.37674495577812195,0.8977900743484497,-3.434847354888916,0.9965192079544067,0.4082563519477844,0.8885440230369568,-3.434349775314331,0.9968852400779724,0.43845027685165405,0.8798996806144714,-3.434445858001709,0.9963513612747192,0.25561800599098206,0.915783166885376,-3.4769444465637207,0.9958317279815674,0.20717141032218933,0.9185460805892944,-3.4779789447784424,0.9956088662147522,0.16547897458076477,0.9192798733711243,-3.477750301361084,0.9943313002586365,0.47789067029953003,0.8787595629692078,-2.5135159492492676,0.9969860911369324,0.10619106143712997,0.9273301959037781,-2.696887493133545,0.9954229593276978,0.3849206566810608,1.1321403980255127,-3.1707425117492676,0.9712936282157898,0.25487738847732544,1.144626498222351,-3.2248034477233887,0.9596679210662842,0.6718147397041321,1.3787732124328613,-1.9401376247406006,0.8566038012504578,-0.04446990042924881,1.416760802268982,-1.8197486400604248,0.6574739217758179,0.8338085412979126,1.5416316986083984,-1.7454116344451904,0.10684715211391449,-0.17775529623031616,1.634398102760315,-1.5523806810379028,0.058550503104925156,0.6649336814880371,1.4649434089660645,-1.6623249053955078,0.04576480761170387,-0.02261468395590782,1.2178748846054077,-1.4168295860290527,0.0230812169611454,0.6484929323196411,1.469796061515808,-1.6546214818954468,0.058945223689079285,0.024517597630620003,1.120094656944275,-1.4372280836105347,0.03190232813358307,0.6108487844467163,1.412750244140625,-1.6737674474716187,0.0740700289607048,0.008213445544242859,1.0660473108291626,-1.3943026065826416,0.038944583386182785,0.6079782247543335,1.4086064100265503,-1.6636345386505127,0.07274440675973892,0.002070795511826873,1.0996906757354736,-1.4034926891326904,0.03620000556111336,0.5647754073143005,2.67220139503479,-0.20023460686206818,0.002738023642450571,0.12901750206947327,2.6649627685546875,0.206973597407341,0.002319955499842763,0.5302996039390564,2.5849151611328125,-0.7495715022087097,0.011590208858251572,-0.06846872717142105,2.682015895843506,-0.7785907983779907,0.018323589116334915,0.5459513664245605,3.279858112335205,0.4915195405483246,0.0011895854258909822,0.3386397361755371,3.1475517749786377,0.40667223930358887,0.001372728031128645,0.5591781735420227,3.4476616382598877,0.5756828784942627,0.000944566389080137,0.4233992099761963,3.205291509628296,0.5089776515960693,0.0017521759727969766,0.5002049207687378,3.388932943344116,-0.04244231432676315,0.001918888883665204,0.3418600261211395,3.338397979736328,-0.06398366391658783,0.003452225588262081
36,squat,1,0.3313339352607727,1.0306645631790161,-3.5310168266296387,0.9964620471000671,0.38635221123695374,0.8983950018882751,-3.42084002494812,0.9967935085296631,0.41845232248306274,0.8888301253318787,-3.4205634593963623,0.9971270561218262,0.44997477531433105,0.8800756335258484,-3.4207732677459717,0.9966250061988831,0.266063928604126,0.9181569814682007,-3.4513638019561768,0.9961749315261841,0.21804550290107727,0.922153115272522,-3.452327013015747,0.9959742426872253,0.17667511105537415,0.9238722920417786,-3.4523491859436035,0.9948056936264038,0.4922829270362854,0.8787323832511902,-2.528970956802368,0.9972216486930847,0.1155400276184082,0.9316743016242981,-2.6396286487579346,0.9958252310752869,0.3975946009159088,1.1335887908935547,-3.1429848670959473,0.9735485315322876,0.26352858543395996,1.1464358568191528,-3.18220591545105,0.9630268812179565,0.692416787147522,1.3603236675262451,-1.8398096561431885,0.8595559597015381,-0.03605719655752182,1.4328261613845825,-1.6765377521514893,0.6681506037712097,0.8534175753593445,1.5475417375564575,-1.6814086437225342,0.11155381798744202,-0.1630072146654129,1.8239341974258423,-1.3906079530715942,0.05803873762488365,0.6696585416793823,1.5034465789794922,-1.637917160987854,0.0469520278275013,-0.008234323933720589,1.6556488275527954,-1.4743199348449707,0.02261505275964737,0.6519565582275391,1.5323406457901,-1.6476901769638062,0.06045480817556381,0.04302041977643967,1.649234652519226,-1.5216867923736572,0.03154277801513672,0.6125113368034363,1.4652501344680786,-1.6618120670318604,0.07599584013223648,0.027481725439429283,1.574326992034912,-1.5007822513580322,0.038751471787691116,0.6118251085281372,1.4488818645477295,-1.6375741958618164,0.07429344207048416,0.018235232681035995,1.574897289276123,-1.472748041152954,0.03599587827920914,0.5802896022796631,2.66342830657959,-0.20395632088184357,0.002823461312800646,0.13570111989974976,2.6673240661621094,0.21040265262126923,0.0024407550226897,0.5569586753845215,3.0337319374084473,-0.6228798627853394,0.012056275270879269,-0.030918151140213013,3.1433401107788086,-0.6009798645973206,0.018445974215865135,0.5923479199409485,3.929103136062622,0.6528875231742859,0.001254613627679646,0.32525405287742615,3.9060370922088623,0.4571482539176941,0.0014462026301771402,0.6141528487205505,4.093823432922363,0.7308359146118164,0.0009357201051898301,0.3999911844730377,3.9928009510040283,0.5387200117111206,0.0018125928472727537,0.536990761756897,4.178739547729492,-0.058384232223033905,0.00198411475867033,0.3337889313697815,4.222178936004639,-0.2543134391307831,0.003644834505394101
37,squat,1,0.3315168023109436,1.030609130859375,-3.4907562732696533,0.9966857433319092,0.38667553663253784,0.8978742361068726,-3.402217149734497,0.9969958662986755,0.41861215233802795,0.8878753185272217,-3.402076005935669,0.9973053336143494,0.44993430376052856,0.8787100315093994,-3.402348756790161,0.9968258142471313,0.2676893174648285,0.9181404709815979,-3.4160618782043457,0.9964398741722107,0.2219185084104538,0.9221691489219666,-3.4169349670410156,0.9962513446807861,0.1822706162929535,0.9239636659622192,-3.417067289352417,0.9951709508895874,0.4944077134132385,0.8751927018165588,-2.5378899574279785,0.99740070104599,0.125113844871521,0.9315528869628906,-2.583143711090088,0.9961360096931458,0.3981981873512268,1.132463812828064,-3.1124184131622314,0.9751207232475281,0.26536163687705994,1.1462018489837646,-3.1293554306030273,0.9655003547668457,0.7000266313552856,1.348336100578308,-1.83742356300354,0.8558646440505981,-0.030732622370123863,1.4296399354934692,-1.5823252201080322,0.6693717241287231,0.8622585535049438,1.547446608543396,-1.7385002374649048,0.11504710465669632,-0.1545528918504715,1.8522640466690063,-1.3549607992172241,0.05719698220491409,0.6703258752822876,1.5326210260391235,-1.8041975498199463,0.04948839917778969,0.004444503225386143,1.6722348928451538,-1.7329305410385132,0.023068180307745934,0.6493399739265442,1.5680961608886719,-1.8328043222427368,0.06406108289957047,0.058340590447187424,1.6543715000152588,-1.8110954761505127,0.032769568264484406,0.6101740598678589,1.5056039094924927,-1.846070647239685,0.08055479824542999,0.041615571826696396,1.5764416456222534,-1.7775065898895264,0.040538132190704346,0.6109966039657593,1.4879984855651855,-1.8030290603637695,0.07840951532125473,0.03370525687932968,1.5817043781280518,-1.7329450845718384,0.037430234253406525,0.585676372051239,2.6510913372039795,-0.2097415030002594,0.0027817920781672,0.14146722853183746,2.653137445449829,0.21605820953845978,0.0024477732367813587,0.5558425784111023,3.0168521404266357,-0.642498791217804,0.01230384036898613,-0.02896113134920597,3.1140050888061523,-0.6042240858078003,0.018660839647054672,0.601603627204895,3.889815092086792,0.5481885671615601,0.0012793510686606169,0.3196292519569397,3.8439438343048096,0.39086776971817017,0.0014616758562624454,0.6281801462173462,4.052390098571777,0.6163793802261353,0.0009224353707395494,0.3871239423751831,3.931934118270874,0.46606841683387756,0.0017906974535435438,0.5449351072311401,4.118959426879883,-0.193332239985466,0.002041478641331196,0.32982444763183594,4.134094715118408,-0.33388733863830566,0.003726066555827856
38,squat,1,0.3556986451148987,1.0301822423934937,-3.7681758403778076,0.9967451691627502,0.40830665826797485,0.8974989652633667,-3.661472797393799,0.996958315372467,0.44198212027549744,0.8870176076889038,-3.6607730388641357,0.9972710609436035,0.47360262274742126,0.8776170611381531,-3.6607978343963623,0.9967586398124695,0.29317229986190796,0.9183168411254883,-3.6945457458496094,0.9964514970779419,0.24511225521564484,0.922789454460144,-3.6951518058776855,0.9962204694747925,0.20301973819732666,0.9250834584236145,-3.694521427154541,0.9951152801513672,0.5077182650566101,0.8744670152664185,-2.730350971221924,0.9971618056297302,0.13577383756637573,0.9322568774223328,-2.8768272399902344,0.9959383010864258,0.41666752099990845,1.131864070892334,-3.366394519805908,0.9657411575317383,0.2858737111091614,1.146243691444397,-3.4125759601593018,0.9546711444854736,0.7006887197494507,1.3445430994033813,-2.0147833824157715,0.7953507900238037,-0.022613009437918663,1.4281989336013794,-1.962872862815857,0.6159788966178894,0.8518020510673523,1.408844232559204,-1.7701938152313232,0.11129598319530487,-0.13432304561138153,1.52504563331604,-1.7466413974761963,0.05925489962100983,0.6416333317756653,1.3209322690963745,-1.7467830181121826,0.04896955564618111,0.004222758114337921,1.112001895904541,-1.6194126605987549,0.023966755717992783,0.6178502440452576,1.310612440109253,-1.8146005868911743,0.06477255374193192,0.053721874952316284,0.9896273016929626,-1.6520538330078125,0.03485450893640518,0.5812551975250244,1.2735306024551392,-1.795628309249878,0.08119462430477142,0.041438568383455276,0.9690836071968079,-1.616726279258728,0.042591627687215805,0.5813995003700256,1.277707815170288,-1.7524406909942627,0.07943252474069595,0.03392966836690903,1.0083152055740356,-1.611781358718872,0.0394238606095314,0.5838252305984497,2.6473584175109863,-0.19729375839233398,0.002539827488362789,0.15900281071662903,2.6514627933502197,0.20365484058856964,0.002248026430606842,0.5878771543502808,2.0727624893188477,-0.8672527074813843,0.012198096141219139,-0.06107061356306076,2.2283971309661865,-0.7822772264480591,0.018788715824484825,0.5350310802459717,2.565399408340454,0.13258056342601776,0.001402652938850224,0.33166438341140747,2.4585349559783936,0.2371339499950409,0.0014373887097463012,0.5012692213058472,2.725708484649658,0.19814209640026093,0.0011463967384770513,0.40256208181381226,2.517627716064453,0.3318261206150055,0.0017510923789814115,0.5414159297943115,2.540029764175415,-0.38919490575790405,0.0023200251162052155,0.3449493944644928,2.477881908416748,-0.1749505251646042,0.003586364444345236
39,squat,1,0.3662083148956299,1.0292565822601318,-3.7960140705108643,0.9967945218086243,0.41715115308761597,0.8959095478057861,-3.6979498863220215,0.9969499707221985,0.4513360559940338,0.8848415613174438,-3.6972222328186035,0.9972668886184692,0.48319774866104126,0.8750291466712952,-3.697258472442627,0.9967485666275024,0.3031342625617981,0.9181497693061829,-3.731079578399658,0.9964760541915894,0.2547219693660736,0.9227838516235352,-3.7316970825195312,0.9961990118026733,0.21196424961090088,0.9252187609672546,-3.731008529663086,0.9950759410858154,0.5140313506126404,0.8712701797485352,-2.7866768836975098,0.9970362186431885,0.14069750905036926,0.932430624961853,-2.935483455657959,0.9957942366600037,0.4270187318325043,1.1312304735183716,-3.400484800338745,0.9588705897331238,0.29873061180114746,1.146126627922058,-3.4471359252929688,0.9459509253501892,0.7057823538780212,1.3410519361495972,-2.06364369392395,0.7459848523139954,-0.015452325344085693,1.4275423288345337,-2.0318779945373535,0.5685251355171204,0.8466474413871765,1.372694492340088,-1.7600109577178955,0.10924702882766724,-0.12056402862071991,1.4844392538070679,-1.8383948802947998,0.061661962419748306,0.6430166959762573,1.302680253982544,-1.618835687637329,0.04904872551560402,0.016180533915758133,1.0649797916412354,-1.7192789316177368,0.02477259188890457,0.6224154829978943,1.298153042793274,-1.6173312664031982,0.06597717851400375,0.0604751817882061,0.9430616497993469,-1.754402756690979,0.03653145208954811,0.5854367017745972,1.260318398475647,-1.6240638494491577,0.08249820023775101,0.051147811114788055,0.9218102693557739,-1.7061684131622314,0.04421718791127205,0.5840232968330383,1.262327790260315,-1.623317003250122,0.08114303648471832,0.05021907016634941,0.9609098434448242,-1.7075812816619873,0.041002046316862106,0.5842812061309814,2.64402174949646,-0.1890876144170761,0.002330012619495392,0.17323437333106995,2.6472525596618652,0.19541199505329132,0.0020762085914611816,0.5991650819778442,2.0421206951141357,-0.846319854259491,0.012183336541056633,-0.06191277503967285,2.1864500045776367,-0.7482107877731323,0.019136499613523483,0.5199357271194458,2.5341782569885254,0.17257413268089294,0.0015251325676217675,0.3490700125694275,2.425528049468994,0.29224592447280884,0.001427346607670188,0.48226624727249146,2.693427562713623,0.2398950606584549,0.0013424042845144868,0.4244964122772217,2.478734016418457,0.3889208734035492,0.0017164527671411633,0.5405622720718384,2.5174005031585693,-0.3311566710472107,0.0025865992065519094,0.3653755486011505,2.470215320587158,-0.09859082847833633,0.0034748653415590525
40,squat,1,0.39238762855529785,1.0270912647247314,-3.7752013206481934,0.9969730973243713,0.4401303827762604,0.8938467502593994,-3.660247802734375,0.9970677495002747,0.4735605716705322,0.8828830122947693,-3.6596012115478516,0.9973649978637695,0.5043901205062866,0.8731386065483093,-3.6596484184265137,0.9968309998512268,0.33148282766342163,0.9154972434043884,-3.7083258628845215,0.9966617822647095,0.2848604917526245,0.9199632406234741,-3.709031343460083,0.9963983297348022,0.24065706133842468,0.922674298286438,-3.7085468769073486,0.9953415393829346,0.5249670147895813,0.8689290881156921,-2.770124673843384,0.99705970287323,0.152897447347641,0.9301296472549438,-2.915022373199463,0.9960330128669739,0.4497435688972473,1.1296164989471436,-3.363685131072998,0.9569613337516785,0.3203599750995636,1.1444185972213745,-3.4315154552459717,0.945395290851593,0.7034170031547546,1.3372061252593994,-1.9931094646453857,0.7024083137512207,-0.015123719349503517,1.4215060472488403,-2.048403024673462,0.5332221984863281,0.8434470891952515,1.3828415870666504,-1.588026523590088,0.10596197843551636,-0.11614640802145004,1.4544941186904907,-1.9530586004257202,0.06860465556383133,0.6429926753044128,1.2982029914855957,-1.3528814315795898,0.04871634021401405,0.01919957622885704,1.0171197652816772,-1.8334306478500366,0.027110876515507698,0.621496319770813,1.286686658859253,-1.3265057802200317,0.06592541933059692,0.06233970448374748,0.8908970355987549,-1.870368242263794,0.039791420102119446,0.5868394374847412,1.2481865882873535,-1.3260934352874756,0.08227989822626114,0.05374787375330925,0.8686122894287109,-1.8153321743011475,0.0477861687541008,0.5842465162277222,1.2534642219543457,-1.3505878448486328,0.08122856914997101,0.05404621362686157,0.9093073010444641,-1.8190011978149414,0.044355813413858414,0.5776130557060242,2.6431565284729004,-0.16035473346710205,0.002131351036950946,0.16861547529697418,2.661280393600464,0.16680069267749786,0.0019186928402632475,0.5914390683174133,2.145660877227783,-0.8085145950317383,0.01223473809659481,-0.05000467970967293,2.286527156829834,-0.9231833219528198,0.01901380531489849,0.5243195295333862,2.699960470199585,0.1776982843875885,0.0016128754941746593,0.3627846837043762,2.58970308303833,0.15864303708076477,0.0013910109410062432,0.5007045865058899,2.8590829372406006,0.2377440482378006,0.0014691231772303581,0.4307972490787506,2.6392784118652344,0.2544584274291992,0.0016511622816324234,0.548848032951355,2.720247507095337,-0.3740174174308777,0.0028187441639602184,0.39609599113464355,2.6654438972473145,-0.27765578031539917,0.0033506955951452255
41,squat,1,0.4048362672328949,1.026025652885437,-3.809438705444336,0.9971399903297424,0.451508104801178,0.8935840129852295,-3.6896262168884277,0.9971673488616943,0.4844335913658142,0.8826768398284912,-3.6888656616210938,0.9974428415298462,0.5147744417190552,0.872988760471344,-3.6888625621795654,0.9968822002410889,0.34470683336257935,0.9146000742912292,-3.749499559402466,0.9968308806419373,0.29861071705818176,0.9187548756599426,-3.7502598762512207,0.9965826272964478,0.2534233033657074,0.9214626550674438,-3.7497925758361816,0.9955916404724121,0.5307918190956116,0.8683207035064697,-2.735569477081299,0.9970458745956421,0.15971501171588898,0.9286495447158813,-2.9738194942474365,0.9962669610977173,0.4606878161430359,1.1278029680252075,-3.388151168823242,0.9550292491912842,0.3320363759994507,1.1425613164901733,-3.471627712249756,0.9450380206108093,0.7017106413841248,1.3356233835220337,-1.9430675506591797,0.6643008589744568,-0.012364426627755165,1.4162406921386719,-2.106675624847412,0.5060217380523682,0.8380523920059204,1.370353102684021,-1.4160174131393433,0.10327132046222687,-0.11187511682510376,1.4234493970870972,-1.9262748956680298,0.07961974292993546,0.6404929161071777,1.282078504562378,-1.1065902709960938,0.04823261871933937,0.02131037786602974,0.9807366728782654,-1.6733213663101196,0.030178988352417946,0.6171349883079529,1.268222689628601,-1.056910753250122,0.06531240046024323,0.06408122926950455,0.8507721424102783,-1.693931221961975,0.04324592649936676,0.5851903557777405,1.2325520515441895,-1.0564225912094116,0.08127837628126144,0.05501227825880051,0.8310328722000122,-1.6458346843719482,0.051446497440338135,0.5816709399223328,1.2389817237854004,-1.1014565229415894,0.0805114284157753,0.05582473427057266,0.873081386089325,-1.6575562953948975,0.04775356501340866,0.5732920169830322,2.6412127017974854,-0.1371236890554428,0.001958079868927598,0.16603179275989532,2.6673660278320312,0.14327751100063324,0.001789276604540646,0.5873889327049255,2.1275734901428223,-0.7978152632713318,0.012374750338494778,-0.045679837465286255,2.277961015701294,-0.9734252691268921,0.019260818138718605,0.5266556739807129,2.6801342964172363,0.17977598309516907,0.0017355391755700111,0.36712080240249634,2.5691258907318115,0.11607971042394638,0.0013872755225747824,0.5050410628318787,2.83772349357605,0.24058520793914795,0.001635776599869132,0.43256306648254395,2.6139919757843018,0.21385744214057922,0.0016323687741532922,0.5494540929794312,2.704160213470459,-0.3573645353317261,0.0030866418965160847,0.40650391578674316,2.6504874229431152,-0.31178441643714905,0.003284838516265154
42,squat,1,0.4304654598236084,1.004377841949463,-3.3093667030334473,0.9973305463790894,0.47074684500694275,0.8801117539405823,-3.1612279415130615,0.9972929954528809,0.5014764070510864,0.8700941801071167,-3.1603941917419434,0.9975325465202332,0.5292949080467224,0.8600736856460571,-3.1600382328033447,0.9969550371170044,0.3707576394081116,0.896595299243927,-3.2421767711639404,0.9970324635505676,0.3279692828655243,0.8990373015403748,-3.242797374725342,0.9968079924583435,0.28347668051719666,0.9014160633087158,-3.242589235305786,0.9959112405776978,0.5358107686042786,0.8558822274208069,-2.134578227996826,0.9970600605010986,0.18510524928569794,0.913185179233551,-2.504061222076416,0.9965526461601257,0.4828870892524719,1.0899001359939575,-2.8851535320281982,0.9559310078620911,0.3663869798183441,1.1048411130905151,-2.9979374408721924,0.9479036927223206,0.6927626132965088,1.292236089706421,-1.378355622291565,0.6237601637840271,0.012753933668136597,1.3933113813400269,-1.9144614934921265,0.4833870232105255,0.7884771227836609,1.3088887929916382,-0.9955175518989563,0.10071290284395218,-0.09333289414644241,1.303577184677124,-2.0388948917388916,0.1103479266166687,0.5998202562332153,1.1811851263046265,-0.7912865281105042,0.0476585328578949,0.0705077201128006,0.8678016066551208,-1.9713799953460693,0.03856971487402916,0.5714030861854553,1.1426506042480469,-0.770503044128418,0.06395387649536133,0.12075479328632355,0.7398048639297485,-2.0479800701141357,0.05132003501057625,0.5556740164756775,1.1293632984161377,-0.7606151700019836,0.07938776910305023,0.1199299544095993,0.7321676015853882,-1.9680334329605103,0.06025559827685356,0.5539382696151733,1.148205041885376,-0.7925671935081482,0.07894941419363022,0.11474508047103882,0.7780466675758362,-1.9513380527496338,0.05575469136238098,0.5669863224029541,2.6337730884552,-0.0910206288099289,0.0018036975525319576,0.17347344756126404,2.6743783950805664,0.0961880311369896,0.0016912396531552076,0.5857058167457581,2.069321632385254,-0.8085932731628418,0.012888104654848576,-0.038831375539302826,2.1920723915100098,-1.171594262123108,0.020368102937936783,0.5276079177856445,2.589695453643799,0.1377636045217514,0.0019692769274115562,0.3625797629356384,2.4933321475982666,-0.051183950155973434,0.0014106804737821221,0.50312340259552,2.732821464538574,0.19628556072711945,0.0018155933357775211,0.4297292232513428,2.526766061782837,0.05023767426609993,0.001597713096998632,0.5540393590927124,2.5975890159606934,-0.45692306756973267,0.0036764799151569605,0.4338047504425049,2.5614655017852783,-0.5095012784004211,0.003286911640316248
43,squat,1,0.44596242904663086,0.9933797717094421,-3.125786542892456,0.9975036382675171,0.4840849041938782,0.8732761740684509,-2.976970911026001,0.9974060654640198,0.5130566954612732,0.8637192249298096,-2.9761714935302734,0.997607409954071,0.5387188792228699,0.8536695241928101,-2.975748300552368,0.997011125087738,0.3855602741241455,0.8879554271697998,-3.0643837451934814,0.997219443321228,0.3425052762031555,0.8897179961204529,-3.0649421215057373,0.9970163106918335,0.2974928617477417,0.8918473124504089,-3.064814567565918,0.9962066411972046,0.5387606024742126,0.8498924374580383,-1.9472087621688843,0.9970506429672241,0.19815127551555634,0.9049133062362671,-2.3498520851135254,0.9968172907829285,0.49414557218551636,1.0712724924087524,-2.7020087242126465,0.9569793343544006,0.3813246786594391,1.087830662727356,-2.822801113128662,0.9508622884750366,0.6798755526542664,1.2647560834884644,-1.1926053762435913,0.59056156873703,0.029050374403595924,1.369434118270874,-1.7709848880767822,0.46792885661125183,0.7471635341644287,1.2902467250823975,-0.799751341342926,0.09895731508731842,-0.08660291135311127,1.262599229812622,-2.044616222381592,0.14638100564479828,0.5742934942245483,1.1478561162948608,-0.6256514191627502,0.048171136528253555,0.0690365731716156,0.797160804271698,-2.037972927093506,0.05051540210843086,0.5464755296707153,1.106268286705017,-0.6089823246002197,0.06383609771728516,0.14113837480545044,0.6914849877357483,-2.1255829334259033,0.06220005452632904,0.5363466739654541,1.0943406820297241,-0.6004528403282166,0.07899375259876251,0.13946586847305298,0.6853001713752747,-2.0462887287139893,0.07216012477874756,0.5348185300827026,1.1146053075790405,-0.628968358039856,0.07879114151000977,0.13248297572135925,0.7333112359046936,-2.0191216468811035,0.06647949665784836,0.5587863922119141,2.625706434249878,-0.05816744640469551,0.00167363160289824,0.17807409167289734,2.6737072467803955,0.0628512054681778,0.0016204556450247765,0.5822523832321167,2.0939884185791016,-0.7776786684989929,0.0135682737454772,-0.028191840276122093,2.1679954528808594,-1.194054365158081,0.02171802893280983,0.527428150177002,2.607585906982422,0.188461571931839,0.0022475591395050287,0.3582884669303894,2.500620126724243,-0.04331677407026291,0.0014626942574977875,0.50309818983078,2.746260643005371,0.2480347603559494,0.0020195997785776854,0.41485676169395447,2.5361623764038086,0.05947441607713699,0.001587004866451025,0.554050624370575,2.6163365840911865,-0.4136287569999695,0.004371069371700287,0.437384694814682,2.573286294937134,-0.5052152872085571,0.0033554339315742254
44,squat,1,0.4501672685146332,0.9871254563331604,-2.9517455101013184,0.9976085424423218,0.48970261216163635,0.8710207343101501,-2.823302984237671,0.9974504113197327,0.5186077356338501,0.8620872497558594,-2.8228375911712646,0.9976575374603271,0.5442379713058472,0.8524917960166931,-2.8227944374084473,0.9970180988311768,0.39440712332725525,0.8816344738006592,-2.8985939025878906,0.9973059892654419,0.3543936312198639,0.8804361820220947,-2.899240255355835,0.9971370100975037,0.31386488676071167,0.8791849613189697,-2.8993704319000244,0.9963632225990295,0.5468921065330505,0.8477599024772644,-1.862709641456604,0.9970676302909851,0.22226031124591827,0.8876878023147583,-2.2015419006347656,0.996982991695404,0.49380892515182495,1.06483793258667,-2.5502748489379883,0.9576147794723511,0.3870554566383362,1.0744397640228271,-2.6526777744293213,0.9526827931404114,0.676611065864563,1.252434253692627,-1.14664888381958,0.582524299621582,0.07943007349967957,1.1146180629730225,-1.5233137607574463,0.458917498588562,0.7570619583129883,1.2993487119674683,-0.740754246711731,0.09697400778532028,-0.030365919694304466,1.2760854959487915,-1.5847657918930054,0.15870048105716705,0.5822737812995911,1.2143040895462036,-0.5664926767349243,0.04882935807108879,0.1197584867477417,0.7902496457099915,-1.4021947383880615,0.053511157631874084,0.5690308213233948,1.1975853443145752,-0.54121994972229,0.06410155445337296,0.28558117151260376,0.6972029209136963,-1.4413397312164307,0.06468480080366135,0.5646051168441772,1.1727408170700073,-0.5362064838409424,0.07941858470439911,0.2529969811439514,0.6840249300003052,-1.3607507944107056,0.07546571642160416,0.5570216774940491,1.1830179691314697,-0.5659164190292358,0.07958975434303284,0.23571157455444336,0.7324446439743042,-1.377042531967163,0.06932446360588074,0.5553478002548218,2.5764412879943848,-0.07533712685108185,0.0016172253526747227,0.1761421263217926,2.6178643703460693,0.08029090613126755,0.0016064147930592299,0.536259651184082,2.3839621543884277,-0.7971442937850952,0.014429936185479164,-0.0034138765186071396,2.396155595779419,-1.0372495651245117,0.022111212834715843,0.5279670357704163,3.222590923309326,-0.013493785634636879,0.00243296567350626,0.3486142158508301,3.1392416954040527,-0.1559884399175644,0.001520971185527742,0.5154122710227966,3.3830158710479736,0.027575265616178513,0.0021892706863582134,0.400080144405365,3.212435483932495,-0.090032197535038,0.0016024998622015119,0.526012659072876,3.3786609172821045,-0.6417249441146851,0.004928941838443279,0.4027779996395111,3.3837733268737793,-0.7193037271499634,0.0035062674432992935
45,squat,1,0.4608995020389557,0.9754024744033813,-2.902949094772339,0.9977258443832397,0.4997890591621399,0.8635388612747192,-2.7647814750671387,0.9975220561027527,0.528011679649353,0.8554427027702332,-2.764395236968994,0.9977219104766846,0.5523852109909058,0.8467674851417542,-2.76434588432312,0.9970582723617554,0.40646204352378845,0.8722222447395325,-2.8445229530334473,0.997422456741333,0.3672972321510315,0.8706133365631104,-2.845201253890991,0.9972820281982422,0.3270004391670227,0.868914008140564,-2.8454205989837646,0.9965593218803406,0.5531138181686401,0.8444139957427979,-1.7840144634246826,0.9971069097518921,0.23558910191059113,0.8783838748931885,-2.14412260055542,0.9971649050712585,0.5009297132492065,1.0559372901916504,-2.499451160430908,0.9588466882705688,0.39979639649391174,1.0629030466079712,-2.607532024383545,0.9550860524177551,0.6757738590240479,1.249687910079956,-1.0751302242279053,0.5720109343528748,0.08900248259305954,1.1018264293670654,-1.4578964710235596,0.45036235451698303,0.7633472084999084,1.3090940713882446,-0.7173016667366028,0.09354173392057419,-0.022614415735006332,1.3190504312515259,-1.535373330116272,0.16495245695114136,0.5890980958938599,1.248350739479065,-0.6187666058540344,0.048287276178598404,0.1335843950510025,0.8262622356414795,-1.4414148330688477,0.0546182319521904,0.5799263715744019,1.2361403703689575,-0.607876181602478,0.06323166191577911,0.2809337079524994,0.7640696167945862,-1.4898626804351807,0.06575176864862442,0.577544629573822,1.204839825630188,-0.6031920909881592,0.07850488275289536,0.2473539412021637,0.7448745965957642,-1.4193294048309326,0.07723625004291534,0.5693658590316772,1.2127338647842407,-0.6219562292098999,0.07883904129266739,0.2309509515762329,0.790475606918335,-1.4224224090576172,0.07082144170999527,0.5549472570419312,2.5610971450805664,-0.07747241109609604,0.0015460025751963258,0.17545008659362793,2.600848913192749,0.08254663646221161,0.0015634532319381833,0.5125609636306763,2.500976800918579,-0.7759872674942017,0.015068219043314457,0.008171766065061092,2.5075762271881104,-1.0055046081542969,0.02213473431766033,0.5286998152732849,3.3462038040161133,0.026077046990394592,0.0025260227266699076,0.3374970853328705,3.2549872398376465,-0.14012275636196136,0.0015333868796005845,0.5275551080703735,3.5083203315734863,0.066734179854393,0.002256549196317792,0.3829696476459503,3.333690881729126,-0.0765082910656929,0.0015835564117878675,0.5148240923881531,3.5024917125701904,-0.6241826415061951,0.005291664507240057,0.38189950585365295,3.493813991546631,-0.7342919111251831,0.0035681845620274544
46,squat,1,0.4671439230442047,0.9699704647064209,-2.5241141319274902,0.997860312461853,0.5072057247161865,0.8590641617774963,-2.4038548469543457,0.9976097345352173,0.5363667607307434,0.8507433533668518,-2.4031119346618652,0.9977968335151672,0.560714840888977,0.8418483734130859,-2.4027485847473145,0.9971311092376709,0.4133647382259369,0.8665978312492371,-2.4647305011749268,0.9975447058677673,0.3765334188938141,0.864213228225708,-2.4649643898010254,0.9974233508110046,0.33834603428840637,0.8614743947982788,-2.4647293090820312,0.9967557191848755,0.5656794905662537,0.8380725979804993,-1.521206021308899,0.9971413016319275,0.25314250588417053,0.8654291033744812,-1.8037179708480835,0.997343897819519,0.5111979246139526,1.0465646982192993,-2.15214204788208,0.9598499536514282,0.4051145613193512,1.0499094724655151,-2.2378952503204346,0.9568794965744019,0.6749665141105652,1.2141512632369995,-0.8801126480102539,0.5546747446060181,0.12098048627376556,1.035524606704712,-1.2462928295135498,0.450534462928772,0.7352151870727539,1.199912428855896,-0.4938020706176758,0.09288933128118515,0.02098919451236725,1.2540438175201416,-1.3621575832366943,0.18233536183834076,0.5626187324523926,1.069631576538086,-0.13630571961402893,0.04796678200364113,0.2342347651720047,0.8559749126434326,-1.2297682762145996,0.06085287034511566,0.5324004888534546,1.0169779062271118,-0.0921689122915268,0.0625862255692482,0.31911715865135193,0.753317654132843,-1.2742102146148682,0.07221008092164993,0.5427231192588806,1.011599063873291,-0.067100390791893,0.0777171403169632,0.29053550958633423,0.743040919303894,-1.1935895681381226,0.08496881276369095,0.5401920080184937,1.0375388860702515,-0.13079795241355896,0.0786890834569931,0.2766414284706116,0.7891870737075806,-1.2075227499008179,0.07788994908332825,0.5540071725845337,2.5046706199645996,-0.08404939621686935,0.0014350410783663392,0.1952344924211502,2.540126323699951,0.08917255699634552,0.0014643489848822355,0.5132524371147156,2.13606595993042,-0.7617018818855286,0.015458703972399235,0.054458875209093094,2.2094852924346924,-0.7909932136535645,0.02210620604455471,0.5185574293136597,2.7098288536071777,0.05645192414522171,0.002770091872662306,0.34386199712753296,2.6105918884277344,-0.03862200677394867,0.0015903968596830964,0.5126920938491821,2.842585802078247,0.10491837561130524,0.002532945480197668,0.38287419080734253,2.6519596576690674,0.045803941786289215,0.0016031970735639334,0.5097529292106628,2.762901782989502,-0.5027588605880737,0.005926541984081268,0.39914387464523315,2.7204482555389404,-0.41078728437423706,0.0036896781530231237
47,squat,1,0.4627426564693451,0.9678403735160828,-2.7941222190856934,0.9979485869407654,0.5043302178382874,0.857376754283905,-2.672673463821411,0.9976388216018677,0.5340367555618286,0.849216103553772,-2.6719326972961426,0.9978303909301758,0.5602762699127197,0.8405946493148804,-2.6716315746307373,0.9971427917480469,0.41170939803123474,0.8646256923675537,-2.7249512672424316,0.9976013898849487,0.37480777502059937,0.8624683022499084,-2.725339412689209,0.9975007176399231,0.3368997871875763,0.8599312901496887,-2.7251105308532715,0.9968640804290771,0.573896050453186,0.8375145792961121,-1.761487603187561,0.9971227645874023,0.25033530592918396,0.8655194044113159,-2.0017685890197754,0.9974524974822998,0.5108691453933716,1.048237681388855,-2.4102773666381836,0.9590467810630798,0.4011155068874359,1.0512158870697021,-2.4844141006469727,0.9567729830741882,0.6790412068367004,1.2178672552108765,-1.1068545579910278,0.5263627767562866,0.12608090043067932,1.0515979528427124,-1.3930853605270386,0.4335840046405792,0.7426820993423462,1.2228140830993652,-0.7635987997055054,0.09181789308786392,0.04223022609949112,1.2601431608200073,-1.4672892093658447,0.1866735965013504,0.5746210813522339,1.0921882390975952,-0.42723411321640015,0.04658982902765274,0.27176162600517273,0.8759109973907471,-1.3373470306396484,0.06107837334275246,0.546528160572052,1.0427894592285156,-0.38901978731155396,0.06064337119460106,0.34898120164871216,0.7656931281089783,-1.3842568397521973,0.07242660969495773,0.5480479001998901,1.0361406803131104,-0.36860767006874084,0.07522211223840714,0.3212432861328125,0.757550060749054,-1.3068984746932983,0.08519598096609116,0.5445268154144287,1.0591024160385132,-0.42180776596069336,0.07680585235357285,0.30549222230911255,0.8023073077201843,-1.3174526691436768,0.07839640974998474,0.5544368028640747,2.512352466583252,-0.0971934050321579,0.0013289867201820016,0.20370027422904968,2.550250291824341,0.10170358419418335,0.001369665958918631,0.5523318648338318,2.025489330291748,-0.8342064023017883,0.015718627721071243,0.05557315796613693,2.1845552921295166,-0.8001526594161987,0.02221975475549698,0.5170458555221558,2.588243007659912,-0.011940494179725647,0.0030329436995089054,0.3503928780555725,2.504922389984131,0.00969741027802229,0.0016646236181259155,0.506649374961853,2.7244322299957275,0.037924788892269135,0.0028285521548241377,0.3844607472419739,2.5308334827423096,0.09153521060943604,0.0016438497696071863,0.5104940533638,2.6292316913604736,-0.5658124685287476,0.006439917720854282,0.4098444879055023,2.602781057357788,-0.405842125415802,0.0037947320379316807
48,squat,1,0.4853387773036957,0.9564133286476135,-2.4350638389587402,0.9981285929679871,0.5254431962966919,0.847573459148407,-2.3005027770996094,0.9978319406509399,0.5539880394935608,0.8398192524909973,-2.299522876739502,0.9980030655860901,0.5777864456176758,0.8314727544784546,-2.2988178730010986,0.997361958026886,0.43179917335510254,0.8512670993804932,-2.3813388347625732,0.997808039188385,0.3968895971775055,0.8472698330879211,-2.3814733028411865,0.9977184534072876,0.3603195548057556,0.8427008986473083,-2.381012439727783,0.9971394538879395,0.5876993536949158,0.8292402029037476,-1.3815871477127075,0.9973287582397461,0.27824297547340393,0.8461934924125671,-1.7602516412734985,0.9976773262023926,0.5287882089614868,1.0375691652297974,-2.0521156787872314,0.962180495262146,0.42141881585121155,1.0336321592330933,-2.1654601097106934,0.9603210091590881,0.6788398027420044,1.216580867767334,-0.7130854725837708,0.5265458226203918,0.13983699679374695,1.0371317863464355,-1.2609705924987793,0.4504699409008026,0.7359564900398254,1.240660548210144,-0.3444086015224457,0.09245461225509644,0.04845717176795006,1.2287445068359375,-1.4768474102020264,0.20624659955501556,0.5768566727638245,1.053877353668213,-0.15727126598358154,0.05145331099629402,0.23351506888866425,0.8772714138031006,-1.582820177078247,0.07266004383563995,0.5463905334472656,0.988814115524292,-0.13213254511356354,0.06692514568567276,0.33533793687820435,0.728631854057312,-1.6458122730255127,0.08519884198904037,0.5495234131813049,0.9789949059486389,-0.09484292566776276,0.08242005109786987,0.2922956943511963,0.75113445520401,-1.5833250284194946,0.09938523918390274,0.5464295148849487,1.009723424911499,-0.14979350566864014,0.08417996764183044,0.2679458260536194,0.8122395873069763,-1.5698144435882568,0.09193044900894165,0.554110586643219,2.509239912033081,-0.04323495551943779,0.0012620319612324238,0.2205962836742401,2.551490068435669,0.04691687971353531,0.0013233713107183576,0.5515190362930298,1.9393842220306396,-0.6052976846694946,0.01729920320212841,0.12529394030570984,1.9970160722732544,-0.6729299426078796,0.023159287869930267,0.5028199553489685,2.450835704803467,0.17989954352378845,0.00386252929456532,0.3619253933429718,2.373419761657715,0.20929519832134247,0.0019225497962906957,0.4816249907016754,2.5832791328430176,0.22875027358531952,0.003525093663483858,0.3828410506248474,2.4279909133911133,0.2938714623451233,0.0018037273548543453,0.511029064655304,2.4668147563934326,-0.2523738741874695,0.0085450429469347,0.44921669363975525,2.43318247795105,-0.0788259357213974,0.004378849640488625
49,squat,1,0.4942435622215271,0.9514492750167847,-2.421170711517334,0.9982967376708984,0.5336830019950867,0.8429684042930603,-2.2785162925720215,0.9980153441429138,0.5618426203727722,0.8356278538703918,-2.2775211334228516,0.9981671571731567,0.5850263833999634,0.8277037739753723,-2.27675199508667,0.997570812702179,0.43988895416259766,0.8459472060203552,-2.3568904399871826,0.9980025887489319,0.40428704023361206,0.8420717120170593,-2.3569984436035156,0.9979222416877747,0.3667945861816406,0.8376611471176147,-2.356531858444214,0.997397243976593,0.5934939384460449,0.8274400234222412,-1.347637414932251,0.9975273013114929,0.28353673219680786,0.8425723910331726,-1.712852120399475,0.9978879690170288,0.5348831415176392,1.0342977046966553,-2.0372748374938965,0.965081512928009,0.42962080240249634,1.0307209491729736,-2.1459319591522217,0.963614821434021,0.6790943741798401,1.2196511030197144,-0.6633604168891907,0.523696780204773,0.14582559466362,1.0564415454864502,-1.2269469499588013,0.46443411707878113,0.7325133085250854,1.2233513593673706,-0.2535533607006073,0.09315241873264313,0.04112285375595093,1.2319362163543701,-1.5092371702194214,0.22860650718212128,0.5781891345977783,1.0268399715423584,-0.004127193242311478,0.05493636801838875,0.21049733459949493,0.8201718926429749,-1.5678362846374512,0.08678607642650604,0.5471070408821106,0.9611272215843201,0.031090259552001953,0.07114552706480026,0.3195802867412567,0.6895091533660889,-1.6248433589935303,0.0998152568936348,0.5514155030250549,0.9571195840835571,0.07593338191509247,0.08726761490106583,0.2690567374229431,0.7221439480781555,-1.561755895614624,0.11570533365011215,0.5482712984085083,0.9894059896469116,0.0051161120645701885,0.08950682729482651,0.24992790818214417,0.7802733778953552,-1.5533217191696167,0.1072762981057167,0.5546777248382568,2.5150086879730225,-0.025797953829169273,0.0012049023061990738,0.22905369102954865,2.552823781967163,0.029443711042404175,0.0012881152797490358,0.5635699033737183,1.9847798347473145,-0.5623258948326111,0.01826859824359417,0.1665981560945511,2.0252177715301514,-0.6875550746917725,0.02380991540849209,0.5056322813034058,2.5058207511901855,0.22565805912017822,0.004459075629711151,0.393943727016449,2.4293243885040283,0.21310460567474365,0.002087949076667428,0.4859570562839508,2.640895128250122,0.2736963629722595,0.004059805069118738,0.39636924862861633,2.4909889698028564,0.2980857193470001,0.0019161418313160539,0.5300635099411011,2.5284738540649414,-0.20660054683685303,0.010107755661010742,0.4915223717689514,2.4991347789764404,-0.08042407780885696,0.004813217557966709
50,squat,1,0.5099226236343384,0.9489694833755493,-2.5517404079437256,0.9984287619590759,0.5522966384887695,0.8421268463134766,-2.388770580291748,0.9981394410133362,0.5790539979934692,0.8355893492698669,-2.3879685401916504,0.9982650279998779,0.6011412143707275,0.8281241059303284,-2.3873772621154785,0.9976724982261658,0.4593327045440674,0.8419191837310791,-2.4395930767059326,0.998156726360321,0.4251742959022522,0.8362311720848083,-2.440047025680542,0.9980881214141846,0.3909771144390106,0.8301688432693481,-2.440150260925293,0.9976145625114441,0.6123037338256836,0.8277261257171631,-1.3892905712127686,0.9976139664649963,0.3154023289680481,0.8330342173576355,-1.6288468837738037,0.9980713725090027,0.5453256368637085,1.0297677516937256,-2.154473066329956,0.9671152234077454,0.43992599844932556,1.0194010734558105,-2.229741334915161,0.9665907621383667,0.700208842754364,1.2358851432800293,-0.7984341382980347,0.5021315813064575,0.15114884078502655,1.0652869939804077,-1.0825656652450562,0.49251049757003784,0.7363922595977783,1.2861653566360474,-0.49498480558395386,0.09553642570972443,-0.05227719619870186,1.2564003467559814,-1.6485211849212646,0.2654423415660858,0.5471987724304199,1.0467512607574463,-0.32031071186065674,0.06250334531068802,0.14215748012065887,0.8335536122322083,-2.1546576023101807,0.12457958608865738,0.506236732006073,0.9637972712516785,-0.3886093497276306,0.07855741679668427,0.20561888813972473,0.7122527360916138,-2.2864699363708496,0.13370949029922485,0.5158426761627197,0.9582492709159851,-0.12783868610858917,0.09544570744037628,0.21970932185649872,0.7301620244979858,-2.193336248397827,0.15228337049484253,0.5154783725738525,0.9973013997077942,-0.23167698085308075,0.09756211936473846,0.2190283089876175,0.7798072099685669,-2.1434578895568848,0.1408744603395462,0.5582074522972107,2.55313777923584,-0.05136203020811081,0.0011828677961602807,0.22703716158866882,2.5684940814971924,0.054869093000888824,0.0013667955063283443,0.5452235341072083,2.177809715270996,-0.5906294584274292,0.01925627887248993,0.1409326195716858,2.043513774871826,-0.7065715193748474,0.024227887392044067,0.5072618722915649,2.7462565898895264,0.31907862424850464,0.004542310256510973,0.37492433190345764,2.6097514629364014,0.31282371282577515,0.0020906415302306414,0.48743200302124023,2.8967862129211426,0.3737451732158661,0.0041710976511240005,0.3829880952835083,2.6890604496002197,0.4029976427555084,0.0019049827242270112,0.5273007154464722,2.7477798461914062,-0.21864168345928192,0.01051001250743866,0.43271058797836304,2.695220470428467,-0.11496148258447647,0.004890544805675745
51,squat,1,0.5097511410713196,0.9478682279586792,-2.5095632076263428,0.9985618591308594,0.5506902933120728,0.8425472974777222,-2.3376924991607666,0.9982772469520569,0.5769554972648621,0.8358744382858276,-2.3366990089416504,0.9983794689178467,0.5993607044219971,0.8287467360496521,-2.3359503746032715,0.997806966304779,0.4609195291996002,0.840636670589447,-2.404315710067749,0.9983121156692505,0.4261666238307953,0.8339940309524536,-2.4046471118927,0.9982522130012512,0.39028674364089966,0.8266181945800781,-2.4046082496643066,0.997825026512146,0.6087244749069214,0.8290700912475586,-1.3098323345184326,0.9977389574050903,0.30989259481430054,0.828306257724762,-1.6283636093139648,0.9982423782348633,0.5415478348731995,1.0278090238571167,-2.1016736030578613,0.9693951606750488,0.4382038712501526,1.0146775245666504,-2.197368860244751,0.9694581031799316,0.6989704370498657,1.2430920600891113,-0.6519845724105835,0.49324676394462585,0.1510697603225708,1.0657116174697876,-1.1444735527038574,0.5213362574577332,0.7232621908187866,1.2978999614715576,-0.338874876499176,0.09754465520381927,-0.08259465545415878,1.2636016607284546,-1.7811686992645264,0.300757497549057,0.5236897468566895,1.0448869466781616,-0.12964342534542084,0.0728420838713646,0.11335091292858124,0.84300696849823,-2.2339072227478027,0.15932033956050873,0.48276716470718384,0.9645227789878845,-0.12616221606731415,0.08927155286073685,0.1617378294467926,0.7307292222976685,-2.3632941246032715,0.16510476171970367,0.4902285039424896,0.9579578042030334,-0.0547650046646595,0.10746176540851593,0.1918359100818634,0.7420885562896729,-2.292893886566162,0.185890793800354,0.4910147786140442,0.9954020380973816,-0.10787765681743622,0.10879281163215637,0.19812145829200745,0.7864859700202942,-2.2264652252197266,0.1717834770679474,0.5532726049423218,2.557631492614746,-0.014601781964302063,0.0011607094202190638,0.22399917244911194,2.5751538276672363,0.01839601621031761,0.0014027755241841078,0.5453938245773315,2.1280484199523926,-0.4958413243293762,0.02025301568210125,0.14113087952136993,2.093773603439331,-0.7087048888206482,0.0242573581635952,0.5084024667739868,2.664052724838257,0.45422297716140747,0.004653740208595991,0.37595948576927185,2.5603816509246826,0.3639008402824402,0.0020747340749949217,0.4885502755641937,2.809464454650879,0.5124903917312622,0.004291539546102285,0.38134437799453735,2.637249708175659,0.4598132073879242,0.0018831179477274418,0.5440264940261841,2.6659889221191406,-0.07189445197582245,0.011081474833190441,0.47193318605422974,2.6118264198303223,-0.033574458211660385,0.004947424866259098
52,squat,1,0.5419113636016846,0.9422353506088257,-2.157679319381714,0.9986987113952637,0.5805378556251526,0.8403995633125305,-1.9604034423828125,0.9984357357025146,0.6027120351791382,0.8349162340164185,-1.9594436883926392,0.9985218048095703,0.6227846145629883,0.828620195388794,-1.958569884300232,0.9979922771453857,0.49471503496170044,0.8367961049079895,-2.0212745666503906,0.9984740614891052,0.4594573378562927,0.8299512267112732,-2.02156662940979,0.9984206557273865,0.4255162179470062,0.8227770924568176,-2.0215935707092285,0.9980364441871643,0.6235455274581909,0.8292804956436157,-0.9309066534042358,0.997929036617279,0.34875747561454773,0.8272810578346252,-1.227724313735962,0.9984139204025269,0.5656761527061462,1.0201164484024048,-1.7617698907852173,0.9721459746360779,0.4661233425140381,1.0061146020889282,-1.85080087184906,0.9723996520042419,0.6980565190315247,1.2513946294784546,-0.40925630927085876,0.49574971199035645,0.14594043791294098,1.1772414445877075,-0.9079679250717163,0.5611300468444824,0.6806083917617798,1.2762629985809326,-0.18923339247703552,0.10312912613153458,-0.1430138796567917,1.2633576393127441,-2.003838062286377,0.35639986395835876,0.45394468307495117,0.9617388844490051,0.18711337447166443,0.09078416228294373,0.10239013284444809,0.8401830792427063,-2.889594793319702,0.22836674749851227,0.4028974175453186,0.8773562908172607,0.20884445309638977,0.10547858476638794,0.1452035903930664,0.7253085374832153,-3.0841047763824463,0.22974440455436707,0.4143942892551422,0.8863445520401001,0.27696043252944946,0.12498681992292404,0.17841055989265442,0.738593339920044,-2.963313579559326,0.2503833770751953,0.4222358167171478,0.9319674968719482,0.21051207184791565,0.12492936104536057,0.1878664791584015,0.7848134636878967,-2.8705646991729736,0.23389862477779388,0.5520778894424438,2.5855112075805664,-0.022171001881361008,0.0012440959690138698,0.22201648354530334,2.5904171466827393,0.0262158066034317,0.00171985337510705,0.5648443698883057,2.1413183212280273,-0.5446240305900574,0.021927831694483757,0.128689706325531,2.128117322921753,-0.7131566405296326,0.024797262623906136,0.520615816116333,2.672511100769043,0.4094977378845215,0.004733630456030369,0.3641104996204376,2.5680577754974365,0.3561614751815796,0.0020552538335323334,0.490863174200058,2.8147027492523193,0.46823686361312866,0.004413022194057703,0.36055904626846313,2.641066551208496,0.4495144784450531,0.0018776875222101808,0.5653631687164307,2.6749088764190674,-0.12200362980365753,0.011422648094594479,0.46143850684165955,2.6220815181732178,-0.04160415381193161,0.005002264399081469
53,squat,1,0.5375679731369019,0.9394906163215637,-2.404677152633667,0.9988122582435608,0.5793620347976685,0.8389108777046204,-2.2247018814086914,0.9985606670379639,0.6041163206100464,0.8339996933937073,-2.2238402366638184,0.9986315965652466,0.6252401471138,0.8282137513160706,-2.223132610321045,0.9981288909912109,0.4914023280143738,0.8342553973197937,-2.270686626434326,0.9986086487770081,0.45766645669937134,0.827224850654602,-2.271183729171753,0.9985628128051758,0.42394834756851196,0.8196754455566406,-2.2713370323181152,0.9982174634933472,0.632034420967102,0.8294566869735718,-1.2133301496505737,0.9980630874633789,0.34965330362319946,0.8247491717338562,-1.429337978363037,0.9985644221305847,0.5640860795974731,1.0159761905670166,-2.011378049850464,0.9744489192962646,0.4638764262199402,1.003447413444519,-2.0819029808044434,0.9749971628189087,0.7176936864852905,1.2727739810943604,-0.681374728679657,0.4907827377319336,0.16320952773094177,1.1065292358398438,-0.9570012092590332,0.59635990858078,0.7222253084182739,1.3300806283950806,-0.8646388053894043,0.11754114925861359,-0.1709875762462616,1.2678577899932861,-1.8826258182525635,0.40777653455734253,0.4757348597049713,1.003257155418396,-0.8747267723083496,0.10911150276660919,0.08957380056381226,0.8463737368583679,-2.572803020477295,0.285310834646225,0.43825674057006836,0.9184107184410095,-0.9195661544799805,0.12122976779937744,0.141140416264534,0.7292743921279907,-2.7414774894714355,0.27936798334121704,0.44360145926475525,0.9194105267524719,-0.8115447163581848,0.14165335893630981,0.17288732528686523,0.7420232892036438,-2.6181647777557373,0.3005788326263428,0.44756609201431274,0.9637268781661987,-0.8427397608757019,0.1409258246421814,0.18157973885536194,0.7889760732650757,-2.5524442195892334,0.28159990906715393,0.552429735660553,2.6048569679260254,-0.0820266604423523,0.0013104373356327415,0.22046928107738495,2.5991156101226807,0.0857015997171402,0.001984015805646777,0.5644475817680359,2.290449857711792,-0.6149232983589172,0.023447366431355476,0.1252441108226776,2.197150707244873,-0.7215780019760132,0.026031477376818657,0.52784264087677,2.8566575050354004,0.3766966760158539,0.004899625200778246,0.3477645218372345,2.710230827331543,0.3479771912097931,0.0020818975754082203,0.5114054679870605,3.0052683353424072,0.43343520164489746,0.004642988555133343,0.35514602065086365,2.7863190174102783,0.4392665922641754,0.0019084258237853646,0.5627796649932861,2.86972975730896,-0.15982499718666077,0.011929230764508247,0.400599867105484,2.8061957359313965,-0.08947664499282837,0.005095097701996565
54,squat,1,0.561298131942749,0.9239261150360107,-2.1608307361602783,0.9989267587661743,0.6049193143844604,0.8265480399131775,-1.9529941082000732,0.9986969232559204,0.6269608736038208,0.8245198726654053,-1.9523063898086548,0.9987579584121704,0.6466573476791382,0.8218728303909302,-1.9515104293823242,0.9982989430427551,0.5197840332984924,0.8154839277267456,-1.9757864475250244,0.9987435340881348,0.48677483201026917,0.8068662285804749,-1.9762872457504272,0.9987026453018188,0.45435255765914917,0.7989001870155334,-1.9765567779541016,0.9983922243118286,0.6501115560531616,0.8295812010765076,-0.9412598609924316,0.998236894607544,0.3819146454334259,0.8145138025283813,-1.0603421926498413,0.9987061023712158,0.5824509859085083,1.0041701793670654,-1.784801721572876,0.9768540859222412,0.4855750501155853,0.9907872080802917,-1.8244259357452393,0.977448582649231,0.7268007397651672,1.2882380485534668,-0.5786709785461426,0.49725648760795593,0.16277295351028442,1.2108675241470337,-0.6156824231147766,0.6305766105651855,0.7226625680923462,1.3173128366470337,-0.7886322736740112,0.13025332987308502,-0.17830447852611542,1.2712520360946655,-1.5913493633270264,0.4539065361022949,0.4774077534675598,0.9721459746360779,-0.4666105806827545,0.13143540918827057,0.086088627576828,0.8506747484207153,-2.3579773902893066,0.3402608335018158,0.4268215596675873,0.8762048482894897,-0.5331175327301025,0.14105874300003052,0.13886430859565735,0.7345302104949951,-2.540884494781494,0.32970982789993286,0.3690691888332367,0.8508535027503967,-0.4071823060512543,0.16302981972694397,0.17154556512832642,0.7442943453788757,-2.412390947341919,0.351531982421875,0.3847717344760895,0.8861494660377502,-0.4315810203552246,0.1612585484981537,0.18048520386219025,0.7922258377075195,-2.341912031173706,0.33108049631118774,0.5589421987533569,2.6306846141815186,-0.1747903674840927,0.0013421238400042057,0.22140617668628693,2.6024675369262695,0.17957803606987,0.002129244152456522,0.5582388043403625,2.4650838375091553,-0.8128592371940613,0.024829763919115067,0.057644180953502655,2.4225142002105713,-0.667359471321106,0.026476619765162468,0.5370869040489197,3.1265358924865723,0.14608308672904968,0.004873771220445633,0.2718178331851959,2.9748423099517822,0.32939404249191284,0.00204885913990438,0.5391013622283936,3.2938287258148193,0.1915164291858673,0.004604813642799854,0.3042854368686676,3.050002098083496,0.38644739985466003,0.0018918083515018225,0.557677149772644,3.1575725078582764,-0.5226704478263855,0.01192979235202074,0.2529388666152954,3.1184651851654053,-0.2779797613620758,0.005127555690705776
55,squat,1,0.5641172528266907,0.9204732775688171,-2.2579832077026367,0.9990205764770508,0.6099634766578674,0.8216750025749207,-2.0602824687957764,0.9988052845001221,0.6348569989204407,0.8208409547805786,-2.059678792953491,0.9988545775413513,0.6554077863693237,0.8193386793136597,-2.058910608291626,0.9984259009361267,0.5226010680198669,0.8081556558609009,-2.0950052738189697,0.9988561868667603,0.4894145429134369,0.7987484335899353,-2.0955939292907715,0.998820960521698,0.4558753967285156,0.790273129940033,-2.095918655395508,0.9985427856445312,0.6618367433547974,0.8298465609550476,-1.058039665222168,0.9983556866645813,0.3802512288093567,0.8088294863700867,-1.2213149070739746,0.9988303184509277,0.5871192812919617,1.003085970878601,-1.88202702999115,0.9788706302642822,0.4908953309059143,0.9880793690681458,-1.9337806701660156,0.9796137809753418,0.7466925978660583,1.3227788209915161,-0.6718173623085022,0.4844711124897003,0.1583503931760788,1.2622606754302979,-0.7486985921859741,0.6588507294654846,0.7897217273712158,1.3615772724151611,-1.2049909830093384,0.1393001228570938,-0.17577674984931946,1.2757726907730103,-1.5313851833343506,0.496064156293869,0.5225101709365845,0.9962860345840454,-1.4953092336654663,0.13598787784576416,0.0858885869383812,0.8544512391090393,-2.3538365364074707,0.38470908999443054,0.4665815234184265,0.9034929275512695,-1.6185146570205688,0.14471858739852905,0.14008444547653198,0.738021969795227,-2.392929792404175,0.3677324950695038,0.43143758177757263,0.8902313113212585,-1.5036842823028564,0.16724222898483276,0.17164966464042664,0.7461694478988647,-2.35703706741333,0.3908088207244873,0.4441149830818176,0.9238999485969543,-1.4774322509765625,0.16551604866981506,0.18048183619976044,0.794554591178894,-2.2947115898132324,0.36751896142959595,0.5652693510055542,2.6644601821899414,-0.18114134669303894,0.00135334103833884,0.22108082473278046,2.6229445934295654,0.18604294955730438,0.0022240770049393177,0.5620565414428711,2.6072845458984375,-0.8497473001480103,0.025719359517097473,0.023876747116446495,2.528017997741699,-0.6879957914352417,0.027608683332800865,0.5461462736129761,3.299222707748413,0.14967724680900574,0.004878238774836063,0.20633038878440857,3.135436773300171,0.2935134172439575,0.0020408316049724817,0.5549374222755432,3.4658846855163574,0.1990443468093872,0.004497666843235493,0.24118852615356445,3.217435598373413,0.34710392355918884,0.0018814431969076395,0.5508129000663757,3.3487191200256348,-0.5600093603134155,0.0118950754404068,0.1829066127538681,3.3028104305267334,-0.38297462463378906,0.0051945652812719345
56,squat,1,0.584620475769043,0.8966817855834961,-1.9007877111434937,0.9990542531013489,0.6339847445487976,0.7991420030593872,-1.7130533456802368,0.9988537430763245,0.6585528254508972,0.802018404006958,-1.7130813598632812,0.9988644123077393,0.6797446012496948,0.8041229844093323,-1.7126575708389282,0.9984526038169861,0.5467507243156433,0.7814003229141235,-1.7457784414291382,0.9989289045333862,0.5137522220611572,0.7720893025398254,-1.7462613582611084,0.9989015460014343,0.4803774356842041,0.763681173324585,-1.747301459312439,0.9986622929573059,0.6879328489303589,0.8290294408798218,-0.7872227430343628,0.9983891248703003,0.39907440543174744,0.7875837087631226,-0.9295122027397156,0.998932957649231,0.604558527469635,0.9912884831428528,-1.565796971321106,0.980593740940094,0.5078074932098389,0.9749441146850586,-1.6112638711929321,0.9815260767936707,0.7823221683502197,1.3286341428756714,-0.4857056736946106,0.4935370981693268,0.18849171698093414,1.2252466678619385,-0.5132775902748108,0.6881316900253296,0.9007128477096558,1.4382646083831787,-1.136972427368164,0.15094542503356934,-0.16207318007946014,1.3524314165115356,-1.462223768234253,0.5364832282066345,0.6110162138938904,1.0661523342132568,-1.4444330930709839,0.13235905766487122,0.08602888882160187,0.8776949644088745,-2.2638745307922363,0.4213595986366272,0.5497273206710815,0.9624025225639343,-1.5609391927719116,0.1386905014514923,0.14245930314064026,0.7427644729614258,-2.432488203048706,0.39120832085609436,0.5210350155830383,0.9561237692832947,-1.4027856588363647,0.16016358137130737,0.17673560976982117,0.7464605569839478,-2.2845706939697266,0.4153445363044739,0.5311726331710815,1.0064717531204224,-1.4123053550720215,0.15838584303855896,0.18361744284629822,0.796922504901886,-2.2274985313415527,0.38888978958129883,0.6062780618667603,2.7020151615142822,-0.19932179152965546,0.0015447407495230436,0.21770770847797394,2.649677276611328,0.20466403663158417,0.0026032687164843082,0.5634578466415405,3.404503345489502,-0.7677567005157471,0.0252204779535532,0.03928185999393463,3.2565793991088867,-0.5021709203720093,0.02684388868510723,0.5597215890884399,4.291238307952881,0.14448295533657074,0.004528772551566362,0.18431714177131653,4.153910160064697,0.12636101245880127,0.0019617117941379547,0.5812398195266724,4.457777500152588,0.17114119231700897,0.004123462364077568,0.2087976485490799,4.28208589553833,0.1508292257785797,0.001848088577389717,0.5202258825302124,4.501773357391357,-0.7243053913116455,0.010947666130959988,0.1641196459531784,4.443451404571533,-0.7140958905220032,0.005116128362715244
57,squat,1,0.5811258554458618,0.8826636075973511,-1.9319822788238525,0.9990574717521667,0.634034276008606,0.784699559211731,-1.76493239402771,0.9988666772842407,0.6609786748886108,0.7887670993804932,-1.765062928199768,0.9988332986831665,0.684251606464386,0.7928856015205383,-1.7648637294769287,0.9984455704689026,0.5462422370910645,0.7660820484161377,-1.788956880569458,0.9989691972732544,0.5134162306785583,0.7572624087333679,-1.7892863750457764,0.9989473819732666,0.4788294732570648,0.748621940612793,-1.7903163433074951,0.9987515807151794,0.696515679359436,0.8273907899856567,-0.8799409866333008,0.9983859062194824,0.3989568054676056,0.7727233171463013,-0.9815768003463745,0.9990138411521912,0.6025329232215881,0.9846867918968201,-1.6078681945800781,0.9821010231971741,0.5062590837478638,0.968044102191925,-1.6416813135147095,0.9832086563110352,0.8034127950668335,1.3282502889633179,-0.5500068068504333,0.509222149848938,0.20537249743938446,1.1857458353042603,-0.5018676519393921,0.7146611213684082,0.9313530921936035,1.4829853773117065,-1.2447216510772705,0.16739536821842194,-0.15382947027683258,1.3586012125015259,-1.3016793727874756,0.5702879428863525,0.6355130076408386,1.1243908405303955,-1.5568230152130127,0.12885457277297974,0.08708266913890839,0.8805467486381531,-2.0376791954040527,0.44813331961631775,0.574492335319519,1.024691104888916,-1.6733402013778687,0.132503479719162,0.1437683403491974,0.7443321943283081,-2.2424914836883545,0.4038635790348053,0.5493549108505249,1.0139232873916626,-1.510765790939331,0.15301157534122467,0.18137337267398834,0.7484830617904663,-2.0455009937286377,0.4289435148239136,0.5578596591949463,1.0661293268203735,-1.5230756998062134,0.151096373796463,0.18739071488380432,0.7986488342285156,-2.002385377883911,0.4000224471092224,0.6241779327392578,2.6997339725494385,-0.2093149870634079,0.0016411859542131424,0.21130509674549103,2.6476659774780273,0.21493776142597198,0.0027576670981943607,0.5620442628860474,3.5144472122192383,-0.690581202507019,0.024009007960557938,0.05137798935174942,3.3549985885620117,-0.47320300340652466,0.02555261179804802,0.5573754906654358,4.4356184005737305,0.14723685383796692,0.004151556640863419,0.14628100395202637,4.30589485168457,0.05261255428195,0.0018577785231173038,0.5751312971115112,4.604685306549072,0.16609644889831543,0.0037503561470657587,0.16111955046653748,4.443496227264404,0.07235102355480194,0.0017694745911285281,0.4762108325958252,4.663238048553467,-0.7747405767440796,0.009984536096453667,0.13042500615119934,4.610350608825684,-0.8340626955032349,0.004934495314955711
58,squat,1,0.6122767925262451,0.8771151304244995,-2.015552520751953,0.999113917350769,0.6635047793388367,0.780133843421936,-1.8212026357650757,0.998927891254425,0.6867889165878296,0.7850015163421631,-1.8209505081176758,0.9988712072372437,0.7076030373573303,0.7897965908050537,-1.8203233480453491,0.9984934329986572,0.5834718942642212,0.7590165734291077,-1.8613824844360352,0.999047040939331,0.551982581615448,0.7482587099075317,-1.861907958984375,0.9990313053131104,0.5200362801551819,0.737530529499054,-1.8628442287445068,0.9988608360290527,0.7159494161605835,0.8263311386108398,-0.8444372415542603,0.9984120726585388,0.44019532203674316,0.757049024105072,-1.028460144996643,0.9991039037704468,0.6247602105140686,0.9812265634536743,-1.6584546566009521,0.9835519194602966,0.5397270917892456,0.9625244736671448,-1.7151954174041748,0.9847974181175232,0.8057557940483093,1.3260998725891113,-0.46587929129600525,0.5177775025367737,0.22424587607383728,1.159471035003662,-0.6122556924819946,0.740309476852417,0.9348273277282715,1.4651070833206177,-1.0790194272994995,0.17960432171821594,-0.1737861931324005,1.3388828039169312,-1.5779824256896973,0.6089903712272644,0.6564792394638062,1.1127790212631226,-1.3748714923858643,0.13672968745231628,0.08427219837903976,0.8806585073471069,-2.557173252105713,0.49417534470558167,0.5929499268531799,1.0008599758148193,-1.482001543045044,0.13735716044902802,0.14453475177288055,0.7458775639533997,-2.7753257751464844,0.4453560709953308,0.5755589604377747,0.9937536716461182,-1.3271833658218384,0.15811409056186676,0.18558405339717865,0.7497384548187256,-2.6141602993011475,0.47030314803123474,0.5859438180923462,1.0521551370620728,-1.3412023782730103,0.1547202616930008,0.18860921263694763,0.7995182275772095,-2.527371883392334,0.4396406412124634,0.6247845888137817,2.697474718093872,-0.19485916197299957,0.001824214938096702,0.21487709879875183,2.6216349601745605,0.20025137066841125,0.0032354046124964952,0.5350558161735535,3.278139591217041,-0.670306384563446,0.02367488294839859,0.06446941196918488,3.0825538635253906,-0.4958672523498535,0.024755019694566727,0.5562748312950134,4.1391987800598145,0.18170469999313354,0.003894825465977192,0.16716530919075012,3.964733123779297,0.07402130961418152,0.0017817675834521651,0.5724343061447144,4.304743766784668,0.19153085350990295,0.0034548183903098106,0.18763044476509094,4.090478897094727,0.11419107764959335,0.0017315115546807647,0.46468210220336914,4.315023422241211,-0.6486327052116394,0.009273373521864414,0.13498499989509583,4.234188556671143,-0.6446235775947571,0.004843630827963352
59,squat,1,0.6221529245376587,0.8669650554656982,-1.912343978881836,0.9991682767868042,0.672765851020813,0.7738296985626221,-1.7302385568618774,0.9989907741546631,0.6970224976539612,0.7797955274581909,-1.7301251888275146,0.9989157915115356,0.7178675532341003,0.7855926156044006,-1.7297642230987549,0.9985631704330444,0.593267560005188,0.7496124505996704,-1.7650492191314697,0.9991164207458496,0.5636988878250122,0.738063395023346,-1.7654365301132202,0.9991037845611572,0.5320658087730408,0.726712167263031,-1.7663850784301758,0.9989582300186157,0.7256640791893005,0.8252239227294922,-0.799920916557312,0.9984772801399231,0.45210161805152893,0.7441707849502563,-0.963057816028595,0.9991835355758667,0.6346782445907593,0.9738987684249878,-1.574673056602478,0.984997034072876,0.549494206905365,0.9523812532424927,-1.6258045434951782,0.9862537384033203,0.8075133562088013,1.325730800628662,-0.4167700409889221,0.5448272228240967,0.23236863315105438,1.1347650289535522,-0.5270601511001587,0.7645122408866882,0.942803680896759,1.488952875137329,-1.0116572380065918,0.19768087565898895,-0.1730407178401947,1.3022770881652832,-1.4484094381332397,0.643554151058197,0.6648852825164795,1.1353729963302612,-1.1992952823638916,0.14415480196475983,0.09367845952510834,0.8774469494819641,-2.4316134452819824,0.5337145924568176,0.6029245853424072,1.029299020767212,-1.2905328273773193,0.1404353529214859,0.1571936160326004,0.7429982423782349,-2.556711196899414,0.4767756462097168,0.5861673951148987,1.01933753490448,-1.1470519304275513,0.16100448369979858,0.20208334922790527,0.7487502694129944,-2.4865217208862305,0.5015345215797424,0.5946884751319885,1.0754872560501099,-1.1675324440002441,0.15685515105724335,0.20371660590171814,0.7982819080352783,-2.4397377967834473,0.4695741832256317,0.6236582398414612,2.665200710296631,-0.1864711344242096,0.0019033962162211537,0.21250300109386444,2.5800211429595947,0.19172465801239014,0.003341623581945896,0.5252177119255066,3.4085326194763184,-0.6360806226730347,0.02221119962632656,0.06749255210161209,3.222198486328125,-0.4202466607093811,0.023147668689489365,0.5248759984970093,4.317022800445557,0.1787411868572235,0.003549357410520315,0.13177190721035004,4.1626434326171875,0.07712476700544357,0.0016505456296727061,0.5411195158958435,4.479559898376465,0.19331979751586914,0.0031297674868255854,0.1423858255147934,4.297399997711182,0.10401804745197296,0.0016110255382955074,0.43445539474487305,4.5295562744140625,-0.7052309513092041,0.00842971820384264,0.11139513552188873,4.450387001037598,-0.7787953019142151,0.004535357933491468
60,squat,1,0.6529728770256042,0.8617321252822876,-1.601488471031189,0.9985809326171875,0.7014158964157104,0.7723518013954163,-1.4182603359222412,0.9983858466148376,0.7221404910087585,0.7783693671226501,-1.4186943769454956,0.9979764819145203,0.7414464354515076,0.7843093276023865,-1.418997049331665,0.9975437521934509,0.6273830533027649,0.746918797492981,-1.479010820388794,0.9987424612045288,0.5971869230270386,0.7345621585845947,-1.479063630104065,0.9987611174583435,0.566778302192688,0.7221292853355408,-1.480239748954773,0.9987891316413879,0.7411864399909973,0.8240926861763,-0.49169009923934937,0.9973608255386353,0.4860301613807678,0.7359713912010193,-0.7633329033851624,0.9991084933280945,0.6565405130386353,0.9687540531158447,-1.262567400932312,0.9850395321846008,0.5770871043205261,0.9443444609642029,-1.346243977546692,0.9871246218681335,0.8034781217575073,1.2307690382003784,-0.007583635859191418,0.572363555431366,0.23724523186683655,1.1287214756011963,-0.4705934524536133,0.7856845855712891,0.9532028436660767,1.6205775737762451,-0.3444654941558838,0.19493559002876282,-0.17698124051094055,1.2863787412643433,-1.4764807224273682,0.6754160523414612,0.7480345368385315,1.4000205993652344,-0.72333824634552,0.1536240130662918,0.09384332597255707,0.8802222609519958,-2.396881580352783,0.5729019045829773,0.7169130444526672,1.3520275354385376,-0.7979992032051086,0.14619497954845428,0.16186948120594025,0.7419675588607788,-2.608365297317505,0.5099138617515564,0.6980389356613159,1.3073265552520752,-0.6816065907478333,0.16634680330753326,0.20688065886497498,0.7463077902793884,-2.453547239303589,0.5340169072151184,0.6887879371643066,1.347043752670288,-0.7083091735839844,0.1616712063550949,0.2087714970111847,0.7983713746070862,-2.3712430000305176,0.502604067325592,0.6372109055519104,2.6049423217773438,-0.0710207149386406,0.002226136391982436,0.2123381644487381,2.5401182174682617,0.07623950392007828,0.003706623800098896,0.5575186014175415,3.56754732131958,-0.36947938799858093,0.02232997678220272,0.18040163815021515,3.4759621620178223,-0.47627919912338257,0.022607188671827316,0.525804340839386,4.530856132507324,0.2621506452560425,0.003247688291594386,0.1547737866640091,4.432519912719727,-0.20788320899009705,0.0015348416054621339,0.5393667817115784,4.672539710998535,0.2536419630050659,0.002841220935806632,0.15287098288536072,4.567336559295654,-0.20927104353904724,0.001526312087662518,0.4442048668861389,4.797120094299316,-0.6752101182937622,0.007640469819307327,0.13082557916641235,4.721487045288086,-1.2650808095932007,0.004214456770569086
61,squat,1,0.6599504947662354,0.8637263178825378,-1.6025053262710571,0.9979870915412903,0.7094370126724243,0.7733480930328369,-1.4268860816955566,0.9976934194564819,0.7299612760543823,0.7793340682983398,-1.427422285079956,0.9969372749328613,0.7485963106155396,0.785029947757721,-1.4277122020721436,0.9963899254798889,0.6353259682655334,0.7467452883720398,-1.4806761741638184,0.9983213543891907,0.60502028465271,0.7334848046302795,-1.4806147813796997,0.9983773231506348,0.574626088142395,0.7198164463043213,-1.4817594289779663,0.9985890984535217,0.7482253313064575,0.8240335583686829,-0.5097768902778625,0.9961841702461243,0.4942052960395813,0.7305107116699219,-0.744531512260437,0.998999834060669,0.6627458333969116,0.9686174988746643,-1.2642455101013184,0.9851792454719543,0.5838887691497803,0.944378137588501,-1.337326169013977,0.9879270792007446,0.8028766512870789,1.2048224210739136,0.0006259927758947015,0.5998830795288086,0.24065332114696503,1.116986870765686,-0.4562484323978424,0.8055786490440369,0.9682387113571167,1.6996800899505615,-0.3057713508605957,0.19000636041164398,-0.179514080286026,1.2892249822616577,-1.4924123287200928,0.7052029967308044,0.7883244752883911,1.5603563785552979,-0.7646994590759277,0.16377006471157074,0.09159710258245468,0.8829134106636047,-2.5551581382751465,0.611545979976654,0.7657513618469238,1.5423487424850464,-0.848962128162384,0.1525353044271469,0.1619407683610916,0.742243230342865,-2.8049049377441406,0.5472252368927002,0.7478101849555969,1.481523036956787,-0.7486472725868225,0.1721513420343399,0.20657579600811005,0.742094099521637,-2.651315212249756,0.5699834227561951,0.734320342540741,1.5096356868743896,-0.7567225694656372,0.16739656031131744,0.20875287055969238,0.7963661551475525,-2.5297932624816895,0.5399706363677979,0.6461737751960754,2.574765920639038,-0.028133144602179527,0.0026614044327288866,0.21186113357543945,2.5191152095794678,0.033419206738471985,0.004347051959484816,0.5799506902694702,3.594555616378784,-0.35395848751068115,0.02228282019495964,0.20536330342292786,3.5176210403442383,-0.5177820920944214,0.022454025223851204,0.5308133959770203,4.556455135345459,0.26271581649780273,0.0029646458569914103,0.1648809015750885,4.480416297912598,-0.33576828241348267,0.0014228448271751404,0.539219856262207,4.692558288574219,0.25426629185676575,0.002578373998403549,0.15384581685066223,4.6157026290893555,-0.34085536003112793,0.0014384934911504388,0.4508937895298004,4.833322525024414,-0.730808675289154,0.006916515063494444,0.14731687307357788,4.766965866088867,-1.4434175491333008,0.003902926342561841
62,squat,1,0.6851650476455688,0.8611652255058289,-1.5818216800689697,0.9979637861251831,0.7374406456947327,0.7743479013442993,-1.4023021459579468,0.9976341724395752,0.7573212385177612,0.7802132964134216,-1.4027099609375,0.996831476688385,0.7775507569313049,0.7857611775398254,-1.4030413627624512,0.9962631464004517,0.6641251444816589,0.7441801428794861,-1.4576880931854248,0.9983035326004028,0.6335680484771729,0.7293302416801453,-1.4573609828948975,0.9983755946159363,0.6027549505233765,0.7134968042373657,-1.458242416381836,0.9986180067062378,0.7730487585067749,0.8248355984687805,-0.47834068536758423,0.9960526823997498,0.5247988700866699,0.7192862629890442,-0.7174621224403381,0.999024510383606,0.682180643081665,0.9661305546760559,-1.2444993257522583,0.9861853718757629,0.5980263948440552,0.9367603659629822,-1.3186008930206299,0.988948404788971,0.8153618574142456,1.2464503049850464,0.01043983269482851,0.6325852870941162,0.2413540780544281,1.1023565530776978,-0.44863709807395935,0.8241693377494812,0.9816929697990417,1.735119342803955,-0.2435699999332428,0.18012703955173492,-0.1785852313041687,1.317961573600769,-1.5498524904251099,0.7316758632659912,0.8383398056030273,1.6542677879333496,-0.726550817489624,0.17036205530166626,0.09182612597942352,0.8818131685256958,-2.78646183013916,0.6470650434494019,0.8309572339057922,1.6599345207214355,-0.8172353506088257,0.15762794017791748,0.1700272113084793,0.7330647706985474,-3.0575265884399414,0.5823549628257751,0.8033140897750854,1.592111349105835,-0.733074963092804,0.1778232604265213,0.21536687016487122,0.7266703844070435,-2.9011292457580566,0.6041584014892578,0.7859659790992737,1.6089407205581665,-0.7265957593917847,0.1726570874452591,0.21520929038524628,0.7818351984024048,-2.7619500160217285,0.5754762887954712,0.6487187147140503,2.550590753555298,-0.03449288383126259,0.0027721228543668985,0.20898208022117615,2.5014302730560303,0.03981637582182884,0.004484778270125389,0.5869182348251343,3.582089424133301,-0.3565545678138733,0.021312756463885307,0.21115681529045105,3.5311026573181152,-0.4982394576072693,0.021231714636087418,0.5317656993865967,4.5477423667907715,0.27022355794906616,0.002701209159567952,0.1684291660785675,4.485037803649902,-0.24617528915405273,0.0012973236152902246,0.538663387298584,4.685478687286377,0.2606949210166931,0.002337394980713725,0.1500258445739746,4.618422031402588,-0.24745126068592072,0.0013268535258248448,0.4563504755496979,4.824012756347656,-0.7276532053947449,0.006244947202503681,0.15099725127220154,4.771932601928711,-1.338923454284668,0.0035605141893029213
63,squat,1,0.7043553590774536,0.8568295836448669,-1.3678160905838013,0.9979119300842285,0.7511702179908752,0.7717682123184204,-1.210079312324524,0.9975205063819885,0.7697858214378357,0.778213620185852,-1.2103979587554932,0.9966713190078735,0.7892563343048096,0.7847759127616882,-1.2108469009399414,0.9961001873016357,0.6801149845123291,0.7402583360671997,-1.264542818069458,0.9982448220252991,0.6490411758422852,0.7251908779144287,-1.2641644477844238,0.9983364343643188,0.6170722246170044,0.7089551687240601,-1.2648804187774658,0.9986169934272766,0.7790356278419495,0.8223203420639038,-0.36536943912506104,0.9959291219711304,0.531926691532135,0.7118342518806458,-0.601921558380127,0.9990199208259583,0.6975966691970825,0.9602581262588501,-1.0567293167114258,0.987092137336731,0.6157773733139038,0.9318119883537292,-1.12868332862854,0.9898341298103333,0.813849151134491,1.248825192451477,0.1054072231054306,0.6658163666725159,0.2411820888519287,1.0925827026367188,-0.4303785264492035,0.8413088917732239,0.9665831327438354,1.7166789770126343,0.025511547923088074,0.1705566942691803,-0.17189852893352509,1.327516794204712,-1.6765472888946533,0.7559187412261963,0.8245155215263367,1.7313926219940186,-0.274411678314209,0.17643731832504272,0.09485609084367752,0.8739054799079895,-3.0966265201568604,0.6807296872138977,0.8195939064025879,1.7624393701553345,-0.33401310443878174,0.16275358200073242,0.17157644033432007,0.7245311141014099,-3.3941292762756348,0.6193376779556274,0.795122504234314,1.6983165740966797,-0.29058852791786194,0.18341916799545288,0.2164457142353058,0.7113052010536194,-3.223217010498047,0.6395296454429626,0.7770043611526489,1.7062734365463257,-0.28421932458877563,0.17842039465904236,0.21718049049377441,0.7664355039596558,-3.069584369659424,0.6127786040306091,0.6455000638961792,2.49249005317688,-0.011395307257771492,0.003007479477673769,0.20623154938220978,2.443575143814087,0.016743343323469162,0.004874765872955322,0.5850931406021118,3.5224812030792236,-0.3296005129814148,0.020322080701589584,0.21011416614055634,3.473047971725464,-0.48617348074913025,0.02018781378865242,0.5320075750350952,4.478805065155029,0.2803683876991272,0.0024585702922195196,0.17222748696804047,4.421635627746582,-0.25788575410842896,0.0011803864035755396,0.5341835618019104,4.607840061187744,0.2734770178794861,0.0021186808589845896,0.15149042010307312,4.54856014251709,-0.2613883912563324,0.0012179226614534855,0.4615330100059509,4.76099157333374,-0.6946736574172974,0.005637653637677431,0.15965479612350464,4.709929466247559,-1.3208887577056885,0.003234958043321967
64,squat,1,0.7246564626693726,0.8565237522125244,-1.3705707788467407,0.9979007244110107,0.7705331444740295,0.7724272012710571,-1.2119486331939697,0.9974796772003174,0.7888166904449463,0.7789373397827148,-1.212310552597046,0.9965901970863342,0.8063397407531738,0.786695659160614,-1.2125967741012573,0.9960198402404785,0.7047846913337708,0.7385594844818115,-1.2735933065414429,0.9982296228408813,0.6767030358314514,0.7220172882080078,-1.2733696699142456,0.998320460319519,0.6485241651535034,0.7048823833465576,-1.2742202281951904,0.9986281394958496,0.7944054007530212,0.822365939617157,-0.3660183548927307,0.9958382844924927,0.568030595779419,0.706976056098938,-0.6417656540870667,0.999026894569397,0.7126988172531128,0.9584981203079224,-1.0571129322052002,0.9879031181335449,0.6337299346923828,0.9257680773735046,-1.140910029411316,0.9906588792800903,0.8125605583190918,1.2427964210510254,0.06857499480247498,0.6936185956001282,0.24096456170082092,1.0745816230773926,-0.42829838395118713,0.8563615083694458,0.9711546897888184,1.673277497291565,-0.26978474855422974,0.1673446148633957,-0.13480843603610992,1.3260384798049927,-1.6817090511322021,0.7746458053588867,0.8361638188362122,1.577189564704895,-1.0465595722198486,0.19346490502357483,0.10030225664377213,0.8676437735557556,-3.0508899688720703,0.7094792127609253,0.8300941586494446,1.563110113143921,-1.1892119646072388,0.1782819926738739,0.17589183151721954,0.7118498086929321,-3.3467164039611816,0.6497783064842224,0.8050325512886047,1.5212059020996094,-1.0973604917526245,0.2001539170742035,0.22144608199596405,0.6953913569450378,-3.1881766319274902,0.669004499912262,0.7867296934127808,1.541748046875,-1.0523760318756104,0.19364817440509796,0.22284552454948425,0.7532362341880798,-3.031261682510376,0.643399715423584,0.6460899114608765,2.4350078105926514,-0.0029277342837303877,0.0030675220768898726,0.20772619545459747,2.389962911605835,0.008486088365316391,0.004944453481584787,0.5952413082122803,3.4708921909332275,-0.2747970521450043,0.01941552385687828,0.22611501812934875,3.4158101081848145,-0.49654537439346313,0.019023071974515915,0.549098014831543,4.4206037521362305,0.3231223523616791,0.002233401406556368,0.17484724521636963,4.35746955871582,-0.26679104566574097,0.0010759278666228056,0.542909562587738,4.550590515136719,0.32069462537765503,0.00191686418838799,0.1585710048675537,4.485912799835205,-0.2682402729988098,0.0011162899900227785,0.49492374062538147,4.7008466720581055,-0.6229350566864014,0.005092513747513294,0.19266006350517273,4.636707782745361,-1.3034425973892212,0.00294966041110456
65,squat,1,0.7185497879981995,0.8556508421897888,-1.4822165966033936,0.9979488849639893,0.7689563035964966,0.7729558944702148,-1.3191807270050049,0.9974942803382874,0.7888721823692322,0.7797023057937622,-1.3194562196731567,0.9965850114822388,0.8074668645858765,0.789366602897644,-1.3195865154266357,0.9960317015647888,0.6980103254318237,0.7363348007202148,-1.368727684020996,0.998252272605896,0.6699168086051941,0.7175517678260803,-1.3684697151184082,0.99834144115448,0.6429506540298462,0.6996268630027771,-1.3693220615386963,0.9986686706542969,0.8022922277450562,0.8270595073699951,-0.45944637060165405,0.995807945728302,0.5665141940116882,0.7081810235977173,-0.6791728734970093,0.9990571141242981,0.7105988264083862,0.9584141969680786,-1.1673414707183838,0.9887979030609131,0.6285110116004944,0.9217001795768738,-1.2349755764007568,0.9914810657501221,0.8280279040336609,1.2501513957977295,-0.041357845067977905,0.716419517993927,0.24115996062755585,1.0731900930404663,-0.4037017226219177,0.8698793053627014,1.0193536281585693,1.6655786037445068,-0.7023069858551025,0.16987191140651703,-0.13532310724258423,1.3173549175262451,-1.5709025859832764,0.7930294871330261,0.8830761909484863,1.5193098783493042,-1.5834553241729736,0.20111925899982452,0.1009061187505722,0.8542730808258057,-2.8076014518737793,0.7340441346168518,0.8739117383956909,1.4949381351470947,-1.7657114267349243,0.18353550136089325,0.17836269736289978,0.6993992328643799,-3.072303056716919,0.6723489165306091,0.8425908088684082,1.4612189531326294,-1.6479724645614624,0.20621509850025177,0.22675995528697968,0.6807325482368469,-2.910761833190918,0.6912201642990112,0.8264673948287964,1.4838160276412964,-1.5851819515228271,0.19870159029960632,0.22796455025672913,0.7392978668212891,-2.7842047214508057,0.6661171913146973,0.6543957591056824,2.450335741043091,-0.016152892261743546,0.0030884817242622375,0.20990245044231415,2.4053397178649902,0.021661559119820595,0.005016598384827375,0.6079555749893188,3.4871020317077637,-0.27571696043014526,0.019034286960959435,0.23330554366111755,3.4332518577575684,-0.49933886528015137,0.018117019906640053,0.5629822015762329,4.429933547973633,0.3525821566581726,0.002041133353486657,0.17699822783470154,4.371127605438232,-0.23495249450206757,0.0009847047040238976,0.5557695627212524,4.562333106994629,0.3523922264575958,0.0017399791395291686,0.1615298092365265,4.503212928771973,-0.23433665931224823,0.0010291882790625095,0.5006033778190613,4.716054439544678,-0.6176748275756836,0.004601032938808203,0.20305368304252625,4.6517157554626465,-1.2962257862091064,0.002700201701372862
66,squat,1,0.7304313778877258,0.8514931797981262,-1.4322211742401123,0.9980143308639526,0.7833322286605835,0.7731494307518005,-1.2752916812896729,0.997546911239624,0.8036373257637024,0.7802116870880127,-1.275460958480835,0.9966405034065247,0.8230989575386047,0.7896210551261902,-1.2756797075271606,0.9961124062538147,0.7098022699356079,0.7305005192756653,-1.3231111764907837,0.9983032941818237,0.6813448071479797,0.7103893160820007,-1.3227384090423584,0.9983915686607361,0.655392050743103,0.6923516988754272,-1.3235208988189697,0.998727560043335,0.8195049166679382,0.8274534940719604,-0.4251401424407959,0.9958820939064026,0.5822546482086182,0.7052937746047974,-0.6329398155212402,0.9990954995155334,0.7238138914108276,0.9548146724700928,-1.119227647781372,0.9896472692489624,0.6391123533248901,0.9133633375167847,-1.1835124492645264,0.9922333359718323,0.8375424146652222,1.242922306060791,0.0140227060765028,0.7417703866958618,0.24916474521160126,1.0690481662750244,-0.3644412159919739,0.8825852870941162,1.0249497890472412,1.657159686088562,-0.4882761836051941,0.1757216900587082,-0.12187798321247101,1.314124584197998,-1.562631607055664,0.811340868473053,0.8931469917297363,1.5313899517059326,-1.2200554609298706,0.21995577216148376,0.10248450189828873,0.843791663646698,-2.9216184616088867,0.7588045597076416,0.8873342275619507,1.51959228515625,-1.3496369123458862,0.19777394831180573,0.17867478728294373,0.6893895864486694,-3.2202727794647217,0.6996498107910156,0.8548027873039246,1.4619051218032837,-1.2489985227584839,0.22129280865192413,0.22820301353931427,0.6668352484703064,-3.074528932571411,0.7172945737838745,0.836201548576355,1.485197901725769,-1.2165193557739258,0.21239113807678223,0.23052795231342316,0.72779780626297,-2.9078240394592285,0.6937309503555298,0.6610985398292542,2.405578851699829,-0.015446843579411507,0.0033900905400514603,0.2168700248003006,2.3594889640808105,0.020932862535119057,0.005580073222517967,0.6154494881629944,3.4399731159210205,-0.2926679253578186,0.01860596239566803,0.24662718176841736,3.3813297748565674,-0.5325456857681274,0.017498839646577835,0.5725225210189819,4.3711771965026855,0.3325865566730499,0.001866658334620297,0.1873604953289032,4.309950828552246,-0.3326067626476288,0.0009035523980855942,0.5636141300201416,4.503323078155518,0.3173038065433502,0.0015818215906620026,0.16253726184368134,4.4383063316345215,-0.33794811367988586,0.000955066701862961,0.5146678686141968,4.643237113952637,-0.6619526147842407,0.004160576034337282,0.23082105815410614,4.583555698394775,-1.4047269821166992,0.00246971333399415
67,squat,1,0.7329050302505493,0.8490937948226929,-1.4140490293502808,0.9980003833770752,0.7854987978935242,0.7733385562896729,-1.2584704160690308,0.9974886178970337,0.8060118556022644,0.7805918455123901,-1.258712649345398,0.9965689778327942,0.8257082104682922,0.7902593612670898,-1.2589823007583618,0.9960504174232483,0.71208256483078,0.729926347732544,-1.3041479587554932,0.998274564743042,0.6839558482170105,0.7097047567367554,-1.3038727045059204,0.9983707666397095,0.6578022837638855,0.6916408538818359,-1.3046996593475342,0.9987363219261169,0.8242694735527039,0.8284027576446533,-0.42519497871398926,0.9957945942878723,0.5847045183181763,0.7064975500106812,-0.6213654279708862,0.9991037249565125,0.7266577482223511,0.9523640871047974,-1.1076229810714722,0.9902588725090027,0.6433926820755005,0.9090356826782227,-1.1690877676010132,0.9928584098815918,0.8463186025619507,1.2428690195083618,-0.002313443226739764,0.7628426551818848,0.2554948031902313,1.0706398487091064,-0.3341737389564514,0.8938089609146118,1.0362733602523804,1.649901032447815,-0.5196870565414429,0.1823141872882843,-0.12224757671356201,1.2849986553192139,-1.4516160488128662,0.8277801871299744,0.9023945927619934,1.5091214179992676,-1.2886451482772827,0.23126421868801117,0.10824999958276749,0.830327033996582,-2.7875704765319824,0.7801240086555481,0.8962839841842651,1.488909125328064,-1.4422060251235962,0.2046811729669571,0.18284514546394348,0.6789476871490479,-3.156137704849243,0.7208406925201416,0.8624160885810852,1.4344629049301147,-1.3379368782043457,0.2283901572227478,0.23571574687957764,0.6616856455802917,-2.9633145332336426,0.7376388311386108,0.8442218899726868,1.4603350162506104,-1.289384126663208,0.2187006175518036,0.2397231161594391,0.7223438620567322,-2.769423007965088,0.7150281071662903,0.6650865077972412,2.3939871788024902,-0.019902363419532776,0.0036076230462640524,0.22362062335014343,2.3460960388183594,0.025320518761873245,0.005982528906315565,0.6196690201759338,3.4184253215789795,-0.3155294358730316,0.018427828326821327,0.2545391023159027,3.3572583198547363,-0.5576635599136353,0.01700691133737564,0.578657865524292,4.344604969024658,0.2564921975135803,0.0017121366690844297,0.19592012465000153,4.280431747436523,-0.38012391328811646,0.0008337841718457639,0.5709987282752991,4.4772419929504395,0.24253220856189728,0.001440718537196517,0.16663599014282227,4.409151554107666,-0.3886697292327881,0.0008912667399272323,0.5173434615135193,4.61201810836792,-0.7265685796737671,0.0037656002677977085,0.2454748898744583,4.551475524902344,-1.44223952293396,0.0022697485983371735
68,squat,1,0.7453110218048096,0.8497194647789001,-1.4025659561157227,0.9979332685470581,0.7952899932861328,0.7746230363845825,-1.2496211528778076,0.9973779916763306,0.8152763247489929,0.7833960056304932,-1.2498881816864014,0.9963516592979431,0.8344167470932007,0.7945161461830139,-1.250006914138794,0.9958300590515137,0.7236239910125732,0.7302138209342957,-1.295998454093933,0.99825119972229,0.694939911365509,0.7107231616973877,-1.2960045337677002,0.9983474016189575,0.6686086654663086,0.6932562589645386,-1.296954870223999,0.9987501502037048,0.8301737904548645,0.8298562169075012,-0.4361703395843506,0.995460033416748,0.5964667201042175,0.7077446579933167,-0.6380967497825623,0.9991163015365601,0.7366111278533936,0.9522798657417297,-1.1038920879364014,0.990707278251648,0.6559123396873474,0.9094215631484985,-1.1674736738204956,0.9934150576591492,0.8511287569999695,1.2462373971939087,-0.01785934902727604,0.7803799510002136,0.26692864298820496,1.0719982385635376,-0.3837076425552368,0.903999388217926,1.0527184009552002,1.6502107381820679,-0.5446096658706665,0.18399137258529663,-0.12671776115894318,1.2655376195907593,-1.635382056236267,0.8434489369392395,0.9604530334472656,1.5029265880584717,-1.3017818927764893,0.24637509882450104,0.11011389642953873,0.8036806583404541,-3.0071818828582764,0.800418496131897,0.96565181016922,1.4797396659851074,-1.4431307315826416,0.21656082570552826,0.18349549174308777,0.6481941342353821,-3.3076415061950684,0.7427523732185364,0.928355872631073,1.4222519397735596,-1.3380568027496338,0.2399459183216095,0.23821651935577393,0.6315708160400391,-3.129225969314575,0.7584636211395264,0.9051186442375183,1.4494339227676392,-1.3014086484909058,0.2287963479757309,0.24486379325389862,0.6929191946983337,-2.981052875518799,0.7370618581771851,0.6738499999046326,2.4127471446990967,-0.022971704602241516,0.0037506897933781147,0.23491637408733368,2.367203950881958,0.028214946389198303,0.006428686436265707,0.6287816762924194,3.426278591156006,-0.2931044399738312,0.017828116193413734,0.2698763906955719,3.368424654006958,-0.5951358079910278,0.01633327640593052,0.5884405374526978,4.3565545082092285,0.26006272435188293,0.001564127393066883,0.21988415718078613,4.292521953582764,-0.38908156752586365,0.0007668341277167201,0.5811786651611328,4.486388683319092,0.244847372174263,0.0013085149694234133,0.19026590883731842,4.419609546661377,-0.3909856081008911,0.0008312025456689298,0.5293142795562744,4.624805927276611,-0.7102223634719849,0.0034056934528052807,0.2743551731109619,4.561424255371094,-1.416289210319519,0.002091003814712167
69,squat,1,0.7470215559005737,0.8457775115966797,-1.4477324485778809,0.9978984594345093,0.7982601523399353,0.773233950138092,-1.2927095890045166,0.9972865581512451,0.8190304040908813,0.7827015519142151,-1.292988657951355,0.9962071180343628,0.8388355374336243,0.7942787408828735,-1.2931761741638184,0.9956733584403992,0.7243964076042175,0.7287269234657288,-1.332581639289856,0.9982147216796875,0.696097731590271,0.7096475958824158,-1.3325011730194092,0.9983188509941101,0.6698647141456604,0.6927182078361511,-1.333385705947876,0.9987533688545227,0.8365187644958496,0.8298569917678833,-0.46725407242774963,0.9952226877212524,0.5983644723892212,0.7088238000869751,-0.6391372084617615,0.9991160035133362,0.7413237690925598,0.9486417770385742,-1.1468467712402344,0.9911736249923706,0.6597937345504761,0.9057511687278748,-1.2013227939605713,0.993912398815155,0.8618066906929016,1.2463816404342651,-0.040493957698345184,0.7969172596931458,0.2747419476509094,1.0734691619873047,-0.3731480836868286,0.9131593704223633,1.0665624141693115,1.6488739252090454,-0.5290059447288513,0.1871877759695053,-0.1273101568222046,1.2610353231430054,-1.5025107860565186,0.8578763604164124,0.9907129406929016,1.5326565504074097,-1.2199763059616089,0.2552107572555542,0.11487046629190445,0.7920541763305664,-2.878593921661377,0.8187773823738098,1.0015376806259155,1.5253710746765137,-1.3528038263320923,0.2219444066286087,0.18637405335903168,0.6382578611373901,-3.207885265350342,0.7623857855796814,0.9622071981430054,1.4622151851654053,-1.2596142292022705,0.24527274072170258,0.24194493889808655,0.6226250529289246,-3.0194497108459473,0.7771754860877991,0.9386066198348999,1.4832558631896973,-1.2217916250228882,0.23398229479789734,0.24891559779644012,0.6852596402168274,-2.8547654151916504,0.7569540739059448,0.6788329482078552,2.4154961109161377,-0.0371045283973217,0.0038518765941262245,0.2401905506849289,2.366576910018921,0.04201003164052963,0.006722324527800083,0.6307300925254822,3.4199330806732178,-0.2968475818634033,0.0174160897731781,0.271221399307251,3.3612372875213623,-0.5809930562973022,0.015979932621121407,0.5886991024017334,4.349405765533447,0.22729718685150146,0.0014409407740458846,0.22297270596027374,4.280349254608154,-0.34699946641921997,0.0007112244493328035,0.5826370120048523,4.480803489685059,0.21716515719890594,0.001195065677165985,0.1932481825351715,4.407179355621338,-0.3479112386703491,0.0007928695995360613,0.5285247564315796,4.612464427947998,-0.7290931940078735,0.003081389470025897,0.27561455965042114,4.548281669616699,-1.37270987033844,0.0019359660800546408
70,squat,1,0.7548790574073792,0.837139368057251,-1.3929553031921387,0.9978828430175781,0.8053142428398132,0.7683449387550354,-1.244889497756958,0.997229814529419,0.8256099820137024,0.7785208225250244,-1.2451422214508057,0.9961207509040833,0.8449896574020386,0.7905909419059753,-1.2454040050506592,0.9956119060516357,0.7324353456497192,0.7212095856666565,-1.2826666831970215,0.9981853365898132,0.7049010396003723,0.7016408443450928,-1.2822645902633667,0.9982864856719971,0.6792289614677429,0.684785783290863,-1.2831326723098755,0.9987595677375793,0.8426501154899597,0.8268477320671082,-0.45239830017089844,0.9950898289680481,0.609254002571106,0.7037935256958008,-0.6116854548454285,0.9991242289543152,0.7506734132766724,0.9388963580131531,-1.1044002771377563,0.9916435480117798,0.6690758466720581,0.8946331739425659,-1.1543505191802979,0.9943819046020508,0.8649165034294128,1.2322194576263428,-0.04323557764291763,0.8117654323577881,0.2922241985797882,1.0582537651062012,-0.35082998871803284,0.9213970899581909,1.0585277080535889,1.6467915773391724,-0.4915921688079834,0.18270280957221985,-0.12426742166280746,1.2393938302993774,-1.3681719303131104,0.8705717921257019,0.9792367219924927,1.5210784673690796,-1.1703908443450928,0.2560473084449768,0.12370701134204865,0.7628938555717468,-2.546382188796997,0.835502028465271,0.9850023984909058,1.5076119899749756,-1.3442130088806152,0.2220289707183838,0.19299021363258362,0.6228139996528625,-2.8272948265075684,0.78110671043396,0.9447602033615112,1.4477697610855103,-1.2489292621612549,0.24581566452980042,0.24743840098381042,0.6077187657356262,-2.6676392555236816,0.7950184345245361,0.9227452278137207,1.4709559679031372,-1.1810228824615479,0.23484042286872864,0.2530564069747925,0.6636326313018799,-2.524448871612549,0.775977373123169,0.6833155751228333,2.3600761890411377,-0.036021456122398376,0.003758248407393694,0.24553939700126648,2.3057916164398193,0.04111350327730179,0.006592374294996262,0.6286962032318115,3.3835034370422363,-0.3132200241088867,0.01659322902560234,0.26291555166244507,3.324965715408325,-0.5230315923690796,0.01510891504585743,0.5871594548225403,4.312051773071289,0.22598715126514435,0.0013201733818277717,0.21505680680274963,4.243590831756592,-0.3203786611557007,0.0006495165871456265,0.5814336538314819,4.437643527984619,0.2189173400402069,0.0010888344841077924,0.18513841927051544,4.364657878875732,-0.3205720782279968,0.0007282615406438708,0.5280708074569702,4.585282802581787,-0.7233675718307495,0.002785027027130127,0.2708573043346405,4.526071548461914,-1.3421814441680908,0.0017687187064439058
71,squat,1,0.7592349052429199,0.837063193321228,-1.377929925918579,0.9977930784225464,0.8077898025512695,0.7685946822166443,-1.2280113697052002,0.9970725178718567,0.8271976709365845,0.7787162065505981,-1.2282963991165161,0.9958713054656982,0.8455727696418762,0.7912617921829224,-1.2285640239715576,0.9953588247299194,0.7379260659217834,0.7219430208206177,-1.269339919090271,0.9981078505516052,0.7115986347198486,0.7023138403892517,-1.2691595554351807,0.9982161521911621,0.6873791813850403,0.6847723126411438,-1.2700703144073486,0.9987388849258423,0.8414353132247925,0.8263622522354126,-0.4351622462272644,0.9947486519813538,0.6189669370651245,0.7020739316940308,-0.608718991279602,0.9991171360015869,0.7510600090026855,0.9363258481025696,-1.0882763862609863,0.9919462203979492,0.6750005483627319,0.8915292024612427,-1.143286943435669,0.9947647452354431,0.8622646331787109,1.233375906944275,-0.0451703779399395,0.8223910331726074,0.29205676913261414,1.0561357736587524,-0.3523540496826172,0.9287294745445251,1.047869086265564,1.6465171575546265,-0.56236732006073,0.18192625045776367,-0.12380661815404892,1.2189373970031738,-1.4067344665527344,0.8820313215255737,0.959074854850769,1.5061414241790771,-1.283704400062561,0.2594042420387268,0.12797746062278748,0.7493159174919128,-2.5824055671691895,0.8502407073974609,0.9682458639144897,1.4815047979354858,-1.4393144845962524,0.22342509031295776,0.19714727997779846,0.607986330986023,-2.853881359100342,0.7966620922088623,0.9300111532211304,1.420570969581604,-1.3260828256607056,0.24701541662216187,0.2499430924654007,0.5929589867591858,-2.6889376640319824,0.8098798394203186,0.9081746339797974,1.4482645988464355,-1.2818400859832764,0.23613885045051575,0.25410106778144836,0.6467539668083191,-2.5580554008483887,0.7916651964187622,0.6813667416572571,2.3655877113342285,-0.040281031280756,0.003699145745486021,0.24501284956932068,2.30942964553833,0.0451306477189064,0.006554077845066786,0.6238172054290771,3.379206657409668,-0.32079893350601196,0.01609901152551174,0.2599863111972809,3.3226470947265625,-0.4769725203514099,0.014510149136185646,0.5744246244430542,4.305471897125244,0.2291233092546463,0.0012188394321128726,0.2009388655424118,4.2352447509765625,-0.2964484989643097,0.0005999049753881991,0.5713378190994263,4.430645942687988,0.22412553429603577,0.0009957122383639216,0.17210827767848969,4.353672504425049,-0.3011673092842102,0.0006821758579462767,0.5072134733200073,4.576405048370361,-0.7190833687782288,0.0025212543550878763,0.24915483593940735,4.52229118347168,-1.308242678642273,0.0016348902136087418
72,squat,1,0.7720363140106201,0.8312758207321167,-1.0144233703613281,0.9978450536727905,0.8149269819259644,0.7641875743865967,-0.8836874961853027,0.9971402883529663,0.8320423364639282,0.7738529443740845,-0.8839828372001648,0.9959666132926941,0.8485084772109985,0.7855120301246643,-0.884100079536438,0.9954954385757446,0.7529119849205017,0.7191717028617859,-0.9422032237052917,0.9981654286384583,0.7278270721435547,0.699204683303833,-0.9420486688613892,0.9982655644416809,0.7037048935890198,0.680892825126648,-0.9429335594177246,0.9987881183624268,0.8389822840690613,0.8150948286056519,-0.21005935966968536,0.9949201941490173,0.6305210590362549,0.6948513388633728,-0.4736486077308655,0.9991523027420044,0.7581308484077454,0.9261592030525208,-0.7663690447807312,0.9924213290214539,0.688569188117981,0.883946418762207,-0.847213864326477,0.9951773881912231,0.8467208743095398,1.2108310461044312,0.14097221195697784,0.8379693031311035,0.30132848024368286,1.0380401611328125,-0.3585156500339508,0.9356415867805481,1.009243130683899,1.6100153923034668,-0.04036508500576019,0.1784086972475052,-0.1155616044998169,1.210625171661377,-1.4466780424118042,0.8920503854751587,0.9335543513298035,1.48866605758667,-0.3846670687198639,0.26614418625831604,0.13928189873695374,0.7234374284744263,-2.6106913089752197,0.8641494512557983,0.9428014755249023,1.4690595865249634,-0.4626154899597168,0.22911934554576874,0.20549722015857697,0.5805190205574036,-2.8838391304016113,0.8134869933128357,0.926882266998291,1.405299425125122,-0.39928004145622253,0.2529437243938446,0.2563728392124176,0.5662444233894348,-2.719020366668701,0.8256893157958984,0.9062743186950684,1.4306488037109375,-0.3892746865749359,0.24135631322860718,0.2601119875907898,0.6191034317016602,-2.581991195678711,0.8086967468261719,0.6761221885681152,2.3052477836608887,0.01573585346341133,0.0038910028524696827,0.24697835743427277,2.2576956748962402,-0.010712962597608566,0.006971238646656275,0.6229386329650879,3.3027126789093018,-0.32051780819892883,0.015499347820878029,0.26874247193336487,3.2562105655670166,-0.6643163561820984,0.014009442180395126,0.5830327272415161,4.226451396942139,0.18587662279605865,0.0011113124201074243,0.2323959320783615,4.183770656585693,-0.5347545742988586,0.0005500636179931462,0.5731415152549744,4.342867851257324,0.179874449968338,0.0009041093289852142,0.20623919367790222,4.303597927093506,-0.5441281199455261,0.0006264118710532784,0.5575095415115356,4.505141258239746,-0.7166659832000732,0.002290453063324094,0.2877611815929413,4.4507856369018555,-1.5449615716934204,0.0015003513544797897
73,squat,1,0.7723672389984131,0.8243330121040344,-1.112975001335144,0.9977623224258423,0.8141754269599915,0.7594839930534363,-0.9746823310852051,0.9970045685768127,0.8310715556144714,0.7699552774429321,-0.9749906659126282,0.995729923248291,0.8474434614181519,0.7823330163955688,-0.9750603437423706,0.9952535033226013,0.753209114074707,0.7156149744987488,-1.0286200046539307,0.9981324076652527,0.7283379435539246,0.6955559253692627,-1.0287586450576782,0.9982365965843201,0.7043801546096802,0.6763502955436707,-1.0297839641571045,0.9987934827804565,0.8370649218559265,0.8116708993911743,-0.2714828848838806,0.9945821166038513,0.6304526925086975,0.6902806162834167,-0.5128010511398315,0.9991558790206909,0.7577818632125854,0.9198404550552368,-0.8565180897712708,0.9925695061683655,0.6890839338302612,0.8766574263572693,-0.9306319952011108,0.9954962730407715,0.8427851796150208,1.2138081789016724,0.08835470676422119,0.8475014567375183,0.3002631664276123,1.0407814979553223,-0.37525710463523865,0.9417943358421326,1.0086009502410889,1.6056832075119019,-0.2569444477558136,0.1749042272567749,-0.11542996019124985,1.2075668573379517,-1.5796077251434326,0.9016525745391846,0.9285809397697449,1.4878824949264526,-0.6067489981651306,0.26898765563964844,0.14494656026363373,0.7080522775650024,-2.757345676422119,0.8766661882400513,0.9353041648864746,1.4667627811431885,-0.7103157639503479,0.2317132204771042,0.20887601375579834,0.562625527381897,-3.0343074798583984,0.8281193971633911,0.9105664491653442,1.404651403427124,-0.5273192524909973,0.25480392575263977,0.2589905261993408,0.5501127243041992,-2.8629214763641357,0.839383065700531,0.8897326588630676,1.4302539825439453,-0.5519471764564514,0.24324460327625275,0.26255297660827637,0.604602575302124,-2.728773593902588,0.8234468102455139,0.6723877191543579,2.3272085189819336,0.017256993800401688,0.004171906504780054,0.24640917778015137,2.280601739883423,-0.012726242654025555,0.007793242111802101,0.6221633553504944,3.3080520629882812,-0.2749120593070984,0.015326687134802341,0.2646482288837433,3.2601077556610107,-0.6390913724899292,0.014128901064395905,0.5840597748756409,4.225179672241211,0.22141030430793762,0.0010254005901515484,0.2355392426252365,4.179120063781738,-0.4606943726539612,0.000516510393936187,0.5731976628303528,4.344487190246582,0.21576924622058868,0.0008276724838651717,0.21097847819328308,4.298065662384033,-0.4648842215538025,0.0005916274385526776,0.5617423057556152,4.498374938964844,-0.6223031878471375,0.0020879078656435013,0.2945772707462311,4.442525386810303,-1.4469650983810425,0.0014058068627491593
74,squat,1,0.7740188837051392,0.8179019093513489,-0.9976399540901184,0.997900664806366,0.8141739964485168,0.7520982027053833,-0.8652645945549011,0.9971920847892761,0.8307469487190247,0.7623043656349182,-0.8655487895011902,0.9959913492202759,0.8467472195625305,0.7742810845375061,-0.8655549883842468,0.9955533146858215,0.7539353966712952,0.7099393010139465,-0.9238027334213257,0.9982542991638184,0.7287704944610596,0.6904715895652771,-0.923783004283905,0.9983503222465515,0.7042938470840454,0.6719890236854553,-0.9247356653213501,0.9988762736320496,0.8353090286254883,0.8042658567428589,-0.19259966909885406,0.9949379563331604,0.627640962600708,0.6883623003959656,-0.45067697763442993,0.9992148280143738,0.758816659450531,0.9139502644538879,-0.7531551122665405,0.9931409955024719,0.6901717185974121,0.8732890486717224,-0.8325504064559937,0.9958918690681458,0.8322164416313171,1.2153890132904053,0.13870297372341156,0.8598272800445557,0.297977089881897,1.0427120923995972,-0.3774845004081726,0.9474558234214783,0.9967824220657349,1.601028561592102,-0.1687934249639511,0.17134295403957367,-0.083561971783638,1.1506783962249756,-1.58304762840271,0.910451352596283,0.9188085794448853,1.4735571146011353,-0.6108160614967346,0.2794341742992401,0.15038232505321503,0.7016990780830383,-2.769178867340088,0.8883451819419861,0.9222251176834106,1.4533029794692993,-0.6965056657791138,0.2399991750717163,0.21107347309589386,0.5555733442306519,-3.036978006362915,0.8428348302841187,0.8961728811264038,1.389658808708191,-0.6103022694587708,0.2625858187675476,0.2604878842830658,0.5438017249107361,-2.875173807144165,0.853138267993927,0.8759552240371704,1.4153292179107666,-0.6084040403366089,0.25205790996551514,0.26382797956466675,0.5982754230499268,-2.743560791015625,0.8384954333305359,0.6720756888389587,2.339324951171875,0.01683206483721733,0.004494828637689352,0.24581269919872284,2.2942495346069336,-0.012161651626229286,0.008600994013249874,0.6227895617485046,3.312448263168335,-0.2773670554161072,0.014530273154377937,0.26714298129081726,3.2614080905914307,-0.6233874559402466,0.01368443202227354,0.5943166613578796,4.227339744567871,0.23647737503051758,0.00093655358068645,0.24656124413013458,4.180273056030273,-0.41649913787841797,0.00047672243090346456,0.5798192024230957,4.3467936515808105,0.2319006472826004,0.0007521974621340632,0.22271788120269775,4.299568176269531,-0.4187270700931549,0.0005465061985887587,0.5859134197235107,4.499266624450684,-0.6073786616325378,0.0018995973514392972,0.3115084767341614,4.443609714508057,-1.4094302654266357,0.0013000319013372064
75,squat,1,0.7748003005981445,0.8145847320556641,-0.983199954032898,0.9980254173278809,0.8142378926277161,0.7481669783592224,-0.8514500856399536,0.997361958026886,0.8306053876876831,0.7582814693450928,-0.8517245054244995,0.9962294697761536,0.8463614583015442,0.7700669765472412,-0.8517431020736694,0.9958264231681824,0.7544121742248535,0.7067830562591553,-0.9102886319160461,0.9983637928962708,0.7291289567947388,0.6875500082969666,-0.9102146029472351,0.9984523057937622,0.7044676542282104,0.6693636775016785,-0.9111456871032715,0.9989503622055054,0.8341034054756165,0.8001243472099304,-0.17983362078666687,0.995261549949646,0.6264931559562683,0.6869739294052124,-0.43915748596191406,0.9992673397064209,0.7592588663101196,0.9108627438545227,-0.7391191720962524,0.9936597943305969,0.6906747221946716,0.8712867498397827,-0.818740963935852,0.9962482452392578,0.8251543045043945,1.2160449028015137,0.1478472650051117,0.8711523413658142,0.2964129149913788,1.0438971519470215,-0.3788429796695709,0.9525559544563293,0.9870133399963379,1.5986896753311157,-0.1566644012928009,0.16806809604167938,-0.07226645946502686,1.1357959508895874,-1.5816422700881958,0.9183782339096069,0.9131167531013489,1.4686896800994873,-0.6159799695014954,0.28871384263038635,0.15279951691627502,0.6998015642166138,-2.768272876739502,0.8988693952560425,0.9157477617263794,1.4499363899230957,-0.7011845707893372,0.24762782454490662,0.21199774742126465,0.5528876781463623,-3.033169746398926,0.8561441898345947,0.8892045021057129,1.3852349519729614,-0.6253926157951355,0.2699154019355774,0.2610682547092438,0.5409939885139465,-2.875044584274292,0.8655855059623718,0.8688379526138306,1.410528302192688,-0.6192557215690613,0.2603190541267395,0.2643539309501648,0.5956867933273315,-2.743685007095337,0.8521089553833008,0.6708568334579468,2.343841552734375,0.017478840425610542,0.004784958902746439,0.24547834694385529,2.3008875846862793,-0.012719045393168926,0.009302047081291676,0.6224051713943481,3.3133041858673096,-0.27939170598983765,0.013806764967739582,0.26680195331573486,3.2639005184173584,-0.6154600977897644,0.013305864296853542,0.596772313117981,4.2252678871154785,0.2402438372373581,0.0008570991922169924,0.24866962432861328,4.179856777191162,-0.3998066782951355,0.0004410032997839153,0.5811172127723694,4.343866348266602,0.23582980036735535,0.0006846197647973895,0.22498342394828796,4.298256874084473,-0.4019455909729004,0.0005061646807007492,0.5905073881149292,4.4969024658203125,-0.6067553162574768,0.0017302680062130094,0.31475570797920227,4.441573143005371,-1.3905278444290161,0.0012041981099173427
76,squat,1,0.7734970450401306,0.8151010274887085,-1.101962685585022,0.9978930950164795,0.8127668499946594,0.7477012872695923,-0.9599422216415405,0.997256338596344,0.8291932940483093,0.757630467414856,-0.9602665901184082,0.995995819568634,0.8451225161552429,0.7691946625709534,-0.9603469967842102,0.9955742955207825,0.753119707107544,0.7071090936660767,-1.017912745475769,0.9983434677124023,0.727519690990448,0.6879491209983826,-1.0178618431091309,0.9984283447265625,0.7022306323051453,0.6696927547454834,-1.0187876224517822,0.9989515542984009,0.8318252563476562,0.7967365384101868,-0.23340840637683868,0.9949475526809692,0.6235595345497131,0.6857395172119141,-0.4714992940425873,0.9992759227752686,0.7576573491096497,0.9108401536941528,-0.8361912965774536,0.9936172366142273,0.6892845034599304,0.872184693813324,-0.9132445454597473,0.9964426755905151,0.8083209991455078,1.2163621187210083,0.15180575847625732,0.8746168613433838,0.2962580621242523,1.0352938175201416,-0.4631991982460022,0.9568482041358948,0.9619916677474976,1.595435380935669,-0.10710159689188004,0.16407600045204163,-0.08236432820558548,1.1424938440322876,-1.6957757472991943,0.9253563284873962,0.875982940196991,1.4159272909164429,-0.5096402764320374,0.29447534680366516,0.1552894562482834,0.6979811787605286,-2.853915214538574,0.9082399010658264,0.8689373135566711,1.3792386054992676,-0.5717306733131409,0.25185033679008484,0.21614181995391846,0.5555803179740906,-3.1138670444488525,0.8678308725357056,0.8497811555862427,1.3180776834487915,-0.48709622025489807,0.2731558680534363,0.2622496485710144,0.5434331893920898,-2.9395577907562256,0.8764947056770325,0.8327687382698059,1.3490657806396484,-0.5046947002410889,0.2630787789821625,0.26449263095855713,0.5949766635894775,-2.818369150161743,0.863716185092926,0.6584585905075073,2.346191883087158,0.0358683317899704,0.005129773635417223,0.24318306148052216,2.302297830581665,-0.03163983300328255,0.010069397278130054,0.6067172288894653,3.314375877380371,-0.2705075144767761,0.013777444139122963,0.2579537034034729,3.260240316390991,-0.6402299404144287,0.01313620712608099,0.584073543548584,4.217978000640869,0.2602846920490265,0.0007942860829643905,0.24823486804962158,4.161346435546875,-0.4173348844051361,0.00041778330341912806,0.5645948648452759,4.3354878425598145,0.260842502117157,0.0006282790564000607,0.22468547523021698,4.277103900909424,-0.41752976179122925,0.0004809540696442127,0.5870591402053833,4.488770961761475,-0.5669454336166382,0.001595369423739612,0.31035295128822327,4.425780296325684,-1.387930989265442,0.0011544320732355118
77,squat,1,0.772546112537384,0.8153302669525146,-1.1439249515533447,0.9977352023124695,0.8117567896842957,0.7471979856491089,-0.9990106821060181,0.9971178770065308,0.828201949596405,0.7570082545280457,-0.9993573427200317,0.9957180023193359,0.8442162275314331,0.7684355974197388,-0.9994581341743469,0.9952675700187683,0.7521742582321167,0.7072234749794006,-1.0572649240493774,0.9983035326004028,0.7263820767402649,0.6881178617477417,-1.0572212934494019,0.9983869194984436,0.7007317543029785,0.6697819232940674,-1.0581458806991577,0.9989405870437622,0.83033686876297,0.7945816516876221,-0.2573677599430084,0.9945675134658813,0.6215943098068237,0.6847017407417297,-0.5117231607437134,0.9992765188217163,0.7565222978591919,0.9106648564338684,-0.872184157371521,0.993512749671936,0.6882373094558716,0.8726956844329834,-0.9487850069999695,0.9966011643409729,0.8020713925361633,1.2166202068328857,0.14222851395606995,0.877398669719696,0.29614362120628357,1.0310022830963135,-0.4886449873447418,0.9607054591178894,0.9520304799079895,1.5949299335479736,-0.13246573507785797,0.16001279652118683,-0.08834360539913177,1.1504265069961548,-1.716721773147583,0.9316200613975525,0.8613484501838684,1.403566598892212,-0.5680379271507263,0.29860925674438477,0.15653641521930695,0.6978926062583923,-2.8741037845611572,0.9166437983512878,0.8523223996162415,1.3647639751434326,-0.636130690574646,0.25512439012527466,0.21803677082061768,0.5572205781936646,-3.1349518299102783,0.8782373070716858,0.8345245122909546,1.3037304878234863,-0.5512462258338928,0.2755744457244873,0.2628383934497833,0.5446655750274658,-2.958071231842041,0.886204183101654,0.8181847333908081,1.335153341293335,-0.5637860894203186,0.264936625957489,0.2644820511341095,0.5948871970176697,-2.837221145629883,0.874014139175415,0.651811420917511,2.3472397327423096,0.04085613414645195,0.005430770106613636,0.24126379191875458,2.3029847145080566,-0.03677855059504509,0.010759872384369373,0.5991437435150146,3.31474232673645,-0.2697671353816986,0.013816846534609795,0.25228071212768555,3.2577385902404785,-0.6546412110328674,0.013059498742222786,0.5784171223640442,4.214097023010254,0.264085590839386,0.0007396648870781064,0.24733038246631622,4.152753829956055,-0.4321451783180237,0.0003985022776760161,0.5582062602043152,4.33164644241333,0.2659352421760559,0.0005783967790193856,0.22369782626628876,4.267924785614014,-0.43189650774002075,0.0004596678481902927,0.5837024450302124,4.483982563018799,-0.5628218650817871,0.0014755730517208576,0.3072732985019684,4.4184184074401855,-1.393550157546997,0.0011120326817035675
78,squat,1,0.7713567018508911,0.8155876398086548,-1.179889440536499,0.9976500272750854,0.8109413385391235,0.7474402189254761,-1.022189974784851,0.9970500469207764,0.8275693655014038,0.7572441697120667,-1.0225454568862915,0.9955844879150391,0.8438146710395813,0.7686492800712585,-1.022507667541504,0.9950737357139587,0.7508481740951538,0.7074407935142517,-1.0937297344207764,0.9982982873916626,0.7249194383621216,0.6883856058120728,-1.093902826309204,0.9983866810798645,0.6992465853691101,0.6700857281684875,-1.094942569732666,0.9989458322525024,0.8275448083877563,0.7944295406341553,-0.2705119252204895,0.994367241859436,0.6212813258171082,0.6840816736221313,-0.553022027015686,0.9992935061454773,0.7561779022216797,0.9110972881317139,-0.8902915120124817,0.9934538006782532,0.6870036125183105,0.873253583908081,-0.9851648211479187,0.9967645406723022,0.8009281158447266,1.2170627117156982,0.1399974375963211,0.8786246180534363,0.2958597242832184,1.031380295753479,-0.5143638849258423,0.9641793966293335,0.9481185674667358,1.593571424484253,-0.16227704286575317,0.15381529927253723,-0.10096573829650879,1.1858264207839966,-1.777214765548706,0.9371507167816162,0.8491414189338684,1.378805160522461,-0.6150723695755005,0.3071175217628479,0.15599817037582397,0.7107766270637512,-2.941993236541748,0.9242347478866577,0.8408647775650024,1.3318549394607544,-0.6866005659103394,0.2620214819908142,0.21981127560138702,0.5661391615867615,-3.2030372619628906,0.8876369595527649,0.8240126371383667,1.276224136352539,-0.5946196913719177,0.2815888524055481,0.26361870765686035,0.5495622158050537,-3.0224404335021973,0.8949966430664062,0.8065153360366821,1.3117550611495972,-0.6096108555793762,0.2709604799747467,0.264950156211853,0.5981546640396118,-2.9024999141693115,0.8833837509155273,0.6507142186164856,2.349541664123535,0.056449174880981445,0.005649253726005554,0.23974080383777618,2.304980516433716,-0.05231728404760361,0.011264286935329437,0.5993360877037048,3.3171145915985107,-0.25216034054756165,0.013637376949191093,0.25213509798049927,3.262450695037842,-0.6488155722618103,0.012709524482488632,0.5811535716056824,4.21622371673584,0.30216625332832336,0.000690180400852114,0.24716290831565857,4.152998447418213,-0.42192181944847107,0.00037507517845369875,0.5619224309921265,4.33493709564209,0.3058597445487976,0.0005344692035578191,0.22385290265083313,4.269036293029785,-0.4220117926597595,0.00043354107765480876,0.5813999772071838,4.484662055969238,-0.5357642769813538,0.0013660055119544268,0.3127157986164093,4.419304370880127,-1.3930270671844482,0.0010610065655782819
79,squat,1,0.7705031633377075,0.8158353567123413,-1.2022504806518555,0.9975736737251282,0.8103222846984863,0.7476531863212585,-1.0390599966049194,0.9969883561134338,0.827063262462616,0.7574575543403625,-1.0394127368927002,0.9954636693000793,0.8434619903564453,0.7688428163528442,-1.0393036603927612,0.9948968887329102,0.7499033212661743,0.7076395153999329,-1.1156995296478271,0.9982939958572388,0.7238761186599731,0.6886192560195923,-1.1159512996673584,0.9983874559402466,0.6981706619262695,0.6703128814697266,-1.1170313358306885,0.998951256275177,0.8256438970565796,0.7943291068077087,-0.2785736322402954,0.9941841959953308,0.6207621097564697,0.6836561560630798,-0.5748669505119324,0.9993095993995667,0.75587397813797,0.9114261865615845,-0.9049516916275024,0.993402361869812,0.6860976815223694,0.8736838698387146,-1.007368803024292,0.9969127774238586,0.8001352548599243,1.2173633575439453,0.1390007883310318,0.8797085881233215,0.295619398355484,1.0319273471832275,-0.5223103761672974,0.9673100113868713,0.9466716051101685,1.59251070022583,-0.172246515750885,0.1483306884765625,-0.11057060956954956,1.2058876752853394,-1.7867180109024048,0.9421687126159668,0.8421856164932251,1.3682278394699097,-0.6285160183906555,0.3152768909931183,0.15557712316513062,0.7190625667572021,-2.9493465423583984,0.9310914874076843,0.8338629007339478,1.3193598985671997,-0.7004042863845825,0.2685443162918091,0.2208050787448883,0.572063148021698,-3.2103111743927,0.896162211894989,0.8168948888778687,1.2651373147964478,-0.6058322787284851,0.2873026132583618,0.26406633853912354,0.5530181527137756,-3.0294899940490723,0.9029726386070251,0.7990488409996033,1.3018245697021484,-0.6222702264785767,0.2766849994659424,0.2652263045310974,0.6006955504417419,-2.909694194793701,0.8918880224227905,0.6498740911483765,2.3512306213378906,0.062273651361465454,0.00585102429613471,0.2382872998714447,2.3065414428710938,-0.05810313671827316,0.011727659031748772,0.5994524955749512,3.3188726902008057,-0.24665507674217224,0.013491497375071049,0.25182870030403137,3.265913248062134,-0.645011305809021,0.012390282936394215,0.5829254984855652,4.217793941497803,0.31454700231552124,0.0006459624855779111,0.24703335762023926,4.1534528732299805,-0.4158807396888733,0.00035366389784030616,0.5645114183425903,4.337191581726074,0.31847894191741943,0.0004951753071509302,0.2239789068698883,4.270254611968994,-0.4161052107810974,0.000409765139920637,0.579875111579895,4.485289573669434,-0.5296922922134399,0.0012674202444031835,0.3152037262916565,4.419976234436035,-1.3913484811782837,0.0010147728025913239
80,squat,1,0.7630420327186584,0.8183844685554504,-1.3054919242858887,0.9973235726356506,0.8015974164009094,0.7510291337966919,-1.1456682682037354,0.9967401027679443,0.8175710439682007,0.7613713145256042,-1.1461493968963623,0.9950978755950928,0.833250880241394,0.7726585268974304,-1.1463186740875244,0.9944759607315063,0.7435295581817627,0.7097362279891968,-1.2134665250778198,0.9981611371040344,0.7183688282966614,0.6909633874893188,-1.213611364364624,0.9982682466506958,0.6936641931533813,0.6721357703208923,-1.2146426439285278,0.9988735318183899,0.809797465801239,0.7944216132164001,-0.3435032367706299,0.9936805367469788,0.6188838481903076,0.6836269497871399,-0.6377970576286316,0.9992518424987793,0.743497371673584,0.9115270376205444,-1.0050536394119263,0.9931142330169678,0.679970383644104,0.8739898800849915,-1.097274661064148,0.9969065189361572,0.7974792718887329,1.2177401781082153,0.11075432598590851,0.8829160928726196,0.2953382134437561,1.0306780338287354,-0.508752167224884,0.9699507355690002,0.9261230230331421,1.6166844367980957,-0.1759319007396698,0.14457114040851593,-0.10887714475393295,1.2639153003692627,-1.7506208419799805,0.9458176493644714,0.8389264941215515,1.4337573051452637,-0.6590704321861267,0.3229275047779083,0.14782021939754486,0.7830350399017334,-2.9856090545654297,0.9371090531349182,0.8349292874336243,1.4065284729003906,-0.7384942173957825,0.277118980884552,0.220220685005188,0.6267678141593933,-3.256040096282959,0.903690755367279,0.817084014415741,1.3360143899917603,-0.6424261331558228,0.29627659916877747,0.26306161284446716,0.6018428206443787,-3.1062045097351074,0.9100920557975769,0.797746479511261,1.3629275560379028,-0.654299259185791,0.2846759855747223,0.2637392282485962,0.650732696056366,-2.9598963260650635,0.8993551731109619,0.6386184096336365,2.340716600418091,0.049946483224630356,0.00584834162145853,0.22176828980445862,2.286165714263916,-0.045498624444007874,0.011566517874598503,0.5693216323852539,3.30596661567688,-0.3104531168937683,0.013271805830299854,0.20994476974010468,3.236042022705078,-0.6463155150413513,0.011995448730885983,0.5228172540664673,4.203738689422607,0.2144431173801422,0.0006022753077559173,0.16861553490161896,4.127686500549316,-0.446915864944458,0.00033332372549921274,0.5070082545280457,4.323665142059326,0.21263106167316437,0.00045542826410382986,0.1414107233285904,4.244750022888184,-0.450488805770874,0.00038727885112166405,0.49212774634361267,4.463454723358154,-0.6521915197372437,0.0011636693961918354,0.2320650815963745,4.395907402038574,-1.4352424144744873,0.0009622307843528688
81,squat,1,0.7590743899345398,0.8201079964637756,-1.3152801990509033,0.9970830678939819,0.7971006631851196,0.7535858154296875,-1.1570093631744385,0.9964932203292847,0.8127486109733582,0.7644402980804443,-1.1575077772140503,0.9947329759597778,0.8281351923942566,0.7758176326751709,-1.1577121019363403,0.9940680265426636,0.7400273084640503,0.7109946608543396,-1.2222009897232056,0.9980289340019226,0.7153109312057495,0.6922202706336975,-1.222321629524231,0.9981507062911987,0.6910907626152039,0.6729738712310791,-1.223356008529663,0.9987995028495789,0.8018210530281067,0.7946503758430481,-0.3522236943244934,0.9931488037109375,0.6175402402877808,0.6835123300552368,-0.6426669359207153,0.9991942644119263,0.7369073629379272,0.9116592407226562,-1.0174155235290527,0.9927803874015808,0.6761788129806519,0.8742765784263611,-1.1063851118087769,0.9968795776367188,0.7959403395652771,1.2180390357971191,0.10281121730804443,0.8849833011627197,0.29512137174606323,1.0292738676071167,-0.5033522844314575,0.9722919464111328,0.9176831245422363,1.6273133754730225,-0.17905591428279877,0.14118272066116333,-0.10626320540904999,1.287909746170044,-1.7151620388031006,0.949117124080658,0.8360060453414917,1.4527842998504639,-0.6739104986190796,0.32979652285575867,0.14350445568561554,0.8075472116470337,-2.954145669937134,0.9425229430198669,0.8347693681716919,1.4293512105941772,-0.7559016346931458,0.2845662832260132,0.21944069862365723,0.6505156755447388,-3.2223961353302,0.9104623198509216,0.8164789080619812,1.356218695640564,-0.6619627475738525,0.30403390526771545,0.2621026039123535,0.6245322823524475,-3.075112819671631,0.9165002107620239,0.7960168719291687,1.3813385963439941,-0.6700996160507202,0.2917129397392273,0.26251763105392456,0.6741460561752319,-2.9295220375061035,0.9060884714126587,0.6330148577690125,2.3358147144317627,0.03919334337115288,0.005840400233864784,0.2132907211780548,2.277552366256714,-0.03459823876619339,0.011417711153626442,0.5566781759262085,3.2990915775299072,-0.3355332911014557,0.01306260284036398,0.1923268586397171,3.2243168354034424,-0.6435067653656006,0.011638034135103226,0.502586841583252,4.1956353187561035,0.17531415820121765,0.000562900910153985,0.1423298418521881,4.116919994354248,-0.45761018991470337,0.0003156243183184415,0.48831215500831604,4.315834999084473,0.17186808586120605,0.00041966725257225335,0.1145889163017273,4.23396110534668,-0.46244582533836365,0.00036726053804159164,0.4635738432407379,4.452713966369629,-0.6935029625892639,0.0010706953471526504,0.2045195996761322,4.386575698852539,-1.4452292919158936,0.0009172683348879218
82,squat,1,0.7429865598678589,0.8205394744873047,-1.3066192865371704,0.9972248673439026,0.7811375856399536,0.7542102932929993,-1.1495047807693481,0.9966443777084351,0.7970396876335144,0.7653462886810303,-1.1499518156051636,0.9949561953544617,0.8124601244926453,0.7767618894577026,-1.1501522064208984,0.994337797164917,0.7228769063949585,0.7118156552314758,-1.2110520601272583,0.9981099367141724,0.6977867484092712,0.6938923597335815,-1.2110413312911987,0.9982263445854187,0.6735104322433472,0.6754423975944519,-1.2120442390441895,0.9988511800765991,0.787453293800354,0.7956942319869995,-0.3496078550815582,0.9934324622154236,0.6008192896842957,0.6843527555465698,-0.5972208380699158,0.9992181062698364,0.7213931679725647,0.911769449710846,-1.0103657245635986,0.993129551410675,0.6617669463157654,0.8746140599250793,-1.096534013748169,0.9970441460609436,0.7959264516830444,1.2156959772109985,0.11174823343753815,0.8927274346351624,0.2947006821632385,1.0293753147125244,-0.43918904662132263,0.9746792316436768,0.9073777198791504,1.6261752843856812,0.1040920838713646,0.13594059646129608,-0.09655191749334335,1.339205265045166,-1.5985915660858154,0.9526066780090332,0.8312093615531921,1.5465900897979736,-0.14908412098884583,0.32644832134246826,0.13878735899925232,0.8391061425209045,-2.935094118118286,0.9476073384284973,0.8344740867614746,1.5671355724334717,-0.19734172523021698,0.28139442205429077,0.21027329564094543,0.6889354586601257,-3.2058608531951904,0.9172618389129639,0.8155162930488586,1.499865174293518,-0.15706679224967957,0.3014878034591675,0.25646108388900757,0.6680818200111389,-3.0770816802978516,0.9229490160942078,0.7946864366531372,1.511132836341858,-0.15789185464382172,0.2907198667526245,0.25892773270606995,0.7176883816719055,-2.916930675506592,0.9131510853767395,0.6331806778907776,2.3326756954193115,0.014106949791312218,0.005656725261360407,0.21069005131721497,2.275714159011841,-0.008639642968773842,0.01093896571546793,0.559278130531311,3.2880194187164307,-0.33316680788993835,0.012344993650913239,0.19402457773685455,3.2255988121032715,-0.49818769097328186,0.010969680733978748,0.5073766112327576,4.182279109954834,0.18892031908035278,0.0005222192266955972,0.14980864524841309,4.110579490661621,-0.28631168603897095,0.0002925395965576172,0.49490469694137573,4.304215908050537,0.1887839436531067,0.00038601263076998293,0.12335053831338882,4.226226806640625,-0.28700751066207886,0.00034428638173267245,0.4681423306465149,4.434458255767822,-0.6806334257125854,0.0009762817644514143,0.20861808955669403,4.378096103668213,-1.280932068824768,0.0008575729443691671
83,squat,1,0.7354912757873535,0.8211511969566345,-1.2687665224075317,0.9973493814468384,0.7740648984909058,0.7553645968437195,-1.113417148590088,0.99677574634552,0.7898844480514526,0.76679927110672,-1.1138206720352173,0.9951511025428772,0.8051323890686035,0.7782074213027954,-1.1140708923339844,0.9945775866508484,0.7156555652618408,0.7128066420555115,-1.1697049140930176,0.9981815218925476,0.6903554201126099,0.6954378485679626,-1.1691628694534302,0.9982932209968567,0.6660093069076538,0.6773859858512878,-1.1700865030288696,0.9988974332809448,0.7802765965461731,0.7967736721038818,-0.3135608434677124,0.9936844706535339,0.5933223962783813,0.6847800016403198,-0.547982931137085,0.9992390275001526,0.7130085825920105,0.911948561668396,-0.9742907285690308,0.9934254288673401,0.6540125608444214,0.8748600482940674,-1.04978346824646,0.9971873760223389,0.7748205065727234,1.136940598487854,0.12883803248405457,0.8999254703521729,0.2940808832645416,1.028760552406311,-0.4021914005279541,0.9768548607826233,0.8990791440010071,1.6251990795135498,0.15729504823684692,0.13148874044418335,-0.090023934841156,1.3563376665115356,-1.5519460439682007,0.9556832909584045,0.8205825686454773,1.5441795587539673,-0.06028139591217041,0.3239942193031311,0.13489364087581635,0.8500518798828125,-2.93363618850708,0.9521767497062683,0.826475977897644,1.5607749223709106,-0.10305196046829224,0.27879053354263306,0.2046142816543579,0.7031077146530151,-3.201483964920044,0.9233807921409607,0.8073126673698425,1.4935346841812134,-0.05919332057237625,0.299294650554657,0.25220194458961487,0.6830053329467773,-3.055356502532959,0.9287480711936951,0.786680281162262,1.5064351558685303,-0.06626596301794052,0.28992947936058044,0.25539451837539673,0.7325029373168945,-2.903388500213623,0.9195227026939392,0.6323021054267883,2.3273818492889404,0.002477488247677684,0.005497898440808058,0.20837250351905823,2.2715888023376465,0.0032070856541395187,0.010520619340240955,0.5585777759552002,3.277409791946411,-0.3303114175796509,0.01167798787355423,0.19320514798164368,3.223679542541504,-0.45103001594543457,0.010339953936636448,0.5059241056442261,4.169837474822998,0.19020774960517883,0.0004847966483794153,0.15062184631824493,4.10249137878418,-0.23597034811973572,0.0002713499707169831,0.4945358633995056,4.291845798492432,0.19416873157024384,0.00035508928704075515,0.12463078647851944,4.216496467590332,-0.23598463833332062,0.00032258880673907697,0.4659229815006256,4.420620441436768,-0.6709393858909607,0.0008916878141462803,0.20676200091838837,4.369380474090576,-1.219307541847229,0.0008015840430743992
84,squat,1,0.7252310514450073,0.8213908672332764,-0.9650548100471497,0.9974558353424072,0.7620587944984436,0.7566359639167786,-0.832711398601532,0.9968887567520142,0.776096522808075,0.767821729183197,-0.8329818844795227,0.9953337907791138,0.7888180017471313,0.778805136680603,-0.8330841064453125,0.9947752952575684,0.707382321357727,0.7147467136383057,-0.8991029858589172,0.9982435703277588,0.6825810670852661,0.6984313130378723,-0.8989272117614746,0.9983577132225037,0.6576730012893677,0.6814424991607666,-0.8997322916984558,0.9989352226257324,0.7559792399406433,0.7968164086341858,-0.13054996728897095,0.9939679503440857,0.5800026059150696,0.6858832836151123,-0.4330790042877197,0.9992648959159851,0.6985330581665039,0.9121936559677124,-0.7028517723083496,0.9936503767967224,0.6431256532669067,0.8750807642936707,-0.7949702739715576,0.997325599193573,0.7504106760025024,1.147801160812378,0.21877014636993408,0.9038566946983337,0.27832427620887756,1.020242691040039,-0.36801770329475403,0.978801965713501,0.8572293519973755,1.5366923809051514,0.127110093832016,0.127595916390419,-0.08195486664772034,1.2580150365829468,-1.5697484016418457,0.956054151058197,0.7246578931808472,1.3503286838531494,-0.01891714334487915,0.33015936613082886,0.12368732690811157,0.8400203585624695,-2.9038732051849365,0.9556998014450073,0.7119303345680237,1.3172086477279663,-0.04713776707649231,0.28549501299858093,0.19284336268901825,0.7095494866371155,-3.168539524078369,0.927784264087677,0.7025867104530334,1.2740308046340942,0.01724385842680931,0.3061794936656952,0.24079875648021698,0.6910862326622009,-3.01438307762146,0.9330009818077087,0.6896440982818604,1.3023968935012817,-0.013937938027083874,0.29702118039131165,0.24044227600097656,0.7326589822769165,-2.87418532371521,0.9240074753761292,0.599885880947113,2.2707464694976807,0.02311714179813862,0.005664762109518051,0.19854196906089783,2.216386318206787,-0.017938625067472458,0.010724162682890892,0.5324908494949341,3.2157299518585205,-0.24940907955169678,0.011992622166872025,0.19095131754875183,3.1661536693573,-0.4900696873664856,0.010464541614055634,0.4855194687843323,4.097756862640381,0.28930264711380005,0.00046216853661462665,0.15113848447799683,4.0437331199646,-0.27428704500198364,0.0002620555751491338,0.46679067611694336,4.21081018447876,0.2963988780975342,0.00033172735129483044,0.1255546510219574,4.156652927398682,-0.274842232465744,0.0003130442346446216,0.46211951971054077,4.3667802810668945,-0.5107789635658264,0.0008433840121142566,0.20247407257556915,4.306931018829346,-1.2448618412017822,0.000774168933276087
85,squat,1,0.7207297086715698,0.8215134739875793,-0.8459416627883911,0.9975495934486389,0.7560072541236877,0.7573738694190979,-0.7213537096977234,0.9970035552978516,0.7687962055206299,0.7682561278343201,-0.7216796875,0.9955254793167114,0.7801214456558228,0.7788638472557068,-0.7218685150146484,0.994999349117279,0.7035844326019287,0.7154233455657959,-0.7940004467964172,0.9982991814613342,0.679209291934967,0.6994457840919495,-0.7938881516456604,0.9984115362167358,0.6544299125671387,0.6828354597091675,-0.7947205305099487,0.9989650845527649,0.7433010339736938,0.7949802279472351,-0.05424308776855469,0.9942762851715088,0.5775019526481628,0.6858962178230286,-0.3918796181678772,0.9992845058441162,0.6903005838394165,0.9121919870376587,-0.5949546098709106,0.9938989877700806,0.6377084255218506,0.8752586245536804,-0.696487307548523,0.9974520206451416,0.730080246925354,1.1550369262695312,0.26734545826911926,0.908987820148468,0.2708922028541565,1.003847599029541,-0.344643235206604,0.9805505275726318,0.8280035853385925,1.503390908241272,0.1870163530111313,0.12640637159347534,-0.0058380430564284325,1.0770822763442993,-1.565895438194275,0.9561479091644287,0.6989080309867859,1.2892515659332275,0.09144200384616852,0.3381690979003906,0.12195423990488052,0.8345085978507996,-2.8276357650756836,0.9586299061775208,0.6853793859481812,1.2464224100112915,0.07576635479927063,0.29319530725479126,0.1889062225818634,0.7080965042114258,-3.0819900035858154,0.93124920129776,0.6792627573013306,1.2034684419631958,0.13603033125400543,0.31384390592575073,0.23423421382904053,0.6923695802688599,-2.9305765628814697,0.9363253712654114,0.6664687395095825,1.2340277433395386,0.09809815883636475,0.30455878376960754,0.23218116164207458,0.7333551049232483,-2.8010997772216797,0.9275000095367432,0.5835579633712769,2.229698657989502,0.034250207245349884,0.006023417692631483,0.19584918022155762,2.1767971515655518,-0.02931332029402256,0.011142702773213387,0.516308605670929,3.1641359329223633,-0.22594349086284637,0.012397410348057747,0.18559381365776062,3.1111881732940674,-0.5076749920845032,0.010748973116278648,0.46783900260925293,4.034024715423584,0.29841113090515137,0.00044285255717113614,0.1426396369934082,3.982846736907959,-0.2894555926322937,0.00026029598666355014,0.445427268743515,4.142102241516113,0.3039611577987671,0.000310977193294093,0.11698471009731293,4.09389591217041,-0.28901785612106323,0.00031058682361617684,0.4537180960178375,4.306084156036377,-0.4867715835571289,0.0008075400837697089,0.189651221036911,4.242596626281738,-1.256846308708191,0.0007591487374156713
86,squat,1,0.7036534547805786,0.8174472451210022,-0.7549459934234619,0.9975319504737854,0.7390861511230469,0.7537197470664978,-0.6411761045455933,0.9969810247421265,0.7521153688430786,0.7639402747154236,-0.6414629817008972,0.9956059455871582,0.7634008526802063,0.7737714052200317,-0.641994059085846,0.9950688481330872,0.6866887807846069,0.7133615016937256,-0.7247292995452881,0.9982582926750183,0.6621286273002625,0.6976414918899536,-0.7243317365646362,0.998400866985321,0.636365532875061,0.680981457233429,-0.7250179052352905,0.9989306330680847,0.723768413066864,0.7836933732032776,-0.02380845509469509,0.994501531124115,0.552841305732727,0.680891752243042,-0.40123629570007324,0.9992707967758179,0.6753103137016296,0.9043585658073425,-0.5253425240516663,0.9942046403884888,0.6222988963127136,0.8711875677108765,-0.6375194787979126,0.9975704550743103,0.6595025062561035,1.054232120513916,0.2760077118873596,0.9169055819511414,0.2369997501373291,0.9900943040847778,-0.3516487777233124,0.9823629260063171,0.7376242280006409,1.5186278820037842,0.5403760671615601,0.11916564404964447,-0.12729418277740479,1.1231820583343506,-1.5575023889541626,0.9579372406005859,0.6676737070083618,1.7040539979934692,0.6011812686920166,0.31009960174560547,0.08350241184234619,0.8293400406837463,-2.747079372406006,0.9611430168151855,0.6666693091392517,1.7950400114059448,0.6117681264877319,0.2695302367210388,0.16591767966747284,0.7073892951011658,-2.975172519683838,0.9333705306053162,0.6555666923522949,1.7548425197601318,0.569106936454773,0.2892192304134369,0.21100524067878723,0.68633633852005,-2.8473236560821533,0.9383005499839783,0.6403366327285767,1.7367385625839233,0.570175290107727,0.2815902829170227,0.20947594940662384,0.7297476530075073,-2.721304416656494,0.9297293424606323,0.5476065874099731,2.1591620445251465,0.06632626801729202,0.006358275189995766,0.18115010857582092,2.1018450260162354,-0.06229889392852783,0.01145329512655735,0.4911683201789856,3.0683434009552,-0.1862172782421112,0.011976059526205063,0.16843828558921814,3.0353899002075195,-0.4338715672492981,0.010765665210783482,0.44065922498703003,3.934718132019043,0.3634238541126251,0.00043389986967667937,0.1298208087682724,3.9025862216949463,-0.22686131298542023,0.00025379142607562244,0.4125717580318451,4.039818286895752,0.36632040143013,0.00030264307861216366,0.09348805993795395,4.010885238647461,-0.23107090592384338,0.00030916472314856946,0.45227909088134766,4.2011613845825195,-0.4084186553955078,0.0007641457486897707,0.19015680253505707,4.156287670135498,-1.1632208824157715,0.0007174223428592086
87,squat,1,0.7015107870101929,0.8166466355323792,-0.7956783175468445,0.9973366260528564,0.7341242432594299,0.7519771456718445,-0.6728801131248474,0.996719479560852,0.7460821270942688,0.760906994342804,-0.6732541918754578,0.9953595995903015,0.7566714286804199,0.7690356373786926,-0.6737127304077148,0.994774580001831,0.6818993091583252,0.7120813727378845,-0.7678683996200562,0.9981196522712708,0.657133936882019,0.6960176825523376,-0.7676184177398682,0.9983181953430176,0.6310186982154846,0.680036187171936,-0.7685361504554749,0.998855710029602,0.7151229381561279,0.7745019197463989,-0.04766712337732315,0.9944156408309937,0.5487181544303894,0.6793302297592163,-0.41011086106300354,0.9992390275001526,0.6732211709022522,0.9032196402549744,-0.5665527582168579,0.9942639470100403,0.6196836233139038,0.8699311017990112,-0.6930572390556335,0.9976286888122559,0.6667402386665344,1.074599027633667,0.2836719751358032,0.9227286577224731,0.21282777190208435,0.9905021786689758,-0.4914303719997406,0.9839314818382263,0.7427824139595032,1.5237349271774292,0.7230472564697266,0.11268133670091629,-0.1850108802318573,1.145998239517212,-1.6979169845581055,0.9606693983078003,0.6967124938964844,1.7355812788009644,0.9835957288742065,0.2866908013820648,0.07669004052877426,0.8152573704719543,-2.782092809677124,0.9638891220092773,0.6974579095840454,1.8208853006362915,1.0411971807479858,0.24950210750102997,0.1684895157814026,0.6978603601455688,-3.0038347244262695,0.9359237551689148,0.6844019293785095,1.7717623710632324,1.0096781253814697,0.26830434799194336,0.2077280580997467,0.6846814751625061,-2.858532428741455,0.9405477046966553,0.6680928468704224,1.755599856376648,0.9618218541145325,0.2624545395374298,0.20474307239055634,0.7236972451210022,-2.7491331100463867,0.9323070049285889,0.5268020033836365,2.1633636951446533,0.09650912880897522,0.0066309706307947636,0.15927550196647644,2.1381139755249023,-0.09308113157749176,0.01168335136026144,0.4835577607154846,3.0617716312408447,-0.1233891099691391,0.011586510576307774,0.15757426619529724,3.033365488052368,-0.43032151460647583,0.0108646210283041,0.4410945475101471,3.918182849884033,0.47927919030189514,0.00042407121509313583,0.12881790101528168,3.884953498840332,-0.15015223622322083,0.00025432821712456644,0.4136173725128174,4.025618076324463,0.4839261472225189,0.0002910326002165675,0.08899737894535065,3.9923291206359863,-0.14702104032039642,0.0003159177431371063,0.4561852812767029,4.178016185760498,-0.30270469188690186,0.0007301591685973108,0.19160638749599457,4.130435466766357,-1.0759291648864746,0.0006992401322349906
88,squat,1,0.6770328879356384,0.8082854747772217,-1.028649091720581,0.9941944479942322,0.7087913155555725,0.7444844841957092,-0.9232643842697144,0.9930233955383301,0.7234060168266296,0.7536965608596802,-0.92369544506073,0.9918490052223206,0.735798716545105,0.7617088556289673,-0.9242889285087585,0.9900787472724915,0.6515835523605347,0.7041999101638794,-1.0457972288131714,0.9958599209785461,0.6270167827606201,0.6890831589698792,-1.0456863641738892,0.9967224597930908,0.6003600358963013,0.6746800541877747,-1.0467524528503418,0.9972373247146606,0.6992701292037964,0.7709426879882812,-0.3136427700519562,0.990740954875946,0.5165815353393555,0.6759913563728333,-0.8078616261482239,0.9985551238059998,0.6574867963790894,0.8982144594192505,-0.7962260246276855,0.992311418056488,0.5973696112632751,0.8643440008163452,-0.9507190585136414,0.9970080256462097,0.6738210916519165,1.1075890064239502,0.22720491886138916,0.9228211045265198,0.18631549179553986,0.9894807934761047,-0.716400682926178,0.9848784804344177,0.7607036828994751,1.5638339519500732,0.5789018869400024,0.1030719131231308,-0.16418448090553284,1.4492828845977783,-1.0347332954406738,0.914550244808197,0.6909800171852112,1.7702255249023438,0.4845731258392334,0.2597320079803467,0.01488108467310667,1.9087530374526978,-1.5569696426391602,0.8809337019920349,0.6908991932868958,1.8508737087249756,0.45835018157958984,0.22707466781139374,0.015130385756492615,2.069094657897949,-1.7327121496200562,0.8560649752616882,0.6730819940567017,1.8130172491073608,0.40275463461875916,0.24469050765037537,0.08134041726589203,2.0618605613708496,-1.7683395147323608,0.8643301129341125,0.6589959859848022,1.789827823638916,0.43904757499694824,0.23941223323345184,0.08943389356136322,2.005964517593384,-1.5828306674957275,0.8550609350204468,0.48759526014328003,2.1765596866607666,0.149716317653656,0.006107950117439032,0.1225937008857727,2.1260199546813965,-0.14430850744247437,0.010656277649104595,0.4459066390991211,3.0677270889282227,-0.1332005262374878,0.010715881362557411,0.13041451573371887,3.0160064697265625,-0.5618893504142761,0.01010064221918583,0.40727218985557556,3.9252004623413086,0.4933602809906006,0.00040178047493100166,0.08667637407779694,3.8724288940429688,-0.18639378249645233,0.00024320599914062768,0.3787708878517151,4.043465614318848,0.5042215585708618,0.000278072984656319,0.033071402460336685,3.9979465007781982,-0.1877252608537674,0.0003210447612218559,0.43295615911483765,4.191328525543213,-0.27553918957710266,0.0007178443484008312,0.18514087796211243,4.121608734130859,-1.1421825885772705,0.0006782824057154357
89,squat,1,0.6717429757118225,0.8053579330444336,-1.232151985168457,0.9909792542457581,0.7030962705612183,0.7395898699760437,-1.114155650138855,0.9888547658920288,0.7175790071487427,0.7487999200820923,-1.1145693063735962,0.9877572059631348,0.7301598191261292,0.7568511366844177,-1.1151123046875,0.9845176339149475,0.6446208953857422,0.6991291046142578,-1.2395224571228027,0.9935728311538696,0.6188186407089233,0.6842299699783325,-1.2393616437911987,0.9950948357582092,0.5918004512786865,0.670527458190918,-1.2404017448425293,0.9956257343292236,0.6965429782867432,0.7670329213142395,-0.4469914436340332,0.9860402941703796,0.5102190375328064,0.6728969812393188,-0.9813887476921082,0.9978974461555481,0.6547163724899292,0.8965407609939575,-0.9724461436271667,0.990232527256012,0.59185391664505,0.862429678440094,-1.1304819583892822,0.996440589427948,0.67847740650177,1.112733244895935,0.1868419498205185,0.9227638840675354,0.17382290959358215,0.9895362854003906,-0.8461774587631226,0.985762894153595,0.7782168388366699,1.5577361583709717,0.6354426145553589,0.09456320852041245,-0.1518881618976593,1.5018869638442993,-1.0026319026947021,0.8716645836830139,0.7021129727363586,1.716060757637024,0.49724501371383667,0.23533347249031067,-0.049425505101680756,1.9999730587005615,-1.495997428894043,0.803879976272583,0.6977030634880066,1.7882003784179688,0.4607156217098236,0.20677590370178223,-0.07145588099956512,2.1687426567077637,-1.6899811029434204,0.7827023267745972,0.6844062209129333,1.7502248287200928,0.3542177081108093,0.22345882654190063,0.003675061045214534,2.168480157852173,-1.7515321969985962,0.7946793437004089,0.6679558753967285,1.7307026386260986,0.4285593032836914,0.2187056541442871,0.018436415120959282,2.106612205505371,-1.5332387685775757,0.784339427947998,0.47998547554016113,2.177936553955078,0.1935250163078308,0.005576552357524633,0.11414076387882233,2.1177635192871094,-0.18707817792892456,0.009667325764894485,0.43563324213027954,3.0591695308685303,-0.10274411737918854,0.009908988140523434,0.12512153387069702,2.992910623550415,-0.7231264710426331,0.009456834755837917,0.39936763048171997,3.923123836517334,0.5801140069961548,0.0003815409727394581,0.06989046931266785,3.8618836402893066,-0.29624590277671814,0.0002338322956347838,0.3702327311038971,4.04411506652832,0.5945515632629395,0.00026609600172378123,0.012067965231835842,3.9913625717163086,-0.29100504517555237,0.00032936836942099035,0.427327960729599,4.196762561798096,-0.22474460303783417,0.0007184945861808956,0.18230043351650238,4.124802589416504,-1.2920176982879639,0.0006699629011563957
90,squat,1,0.6388143301010132,0.7923455834388733,-1.3455265760421753,0.9885540008544922,0.6774463057518005,0.7257658839225769,-1.2176764011383057,0.9859458804130554,0.6949357390403748,0.7356831431388855,-1.2182590961456299,0.9855363965034485,0.7100058794021606,0.7448389530181885,-1.2188841104507446,0.9811499118804932,0.6145142316818237,0.6884610652923584,-1.3243629932403564,0.9914805293083191,0.587958037853241,0.6751744747161865,-1.3241145610809326,0.9937946796417236,0.55824875831604,0.6632825136184692,-1.3250998258590698,0.9941623210906982,0.6867548823356628,0.7624597549438477,-0.5059231519699097,0.9830601811408997,0.4713467061519623,0.6691434383392334,-0.9649955034255981,0.9972807168960571,0.6278631687164307,0.8887355923652649,-1.069970726966858,0.9888010621070862,0.5599401593208313,0.8590494990348816,-1.2041271924972534,0.9959725141525269,0.685693621635437,1.1279147863388062,0.1005423441529274,0.9249502420425415,0.15671595931053162,0.9903745055198669,-0.775444746017456,0.9865370392799377,0.785871148109436,1.5837887525558472,0.34798526763916016,0.08690324425697327,-0.1445472538471222,1.4977396726608276,-0.8627009391784668,0.8225840330123901,0.7046040296554565,1.82110595703125,-0.28855040669441223,0.2126670479774475,-0.04418819025158882,1.9573891162872314,-1.3929471969604492,0.7296754121780396,0.7096773386001587,1.925083041191101,-0.4160793423652649,0.18745237588882446,-0.05702994391322136,2.113240957260132,-1.602603554725647,0.7108914256095886,0.6920035481452942,1.8882704973220825,-0.5338349342346191,0.20303264260292053,0.014995701611042023,2.1179912090301514,-1.6718788146972656,0.7247684001922607,0.6749803423881531,1.8513407707214355,-0.37430915236473083,0.19872362911701202,0.024947600439190865,2.057948589324951,-1.434705138206482,0.7144857048988342,0.46306484937667847,2.1706881523132324,0.16881461441516876,0.005132591817528009,0.10869932174682617,2.131647825241089,-0.16242219507694244,0.008809580467641354,0.4218727946281433,3.0496575832366943,-0.12849147617816925,0.009375760331749916,0.11312270164489746,2.968998670578003,-0.7414973378181458,0.009057086892426014,0.3823341727256775,3.9068305492401123,0.5016322135925293,0.00039317557821050286,0.0526464506983757,3.8362863063812256,-0.377814918756485,0.00023416592739522457,0.3553924560546875,4.03449821472168,0.511106550693512,0.00028193093021400273,-0.002795223379507661,3.9725699424743652,-0.37861448526382446,0.00037179587525315583,0.390869140625,4.1743483543396,-0.2864643335342407,0.0007366209756582975,0.1602494865655899,4.092379570007324,-1.4021247625350952,0.0006805543089285493
91,squat,1,0.6305808424949646,0.7838302254676819,-1.3897475004196167,0.9864988923072815,0.6720569729804993,0.7180437445640564,-1.2558825016021729,0.98363196849823,0.6902235150337219,0.7288435101509094,-1.2565381526947021,0.9837531447410583,0.7055400013923645,0.7389642596244812,-1.2571121454238892,0.9783076643943787,0.6072201728820801,0.6811931729316711,-1.3636542558670044,0.9898608922958374,0.5799693465232849,0.6684595346450806,-1.3634471893310547,0.9928117394447327,0.5500523447990417,0.6569928526878357,-1.364490032196045,0.9930724501609802,0.6854950189590454,0.7616070508956909,-0.5282129645347595,0.9805390238761902,0.4624863564968109,0.6648570895195007,-0.9927663803100586,0.9968632459640503,0.6193078756332397,0.8842342495918274,-1.1099011898040771,0.9874767661094666,0.5492753386497498,0.855465829372406,-1.245203971862793,0.9956048130989075,0.6900273561477661,1.144041895866394,0.06400234252214432,0.9249880313873291,0.14598843455314636,0.9905434250831604,-0.7920771837234497,0.9870837926864624,0.7993717789649963,1.586538314819336,0.11690312623977661,0.07994655519723892,-0.14214858412742615,1.5229469537734985,-0.8631480932235718,0.7748632431030273,0.7103119492530823,1.7640247344970703,-0.6100316643714905,0.19248464703559875,-0.04750178009271622,1.9831258058547974,-1.3648734092712402,0.663013756275177,0.7191635370254517,1.8459527492523193,-0.7576834559440613,0.17030763626098633,-0.06132162734866142,2.1397063732147217,-1.5728485584259033,0.6463740468025208,0.6974394917488098,1.803774118423462,-0.8446089029312134,0.1849122792482376,0.0078110829927027225,2.1421282291412354,-1.6531509160995483,0.6620211005210876,0.6806250810623169,1.7770401239395142,-0.6865069270133972,0.181009441614151,0.0181160606443882,2.0815489292144775,-1.4100158214569092,0.6518045663833618,0.4547688364982605,2.1755716800689697,0.15875376760959625,0.004738609306514263,0.1005222424864769,2.139695882797241,-0.15222670137882233,0.008037031628191471,0.4124199450016022,3.057389259338379,-0.14248082041740417,0.008824287913739681,0.09910998493432999,2.9708821773529053,-0.7546916604042053,0.008614648133516312,0.36999374628067017,3.9098591804504395,0.4939078390598297,0.00038889364805072546,0.03713459521532059,3.8307502269744873,-0.38486355543136597,0.00022929759870748967,0.3437198996543884,4.03973913192749,0.503918468952179,0.00028397617279551923,-0.01646970398724079,3.9672484397888184,-0.38428765535354614,0.0003910934319719672,0.3697097599506378,4.173552989959717,-0.335094153881073,0.0007348611252382398,0.1443791687488556,4.086236000061035,-1.4124699831008911,0.0006839496782049537
92,squat,1,0.6109389066696167,0.7743616700172424,-1.342494249343872,0.9849158525466919,0.6502111554145813,0.7051035165786743,-1.218226671218872,0.9808328151702881,0.6683952808380127,0.714280366897583,-1.218795657157898,0.982166051864624,0.6854889988899231,0.7236889004707336,-1.219403862953186,0.9754082560539246,0.5857211351394653,0.6742910742759705,-1.3143079280853271,0.9879785180091858,0.5569679737091064,0.6633113026618958,-1.314023494720459,0.9918989539146423,0.5248289704322815,0.6537495255470276,-1.31497323513031,0.9918391704559326,0.6686083674430847,0.7505588531494141,-0.5376830101013184,0.9786799550056458,0.4340326189994812,0.6641151905059814,-0.9489395022392273,0.9963459968566895,0.606534481048584,0.8737725615501404,-1.0797619819641113,0.986281156539917,0.5365409255027771,0.8516648411750793,-1.1999940872192383,0.9951606392860413,0.6825520992279053,1.1304497718811035,0.03724834322929382,0.9283771514892578,0.13802923262119293,0.9917253851890564,-0.7557746767997742,0.9878703355789185,0.7743015289306641,1.5896397829055786,0.3930011987686157,0.07343842834234238,-0.1386636197566986,1.5144232511520386,-0.81378173828125,0.7376725673675537,0.704296886920929,1.8544114828109741,0.09574927389621735,0.1737031191587448,-0.04850368946790695,1.974666714668274,-1.3351203203201294,0.600178062915802,0.7153383493423462,1.9656647443771362,0.017652522772550583,0.15394288301467896,-0.06137165427207947,2.13116455078125,-1.535245656967163,0.5849519371986389,0.6883624792098999,1.9484076499938965,-0.15498702228069305,0.1673586666584015,0.008445343002676964,2.143691301345825,-1.6069711446762085,0.6004919409751892,0.6733125448226929,1.9041235446929932,0.0031049158424139023,0.16385677456855774,0.017645275220274925,2.0777249336242676,-1.3785063028335571,0.5909092426300049,0.4469526708126068,2.16347336769104,0.14879967272281647,0.004451173357665539,0.09820593148469925,2.140001058578491,-0.14256718754768372,0.007412089966237545,0.39744946360588074,3.0346271991729736,-0.16823267936706543,0.008516598492860794,0.0885016918182373,2.959331750869751,-0.744317889213562,0.008353601209819317,0.3529576361179352,3.887115955352783,0.4736660420894623,0.00042842768016271293,0.028663581237196922,3.819329023361206,-0.4138053357601166,0.00024175526050385088,0.3286541700363159,4.020296096801758,0.4829726219177246,0.0003260195371694863,-0.020672284066677094,3.9603612422943115,-0.41863948106765747,0.00047488234122283757,0.3450640141963959,4.145751476287842,-0.4143165946006775,0.0007841883925721049,0.1245313286781311,4.061697006225586,-1.4485410451889038,0.0007084009703248739
93,squat,1,0.6049559116363525,0.7700027227401733,-1.3141562938690186,0.9833670854568481,0.645575225353241,0.7007058262825012,-1.1934905052185059,0.978130578994751,0.6642523407936096,0.7099650502204895,-1.194040298461914,0.9805036187171936,0.6813545823097229,0.7198439240455627,-1.1946815252304077,0.972476601600647,0.5804527997970581,0.6703871488571167,-1.2859913110733032,0.9862043857574463,0.5516645312309265,0.6595715880393982,-1.2857024669647217,0.9909972548484802,0.5194575786590576,0.6504217386245728,-1.2866475582122803,0.9906349182128906,0.6641539335250854,0.7479063868522644,-0.5235390067100525,0.9764731526374817,0.4292012155056,0.6622201204299927,-0.9199295043945312,0.9957979321479797,0.5999420881271362,0.8697803020477295,-1.055101752281189,0.9851987957954407,0.5302112102508545,0.8486273288726807,-1.1708893775939941,0.9947288036346436,0.6727031469345093,1.1242982149124146,0.048137035220861435,0.9316302537918091,0.13732251524925232,0.9917921423912048,-0.7344459295272827,0.9886544942855835,0.7642694711685181,1.5951123237609863,0.46674448251724243,0.0681152418255806,-0.13835835456848145,1.5064640045166016,-0.7897375822067261,0.7061514258384705,0.7001968622207642,1.880280613899231,0.22116370499134064,0.1568508893251419,-0.050280243158340454,1.9633814096450806,-1.322411060333252,0.54430091381073,0.7100173234939575,1.997501254081726,0.1575322151184082,0.139250248670578,-0.06668180972337723,2.1189687252044678,-1.523194432258606,0.5302658081054688,0.681238055229187,1.980606198310852,0.013411207124590874,0.15161223709583282,0.0034328470937907696,2.134382963180542,-1.593944787979126,0.5458975434303284,0.667900562286377,1.9340038299560547,0.13953764736652374,0.1484580636024475,0.014140124432742596,2.068899631500244,-1.3649942874908447,0.5367289781570435,0.4400697350502014,2.156677484512329,0.14549027383327484,0.004236544482409954,0.1002182736992836,2.137037515640259,-0.13943198323249817,0.006893455516546965,0.38546955585479736,3.0236141681671143,-0.16522839665412903,0.008444949984550476,0.07767588645219803,2.9487833976745605,-0.7143558263778687,0.008406884036958218,0.3385600447654724,3.8707997798919678,0.46885570883750916,0.0004920545616187155,0.01885286346077919,3.8023507595062256,-0.3959588408470154,0.0002762039948720485,0.3138943910598755,4.003816604614258,0.47788572311401367,0.0003821298305410892,-0.02945517562329769,3.9419164657592773,-0.39893874526023865,0.0006127182277850807,0.33285823464393616,4.128441333770752,-0.39786210656166077,0.0008677745936438441,0.11090783029794693,4.044711589813232,-1.4095220565795898,0.000765672535635531
94,squat,1,0.5918062925338745,0.7643157839775085,-1.3382248878479004,0.9837477207183838,0.6315182447433472,0.6932961940765381,-1.218022108078003,0.9782545566558838,0.6496457457542419,0.7018206715583801,-1.2185170650482178,0.9808740615844727,0.6670109033584595,0.7110186219215393,-1.2192350625991821,0.9728084206581116,0.5676636099815369,0.6655390858650208,-1.307407021522522,0.9861546754837036,0.5393083691596985,0.6554421186447144,-1.3069429397583008,0.9910290241241455,0.507840633392334,0.6467972993850708,-1.3078078031539917,0.9905228018760681,0.6530119180679321,0.7397029995918274,-0.5309175252914429,0.9767271280288696,0.41793304681777954,0.6596328020095825,-0.9149457812309265,0.9957437515258789,0.5893369913101196,0.8630936741828918,-1.0728871822357178,0.9855611324310303,0.5204792022705078,0.8442289233207703,-1.184191107749939,0.994801938533783,0.6684984564781189,1.1131850481033325,0.05764741450548172,0.9366432428359985,0.13471154868602753,0.9920430779457092,-0.7260711193084717,0.9894492030143738,0.7471342086791992,1.598439335823059,0.5085450410842896,0.0637187734246254,-0.14388224482536316,1.4931769371032715,-0.7769516110420227,0.680081307888031,0.693052351474762,1.9242950677871704,0.23272018134593964,0.14177507162094116,-0.08183999359607697,1.9352840185165405,-1.363732099533081,0.4946691393852234,0.704235315322876,2.0573062896728516,0.1726679652929306,0.12617693841457367,-0.10446063429117203,2.087559700012207,-1.5719246864318848,0.481539249420166,0.6724886894226074,2.049049139022827,0.028189918026328087,0.1377483606338501,-0.02919444441795349,2.107708215713501,-1.6357272863388062,0.49762916564941406,0.6594266295433044,1.997398018836975,0.14938411116600037,0.1348685920238495,-0.017624901607632637,2.0439014434814453,-1.4044266939163208,0.4884902834892273,0.44273295998573303,2.1415252685546875,0.1418498456478119,0.003930361475795507,0.08862652629613876,2.083183765411377,-0.13587933778762817,0.0063011557795107365,0.38757970929145813,3.019408941268921,-0.13769404590129852,0.00795490201562643,0.07466094195842743,2.948669910430908,-0.5973181128501892,0.007930762134492397,0.3399873375892639,3.86360239982605,0.5478429794311523,0.0005100296693854034,0.02040216326713562,3.7956974506378174,-0.22706985473632812,0.0002795821346808225,0.3176436126232147,3.9970080852508545,0.5612600445747375,0.0003917316789738834,-0.0260063074529171,3.932155132293701,-0.2271195948123932,0.0006387766916304827,0.3317762315273285,4.116058826446533,-0.32291263341903687,0.0008848465513437986,0.1106383353471756,4.04160737991333,-1.2523317337036133,0.0007722076261416078
95,squat,1,0.5895857214927673,0.7606513500213623,-1.3657586574554443,0.9842290878295898,0.6278003454208374,0.6889119744300842,-1.242040753364563,0.9786664843559265,0.6459715962409973,0.6967433094978333,-1.242540955543518,0.9814589023590088,0.6633083820343018,0.7054356932640076,-1.2432101964950562,0.973465621471405,0.5636192560195923,0.662585973739624,-1.331709861755371,0.9863309264183044,0.5348497629165649,0.6529273986816406,-1.3312339782714844,0.9911937117576599,0.5029815435409546,0.6448429822921753,-1.332079291343689,0.9905923008918762,0.6490815877914429,0.7351053953170776,-0.5475804805755615,0.9773088693618774,0.41180330514907837,0.6590449213981628,-0.932385265827179,0.9957869648933411,0.5898011326789856,0.8597754240036011,-1.0986626148223877,0.9859659075737,0.5190621614456177,0.8419390916824341,-1.2102516889572144,0.9949378371238708,0.6682497262954712,1.111792802810669,0.0432862862944603,0.9410868287086487,0.1291101574897766,0.9927103519439697,-0.7304126620292664,0.9901482462882996,0.7427656054496765,1.606621503829956,0.48070263862609863,0.059364594519138336,-0.15672139823436737,1.5021157264709473,-0.7826594710350037,0.6522909998893738,0.6920427083969116,1.9293841123580933,0.1923387497663498,0.12823191285133362,-0.0932423546910286,1.953980803489685,-1.3770806789398193,0.44928622245788574,0.7049189209938049,2.058514356613159,0.12690019607543945,0.1144726425409317,-0.11274053901433945,2.109001636505127,-1.587260365486145,0.4371744692325592,0.6723285913467407,2.047457456588745,-0.0017562357243150473,0.12534256279468536,-0.03604455664753914,2.1247100830078125,-1.6557468175888062,0.4535124599933624,0.6581887006759644,1.9974271059036255,0.11204685270786285,0.12270516902208328,-0.02525337040424347,2.059471368789673,-1.420248031616211,0.44457143545150757,0.4417441487312317,2.14156174659729,0.1395571231842041,0.0036467460449784994,0.07826100289821625,2.0756547451019287,-0.13357552886009216,0.005763954482972622,0.3887804448604584,3.0231287479400635,-0.14180803298950195,0.007506427355110645,0.07421354204416275,2.9545719623565674,-0.604816198348999,0.007473180536180735,0.3415411114692688,3.8685643672943115,0.5357838273048401,0.0005177847924642265,0.021050844341516495,3.8033061027526855,-0.24886417388916016,0.00027687085093930364,0.3194184899330139,4.00263786315918,0.5475547909736633,0.00039520111749880016,-0.025233637541532516,3.94079852104187,-0.24994127452373505,0.000646960164885968,0.3333202004432678,4.120242118835449,-0.3393785357475281,0.0009001804864965379,0.11146829277276993,4.047478199005127,-1.2686346769332886,0.0007724650204181671
96,squat,1,0.5751168131828308,0.7522971034049988,-1.4937565326690674,0.9845482110977173,0.6152923107147217,0.6796099543571472,-1.3614745140075684,0.9791187644004822,0.634467601776123,0.6870944499969482,-1.3621745109558105,0.9819762706756592,0.6527695059776306,0.6949091553688049,-1.3627612590789795,0.974189281463623,0.5501285791397095,0.6557826399803162,-1.4439765214920044,0.9864088296890259,0.5211368799209595,0.6469084620475769,-1.4434707164764404,0.9911984801292419,0.4892979562282562,0.63954758644104,-1.4444340467453003,0.9906030297279358,0.6431821584701538,0.7245257496833801,-0.6017214059829712,0.9777624607086182,0.40109291672706604,0.6566096544265747,-0.9521225690841675,0.9958255290985107,0.5791231989860535,0.8509089350700378,-1.1991270780563354,0.9861921668052673,0.5079008936882019,0.83501797914505,-1.30006742477417,0.9949899911880493,0.6627134084701538,1.0955086946487427,0.010966704227030277,0.9444808959960938,0.1333319991827011,0.9927690029144287,-0.7269624471664429,0.9905015230178833,0.7468177080154419,1.6003310680389404,-0.021568769589066505,0.055550478398799896,-0.1456601470708847,1.4994232654571533,-0.700732409954071,0.6227173805236816,0.692813515663147,1.8873387575149536,-0.9419386982917786,0.11642228811979294,-0.0833982601761818,1.9203307628631592,-1.2168550491333008,0.410076379776001,0.7040249705314636,1.9953608512878418,-1.1437057256698608,0.10446491837501526,-0.1106141060590744,2.0662841796875,-1.4375524520874023,0.39883577823638916,0.6664880514144897,1.9770127534866333,-1.248395562171936,0.11487478762865067,-0.028879303485155106,2.065129280090332,-1.520727515220642,0.4162892997264862,0.6518045663833618,1.9383021593093872,-1.0320545434951782,0.1124856248497963,-0.013072075322270393,2.0074400901794434,-1.2647984027862549,0.4074900150299072,0.44733062386512756,2.1193835735321045,0.13888701796531677,0.0034301255363970995,0.08398281782865524,2.085742235183716,-0.13225187361240387,0.00532294437289238,0.3952457308769226,2.9980642795562744,-0.14429619908332825,0.007051494438201189,0.07752875238656998,2.917236089706421,-0.6665729880332947,0.007006173487752676,0.34911781549453735,3.822680950164795,0.517600953578949,0.000498342327773571,0.026028800755739212,3.7513232231140137,-0.31536200642585754,0.0002632957184687257,0.32656997442245483,3.9545795917510986,0.5266184210777283,0.0003900734009221196,-0.018779711797833443,3.888134717941284,-0.31780391931533813,0.0006209748680703342,0.334071546792984,4.066407203674316,-0.41193145513534546,0.0008622451568953693,0.1137797012925148,3.9872829914093018,-1.3652143478393555,0.0007515117758885026
97,squat,1,0.5732755064964294,0.7478997111320496,-1.4475902318954468,0.9852041006088257,0.6128455400466919,0.6749056577682495,-1.318905234336853,0.979937732219696,0.6318808794021606,0.6819428205490112,-1.3195445537567139,0.9828287959098816,0.6501128077507019,0.6891133785247803,-1.320145606994629,0.9753794074058533,0.5482673645019531,0.6521620154380798,-1.4013384580612183,0.9867873787879944,0.5197151899337769,0.6436418294906616,-1.4008182287216187,0.9914445877075195,0.4880450367927551,0.6365288496017456,-1.4017136096954346,0.9908275604248047,0.6405668258666992,0.7178400754928589,-0.5807193517684937,0.9787066578865051,0.3995845913887024,0.6545881032943726,-0.9310415983200073,0.9959363341331482,0.5777708292007446,0.8457059264183044,-1.1622569561004639,0.9867520332336426,0.5068768858909607,0.8309734463691711,-1.2636197805404663,0.9951606392860413,0.6622065305709839,1.0906440019607544,0.014179317280650139,0.9483084678649902,0.1348702609539032,0.9922513961791992,-0.7103501558303833,0.9909897446632385,0.7532073259353638,1.5985625982284546,0.08052252978086472,0.05226290598511696,-0.14365217089653015,1.4950318336486816,-0.6700910329818726,0.5954697728157043,0.6938130259513855,1.877609372138977,-0.6718218922615051,0.10573627054691315,-0.07113396376371384,1.9098947048187256,-1.2088236808776855,0.37414926290512085,0.7051864862442017,1.9902561902999878,-0.836818516254425,0.0954015702009201,-0.08532930910587311,2.0536344051361084,-1.4288629293441772,0.3637090027332306,0.6662164330482483,1.968597650527954,-0.9596326947212219,0.10545041412115097,-0.010438605211675167,2.0549285411834717,-1.5084236860275269,0.3819708526134491,0.6510111093521118,1.9272820949554443,-0.7625696063041687,0.10323528200387955,0.0017495999345555902,1.9968771934509277,-1.2560410499572754,0.37325114011764526,0.45010456442832947,2.1105003356933594,0.1384471356868744,0.003230869071558118,0.08754713833332062,2.0874569416046143,-0.13144788146018982,0.004919589962810278,0.3983467221260071,2.9881627559661865,-0.14771397411823273,0.006700889673084021,0.07958131283521652,2.9080557823181152,-0.673509955406189,0.00663770642131567,0.3532901406288147,3.8078842163085938,0.5056954622268677,0.0004991456517018378,0.02958924137055874,3.7378289699554443,-0.32123658061027527,0.00025631656171754,0.33122164011001587,3.940753936767578,0.5146422982215881,0.0003998120955657214,-0.014923997223377228,3.8747611045837402,-0.3241620361804962,0.0006121318438090384,0.3364246189594269,4.048398971557617,-0.41411662101745605,0.0008509214385412633,0.11586109548807144,3.969141960144043,-1.369733452796936,0.0007460978231392801
98,squat,1,0.5604674816131592,0.7356140613555908,-1.5745118856430054,0.9858362674713135,0.6003829836845398,0.6627023220062256,-1.4469420909881592,0.9806498885154724,0.6202160716056824,0.6693742275238037,-1.447569489479065,0.9834999442100525,0.6395391821861267,0.6765481233596802,-1.448246955871582,0.9764381647109985,0.5346907377243042,0.6415375471115112,-1.5139708518981934,0.9871072769165039,0.5061278939247131,0.6330934762954712,-1.513361930847168,0.9915829300880432,0.47503963112831116,0.626928448677063,-1.5142219066619873,0.9909802675247192,0.6350064873695374,0.7061299681663513,-0.6916632056236267,0.9793127775192261,0.3927311897277832,0.6469553709030151,-0.9738374948501587,0.9959660768508911,0.5677597522735596,0.8333733677864075,-1.283449649810791,0.9872446060180664,0.49789461493492126,0.8181008696556091,-1.3645780086517334,0.9952855110168457,0.6637353301048279,1.084783911705017,-0.07408004254102707,0.9520403742790222,0.13679033517837524,0.9924553632736206,-0.7062276601791382,0.9913622140884399,0.7575080990791321,1.5696684122085571,0.0458664670586586,0.05087808147072792,-0.1423325091600418,1.4901903867721558,-0.7133985757827759,0.5801699757575989,0.7028921842575073,1.8724665641784668,-0.703498363494873,0.09601449221372604,-0.09719664603471756,1.8719768524169922,-1.3430531024932861,0.34214159846305847,0.7203312516212463,1.9962514638900757,-0.8678573369979858,0.08704615384340286,-0.0819842591881752,2.0224926471710205,-1.5767021179199219,0.33184492588043213,0.6797541379928589,1.9794399738311768,-1.0180288553237915,0.09669753909111023,-0.011432232335209846,2.025149345397949,-1.6456778049468994,0.3505426347255707,0.6633358001708984,1.933448314666748,-0.8040561676025391,0.09464098513126373,-0.0021866566967219114,1.9687182903289795,-1.391400933265686,0.34206029772758484,0.4534932076931,2.0949645042419434,0.13010898232460022,0.003068746067583561,0.10241887718439102,2.063166379928589,-0.12292792648077011,0.004563754424452782,0.4031514525413513,2.975555181503296,-0.07969042658805847,0.006445587612688541,0.08076953142881393,2.892026662826538,-0.6280826926231384,0.006397823337465525,0.3648981750011444,3.7887837886810303,0.6334342360496521,0.0005080470000393689,0.042983606457710266,3.713545083999634,-0.21529093384742737,0.0002575088292360306,0.34827083349227905,3.9209718704223633,0.6466262936592102,0.0004097342607565224,0.006872706115245819,3.84326171875,-0.21036025881767273,0.0006193802109919488,0.3392582833766937,4.0280890464782715,-0.2850568890571594,0.0008284636423923075,0.12519213557243347,3.9569895267486572,-1.2665997743606567,0.0007464564987458289
99,squat,1,0.5598390698432922,0.7302484512329102,-1.5593994855880737,0.9860509037971497,0.5990473031997681,0.657429575920105,-1.4355125427246094,0.980705201625824,0.618488609790802,0.663964033126831,-1.4361289739608765,0.9836353063583374,0.6373080015182495,0.6709693670272827,-1.436811089515686,0.9767331480979919,0.5346214771270752,0.6367462277412415,-1.5087721347808838,0.9870104193687439,0.506044864654541,0.6279498934745789,-1.5082199573516846,0.9914475083351135,0.47521382570266724,0.6217201948165894,-1.509108066558838,0.9908273816108704,0.6320619583129883,0.6995216012001038,-0.6954793930053711,0.979211688041687,0.3928816616535187,0.6405484676361084,-1.002416729927063,0.9958505630493164,0.5648306608200073,0.8261615633964539,-1.272759199142456,0.9873578548431396,0.49698081612586975,0.8115863800048828,-1.3621675968170166,0.9952759742736816,0.6638279557228088,1.0782055854797363,-0.07290656864643097,0.9552363753318787,0.13809910416603088,0.9921815991401672,-0.7243471741676331,0.9916814565658569,0.7577827572822571,1.5485247373580933,0.11948274075984955,0.04920470714569092,-0.14162471890449524,1.4811443090438843,-0.7496693730354309,0.5648569464683533,0.703093945980072,1.8662126064300537,-0.518762469291687,0.08720699697732925,-0.10343442112207413,1.8551921844482422,-1.3905556201934814,0.3130907416343689,0.7221624255180359,1.9925429821014404,-0.6596007347106934,0.07944846898317337,-0.08784740418195724,2.0198819637298584,-1.6261568069458008,0.3030674457550049,0.6818788051605225,1.9782793521881104,-0.809829831123352,0.08870622515678406,-0.017678985372185707,2.026040554046631,-1.6924070119857788,0.32208508253097534,0.665169358253479,1.931317925453186,-0.6156212091445923,0.08679812401533127,-0.008661015890538692,1.9676460027694702,-1.4385032653808594,0.3137592077255249,0.4544411599636078,2.080498456954956,0.12976720929145813,0.002900517312809825,0.11300165951251984,2.046074390411377,-0.12266987562179565,0.004223033785820007,0.4041367471218109,2.9590940475463867,-0.051339514553546906,0.006208029575645924,0.08150851726531982,2.877166509628296,-0.6150515675544739,0.0061780670657753944,0.36914166808128357,3.768714666366577,0.6720498204231262,0.0005143478629179299,0.04926284775137901,3.6934828758239746,-0.19042286276817322,0.00026075777714140713,0.353977233171463,3.8999221324920654,0.6866707801818848,0.0004143832775298506,0.014979328028857708,3.8210339546203613,-0.18412789702415466,0.0006310996832326055,0.34313899278640747,4.008557319641113,-0.23242604732513428,0.0008174325339496136,0.1324014514684677,3.938788890838623,-1.2320764064788818,0.0007533379248343408
100,squat,1,0.5631483793258667,0.7148349285125732,-1.5047364234924316,0.986813485622406,0.5996618270874023,0.6412963271141052,-1.398993730545044,0.9816311001777649,0.6193503141403198,0.647146999835968,-1.3996520042419434,0.984531581401825,0.6381920576095581,0.6535192728042603,-1.4006625413894653,0.978014349937439,0.5354450941085815,0.6215342283248901,-1.4336761236190796,0.9874914884567261,0.5067450404167175,0.6135863661766052,-1.4327008724212646,0.9917518496513367,0.4760730266571045,0.6089115142822266,-1.4332952499389648,0.9910956025123596,0.6328958868980408,0.6832351684570312,-0.6733769178390503,0.9802627563476562,0.3912518322467804,0.6327835917472839,-0.8885469436645508,0.9959473609924316,0.568714439868927,0.8101590275764465,-1.2359877824783325,0.9880062937736511,0.5004963278770447,0.7990149259567261,-1.2785005569458008,0.9954319000244141,0.6662720441818237,1.0640753507614136,-0.045889079570770264,0.9585615396499634,0.13875022530555725,0.9885894060134888,-0.6286265850067139,0.9920505285263062,0.7622552514076233,1.5191222429275513,0.05821578577160835,0.047728851437568665,-0.10455646365880966,1.4804723262786865,-0.610171377658844,0.5491494536399841,0.7151837944984436,1.8603519201278687,-0.7317823171615601,0.0793343111872673,-0.06914316117763519,1.8578187227249146,-1.165395736694336,0.28651610016822815,0.7371082305908203,1.9834307432174683,-0.8989354372024536,0.072723388671875,-0.08105634152889252,2.006455183029175,-1.3818585872650146,0.27699747681617737,0.6937002539634705,1.9707043170928955,-1.0366661548614502,0.08169294893741608,-0.01720353588461876,2.013256788253784,-1.4649070501327515,0.29628631472587585,0.6752925515174866,1.9242008924484253,-0.8287707567214966,0.0799691304564476,-0.0068133496679365635,1.9563612937927246,-1.2156633138656616,0.28831687569618225,0.46440592408180237,2.0567514896392822,0.11610539257526398,0.0028161457739770412,0.13403692841529846,2.0381834506988525,-0.10907521098852158,0.0039686597883701324,0.4129851460456848,2.9244942665100098,-0.07271137833595276,0.005997192580252886,0.09130612015724182,2.851699113845825,-0.5258466005325317,0.006002794951200485,0.38104110956192017,3.7237417697906494,0.6350558400154114,0.0005395554471760988,0.06534983217716217,3.656085968017578,-0.16920576989650726,0.00026294891722500324,0.36855775117874146,3.8543355464935303,0.6454106569290161,0.0004476322210393846,0.03192594274878502,3.7818942070007324,-0.16879762709140778,0.0006514224805869162,0.3535524010658264,3.9547157287597656,-0.27299025654792786,0.0008112311479635537,0.14755401015281677,3.8965466022491455,-1.1666896343231201,0.0007442448404617608
101,squat,1,0.5629067420959473,0.6975247859954834,-1.4912070035934448,0.9878678321838379,0.5994537472724915,0.6241346597671509,-1.3707773685455322,0.9829819202423096,0.6197782754898071,0.6301577687263489,-1.3715124130249023,0.9856867790222168,0.6390969753265381,0.636957049369812,-1.3725272417068481,0.9796773195266724,0.5354671478271484,0.6048445105552673,-1.3882510662078857,0.9883313775062561,0.507358968257904,0.5976783633232117,-1.386753797531128,0.9922837018966675,0.47733402252197266,0.5935633778572083,-1.3873059749603271,0.991661548614502,0.6350127458572388,0.6697971820831299,-0.6392517685890198,0.9816772937774658,0.39271900057792664,0.6213521361351013,-0.7961010932922363,0.996177077293396,0.5709840059280396,0.7916377186775208,-1.2084503173828125,0.9889073371887207,0.5024216175079346,0.781973659992218,-1.2302649021148682,0.9957301616668701,0.67467200756073,1.0499825477600098,-0.11374163627624512,0.961696982383728,0.1428448110818863,0.969226062297821,-0.5008229613304138,0.9924936890602112,0.7768042683601379,1.5146046876907349,-0.14440567791461945,0.04612279683351517,-0.07120940089225769,1.4718339443206787,-0.4550548195838928,0.5361580848693848,0.7264629006385803,1.8500192165374756,-0.9839247465133667,0.07229378074407578,-0.00967540591955185,1.8565502166748047,-1.0193341970443726,0.2627354562282562,0.7474638223648071,1.9807990789413452,-1.1755948066711426,0.0666448101401329,-0.01970924623310566,1.9981070756912231,-1.213646650314331,0.2537074387073517,0.7027238607406616,1.9683606624603271,-1.2796047925949097,0.07534976303577423,0.03571430593729019,2.002139091491699,-1.3079982995986938,0.2734268009662628,0.6841074228286743,1.9196652173995972,-1.0693632364273071,0.07387815415859222,0.04160892590880394,1.9417705535888672,-1.073767066001892,0.26604804396629333,0.4895869195461273,2.0169529914855957,0.021058667451143265,0.002613165182992816,0.13668742775917053,1.96953284740448,-0.013676069676876068,0.0036471961066126823,0.4363850951194763,2.8768386840820312,-0.16452299058437347,0.005478136707097292,0.09623132646083832,2.818465232849121,-0.2538747787475586,0.005476207938045263,0.4014328420162201,3.6692118644714355,0.5411085486412048,0.000499722664244473,0.072482630610466,3.6085398197174072,0.120023213326931,0.0002405842242296785,0.39478006958961487,3.795750856399536,0.5589214563369751,0.00041696743573993444,0.043359220027923584,3.732393741607666,0.12519831955432892,0.0005997761618345976,0.35390710830688477,3.896775484085083,-0.3457871079444885,0.0007459956686943769,0.14830277860164642,3.8408164978027344,-0.853049099445343,0.0006855279789306223
102,squat,1,0.5621424317359924,0.6937255263328552,-1.4824838638305664,0.9889072775840759,0.5983654856681824,0.6200047135353088,-1.3480267524719238,0.9843671917915344,0.6193341016769409,0.6258077621459961,-1.3488112688064575,0.9868534803390503,0.639135479927063,0.6324623227119446,-1.3497986793518066,0.9813652038574219,0.5337462425231934,0.600973904132843,-1.3658709526062012,0.989215075969696,0.5060288906097412,0.5937920212745667,-1.3642085790634155,0.9928393363952637,0.47634178400039673,0.590032696723938,-1.3646655082702637,0.9922618269920349,0.6364418268203735,0.665197491645813,-0.6488971710205078,0.983103334903717,0.39324790239334106,0.6178700923919678,-0.7864514589309692,0.996414840221405,0.5721482634544373,0.7880411148071289,-1.1866589784622192,0.9898231625556946,0.5029630661010742,0.7782183885574341,-1.2158927917480469,0.9960477352142334,0.6862782835960388,1.0525879859924316,-0.2125716507434845,0.9646337628364563,0.14299355447292328,0.9681171178817749,-0.4723625183105469,0.9928715825080872,0.7855274677276611,1.5273851156234741,-0.26752007007598877,0.04468093067407608,-0.06282653659582138,1.474203109741211,-0.40676671266555786,0.5120223760604858,0.7257586717605591,1.848992109298706,-1.0385053157806396,0.06597407162189484,0.012421717867255211,1.8485831022262573,-0.9724286198616028,0.23953628540039062,0.7457357048988342,1.9749302864074707,-1.2308210134506226,0.06115882471203804,0.006672143004834652,1.987728238105774,-1.1547093391418457,0.2314911037683487,0.6979911923408508,1.9604191780090332,-1.310148000717163,0.0695967748761177,0.05938282608985901,1.995139718055725,-1.247997522354126,0.2509903311729431,0.6805644035339355,1.9141545295715332,-1.111623764038086,0.06837203353643417,0.06447513401508331,1.938736081123352,-1.0275678634643555,0.2442835122346878,0.49970072507858276,2.021153450012207,-0.028730938211083412,0.00240133423358202,0.13582895696163177,1.9657055139541626,0.03603615611791611,0.003330622799694538,0.4432026743888855,2.877291679382324,-0.08011184632778168,0.004973956849426031,0.09655390679836273,2.819408416748047,-0.024608364328742027,0.004962265957146883,0.4038617014884949,3.658377170562744,0.7666693925857544,0.00045718904584646225,0.07221809029579163,3.5921926498413086,0.5404348373413086,0.00021814780484419316,0.39769166707992554,3.7813079357147217,0.799636960029602,0.0003815893142018467,0.0451568141579628,3.712590456008911,0.5678070187568665,0.0005454231868498027,0.351741760969162,3.8890464305877686,-0.08434049785137177,0.0006807838217355311,0.1392143964767456,3.8237364292144775,-0.4054354131221771,0.0006259914371185005
103,squat,1,0.5627427101135254,0.6597692370414734,-1.4773235321044922,0.9898794889450073,0.5984137654304504,0.5844453573226929,-1.3617669343948364,0.9856931567192078,0.6196168661117554,0.591597855091095,-1.3623626232147217,0.9879494309425354,0.6394318342208862,0.5994701385498047,-1.362978219985962,0.9829539060592651,0.5338938236236572,0.566987156867981,-1.3833067417144775,0.9900808334350586,0.5065268278121948,0.5612344741821289,-1.381895661354065,0.9933755993843079,0.4769577085971832,0.5563223361968994,-1.3825123310089111,0.9928514957427979,0.6373392939567566,0.6408282518386841,-0.6982858777046204,0.9844667315483093,0.39514631032943726,0.5917688012123108,-0.804660975933075,0.9966633915901184,0.572999119758606,0.7544211149215698,-1.2158071994781494,0.9906900525093079,0.5040475130081177,0.7415972948074341,-1.2399848699569702,0.9963686466217041,0.7007348537445068,1.055635690689087,-0.26804298162460327,0.9671914577484131,0.1490093618631363,0.9598237872123718,-0.47990331053733826,0.993056058883667,0.7933622598648071,1.5557116270065308,-0.2962767481803894,0.04378616809844971,-0.06792926788330078,1.478162407875061,-0.4522092342376709,0.4881695806980133,0.7331924438476562,1.8549741506576538,-1.0676342248916626,0.06053651124238968,0.0062275175005197525,1.8451652526855469,-1.1093981266021729,0.21896880865097046,0.7503340840339661,1.976636290550232,-1.2649635076522827,0.05664508417248726,0.005426305811852217,1.9824256896972656,-1.3122831583023071,0.21190491318702698,0.7049413323402405,1.956717848777771,-1.3537895679473877,0.06508269906044006,0.06109580397605896,1.9739593267440796,-1.4023914337158203,0.23142258822917938,0.6873065829277039,1.9109761714935303,-1.142996072769165,0.06397931277751923,0.06504359096288681,1.9182839393615723,-1.166433572769165,0.22530902922153473,0.5220840573310852,2.0230712890625,-0.041543591767549515,0.002206912962719798,0.161386176943779,1.9844509363174438,0.048881400376558304,0.003043919801712036,0.4795615077018738,2.884333372116089,0.008066771551966667,0.004518332425504923,0.12553684413433075,2.829415798187256,-0.008441727608442307,0.004495394416153431,0.4402426779270172,3.662715196609497,0.9467331767082214,0.0004156928334850818,0.1019354835152626,3.601868152618408,0.6696586608886719,0.00019789500220213085,0.4334201216697693,3.7850992679595947,0.9857934713363647,0.00034604239044710994,0.08086057007312775,3.7247214317321777,0.7097320556640625,0.0004948473651893437,0.3779046833515167,3.8972115516662598,0.08290860801935196,0.0006189774721860886,0.1567419469356537,3.8312692642211914,-0.280990868806839,0.0005717978347092867
104,squat,1,0.5638324022293091,0.649227499961853,-1.523252248764038,0.9907442331314087,0.5993901491165161,0.5745517611503601,-1.4063701629638672,0.9868867993354797,0.6205037832260132,0.582145631313324,-1.4069799184799194,0.9889376759529114,0.6401698589324951,0.590430498123169,-1.4074692726135254,0.9843719601631165,0.5349701642990112,0.5564712882041931,-1.4321181774139404,0.9908661842346191,0.5076742172241211,0.5509240031242371,-1.4309452772140503,0.9938715696334839,0.4781606197357178,0.5457444787025452,-1.431681513786316,0.99339759349823,0.6378592252731323,0.6324804425239563,-0.7263322472572327,0.9856876134872437,0.39647960662841797,0.5827153921127319,-0.8111263513565063,0.9968997240066528,0.5732119679450989,0.7441662549972534,-1.265607237815857,0.9914624691009521,0.5048462152481079,0.7310501337051392,-1.293692708015442,0.9966603517532349,0.707944929599762,1.0570265054702759,-0.278780072927475,0.9692638516426086,0.1515844613313675,0.955903172492981,-0.5030010938644409,0.9932048320770264,0.8019024729728699,1.5688425302505493,-0.30406785011291504,0.04320439323782921,-0.06849540024995804,1.4872303009033203,-0.48810631036758423,0.4734049141407013,0.7414150834083557,1.8609517812728882,-1.077345848083496,0.05566094070672989,0.007934489287436008,1.842085599899292,-1.1565173864364624,0.2014922946691513,0.756956160068512,1.9824148416519165,-1.275241732597351,0.05250745639204979,0.01426556147634983,1.9785715341567993,-1.3657387495040894,0.1949305236339569,0.711269199848175,1.9580832719802856,-1.367561936378479,0.060881275683641434,0.07227572798728943,1.9574946165084839,-1.454916000366211,0.21478883922100067,0.6935225129127502,1.9113879203796387,-1.1542937755584717,0.05985385179519653,0.0731513500213623,1.9028403759002686,-1.2136542797088623,0.2089187502861023,0.5302659273147583,2.022517442703247,-0.04401909187436104,0.0020365340169519186,0.16517235338687897,1.994378924369812,0.05136268585920334,0.002790493192151189,0.4927102029323578,2.8836042881011963,-0.025530021637678146,0.004126958083361387,0.14396947622299194,2.8271663188934326,-0.11943582445383072,0.0040902020409703255,0.4548066258430481,3.6638026237487793,0.8212525248527527,0.00037998848711140454,0.11842747032642365,3.602234125137329,0.49555546045303345,0.00018054316751658916,0.44679731130599976,3.7881476879119873,0.8509371876716614,0.00031497329473495483,0.09646940976381302,3.7290542125701904,0.5280786752700806,0.0004514206084422767,0.39332646131515503,3.8977160453796387,-0.06639426201581955,0.0005659097223542631,0.1733073592185974,3.8287696838378906,-0.4854794442653656,0.0005284585640765727
105,squat,1,0.5693742036819458,0.6146761178970337,-1.3475462198257446,0.9915881752967834,0.6056755185127258,0.5355349183082581,-1.2642489671707153,0.9880638122558594,0.6266506314277649,0.5420435070991516,-1.2641565799713135,0.9899057745933533,0.6472049951553345,0.5491811633110046,-1.2642219066619873,0.9857836365699768,0.541208803653717,0.5191835761070251,-1.2918002605438232,0.9916769862174988,0.5130685567855835,0.5141220092773438,-1.2906270027160645,0.9943848252296448,0.4855216145515442,0.5111089944839478,-1.2909398078918457,0.9939585328102112,0.6496500968933105,0.5883911848068237,-0.6993579864501953,0.9869033694267273,0.40788012742996216,0.5451295375823975,-0.7959409952163696,0.9971461296081543,0.5850067138671875,0.7123634219169617,-1.1357617378234863,0.9922248721122742,0.5138320922851562,0.700519859790802,-1.164457082748413,0.9969496130943298,0.7192021608352661,1.0249532461166382,-0.2887102961540222,0.9718097448348999,0.16486528515815735,0.926868736743927,-0.5171808004379272,0.9936094880104065,0.8013215065002441,1.5266799926757812,-0.21381250023841858,0.043411049991846085,-0.05231119319796562,1.459526777267456,-0.5376405715942383,0.4509199261665344,0.7529306411743164,1.8547700643539429,-0.8083257675170898,0.05239186808466911,0.030940916389226913,1.8112046718597412,-1.2216910123825073,0.185929074883461,0.7771095037460327,1.9759773015975952,-0.9679657816886902,0.050811197608709335,0.028712954372167587,1.9405072927474976,-1.3739087581634521,0.1806126832962036,0.7399417757987976,1.9555171728134155,-1.021620750427246,0.059882961213588715,0.08586837351322174,1.9059301614761353,-1.4716778993606567,0.20052610337734222,0.7159479856491089,1.9104316234588623,-0.8571959733963013,0.05931391194462776,0.09343317151069641,1.857372522354126,-1.2827837467193604,0.19568730890750885,0.5581996440887451,1.9913408756256104,-0.03400694578886032,0.0020009642466902733,0.1879444420337677,1.9953190088272095,0.04052583500742912,0.002664836123585701,0.5081967711448669,2.8268511295318604,0.12102945894002914,0.003764678258448839,0.15879806876182556,2.7975709438323975,0.22620263695716858,0.0037056701257824898,0.46689242124557495,3.5937764644622803,1.0695656538009644,0.0003546476364135742,0.13576063513755798,3.539202928543091,1.056354284286499,0.0001637455861782655,0.4580700993537903,3.708287477493286,1.1158196926116943,0.00029318081215023994,0.11703215539455414,3.6522066593170166,1.1209207773208618,0.00041015117312781513,0.4163045287132263,3.8321638107299805,0.3036485016345978,0.0005231387913227081,0.18770121037960052,3.769254446029663,0.214959979057312,0.0004827706725336611
106,squat,1,0.5741209983825684,0.6029592752456665,-1.391524076461792,0.9923527240753174,0.6101529598236084,0.523065447807312,-1.309187889099121,0.9891286492347717,0.630961000919342,0.5292941331863403,-1.308972954750061,0.9907903671264648,0.6516825556755066,0.5360745191574097,-1.3090524673461914,0.9870538711547852,0.5463338494300842,0.5070576667785645,-1.3339743614196777,0.9924032688140869,0.5179044008255005,0.5021073818206787,-1.3326728343963623,0.9948500990867615,0.4912962019443512,0.4995332956314087,-1.3327544927597046,0.9944583177566528,0.6556326150894165,0.5736942887306213,-0.7146258354187012,0.9880138635635376,0.4139266610145569,0.5327407717704773,-0.8328238725662231,0.9973648190498352,0.5925785899162292,0.7004010677337646,-1.1762739419937134,0.9929084181785583,0.5211473703384399,0.6892076730728149,-1.2041327953338623,0.9972068667411804,0.724382758140564,1.011175513267517,-0.3155495822429657,0.9740749597549438,0.16985560953617096,0.9097689986228943,-0.5296663641929626,0.9938837885856628,0.7992549538612366,1.5132670402526855,-0.2100861370563507,0.04329891875386238,-0.0518699586391449,1.4481332302093506,-0.6217615008354187,0.42845526337623596,0.7557867765426636,1.8432327508926392,-0.8049359321594238,0.049233678728342056,0.04051537066698074,1.7841582298278809,-1.3356958627700806,0.17095644772052765,0.7834246158599854,1.9640527963638306,-0.9615249633789062,0.048807937651872635,0.039772965013980865,1.9103645086288452,-1.5078083276748657,0.16664116084575653,0.7469745874404907,1.9481931924819946,-1.0081294775009155,0.05843019112944603,0.09621424973011017,1.8748791217803955,-1.6007194519042969,0.1863897740840912,0.7223783731460571,1.9029489755630493,-0.8464042544364929,0.05798131972551346,0.10304877907037735,1.8268860578536987,-1.3941783905029297,0.18209654092788696,0.5627301931381226,1.9674351215362549,-0.032356686890125275,0.0019278388936072588,0.18460997939109802,1.9381307363510132,0.03865110129117966,0.002507648663595319,0.510388195514679,2.793360710144043,0.1749100387096405,0.0034370534121990204,0.1617588847875595,2.7670505046844482,0.24446256458759308,0.0033575647976249456,0.46479612588882446,3.549785852432251,1.1713972091674805,0.00032908288994804025,0.1336994469165802,3.498504638671875,1.1032209396362305,0.0001486152468714863,0.4553980231285095,3.663888692855835,1.2215297222137451,0.0002706065133679658,0.11378208547830582,3.6126017570495605,1.1673628091812134,0.00037301014526747167,0.4132910668849945,3.787060022354126,0.3877834379673004,0.0004822250339202583,0.18592603504657745,3.725158929824829,0.23471108078956604,0.0004413133719936013
107,squat,1,0.5885634422302246,0.5794848799705505,-1.567617416381836,0.9929236173629761,0.6230487823486328,0.4990687668323517,-1.479926347732544,0.9898837804794312,0.6444511413574219,0.5046243667602539,-1.4797472953796387,0.9913718104362488,0.6650422811508179,0.5112851858139038,-1.480088233947754,0.98796546459198,0.557224452495575,0.48475173115730286,-1.5344226360321045,0.992894172668457,0.5281541347503662,0.4804178774356842,-1.5334374904632568,0.995120108127594,0.5005384087562561,0.47847017645835876,-1.5337779521942139,0.994762122631073,0.6666571497917175,0.5487592220306396,-0.886904239654541,0.9887264966964722,0.4229303300380707,0.5105689167976379,-1.1237696409225464,0.9974552989006042,0.6088084578514099,0.6777046918869019,-1.3425804376602173,0.9934238195419312,0.5341149568557739,0.6664062142372131,-1.409882664680481,0.9973845481872559,0.7245355844497681,0.9828004837036133,-0.4215346872806549,0.9755131602287292,0.1744048297405243,0.8731420636177063,-0.8138611912727356,0.9938545823097229,0.7966159582138062,1.4664132595062256,0.04883449152112007,0.043154601007699966,-0.04761014133691788,1.3900868892669678,-0.7739776372909546,0.41083455085754395,0.756913423538208,1.7973763942718506,-0.00011122606520075351,0.04613157734274864,0.043866708874702454,1.7243844270706177,-1.3195579051971436,0.1584664136171341,0.7840533256530762,1.909142255783081,-0.05731790512800217,0.04646291956305504,0.04121764749288559,1.8470524549484253,-1.4749023914337158,0.15495747327804565,0.7566109895706177,1.8994717597961426,-0.15616455674171448,0.056104857474565506,0.09800679236650467,1.8139064311981201,-1.5636698007583618,0.17435142397880554,0.7306002378463745,1.8598724603652954,-0.05728881433606148,0.055923499166965485,0.1062040701508522,1.768481969833374,-1.3785172700881958,0.1705675572156906,0.5656102895736694,1.9185690879821777,-0.02615431323647499,0.0018360125832259655,0.1838415414094925,1.873450517654419,0.033806562423706055,0.0023359525948762894,0.5142914056777954,2.739393711090088,0.33018040657043457,0.0031262810807675123,0.173040971159935,2.703847646713257,0.21267227828502655,0.003045617835596204,0.46542888879776,3.4857444763183594,1.457586407661438,0.00030155203421600163,0.13489648699760437,3.4255049228668213,1.1334006786346436,0.00013499583292286843,0.4538010060787201,3.5931313037872314,1.516713261604309,0.00024689699057489634,0.11334993690252304,3.5359253883361816,1.2023801803588867,0.0003388688783161342,0.42065659165382385,3.7247414588928223,0.6873117089271545,0.000442094897152856,0.1869748830795288,3.6514997482299805,0.2608180642127991,0.00040379221900366247
108,squat,1,0.5916566848754883,0.567717432975769,-1.4655851125717163,0.9935563802719116,0.6273114681243896,0.48923513293266296,-1.4109441041946411,0.9907716512680054,0.6491328477859497,0.49630993604660034,-1.4098761081695557,0.9920854568481445,0.6699398756027222,0.5037818551063538,-1.4097447395324707,0.9890204071998596,0.5613462924957275,0.4736325442790985,-1.4611470699310303,0.9935139417648315,0.5323444604873657,0.46930646896362305,-1.4598206281661987,0.9955122470855713,0.5048729777336121,0.4670010507106781,-1.4596376419067383,0.9952027201652527,0.6728429198265076,0.5432811379432678,-0.8182930946350098,0.9896354675292969,0.42799100279808044,0.4986080527305603,-1.0306518077850342,0.9976397752761841,0.6128191351890564,0.6668176054954529,-1.321147084236145,0.9940052628517151,0.536605954170227,0.6548799872398376,-1.386282205581665,0.9976031184196472,0.7271116971969604,0.9768319725990295,-0.39364105463027954,0.9769091606140137,0.17783215641975403,0.8582470417022705,-0.7459346652030945,0.9940493106842041,0.7963892817497253,1.449302315711975,0.18381932377815247,0.04245884716510773,-0.025285620242357254,1.3785758018493652,-0.6092485189437866,0.38942641019821167,0.7563341856002808,1.7881604433059692,0.30086517333984375,0.0431956946849823,0.04757354035973549,1.705503225326538,-0.8813157081604004,0.14712582528591156,0.7835366129875183,1.8970961570739746,0.2795581817626953,0.04451398923993111,0.040495142340660095,1.8199541568756104,-0.9851531982421875,0.14506322145462036,0.7524203658103943,1.8876556158065796,0.20479217171669006,0.054328545928001404,0.09670977294445038,1.786658525466919,-1.0689107179641724,0.16457049548625946,0.728515088558197,1.8490005731582642,0.25906163454055786,0.054415807127952576,0.10817465931177139,1.7440686225891113,-0.9251600503921509,0.1612003892660141,0.5692228674888611,1.8968853950500488,-0.023009203374385834,0.0017201369628310204,0.18653611838817596,1.847621202468872,0.02933211252093315,0.002160419477149844,0.513809323310852,2.7024736404418945,0.24100883305072784,0.0028359636198729277,0.18320657312870026,2.6676435470581055,0.2558406591415405,0.0027540111914277077,0.46331650018692017,3.437869071960449,1.2826288938522339,0.00027428450994193554,0.1383759081363678,3.3734238147735596,1.1861311197280884,0.0001219540208694525,0.45165783166885376,3.540053606033325,1.3346679210662842,0.00022416269348468632,0.1178612932562828,3.480458974838257,1.2604835033416748,0.0003062481991946697,0.41860073804855347,3.6764707565307617,0.5416510701179504,0.00040308196912519634,0.18541836738586426,3.59527587890625,0.3819907009601593,0.00036727992119267583
109,squat,1,0.6195753812789917,0.46995770931243896,-1.2186580896377563,0.9941882491111755,0.6519612073898315,0.3902226686477661,-1.121727466583252,0.9916771054267883,0.6725180149078369,0.3963668942451477,-1.1218540668487549,0.9928610324859619,0.6915488243103027,0.4031643271446228,-1.1221816539764404,0.9900994896888733,0.583984375,0.37359434366226196,-1.155173659324646,0.9941450953483582,0.5565304756164551,0.36877480149269104,-1.1544153690338135,0.9959456920623779,0.5288509726524353,0.36549481749534607,-1.1546907424926758,0.9956647753715515,0.6907663941383362,0.4487155079841614,-0.5490970611572266,0.990658164024353,0.45708388090133667,0.3988000750541687,-0.6986023187637329,0.9978671073913574,0.6397735476493835,0.5777759552001953,-1.0187817811965942,0.994592547416687,0.5596045255661011,0.5621414184570312,-1.0639480352401733,0.9978340864181519,0.7432921528816223,0.9087915420532227,-0.2864258289337158,0.9790567755699158,0.22279195487499237,0.7817676067352295,-0.5035973787307739,0.994390070438385,0.8400986790657043,1.4280043840408325,-0.11153063923120499,0.04730036482214928,-0.028033491224050522,0.9811855554580688,-1.1489907503128052,0.4031180143356323,0.8500920534133911,1.7910759449005127,-0.3698948323726654,0.04679591581225395,0.04311895743012428,1.0488524436950684,-2.427147388458252,0.19049088656902313,0.8817604780197144,1.9002280235290527,-0.41416478157043457,0.052343010902404785,0.0403401218354702,1.0176559686660767,-2.6639413833618164,0.18443620204925537,0.844975471496582,1.8907324075698853,-0.45363330841064453,0.06741230934858322,0.09401782602071762,0.9567966461181641,-2.65483021736145,0.20985427498817444,0.8178914189338684,1.8514329195022583,-0.40732699632644653,0.06767209619283676,0.10487191379070282,0.9834964275360107,-2.462480306625366,0.20766538381576538,0.5991476774215698,1.8435347080230713,-0.02172050066292286,0.0016535345930606127,0.21765737235546112,1.8029297590255737,0.02817922830581665,0.0020500849932432175,0.553297758102417,2.6675002574920654,0.17494142055511475,0.0026823917869478464,0.20993752777576447,2.630876302719116,0.1489020437002182,0.0025567510165274143,0.5132399797439575,3.4203410148620605,0.964074432849884,0.0002555973769631237,0.18455474078655243,3.3598241806030273,0.6146945953369141,0.00011128635378554463,0.5062708258628845,3.5299124717712402,0.9893437623977661,0.00020554882939904928,0.16508664190769196,3.463120937347412,0.6443880796432495,0.0002776644250843674,0.47763973474502563,3.6332545280456543,0.2660762667655945,0.00036757258931174874,0.2313568890094757,3.576465368270874,-0.1565924882888794,0.0003337744274176657
110,squat,1,0.6515783667564392,0.40344542264938354,-1.283084511756897,0.9947130680084229,0.6864198446273804,0.31818580627441406,-1.1827538013458252,0.9924450516700745,0.7055978775024414,0.32242366671562195,-1.1829156875610352,0.9935095906257629,0.7239325046539307,0.32746896147727966,-1.183534860610962,0.9910158514976501,0.6135357022285461,0.2984638810157776,-1.226799726486206,0.9946693778038025,0.5854451656341553,0.29128706455230713,-1.2260130643844604,0.9962922930717468,0.5568870902061462,0.2853778302669525,-1.2263801097869873,0.9960352182388306,0.7161768674850464,0.3609933853149414,-0.5918036699295044,0.9915342926979065,0.4798322319984436,0.3094382584095001,-0.7749927639961243,0.9980539083480835,0.6647335290908813,0.5150762796401978,-1.0670706033706665,0.9951077103614807,0.5840435028076172,0.4959108233451843,-1.122172236442566,0.99803626537323,0.7515570521354675,0.8380898833274841,-0.2920566499233246,0.9809617400169373,0.23284539580345154,0.7055078148841858,-0.5386389493942261,0.9947701096534729,0.8568814396858215,1.3315023183822632,-0.10009410232305527,0.05686542019248009,-0.03314455598592758,0.8830856680870056,-0.9329267740249634,0.42115339636802673,0.8733768463134766,1.691540002822876,-0.3976139724254608,0.046945296227931976,-0.11193988472223282,1.1665581464767456,-1.8757126331329346,0.1976856142282486,0.9056172370910645,1.826645016670227,-0.48334112763404846,0.0524570569396019,-0.1514868289232254,1.2123924493789673,-2.0716638565063477,0.18781313300132751,0.869655430316925,1.8027235269546509,-0.5591667890548706,0.06843378394842148,-0.10464217513799667,1.16538405418396,-2.150721788406372,0.21653683483600616,0.8428740501403809,1.7573856115341187,-0.45184311270713806,0.06932161003351212,-0.08479456603527069,1.159803032875061,-1.9375979900360107,0.21687521040439606,0.6100884079933167,1.7585612535476685,-0.018420865759253502,0.0017784853698685765,0.23080691695213318,1.716561198234558,0.025149788707494736,0.002087349770590663,0.5793735384941101,2.578242301940918,0.19092482328414917,0.002559902146458626,0.23162248730659485,2.5459706783294678,0.1798260360956192,0.0023865103721618652,0.5589353442192078,3.3325679302215576,1.1006547212600708,0.00024669128470122814,0.22609791159629822,3.2758889198303223,0.8780600428581238,0.00010401573672425002,0.5549138188362122,3.4437925815582275,1.1402696371078491,0.00019441316544543952,0.2035304307937622,3.3786115646362305,0.9270707964897156,0.00025736173847690225,0.5321447253227234,3.551814556121826,0.3827875256538391,0.0003395660314708948,0.2876020073890686,3.5077097415924072,0.05528067424893379,0.00030643149511888623
111,squat,1,0.6600703597068787,0.39158710837364197,-1.5119140148162842,0.9951858520507812,0.6950689554214478,0.3004278838634491,-1.4006118774414062,0.9931299090385437,0.7149001955986023,0.3052060008049011,-1.400820255279541,0.9940831661224365,0.733625590801239,0.3109908699989319,-1.4014307260513306,0.9918197393417358,0.6217095255851746,0.2814093232154846,-1.4501781463623047,0.9951368570327759,0.5938294529914856,0.2742050290107727,-1.4493721723556519,0.9965996742248535,0.5655819177627563,0.2676458954811096,-1.4498631954193115,0.9963609576225281,0.7273914217948914,0.3495369553565979,-0.7553120255470276,0.9923003315925598,0.4883270263671875,0.28652283549308777,-0.9615558385848999,0.9982200264930725,0.6756493449211121,0.4970687925815582,-1.2736239433288574,0.9955652356147766,0.5942346453666687,0.4815286099910736,-1.3340643644332886,0.9982146620750427,0.7571353316307068,0.8322782516479492,-0.3947595953941345,0.982612133026123,0.2329777479171753,0.6899374127388,-0.6702583432197571,0.9950225353240967,0.87489253282547,1.3093816041946411,-0.16076409816741943,0.060955941677093506,-0.11153986304998398,1.0463730096817017,-0.8627414703369141,0.44031673669815063,0.8952190279960632,1.6493065357208252,-0.5168217420578003,0.04595739766955376,-0.2162317931652069,1.286625623703003,-1.6887595653533936,0.1893903613090515,0.9285351037979126,1.7850905656814575,-0.602384090423584,0.05112050473690033,-0.26705819368362427,1.3668354749679565,-1.9682543277740479,0.17780070006847382,0.8923127055168152,1.7624012231826782,-0.6904767155647278,0.06750677525997162,-0.21830514073371887,1.3403843641281128,-1.9329859018325806,0.2077460139989853,0.8663560748100281,1.7156325578689575,-0.5779265761375427,0.06839119642972946,-0.19576488435268402,1.3200147151947021,-1.7232110500335693,0.20961423218250275,0.6161114573478699,1.753997564315796,-0.02318742498755455,0.001704639638774097,0.2313365638256073,1.7123414278030396,0.029486078768968582,0.0019583827815949917,0.5850690603256226,2.5649006366729736,0.20995135605335236,0.002380874939262867,0.2342221438884735,2.536832094192505,0.360797643661499,0.002180571900680661,0.5645315051078796,3.2995007038116455,1.2279287576675415,0.0002308753173565492,0.229923814535141,3.2431020736694336,1.3021504878997803,9.507476352155209e-05,0.5624962449073792,3.413100242614746,1.276958703994751,0.00017924315761774778,0.2071024477481842,3.345196485519409,1.3760707378387451,0.00023603961744811386,0.5255057215690613,3.5230047702789307,0.4562601149082184,0.0003110435791313648,0.2989722490310669,3.485015630722046,0.4578832685947418,0.00028007657965645194
112,squat,1,0.6838036775588989,0.3479008972644806,-1.6631762981414795,0.995641827583313,0.7165614366531372,0.25677186250686646,-1.5555460453033447,0.9937852621078491,0.7374537587165833,0.2606865465641022,-1.5555285215377808,0.9946368336677551,0.7551947832107544,0.2645346224308014,-1.5559990406036377,0.992591917514801,0.6414763927459717,0.2369728833436966,-1.6200395822525024,0.995597243309021,0.6105191707611084,0.22885607182979584,-1.619270920753479,0.9969143271446228,0.5807499289512634,0.22201377153396606,-1.6196224689483643,0.9966989159584045,0.7431608438491821,0.2994750142097473,-0.9112016558647156,0.993023157119751,0.4969662129878998,0.24031542241573334,-1.187819004058838,0.9983873963356018,0.6962223649024963,0.4564755856990814,-1.4220564365386963,0.995995283126831,0.6140997409820557,0.4410756528377533,-1.5018376111984253,0.9983872771263123,0.7637743353843689,0.7871873378753662,-0.4784996509552002,0.984119713306427,0.23186102509498596,0.6763582229614258,-0.8841341137886047,0.9953790903091431,0.865684986114502,1.2902320623397827,-0.07706994563341141,0.06495167315006256,-0.10558818280696869,1.1163520812988281,-0.9098480939865112,0.45572197437286377,0.8777269124984741,1.640618085861206,-0.20662371814250946,0.04456508159637451,-0.14964494109153748,1.3703525066375732,-1.5804232358932495,0.17841185629367828,0.9121942520141602,1.7673108577728271,-0.2573956549167633,0.04964210465550423,-0.18299707770347595,1.424208164215088,-1.7232939004898071,0.1668621450662613,0.8867601156234741,1.7565970420837402,-0.3601304590702057,0.06594118475914001,-0.13308176398277283,1.3771095275878906,-1.826239824295044,0.19635702669620514,0.8581225275993347,1.7119537591934204,-0.26632606983184814,0.0668451339006424,-0.11454854905605316,1.3736284971237183,-1.643864631652832,0.1984160840511322,0.6223882436752319,1.7103819847106934,-0.021873028948903084,0.0017504192655906081,0.23747964203357697,1.6697728633880615,0.02697899378836155,0.0019047142704948783,0.5806112885475159,2.5120553970336914,0.30506831407546997,0.002243603579699993,0.23088304698467255,2.4988064765930176,0.389746755361557,0.0020152502693235874,0.5579354763031006,3.244443655014038,1.4137091636657715,0.00022829428780823946,0.22741834819316864,3.1960229873657227,1.4094319343566895,8.889461605576798e-05,0.5522065758705139,3.3583755493164062,1.4695301055908203,0.00016908114776015282,0.20543518662452698,3.2978546619415283,1.489966869354248,0.00022062245989218354,0.5271729826927185,3.474748373031616,0.6410835385322571,0.0002983600425068289,0.2991606593132019,3.4412953853607178,0.5514653921127319,0.0002662691113073379
113,squat,1,0.6809860467910767,0.33695632219314575,-1.6961109638214111,0.9960535168647766,0.7147215008735657,0.241122767329216,-1.5956419706344604,0.9943739771842957,0.7363184690475464,0.2462930977344513,-1.5955063104629517,0.9951344728469849,0.7552109956741333,0.2522592544555664,-1.5959981679916382,0.993286669254303,0.639366090297699,0.22117945551872253,-1.652559518814087,0.9960111379623413,0.6094087362289429,0.21385350823402405,-1.651735544204712,0.9971972703933716,0.5800271034240723,0.20754018425941467,-1.6520496606826782,0.9970031976699829,0.7470787763595581,0.29120758175849915,-0.965421199798584,0.9936673045158386,0.4949559271335602,0.23181499540805817,-1.2046563625335693,0.9985367059707642,0.6962912678718567,0.4428483545780182,-1.4590060710906982,0.996383011341095,0.6136274933815002,0.42993825674057007,-1.527843713760376,0.9985425472259521,0.7694374322891235,0.7815326452255249,-0.5257286429405212,0.9854668974876404,0.2352922409772873,0.6756699085235596,-0.894971489906311,0.9957258105278015,0.8590401411056519,1.2836315631866455,-0.06660239398479462,0.07050821185112,-0.0947863832116127,1.1375596523284912,-0.871181309223175,0.4814241826534271,0.8670138120651245,1.6361936330795288,-0.1631661355495453,0.04306658357381821,-0.13281869888305664,1.4147876501083374,-1.3615562915802002,0.17191673815250397,0.9008644819259644,1.764077067375183,-0.208452969789505,0.04769643768668175,-0.17217300832271576,1.4780641794204712,-1.4866739511489868,0.1582254320383072,0.8745104074478149,1.7574743032455444,-0.306618332862854,0.06362950801849365,-0.12237174808979034,1.4220746755599976,-1.6084562540054321,0.18760305643081665,0.8465182185173035,1.7108832597732544,-0.2192135751247406,0.06458254158496857,-0.10046207904815674,1.4194469451904297,-1.425266981124878,0.18999095261096954,0.6319948434829712,1.7078841924667358,-0.019895844161510468,0.001883341115899384,0.24519717693328857,1.6645199060440063,0.02483554743230343,0.0019297627732157707,0.5790093541145325,2.4989571571350098,0.3410470485687256,0.0021369117312133312,0.228244811296463,2.4819676876068115,0.49859529733657837,0.001861940254457295,0.5526717901229858,3.2148492336273193,1.454042673110962,0.0002403315738774836,0.22104796767234802,3.1645593643188477,1.594089150428772,8.406548295170069e-05,0.5474041104316711,3.3269124031066895,1.5116899013519287,0.00016708433395251632,0.20120415091514587,3.2634034156799316,1.6836750507354736,0.00020958717504981905,0.5156214833259583,3.447639226913452,0.6869969367980957,0.00029018335044384,0.2894129455089569,3.417450189590454,0.7575342655181885,0.00025608253781683743
114,squat,1,0.7060768008232117,0.2922833561897278,-1.7216711044311523,0.9964014291763306,0.7368974685668945,0.20031139254570007,-1.6133619546890259,0.9948901534080505,0.756830632686615,0.20514917373657227,-1.6134427785873413,0.9955645799636841,0.7732822895050049,0.21007856726646423,-1.6140867471694946,0.9938996434211731,0.6599122881889343,0.17873699963092804,-1.68994140625,0.996366024017334,0.627949595451355,0.1702105849981308,-1.6892391443252563,0.9974316358566284,0.5963060855865479,0.16327454149723053,-1.6896770000457764,0.9972529411315918,0.7581597566604614,0.2495267391204834,-0.9553793668746948,0.9942425489425659,0.503555417060852,0.18894384801387787,-1.2931352853775024,0.9986617565155029,0.7181095480918884,0.3972896635532379,-1.4768391847610474,0.9967260956764221,0.6338500380516052,0.3870837092399597,-1.5749989748001099,0.9986759424209595,0.7684970498085022,0.7279781103134155,-0.5582138299942017,0.986656904220581,0.23625409603118896,0.5988806486129761,-1.0436925888061523,0.9958397746086121,0.8543084859848022,1.2301641702651978,-0.04332578554749489,0.07677821069955826,-0.14888586103916168,0.9677155017852783,-1.3026635646820068,0.5038884878158569,0.8807598948478699,1.5881996154785156,0.047727566212415695,0.04402806609869003,-0.29700157046318054,1.0823988914489746,-1.9506467580795288,0.17238855361938477,0.9096020460128784,1.720831036567688,0.07166177779436111,0.048776157200336456,-0.3596249520778656,1.1181604862213135,-2.0762319564819336,0.15534162521362305,0.894420325756073,1.7054604291915894,-0.012705515138804913,0.06541390717029572,-0.3329496383666992,1.082159161567688,-2.1944735050201416,0.1857459843158722,0.8688286542892456,1.661872386932373,0.005222610663622618,0.06697707623243332,-0.3085156977176666,1.0849559307098389,-2.019873857498169,0.19143660366535187,0.6246507167816162,1.6519562005996704,0.01084335707128048,0.0024081303272396326,0.24146875739097595,1.610440969467163,-0.008120732381939888,0.0021640853956341743,0.5733156800270081,2.4425952434539795,0.48405298590660095,0.002289792289957404,0.23172588646411896,2.429316997528076,0.5329946875572205,0.001857882714830339,0.5458284020423889,3.1559817790985107,1.626882553100586,0.00026984262512996793,0.2188185453414917,3.1069633960723877,1.674833059310913,8.482693374389783e-05,0.5394388437271118,3.2573835849761963,1.6889301538467407,0.00016692477220203727,0.19425728917121887,3.195389986038208,1.7736504077911377,0.0002050428738584742,0.5162742137908936,3.389918327331543,0.8942195177078247,0.000289273913949728,0.295732706785202,3.352325677871704,0.8717427253723145,0.00025263175484724343
115,squat,1,0.7032136917114258,0.27146655321121216,-1.9056501388549805,0.9967511892318726,0.7370976209640503,0.17628437280654907,-1.7887929677963257,0.9953871965408325,0.7587071061134338,0.18349413573741913,-1.7886635065078735,0.9959929585456848,0.7757861614227295,0.19001387059688568,-1.7890758514404297,0.9944912791252136,0.6573411822319031,0.15211962163448334,-1.8718048334121704,0.9967163801193237,0.6251128315925598,0.14387410879135132,-1.8709690570831299,0.997676432132721,0.59319669008255,0.13760831952095032,-1.8712009191513062,0.9975119829177856,0.7640408277511597,0.23160141706466675,-1.0922133922576904,0.9947954416275024,0.49945956468582153,0.1718236804008484,-1.4585044384002686,0.9987885355949402,0.7193173170089722,0.381220281124115,-1.6465280055999756,0.9970442652702332,0.6325589418411255,0.3685840368270874,-1.752901315689087,0.9988018274307251,0.769578754901886,0.7108094692230225,-0.6289955973625183,0.9877429008483887,0.235132098197937,0.5751116871833801,-1.1714789867401123,0.995887815952301,0.8330570459365845,1.0189954042434692,0.037193093448877335,0.07958132773637772,-0.17135708034038544,0.9276787042617798,-1.284551978111267,0.5172030925750732,0.8784689903259277,1.5371553897857666,0.2594674229621887,0.046666260808706284,-0.3383713364601135,1.1125551462173462,-1.7613391876220703,0.16407710313796997,0.9081722497940063,1.6681709289550781,0.31205564737319946,0.05206187441945076,-0.41064509749412537,1.1700477600097656,-1.8874566555023193,0.14712420105934143,0.8929335474967957,1.6613514423370361,0.22214791178703308,0.07003670930862427,-0.38078397512435913,1.151990294456482,-2.006369113922119,0.1772453635931015,0.865516185760498,1.6194517612457275,0.21895542740821838,0.07200522720813751,-0.35249555110931396,1.1433193683624268,-1.8297103643417358,0.18471497297286987,0.6200109124183655,1.637710452079773,0.02485501393675804,0.0027705554384738207,0.23782864212989807,1.599870204925537,-0.022278498858213425,0.0022434659767895937,0.5699206590652466,2.426826238632202,0.5495597720146179,0.002403267892077565,0.23526139557361603,2.4189836978912354,0.5905084013938904,0.0018160889158025384,0.5423337817192078,3.123764991760254,1.6966283321380615,0.0003122944035567343,0.21674302220344543,3.082610607147217,1.7823565006256104,8.430456364294514e-05,0.5352808237075806,3.2276673316955566,1.7559516429901123,0.00017107845633290708,0.1907598376274109,3.1754508018493652,1.8835878372192383,0.0002017164370045066,0.5128210186958313,3.3558363914489746,0.9553589820861816,0.00030120633891783655,0.29427415132522583,3.3256771564483643,0.9856468439102173,0.00026136363158002496
116,squat,1,0.7094045281410217,0.2696264088153839,-1.8845733404159546,0.9970629811286926,0.7403716444969177,0.17289511859416962,-1.7663261890411377,0.9958297610282898,0.7611585855484009,0.17926864326000214,-1.76619553565979,0.9963728189468384,0.7774816751480103,0.18479926884174347,-1.766622543334961,0.9950181245803833,0.6603872776031494,0.14876407384872437,-1.8571056127548218,0.9970284700393677,0.6280381083488464,0.14064055681228638,-1.8562301397323608,0.9978929162025452,0.5961759686470032,0.13441051542758942,-1.8565263748168945,0.9977409243583679,0.7648485898971558,0.22484327852725983,-1.0835001468658447,0.9952880144119263,0.5006032586097717,0.17282423377037048,-1.4841166734695435,0.9989016056060791,0.7254614233970642,0.3744684159755707,-1.6308027505874634,0.9973302483558655,0.640691876411438,0.3651362359523773,-1.7470506429672241,0.9989151358604431,0.7726733088493347,0.7091211676597595,-0.6099866628646851,0.9887321591377258,0.23488764464855194,0.5664439797401428,-1.2145508527755737,0.9959298372268677,0.8448848724365234,1.119459629058838,0.12648814916610718,0.08188419789075851,-0.17839644849300385,0.9224960803985596,-1.2746045589447021,0.5341095328330994,0.887907862663269,1.5277775526046753,0.3878123164176941,0.0495266430079937,-0.3108192980289459,1.164298176765442,-1.7207911014556885,0.1553264558315277,0.9200307130813599,1.6584508419036865,0.4470788538455963,0.05543714389204979,-0.37114787101745605,1.2392985820770264,-1.7726980447769165,0.1385752260684967,0.901484489440918,1.6559624671936035,0.3564721941947937,0.07476628571748734,-0.334737628698349,1.2259324789047241,-1.9222629070281982,0.16797129809856415,0.8725050687789917,1.615602970123291,0.34844014048576355,0.07732031494379044,-0.3115069568157196,1.2102025747299194,-1.7861865758895874,0.17648112773895264,0.6194086670875549,1.6286593675613403,0.042258262634277344,0.0030606037471443415,0.23725202679634094,1.5940535068511963,-0.03949638828635216,0.0022662291303277016,0.5689524412155151,2.4173078536987305,0.5612884163856506,0.0024225355591624975,0.23766620457172394,2.4187171459198,0.5910694003105164,0.0017498688539490104,0.5482957363128662,3.1161224842071533,1.7324182987213135,0.00032616587122902274,0.21835467219352722,3.0808205604553223,1.8114116191864014,8.137714758049697e-05,0.5405883193016052,3.222015142440796,1.7946345806121826,0.00016804189363028854,0.1914033442735672,3.173097848892212,1.9147214889526367,0.0001931302685989067,0.5260923504829407,3.345224618911743,0.9933730959892273,0.00030479393899440765,0.3001624345779419,3.324651002883911,1.0117223262786865,0.0002621641615405679
117,squat,1,0.7110384702682495,0.2666345238685608,-1.803921103477478,0.9973416924476624,0.7413583993911743,0.1723189502954483,-1.6932213306427002,0.9962272644042969,0.762171745300293,0.17816512286663055,-1.6930354833602905,0.9967128038406372,0.7784009575843811,0.18276982009410858,-1.6934438943862915,0.9954898357391357,0.6621043086051941,0.14918489754199982,-1.7793095111846924,0.9973096251487732,0.6305922865867615,0.14162850379943848,-1.7784364223480225,0.9980876445770264,0.5987884402275085,0.1353142410516739,-1.778719186782837,0.9979485273361206,0.7654193639755249,0.21794790029525757,-1.0487325191497803,0.9957297444343567,0.501126766204834,0.17379361391067505,-1.4332339763641357,0.9990040063858032,0.7279275059700012,0.3654654622077942,-1.5640162229537964,0.9975892305374146,0.6429740190505981,0.3590390980243683,-1.6743214130401611,0.9990190863609314,0.7753749489784241,0.718494176864624,-0.588717520236969,0.9896098375320435,0.23375971615314484,0.5674046277999878,-1.1738979816436768,0.9961104989051819,0.843985915184021,1.158368468284607,0.12696322798728943,0.08321020007133484,-0.16236019134521484,0.9609146118164062,-1.1666340827941895,0.5428460240364075,0.8842188715934753,1.546607494354248,0.36085736751556396,0.04908967763185501,-0.2595394551753998,1.2293016910552979,-1.4113962650299072,0.14708015322685242,0.917902946472168,1.6758759021759033,0.4103023111820221,0.05523478612303734,-0.30940020084381104,1.308339238166809,-1.476037859916687,0.13084940612316132,0.898904025554657,1.6740891933441162,0.3231792151927948,0.07462277263402939,-0.26828986406326294,1.2861899137496948,-1.5924538373947144,0.15931198000907898,0.86931312084198,1.6320606470108032,0.32144469022750854,0.07757366448640823,-0.24718089401721954,1.268667221069336,-1.4649593830108643,0.168474942445755,0.6154206395149231,1.629782795906067,0.052428774535655975,0.003402654780074954,0.23274695873260498,1.586941123008728,-0.04977820813655853,0.002353514777496457,0.5590587854385376,2.416980743408203,0.5303155779838562,0.0024452025536447763,0.23081116378307343,2.4191744327545166,0.5328896641731262,0.001692725345492363,0.5398158431053162,3.123927116394043,1.6671807765960693,0.0003556348674464971,0.20892274379730225,3.088381052017212,1.6920461654663086,7.945893594296649e-05,0.5296016335487366,3.232269048690796,1.7269818782806396,0.0001741776941344142,0.18030446767807007,3.1837005615234375,1.7883388996124268,0.00018740426457952708,0.5225801467895508,3.3576691150665283,0.945938229560852,0.0003238341014366597,0.2944074273109436,3.3339638710021973,0.8946191668510437,0.0002676237199921161
118,squat,1,0.709506630897522,0.29299214482307434,-1.6364729404449463,0.9975981712341309,0.7384986281394958,0.19717708230018616,-1.53437077999115,0.9965822100639343,0.7588227987289429,0.2024829089641571,-1.5340206623077393,0.9970236420631409,0.7750663757324219,0.20658297836780548,-1.5345523357391357,0.9959141612052917,0.6630904674530029,0.17701630294322968,-1.622753381729126,0.9975603222846985,0.6324358582496643,0.1705385148525238,-1.6220672130584717,0.9982665777206421,0.6010991930961609,0.16509906947612762,-1.622560739517212,0.99813312292099,0.7620938420295715,0.2400946021080017,-0.9758445024490356,0.996132493019104,0.5040019750595093,0.20039139688014984,-1.3617935180664062,0.9990978837013245,0.7249239683151245,0.3897617757320404,-1.4271750450134277,0.9978252649307251,0.6415755152702332,0.38345494866371155,-1.540924310684204,0.9991141557693481,0.7746269106864929,0.7209405899047852,-0.5636719465255737,0.9905632138252258,0.23413114249706268,0.577730119228363,-1.121631145477295,0.996448814868927,0.8445938229560852,1.1541743278503418,0.22814533114433289,0.09849744290113449,-0.1728789210319519,0.9738836884498596,-1.3202474117279053,0.5770784616470337,0.9032419323921204,1.5203005075454712,0.5899956822395325,0.05616920068860054,-0.4254890978336334,1.2360938787460327,-1.6525452136993408,0.14665384590625763,0.935428261756897,1.650156855583191,0.6809582114219666,0.0626240000128746,-0.5299214124679565,1.3228918313980103,-1.72005295753479,0.12895439565181732,0.9211505055427551,1.6572322845458984,0.6020969152450562,0.08385484665632248,-0.5115770101547241,1.3013733625411987,-1.87459397315979,0.15849463641643524,0.8916019201278687,1.6175103187561035,0.559096097946167,0.08637364953756332,-0.47239160537719727,1.280867338180542,-1.7264620065689087,0.16946101188659668,0.6077834963798523,1.6264008283615112,0.08943464607000351,0.0046072592958807945,0.2341751754283905,1.5993610620498657,-0.08653508126735687,0.0028911277186125517,0.5584931969642639,2.4272377490997314,0.5561281442642212,0.003088555298745632,0.24015851318836212,2.4285333156585693,0.4782656133174896,0.0021073012612760067,0.5548425912857056,3.1425187587738037,1.6456016302108765,0.0004097410128451884,0.23248104751110077,3.1076738834381104,1.5340995788574219,0.00010073322482639924,0.5443402528762817,3.249575614929199,1.7044168710708618,0.00018583408382255584,0.1978415846824646,3.1989943981170654,1.6237144470214844,0.00020922267867717892,0.5697171092033386,3.3629801273345947,0.9856565594673157,0.00038347678491845727,0.33547213673591614,3.34016489982605,0.7359804511070251,0.0003136163577437401
119,squat,1,0.710073709487915,0.3042254149913788,-1.5621994733810425,0.997824490070343,0.7381883859634399,0.20743118226528168,-1.4597043991088867,0.9968946576118469,0.7578879594802856,0.212563619017601,-1.459377408027649,0.9972958564758301,0.7738357782363892,0.21639952063560486,-1.459901213645935,0.996286928653717,0.6650372743606567,0.18834711611270905,-1.5477843284606934,0.997780978679657,0.6346501111984253,0.18239767849445343,-1.5471283197402954,0.9984230399131775,0.6037915349006653,0.17755314707756042,-1.5476443767547607,0.9982938766479492,0.7602841854095459,0.2480207234621048,-0.9045553207397461,0.9964872002601624,0.5064343214035034,0.2118493765592575,-1.3429138660430908,0.9991804957389832,0.7242549657821655,0.398610919713974,-1.355407476425171,0.9980360865592957,0.6417880058288574,0.3934200406074524,-1.4677857160568237,0.9991989135742188,0.7738209962844849,0.7206808924674988,-0.5150330662727356,0.9914124608039856,0.23406319320201874,0.5775851011276245,-1.1118240356445312,0.9967540502548218,0.8270161747932434,1.0027927160263062,0.23330959677696228,0.1147664412856102,-0.17265942692756653,0.9786554574966431,-1.3178355693817139,0.608083188533783,0.9174033403396606,1.5050225257873535,0.5609607100486755,0.06169361248612404,-0.42786988615989685,1.24517822265625,-1.6665128469467163,0.14951540529727936,0.9495784044265747,1.6334877014160156,0.6415875554084778,0.06817124783992767,-0.5312398672103882,1.3341561555862427,-1.7473863363265991,0.1301085203886032,0.9347518682479858,1.639609932899475,0.5622529983520508,0.09078768640756607,-0.5098550319671631,1.3144611120224,-1.8990494012832642,0.16118790209293365,0.9057062864303589,1.6018496751785278,0.5276743769645691,0.09317705780267715,-0.47072094678878784,1.2930742502212524,-1.740857720375061,0.17409272491931915,0.598186194896698,1.6239286661148071,0.10239793360233307,0.005440569948405027,0.23331713676452637,1.597040057182312,-0.09929526597261429,0.003286750288680196,0.55677330493927,2.4281346797943115,0.5387433767318726,0.003399764886125922,0.2400541752576828,2.427222967147827,0.3830561339855194,0.002334731165319681,0.5529969930648804,3.147679090499878,1.615027666091919,0.00042825069976970553,0.23197564482688904,3.1114370822906494,1.3588740825653076,0.00011126470781164244,0.5422691106796265,3.25437068939209,1.6724485158920288,0.00018704269314184785,0.19631914794445038,3.2017133235931396,1.4371188879013062,0.00021821817790623754,0.5719115138053894,3.3635823726654053,0.959871768951416,0.0004168232553638518,0.33525243401527405,3.339581251144409,0.6183943748474121,0.00033437684760428965
120,squat,1,0.7069724798202515,0.3096922039985657,-1.6676270961761475,0.998033881187439,0.7358478307723999,0.20988181233406067,-1.5651023387908936,0.9971926212310791,0.755779504776001,0.2170661836862564,-1.564697027206421,0.997551679611206,0.7718844413757324,0.2230069637298584,-1.565272331237793,0.9966405630111694,0.6624915599822998,0.18952323496341705,-1.649996042251587,0.9979939460754395,0.6321373581886292,0.18297600746154785,-1.6492277383804321,0.9985722899436951,0.6013840436935425,0.1781870424747467,-1.6494953632354736,0.9984543323516846,0.7595547437667847,0.2577734589576721,-0.9590047001838684,0.9968225359916687,0.507338285446167,0.21267102658748627,-1.3333632946014404,0.9992588758468628,0.7213172912597656,0.4043353199958801,-1.440885305404663,0.9982281923294067,0.6392874717712402,0.3967868685722351,-1.5473544597625732,0.9992766976356506,0.7732241153717041,0.7312949895858765,-0.5118362903594971,0.9921606779098511,0.23368629813194275,0.5915830731391907,-1.116455078125,0.9969958066940308,0.8454383611679077,1.0768053531646729,0.2606217861175537,0.12029813230037689,-0.16981470584869385,0.9844434261322021,-1.2556421756744385,0.629780650138855,0.9132038354873657,1.5146560668945312,0.6123732328414917,0.06427706778049469,-0.368001252412796,1.2508037090301514,-1.6327552795410156,0.15530391037464142,0.9470818638801575,1.6400951147079468,0.6895012855529785,0.07083279639482498,-0.451465368270874,1.3368841409683228,-1.699892282485962,0.132583349943161,0.92926025390625,1.6442958116531372,0.5977187752723694,0.09460481256246567,-0.4153800904750824,1.345589280128479,-1.8402312994003296,0.16526848077774048,0.9003927111625671,1.6091114282608032,0.5755182504653931,0.09723162651062012,-0.3821970224380493,1.3284707069396973,-1.7024505138397217,0.18021607398986816,0.6005436778068542,1.63484525680542,0.09014655649662018,0.005850203800946474,0.2358846217393875,1.6049275398254395,-0.08694041520357132,0.0034410476218909025,0.5577800869941711,2.4297447204589844,0.5194854140281677,0.003375976113602519,0.23969800770282745,2.4352033138275146,0.4301145672798157,0.00223882426507771,0.5524924397468567,3.15002703666687,1.6099021434783936,0.00043341657146811485,0.2305159568786621,3.1173722743988037,1.4984880685806274,0.00010733997623901814,0.5415875315666199,3.2569189071655273,1.6692254543304443,0.00018477682897355407,0.1970055103302002,3.209009885787964,1.5872737169265747,0.0002090964699164033,0.5629367828369141,3.371131658554077,0.9314795732498169,0.00042100640712305903,0.3261333107948303,3.348538637161255,0.731184720993042,0.0003273925103712827
121,squat,1,0.7063943147659302,0.3123548626899719,-1.7168166637420654,0.9982110857963562,0.7347474694252014,0.21316269040107727,-1.6118240356445312,0.9974492788314819,0.7544069886207581,0.21826259791851044,-1.6115144491195679,0.9977661967277527,0.7705735564231873,0.22492405772209167,-1.6120240688323975,0.9969428777694702,0.6617627143859863,0.19231311976909637,-1.6917402744293213,0.9981774687767029,0.6310455203056335,0.18377596139907837,-1.6910547018051147,0.9986982345581055,0.6010953187942505,0.17983770370483398,-1.6913096904754639,0.998591423034668,0.7586695551872253,0.2611626982688904,-0.9875615239143372,0.9971019625663757,0.5063196420669556,0.21505574882030487,-1.3351060152053833,0.9993252158164978,0.7205410599708557,0.40533825755119324,-1.4841065406799316,0.998396635055542,0.6361455917358398,0.3982057571411133,-1.5841466188430786,0.9993444681167603,0.7727662920951843,0.7329310178756714,-0.5259021520614624,0.9927740693092346,0.23237986862659454,0.6058019995689392,-1.0852279663085938,0.9971858859062195,0.8570326566696167,1.10439133644104,0.20308855175971985,0.12919066846370697,-0.12299223244190216,1.0347158908843994,-1.0608856678009033,0.6454151272773743,0.910004734992981,1.5236408710479736,0.4095233082771301,0.06456015259027481,-0.22195836901664734,1.376538872718811,-1.3868671655654907,0.1543433964252472,0.9436038732528687,1.6497477293014526,0.44759416580200195,0.07007845491170883,-0.27708131074905396,1.4825553894042969,-1.4845542907714844,0.1295064091682434,0.9250520467758179,1.6492916345596313,0.3560176491737366,0.09365946054458618,-0.2220420092344284,1.48456871509552,-1.6027162075042725,0.16162420809268951,0.8965383768081665,1.6141045093536377,0.36694663763046265,0.09644384682178497,-0.1969863474369049,1.4524867534637451,-1.4440199136734009,0.17647676169872284,0.6133407354354858,1.6435788869857788,0.053126025944948196,0.006333751138299704,0.23864290118217468,1.611374020576477,-0.0505998358130455,0.003757717087864876,0.5644811391830444,2.432671308517456,0.4388120770454407,0.003263128688558936,0.23884780704975128,2.4377732276916504,0.5206773281097412,0.0021114859264343977,0.5514082312583923,3.1535444259643555,1.5702565908432007,0.00044121863902546465,0.22833088040351868,3.117185115814209,1.694808006286621,0.00010324097820557654,0.5407366752624512,3.2603492736816406,1.6340357065200806,0.00018707885465119034,0.1980583816766739,3.211146116256714,1.7927030324935913,0.00020400003995746374,0.5610166788101196,3.382481575012207,0.8429974317550659,0.0004192875057924539,0.3108392357826233,3.3544747829437256,0.8899086713790894,0.0003211254079360515
122,squat,1,0.7057817578315735,0.3136899173259735,-1.7062221765518188,0.9983701705932617,0.7339583039283752,0.21734561026096344,-1.6014916896820068,0.9976786971092224,0.7534127831459045,0.22076529264450073,-1.6012052297592163,0.9979591965675354,0.7696135640144348,0.22537477314472198,-1.6016943454742432,0.9972144365310669,0.6610350012779236,0.19628244638442993,-1.6795564889907837,0.9983410239219666,0.6300600171089172,0.1864340752363205,-1.678869605064392,0.9988106489181519,0.6007531881332397,0.18122060596942902,-1.6791458129882812,0.9987131357192993,0.7580578327178955,0.26269155740737915,-0.9798429608345032,0.9973533153533936,0.5055935382843018,0.21559913456439972,-1.3179545402526855,0.9993841052055359,0.7202571034431458,0.4070931077003479,-1.4742236137390137,0.9985479712486267,0.6344640254974365,0.4005149006843567,-1.5719516277313232,0.9994051456451416,0.7728003263473511,0.741756796836853,-0.5216513872146606,0.9933428764343262,0.23045122623443604,0.6138333678245544,-1.0787811279296875,0.9973713755607605,0.8619142770767212,1.144655704498291,0.1995491087436676,0.13841703534126282,-0.0985279455780983,1.0598170757293701,-0.9638150334358215,0.6557608842849731,0.9066101312637329,1.5320225954055786,0.39154472947120667,0.06470263749361038,-0.1654123067855835,1.4174407720565796,-1.2763206958770752,0.15107448399066925,0.9398019909858704,1.656938076019287,0.42324796319007874,0.06940072774887085,-0.21299755573272705,1.5282140970230103,-1.37308669090271,0.12544380128383636,0.9207445383071899,1.6597349643707275,0.32699501514434814,0.09277074038982391,-0.1575070321559906,1.5275404453277588,-1.4869149923324585,0.1566915214061737,0.8923702239990234,1.6212316751480103,0.34783607721328735,0.09561515599489212,-0.13496778905391693,1.4910972118377686,-1.3310649394989014,0.17119082808494568,0.6182149052619934,1.648754358291626,0.03737877681851387,0.006640085019171238,0.23892417550086975,1.614500880241394,-0.03487898409366608,0.003969235345721245,0.5660825967788696,2.4348068237304688,0.39271998405456543,0.003095921128988266,0.2382715940475464,2.4372966289520264,0.5243481397628784,0.001974085345864296,0.5512694716453552,3.1562459468841553,1.5143767595291138,0.00043667113641276956,0.22623705863952637,3.115633487701416,1.6984599828720093,9.779442189028487e-05,0.5398484468460083,3.2636559009552,1.57615065574646,0.00018481352890376002,0.19713975489139557,3.2116739749908447,1.7956695556640625,0.0001955371699295938,0.5522316694259644,3.3879027366638184,0.7758163213729858,0.0004129403387196362,0.29663461446762085,3.3544442653656006,0.8903167843818665,0.0003101671754848212
123,squat,1,0.700507402420044,0.3229631185531616,-1.6560567617416382,0.9985241293907166,0.7316845655441284,0.23034581542015076,-1.5663617849349976,0.9978953003883362,0.7523306608200073,0.23167790472507477,-1.5657703876495361,0.9981433749198914,0.7691556215286255,0.23410677909851074,-1.565903663635254,0.9974716305732727,0.6560379862785339,0.21099209785461426,-1.6327850818634033,0.9984973073005676,0.6249613761901855,0.20120780169963837,-1.632040023803711,0.9989197254180908,0.5965209603309631,0.1949012726545334,-1.6321191787719727,0.9988320469856262,0.7576006054878235,0.2682735323905945,-0.9744083285331726,0.9975879788398743,0.5028465986251831,0.224079892039299,-1.298793911933899,0.9994400143623352,0.7150281667709351,0.42071905732154846,-1.446002721786499,0.9986861944198608,0.6276142597198486,0.4131524860858917,-1.5288869142532349,0.9994614124298096,0.771691620349884,0.7455975413322449,-0.522606372833252,0.9938499331474304,0.23033733665943146,0.616801917552948,-0.9974787831306458,0.9975600838661194,0.8672240972518921,1.1534898281097412,0.21760396659374237,0.1515539586544037,-0.05777958035469055,1.0724413394927979,-0.8159233331680298,0.6621543169021606,0.9260940551757812,1.5326186418533325,0.4774855077266693,0.06832646578550339,-0.0756528228521347,1.4537378549575806,-1.0189141035079956,0.14806638658046722,0.9723528027534485,1.653118371963501,0.5083075761795044,0.07217530906200409,-0.11066875606775284,1.5772082805633545,-1.0934845209121704,0.12253738194704056,0.9514822959899902,1.6576499938964844,0.41743773221969604,0.09605422616004944,-0.05314912274479866,1.5686969757080078,-1.2081091403961182,0.15306320786476135,0.9163345098495483,1.619813323020935,0.436260461807251,0.09969130158424377,-0.033642690628767014,1.5270919799804688,-1.0706063508987427,0.16774338483810425,0.6219877004623413,1.6382293701171875,0.025282885879278183,0.006653381045907736,0.2405821830034256,1.603054404258728,-0.02246653288602829,0.004020463675260544,0.5701305866241455,2.4183602333068848,0.24552276730537415,0.002885994501411915,0.23986239731311798,2.425222158432007,0.49557891488075256,0.0018139472231268883,0.5503050088882446,3.1437265872955322,1.182815670967102,0.00041548145236447453,0.22575032711029053,3.1047959327697754,1.6175520420074463,9.059100557351485e-05,0.5391854047775269,3.250502347946167,1.2223654985427856,0.00017676048446446657,0.1964092254638672,3.203566312789917,1.712411642074585,0.000181983457878232,0.5421444773674011,3.3814239501953125,0.4438064694404602,0.0003979490720666945,0.2812049984931946,3.3413288593292236,0.8034524917602539,0.0002948682231362909
124,squat,1,0.6969436407089233,0.32971230149269104,-1.612715482711792,0.9986621737480164,0.7301594614982605,0.23907700181007385,-1.5268381834030151,0.9980893135070801,0.7516592741012573,0.23938344419002533,-1.5262033939361572,0.9983077645301819,0.7689422369003296,0.24060378968715668,-1.526248574256897,0.99770188331604,0.6526681184768677,0.22049622237682343,-1.5894410610198975,0.9986374974250793,0.6215556859970093,0.21079887449741364,-1.5886714458465576,0.9990172982215881,0.5935807824134827,0.2039305865764618,-1.5887291431427002,0.9989387392997742,0.757184624671936,0.27266165614128113,-0.9707130193710327,0.9977968335151672,0.5008829832077026,0.23026034235954285,-1.2615453004837036,0.9994900226593018,0.711479127407074,0.43017899990081787,-1.4097236394882202,0.9988101720809937,0.6229525208473206,0.4220280051231384,-1.4874926805496216,0.9995119571685791,0.7711516618728638,0.7478158473968506,-0.5202680826187134,0.9943040013313293,0.23022308945655823,0.6178005337715149,-0.9555045366287231,0.997734010219574,0.8711617588996887,1.1587659120559692,0.22756817936897278,0.1640705168247223,-0.048859190195798874,1.0789819955825806,-0.7804695963859558,0.6685378551483154,0.9318488240242004,1.5340936183929443,0.5021207928657532,0.07155629247426987,-0.06510884314775467,1.4613864421844482,-0.9810606837272644,0.14585120975971222,0.9800182580947876,1.6533374786376953,0.5336512327194214,0.07460261881351471,-0.10013647377490997,1.5855194330215454,-1.054455280303955,0.12030012160539627,0.9578927755355835,1.6579229831695557,0.4457128047943115,0.0988837480545044,-0.0428505577147007,1.5747512578964233,-1.1687240600585938,0.15024787187576294,0.9217273592948914,1.6200883388519287,0.4622897207736969,0.1032830998301506,-0.022998008877038956,1.5330318212509155,-1.0328139066696167,0.16516798734664917,0.6234744787216187,1.6344307661056519,0.01898302137851715,0.0066762520000338554,0.24109013378620148,1.598402738571167,-0.01598084345459938,0.004082794766873121,0.5716366171836853,2.4133620262145996,0.21654832363128662,0.002696690382435918,0.24039411544799805,2.4207398891448975,0.48243266344070435,0.0016700219130143523,0.5500277876853943,3.1402382850646973,1.1366856098175049,0.00039523214218206704,0.22422459721565247,3.1017403602600098,1.589705467224121,8.405662083532661e-05,0.5387105941772461,3.24694561958313,1.1748220920562744,0.00016889565449673682,0.19581755995750427,3.2017018795013428,1.6869800090789795,0.00016957394836936146,0.5336167216300964,3.380016565322876,0.4023720622062683,0.00038402085192501545,0.2719267010688782,3.3375906944274902,0.7711408138275146,0.00028063138597644866
125,squat,1,0.6671414971351624,0.33625710010528564,-1.6374475955963135,0.9987883567810059,0.7106045484542847,0.24331273138523102,-1.5601285696029663,0.9982664585113525,0.7354594469070435,0.24332457780838013,-1.5595579147338867,0.9984618425369263,0.7573550343513489,0.2440529614686966,-1.5598082542419434,0.9979141354560852,0.6290609836578369,0.22674551606178284,-1.6064426898956299,0.9987630844116211,0.6001363396644592,0.21847377717494965,-1.6054340600967407,0.9991057515144348,0.5697532892227173,0.21175213158130646,-1.605273962020874,0.9990336298942566,0.7539042830467224,0.2768067419528961,-1.0110976696014404,0.9979944825172424,0.4796789586544037,0.23453639447689056,-1.2579638957977295,0.9995357990264893,0.6889179944992065,0.43940451741218567,-1.4359376430511475,0.9989233016967773,0.5993161201477051,0.42875006794929504,-1.4943945407867432,0.999557614326477,0.7710579633712769,0.7484175562858582,-0.5625221729278564,0.9947713017463684,0.22640788555145264,0.6186897158622742,-0.9513476490974426,0.9978915452957153,0.869709312915802,1.1661288738250732,0.18642494082450867,0.17032061517238617,-0.08458250761032104,1.0648128986358643,-0.8340840339660645,0.6772425174713135,0.9234932065010071,1.5381085872650146,0.4620778560638428,0.0741901621222496,-0.17788347601890564,1.3925740718841553,-1.14805006980896,0.14342434704303741,0.9673095941543579,1.6580721139907837,0.5132285356521606,0.07670135051012039,-0.24329932034015656,1.4971486330032349,-1.2484086751937866,0.11711917072534561,0.9395772218704224,1.6617858409881592,0.428762823343277,0.10186504572629929,-0.18881337344646454,1.479067325592041,-1.3703835010528564,0.14700572192668915,0.9039746522903442,1.622968077659607,0.4247559905052185,0.1065683588385582,-0.15540286898612976,1.4478870630264282,-1.2107691764831543,0.16252638399600983,0.6233561038970947,1.635804295539856,0.020022405311465263,0.006773521192371845,0.2408405840396881,1.598760962486267,-0.016779150813817978,0.004165456630289555,0.5711948871612549,2.4187331199645996,0.2343589812517166,0.002644541207700968,0.24024204909801483,2.4193217754364014,0.4867258667945862,0.0015830351039767265,0.5501329302787781,3.1395249366760254,1.2495758533477783,0.0003812297363765538,0.22320148348808289,3.09700870513916,1.5668020248413086,7.910242857178673e-05,0.5396922826766968,3.2471492290496826,1.2970880270004272,0.00016347078781109303,0.19834640622138977,3.197143077850342,1.6610901355743408,0.00015966796490829438,0.5269736051559448,3.3756906986236572,0.4890900254249573,0.0003644490207079798,0.269989550113678,3.335258722305298,0.7590946555137634,0.0002643774205353111
126,squat,1,0.6554019451141357,0.3409953713417053,-1.6565080881118774,0.998901903629303,0.701398491859436,0.24685636162757874,-1.5790176391601562,0.9984258413314819,0.727287232875824,0.24679869413375854,-1.5785013437271118,0.9986004829406738,0.7508350610733032,0.24725790321826935,-1.5788335800170898,0.9981051087379456,0.6189316511154175,0.2314438670873642,-1.622267723083496,0.9988759756088257,0.5906676650047302,0.22406862676143646,-1.6211769580841064,0.9991852641105652,0.5594960451126099,0.21746067702770233,-1.6209630966186523,0.9991188645362854,0.7514923214912415,0.28039470314979553,-1.025349736213684,0.9981722235679626,0.4706541895866394,0.2381175309419632,-1.257743239402771,0.9995769262313843,0.6788066029548645,0.44557276368141174,-1.4521251916885376,0.9990250468254089,0.5894501209259033,0.4334881007671356,-1.5053044557571411,0.9995986819267273,0.7709234952926636,0.7491688132286072,-0.5761244297027588,0.9951928853988647,0.22399821877479553,0.6192321181297302,-0.9534649848937988,0.9980316758155823,0.8689017295837402,1.169264316558838,0.16565942764282227,0.1758720427751541,-0.10242940485477448,1.0551354885101318,-0.8479247093200684,0.6845747828483582,0.9205163717269897,1.540299654006958,0.44650134444236755,0.07686363160610199,-0.21631209552288055,1.3585964441299438,-1.1796003580093384,0.14122170209884644,0.9630112648010254,1.661649465560913,0.5044372081756592,0.0789061188697815,-0.28571444749832153,1.455935001373291,-1.2861835956573486,0.11426994204521179,0.9322992563247681,1.6631048917770386,0.41304510831832886,0.1049845814704895,-0.23356874287128448,1.4370007514953613,-1.4113293886184692,0.14412997663021088,0.8968570828437805,1.6232695579528809,0.4132368564605713,0.10995884984731674,-0.1994463950395584,1.4091567993164062,-1.245402455329895,0.16020506620407104,0.6232210397720337,1.6362851858139038,0.020870331674814224,0.0068358490243554115,0.240640327334404,1.5986096858978271,-0.01750096306204796,0.004219710361212492,0.570855975151062,2.4216272830963135,0.25135982036590576,0.0025914974976330996,0.24026307463645935,2.4181337356567383,0.48773184418678284,0.0015022552106529474,0.5501595139503479,3.13881516456604,1.2996348142623901,0.00036786822602152824,0.22249722480773926,3.0943257808685303,1.5547564029693604,7.445698429364711e-05,0.5402647256851196,3.246899366378784,1.3497661352157593,0.0001582931581651792,0.19989091157913208,3.194457530975342,1.6464296579360962,0.00015042982704471797,0.5226936936378479,3.372865915298462,0.5398927927017212,0.00034640764351934195,0.2689903676509857,3.3334150314331055,0.753433883190155,0.00024927567574195564
127,squat,1,0.6495847105979919,0.34149959683418274,-1.8439700603485107,0.999007523059845,0.6929530501365662,0.2478691041469574,-1.742315649986267,0.998573362827301,0.7182365655899048,0.24798041582107544,-1.7419239282608032,0.9987314939498901,0.7407817840576172,0.24818654358386993,-1.7422962188720703,0.9982826709747314,0.6130319833755493,0.23340649902820587,-1.804300308227539,0.9989798665046692,0.5847954154014587,0.2268664687871933,-1.8032996654510498,0.9992601871490479,0.5526756048202515,0.22078344225883484,-1.8033702373504639,0.9991971254348755,0.740680992603302,0.2824481129646301,-1.1110414266586304,0.9983413815498352,0.4637802243232727,0.24116693437099457,-1.3828867673873901,0.9996157288551331,0.6706762313842773,0.44584891200065613,-1.6091448068618774,0.9991189241409302,0.5846012830734253,0.4340962767601013,-1.6859229803085327,0.9996363520622253,0.767113983631134,0.7500603795051575,-0.6371108293533325,0.99563068151474,0.2180618941783905,0.6330851316452026,-1.0973269939422607,0.9981502294540405,0.8753648996353149,1.1520322561264038,0.11404585838317871,0.19133058190345764,-0.17020085453987122,1.0453410148620605,-1.168043613433838,0.6963968873023987,0.9508334994316101,1.502859354019165,0.3766346573829651,0.0987192764878273,-0.3521023392677307,1.3508461713790894,-1.5925991535186768,0.13596917688846588,0.995560348033905,1.622747540473938,0.4527313709259033,0.10010579228401184,-0.4320177137851715,1.4512425661087036,-1.7092807292938232,0.10946892201900482,0.9766677021980286,1.6239672899246216,0.3439643085002899,0.13224384188652039,-0.3969162106513977,1.4307905435562134,-1.857460379600525,0.13930341601371765,0.9410908818244934,1.5892306566238403,0.3349999785423279,0.13618077337741852,-0.36422911286354065,1.402584433555603,-1.6710453033447266,0.1558058261871338,0.6230248808860779,1.6377811431884766,0.021509649232029915,0.006922030821442604,0.2404724657535553,1.603293538093567,-0.018138747662305832,0.004177671391516924,0.5724573731422424,2.427112340927124,0.4128893315792084,0.0026406969409435987,0.24581578373908997,2.4240503311157227,0.4841095805168152,0.0014729637186974287,0.5691636800765991,3.1413400173187256,1.5146949291229248,0.00037170437281019986,0.24029085040092468,3.0966577529907227,1.5606955289840698,7.176293729571626e-05,0.5658139586448669,3.249758720397949,1.5691378116607666,0.00015777921362314373,0.22397634387016296,3.1972572803497314,1.650442123413086,0.00014552615175489336,0.5345098376274109,3.375157117843628,0.7539682388305664,0.0003397609107196331,0.28891804814338684,3.333953619003296,0.7535651922225952,0.00024558865698054433
128,squat,1,0.6458735466003418,0.34200751781463623,-1.8689258098602295,0.9991023540496826,0.687891960144043,0.24831584095954895,-1.764661431312561,0.9987059235572815,0.7129929661750793,0.24853816628456116,-1.7643009424209595,0.9988491535186768,0.7350125908851624,0.24851958453655243,-1.7646896839141846,0.9984421730041504,0.6091933846473694,0.23465819656848907,-1.8286285400390625,0.9990730285644531,0.5806812047958374,0.22868968546390533,-1.8276792764663696,0.9993273615837097,0.5481708645820618,0.22303517162799835,-1.8277965784072876,0.9992672204971313,0.7348321676254272,0.28361597657203674,-1.1245375871658325,0.998492956161499,0.4592069983482361,0.24318048357963562,-1.4010883569717407,0.9996504783630371,0.6662012338638306,0.4461514353752136,-1.6309607028961182,0.9992033243179321,0.5813950300216675,0.4345904290676117,-1.710357427597046,0.999670147895813,0.7646526098251343,0.7509248852729797,-0.6512406468391418,0.9960233569145203,0.2146286964416504,0.6399663686752319,-1.1173312664031982,0.9982577562332153,0.8756806254386902,1.1492135524749756,0.08083333820104599,0.2058902382850647,-0.18741807341575623,1.0413928031921387,-1.1916359663009644,0.7073331475257874,0.956092357635498,1.4966199398040771,0.3059064745903015,0.11768864840269089,-0.3779588043689728,1.3493660688400269,-1.618814468383789,0.13136574625968933,1.0011999607086182,1.6171740293502808,0.3605429232120514,0.11791438609361649,-0.4596919119358063,1.4508546590805054,-1.7364250421524048,0.10518618673086166,0.9840250015258789,1.61874520778656,0.25398731231689453,0.15517891943454742,-0.42515984177589417,1.4311261177062988,-1.8864673376083374,0.13499553501605988,0.9486520886421204,1.5840492248535156,0.2601171135902405,0.15810637176036835,-0.3920990824699402,1.402635097503662,-1.6981172561645508,0.15185441076755524,0.6220099329948425,1.6388945579528809,0.021841775625944138,0.007067507598549128,0.2403276413679123,1.605993390083313,-0.01834126003086567,0.004176342859864235,0.5724512338638306,2.432058572769165,0.4523056447505951,0.0027063542511314154,0.24682077765464783,2.4275119304656982,0.48561549186706543,0.0014486870495602489,0.574055016040802,3.1430633068084717,1.5533032417297363,0.0003803313011303544,0.2449544370174408,3.098729133605957,1.5680009126663208,6.979653699090704e-05,0.5722745060920715,3.2516891956329346,1.6083488464355469,0.00015903526218608022,0.2300579994916916,3.1990084648132324,1.6569197177886963,0.00014231546083465219,0.5374090671539307,3.3766937255859375,0.8001970052719116,0.0003362543066032231,0.29615819454193115,3.3346030712127686,0.7580732107162476,0.00024397966626565903
129,squat,1,0.641812801361084,0.33717185258865356,-1.8815534114837646,0.9991823434829712,0.6820224523544312,0.24735309183597565,-1.7758047580718994,0.9988183975219727,0.7073615789413452,0.24898214638233185,-1.7753503322601318,0.9989474415779114,0.7286122441291809,0.24995040893554688,-1.7757571935653687,0.9985767006874084,0.6059314012527466,0.2329263836145401,-1.8396390676498413,0.9991514682769775,0.5768016576766968,0.22708143293857574,-1.8388265371322632,0.9993829131126404,0.5443201661109924,0.22197404503822327,-1.8390401601791382,0.9993256330490112,0.7287506461143494,0.2854372262954712,-1.127911925315857,0.9986205697059631,0.45370420813560486,0.24483920633792877,-1.4065039157867432,0.9996800422668457,0.6604000926017761,0.4407693147659302,-1.6399085521697998,0.9992764592170715,0.5767661929130554,0.43143871426582336,-1.719588041305542,0.9996993541717529,0.7636868953704834,0.7510679960250854,-0.6427432298660278,0.996338963508606,0.21152499318122864,0.64016193151474,-1.127875804901123,0.99834805727005,0.8749139904975891,1.161730170249939,0.00521137984469533,0.20732346177101135,-0.1945977509021759,1.0320504903793335,-1.1525771617889404,0.7151557803153992,0.9430040121078491,1.5232616662979126,0.08842979371547699,0.11356648057699203,-0.36279451847076416,1.348045825958252,-1.5659167766571045,0.12715119123458862,0.9812355041503906,1.6484893560409546,0.10209820419549942,0.1147732064127922,-0.4381747841835022,1.4485211372375488,-1.6881517171859741,0.10169649124145508,0.9573915600776672,1.6479928493499756,-0.0022460846230387688,0.1520758718252182,-0.3952406346797943,1.431974172592163,-1.8284152746200562,0.1316123902797699,0.9271852374076843,1.609885811805725,0.03619718924164772,0.15463018417358398,-0.3637836277484894,1.4031625986099243,-1.6404149532318115,0.14840954542160034,0.61635822057724,1.6394275426864624,0.02425626665353775,0.006855147425085306,0.23259451985359192,1.6065526008605957,-0.020452918484807014,0.004044473171234131,0.5650507807731628,2.4362893104553223,0.487422376871109,0.002592770615592599,0.23339946568012238,2.4286129474639893,0.44085678458213806,0.0013687193859368563,0.5621157884597778,3.143826723098755,1.6283977031707764,0.00037372519727796316,0.2263621836900711,3.100844144821167,1.5005688667297363,6.612076685996726e-05,0.5616277456283569,3.2519214153289795,1.6892478466033936,0.0001546029670862481,0.209865003824234,3.1996946334838867,1.585318922996521,0.00013536759070120752,0.5207339525222778,3.37768816947937,0.8835436105728149,0.0003237655619159341,0.2837097942829132,3.3366942405700684,0.6641842126846313,0.0002315145538887009
130,squat,1,0.6400484442710876,0.3344205617904663,-1.8789774179458618,0.9992530345916748,0.6792472004890442,0.24678324162960052,-1.7732160091400146,0.998917818069458,0.704560399055481,0.24926726520061493,-1.772756814956665,0.9990337491035461,0.7253462076187134,0.25086510181427,-1.7731720209121704,0.9986951947212219,0.6043795347213745,0.23187004029750824,-1.837232232093811,0.9992209076881409,0.5750269293785095,0.22608473896980286,-1.8364536762237549,0.999431848526001,0.542613685131073,0.22129926085472107,-1.8366920948028564,0.9993772506713867,0.72532057762146,0.286702036857605,-1.1258118152618408,0.9987328052520752,0.4512956738471985,0.24605590105056763,-1.4056679010391235,0.9997062683105469,0.6577824354171753,0.43758586049079895,-1.637457251548767,0.999341607093811,0.5747355818748474,0.42945683002471924,-1.7174657583236694,0.9997254014015198,0.7629518508911133,0.7512235045433044,-0.6382314562797546,0.9966132044792175,0.20960888266563416,0.6403786540031433,-1.126403570175171,0.9984269738197327,0.8744182586669922,1.17085862159729,-0.006663746200501919,0.20773586630821228,-0.19210122525691986,1.031018853187561,-1.133408784866333,0.7214158773422241,0.9320470094680786,1.5401166677474976,0.0674561858177185,0.10886367410421371,-0.3459396958351135,1.349874496459961,-1.5392216444015503,0.12341979146003723,0.9670310020446777,1.6670949459075928,0.07713659107685089,0.11080397665500641,-0.4174887239933014,1.450148344039917,-1.6614582538604736,0.09855444729328156,0.9406817555427551,1.666176438331604,-0.026197189465165138,0.14768433570861816,-0.37195703387260437,1.4397940635681152,-1.7983659505844116,0.12847758829593658,0.9128633737564087,1.6263351440429688,0.015074248425662518,0.1500123292207718,-0.3415775001049042,1.4116371870040894,-1.6118371486663818,0.14515560865402222,0.6135714054107666,1.6398786306381226,0.025479555130004883,0.00663541816174984,0.22853748500347137,1.6070048809051514,-0.021536769345402718,0.003916122484952211,0.5624538660049438,2.43854022026062,0.4867202341556549,0.002467668615281582,0.22756171226501465,2.429368495941162,0.42406630516052246,0.0012873457744717598,0.5568352341651917,3.144540548324585,1.6280378103256226,0.0003651772567536682,0.21859610080718994,3.102297782897949,1.4799104928970337,6.257425411604345e-05,0.5566791892051697,3.2521212100982666,1.689186692237854,0.00014988255861680955,0.20122627913951874,3.2005600929260254,1.5639327764511108,0.0001286680781049654,0.5146159529685974,3.3784759044647217,0.8843196034431458,0.00031143284286372364,0.2789086401462555,3.3377673625946045,0.6418066024780273,0.00021981705504003912
131,squat,1,0.6339967846870422,0.3199893534183502,-1.8566697835922241,0.9993217587471008,0.6722830533981323,0.2283181995153427,-1.7520090341567993,0.999012291431427,0.6985920667648315,0.2319592535495758,-1.751580834388733,0.9991191625595093,0.7201069593429565,0.23458647727966309,-1.7519394159317017,0.9988093376159668,0.5972855687141418,0.21223793923854828,-1.8142025470733643,0.9992866516113281,0.5656120777130127,0.2068192958831787,-1.813410758972168,0.9994799494743347,0.531914472579956,0.20294207334518433,-1.813672423362732,0.9994256496429443,0.7225810289382935,0.26948311924934387,-1.1178486347198486,0.9988419413566589,0.4409797787666321,0.24022237956523895,-1.3878028392791748,0.999731719493866,0.6555393934249878,0.4159170985221863,-1.6213573217391968,0.9994028210639954,0.5685343742370605,0.41236379742622375,-1.6980009078979492,0.9997499585151672,0.7629603147506714,0.7520760893821716,-0.6499379873275757,0.9968952536582947,0.2055417001247406,0.641465961933136,-1.131777048110962,0.9985042810440063,0.8609384298324585,1.056094765663147,-0.05768691748380661,0.20664240419864655,-0.21746826171875,1.0310657024383545,-1.197176456451416,0.7279478311538696,0.9351348876953125,1.5358792543411255,-0.006086374633014202,0.10931534320116043,-0.39127710461616516,1.3500086069107056,-1.5980724096298218,0.11636266112327576,0.97173011302948,1.6611080169677734,0.008614175952970982,0.11268425732851028,-0.4666355550289154,1.451492428779602,-1.7119596004486084,0.0926402360200882,0.9494397044181824,1.6582356691360474,-0.0870678573846817,0.15129220485687256,-0.4306257367134094,1.4399994611740112,-1.8459587097167969,0.12148720771074295,0.9203019142150879,1.618408441543579,-0.055019427090883255,0.15276236832141876,-0.4004916250705719,1.411315679550171,-1.6703840494155884,0.13781414926052094,0.6147364377975464,1.6403377056121826,0.025601675733923912,0.006481784861534834,0.2285759449005127,1.613295316696167,-0.021587390452623367,0.0037973264697939157,0.5685361623764038,2.4414010047912598,0.4821789264678955,0.002408125903457403,0.2297072857618332,2.4336612224578857,0.43851572275161743,0.0012310703750699759,0.5728676915168762,3.146395444869995,1.6248680353164673,0.00036107475170865655,0.23045916855335236,3.10383939743042,1.5531023740768433,5.965103264315985e-05,0.5744909048080444,3.2541353702545166,1.6852890253067017,0.00014649743388872594,0.2164248526096344,3.200885534286499,1.6442108154296875,0.00012251375301275402,0.5302029848098755,3.378891944885254,0.8730802536010742,0.00030216886079870164,0.2905226945877075,3.342775821685791,0.7245690226554871,0.00021216894674580544
132,squat,1,0.6312480568885803,0.3150985538959503,-1.8406240940093994,0.999382734298706,0.6687315702438354,0.2228488028049469,-1.7369552850723267,0.9990960955619812,0.6952332854270935,0.22668881714344025,-1.736520767211914,0.9991944432258606,0.7168070077896118,0.22956548631191254,-1.7368791103363037,0.9989104866981506,0.5944181680679321,0.2066710889339447,-1.7989238500595093,0.9993453025817871,0.5620654821395874,0.20141753554344177,-1.7981380224227905,0.9995225071907043,0.5283838510513306,0.1979922652244568,-1.7983932495117188,0.9994691014289856,0.720131516456604,0.26419007778167725,-1.1098030805587769,0.9989382028579712,0.43724074959754944,0.23925860226154327,-1.3779866695404053,0.9997541904449463,0.6542633175849915,0.40908700227737427,-1.6079505681991577,0.9994574785232544,0.5661851763725281,0.4068891704082489,-1.6842033863067627,0.9997718930244446,0.7630771994590759,0.7527017593383789,-0.6487697958946228,0.9971494078636169,0.20386119186878204,0.6437873840332031,-1.1258060932159424,0.9985851645469666,0.8544234037399292,1.0333377122879028,-0.05272911861538887,0.20700152218341827,-0.21242360770702362,1.032331943511963,-1.1760761737823486,0.7328203916549683,0.9360069036483765,1.535211443901062,0.016298025846481323,0.1079782173037529,-0.375261127948761,1.3540047407150269,-1.5621216297149658,0.1103941947221756,0.9735978841781616,1.6597410440444946,0.031976886093616486,0.11216669529676437,-0.447812557220459,1.4595214128494263,-1.6740459203720093,0.08757347613573074,0.952440083026886,1.6567018032073975,-0.06365491449832916,0.15172560513019562,-0.4099756181240082,1.4467010498046875,-1.8059837818145752,0.11552329361438751,0.9231516718864441,1.6167080402374268,-0.0326780341565609,0.1526409387588501,-0.38080650568008423,1.415656328201294,-1.632981538772583,0.13149406015872955,0.6166892051696777,1.6409863233566284,0.02562147006392479,0.0063123940490186214,0.22931845486164093,1.615731954574585,-0.021553978323936462,0.003691568272188306,0.5756008625030518,2.441760301589966,0.4762313961982727,0.0023131370544433594,0.2337999790906906,2.4351418018341064,0.43896499276161194,0.0011637832503765821,0.5829708576202393,3.1470227241516113,1.614067792892456,0.0003502191393636167,0.24023330211639404,3.105407953262329,1.551363229751587,5.640733434120193e-05,0.5846466422080994,3.255042552947998,1.6746597290039062,0.00014138640835881233,0.22781598567962646,3.2014122009277344,1.641478180885315,0.00011572500807233155,0.5412033200263977,3.3791794776916504,0.8661736249923706,0.00029100250685587525,0.2988477349281311,3.3458638191223145,0.7268760204315186,0.00020274087728466839
133,squat,1,0.6258183717727661,0.30693429708480835,-1.834157943725586,0.9994297027587891,0.659180760383606,0.20865562558174133,-1.7275062799453735,0.9991632699966431,0.6842072010040283,0.21200433373451233,-1.7271000146865845,0.9992493391036987,0.7068861722946167,0.2147548347711563,-1.7274396419525146,0.998990535736084,0.5853379368782043,0.19680334627628326,-1.7932411432266235,0.9993935823440552,0.5532636046409607,0.19386626780033112,-1.7925583124160767,0.9995546340942383,0.5187169313430786,0.19237582385540009,-1.7928645610809326,0.9995039701461792,0.7060097455978394,0.25045281648635864,-1.106077790260315,0.9990150332450867,0.4280382990837097,0.23764224350452423,-1.3856818675994873,0.9997715353965759,0.6502407789230347,0.3974815607070923,-1.6010797023773193,0.9995025396347046,0.5634822249412537,0.3983553946018219,-1.6855409145355225,0.9997892379760742,0.7558048963546753,0.7343202829360962,-0.6376798152923584,0.9973323941230774,0.19645965099334717,0.6661741733551025,-1.1714706420898438,0.9985513091087341,0.8512113690376282,1.013256311416626,-0.021586384624242783,0.20333795249462128,-0.20284518599510193,1.0594236850738525,-1.2638477087020874,0.7319507598876953,0.9543819427490234,1.504867672920227,0.06484101712703705,0.1050172820687294,-0.291995644569397,1.3765065670013428,-1.6186726093292236,0.1101439818739891,1.0029165744781494,1.6213191747665405,0.08140714466571808,0.11016693711280823,-0.33689406514167786,1.474286675453186,-1.7243945598602295,0.08650988340377808,0.9822629690170288,1.6214109659194946,-0.012445585802197456,0.14972087740898132,-0.2942501902580261,1.4652308225631714,-1.8526451587677002,0.1145402044057846,0.9499341249465942,1.589369297027588,0.01641244813799858,0.15110622346401215,-0.2758767008781433,1.4373313188552856,-1.6852266788482666,0.131398543715477,0.6259756088256836,1.6435801982879639,0.04327433183789253,0.006082745268940926,0.2355145514011383,1.6365225315093994,-0.03986732289195061,0.0035122730769217014,0.5977879762649536,2.442194700241089,0.5026160478591919,0.002143185120075941,0.24821272492408752,2.450723886489868,0.41120782494544983,0.001075274427421391,0.6117082238197327,3.1478772163391113,1.6707983016967773,0.0003325824800413102,0.27057945728302,3.1189141273498535,1.4905701875686646,5.227602014201693e-05,0.6116311550140381,3.260077714920044,1.7341115474700928,0.0001338856527581811,0.24754038453102112,3.2159342765808105,1.5793850421905518,0.00010735034447861835,0.6115739941596985,3.3791050910949707,0.9429751634597778,0.00027863317518495023,0.3781074285507202,3.35304856300354,0.6751143336296082,0.0001913055602926761
134,squat,1,0.6227562427520752,0.3007930517196655,-1.828675627708435,0.9994719624519348,0.6566294431686401,0.202273890376091,-1.7256447076797485,0.9992229342460632,0.682091474533081,0.20690090954303741,-1.7251590490341187,0.9992973804473877,0.7042770385742188,0.2104770541191101,-1.7256286144256592,0.9990610480308533,0.582834780216217,0.1880958080291748,-1.7907155752182007,0.9994363188743591,0.5504781007766724,0.18449775874614716,-1.789960503578186,0.9995821118354797,0.5164603590965271,0.1820891946554184,-1.7901767492294312,0.9995343685150146,0.7045162320137024,0.24616768956184387,-1.0965200662612915,0.9990811944007874,0.42644697427749634,0.2264576107263565,-1.3769752979278564,0.9997863173484802,0.6471956968307495,0.3912438154220581,-1.5958739519119263,0.9995426535606384,0.5606242418289185,0.39016497135162354,-1.679738998413086,0.9998048543930054,0.7546128630638123,0.726319432258606,-0.6107677817344666,0.9974724054336548,0.1932123303413391,0.6734632849693298,-1.1507887840270996,0.9985121488571167,0.8506542444229126,1.0056915283203125,0.012864010408520699,0.19846056401729584,-0.17331865429878235,1.0894168615341187,-1.2206705808639526,0.7312196493148804,0.9629908800125122,1.4762948751449585,0.09305725991725922,0.10140492022037506,-0.2409793585538864,1.4171708822250366,-1.6056668758392334,0.109446682035923,1.0170210599899292,1.5880872011184692,0.11302755773067474,0.10711211711168289,-0.2844724655151367,1.5193723440170288,-1.717354416847229,0.08512744307518005,0.9961140751838684,1.5882092714309692,0.018418345600366592,0.14622919261455536,-0.23809905350208282,1.5089794397354126,-1.8484716415405273,0.11319561302661896,0.9610528945922852,1.5596684217453003,0.04556403309106827,0.14790312945842743,-0.2175617665052414,1.4791066646575928,-1.6736564636230469,0.13053655624389648,0.6354549527168274,1.6475354433059692,0.04581328481435776,0.0058838976547122,0.2415463626384735,1.6480108499526978,-0.042307253926992416,0.003352859988808632,0.6125706434249878,2.442436933517456,0.49088263511657715,0.002018510829657316,0.260684609413147,2.459782600402832,0.4156661033630371,0.0010039519984275103,0.6275510787963867,3.1510210037231445,1.6326106786727905,0.0003185671812389046,0.2856176495552063,3.126622438430786,1.5237438678741455,4.878671097685583e-05,0.6264457702636719,3.2668306827545166,1.6926240921020508,0.00012797905947081745,0.26217973232269287,3.2245469093322754,1.6149036884307861,0.00010031281999545172,0.6267971992492676,3.3798506259918213,0.8992449045181274,0.0002692424168344587,0.39302754402160645,3.359637498855591,0.7118203043937683,0.00018162144988309592
135,squat,1,0.6049078702926636,0.2811591923236847,-1.7324680089950562,0.9994922876358032,0.63467937707901,0.18256446719169617,-1.6129462718963623,0.9992546439170837,0.6597445011138916,0.1861054003238678,-1.612882375717163,0.9993196129798889,0.6841380000114441,0.18938127160072327,-1.6132538318634033,0.9990977048873901,0.562035858631134,0.17426452040672302,-1.6737312078475952,0.9994538426399231,0.5309626460075378,0.17316296696662903,-1.673135757446289,0.9995893836021423,0.49700284004211426,0.17329588532447815,-1.6736786365509033,0.9995411038398743,0.6908736824989319,0.23040011525154114,-0.9678082466125488,0.9991168975830078,0.41569486260414124,0.22456024587154388,-1.2216112613677979,0.9997903108596802,0.6329842805862427,0.374959796667099,-1.5010498762130737,0.9995701313018799,0.5462251305580139,0.37570086121559143,-1.5745893716812134,0.9998123645782471,0.7522249817848206,0.7216703295707703,-0.528944730758667,0.9975498914718628,0.19210897386074066,0.6786224246025085,-0.9958375096321106,0.9983811378479004,0.8491719961166382,1.0062967538833618,0.005219927988946438,0.19801709055900574,-0.15797147154808044,1.1068347692489624,-1.0246384143829346,0.7276132702827454,0.961739182472229,1.4799914360046387,-0.053251802921295166,0.0955207422375679,-0.23208674788475037,1.4384275674819946,-1.4463106393814087,0.10416609793901443,1.0125938653945923,1.595901608467102,-0.0633852556347847,0.1007026955485344,-0.2754196226596832,1.5480175018310547,-1.5628024339675903,0.08063340187072754,0.9906193017959595,1.5965571403503418,-0.16331014037132263,0.1380181610584259,-0.22961609065532684,1.5431711673736572,-1.6965053081512451,0.10759710520505905,0.957269012928009,1.564138412475586,-0.1077970638871193,0.13951021432876587,-0.21006330847740173,1.5074119567871094,-1.5168150663375854,0.12416964769363403,0.6370992064476013,1.6544184684753418,0.024888161569833755,0.005624705459922552,0.24454990029335022,1.6532566547393799,-0.02091844566166401,0.003194970078766346,0.6151654124259949,2.4463412761688232,0.33330804109573364,0.0019049153197556734,0.2629314661026001,2.4629900455474854,0.4030413031578064,0.0009399307309649885,0.6274921894073486,3.157928228378296,1.4233324527740479,0.00031241754186339676,0.2859730124473572,3.1359660625457764,1.4303902387619019,4.686874308390543e-05,0.6297486424446106,3.275757312774658,1.4755313396453857,0.00012651779979933053,0.264854371547699,3.235654592514038,1.5097639560699463,9.820419654715806e-05,0.6139358282089233,3.3814218044281006,0.6356102824211121,0.0002637072466313839,0.3835234045982361,3.371863603591919,0.5904086828231812,0.0001766472269082442
136,squat,1,0.5992330312728882,0.27133670449256897,-1.7677520513534546,0.999504804611206,0.629004955291748,0.1715899407863617,-1.6361440420150757,0.9992842674255371,0.6542165875434875,0.17489556968212128,-1.6365066766738892,0.9993340373039246,0.6793584227561951,0.17831294238567352,-1.6371896266937256,0.9991316795349121,0.5561257004737854,0.16432121396064758,-1.7013990879058838,0.9994711875915527,0.525347113609314,0.16325066983699799,-1.7009061574935913,0.9995936751365662,0.4911448061466217,0.16365469992160797,-1.7017771005630493,0.9995495080947876,0.6867590546607971,0.22027181088924408,-0.9919127225875854,0.9991477727890015,0.4115726947784424,0.21563927829265594,-1.2547967433929443,0.999793529510498,0.6280531287193298,0.3675038516521454,-1.5237959623336792,0.9995959401130676,0.5418865084648132,0.3678082823753357,-1.6014490127563477,0.9998192191123962,0.7512171864509583,0.7189409136772156,-0.5437695384025574,0.9975631833076477,0.19012171030044556,0.677866518497467,-1.015206217765808,0.9982041716575623,0.8491058349609375,1.0061051845550537,0.010268112644553185,0.19806283712387085,-0.1647663116455078,1.102244257926941,-1.0041722059249878,0.7309414148330688,0.9661780595779419,1.4821553230285645,0.01688585802912712,0.09111734479665756,-0.24102774262428284,1.428967833518982,-1.4078171253204346,0.10029914230108261,1.0125010013580322,1.599305272102356,0.02105080895125866,0.09542308002710342,-0.28109052777290344,1.5367060899734497,-1.5231157541275024,0.07680148631334305,0.9908478856086731,1.5986913442611694,-0.0798758864402771,0.13123571872711182,-0.2351580411195755,1.5302540063858032,-1.6522648334503174,0.10290689021348953,0.95924311876297,1.5638049840927124,-0.03538242727518082,0.13271792232990265,-0.218560129404068,1.4965425729751587,-1.4748622179031372,0.11858706176280975,0.6364424228668213,1.661766767501831,-0.00390976807102561,0.005492852535098791,0.24443504214286804,1.656368613243103,0.007826007902622223,0.003110729856416583,0.6122420430183411,2.4520442485809326,0.24845018982887268,0.001842048135586083,0.2621226906776428,2.46805477142334,0.4933505058288574,0.0009001686121337116,0.6211069822311401,3.1673591136932373,1.3595497608184814,0.00030783479451201856,0.28043699264526367,3.1453747749328613,1.6169573068618774,4.5349941501626745e-05,0.623162031173706,3.284550189971924,1.41342031955719,0.00012417102698236704,0.2600291073322296,3.2447993755340576,1.7070376873016357,9.707998106023297e-05,0.6058985590934753,3.387981653213501,0.5286176204681396,0.0002584016474429518,0.3714316487312317,3.386749267578125,0.7508518099784851,0.0001753221731632948
137,squat,1,0.5920140147209167,0.25989970564842224,-1.771998405456543,0.9995212554931641,0.6190389394760132,0.1613568216562271,-1.6450297832489014,0.9993129372596741,0.6428778171539307,0.1632186621427536,-1.6451671123504639,0.9993523955345154,0.6663757562637329,0.16513460874557495,-1.6457757949829102,0.9991632699966431,0.5494555830955505,0.15626248717308044,-1.7104469537734985,0.9994872808456421,0.5195409059524536,0.15539072453975677,-1.7098615169525146,0.9995985627174377,0.485545814037323,0.15647189319133759,-1.7105433940887451,0.9995561838150024,0.674903929233551,0.20602336525917053,-0.9875668287277222,0.9991699457168579,0.40789875388145447,0.21059522032737732,-1.2562779188156128,0.9997970461845398,0.6196936368942261,0.35691431164741516,-1.5289397239685059,0.9996128678321838,0.5347834229469299,0.3578786551952362,-1.607572317123413,0.9998233318328857,0.7481247186660767,0.7140215635299683,-0.5426012277603149,0.9975166320800781,0.18649834394454956,0.6767004728317261,-1.002314805984497,0.9978631734848022,0.8490321040153503,1.0083081722259521,-0.12434172630310059,0.19141146540641785,-0.20303532481193542,1.0832626819610596,-1.0343730449676514,0.7346566915512085,0.9639023542404175,1.4859802722930908,-0.3465949594974518,0.08684302121400833,-0.24619802832603455,1.3949743509292603,-1.479486346244812,0.09942999482154846,1.0105164051055908,1.6118016242980957,-0.3939899802207947,0.09058630466461182,-0.2801975607872009,1.5057123899459839,-1.6084314584732056,0.07459674775600433,0.9889715909957886,1.6112202405929565,-0.49131911993026733,0.12517820298671722,-0.2276461124420166,1.4967442750930786,-1.7187392711639404,0.10062793642282486,0.9572787284851074,1.571616291999817,-0.40527433156967163,0.12679263949394226,-0.21601025760173798,1.4638962745666504,-1.5387715101242065,0.115935318171978,0.6358581185340881,1.66440749168396,-0.008414835669100285,0.0052297161892056465,0.2498365193605423,1.6696768999099731,0.012966303154826164,0.002950091380625963,0.6132047772407532,2.459584951400757,0.23935873806476593,0.0017507292795926332,0.26112470030784607,2.474266529083252,0.4848548471927643,0.0008390528964810073,0.619040846824646,3.178852081298828,1.3220206499099731,0.0002966732135973871,0.27728402614593506,3.1556341648101807,1.5447388887405396,4.243253715685569e-05,0.6227530837059021,3.3004112243652344,1.3745572566986084,0.00012179585610283539,0.2574484646320343,3.25925874710083,1.6269900798797607,9.270875307265669e-05,0.6013690829277039,3.4015414714813232,0.5106981992721558,0.0002446044818498194,0.36513587832450867,3.404459238052368,0.6826872229576111,0.00016626720025669783
138,squat,1,0.5860057473182678,0.25521084666252136,-1.771348237991333,0.9995440244674683,0.613909900188446,0.15821979939937592,-1.6453663110733032,0.9993492364883423,0.6381086707115173,0.16025477647781372,-1.645419716835022,0.9993802905082703,0.6618717908859253,0.162246972322464,-1.6458537578582764,0.9992052316665649,0.5437636375427246,0.15269646048545837,-1.7059383392333984,0.9995102882385254,0.5139089822769165,0.15178273618221283,-1.7053600549697876,0.999609649181366,0.4801345467567444,0.15319377183914185,-1.7059571743011475,0.999569833278656,0.6723564863204956,0.20284011960029602,-0.9689399600028992,0.9992048144340515,0.40431642532348633,0.20823101699352264,-1.209035873413086,0.9998036623001099,0.61326003074646,0.35352376103401184,-1.5249358415603638,0.9996342062950134,0.5269423723220825,0.354411244392395,-1.596372365951538,0.9998308420181274,0.746516227722168,0.7098484635353088,-0.5265718102455139,0.9975351691246033,0.18505215644836426,0.6762239933013916,-0.9333556890487671,0.9976723194122314,0.8490667343139648,1.010164737701416,-0.21868057548999786,0.18469375371932983,-0.20858809351921082,1.0777827501296997,-1.0191518068313599,0.7402252554893494,0.9628918766975403,1.4876821041107178,-0.5971871018409729,0.0832587406039238,-0.24102358520030975,1.3798240423202515,-1.5404988527297974,0.09980074316263199,1.0116842985153198,1.618299126625061,-0.6855477094650269,0.08615755289793015,-0.2689889967441559,1.4958992004394531,-1.6824042797088623,0.07295169681310654,0.9871584177017212,1.6159820556640625,-0.7836316823959351,0.11954628676176071,-0.21204033493995667,1.48029363155365,-1.7943528890609741,0.09920457005500793,0.955944836139679,1.5738756656646729,-0.6614564657211304,0.12140607088804245,-0.20199689269065857,1.446567177772522,-1.6030919551849365,0.11441917717456818,0.6362432241439819,1.6657111644744873,-0.012714184820652008,0.005012533627450466,0.25267037749290466,1.6758266687393188,0.01806775853037834,0.0028263828717172146,0.6178432703018188,2.4647390842437744,0.21718557178974152,0.0016564733814448118,0.26040565967559814,2.479649543762207,0.49567168951034546,0.0007768895593471825,0.6196679472923279,3.1885759830474854,1.2803192138671875,0.00028130412101745605,0.2751212418079376,3.16508412361145,1.5533006191253662,3.926975841750391e-05,0.6246641278266907,3.314466953277588,1.3313965797424316,0.00011761073983507231,0.2555371820926666,3.27274489402771,1.6370502710342407,8.745834929868579e-05,0.5981720089912415,3.412972927093506,0.4659876823425293,0.00022797756537329406,0.3613719642162323,3.4182519912719727,0.6941481828689575,0.00015559625171590596
139,squat,1,0.5810085535049438,0.25376155972480774,-1.7298452854156494,0.9995768666267395,0.6103854179382324,0.15815316140651703,-1.6039127111434937,0.9993956089019775,0.6347618103027344,0.16068491339683533,-1.6039972305297852,0.9994229078292847,0.6584707498550415,0.16330789029598236,-1.604249358177185,0.9992610216140747,0.539781391620636,0.1515509933233261,-1.656304121017456,0.9995412230491638,0.5101123452186584,0.15027876198291779,-1.6556932926177979,0.999630331993103,0.4764139652252197,0.15153910219669342,-1.6561737060546875,0.9995916485786438,0.6698514223098755,0.202924445271492,-0.9286659359931946,0.9992539286613464,0.40058547258377075,0.20626284182071686,-1.1350417137145996,0.9998125433921814,0.6078718304634094,0.35269981622695923,-1.4856431484222412,0.9996612668037415,0.5212821960449219,0.35321298241615295,-1.5450003147125244,0.9998413324356079,0.7448510527610779,0.7111151814460754,-0.5280019044876099,0.9976142048835754,0.1802743673324585,0.6759423017501831,-0.8705016374588013,0.9976223111152649,0.8499243855476379,1.0162216424942017,-0.47949156165122986,0.17901216447353363,-0.18888887763023376,1.1176016330718994,-0.8941949009895325,0.7388118505477905,0.9621683955192566,1.5089237689971924,-1.136462926864624,0.07888440787792206,-0.241856187582016,1.4454506635665894,-1.405420184135437,0.09805451333522797,1.0116689205169678,1.6457866430282593,-1.2732239961624146,0.08121506124734879,-0.27775490283966064,1.5658042430877686,-1.5408775806427002,0.07048223912715912,0.9819949269294739,1.6488186120986938,-1.3615014553070068,0.11328635364770889,-0.22400280833244324,1.562294602394104,-1.6810823678970337,0.09671585261821747,0.9483610987663269,1.6031259298324585,-1.2054429054260254,0.11513268947601318,-0.20959284901618958,1.5238372087478638,-1.479854941368103,0.11169171333312988,0.6362095475196838,1.6781662702560425,-0.023044927045702934,0.004882344044744968,0.24840667843818665,1.6813803911209106,0.028939763084053993,0.0027535667177289724,0.6162985563278198,2.4811367988586426,0.25934427976608276,0.001610840205103159,0.25864744186401367,2.4904191493988037,0.5776945352554321,0.000734155357349664,0.618375301361084,3.2018353939056396,1.342456579208374,0.0002757442416623235,0.2707974314689636,3.1747260093688965,1.6985355615615845,3.706077404785901e-05,0.6221010684967041,3.3320069313049316,1.3958433866500854,0.00011941788397962227,0.25085538625717163,3.286475896835327,1.789205551147461,8.566047472413629e-05,0.5859810709953308,3.4287731647491455,0.5442124605178833,0.0002162684395443648,0.3591997027397156,3.432420015335083,0.8695341348648071,0.00014826022379565984
140,squat,1,0.5764878988265991,0.2506853938102722,-1.661543607711792,0.9995781183242798,0.6071135401725769,0.15752890706062317,-1.5424810647964478,0.9993959665298462,0.6317787170410156,0.16069583594799042,-1.5425760746002197,0.9994209408760071,0.6556734442710876,0.16397801041603088,-1.5429280996322632,0.9992631077766418,0.5365378856658936,0.149525985121727,-1.5918439626693726,0.999528169631958,0.5071921348571777,0.14775831997394562,-1.591152548789978,0.9996106624603271,0.4739181101322174,0.14877228438854218,-1.591670274734497,0.9995676875114441,0.6687905192375183,0.20432545244693756,-0.8948790431022644,0.999248743057251,0.3986920118331909,0.2035425752401352,-1.092955470085144,0.9998003840446472,0.6029858589172363,0.35042908787727356,-1.4277496337890625,0.9996702075004578,0.5174567103385925,0.3488302528858185,-1.4838508367538452,0.9998401403427124,0.7431641221046448,0.7108418345451355,-0.5134824514389038,0.9976358413696289,0.17815308272838593,0.6709372997283936,-0.8366729021072388,0.9974814057350159,0.8510037660598755,1.0200307369232178,-0.3330179452896118,0.17697674036026,-0.1938437968492508,1.1060956716537476,-0.8418890237808228,0.7426219582557678,0.9618803858757019,1.5169298648834229,-0.7476590871810913,0.07392904907464981,-0.27491122484207153,1.439937710762024,-1.288849115371704,0.09424874186515808,1.0105520486831665,1.6589380502700806,-0.832757830619812,0.07557293772697449,-0.3229653537273407,1.5542045831680298,-1.402563214302063,0.06678695976734161,0.9760117530822754,1.6636500358581543,-0.9209718704223633,0.10578205436468124,-0.26886099576950073,1.5473617315292358,-1.5400769710540771,0.09214741736650467,0.9431284666061401,1.615149736404419,-0.8088253736495972,0.10752885788679123,-0.24922284483909607,1.5107204914093018,-1.3616828918457031,0.10665209591388702,0.6345542669296265,1.677775263786316,-0.026007037609815598,0.004700886085629463,0.2419024407863617,1.680920124053955,0.03182876110076904,0.0026467579882591963,0.6147465109825134,2.4803030490875244,0.24708907306194305,0.0016038069734349847,0.2531089186668396,2.489640951156616,0.550597071647644,0.0007111528539098799,0.6123177409172058,3.2004270553588867,1.2992180585861206,0.000277497514616698,0.2620421051979065,3.1730854511260986,1.6671545505523682,3.6169392842566594e-05,0.6185730695724487,3.3282828330993652,1.349604606628418,0.00012345932191237807,0.24185149371623993,3.2822072505950928,1.765503168106079,8.890958997653797e-05,0.5667346715927124,3.427149772644043,0.5029086470603943,0.0002078315883409232,0.3502510190010071,3.4279818534851074,0.8311293721199036,0.0001432253047823906
141,squat,1,0.571748673915863,0.2524053752422333,-1.6263294219970703,0.9995939135551453,0.6009924411773682,0.15989801287651062,-1.511231780052185,0.9994218349456787,0.625507652759552,0.1630651354789734,-1.5113941431045532,0.9994432330131531,0.648601233959198,0.1662653386592865,-1.5118495225906372,0.9992958307266235,0.5314593315124512,0.15166553854942322,-1.550288438796997,0.999536395072937,0.5018781423568726,0.14978761970996857,-1.5496690273284912,0.9996106028556824,0.46928539872169495,0.15053696930408478,-1.5501844882965088,0.9995673298835754,0.6615490913391113,0.20655947923660278,-0.8681217432022095,0.9992810487747192,0.39588379859924316,0.20443867146968842,-1.0234211683273315,0.9997983574867249,0.5968624353408813,0.3515852689743042,-1.393289566040039,0.9996901750564575,0.5125634074211121,0.3504718542098999,-1.4372884035110474,0.9998461008071899,0.7408450841903687,0.7108088731765747,-0.5138090252876282,0.9977506399154663,0.17732098698616028,0.6707937121391296,-0.7353655099868774,0.9974324107170105,0.8494074940681458,1.0218231678009033,-0.46727925539016724,0.18072104454040527,-0.18269720673561096,1.1088404655456543,-0.8086117506027222,0.7354171872138977,0.942879855632782,1.5773478746414185,-1.0865939855575562,0.07003433257341385,-0.24705831706523895,1.4336521625518799,-1.2990996837615967,0.09065738320350647,0.9918959736824036,1.7293524742126465,-1.2274624109268188,0.0713915079832077,-0.28635066747665405,1.5468088388442993,-1.4986159801483154,0.06397949159145355,0.9391751289367676,1.7336713075637817,-1.3174347877502441,0.10068346560001373,-0.23385223746299744,1.539453148841858,-1.6296722888946533,0.08906545490026474,0.9087045788764954,1.6779669523239136,-1.1532001495361328,0.10203211009502411,-0.21678245067596436,1.5039180517196655,-1.3924342393875122,0.10287494957447052,0.6304470896720886,1.6802213191986084,-0.047857314348220825,0.004472666420042515,0.23930425941944122,1.6790707111358643,0.05377771705389023,0.002533428370952606,0.6061819195747375,2.490370988845825,0.21175524592399597,0.0015917307464405894,0.24593579769134521,2.491946220397949,0.4624195992946625,0.0006849903147667646,0.5969565510749817,3.2104718685150146,1.2914936542510986,0.00028355346876196563,0.25206586718559265,3.1822268962860107,1.4211074113845825,3.574538277462125e-05,0.6044926643371582,3.338095188140869,1.3452174663543701,0.00012549392704386264,0.23346860706806183,3.2931301593780518,1.4950278997421265,9.067708742804825e-05,0.5455414056777954,3.4353294372558594,0.5043938159942627,0.00020151588250882924,0.3304581046104431,3.4363174438476562,0.5674288868904114,0.00013963767560198903
142,squat,1,0.5678364038467407,0.2535577714443207,-1.600088357925415,0.999613881111145,0.597364068031311,0.16164091229438782,-1.4844352006912231,0.9994537830352783,0.6218852996826172,0.16485053300857544,-1.4845983982086182,0.9994710683822632,0.6447826027870178,0.1680406779050827,-1.485007405281067,0.9993348121643066,0.5284522771835327,0.15317504107952118,-1.519830584526062,0.9995538592338562,0.4988173842430115,0.15121765434741974,-1.5191699266433716,0.999620258808136,0.4666512906551361,0.1517917364835739,-1.5196391344070435,0.9995786547660828,0.6585099697113037,0.20798876881599426,-0.8368698358535767,0.9993195533752441,0.3943875730037689,0.2050897479057312,-0.9767840504646301,0.9998010993003845,0.5924981832504272,0.35263171792030334,-1.3660457134246826,0.9997102618217468,0.5086466073989868,0.35142096877098083,-1.4057013988494873,0.9998530149459839,0.7396118640899658,0.7105673551559448,-0.49591732025146484,0.9978352785110474,0.1769300103187561,0.6706163883209229,-0.6819686889648438,0.997368574142456,0.8485710024833679,1.0228675603866577,-0.4696829319000244,0.1817426085472107,-0.15192678570747375,1.1217809915542603,-0.7950321435928345,0.7230836749076843,0.9302377700805664,1.5937530994415283,-1.1021932363510132,0.06683354824781418,-0.20867183804512024,1.4284605979919434,-1.486844778060913,0.08820641785860062,0.9776371717453003,1.7441952228546143,-1.2524964809417725,0.06804253906011581,-0.24431128799915314,1.5359629392623901,-1.6760988235473633,0.06248406693339348,0.9205037951469421,1.7465680837631226,-1.3413861989974976,0.09671633690595627,-0.19441524147987366,1.5201046466827393,-1.804929494857788,0.0879862830042839,0.8906856775283813,1.6914037466049194,-1.1696836948394775,0.0978519544005394,-0.17780765891075134,1.485658884048462,-1.5714318752288818,0.10120600461959839,0.6293154954910278,1.683252215385437,-0.05986551195383072,0.0042410846799612045,0.2388075292110443,1.6786377429962158,0.06598114222288132,0.0024200002662837505,0.6045997738838196,2.4953885078430176,0.18256224691867828,0.001531749265268445,0.24387642741203308,2.493790864944458,0.4448036551475525,0.0006434135721065104,0.5937994122505188,3.214400053024292,1.2522177696228027,0.00027741887606680393,0.2495846003293991,3.1851720809936523,1.3977105617523193,3.395081148482859e-05,0.6019197106361389,3.340691566467285,1.3048452138900757,0.00012321933172643185,0.23176392912864685,3.296069383621216,1.4710432291030884,8.802552474662662e-05,0.540477991104126,3.438758373260498,0.4591802656650543,0.00019105627143289894,0.32496386766433716,3.4376745223999023,0.5426585674285889,0.00013320734433364123
143,squat,1,0.5638380646705627,0.25637519359588623,-1.5617742538452148,0.9996336698532104,0.5915420651435852,0.16361142694950104,-1.4484071731567383,0.9994831681251526,0.6154102087020874,0.16735288500785828,-1.448524832725525,0.9994978308677673,0.6379415988922119,0.1708316206932068,-1.4488469362258911,0.9993685483932495,0.5240919589996338,0.1547408252954483,-1.488215684890747,0.9995740056037903,0.49388784170150757,0.1531313806772232,-1.4875272512435913,0.9996345043182373,0.46234017610549927,0.15342877805233002,-1.4879652261734009,0.999592661857605,0.6520631909370422,0.20999816060066223,-0.8120028376579285,0.999356746673584,0.3920469284057617,0.20554302632808685,-0.9784203767776489,0.9998080730438232,0.587896466255188,0.3543771505355835,-1.3316004276275635,0.9997268915176392,0.5051525831222534,0.3537079095840454,-1.3781847953796387,0.9998598694801331,0.7360042929649353,0.707031786441803,-0.45119228959083557,0.9979135990142822,0.17526501417160034,0.665142297744751,-0.7167949676513672,0.99735027551651,0.8495035171508789,1.0219037532806396,-0.3973642885684967,0.1831446886062622,-0.14830878376960754,1.1160919666290283,-0.8407880067825317,0.7131987810134888,0.9308594465255737,1.5776454210281372,-0.9742237329483032,0.06485451757907867,-0.20768268406391144,1.3528046607971191,-1.6346937417984009,0.08889951556921005,0.9797212481498718,1.7311969995498657,-1.106759786605835,0.06614582985639572,-0.2446775883436203,1.4457247257232666,-1.8028863668441772,0.06354440748691559,0.9238907098770142,1.723376989364624,-1.1967965364456177,0.094866544008255,-0.196931853890419,1.4233298301696777,-1.9230024814605713,0.0903400182723999,0.8940269351005554,1.669567346572876,-1.0409291982650757,0.09585929661989212,-0.17962990701198578,1.397006630897522,-1.7094011306762695,0.10347884893417358,0.6226993799209595,1.6818794012069702,-0.057617634534835815,0.004081160295754671,0.2373475730419159,1.6763418912887573,0.06439425051212311,0.0023322124034166336,0.6036827564239502,2.4923951625823975,0.15607362985610962,0.0015507126227021217,0.24463269114494324,2.49135684967041,0.3141338527202606,0.0006262452225200832,0.5950919985771179,3.2139780521392822,1.1086795330047607,0.0002811096783261746,0.2551422715187073,3.183600664138794,1.099899411201477,3.3528929634485394e-05,0.6032249927520752,3.339775323867798,1.1514484882354736,0.00012702069943770766,0.23812147974967957,3.293804407119751,1.1558878421783447,8.787358092376962e-05,0.5436286926269531,3.435420274734497,0.34609317779541016,0.0001868979597929865,0.32735031843185425,3.433170795440674,0.2724807858467102,0.00012826570309698582
144,squat,1,0.5616188049316406,0.25907665491104126,-1.5115771293640137,0.9996543526649475,0.588661789894104,0.16568776965141296,-1.4001365900039673,0.9995136857032776,0.6125933527946472,0.16984407603740692,-1.4002649784088135,0.99952632188797,0.635157585144043,0.17354343831539154,-1.400579571723938,0.9994040727615356,0.5213756561279297,0.15658554434776306,-1.4394980669021606,0.9995959401130676,0.49082985520362854,0.1553346961736679,-1.4388450384140015,0.9996514916419983,0.459402859210968,0.155464306473732,-1.4392797946929932,0.999610185623169,0.650110125541687,0.2122466266155243,-0.7720369100570679,0.9993962645530701,0.38963180780410767,0.20679250359535217,-0.9353280067443848,0.9998166561126709,0.5859583020210266,0.3556821048259735,-1.284257173538208,0.9997443556785583,0.503655195236206,0.35590532422065735,-1.3298419713974,0.9998675584793091,0.7350709438323975,0.7050608396530151,-0.41362085938453674,0.9980006217956543,0.17397373914718628,0.664347231388092,-0.683944582939148,0.997393786907196,0.8513269424438477,1.0209144353866577,-0.40401262044906616,0.18808189034461975,-0.11852896213531494,1.1216657161712646,-0.871747612953186,0.703202486038208,0.9310396909713745,1.5713541507720947,-1.0627233982086182,0.0630301833152771,-0.1857171356678009,1.3536174297332764,-1.684353232383728,0.08985769003629684,0.9807049632072449,1.7264713048934937,-1.2108629941940308,0.0645667314529419,-0.22455358505249023,1.4470230340957642,-1.8580690622329712,0.06550290435552597,0.926642119884491,1.7129391431808472,-1.3011188507080078,0.0933460146188736,-0.1805916130542755,1.4230310916900635,-1.9822899103164673,0.0938558354973793,0.89686518907547,1.6600227355957031,-1.1318359375,0.09416206926107407,-0.1609956920146942,1.3957197666168213,-1.7606308460235596,0.10681654512882233,0.6217750906944275,1.6817152500152588,-0.056847065687179565,0.003986175637692213,0.2374412715435028,1.6755846738815308,0.0639665275812149,0.002294106176123023,0.6034939885139465,2.491696357727051,0.16206152737140656,0.0015998835442587733,0.24641624093055725,2.4909045696258545,0.26294487714767456,0.000623765867203474,0.5980560779571533,3.2125847339630127,1.1060460805892944,0.00028969033155590296,0.26134416460990906,3.182213306427002,1.0215322971343994,3.414479942875914e-05,0.6060256361961365,3.3378641605377197,1.1480416059494019,0.00013257420505397022,0.24539437890052795,3.291402578353882,1.073922872543335,8.976631943369284e-05,0.5508005023002625,3.4348790645599365,0.3540418744087219,0.00018641249334905297,0.33198463916778564,3.43276309967041,0.19600819051265717,0.00012512452667579055
145,squat,1,0.5586922764778137,0.2655767500400543,-1.0185151100158691,0.9996810555458069,0.5856338739395142,0.16667889058589935,-0.9425104856491089,0.9995515942573547,0.6107386946678162,0.1699773222208023,-0.9423510432243347,0.9995601177215576,0.6340712904930115,0.17413586378097534,-0.9426177740097046,0.9994515776634216,0.513565182685852,0.1619594395160675,-0.963797390460968,0.9996275901794434,0.4802578091621399,0.1625504195690155,-0.9630838632583618,0.999675989151001,0.44884926080703735,0.16406765580177307,-0.9634200930595398,0.9996408820152283,0.6501427888870239,0.21314631402492523,-0.5038604736328125,0.9994420409202576,0.38239601254463196,0.21298743784427643,-0.5766007304191589,0.9998296499252319,0.5849466323852539,0.35992687940597534,-0.8585776090621948,0.9997639656066895,0.49950915575027466,0.3654300272464752,-0.8785754442214966,0.9998775720596313,0.736503005027771,0.7073658108711243,-0.3029870092868805,0.9981057047843933,0.17415504157543182,0.6801725029945374,-0.4367355704307556,0.9975913763046265,0.8516709208488464,1.04164457321167,-0.306205153465271,0.1921902745962143,-0.06125029921531677,1.20907461643219,-0.6596950888633728,0.6895063519477844,0.9233947992324829,1.6297109127044678,-0.667569637298584,0.06210244074463844,-0.06079963967204094,1.4760797023773193,-1.4400568008422852,0.09717049449682236,0.975178599357605,1.7707526683807373,-0.7848445177078247,0.06504075974225998,-0.08784256875514984,1.585216760635376,-1.5849119424819946,0.07563620805740356,0.9207503199577332,1.760033369064331,-0.8260146379470825,0.09432101249694824,-0.03489112854003906,1.5362433195114136,-1.6532604694366455,0.10722143203020096,0.8878955841064453,1.7112600803375244,-0.7068014144897461,0.09549872577190399,-0.012792880646884441,1.5006462335586548,-1.4919406175613403,0.1194416806101799,0.634249746799469,1.6913820505142212,-0.054478954523801804,0.0038629043847322464,0.2458808720111847,1.6856715679168701,0.060735054314136505,0.002357336226850748,0.6132376194000244,2.49812650680542,0.028084326535463333,0.0015132047701627016,0.25127047300338745,2.5028414726257324,0.28657597303390503,0.0005849484587088227,0.6032993793487549,3.2234556674957275,0.862945556640625,0.0002728785329964012,0.2627156376838684,3.1958303451538086,1.0021090507507324,3.2058618671726435e-05,0.609989583492279,3.34275221824646,0.9011675119400024,0.00012549058010336012,0.24872171878814697,3.3025689125061035,1.0583512783050537,8.391823212150484e-05,0.5589004755020142,3.4494588375091553,0.21953094005584717,0.00017718705930747092,0.3319227397441864,3.4426238536834717,0.2906685471534729,0.00011751744750654325
146,squat,1,0.5538088083267212,0.26875579357147217,-0.9776614904403687,0.9997068047523499,0.5817162394523621,0.1676228642463684,-0.9020510911941528,0.9995881915092468,0.6075438857078552,0.1705133318901062,-0.9018726348876953,0.9995934963226318,0.6317485570907593,0.17434509098529816,-0.9020794034004211,0.99949711561203,0.5077652335166931,0.16510643064975739,-0.9185489416122437,0.9996581077575684,0.4737042784690857,0.16654041409492493,-0.9177838563919067,0.999700129032135,0.44281283020973206,0.16853998601436615,-0.9181226491928101,0.9996704459190369,0.6502009034156799,0.21339151263237,-0.46918392181396484,0.9994862079620361,0.3788256049156189,0.2167946845293045,-0.5199002027511597,0.9998422861099243,0.5810695886611938,0.3630762994289398,-0.8206048011779785,0.9997828602790833,0.4938371777534485,0.3701491355895996,-0.8345211744308472,0.9998872876167297,0.7378348112106323,0.7117211818695068,-0.2876448333263397,0.9982065558433533,0.17431405186653137,0.6861211061477661,-0.3819243311882019,0.9977779388427734,0.852931797504425,1.0557914972305298,-0.3087230324745178,0.1975449025630951,-0.051086388528347015,1.2227247953414917,-0.616892397403717,0.6803964972496033,0.9173742532730103,1.6470082998275757,-0.6921890377998352,0.06225864216685295,-0.0555364191532135,1.4945999383926392,-1.4226875305175781,0.10950648039579391,0.968771755695343,1.7865608930587769,-0.823502242565155,0.06680890172719955,-0.08595868200063705,1.60545015335083,-1.5706501007080078,0.09078676998615265,0.9122878313064575,1.7718050479888916,-0.852177619934082,0.09718791395425797,-0.03106146678328514,1.5541237592697144,-1.6428295373916626,0.12685583531856537,0.8787765502929688,1.7236593961715698,-0.7224848866462708,0.09878616780042648,-0.007070738822221756,1.518751859664917,-1.476471185684204,0.1384158730506897,0.6372331380844116,1.7003990411758423,-0.05458500236272812,0.0037528248503804207,0.24790003895759583,1.6930757761001587,0.06056724861264229,0.002431380795314908,0.6160544157028198,2.507157802581787,-0.008886037394404411,0.0014358239714056253,0.2542421519756317,2.5104331970214844,0.2834816873073578,0.0005500417901203036,0.6041467785835266,3.2347023487091064,0.7879697680473328,0.00025784465833567083,0.2628338932991028,3.206055164337158,0.9721685647964478,3.005153666890692e-05,0.6104836463928223,3.3502719402313232,0.8215891718864441,0.0001199575635837391,0.2490532398223877,3.3121066093444824,1.0263510942459106,7.856745651224628e-05,0.55953449010849,3.4624321460723877,0.13785019516944885,0.00016843380581121892,0.33115363121032715,3.45072078704834,0.2701072096824646,0.00011062035628128797
147,squat,1,0.553070068359375,0.27860698103904724,-0.9989066123962402,0.9997310042381287,0.5801919102668762,0.18350428342819214,-0.9086812734603882,0.9996222257614136,0.6047018766403198,0.18576548993587494,-0.9082373380661011,0.9996266961097717,0.627392590045929,0.18860086798667908,-0.9077885746955872,0.9995388984680176,0.5077121257781982,0.1797681748867035,-0.9265300035476685,0.9996849298477173,0.4741455018520355,0.1798812747001648,-0.9256333112716675,0.9997216463088989,0.4438471794128418,0.1803467571735382,-0.9258149862289429,0.99969482421875,0.6430408358573914,0.22451777756214142,-0.3807935416698456,0.9995304346084595,0.37990596890449524,0.22556476294994354,-0.4367343783378601,0.9998555779457092,0.5800902247428894,0.37108761072158813,-0.8057874441146851,0.9997991919517517,0.4948972165584564,0.3742150068283081,-0.8248724937438965,0.9998952746391296,0.7244421243667603,0.7120082974433899,-0.09478249400854111,0.9982271790504456,0.19076456129550934,0.6337680816650391,-0.2696211338043213,0.9978882670402527,0.9625482559204102,1.1837390661239624,-0.886029839515686,0.24088504910469055,-0.1655702292919159,0.9563023447990417,-1.0375657081604004,0.71015864610672,0.8905084729194641,0.8833938241004944,-1.755626916885376,0.154288187623024,0.23597967624664307,0.7300637364387512,-1.7509572505950928,0.1967119723558426,0.8918391466140747,0.7162598967552185,-1.8989394903182983,0.15702497959136963,0.3406619429588318,0.6839901208877563,-1.8591810464859009,0.1758718639612198,0.829379677772522,0.6586713194847107,-1.670768141746521,0.18449687957763672,0.3926973342895508,0.6430615186691284,-1.66134774684906,0.20865507423877716,0.7926269769668579,0.726507306098938,-1.695438027381897,0.18565726280212402,0.3785993456840515,0.6773490905761719,-1.6713844537734985,0.21909275650978088,0.6175995469093323,1.6858253479003906,-0.0577569305896759,0.0035515797790139914,0.2182803899049759,1.6673064231872559,0.06459259241819382,0.0023510127793997526,0.5851942896842957,2.506725549697876,-0.05628810450434685,0.0013395575806498528,0.21963492035865784,2.5101358890533447,0.39556264877319336,0.0005144336610101163,0.5726963877677917,3.232228994369507,0.6560436487197876,0.00023654440883547068,0.22556757926940918,3.203361749649048,0.9777848124504089,2.724004298215732e-05,0.5795358419418335,3.3494467735290527,0.6810073256492615,0.00011036518844775856,0.21186935901641846,3.309220790863037,1.037392258644104,7.118047506082803e-05,0.5253748893737793,3.4597089290618896,-0.08572159707546234,0.00015465389878954738,0.27871453762054443,3.449410915374756,0.4081692099571228,0.0001022338547045365
148,squat,1,0.5488747358322144,0.28773343563079834,-1.0323565006256104,0.9997511506080627,0.5784915685653687,0.19052426517009735,-0.9582832455635071,0.999650239944458,0.6024191379547119,0.19141468405723572,-0.9579538106918335,0.9996532797813416,0.6251598596572876,0.19282110035419464,-0.9575626254081726,0.9995726346969604,0.5062590837478638,0.18871426582336426,-0.9586511850357056,0.9997072219848633,0.4731066823005676,0.18859997391700745,-0.9576989412307739,0.9997380971908569,0.4434729218482971,0.18859556317329407,-0.9578784108161926,0.9997144937515259,0.6434652805328369,0.22672128677368164,-0.4628053307533264,0.9995670318603516,0.38053208589553833,0.23087038099765778,-0.43633538484573364,0.9998652338981628,0.576665461063385,0.38144880533218384,-0.8459823727607727,0.9998115301132202,0.4919852614402771,0.38173213601112366,-0.8411178588867188,0.9999009370803833,0.7352028489112854,0.7107420563697815,-0.18250243365764618,0.998106837272644,0.20768633484840393,0.6027281284332275,-0.20601490139961243,0.9979637861251831,0.9526244401931763,1.2504671812057495,-0.862601637840271,0.25338658690452576,-0.16779720783233643,0.9685943126678467,-0.9758546948432922,0.7346758246421814,0.8390834927558899,0.9190034866333008,-1.5757193565368652,0.23238882422447205,0.26137155294418335,0.7960647940635681,-1.7442718744277954,0.27381452918052673,0.8489587903022766,0.9044567346572876,-1.6851749420166016,0.23220033943653107,0.40781885385513306,0.7536146640777588,-1.8491172790527344,0.24950674176216125,0.8273372650146484,0.8334395885467529,-1.5055067539215088,0.25802144408226013,0.46425366401672363,0.7071742415428162,-1.6314260959625244,0.27975142002105713,0.798882782459259,0.8810693621635437,-1.5270320177078247,0.2580151855945587,0.4398311674594879,0.7307185530662537,-1.669152855873108,0.2884202301502228,0.6178756952285767,1.6833477020263672,-0.09402607381343842,0.0033383178524672985,0.21827900409698486,1.6578104496002197,0.10138189792633057,0.0022680277470499277,0.585121214389801,2.505678653717041,-0.18717694282531738,0.0013280296698212624,0.2128782570362091,2.507392406463623,0.4974244236946106,0.0005324087687768042,0.5698784589767456,3.2305779457092285,0.48047584295272827,0.00022073728905525059,0.21735462546348572,3.201528310775757,1.1932250261306763,2.511281127226539e-05,0.5763193368911743,3.347720146179199,0.4996066987514496,0.00010230202315142378,0.20514819025993347,3.307237148284912,1.250276803970337,6.521995965158567e-05,0.5171467065811157,3.460423469543457,-0.3177265226840973,0.0001448524562874809,0.26864418387413025,3.4516115188598633,0.5239644646644592,9.829295595409349e-05
149,squat,1,0.5466837286949158,0.29233482480049133,-1.0054742097854614,0.999771773815155,0.5765791535377502,0.1951952427625656,-0.9288703799247742,0.9996790885925293,0.5999056100845337,0.1950329840183258,-0.9284898638725281,0.9996815323829651,0.6228012442588806,0.1954939365386963,-0.9280021786689758,0.999607503414154,0.5044232606887817,0.19544972479343414,-0.9302646517753601,0.9997307062149048,0.47192421555519104,0.19598975777626038,-0.9292727708816528,0.9997575879096985,0.4429280757904053,0.1970851719379425,-0.9294812083244324,0.9997363686561584,0.6427369713783264,0.228794127702713,-0.4279867708683014,0.9996035695075989,0.3809346854686737,0.24019193649291992,-0.406352698802948,0.9998759627342224,0.5755555629730225,0.38664764165878296,-0.8168460726737976,0.9998250007629395,0.4907779097557068,0.38567569851875305,-0.8140570521354675,0.9999076724052429,0.7386775016784668,0.7106785178184509,-0.13535337150096893,0.9979848265647888,0.2122907191514969,0.5950631499290466,-0.19928666949272156,0.9980576038360596,0.9406306147575378,1.280558705329895,-0.8472117185592651,0.26812660694122314,-0.17386409640312195,0.962721586227417,-1.020396113395691,0.7583522796630859,0.8109142184257507,0.9003134369850159,-1.5971721410751343,0.30482470989227295,0.27095574140548706,0.7951229214668274,-1.8590294122695923,0.34389349818229675,0.8172286748886108,0.772551417350769,-1.70699143409729,0.30263781547546387,0.4149838089942932,0.7527286410331726,-1.9707221984863281,0.31711387634277344,0.8007973432540894,0.7031963467597961,-1.512290358543396,0.3265247344970703,0.4669179320335388,0.7036267518997192,-1.7031656503677368,0.34498512744903564,0.7693362236022949,0.7654964923858643,-1.5445916652679443,0.3257285952568054,0.4435097277164459,0.7272204160690308,-1.7791153192520142,0.3520362377166748,0.616858720779419,1.681822419166565,-0.09660499542951584,0.0031500516925007105,0.21666917204856873,1.6505086421966553,0.10381072759628296,0.0022044710349291563,0.5780806541442871,2.5049569606781006,-0.27834662795066833,0.0013614920899271965,0.20663169026374817,2.503953456878662,0.45232829451560974,0.0005568359047174454,0.5589067935943604,3.2299392223358154,0.28481757640838623,0.00021228393597994,0.20745238661766052,3.200420379638672,1.05051851272583,2.331640644115396e-05,0.5659595727920532,3.3463943004608154,0.292161762714386,9.762596891960129e-05,0.19574163854122162,3.305931806564331,1.0984134674072266,6.0269900131970644e-05,0.49822181463241577,3.4611399173736572,-0.5188277959823608,0.00013835150457452983,0.25209125876426697,3.451594591140747,0.30900996923446655,9.635520109441131e-05
