frame,exercise_type,form_label,nose_x,nose_y,nose_z,nose_vis,left_eye_inner_x,left_eye_inner_y,left_eye_inner_z,left_eye_inner_vis,left_eye_x,left_eye_y,left_eye_z,left_eye_vis,left_eye_outer_x,left_eye_outer_y,left_eye_outer_z,left_eye_outer_vis,right_eye_inner_x,right_eye_inner_y,right_eye_inner_z,right_eye_inner_vis,right_eye_x,right_eye_y,right_eye_z,right_eye_vis,right_eye_outer_x,right_eye_outer_y,right_eye_outer_z,right_eye_outer_vis,left_ear_x,left_ear_y,left_ear_z,left_ear_vis,right_ear_x,right_ear_y,right_ear_z,right_ear_vis,mouth_left_x,mouth_left_y,mouth_left_z,mouth_left_vis,mouth_right_x,mouth_right_y,mouth_right_z,mouth_right_vis,left_shoulder_x,left_shoulder_y,left_shoulder_z,left_shoulder_vis,right_shoulder_x,right_shoulder_y,right_shoulder_z,right_shoulder_vis,left_elbow_x,left_elbow_y,left_elbow_z,left_elbow_vis,right_elbow_x,right_elbow_y,right_elbow_z,right_elbow_vis,left_wrist_x,left_wrist_y,left_wrist_z,left_wrist_vis,right_wrist_x,right_wrist_y,right_wrist_z,right_wrist_vis,left_pinky_x,left_pinky_y,left_pinky_z,left_pinky_vis,right_pinky_x,right_pinky_y,right_pinky_z,right_pinky_vis,left_index_x,left_index_y,left_index_z,left_index_vis,right_index_x,right_index_y,right_index_z,right_index_vis,left_thumb_x,left_thumb_y,left_thumb_z,left_thumb_vis,right_thumb_x,right_thumb_y,right_thumb_z,right_thumb_vis,left_hip_x,left_hip_y,left_hip_z,left_hip_vis,right_hip_x,right_hip_y,right_hip_z,right_hip_vis,left_knee_x,left_knee_y,left_knee_z,left_knee_vis,right_knee_x,right_knee_y,right_knee_z,right_knee_vis,left_ankle_x,left_ankle_y,left_ankle_z,left_ankle_vis,right_ankle_x,right_ankle_y,right_ankle_z,right_ankle_vis,left_heel_x,left_heel_y,left_heel_z,left_heel_vis,right_heel_x,right_heel_y,right_heel_z,right_heel_vis,left_foot_index_x,left_foot_index_y,left_foot_index_z,left_foot_index_vis,right_foot_index_x,right_foot_index_y,right_foot_index_z,right_foot_index_vis
0,squat,0,0.619037926197052,0.2343612015247345,-0.008496400900185108,0.9956486225128174,0.6318173408508301,0.22337500751018524,-0.01785784587264061,0.9858067035675049,0.6392280459403992,0.22342471778392792,-0.018001699820160866,0.9833872318267822,0.6469751000404358,0.22331906855106354,-0.017621776089072227,0.9857478141784668,0.6083348989486694,0.2218368947505951,-0.008379872888326645,0.9907198548316956,0.6003949046134949,0.2212429791688919,-0.008146648295223713,0.9901493787765503,0.5905323624610901,0.22072996199131012,-0.008236812427639961,0.9934616088867188,0.6534203886985779,0.22432133555412292,0.036424245685338974,0.9757511019706726,0.5741006135940552,0.2237088680267334,0.05494872108101845,0.9905170202255249,0.6295673251152039,0.24647580087184906,-0.02010568231344223,0.9922526478767395,0.5980545282363892,0.24510297179222107,-0.011463368311524391,0.9942417144775391,0.6995931267738342,0.27200865745544434,0.054804857820272446,0.9995390772819519,0.5122689008712769,0.2676263153553009,0.0903194397687912,0.9996647834777832,0.7316586375236511,0.3282368779182434,0.15518344938755035,0.8360936641693115,0.44565942883491516,0.33388766646385193,0.19871661067008972,0.8588287830352783,0.7645765542984009,0.34392446279525757,0.1979018598794937,0.7995476126670837,0.4241804778575897,0.3836391270160675,0.1716323345899582,0.821675181388855,0.7737536430358887,0.3514546751976013,0.17137332260608673,0.784789502620697,0.414257675409317,0.4036610722541809,0.1764419972896576,0.7864847779273987,0.7648468017578125,0.3520303964614868,0.15264591574668884,0.788289487361908,0.416791707277298,0.4057846963405609,0.14905361831188202,0.7922150492668152,0.7477968335151672,0.3366260230541229,0.1826181262731552,0.7772274017333984,0.42822426557540894,0.4003971815109253,0.15858180820941925,0.771977961063385,0.6669501066207886,0.39152634143829346,-0.013559824787080288,0.999008059501648,0.5333352088928223,0.3924947679042816,0.013059679418802261,0.9991014003753662,0.6567704081535339,0.49963992834091187,-0.0034244442358613014,0.9819019436836243,0.5293645858764648,0.512117862701416,0.03565914183855057,0.9472460150718689,0.677693784236908,0.6094428300857544,0.03170317783951759,0.9377955198287964,0.48847973346710205,0.6074061393737793,0.15178175270557404,0.9146808981895447,0.6752240061759949,0.6190568208694458,0.030930504202842712,0.6780590415000916,0.48464950919151306,0.6158392429351807,0.15793605148792267,0.7171929478645325,0.6749064922332764,0.6663941144943237,-0.09292136877775192,0.9258996844291687,0.4789665937423706,0.6571288108825684,0.06345334649085999,0.9078006148338318
1,squat,0,0.6004218459129333,0.2362280786037445,-0.10260417312383652,0.995985209941864,0.6133275032043457,0.22787362337112427,-0.10822786390781403,0.9868978261947632,0.621150016784668,0.22792308032512665,-0.10835838317871094,0.9847865104675293,0.6290081739425659,0.22781908512115479,-0.10807503759860992,0.9867945313453674,0.5886898636817932,0.2265990674495697,-0.09483960270881653,0.9913672208786011,0.5793977975845337,0.22604914009571075,-0.09447063505649567,0.9908934831619263,0.5698970556259155,0.2253887951374054,-0.09425210952758789,0.9938037991523743,0.6382397413253784,0.2299601137638092,-0.022241616621613503,0.9775010943412781,0.5557974576950073,0.22747103869915009,0.0027820535469800234,0.9910847544670105,0.6132515072822571,0.24698102474212646,-0.10250366479158401,0.992753803730011,0.5781956315040588,0.24505530297756195,-0.09152986854314804,0.9946085810661316,0.6710282564163208,0.2766125798225403,0.028264302760362625,0.9994694590568542,0.5085810422897339,0.2747788429260254,0.06145939230918884,0.9996057748794556,0.702852189540863,0.33677157759666443,0.12921473383903503,0.8349254131317139,0.44841235876083374,0.34335434436798096,0.1740378886461258,0.8695451617240906,0.7238766551017761,0.3555295467376709,0.16497159004211426,0.8023779392242432,0.41019406914711,0.4040783643722534,0.15358319878578186,0.8328428864479065,0.7226017117500305,0.3616446554660797,0.153845876455307,0.7883138060569763,0.3930208384990692,0.4221454858779907,0.1578715741634369,0.7982507348060608,0.7177029848098755,0.36434414982795715,0.14010603725910187,0.7920200824737549,0.3964340388774872,0.4233168661594391,0.12643469870090485,0.804121732711792,0.7004318833351135,0.346454381942749,0.15574604272842407,0.7825153470039368,0.40863919258117676,0.41778701543807983,0.13779859244823456,0.7869459390640259,0.6469405293464661,0.39586418867111206,-0.013573326170444489,0.9990201592445374,0.5272046327590942,0.39626339077949524,0.013078853487968445,0.9990982413291931,0.6506544351577759,0.5049278736114502,0.012348933145403862,0.981891930103302,0.5212672352790833,0.4952069818973541,0.030653266236186028,0.949914276599884,0.6775639057159424,0.6061456203460693,0.04096387326717377,0.941811203956604,0.4787692427635193,0.5994494557380676,0.09276774525642395,0.9192099571228027,0.6737292408943176,0.6119458079338074,0.03750312328338623,0.7023857235908508,0.4760633111000061,0.6087315678596497,0.09402312338352203,0.732929527759552,0.6755309700965881,0.6603286266326904,-0.08933434635400772,0.9296395182609558,0.46815726161003113,0.6450960040092468,-0.018769102171063423,0.910527765750885
2,squat,0,0.5974816083908081,0.23623782396316528,-0.36622124910354614,0.9961006045341492,0.6113919615745544,0.2279694527387619,-0.3592449128627777,0.9872075319290161,0.6199220418930054,0.22788496315479279,-0.35912325978279114,0.9854633808135986,0.6282352805137634,0.2275860756635666,-0.3590276539325714,0.9869233965873718,0.5860654711723328,0.22796563804149628,-0.35291433334350586,0.991365909576416,0.5764397978782654,0.22791433334350586,-0.35277676582336426,0.9910422563552856,0.566119909286499,0.22764970362186432,-0.3527051508426666,0.9935019612312317,0.6378626227378845,0.22955560684204102,-0.21231256425380707,0.9776982069015503,0.5532233119010925,0.22899428009986877,-0.18853934109210968,0.9903814792633057,0.6127675175666809,0.245636448264122,-0.30693039298057556,0.9923731088638306,0.5745648741722107,0.2453591674566269,-0.29907405376434326,0.9942283630371094,0.6661433577537537,0.27355822920799255,-0.10278425365686417,0.9993992447853088,0.5069819092750549,0.27406421303749084,-0.027272028848528862,0.9995537400245667,0.6931250095367432,0.3333200216293335,0.08534747362136841,0.833299994468689,0.4509800672531128,0.3499404788017273,0.13172931969165802,0.8784828782081604,0.7308064699172974,0.36423245072364807,0.1827169507741928,0.8064876198768616,0.3992704749107361,0.4108301103115082,0.15851452946662903,0.841949462890625,0.7405672669410706,0.3785029947757721,0.18035003542900085,0.7885399460792542,0.3823488652706146,0.4278159439563751,0.1748349815607071,0.8055042624473572,0.7341679334640503,0.3778172731399536,0.1597054898738861,0.7929990887641907,0.38697612285614014,0.42813602089881897,0.12875081598758698,0.8119208216667175,0.7224046587944031,0.3712145984172821,0.17270496487617493,0.785853385925293,0.39716219902038574,0.42311760783195496,0.1377105861902237,0.7982816696166992,0.6445485949516296,0.3981386721134186,-0.0138590969145298,0.9989197850227356,0.5216963887214661,0.39836618304252625,0.01338959950953722,0.9990254044532776,0.6536581516265869,0.5051265954971313,0.04521220549941063,0.9806990623474121,0.5115560293197632,0.5016536116600037,0.04529731720685959,0.9515042304992676,0.6787593364715576,0.6044591069221497,0.1909727156162262,0.943903923034668,0.47717154026031494,0.5998913049697876,0.16442573070526123,0.9223741888999939,0.6736950874328613,0.6109147667884827,0.18945874273777008,0.7189475297927856,0.47409138083457947,0.6085658669471741,0.14945761859416962,0.7434812188148499,0.6767915487289429,0.6525661945343018,0.07892390340566635,0.930363655090332,0.4731914699077606,0.6477935910224915,0.07416590303182602,0.9106625318527222
3,squat,0,0.595836877822876,0.23712269961833954,-0.34461599588394165,0.9962228536605835,0.6087242364883423,0.22968360781669617,-0.2952120304107666,0.9875068068504333,0.6165370941162109,0.2298809289932251,-0.295231431722641,0.9860422611236572,0.6244121789932251,0.22996897995471954,-0.2953859567642212,0.9871171116828918,0.5848650932312012,0.22884905338287354,-0.30257147550582886,0.9913876056671143,0.5757260322570801,0.22863656282424927,-0.30280742049217224,0.991173505783081,0.565932035446167,0.2283424288034439,-0.303318589925766,0.9933483004570007,0.6328961253166199,0.23323588073253632,-0.11824364215135574,0.9778041839599609,0.5518032908439636,0.23161649703979492,-0.09776505082845688,0.9898396730422974,0.6094935536384583,0.24649673700332642,-0.22793474793434143,0.992274284362793,0.572770893573761,0.24634841084480286,-0.22922497987747192,0.9941340684890747,0.6663255095481873,0.2752094566822052,-0.0533568412065506,0.9993279576301575,0.5076156258583069,0.27473825216293335,0.018655266612768173,0.9995150566101074,0.6968898177146912,0.33093321323394775,0.08473363518714905,0.8273707032203674,0.45177364349365234,0.3480024039745331,0.13919217884540558,0.8853533267974854,0.7247377634048462,0.3636839687824249,0.1478714793920517,0.8051748871803284,0.40474453568458557,0.4094823896884918,0.15477795898914337,0.8485232591629028,0.7326734662055969,0.3771691918373108,0.13685299456119537,0.7857641577720642,0.3862488567829132,0.4273885190486908,0.16447223722934723,0.811018705368042,0.7262499928474426,0.3773552179336548,0.11361157894134521,0.7906944751739502,0.3907061815261841,0.42801305651664734,0.11992362886667252,0.8177555799484253,0.7163465619087219,0.36834916472435,0.1361759603023529,0.7849597930908203,0.4016668200492859,0.42289429903030396,0.1333692967891693,0.8071466684341431,0.641406774520874,0.4056631028652191,-0.01405954360961914,0.9988843202590942,0.5199558138847351,0.4063991904258728,0.01357218250632286,0.9990077018737793,0.6551326513290405,0.5086420178413391,0.08389529585838318,0.9795316457748413,0.5128941535949707,0.5050041079521179,0.08544989675283432,0.9529433846473694,0.6789501309394836,0.6045026779174805,0.23213182389736176,0.9456621408462524,0.47615963220596313,0.6017764806747437,0.2242039442062378,0.9247121214866638,0.6737297177314758,0.6083927154541016,0.23264694213867188,0.7313520908355713,0.47318369150161743,0.6086909174919128,0.21766115725040436,0.7501630783081055,0.6752220988273621,0.6561766862869263,0.1161455363035202,0.931045651435852,0.4767010807991028,0.6530670523643494,0.13882890343666077,0.9108942747116089
4,squat,0,0.5934343338012695,0.23671458661556244,-0.47145316004753113,0.9964656233787537,0.6047895550727844,0.2280377894639969,-0.46851903200149536,0.9881985783576965,0.6120273470878601,0.22802229225635529,-0.4683651328086853,0.9869181513786316,0.6196395754814148,0.22789114713668823,-0.46836602687835693,0.9877387285232544,0.5829779505729675,0.22724241018295288,-0.4607006311416626,0.9918074607849121,0.5748733878135681,0.22685082256793976,-0.4606587588787079,0.9916387796401978,0.5663372874259949,0.22649018466472626,-0.4606837034225464,0.9935681819915771,0.6288754343986511,0.23072271049022675,-0.31761348247528076,0.978904664516449,0.5513948202133179,0.23011507093906403,-0.27775681018829346,0.9900527596473694,0.6066126227378845,0.24628886580467224,-0.40037181973457336,0.9925485253334045,0.5735793709754944,0.2457919865846634,-0.3890538215637207,0.9943221211433411,0.6696533560752869,0.27320781350135803,-0.17716723680496216,0.9993091821670532,0.5073999762535095,0.2756240963935852,-0.09223520755767822,0.9995273947715759,0.6986698508262634,0.3278002142906189,0.05393632501363754,0.8312904834747314,0.4529716968536377,0.34508082270622253,0.08733773231506348,0.8941929936408997,0.7388071417808533,0.372998982667923,0.1476432979106903,0.809257984161377,0.40470561385154724,0.4071831703186035,0.13950161635875702,0.8574773073196411,0.7484287619590759,0.3873010277748108,0.15161457657814026,0.7850777506828308,0.38984954357147217,0.42783042788505554,0.14420516788959503,0.8182770609855652,0.7427603006362915,0.38831278681755066,0.11659181863069534,0.7903591394424438,0.3948838710784912,0.42841190099716187,0.09640365093946457,0.8251583576202393,0.7326115965843201,0.3835088014602661,0.13404786586761475,0.7865120768547058,0.4034014940261841,0.42268964648246765,0.12002763897180557,0.8167809247970581,0.6388585567474365,0.4105878472328186,-0.014217264018952847,0.9987995028495789,0.5222723484039307,0.4105837047100067,0.013745822012424469,0.9989895224571228,0.6541168093681335,0.5101287961006165,0.06952716410160065,0.9784974455833435,0.5100613236427307,0.5067548155784607,0.07632104307413101,0.954733669757843,0.6786826848983765,0.6052214503288269,0.2976016402244568,0.9465550184249878,0.4727785289287567,0.6082949042320251,0.27177074551582336,0.9271613955497742,0.6734651923179626,0.6091105937957764,0.31322669982910156,0.7409756779670715,0.4752867817878723,0.6153705716133118,0.2820373475551605,0.7568441033363342,0.6746934056282043,0.6540006995201111,0.15296342968940735,0.9307844638824463,0.4696187973022461,0.6569109559059143,0.13820478320121765,0.911329984664917
5,squat,0,0.5926072597503662,0.2427649050951004,-0.773939847946167,0.9967605471611023,0.6049664616584778,0.23295630514621735,-0.7703336477279663,0.9891233444213867,0.6125794649124146,0.23284319043159485,-0.7701433300971985,0.987990140914917,0.6205983757972717,0.2326933890581131,-0.7701488733291626,0.9886525273323059,0.5820145010948181,0.23169101774692535,-0.7642408609390259,0.9924083948135376,0.5734520554542542,0.2308277040719986,-0.7642224431037903,0.9922687411308289,0.5650216937065125,0.23003239929676056,-0.7641742825508118,0.993979275226593,0.6299729347229004,0.2341248095035553,-0.5613309741020203,0.98050856590271,0.5497894883155823,0.23193514347076416,-0.532528281211853,0.9906080961227417,0.6059720516204834,0.25219830870628357,-0.6803835034370422,0.9931029677391052,0.5716925263404846,0.2508150637149811,-0.6721468567848206,0.994723379611969,0.6749686002731323,0.2761690318584442,-0.32673925161361694,0.9993351101875305,0.5041449069976807,0.2774595618247986,-0.25920799374580383,0.9995469450950623,0.7094904780387878,0.328181654214859,-0.026198487728834152,0.8391818404197693,0.4533940255641937,0.344325989484787,-0.0063223945908248425,0.901431143283844,0.7441260814666748,0.3741660714149475,0.04227745532989502,0.8111210465431213,0.4048328995704651,0.4072108268737793,0.018038608133792877,0.8629194498062134,0.7538066506385803,0.38853174448013306,0.04133369401097298,0.7795282602310181,0.3915492296218872,0.42832228541374207,0.01713666319847107,0.8205637335777283,0.7468134164810181,0.3892225921154022,-0.016338318586349487,0.7854869365692139,0.39724987745285034,0.4286634027957916,-0.04985448345541954,0.8278548121452332,0.7374417781829834,0.38457396626472473,0.021011045202612877,0.7829969525337219,0.4044593572616577,0.4226439595222473,-0.00919004250317812,0.8211010694503784,0.6373901963233948,0.4137936532497406,-0.014674912206828594,0.9987452626228333,0.5224608182907104,0.4134214222431183,0.014207073487341404,0.9989703893661499,0.6521766781806946,0.5114709734916687,0.15332607924938202,0.9779234528541565,0.5114853978157043,0.5080809593200684,0.11132596433162689,0.9571627974510193,0.6791402101516724,0.6034667491912842,0.5152906775474548,0.9487521052360535,0.47555258870124817,0.6081874966621399,0.41244518756866455,0.9309290647506714,0.6736942529678345,0.609097421169281,0.5425112843513489,0.7517483234405518,0.47871673107147217,0.6133798956871033,0.4353455901145935,0.7656773924827576,0.6742264628410339,0.6486244797706604,0.31603485345840454,0.9332038164138794,0.47516417503356934,0.6547348499298096,0.21466851234436035,0.9148589968681335
6,squat,0,0.5939856171607971,0.23941420018672943,-0.7480170726776123,0.9970330595970154,0.6071995496749878,0.22975774109363556,-0.733909010887146,0.9899953603744507,0.615426242351532,0.229607492685318,-0.7338895797729492,0.9889986515045166,0.6236361265182495,0.22949276864528656,-0.7339893579483032,0.9895485043525696,0.5826399326324463,0.22912560403347015,-0.7351318001747131,0.992924153804779,0.5736874341964722,0.22876104712486267,-0.7351177930831909,0.9928056597709656,0.5648121237754822,0.2281719446182251,-0.7350855469703674,0.9943093061447144,0.63266921043396,0.230776846408844,-0.49032309651374817,0.98211669921875,0.549932062625885,0.22905942797660828,-0.49368178844451904,0.9911088347434998,0.6091265678405762,0.24881179630756378,-0.6426771879196167,0.9936668872833252,0.5739583969116211,0.24850909411907196,-0.6438609957695007,0.9951091408729553,0.6800570487976074,0.27465611696243286,-0.23376424610614777,0.9993777275085449,0.5036458373069763,0.27920109033584595,-0.20461314916610718,0.9995470643043518,0.7131410837173462,0.32839250564575195,0.019839905202388763,0.8466746211051941,0.4547591805458069,0.3406108319759369,0.031162066385149956,0.9065393209457397,0.7482643127441406,0.37545114755630493,0.014987524598836899,0.8124939203262329,0.4096243381500244,0.4032876789569855,0.1435903012752533,0.8629662990570068,0.7553799748420715,0.39003583788871765,-0.006922133732587099,0.77390056848526,0.39495617151260376,0.4247734248638153,0.14402435719966888,0.8158347606658936,0.7490570545196533,0.391449511051178,-0.08323297649621964,0.7811799049377441,0.39909622073173523,0.4254201352596283,0.05600923299789429,0.8239973187446594,0.7386090159416199,0.3868354260921478,-0.01775445230305195,0.7794263362884521,0.4067706763744354,0.4195379912853241,0.10930900275707245,0.8193087577819824,0.638070285320282,0.4146084487438202,-0.011556211858987808,0.9987367391586304,0.5238904356956482,0.41304823756217957,0.011346248909831047,0.9989272356033325,0.6529083251953125,0.5154194831848145,0.08485806733369827,0.9782009124755859,0.5095218420028687,0.5121408700942993,0.0718923807144165,0.9597542881965637,0.68016517162323,0.6072580814361572,0.44998911023139954,0.9512333869934082,0.47766244411468506,0.6099008321762085,0.4180649220943451,0.9350634217262268,0.6737864017486572,0.6134918332099915,0.47829827666282654,0.7631980180740356,0.4803840219974518,0.6159623265266418,0.4451892673969269,0.7734465003013611,0.6728253364562988,0.6522645950317383,0.22473999857902527,0.9359809160232544,0.4820590615272522,0.6550160646438599,0.1833242028951645,0.9187342524528503
7,squat,0,0.5912283658981323,0.24099434912204742,-0.6512221693992615,0.9973106980323792,0.6044209003448486,0.23128384351730347,-0.6318249106407166,0.9909244775772095,0.6131585240364075,0.23087291419506073,-0.6319302320480347,0.9900364875793457,0.6217008233070374,0.23057015240192413,-0.6320216655731201,0.9905217289924622,0.5781910419464111,0.23067283630371094,-0.6307386755943298,0.9935399889945984,0.5688624382019043,0.22995948791503906,-0.6307080388069153,0.9934297800064087,0.5593308210372925,0.22924304008483887,-0.6306651830673218,0.9947701096534729,0.6309310793876648,0.23095446825027466,-0.3935098648071289,0.9837968945503235,0.5474406480789185,0.22925986349582672,-0.38466647267341614,0.9918050765991211,0.607683539390564,0.24891343712806702,-0.5501008629798889,0.9942687749862671,0.571366012096405,0.24901026487350464,-0.5475762486457825,0.9955570101737976,0.6819197535514832,0.27536147832870483,-0.204280287027359,0.9994337558746338,0.5025581121444702,0.2796025574207306,-0.13721264898777008,0.9995715618133545,0.7165259122848511,0.333831250667572,-0.1416195183992386,0.8579134941101074,0.45441481471061707,0.3419339060783386,0.05390877649188042,0.912677526473999,0.7467668056488037,0.3741530776023865,-0.47140631079673767,0.8205081224441528,0.40744391083717346,0.4043766260147095,-0.07772820442914963,0.8682534098625183,0.7571174502372742,0.3886636197566986,-0.551836371421814,0.7785301804542542,0.3903636932373047,0.42720553278923035,-0.12441077828407288,0.8186513781547546,0.7505061626434326,0.3891533613204956,-0.6197032928466797,0.7864059805870056,0.3955285847187042,0.4280942380428314,-0.2027534395456314,0.827252984046936,0.740645170211792,0.38479503989219666,-0.5087484121322632,0.7846471667289734,0.4039023816585541,0.4218634068965912,-0.1146729439496994,0.8228894472122192,0.6368944048881531,0.41437938809394836,-0.018011780455708504,0.9987520575523376,0.5243160128593445,0.4116654396057129,0.01804630644619465,0.9988821148872375,0.6503244638442993,0.5185209512710571,-0.03438105806708336,0.9783808588981628,0.5079091787338257,0.5139052271842957,0.04951590299606323,0.962287962436676,0.6766242384910583,0.6085025668144226,0.4449157416820526,0.9533689618110657,0.47545281052589417,0.6097674369812012,0.3781595230102539,0.9391565322875977,0.6709235906600952,0.6152993440628052,0.45138663053512573,0.7691372036933899,0.4782819449901581,0.6166599988937378,0.4023536145687103,0.7793379426002502,0.6648155450820923,0.6489097476005554,0.12757918238639832,0.938137412071228,0.48021817207336426,0.6489539742469788,0.15286484360694885,0.92286616563797
8,squat,0,0.5930730104446411,0.243485689163208,-0.627153217792511,0.9975693821907043,0.6064491271972656,0.2331354320049286,-0.6039720773696899,0.9917922019958496,0.6150749325752258,0.23259061574935913,-0.6041481494903564,0.9909955859184265,0.6230478882789612,0.2319985032081604,-0.6042422652244568,0.9914279580116272,0.5800482630729675,0.233045294880867,-0.6042463183403015,0.9941306710243225,0.5707131028175354,0.2323358654975891,-0.6042013168334961,0.9940292835235596,0.5614004731178284,0.23166964948177338,-0.6041550636291504,0.9952321648597717,0.6314051151275635,0.23193544149398804,-0.3604039251804352,0.9853485226631165,0.5494555830955505,0.23115049302577972,-0.356087863445282,0.9925072193145752,0.6094964146614075,0.2516059875488281,-0.5248035788536072,0.9948250651359558,0.5737023949623108,0.2509485185146332,-0.5240940451622009,0.9959812760353088,0.6838536858558655,0.27819696068763733,-0.17817050218582153,0.999487578868866,0.5023197531700134,0.27982309460639954,-0.11681623756885529,0.9995960593223572,0.7187772989273071,0.33484792709350586,-0.11126888543367386,0.8690552711486816,0.4547155201435089,0.34387797117233276,0.033930085599422455,0.9186993837356567,0.7490599751472473,0.37297070026397705,-0.45485472679138184,0.8319888114929199,0.4050085246562958,0.4032568335533142,-0.17011918127536774,0.874963641166687,0.7594327926635742,0.38797393441200256,-0.5398948788642883,0.788661003112793,0.3853406608104706,0.4258294999599457,-0.23002958297729492,0.8244745135307312,0.75300133228302,0.3881751298904419,-0.6122266054153442,0.7968675494194031,0.3918667435646057,0.42726439237594604,-0.30973467230796814,0.8334226608276367,0.7429713010787964,0.38369694352149963,-0.49354761838912964,0.7944811582565308,0.4014821946620941,0.42113199830055237,-0.20792478322982788,0.829033613204956,0.6351522207260132,0.416374534368515,-0.017435289919376373,0.9987966418266296,0.5236979722976685,0.41167548298835754,0.017528755590319633,0.998841404914856,0.6509432196617126,0.5214678049087524,-0.09310636669397354,0.9793741106987,0.5082271099090576,0.5175567865371704,-0.01686701364815235,0.9649985432624817,0.6766176819801331,0.6121005415916443,0.31869205832481384,0.9564038515090942,0.4710131883621216,0.6105995178222656,0.3421598970890045,0.9434500336647034,0.670906662940979,0.6200034022331238,0.33912789821624756,0.7726754546165466,0.4680953919887543,0.617121696472168,0.3625470697879791,0.7817482352256775,0.6627659797668457,0.6504868268966675,0.02750205434858799,0.9416006803512573,0.48087453842163086,0.6503981351852417,0.061944033950567245,0.9276700615882874
9,squat,0,0.5919557809829712,0.24403390288352966,-0.5870780944824219,0.9977995753288269,0.6057250499725342,0.23441489040851593,-0.5818865299224854,0.9925612807273865,0.6143616437911987,0.23417383432388306,-0.5815190672874451,0.9918447732925415,0.6220829486846924,0.23378756642341614,-0.5815789699554443,0.9922291040420532,0.5793916583061218,0.2343519628047943,-0.5774701237678528,0.9946552515029907,0.5699959397315979,0.2341318130493164,-0.5774237513542175,0.9945637583732605,0.5611279606819153,0.23369823396205902,-0.5774598717689514,0.9956488013267517,0.63055419921875,0.23282435536384583,-0.31233131885528564,0.9867100119590759,0.5506021976470947,0.23292286694049835,-0.31100332736968994,0.9931313991546631,0.6082401275634766,0.2524263262748718,-0.5029225945472717,0.9953188300132751,0.573559045791626,0.25224557518959045,-0.4979446828365326,0.9963606595993042,0.6831153631210327,0.27947282791137695,-0.1233140304684639,0.9995343089103699,0.5021605491638184,0.28070494532585144,-0.07303868234157562,0.9996174573898315,0.7155919671058655,0.33292296528816223,-0.060787539929151535,0.8774351477622986,0.4537448287010193,0.3477253317832947,0.051627207547426224,0.9233415722846985,0.747348427772522,0.37214186787605286,-0.3637709617614746,0.8392288684844971,0.4050869345664978,0.4047505855560303,-0.15591837465763092,0.8798558115959167,0.7585396766662598,0.38747307658195496,-0.440812349319458,0.793042004108429,0.3865661919116974,0.4265187680721283,-0.21399538218975067,0.8283045291900635,0.7525381445884705,0.38783732056617737,-0.5105405449867249,0.8019489049911499,0.392866313457489,0.42814043164253235,-0.29241159558296204,0.8376927375793457,0.7433010935783386,0.383546382188797,-0.40008309483528137,0.7980027794837952,0.40282201766967773,0.42175716161727905,-0.19233520328998566,0.8328405022621155,0.6332825422286987,0.4171912968158722,-0.01521834172308445,0.9988011717796326,0.5240832567214966,0.41227254271507263,0.015352487564086914,0.9987596869468689,0.6513313055038452,0.52224200963974,-0.08739988505840302,0.9803224205970764,0.5091813802719116,0.5184838175773621,-0.05035456269979477,0.96727055311203,0.6766127943992615,0.6126134395599365,0.24911710619926453,0.9592261910438538,0.46921437978744507,0.6111212372779846,0.2583600878715515,0.9469763040542603,0.6709035634994507,0.621647298336029,0.2655958831310272,0.7739723324775696,0.46225330233573914,0.6174299716949463,0.273584246635437,0.7776261568069458,0.661726713180542,0.6502345204353333,-0.0390552282333374,0.9445951581001282,0.48307108879089355,0.6491684913635254,-0.02720656245946884,0.9313585162162781
10,squat,0,0.5921247601509094,0.24615995585918427,-0.6112877130508423,0.998014509677887,0.6057127118110657,0.23593197762966156,-0.5906450152397156,0.9932869076728821,0.6142327785491943,0.2356298416852951,-0.590751588344574,0.9926418662071228,0.6216491460800171,0.23508311808109283,-0.5908685326576233,0.9929869174957275,0.5795683264732361,0.23565903306007385,-0.5921482443809509,0.9951674938201904,0.5703016519546509,0.2353825867176056,-0.5921401381492615,0.995084285736084,0.5617528557777405,0.23487645387649536,-0.5921493172645569,0.996062159538269,0.6303331851959229,0.23363053798675537,-0.3357287645339966,0.9880099296569824,0.5513558387756348,0.23372143507003784,-0.34383416175842285,0.9937781095504761,0.6078986525535583,0.25404486060142517,-0.50993412733078,0.9957791566848755,0.5742831230163574,0.25403934717178345,-0.51130610704422,0.996716320514679,0.681528627872467,0.27874016761779785,-0.12667790055274963,0.9995790719985962,0.502414345741272,0.28127777576446533,-0.08463083952665329,0.9996436238288879,0.7133955359458923,0.3318702280521393,-0.039499759674072266,0.8860619068145752,0.4532318413257599,0.34904801845550537,0.05317940562963486,0.9271841049194336,0.7475123405456543,0.37128257751464844,-0.26590532064437866,0.8480028510093689,0.4055963456630707,0.40726059675216675,-0.14731957018375397,0.8844265341758728,0.7581532001495361,0.3873136639595032,-0.3291870653629303,0.8002176284790039,0.3887273967266083,0.42813125252723694,-0.20071803033351898,0.8324166536331177,0.7514839172363281,0.38772234320640564,-0.40294790267944336,0.809482991695404,0.395264595746994,0.42980656027793884,-0.28190192580223083,0.8421872854232788,0.7431290745735168,0.38354915380477905,-0.30057984590530396,0.8040490746498108,0.40462231636047363,0.4233662188053131,-0.18318423628807068,0.8366271257400513,0.632114052772522,0.41738367080688477,-0.01523556374013424,0.9988279342651367,0.5241784453392029,0.41266798973083496,0.01535874418914318,0.9987173080444336,0.651630163192749,0.523303747177124,-0.09689588844776154,0.9810848236083984,0.5083908438682556,0.5185453295707703,-0.05338765308260918,0.9686847925186157,0.6745901703834534,0.6141180992126465,0.23571553826332092,0.9616202116012573,0.4681561589241028,0.6146952509880066,0.2477049082517624,0.9496949911117554,0.6704122424125671,0.623852014541626,0.2526520788669586,0.769601583480835,0.4613218903541565,0.6242113709449768,0.26315364241600037,0.7718823552131653,0.6616973876953125,0.6510294079780579,-0.049039456993341446,0.9470673203468323,0.4838130474090576,0.6503012776374817,-0.035088177770376205,0.9342532753944397
11,squat,0,0.5928134322166443,0.24609839916229248,-0.5933870077133179,0.9982082843780518,0.6063738465309143,0.23575836420059204,-0.5710568428039551,0.9939415454864502,0.6147974729537964,0.23541374504566193,-0.5711937546730042,0.9933607578277588,0.6219087243080139,0.23494568467140198,-0.5713068246841431,0.9936710000038147,0.580420196056366,0.23544014990329742,-0.5729053020477295,0.99563068151474,0.5711796283721924,0.2350465953350067,-0.5728944540023804,0.9955549240112305,0.5625737905502319,0.23455171287059784,-0.5728972554206848,0.9964364767074585,0.6305389404296875,0.23371322453022003,-0.3288271129131317,0.9891821146011353,0.5519070625305176,0.23368960618972778,-0.33295807242393494,0.9943625330924988,0.608350932598114,0.25397220253944397,-0.49290594458580017,0.9961934089660645,0.5749701857566833,0.2539416253566742,-0.49441713094711304,0.9970365762710571,0.6804027557373047,0.27863427996635437,-0.11170903593301773,0.9996192455291748,0.5026170015335083,0.28175079822540283,-0.07638853788375854,0.9996650815010071,0.7120848894119263,0.33137989044189453,0.0148289380595088,0.8936346173286438,0.45307299494743347,0.3498421013355255,0.059274159371852875,0.9302723407745361,0.7472307085990906,0.37092673778533936,-0.2299617975950241,0.8559977412223816,0.40552112460136414,0.4074597954750061,-0.12084498256444931,0.8879955410957336,0.75776606798172,0.38735973834991455,-0.2837146818637848,0.8068453669548035,0.3890731930732727,0.42829951643943787,-0.17241188883781433,0.8353999257087708,0.7507334351539612,0.38779425621032715,-0.353528767824173,0.816450297832489,0.39555075764656067,0.42986470460891724,-0.25406721234321594,0.8456407785415649,0.7429428696632385,0.38373270630836487,-0.2600020468235016,0.8096223473548889,0.404694527387619,0.42336779832839966,-0.15686678886413574,0.8395051956176758,0.631922721862793,0.4173078238964081,-0.015169801190495491,0.998848557472229,0.5243282318115234,0.41273972392082214,0.015287061221897602,0.9986777305603027,0.6516426205635071,0.5236504673957825,-0.09352998435497284,0.9819194078445435,0.5083845257759094,0.5185540318489075,-0.05867096781730652,0.9701403975486755,0.673705518245697,0.6151070594787598,0.2184097170829773,0.9640097618103027,0.46652546525001526,0.6176714301109314,0.22278806567192078,0.9524743556976318,0.6703383326530457,0.6249600052833557,0.23325282335281372,0.7671912908554077,0.4581146240234375,0.628819465637207,0.23602508008480072,0.767549455165863,0.6611143350601196,0.6515664458274841,-0.06857112050056458,0.9496716260910034,0.4844743013381958,0.6508481502532959,-0.06320017576217651,0.9372065663337708
12,squat,0,0.5931000709533691,0.24647752940654755,-0.5849099159240723,0.9983841776847839,0.6067948937416077,0.23596377670764923,-0.5702539682388306,0.9945359230041504,0.6151943802833557,0.23557201027870178,-0.5701849460601807,0.9940128922462463,0.6220918297767639,0.2351182997226715,-0.5702149271965027,0.9942920804023743,0.5807728171348572,0.23569951951503754,-0.5666988492012024,0.9960537552833557,0.5714895725250244,0.2352205216884613,-0.5666785836219788,0.9959847927093506,0.5628615021705627,0.23471753299236298,-0.5667272210121155,0.9967793226242065,0.6308260560035706,0.23388756811618805,-0.3044140636920929,0.9902452230453491,0.5520195960998535,0.23374579846858978,-0.3182438910007477,0.994900107383728,0.608507513999939,0.25437596440315247,-0.48443618416786194,0.9965684413909912,0.5754260420799255,0.2542918920516968,-0.4931603968143463,0.9973270893096924,0.6798635721206665,0.2785533368587494,-0.09017553925514221,0.9996558427810669,0.502774178981781,0.28143957257270813,-0.05135579779744148,0.9996871948242188,0.7117196321487427,0.33105576038360596,0.05402906984090805,0.9009484648704529,0.4531783163547516,0.34923022985458374,0.09587395936250687,0.9331609010696411,0.7476268410682678,0.3707222640514374,-0.1831037700176239,0.8646638989448547,0.40569519996643066,0.4070134162902832,-0.09687740355730057,0.8920872807502747,0.7579913139343262,0.387080579996109,-0.24715793132781982,0.8153332471847534,0.38914328813552856,0.4279550313949585,-0.14715278148651123,0.839443564414978,0.7506178617477417,0.3874378502368927,-0.33819228410720825,0.8250516653060913,0.3953727185726166,0.42941004037857056,-0.228899747133255,0.8499791026115417,0.7430998086929321,0.3835552930831909,-0.2195730209350586,0.8170597553253174,0.40445783734321594,0.4229823648929596,-0.13267242908477783,0.8434125781059265,0.6318299174308777,0.41696253418922424,-0.015540240332484245,0.9988787174224854,0.5245254635810852,0.4123939871788025,0.01567031443119049,0.9986650347709656,0.6516246795654297,0.5236322283744812,-0.09601026028394699,0.9827640056610107,0.5081377625465393,0.5185496211051941,-0.06747164577245712,0.9716053009033203,0.6732388734817505,0.615763247013092,0.20028774440288544,0.9663024544715881,0.46562665700912476,0.6192384362220764,0.20193269848823547,0.9551746845245361,0.669935941696167,0.625565767288208,0.21354429423809052,0.7659329175949097,0.4567555785179138,0.6308350563049316,0.21414534747600555,0.7654088735580444,0.6606773734092712,0.6517941951751709,-0.08762160688638687,0.9522048234939575,0.4849383234977722,0.6513529419898987,-0.08238735795021057,0.9401258230209351
13,squat,0,0.5934703350067139,0.24609293043613434,-0.5790197849273682,0.9985415935516357,0.6071908473968506,0.23551394045352936,-0.56786048412323,0.9950681328773499,0.6155452728271484,0.2351379245519638,-0.5676489472389221,0.9945970773696899,0.6223127245903015,0.2347087413072586,-0.5676049590110779,0.9948484301567078,0.5811830163002014,0.23528271913528442,-0.5606064200401306,0.9964314699172974,0.5719079375267029,0.23478128015995026,-0.5605836510658264,0.9963685274124146,0.563244104385376,0.23427601158618927,-0.5606359243392944,0.99708491563797,0.6308588981628418,0.23358985781669617,-0.29579558968544006,0.9911980628967285,0.5521501898765564,0.23345135152339935,-0.3158406615257263,0.9953790307044983,0.6088294982910156,0.2540123164653778,-0.4802068769931793,0.9969046115875244,0.5757340788841248,0.2539602518081665,-0.48873773217201233,0.997587263584137,0.6788623332977295,0.2782372534275055,-0.08361567556858063,0.9996885657310486,0.502892255783081,0.2814667224884033,-0.05203169584274292,0.9997051954269409,0.7114126682281494,0.33077746629714966,0.06373866647481918,0.9075347781181335,0.4531274735927582,0.349488228559494,0.09628063440322876,0.9355817437171936,0.7479844689369202,0.370493084192276,-0.1647103875875473,0.87245112657547,0.40585821866989136,0.4072813093662262,-0.10018076747655869,0.8949005007743835,0.7582077383995056,0.38686907291412354,-0.22845381498336792,0.8228321671485901,0.3893173038959503,0.42813166975975037,-0.15168724954128265,0.8418294787406921,0.7504484057426453,0.3872031569480896,-0.31926554441452026,0.8326648473739624,0.39492303133010864,0.42959511280059814,-0.23565787076950073,0.8527345657348633,0.7431049346923828,0.3834303617477417,-0.20139077305793762,0.8236270546913147,0.4039161503314972,0.42325904965400696,-0.13699638843536377,0.8457097411155701,0.6314948797225952,0.4166164994239807,-0.014727331697940826,0.9988857507705688,0.5246846079826355,0.41214486956596375,0.014863664284348488,0.9986134171485901,0.6516193747520447,0.5236160755157471,-0.09345579892396927,0.9834181070327759,0.5080341696739197,0.518580973148346,-0.07131985574960709,0.9727271795272827,0.6730944514274597,0.6170681715011597,0.1861714869737625,0.9681388735771179,0.46458643674850464,0.6208539605140686,0.18081817030906677,0.9572279453277588,0.6698715686798096,0.6269667744636536,0.19756996631622314,0.7635775804519653,0.4553680419921875,0.6331238746643066,0.19100412726402283,0.7606669068336487,0.6602056622505188,0.6521337628364563,-0.10288313776254654,0.9540289640426636,0.4851206839084625,0.6516093015670776,-0.10848620533943176,0.942063570022583
14,squat,0,0.5937331318855286,0.24581480026245117,-0.5755531191825867,0.9986840486526489,0.6074668169021606,0.23531247675418854,-0.5659297108650208,0.9955498576164246,0.6157637238502502,0.234946608543396,-0.5656257271766663,0.9951257705688477,0.6224642395973206,0.23452672362327576,-0.5655333399772644,0.9953519105911255,0.581480860710144,0.23501281440258026,-0.5568681359291077,0.9967745542526245,0.5722097158432007,0.23448863625526428,-0.5568430423736572,0.9967173933982849,0.5635249614715576,0.2339550405740738,-0.5568991899490356,0.9973631501197815,0.6309330463409424,0.23341631889343262,-0.2942065894603729,0.9920605421066284,0.5523199439048767,0.233168363571167,-0.3153667449951172,0.9958162903785706,0.6090635061264038,0.2537083625793457,-0.47787630558013916,0.9972081184387207,0.5759796500205994,0.25364819169044495,-0.4851313531398773,0.9978222250938416,0.6782081723213196,0.2779086232185364,-0.0878019779920578,0.9997182488441467,0.5029789805412292,0.28142425417900085,-0.051001958549022675,0.9997221827507019,0.711712658405304,0.330609530210495,0.058597128838300705,0.9137401580810547,0.45304104685783386,0.34960106015205383,0.10050785541534424,0.9375991225242615,0.7481883764266968,0.3705226182937622,-0.1619109809398651,0.8793805837631226,0.40598660707473755,0.40723916888237,-0.0950048640370369,0.8978605270385742,0.7583090662956238,0.3870619237422943,-0.2243267446756363,0.829439640045166,0.38945502042770386,0.4281151592731476,-0.14601445198059082,0.8446900844573975,0.7502683997154236,0.3874042332172394,-0.3131159842014313,0.8393511176109314,0.39467328786849976,0.42949265241622925,-0.22960960865020752,0.8558833599090576,0.743028461933136,0.3837665915489197,-0.19777368009090424,0.8295679092407227,0.40350762009620667,0.42324724793434143,-0.13164527714252472,0.8485097885131836,0.6314573287963867,0.41633182764053345,-0.016191648319363594,0.998906672000885,0.524806797504425,0.41196390986442566,0.016333051025867462,0.998587429523468,0.6516319513320923,0.5235558152198792,-0.09105125069618225,0.9839297533035278,0.5080903172492981,0.5185893177986145,-0.060154300183057785,0.9734472632408142,0.6730853319168091,0.6171590685844421,0.18897363543510437,0.969679057598114,0.4647834002971649,0.6205275058746338,0.19686836004257202,0.9588468074798584,0.6699069142341614,0.6271342039108276,0.20059485733509064,0.7594942450523376,0.4568493068218231,0.63206946849823,0.20798154175281525,0.7559229731559753,0.6588078737258911,0.6521543264389038,-0.09637264162302017,0.9554357528686523,0.4851202070713043,0.6516194343566895,-0.08339666575193405,0.9436042904853821
15,squat,0,0.5939285755157471,0.24558599293231964,-0.5914562344551086,0.9988114833831787,0.6076739430427551,0.23515033721923828,-0.5703179240226746,0.9959807395935059,0.615947425365448,0.23479604721069336,-0.5703749060630798,0.9955988526344299,0.6226216554641724,0.23438683152198792,-0.5704419612884521,0.9958022832870483,0.5816970467567444,0.23478858172893524,-0.5710596442222595,0.9970798492431641,0.5724263787269592,0.2342417687177658,-0.5710419416427612,0.997027575969696,0.5637317895889282,0.2336777150630951,-0.5710458159446716,0.9976097345352173,0.631037712097168,0.23331975936889648,-0.3081352412700653,0.9928321838378906,0.5524588227272034,0.23293574154376984,-0.32973286509513855,0.9962015748023987,0.6092509627342224,0.2534714341163635,-0.4877423644065857,0.9974803328514099,0.5761399865150452,0.2534177005290985,-0.4937926232814789,0.9980325698852539,0.6778764128684998,0.2776731848716736,-0.0900079607963562,0.999744713306427,0.5030299425125122,0.2813960909843445,-0.06097586825489998,0.9997348785400391,0.7119163870811462,0.33047568798065186,0.04981206730008125,0.9193813800811768,0.4529487192630768,0.34948015213012695,0.08761795610189438,0.9395753741264343,0.7483373284339905,0.37054309248924255,-0.18695533275604248,0.8859403729438782,0.40622255206108093,0.4068813920021057,-0.12057553231716156,0.9001115560531616,0.7583810687065125,0.38719674944877625,-0.2512277364730835,0.8357822895050049,0.38967421650886536,0.4279097020626068,-0.17329898476600647,0.8464921116828918,0.7501838207244873,0.3875454068183899,-0.3326835334300995,0.8457239270210266,0.3948177993297577,0.4292287528514862,-0.25741177797317505,0.8579768538475037,0.7429999113082886,0.3839680254459381,-0.22331194579601288,0.8352360129356384,0.4036835730075836,0.42296236753463745,-0.15753453969955444,0.8502359390258789,0.6312301158905029,0.41618314385414124,-0.016105225309729576,0.9989081025123596,0.5248842239379883,0.41184020042419434,0.016240987926721573,0.9985306262969971,0.6516695618629456,0.5235098004341125,-0.09286695718765259,0.9843643307685852,0.5081212520599365,0.5187038779258728,-0.06079084053635597,0.9741634130477905,0.6728130578994751,0.617228090763092,0.1957811862230301,0.9710345268249512,0.4653414189815521,0.6208906173706055,0.1993095427751541,0.9603206515312195,0.669822096824646,0.6273646950721741,0.20830687880516052,0.7567262649536133,0.45741674304008484,0.6322597861289978,0.21061626076698303,0.7516674399375916,0.6585077047348022,0.6520950794219971,-0.09162290394306183,0.9567742347717285,0.48676440119743347,0.651771068572998,-0.08644217997789383,0.9450453519821167
16,squat,0,0.5940805673599243,0.24544000625610352,-0.5971962213516235,0.998926043510437,0.607832670211792,0.23504307866096497,-0.5728016495704651,0.9963677525520325,0.6160780787467957,0.2347065657377243,-0.5729550719261169,0.9960237145423889,0.6227169036865234,0.23431482911109924,-0.5730613470077515,0.9962065815925598,0.5818716883659363,0.23462538421154022,-0.5760725140571594,0.9973540306091309,0.5725975632667542,0.23406007885932922,-0.5760575532913208,0.9973061084747314,0.5638909935951233,0.23347246646881104,-0.5760489702224731,0.9978311657905579,0.6311120390892029,0.23328909277915955,-0.31470629572868347,0.9935248494148254,0.5525670647621155,0.23277658224105835,-0.3347020447254181,0.9965474605560303,0.6093922257423401,0.2533572316169739,-0.49216389656066895,0.9977251291275024,0.5762658715248108,0.2532923221588135,-0.49767592549324036,0.9982218742370605,0.6777340769767761,0.2775377631187439,-0.09224961698055267,0.9997684359550476,0.5030545592308044,0.28138989210128784,-0.06811298429965973,0.9997467398643494,0.7121408581733704,0.33038508892059326,0.04439174011349678,0.9245254993438721,0.4528975486755371,0.3493587076663971,0.07924112677574158,0.9418243169784546,0.7484529614448547,0.3705288767814636,-0.19526728987693787,0.8919691443443298,0.4064110815525055,0.40660354495048523,-0.12945698201656342,0.9028292894363403,0.7584298253059387,0.3872221112251282,-0.25930801033973694,0.8416515588760376,0.38989314436912537,0.4277050495147705,-0.18256546556949615,0.8489841818809509,0.7500805258750916,0.38756605982780457,-0.33777937293052673,0.8516203761100769,0.395114004611969,0.42899608612060547,-0.26569730043411255,0.8606375455856323,0.7429372072219849,0.3840276300907135,-0.23123227059841156,0.8404880166053772,0.4039979577064514,0.42273077368736267,-0.16597376763820648,0.8525744080543518,0.6311893463134766,0.41612425446510315,-0.015724942088127136,0.9989040493965149,0.5249255299568176,0.41175317764282227,0.015849456191062927,0.9984793663024902,0.6516090035438538,0.5235001444816589,-0.09448501467704773,0.9847499132156372,0.5081460475921631,0.5188519358634949,-0.06602778285741806,0.9748765230178833,0.6724485158920288,0.6175152063369751,0.19722987711429596,0.9722509980201721,0.4658338129520416,0.620818018913269,0.19642215967178345,0.9616916179656982,0.6697906255722046,0.6278689503669739,0.20994314551353455,0.754513144493103,0.4582599699497223,0.6318500638008118,0.20775878429412842,0.7482539415359497,0.6574972867965698,0.6519638895988464,-0.09139314293861389,0.957984209060669,0.4876077175140381,0.6519105434417725,-0.0917610451579094,0.9463689923286438
17,squat,0,0.5941815376281738,0.24531333148479462,-0.5988106727600098,0.9990293979644775,0.6079433560371399,0.2349412590265274,-0.5738735198974609,0.9967166185379028,0.6161476373672485,0.2346334010362625,-0.5740529298782349,0.9964068531990051,0.622723400592804,0.23426255583763123,-0.5741665959358215,0.9965712428092957,0.5820037126541138,0.23448221385478973,-0.5772828459739685,0.9976011514663696,0.5727387070655823,0.23389644920825958,-0.5772679448127747,0.9975571036338806,0.5640155673027039,0.2332920879125595,-0.5772551894187927,0.9980306029319763,0.6311252117156982,0.23328223824501038,-0.31937459111213684,0.9941495656967163,0.5526508688926697,0.23264503479003906,-0.33564361929893494,0.9968582391738892,0.6094779968261719,0.253293514251709,-0.4941505789756775,0.9979457855224609,0.5764268636703491,0.2531597316265106,-0.4986903667449951,0.9983924031257629,0.6777375936508179,0.2775234282016754,-0.09809859842061996,0.9997898936271667,0.5030769109725952,0.2814408540725708,-0.07113819569349289,0.9997574687004089,0.7122087478637695,0.33035895228385925,0.04017376899719238,0.9292960166931152,0.4529064893722534,0.34925344586372375,0.07804156839847565,0.9437888860702515,0.7485699653625488,0.3704802989959717,-0.20690305531024933,0.8977586627006531,0.40653300285339355,0.4064219295978546,-0.12686577439308167,0.9053279757499695,0.7585271596908569,0.3871077001094818,-0.27114906907081604,0.8476163744926453,0.39007312059402466,0.42755481600761414,-0.17961639165878296,0.8513534069061279,0.7501024007797241,0.3874478340148926,-0.34864750504493713,0.8575397729873657,0.39533787965774536,0.4288211464881897,-0.2620605230331421,0.8631471395492554,0.7429764270782471,0.3838590979576111,-0.24259254336357117,0.8458791971206665,0.40422895550727844,0.4225689470767975,-0.1631489247083664,0.8548371195793152,0.6309886574745178,0.41614171862602234,-0.015659410506486893,0.998900294303894,0.5248692035675049,0.4117022752761841,0.01577785797417164,0.9984357357025146,0.6515443921089172,0.5234811305999756,-0.09498417377471924,0.9851070642471313,0.5081167817115784,0.5189477205276489,-0.06685912609100342,0.9755907654762268,0.672298014163971,0.6175540089607239,0.19959472119808197,0.9733713269233704,0.4661768078804016,0.6208879351615906,0.19795534014701843,0.9629651308059692,0.6697719693183899,0.6279053688049316,0.21266697347164154,0.7520309090614319,0.45874249935150146,0.631793737411499,0.20959028601646423,0.7453039288520813,0.6571192741394043,0.651898980140686,-0.08883195370435715,0.9591357111930847,0.48845210671424866,0.6520139575004578,-0.08927509933710098,0.9476398825645447
18,squat,0,0.5942652225494385,0.2452360838651657,-0.594585120677948,0.999122679233551,0.6080321669578552,0.23487675189971924,-0.5698849558830261,0.9970317482948303,0.6162065267562866,0.23459868133068085,-0.5700647830963135,0.9967528581619263,0.6227347254753113,0.23424667119979858,-0.5701799988746643,0.9969006180763245,0.582105278968811,0.23438921570777893,-0.5730816721916199,0.9978250861167908,0.572847306728363,0.23378899693489075,-0.5730659365653992,0.9977844953536987,0.5641120672225952,0.23317329585552216,-0.5730539560317993,0.9982115030288696,0.6311542987823486,0.2333059161901474,-0.3186277449131012,0.9947131872177124,0.5527167916297913,0.23257188498973846,-0.3328213393688202,0.9971407651901245,0.6095512509346008,0.2532993257045746,-0.49080294370651245,0.9981446862220764,0.5765377283096313,0.25310635566711426,-0.49481505155563354,0.998546302318573,0.6778101921081543,0.2775825560092926,-0.10047359019517899,0.999809205532074,0.5031026601791382,0.2815703749656677,-0.07102679461240768,0.9997676610946655,0.7122920751571655,0.33039525151252747,0.03980197757482529,0.933670699596405,0.4529149830341339,0.34918123483657837,0.0782388299703598,0.9457002878189087,0.74864661693573,0.37036269903182983,-0.2110748440027237,0.9032813310623169,0.4066022038459778,0.4063158929347992,-0.12311016768217087,0.9079928994178772,0.7586146593093872,0.3870905637741089,-0.27587583661079407,0.8535254597663879,0.3902101218700409,0.42745327949523926,-0.17571289837360382,0.8541402816772461,0.7501096129417419,0.38740023970603943,-0.3525613248348236,0.8633524179458618,0.39550819993019104,0.42871150374412537,-0.2576521933078766,0.8659754395484924,0.7430087327957153,0.3837467432022095,-0.24651382863521576,0.8512454628944397,0.40438687801361084,0.42247751355171204,-0.15914851427078247,0.8574341535568237,0.6308210492134094,0.41619032621383667,-0.015565757639706135,0.9988985657691956,0.5248394012451172,0.41168224811553955,0.01567772962152958,0.9984014630317688,0.6514832377433777,0.5234847068786621,-0.0952087789773941,0.9853785634040833,0.5080113410949707,0.5190454125404358,-0.0674566775560379,0.9762210249900818,0.6721693873405457,0.6178213953971863,0.19454504549503326,0.9743267893791199,0.46628838777542114,0.6210411190986633,0.19347016513347626,0.9640822410583496,0.6697573661804199,0.6282649040222168,0.20701347291469574,0.7503620982170105,0.45885947346687317,0.6320004463195801,0.20464356243610382,0.742767870426178,0.6565438508987427,0.6518880724906921,-0.09348449110984802,0.9600872993469238,0.48926660418510437,0.6520916223526001,-0.09332336485385895,0.9486985206604004
19,squat,0,0.5943261981010437,0.24520455300807953,-0.5903599858283997,0.9992064833641052,0.6080975532531738,0.23485927283763885,-0.5642212629318237,0.9973151087760925,0.6162424087524414,0.2346067577600479,-0.5644304156303406,0.9970638155937195,0.622718870639801,0.23427027463912964,-0.5645502805709839,0.997196614742279,0.5821799039840698,0.23434047400951385,-0.568077564239502,0.9980264902114868,0.5729321241378784,0.23372569680213928,-0.5680570602416992,0.9979890584945679,0.5641871094703674,0.23309825360774994,-0.5680325627326965,0.9983742237091064,0.6311638951301575,0.23334845900535583,-0.31237003207206726,0.995219349861145,0.5527690649032593,0.2325344979763031,-0.32806307077407837,0.997395396232605,0.6096000671386719,0.25334790349006653,-0.4861377477645874,0.9983233213424683,0.5766378045082092,0.253091961145401,-0.49096113443374634,0.9986846446990967,0.6779190897941589,0.2777315080165863,-0.10112453997135162,0.9998265504837036,0.5031237602233887,0.28173524141311646,-0.06921865046024323,0.99977707862854,0.7124089002609253,0.33057454228401184,0.03857864439487457,0.9375432133674622,0.45292726159095764,0.3491463363170624,0.07851462066173553,0.9473600387573242,0.7486714720726013,0.3702544569969177,-0.21184661984443665,0.9081035256385803,0.40663158893585205,0.40626075863838196,-0.12370121479034424,0.9102436304092407,0.7586641311645508,0.3870491683483124,-0.27713221311569214,0.8585760593414307,0.39031434059143066,0.4273894131183624,-0.17663943767547607,0.8564649224281311,0.7500302791595459,0.38736072182655334,-0.3525964915752411,0.8683362603187561,0.39563703536987305,0.4286482632160187,-0.25802081823349,0.8683264851570129,0.7429986000061035,0.38366779685020447,-0.24694980680942535,0.8558240532875061,0.40449702739715576,0.42243269085884094,-0.15951485931873322,0.8595439791679382,0.6306528449058533,0.4162328839302063,-0.015215074643492699,0.9988989233970642,0.5247998237609863,0.411691814661026,0.015317894518375397,0.9983681440353394,0.651477038860321,0.5235405564308167,-0.09379811584949493,0.9855710864067078,0.507885217666626,0.5191303491592407,-0.06625746935606003,0.9767187833786011,0.6720002889633179,0.6189807057380676,0.1859581470489502,0.9751327037811279,0.4662461578845978,0.6210566163063049,0.1879054754972458,0.9649732708930969,0.6698090434074402,0.6294610500335693,0.19717301428318024,0.749329686164856,0.458725243806839,0.6319919228553772,0.19832812249660492,0.7398394346237183,0.6559038162231445,0.6519500613212585,-0.10083048790693283,0.960809588432312,0.48964810371398926,0.6521491408348083,-0.09728733450174332,0.9494558572769165
20,squat,0,0.5943695306777954,0.24521104991436005,-0.5857645273208618,0.9992820620536804,0.608147919178009,0.2348678708076477,-0.5589796304702759,0.9975706338882446,0.6162691116333008,0.2346348911523819,-0.5592023730278015,0.9973441958427429,0.622703492641449,0.23430752754211426,-0.5593276619911194,0.9974634647369385,0.5822303295135498,0.2343289703130722,-0.5631248950958252,0.9982084035873413,0.5729939937591553,0.23370231688022614,-0.5631023049354553,0.9981738924980164,0.5642403960227966,0.23306748270988464,-0.5630708336830139,0.9985214471817017,0.6311763525009155,0.23338797688484192,-0.3070951998233795,0.9956755042076111,0.5528144836425781,0.23252980411052704,-0.32311785221099854,0.9976264834403992,0.6096373796463013,0.25343048572540283,-0.48131734132766724,0.9984842538833618,0.5767261385917664,0.253125935792923,-0.48647281527519226,0.9988093972206116,0.678017258644104,0.27787187695503235,-0.09988045692443848,0.9998421669006348,0.5031378269195557,0.28185945749282837,-0.06699872761964798,0.9997859597206116,0.7124331593513489,0.33090871572494507,0.03700771555304527,0.94101482629776,0.4529363811016083,0.3491532504558563,0.07870610803365707,0.9488350749015808,0.7487282752990723,0.37024158239364624,-0.21100012958049774,0.9123139381408691,0.4066688120365143,0.4062349796295166,-0.12607644498348236,0.9122536778450012,0.7586802244186401,0.3869732618331909,-0.27653664350509644,0.8628532886505127,0.39039504528045654,0.42734625935554504,-0.1796741634607315,0.8585286140441895,0.7499403953552246,0.387306809425354,-0.3515986204147339,0.8725931644439697,0.39573919773101807,0.4286044239997864,-0.2612018287181854,0.8704197406768799,0.742993950843811,0.3835829198360443,-0.2460314929485321,0.8596742749214172,0.40458962321281433,0.4224076271057129,-0.16197878122329712,0.8613812923431396,0.630596935749054,0.4162638187408447,-0.015118450857698917,0.9989040493965149,0.5247653126716614,0.41172075271606445,0.015218387357890606,0.9983440041542053,0.6514754295349121,0.5236186385154724,-0.09316635876893997,0.9857773780822754,0.5077842473983765,0.5192124247550964,-0.06588680297136307,0.9771687984466553,0.6719172596931458,0.6203283667564392,0.18003341555595398,0.975950300693512,0.46613678336143494,0.6210442185401917,0.18616314232349396,0.9658209085464478,0.6700658202171326,0.6308400630950928,0.19050158560276031,0.7492316961288452,0.45854490995407104,0.631942093372345,0.19641560316085815,0.7375625371932983,0.6551602482795715,0.6520208120346069,-0.10803306847810745,0.9615691304206848,0.48987630009651184,0.6521919369697571,-0.09866088628768921,0.9502052068710327
21,squat,0,0.5943800806999207,0.24522560834884644,-0.5728999972343445,0.9993501901626587,0.6081765294075012,0.23488052189350128,-0.5463449358940125,0.9978010058403015,0.6162739992141724,0.2346610724925995,-0.5465654134750366,0.9975969791412354,0.6226663589477539,0.23434168100357056,-0.5466930270195007,0.9977040886878967,0.5822437405586243,0.2343357354402542,-0.5501976013183594,0.9983726143836975,0.573015034198761,0.23370152711868286,-0.5501747131347656,0.9983407258987427,0.5642521381378174,0.2330661565065384,-0.5501402616500854,0.9986544251441956,0.6311816573143005,0.2334456741809845,-0.29709169268608093,0.9960867762565613,0.5528420209884644,0.23256027698516846,-0.31180310249328613,0.9978352785110474,0.6096512079238892,0.2535160779953003,-0.46968209743499756,0.9986291527748108,0.5768121480941772,0.25317299365997314,-0.4743686020374298,0.9989217519760132,0.6780914664268494,0.27799588441848755,-0.09568345546722412,0.9998562932014465,0.5031391382217407,0.28199443221092224,-0.06070534139871597,0.999794065952301,0.7125288248062134,0.3312106430530548,0.036369722336530685,0.9441590309143066,0.45294398069381714,0.34919723868370056,0.0805363580584526,0.9501403570175171,0.7487540245056152,0.3702019453048706,-0.20894265174865723,0.9162331223487854,0.406707763671875,0.40621960163116455,-0.12301438301801682,0.9140750765800476,0.7586839199066162,0.3869107961654663,-0.2740006446838379,0.8669530749320984,0.39045652747154236,0.4273155927658081,-0.17619962990283966,0.8603864312171936,0.7498640418052673,0.38724422454833984,-0.3486437499523163,0.8766550421714783,0.3958236277103424,0.4285736680030823,-0.25730982422828674,0.8723037838935852,0.742974579334259,0.38351157307624817,-0.24380815029144287,0.8634037971496582,0.40466544032096863,0.4223898947238922,-0.15879759192466736,0.8630568981170654,0.6305875778198242,0.4162966012954712,-0.015114911831915379,0.998913586139679,0.524720311164856,0.41176536679267883,0.015212789177894592,0.9983301162719727,0.651482880115509,0.5236790776252747,-0.0926818773150444,0.98597651720047,0.5076659321784973,0.5192887187004089,-0.06505464017391205,0.9775553345680237,0.6718748211860657,0.6212506294250488,0.17669014632701874,0.9766920804977417,0.4660298228263855,0.6210241913795471,0.1857459992170334,0.9665592908859253,0.6704954504966736,0.6317695379257202,0.18689917027950287,0.7488911151885986,0.4584785997867584,0.6318936944007874,0.19592741131782532,0.7351210117340088,0.6545650362968445,0.652088463306427,-0.11103404313325882,0.9622478485107422,0.4899258315563202,0.6522238850593567,-0.09791532158851624,0.9508334398269653
22,squat,0,0.5943723917007446,0.24527281522750854,-0.56993168592453,0.9994114637374878,0.6081894636154175,0.23491661250591278,-0.543644368648529,0.9980082511901855,0.6162676215171814,0.2347051054239273,-0.5438606142997742,0.9978244304656982,0.622622549533844,0.23439134657382965,-0.543988823890686,0.9979206323623657,0.5822284817695618,0.23438549041748047,-0.5473983883857727,0.9985203742980957,0.5730005502700806,0.23375117778778076,-0.5473765730857849,0.9984908699989319,0.5642268061637878,0.23312455415725708,-0.5473438501358032,0.9987741708755493,0.6311891674995422,0.23352959752082825,-0.2951105237007141,0.9964568018913269,0.5528370141983032,0.23265883326530457,-0.3092557191848755,0.998023271560669,0.6096543669700623,0.25362101197242737,-0.46696534752845764,0.9987595081329346,0.5768810510635376,0.2532680332660675,-0.47145724296569824,0.9990227222442627,0.678133487701416,0.2780822515487671,-0.09503531455993652,0.9998689889907837,0.5031368732452393,0.28211691975593567,-0.05941423401236534,0.9998011589050293,0.7127061486244202,0.3313758671283722,0.0357038751244545,0.9469112157821655,0.4529470205307007,0.34925925731658936,0.08064524829387665,0.9512990117073059,0.7488028407096863,0.3701629936695099,-0.208923801779747,0.9195467233657837,0.40675732493400574,0.4062098264694214,-0.12279806286096573,0.9155577421188354,0.7586706876754761,0.3868623673915863,-0.27436181902885437,0.8702719211578369,0.3905045986175537,0.4272933006286621,-0.17610090970993042,0.8617756962776184,0.7497678399085999,0.3871877193450928,-0.3487946689128876,0.8799734711647034,0.39589542150497437,0.4285496473312378,-0.2571413218975067,0.8737422227859497,0.7429271936416626,0.38345465064048767,-0.24377405643463135,0.866365909576416,0.40473559498786926,0.422374963760376,-0.15856702625751495,0.864284336566925,0.630569577217102,0.416316419839859,-0.015132978558540344,0.9989203810691833,0.5246887803077698,0.41180163621902466,0.015227771364152431,0.9983152151107788,0.6515007615089417,0.5236971974372864,-0.09250832349061966,0.9861507415771484,0.5075788497924805,0.5193629264831543,-0.06453510373830795,0.9778819680213928,0.6718566417694092,0.6218566298484802,0.17384572327136993,0.9773872494697571,0.4659750163555145,0.6210262775421143,0.18515148758888245,0.9672266244888306,0.6711543798446655,0.6324862837791443,0.18376530706882477,0.7486184239387512,0.4585045278072357,0.6319074034690857,0.1952228844165802,0.7330165505409241,0.6536629796028137,0.6521028876304626,-0.114688940346241,0.9629098176956177,0.489968866109848,0.6522473692893982,-0.09843767434358597,0.9514243006706238
23,squat,0,0.5942113399505615,0.24529628455638885,-0.5665724873542786,0.9994665384292603,0.6080948710441589,0.23491288721561432,-0.5406129956245422,0.9981943368911743,0.6161745190620422,0.2346993237733841,-0.5408255457878113,0.9980286955833435,0.6224851012229919,0.23438501358032227,-0.5409539341926575,0.998115062713623,0.5820472836494446,0.23440685868263245,-0.5441260933876038,0.998652994632721,0.5728037357330322,0.23377001285552979,-0.5441054701805115,0.9986256957054138,0.5640400052070618,0.23315754532814026,-0.5440748333930969,0.9988816380500793,0.631162703037262,0.23354296386241913,-0.29295334219932556,0.996789276599884,0.5527547597885132,0.23271754384040833,-0.30599820613861084,0.9981920123100281,0.6095343828201294,0.25365185737609863,-0.46393021941185,0.9988766312599182,0.5768886804580688,0.25332799553871155,-0.46805164217948914,0.9991135001182556,0.6781642436981201,0.27817270159721375,-0.09278381615877151,0.999880313873291,0.503113329410553,0.2821425795555115,-0.05718487501144409,0.9998077750205994,0.7128320932388306,0.3314593732357025,0.038281653076410294,0.94924396276474,0.45295295119285583,0.3492535650730133,0.08273009210824966,0.9522497653961182,0.7488417625427246,0.37013882398605347,-0.20184138417243958,0.9221503138542175,0.40680062770843506,0.4061848819255829,-0.12123037874698639,0.9166914224624634,0.7586851119995117,0.38682466745376587,-0.2673723101615906,0.8726315498352051,0.3905392289161682,0.4272720217704773,-0.1738281399011612,0.8627288937568665,0.7497631907463074,0.38714009523391724,-0.3422142267227173,0.8823958039283752,0.3959473967552185,0.42852532863616943,-0.2547253668308258,0.8747667670249939,0.7429359555244446,0.3834100663661957,-0.23684033751487732,0.8684402704238892,0.4047945439815521,0.42235031723976135,-0.15691573917865753,0.8651450872421265,0.6305617094039917,0.4163174033164978,-0.015130842104554176,0.9989252090454102,0.5246233940124512,0.41182127594947815,0.015224427916109562,0.998302698135376,0.6515077948570251,0.5236992239952087,-0.09206873923540115,0.9863259792327881,0.5075216889381409,0.5194454193115234,-0.0642654299736023,0.9782401919364929,0.6718419194221497,0.6221930384635925,0.1734745353460312,0.9780445098876953,0.4659178555011749,0.6212242841720581,0.18359144032001495,0.9679065346717834,0.6717066764831543,0.6328713297843933,0.18326763808727264,0.7483857274055481,0.4585082232952118,0.6323685050010681,0.1934266984462738,0.7313820719718933,0.6528844237327576,0.6522154808044434,-0.11534053832292557,0.9635614156723022,0.4901215732097626,0.6523073315620422,-0.10050296038389206,0.9520596265792847
24,squat,0,0.5941430330276489,0.24526336789131165,-0.5512235760688782,0.9995161890983582,0.6080549359321594,0.23488925397396088,-0.5252466201782227,0.9983623623847961,0.6161246299743652,0.23467446863651276,-0.5254586338996887,0.9982132911682129,0.6224039793014526,0.2343604415655136,-0.5255833268165588,0.9982907176017761,0.5819719433784485,0.23438020050525665,-0.5285245776176453,0.9987728595733643,0.5727334022521973,0.23374491930007935,-0.5285032391548157,0.9987476468086243,0.5639814734458923,0.2331373542547226,-0.5284700393676758,0.9989787340164185,0.6311631798744202,0.2335226684808731,-0.2813557982444763,0.9970898032188416,0.5527511239051819,0.2327362596988678,-0.29324156045913696,0.9983450174331665,0.6094903349876404,0.25362569093704224,-0.45052993297576904,0.9989821910858154,0.5769222974777222,0.25332531332969666,-0.4542291760444641,0.9991952776908875,0.6783390641212463,0.278311163187027,-0.08796900510787964,0.9998905062675476,0.5030999183654785,0.28217095136642456,-0.05175409093499184,0.999813437461853,0.7129749655723572,0.3316743075847626,0.03675147891044617,0.9513636231422424,0.45298266410827637,0.3492392897605896,0.08472791314125061,0.953141450881958,0.7489708662033081,0.3703277111053467,-0.20847028493881226,0.9246194958686829,0.4068257510662079,0.4061710834503174,-0.12021937221288681,0.9175823926925659,0.7587414383888245,0.3868865370750427,-0.27469760179519653,0.8750954866409302,0.39055222272872925,0.42725664377212524,-0.17366079986095428,0.8634628653526306,0.7498277425765991,0.38713935017585754,-0.3481694161891937,0.8848713636398315,0.3960018455982208,0.4285140931606293,-0.2541600465774536,0.8755651116371155,0.7430422306060791,0.38346803188323975,-0.24322393536567688,0.8706721663475037,0.40485671162605286,0.42233192920684814,-0.1558380424976349,0.8657938838005066,0.6305575966835022,0.41634026169776917,-0.015118209645152092,0.9989292621612549,0.5245956778526306,0.41185423731803894,0.015211277641355991,0.998288094997406,0.6515039801597595,0.5237060785293579,-0.0917920395731926,0.986392617225647,0.5074726939201355,0.5195090770721436,-0.06399678438901901,0.9784993529319763,0.6718245148658752,0.6226882934570312,0.1661147177219391,0.97850102186203,0.4657837748527527,0.6214624643325806,0.17740318179130554,0.9683154821395874,0.6724104881286621,0.6335853934288025,0.17482782900333405,0.7465916872024536,0.4585065245628357,0.6328034996986389,0.18623381853103638,0.7283897995948792,0.6523563265800476,0.6523697376251221,-0.12201740592718124,0.9639120697975159,0.49017006158828735,0.6523289680480957,-0.10578080266714096,0.9522789716720581
25,squat,0,0.5940288305282593,0.24523721635341644,-0.5396758317947388,0.9995607137680054,0.6079936623573303,0.2348697930574417,-0.5136978626251221,0.9985129237174988,0.6160590052604675,0.2346537709236145,-0.5139091610908508,0.9983787536621094,0.622321367263794,0.23433956503868103,-0.5140348076820374,0.9984481930732727,0.5818492770195007,0.23435889184474945,-0.5167434215545654,0.9988799691200256,0.5726096630096436,0.23372483253479004,-0.516721248626709,0.9988566637039185,0.56388258934021,0.23311994969844818,-0.5166882872581482,0.9990655183792114,0.6311600804328918,0.23351049423217773,-0.27152255177497864,0.9973591566085815,0.5527346134185791,0.23275403678417206,-0.28229936957359314,0.9984812140464783,0.6094053387641907,0.253607839345932,-0.4398289620876312,0.999076783657074,0.5769210457801819,0.25332680344581604,-0.44317665696144104,0.9992685317993164,0.6784438490867615,0.2784495949745178,-0.08046987652778625,0.9998995661735535,0.5030841827392578,0.2822149693965912,-0.04403327405452728,0.9998180866241455,0.7129990458488464,0.33175671100616455,0.040520355105400085,0.9531176090240479,0.45299413800239563,0.34925392270088196,0.09255308657884598,0.9539394974708557,0.7490726709365845,0.37034061551094055,-0.19931229948997498,0.9266404509544373,0.40685296058654785,0.4061461091041565,-0.10901155322790146,0.918380081653595,0.7588320374488831,0.3868711292743683,-0.2649977207183838,0.8769965767860413,0.390577107667923,0.4272269606590271,-0.16194233298301697,0.8641172051429749,0.7498997449874878,0.38710564374923706,-0.3378361463546753,0.8868060111999512,0.39604759216308594,0.4284781813621521,-0.24196955561637878,0.8762722611427307,0.7431274056434631,0.3834490180015564,-0.23384588956832886,0.8723547458648682,0.40491384267807007,0.42231664061546326,-0.14451506733894348,0.8664141297340393,0.630561351776123,0.41635748744010925,-0.01498351525515318,0.998930037021637,0.5245548486709595,0.4118940532207489,0.01507599651813507,0.998273491859436,0.6515436768531799,0.5237064957618713,-0.09121361374855042,0.9864804744720459,0.5074091553688049,0.5195759534835815,-0.06384838372468948,0.9788034558296204,0.6718212366104126,0.6228603720664978,0.1648665815591812,0.9789212942123413,0.4656533896923065,0.6217527389526367,0.17290201783180237,0.9687277674674988,0.6729865670204163,0.6338561177253723,0.1735619306564331,0.7448627948760986,0.4584740698337555,0.6332932710647583,0.18148739635944366,0.7255877256393433,0.6521967649459839,0.6524518132209778,-0.12228137254714966,0.9642304182052612,0.49019962549209595,0.6523813605308533,-0.10994914174079895,0.952501118183136
26,squat,0,0.5938641428947449,0.24521708488464355,-0.5335095524787903,0.9996010065078735,0.6078975200653076,0.2348496913909912,-0.5077210068702698,0.9986491203308105,0.6159685850143433,0.23463433980941772,-0.5079314112663269,0.9985284209251404,0.622224748134613,0.23432078957557678,-0.5080562233924866,0.9985906481742859,0.5816500186920166,0.23434272408485413,-0.5105336904525757,0.9989771842956543,0.5723968744277954,0.2337093949317932,-0.5105109214782715,0.9989556074142456,0.5637092590332031,0.23311221599578857,-0.5104759335517883,0.9991443753242493,0.6311430335044861,0.23350133001804352,-0.2668839395046234,0.9976027607917786,0.552678644657135,0.23278513550758362,-0.2766280472278595,0.9986052513122559,0.6092931032180786,0.253598690032959,-0.43420177698135376,0.9991622567176819,0.576871395111084,0.25334256887435913,-0.43723708391189575,0.9993347525596619,0.678543746471405,0.27857157588005066,-0.07729342579841614,0.9999078512191772,0.503059446811676,0.28225991129875183,-0.039090946316719055,0.999822735786438,0.7130550146102905,0.33177971839904785,0.043413739651441574,0.9547933340072632,0.4529869556427002,0.34930986166000366,0.09877108037471771,0.954688549041748,0.7491284012794495,0.37033307552337646,-0.19105002284049988,0.928594172000885,0.406884104013443,0.40613263845443726,-0.09997311979532242,0.919204592704773,0.7589039206504822,0.38686296343803406,-0.25590282678604126,0.8789257407188416,0.39059850573539734,0.42721909284591675,-0.15221427381038666,0.864862322807312,0.7499321699142456,0.3870792090892792,-0.32848572731018066,0.8887472152709961,0.3960844874382019,0.42846962809562683,-0.23192758858203888,0.8770497441291809,0.7431564927101135,0.38343703746795654,-0.22535276412963867,0.8741040229797363,0.4049607813358307,0.4223012626171112,-0.13534970581531525,0.8671366572380066,0.6305704712867737,0.41636934876441956,-0.014979076571762562,0.9989332556724548,0.5245251059532166,0.4119286835193634,0.015071900561451912,0.9982634782791138,0.6515991687774658,0.5237082839012146,-0.0908648669719696,0.986569881439209,0.5073501467704773,0.5196110010147095,-0.06367777287960052,0.9790735840797424,0.671827495098114,0.6229197978973389,0.162920743227005,0.9793160557746887,0.4655666947364807,0.621849775314331,0.17174743115901947,0.9690903425216675,0.6736213564872742,0.6339631676673889,0.17146188020706177,0.743392825126648,0.4584818482398987,0.6334207653999329,0.1802808940410614,0.7230979204177856,0.6520363688468933,0.652502715587616,-0.12347535789012909,0.9645240306854248,0.49023401737213135,0.6523970365524292,-0.10995594412088394,0.9526917338371277
27,squat,0,0.593660295009613,0.2452004849910736,-0.48756054043769836,0.9996384382247925,0.6078245043754578,0.23483583331108093,-0.46067601442337036,0.9987760186195374,0.6158983111381531,0.23462188243865967,-0.4608807861804962,0.9986674189567566,0.6221628189086914,0.2343120127916336,-0.4610149562358856,0.9987235069274902,0.5814487338066101,0.23433054983615875,-0.4629090130329132,0.9990695118904114,0.5721617937088013,0.23370186984539032,-0.4628851115703583,0.9990495443344116,0.5635245442390442,0.2331037074327469,-0.4628230929374695,0.9992203116416931,0.6311189532279968,0.23349402844905853,-0.22339825332164764,0.9978291988372803,0.5525313019752502,0.2327786684036255,-0.23115171492099762,0.9987255334854126,0.6091377139091492,0.2535884976387024,-0.3902585506439209,0.9992404580116272,0.5767242908477783,0.2533327639102936,-0.39272093772888184,0.9993957281112671,0.6785836815834045,0.27882063388824463,-0.04841354489326477,0.999915599822998,0.5029225945472717,0.2823476493358612,0.003371630096808076,0.9998272657394409,0.7131063938140869,0.3317800462245941,0.06963077187538147,0.956217348575592,0.45293793082237244,0.349428653717041,0.14296801388263702,0.9550440907478333,0.7491801977157593,0.3698172867298126,-0.14273756742477417,0.9310840964317322,0.4070502519607544,0.40604889392852783,-0.046787116676568985,0.9207116961479187,0.7589172720909119,0.3865047097206116,-0.20531997084617615,0.8821299076080322,0.3906388580799103,0.4270695149898529,-0.0976458415389061,0.8668767809867859,0.7499417066574097,0.3866739869117737,-0.27719059586524963,0.8918066620826721,0.39612331986427307,0.4282993674278259,-0.176128089427948,0.8790202736854553,0.7431695461273193,0.3829907476902008,-0.17633813619613647,0.8771004676818848,0.40500742197036743,0.42215049266815186,-0.08183127641677856,0.869186520576477,0.6306673884391785,0.41624221205711365,-0.017283260822296143,0.9989702105522156,0.5245407223701477,0.4118485748767853,0.017394255846738815,0.9983152747154236,0.6524626612663269,0.5237621068954468,-0.09107817709445953,0.9868776798248291,0.5071129202842712,0.5197791457176208,-0.061974845826625824,0.9794917702674866,0.672208845615387,0.6228715777397156,0.1519935429096222,0.9800223112106323,0.4655265510082245,0.6218448281288147,0.1699976623058319,0.9699174165725708,0.6748859286308289,0.6339091658592224,0.16005291044712067,0.743302583694458,0.4586452841758728,0.6333989500999451,0.1782650202512741,0.7224337458610535,0.6510778069496155,0.6525272130966187,-0.13243353366851807,0.9653509259223938,0.48920273780822754,0.6523054838180542,-0.10824605822563171,0.9535443782806396
28,squat,0,0.593523383140564,0.245187446475029,-0.4837854504585266,0.9996722340583801,0.6077572703361511,0.23482118546962738,-0.45754605531692505,0.9988905191421509,0.6158342957496643,0.23460841178894043,-0.4577474892139435,0.9987927675247192,0.622104287147522,0.2343006283044815,-0.4578728675842285,0.9988431930541992,0.5812804102897644,0.23431843519210815,-0.459489107131958,0.9991531372070312,0.5719802379608154,0.2336905598640442,-0.4594676196575165,0.9991346597671509,0.5633803606033325,0.23309378325939178,-0.4594154953956604,0.9992889165878296,0.6310994625091553,0.23348799347877502,-0.2211582064628601,0.9980323314666748,0.5524423122406006,0.23277702927589417,-0.228123277425766,0.9988348484039307,0.6090386509895325,0.25358137488365173,-0.386652410030365,0.9993109107017517,0.5766472220420837,0.25332754850387573,-0.3888518512248993,0.9994508028030396,0.6786227226257324,0.2789323627948761,-0.04625924676656723,0.999922513961792,0.5029175281524658,0.28243038058280945,0.003912415821105242,0.9998331069946289,0.713156521320343,0.33179646730422974,0.06307315081357956,0.9573473930358887,0.45294708013534546,0.34945017099380493,0.14243385195732117,0.9556620717048645,0.7492234110832214,0.36952653527259827,-0.15730616450309753,0.9333243370056152,0.4072687029838562,0.4059886634349823,-0.04257318004965782,0.9221603870391846,0.758974552154541,0.3861899971961975,-0.21972306072711945,0.8851170539855957,0.39066851139068604,0.42699724435806274,-0.09136049449443817,0.8687184453010559,0.7499680519104004,0.3862842917442322,-0.29362279176712036,0.8946771621704102,0.3961530327796936,0.4282276928424835,-0.16910722851753235,0.8807666301727295,0.7431766986846924,0.38267025351524353,-0.19163647294044495,0.8798888325691223,0.4050501883029938,0.4221017360687256,-0.07691642642021179,0.870936393737793,0.6307033896446228,0.4163149893283844,-0.01736266352236271,0.9990060925483704,0.5250391364097595,0.4118680953979492,0.01746957376599312,0.998367190361023,0.6526277661323547,0.5235180854797363,-0.09099089354276657,0.986828088760376,0.5071119666099548,0.5197669267654419,-0.06125526502728462,0.9796475768089294,0.6723378896713257,0.6230514049530029,0.13848210871219635,0.9804177284240723,0.46553435921669006,0.6218724846839905,0.164219930768013,0.9703871011734009,0.6751576662063599,0.6343130469322205,0.1452334076166153,0.7448717951774597,0.45872747898101807,0.6333959102630615,0.17186467349529266,0.721407413482666,0.6510944366455078,0.6525271534919739,-0.14083637297153473,0.9658365845680237,0.48931884765625,0.6522719264030457,-0.10952791571617126,0.9539136290550232
29,squat,0,0.5943351984024048,0.2455766201019287,-0.4759159982204437,0.999703049659729,0.6083251237869263,0.2353091835975647,-0.4476357400417328,0.998995304107666,0.6162055730819702,0.2351245880126953,-0.4478452503681183,0.9989070892333984,0.6224101781845093,0.23481963574886322,-0.447952538728714,0.9989523887634277,0.5820919871330261,0.23467367887496948,-0.45137110352516174,0.9992303252220154,0.5729374289512634,0.23402433097362518,-0.4513404369354248,0.9992129802703857,0.5643671751022339,0.2333552986383438,-0.45127472281455994,0.999352216720581,0.6312212944030762,0.2338358759880066,-0.20472879707813263,0.9982174038887024,0.5527499914169312,0.23291902244091034,-0.21991126239299774,0.9989362359046936,0.6094001531600952,0.2538371682167053,-0.3770202696323395,0.9993754625320435,0.5773981809616089,0.25351282954216003,-0.3814885914325714,0.9995015263557434,0.6786640286445618,0.27930763363838196,-0.03709544613957405,0.999928891658783,0.5028051137924194,0.2826327681541443,0.007681467570364475,0.9998388290405273,0.7134111523628235,0.3317122757434845,0.02966633439064026,0.9585238695144653,0.4523827135562897,0.3494609296321869,0.13605897128582,0.9568016529083252,0.7493313550949097,0.36892107129096985,-0.27530908584594727,0.9360063076019287,0.40655091404914856,0.4056995213031769,-0.054806582629680634,0.9239830374717712,0.759522020816803,0.38545432686805725,-0.3511439561843872,0.8890486359596252,0.3899686336517334,0.4267036020755768,-0.10502584278583527,0.8710979223251343,0.7501986622810364,0.3855869770050049,-0.4188719391822815,0.8983903527259827,0.3951584994792938,0.4276626408100128,-0.1827450841665268,0.8830428719520569,0.7432083487510681,0.382188081741333,-0.30963942408561707,0.8836138844490051,0.40378326177597046,0.42181798815727234,-0.0891244113445282,0.873101532459259,0.630577802658081,0.4178210198879242,-0.01651552878320217,0.999040424823761,0.5253617763519287,0.4124087691307068,0.01662411168217659,0.9984169006347656,0.653903067111969,0.5234853029251099,-0.09073272347450256,0.9865976572036743,0.507245659828186,0.5197778940200806,-0.06164615601301193,0.9798674583435059,0.6728694438934326,0.6230230927467346,0.13938097655773163,0.9805495142936707,0.46567782759666443,0.6218678951263428,0.15988054871559143,0.9708656072616577,0.675572395324707,0.6342551708221436,0.1466735452413559,0.7477440237998962,0.4588821232318878,0.6332623362541199,0.16719819605350494,0.7219165563583374,0.6514403223991394,0.6524947285652161,-0.13703802227973938,0.9661667346954346,0.48992475867271423,0.6522482633590698,-0.11297895759344101,0.9542917013168335
30,squat,0,0.5944069027900696,0.24695844948291779,-0.4822402596473694,0.9997299313545227,0.6083390712738037,0.2368229627609253,-0.4538945257663727,0.9990869164466858,0.616229236125946,0.23660574853420258,-0.45412057638168335,0.9990070462226868,0.6224343776702881,0.2363128662109375,-0.45423558354377747,0.9990476965904236,0.5821519494056702,0.23592020571231842,-0.45708128809928894,0.9992965459823608,0.5730655789375305,0.2352646291255951,-0.45704615116119385,0.9992798566818237,0.5644822120666504,0.23456157743930817,-0.4569861888885498,0.9994060397148132,0.6314051747322083,0.23518571257591248,-0.2085721492767334,0.998379647731781,0.5529472231864929,0.2339031845331192,-0.2206072211265564,0.9990224838256836,0.6094608902931213,0.2552432119846344,-0.3824182450771332,0.9994325637817383,0.5775226950645447,0.25480374693870544,-0.38603466749191284,0.9995463490486145,0.6788910031318665,0.28038856387138367,-0.030929021537303925,0.9999341368675232,0.5027053952217102,0.2835674583911896,0.009865622036159039,0.9998425245285034,0.7145735621452332,0.3316113352775574,0.0411205030977726,0.9588987827301025,0.4512273073196411,0.3497462868690491,0.1405278891324997,0.9577741622924805,0.7502174377441406,0.36743760108947754,-0.24540981650352478,0.9364578127861023,0.4060609042644501,0.4049534201622009,-0.06006684899330139,0.9252269864082336,0.7609183192253113,0.38333994150161743,-0.3175393044948578,0.889384388923645,0.38984325528144836,0.42496344447135925,-0.11184985190629959,0.872551679611206,0.7513844966888428,0.3835830092430115,-0.38749516010284424,0.8988392949104309,0.39494699239730835,0.42544040083885193,-0.1903759241104126,0.8844767212867737,0.7441380620002747,0.38030797243118286,-0.2800264060497284,0.8837790489196777,0.40340185165405273,0.4203718602657318,-0.0950394943356514,0.874529242515564,0.6302943229675293,0.42011868953704834,-0.01537443045526743,0.9990561604499817,0.5253686308860779,0.4139811396598816,0.015514612197875977,0.9984306693077087,0.6553784012794495,0.5236375331878662,-0.08850933611392975,0.9866383671760559,0.507247805595398,0.5202001929283142,-0.06159426271915436,0.9803568124771118,0.672973096370697,0.6230001449584961,0.14572753012180328,0.9808630347251892,0.4656984508037567,0.6217886209487915,0.16207538545131683,0.9715028405189514,0.675118625164032,0.6342381238937378,0.1530930995941162,0.7516090869903564,0.4589073359966278,0.6328781843185425,0.16939692199230194,0.7241396307945251,0.6531587243080139,0.652500331401825,-0.12949557602405548,0.9665552377700806,0.4899452030658722,0.6521185636520386,-0.11138094216585159,0.9549593329429626
31,squat,0,0.5947995185852051,0.24900378286838531,-0.4873673915863037,0.9997544884681702,0.6084879636764526,0.2390279322862625,-0.4595326781272888,0.9991703629493713,0.6163840293884277,0.23870894312858582,-0.45975223183631897,0.9990978837013245,0.6226620674133301,0.23841261863708496,-0.4598512351512909,0.9991340041160583,0.5825299024581909,0.23808720707893372,-0.4619051516056061,0.999357283115387,0.5735800862312317,0.2374459058046341,-0.46186593174934387,0.9993411302566528,0.5651894807815552,0.23686546087265015,-0.4618004858493805,0.9994553327560425,0.6321825385093689,0.23705005645751953,-0.2134694755077362,0.9985273480415344,0.5538510680198669,0.23587849736213684,-0.22115954756736755,0.9991025924682617,0.6098806262016296,0.2573349177837372,-0.3870459496974945,0.9994845390319824,0.5781552791595459,0.2570735216140747,-0.38950592279434204,0.99958735704422,0.6797001957893372,0.2820242643356323,-0.02771354839205742,0.9999385476112366,0.5027229189872742,0.28486916422843933,0.018212681636214256,0.9998470544815063,0.7175175547599792,0.33155959844589233,0.08327537029981613,0.9591379165649414,0.44958680868148804,0.34995636343955994,0.17708703875541687,0.9592782258987427,0.7504854202270508,0.3649713099002838,-0.17640750110149384,0.9367480874061584,0.40559855103492737,0.402862548828125,-0.011242581531405449,0.9277598261833191,0.7609846591949463,0.3791448175907135,-0.24293085932731628,0.8896889090538025,0.39005371928215027,0.4202638268470764,-0.059341758489608765,0.87587571144104,0.7516064643859863,0.37889254093170166,-0.31443655490875244,0.899269700050354,0.39522796869277954,0.419866144657135,-0.13746027648448944,0.8876290917396545,0.7444322109222412,0.3755423426628113,-0.2109137922525406,0.8840380907058716,0.4034462571144104,0.4160345196723938,-0.04557521268725395,0.8778965473175049,0.630225419998169,0.4215969443321228,-0.015166157856583595,0.9990594387054443,0.5256377458572388,0.4153275191783905,0.015329220332205296,0.9984312653541565,0.6579871773719788,0.5235260128974915,-0.08461830019950867,0.9870016574859619,0.5072507262229919,0.5204723477363586,-0.061385683715343475,0.9812246561050415,0.6733841896057129,0.6227810382843018,0.15686222910881042,0.9816188812255859,0.465355783700943,0.6214791536331177,0.16801723837852478,0.9726787805557251,0.6734395623207092,0.6337013244628906,0.16458933055400848,0.7589746713638306,0.4583311378955841,0.6315871477127075,0.17558088898658752,0.7304962277412415,0.6560289263725281,0.652511477470398,-0.12116649001836777,0.9676377773284912,0.4891008734703064,0.6519639492034912,-0.10780668258666992,0.9565128684043884
32,squat,0,0.595329225063324,0.25191327929496765,-0.3635314702987671,0.9997779130935669,0.6086171269416809,0.24237830936908722,-0.3346879482269287,0.9992507696151733,0.6165765523910522,0.24202479422092438,-0.3349001109600067,0.9991852641105652,0.6231412291526794,0.2416415959596634,-0.33498772978782654,0.9992178678512573,0.5830732583999634,0.2414538860321045,-0.3315293788909912,0.9994176030158997,0.5743781328201294,0.24079401791095734,-0.33151477575302124,0.9994021654129028,0.5666281580924988,0.24023215472698212,-0.33145326375961304,0.9995054602622986,0.6341004967689514,0.24004963040351868,-0.0931895300745964,0.9986706376075745,0.5561696887016296,0.23909896612167358,-0.07727427035570145,0.9991848468780518,0.6105059385299683,0.26066455245018005,-0.26708298921585083,0.9995344281196594,0.5796819925308228,0.26052433252334595,-0.26276981830596924,0.9996268153190613,0.6831787824630737,0.2858082950115204,0.04828759655356407,0.9999436140060425,0.5054284334182739,0.28668951988220215,0.11418130993843079,0.9998536705970764,0.7271469831466675,0.3359336256980896,-0.051880236715078354,0.9601296782493591,0.45110759139060974,0.3438580632209778,0.11439564824104309,0.960267186164856,0.7502552270889282,0.36420929431915283,-0.5324839353561401,0.9404346942901611,0.4170905649662018,0.38744059205055237,-0.27799996733665466,0.9305456876754761,0.7580638527870178,0.37244370579719543,-0.6415582299232483,0.8962917327880859,0.4034438133239746,0.4049065411090851,-0.36307451128959656,0.8808653950691223,0.7509361505508423,0.36929282546043396,-0.6936201453208923,0.9052286148071289,0.4127778708934784,0.4034155011177063,-0.42143791913986206,0.8921353220939636,0.7444037795066833,0.3670583963394165,-0.5648432970046997,0.8899064064025879,0.42050501704216003,0.3990280032157898,-0.31050583720207214,0.8823387622833252,0.6312161087989807,0.4241264760494232,-0.01521302293986082,0.9991034865379333,0.5282281041145325,0.41817495226860046,0.015387055464088917,0.9985081553459167,0.6618711352348328,0.5235351920127869,-0.08943933248519897,0.9873994588851929,0.5064474940299988,0.5213416814804077,-0.0684930831193924,0.9821643829345703,0.6735950112342834,0.6225027441978455,0.15995660424232483,0.9819114804267883,0.4650956392288208,0.6213648915290833,0.16806797683238983,0.9737216234207153,0.6728981137275696,0.6328819990158081,0.16939206421375275,0.7625330090522766,0.45835474133491516,0.6313060522079468,0.1762801706790924,0.7356148362159729,0.6566624045372009,0.6527622938156128,-0.12096401304006577,0.9679812788963318,0.4877765476703644,0.6519663333892822,-0.11004512012004852,0.9575518369674683
33,squat,0,0.5958407521247864,0.25427955389022827,-0.41281113028526306,0.9997990131378174,0.6088665723800659,0.24474065005779266,-0.38196784257888794,0.9993237853050232,0.6169317364692688,0.24438242614269257,-0.3821665644645691,0.9992644786834717,0.6237385272979736,0.24402880668640137,-0.38227343559265137,0.9992939829826355,0.5835446119308472,0.24398945271968842,-0.38045668601989746,0.9994728565216064,0.5750404596328735,0.24343141913414001,-0.3804367184638977,0.9994581937789917,0.5676884651184082,0.242982879281044,-0.38037779927253723,0.9995515942573547,0.6359812617301941,0.24294902384281158,-0.12440367788076401,0.9988006353378296,0.5578509569168091,0.24206829071044922,-0.11558624356985092,0.999261200428009,0.6113215088844299,0.26313284039497375,-0.3105246424674988,0.9995799660682678,0.5807011127471924,0.263288289308548,-0.3084990680217743,0.9996630549430847,0.6858969330787659,0.2899610698223114,0.04652295261621475,0.999948263168335,0.5057815909385681,0.28933271765708923,0.07872610539197922,0.999860405921936,0.7375845909118652,0.3455030024051666,-0.09699709713459015,0.9616072177886963,0.45129868388175964,0.3436374366283417,-0.019823890179395676,0.9594032168388367,0.750612199306488,0.36295104026794434,-0.6177808046340942,0.9436798095703125,0.43359148502349854,0.37619245052337646,-0.510403573513031,0.9309102296829224,0.7564083933830261,0.36540642380714417,-0.7365328073501587,0.9017759561538696,0.42673417925834656,0.38887467980384827,-0.6142646670341492,0.8826940059661865,0.7498823404312134,0.361281156539917,-0.774808406829834,0.910129189491272,0.4349677264690399,0.3864273726940155,-0.6637534499168396,0.8935477137565613,0.7442012429237366,0.3602243661880493,-0.6457036733627319,0.8942081332206726,0.4402833580970764,0.3828025162220001,-0.5415130257606506,0.8827616572380066,0.6332706212997437,0.42545565962791443,-0.008026239462196827,0.999143660068512,0.5291772484779358,0.4197806417942047,0.008234737440943718,0.9985672235488892,0.6636209487915039,0.5235639214515686,-0.08340839296579361,0.9879677891731262,0.506432831287384,0.5218685865402222,-0.07227111607789993,0.9830809235572815,0.6737760305404663,0.6218304634094238,0.22015967965126038,0.9825940728187561,0.46490973234176636,0.6209494471549988,0.20322036743164062,0.9749757647514343,0.6722926497459412,0.6322567462921143,0.23408937454223633,0.7692605257034302,0.45837441086769104,0.6304588317871094,0.2161364108324051,0.7437626719474792,0.6575525999069214,0.6527833342552185,-0.07674934715032578,0.9690883755683899,0.4874483346939087,0.652109682559967,-0.08855631947517395,0.9592576622962952
34,squat,0,0.5965891480445862,0.2564212679862976,-0.5227447152137756,0.9998177886009216,0.6093329191207886,0.24667707085609436,-0.48985639214515686,0.9993890523910522,0.6173726320266724,0.24634186923503876,-0.48999983072280884,0.9993351101875305,0.6243202090263367,0.24604551494121552,-0.490083783864975,0.9993616938591003,0.5844637155532837,0.24617287516593933,-0.4872104525566101,0.9995224475860596,0.5761549472808838,0.24574194848537445,-0.48719319701194763,0.9995086193084717,0.569176435470581,0.245414137840271,-0.487137109041214,0.9995930790901184,0.637260913848877,0.24544329941272736,-0.2177242785692215,0.9989169239997864,0.5597172975540161,0.2447458952665329,-0.20156870782375336,0.9993299245834351,0.6121314764022827,0.26531028747558594,-0.41563940048217773,0.9996210932731628,0.5819523930549622,0.26570653915405273,-0.4125596582889557,0.999695897102356,0.6877709031105042,0.2953076958656311,-0.009088238701224327,0.9999518394470215,0.5064370036125183,0.2919639050960541,0.0036461499985307455,0.9998672604560852,0.7576838135719299,0.35778236389160156,-0.14956815540790558,0.9644017815589905,0.44764912128448486,0.3442199230194092,-0.1022544652223587,0.9594393372535706,0.7457336187362671,0.36027854681015015,-0.647241473197937,0.9470500946044922,0.44572168588638306,0.3702790141105652,-0.6104740500450134,0.9325939416885376,0.7402927875518799,0.3611496090888977,-0.7615249156951904,0.9065855145454407,0.44902732968330383,0.37901148200035095,-0.7168716788291931,0.8859230279922485,0.7317647337913513,0.35642898082733154,-0.7877680659294128,0.9143202304840088,0.45668625831604004,0.374336302280426,-0.7597451210021973,0.8961224555969238,0.7287841439247131,0.3552464246749878,-0.6678340435028076,0.8976362943649292,0.45914503931999207,0.3715662956237793,-0.637938380241394,0.8839853405952454,0.6332941651344299,0.42631033062934875,-0.0055867345072329044,0.9991542100906372,0.5292532444000244,0.42128443717956543,0.00571015290915966,0.9985783100128174,0.6641004681587219,0.5234012603759766,-0.07078826427459717,0.9885268807411194,0.5064374208450317,0.5221453309059143,-0.05738348886370659,0.9838353395462036,0.6747906804084778,0.6214385032653809,0.25993332266807556,0.9834216237068176,0.46488943696022034,0.6209250688552856,0.2518920600414276,0.9762617945671082,0.6722560524940491,0.6320344805717468,0.2756974995136261,0.7770910263061523,0.45842671394348145,0.6304752826690674,0.26649054884910583,0.7534489631652832,0.6596466898918152,0.6527921557426453,-0.03845682367682457,0.9704885482788086,0.4878542125225067,0.6522775292396545,-0.043787382543087006,0.9611632227897644
35,squat,0,0.5983467698097229,0.2607666850090027,-0.8158435225486755,0.9998339414596558,0.6109277009963989,0.2512553036212921,-0.7875859141349792,0.9994468092918396,0.6190340518951416,0.2507951855659485,-0.7876340746879578,0.999397873878479,0.6264933347702026,0.2503184378147125,-0.7877666354179382,0.999421238899231,0.58613121509552,0.25075992941856384,-0.7891533374786377,0.9995664954185486,0.5777872800827026,0.25027012825012207,-0.7892506122589111,0.9995540976524353,0.5709068179130554,0.24982765316963196,-0.7892249226570129,0.9996304512023926,0.6395811438560486,0.2497212290763855,-0.5108821392059326,0.9990191459655762,0.5608429312705994,0.24925865232944489,-0.5163853764533997,0.9993919730186462,0.6134054660797119,0.26949599385261536,-0.7024922966957092,0.9996573328971863,0.5837283134460449,0.2700454294681549,-0.7049921751022339,0.9997250437736511,0.6894789338111877,0.29920849204063416,-0.26340529322624207,0.9999528527259827,0.5063469409942627,0.2963868975639343,-0.26552996039390564,0.9998692870140076,0.7734488248825073,0.3673209547996521,-0.44083288311958313,0.9667777419090271,0.42551836371421814,0.361934095621109,-0.43065738677978516,0.9619340300559998,0.7321849465370178,0.35550451278686523,-0.9787058234214783,0.9482186436653137,0.4769860804080963,0.36086300015449524,-0.9403588771820068,0.9360052347183228,0.7178651690483093,0.3532503843307495,-1.0897290706634521,0.9058855175971985,0.4921880066394806,0.3578792214393616,-1.0482805967330933,0.8896565437316895,0.7074605822563171,0.3467932343482971,-1.0975096225738525,0.9127116203308105,0.49836739897727966,0.35230210423469543,-1.0466907024383545,0.8983368873596191,0.7062999606132507,0.34656235575675964,-0.9911370277404785,0.8927873373031616,0.49805375933647156,0.35346680879592896,-0.9463533163070679,0.8829115033149719,0.6347973942756653,0.428179532289505,-0.006061582826077938,0.999151349067688,0.5292631983757019,0.42356735467910767,0.006167363841086626,0.9985792636871338,0.6643848419189453,0.5234300494194031,-0.06119471788406372,0.9890357255935669,0.5064951181411743,0.5225889682769775,-0.012316475622355938,0.9846150875091553,0.6760873198509216,0.6209313869476318,0.34677955508232117,0.9842851161956787,0.46491941809654236,0.6204019784927368,0.35801100730895996,0.9777182340621948,0.6729090809822083,0.631162703037262,0.3713742792606354,0.7850892543792725,0.45985060930252075,0.6299348473548889,0.38084179162979126,0.7637871503829956,0.659454345703125,0.6528005003929138,0.058285389095544815,0.9718552231788635,0.48787665367126465,0.6523545980453491,0.07437409460544586,0.9632395505905151
36,squat,0,0.6005112528800964,0.27028703689575195,-0.8102062940597534,0.9998468160629272,0.6131186485290527,0.2599661648273468,-0.7789670825004578,0.9994953870773315,0.6207988262176514,0.2594211995601654,-0.7789973616600037,0.99945068359375,0.6284242272377014,0.25877997279167175,-0.7791299819946289,0.9994708299636841,0.5879502892494202,0.2597652077674866,-0.7815262675285339,0.9996029138565063,0.5790369510650635,0.25941359996795654,-0.781632125377655,0.9995921850204468,0.5716874599456787,0.2591407299041748,-0.7816157341003418,0.9996618032455444,0.6411515474319458,0.25838640332221985,-0.5067179203033447,0.999103307723999,0.5608684420585632,0.2590426206588745,-0.5161265134811401,0.9994431138038635,0.6143437027931213,0.2783450782299042,-0.6999845504760742,0.9996876120567322,0.5853362083435059,0.27875253558158875,-0.7037088871002197,0.9997496008872986,0.6894775032997131,0.3063106834888458,-0.28665608167648315,0.9999486804008484,0.5060092210769653,0.3039781153202057,-0.2882959246635437,0.9998621344566345,0.7785838842391968,0.37469378113746643,-0.5469715595245361,0.969266414642334,0.42122477293014526,0.37389904260635376,-0.5182321667671204,0.9644529819488525,0.6946263313293457,0.3500765562057495,-1.064828634262085,0.9493474364280701,0.5117614269256592,0.3506767451763153,-1.000251054763794,0.939270555973053,0.6676313877105713,0.3421872854232788,-1.1685101985931396,0.9036459922790527,0.5263883471488953,0.3397732377052307,-1.1031309366226196,0.8921912312507629,0.6565940976142883,0.3375989496707916,-1.1453651189804077,0.9088717699050903,0.5326471924781799,0.3348217010498047,-1.0812093019485474,0.8989573121070862,0.6609025597572327,0.33982932567596436,-1.0644129514694214,0.884581983089447,0.5324674844741821,0.338410347700119,-0.9977717995643616,0.8795568943023682,0.6360916495323181,0.4329400658607483,-0.006847006268799305,0.9991213083267212,0.5294283032417297,0.42870479822158813,0.006808573845773935,0.9985184073448181,0.6636821627616882,0.5240360498428345,-0.08900229632854462,0.9893782734870911,0.5067887902259827,0.5237563848495483,-0.014934396371245384,0.9848933815956116,0.6781414747238159,0.6209455132484436,0.29491034150123596,0.9849040508270264,0.4649224877357483,0.6202893853187561,0.3048376739025116,0.9787638187408447,0.6743502616882324,0.6314848065376282,0.31676968932151794,0.788883626461029,0.4599290192127228,0.6298902034759521,0.3252894878387451,0.7708756327629089,0.6588397026062012,0.6527956128120422,0.008456659503281116,0.9727960824966431,0.4880109429359436,0.6523518562316895,0.024355851113796234,0.9648124575614929
37,squat,0,0.602886438369751,0.2753710448741913,-0.7853037118911743,0.9998581409454346,0.6150243282318115,0.26523759961128235,-0.7560933828353882,0.9995392560958862,0.6224779486656189,0.2645803689956665,-0.7561399340629578,0.9994986057281494,0.6302663683891296,0.2637491226196289,-0.7562772035598755,0.9995157122612,0.5905038714408875,0.26525887846946716,-0.7591990232467651,0.9996353983879089,0.581424355506897,0.2648577392101288,-0.7593027353286743,0.9996259212493896,0.5738024711608887,0.2645083963871002,-0.7593107223510742,0.9996892213821411,0.6425269842147827,0.2624415457248688,-0.48603352904319763,0.9991820454597473,0.561855673789978,0.2638651132583618,-0.4973066747188568,0.9994891881942749,0.6156003475189209,0.28311887383461,-0.6744368672370911,0.9997149109840393,0.5878987908363342,0.2837916612625122,-0.6787857413291931,0.9997714161872864,0.6901334524154663,0.3090422451496124,-0.2647596001625061,0.999947190284729,0.5059753060340881,0.3067949116230011,-0.2686077654361725,0.9998555183410645,0.7768124938011169,0.37860578298568726,-0.5167343616485596,0.9714884161949158,0.4212534725666046,0.3776751756668091,-0.49726417660713196,0.9665377140045166,0.687362015247345,0.3488841652870178,-1.020532250404358,0.9510469436645508,0.5180105566978455,0.3466949164867401,-0.9704173803329468,0.9417829513549805,0.6604395508766174,0.3393375873565674,-1.1186344623565674,0.9033840298652649,0.5370625853538513,0.3360544443130493,-1.0685622692108154,0.8933634757995605,0.6486438512802124,0.33518457412719727,-1.0951207876205444,0.9072188138961792,0.5440504550933838,0.332214891910553,-1.0460320711135864,0.8982780575752258,0.6523846387863159,0.3378013074398041,-1.0191010236740112,0.8795422315597534,0.5421016812324524,0.33508220314979553,-0.9674959778785706,0.8748876452445984,0.6385729908943176,0.43549269437789917,-0.007455487735569477,0.9990962743759155,0.5291512608528137,0.43112602829933167,0.00735729094594717,0.9984664916992188,0.6637303233146667,0.5249977111816406,-0.10628315061330795,0.9898919463157654,0.5067759156227112,0.5244168043136597,-0.024875985458493233,0.9854378700256348,0.6799139976501465,0.6210982799530029,0.2752610445022583,0.9856693148612976,0.46479421854019165,0.6202718019485474,0.2821548879146576,0.9799920320510864,0.6753745079040527,0.6315199136734009,0.29671740531921387,0.7954896092414856,0.4599258601665497,0.630011796951294,0.3010529577732086,0.7800090312957764,0.6587537527084351,0.6527602076530457,-0.008294635452330112,0.9740293025970459,0.48713377118110657,0.6525636911392212,0.002055704826489091,0.9666298627853394
38,squat,0,0.6037118434906006,0.28053247928619385,-0.8175446391105652,0.9998658299446106,0.6158929467201233,0.2702212929725647,-0.7877079844474792,0.9995740652084351,0.6232947111129761,0.2696024477481842,-0.7877514362335205,0.999537467956543,0.6313519477844238,0.2687581181526184,-0.7879121899604797,0.9995514154434204,0.5914443135261536,0.2702425718307495,-0.7885512113571167,0.9996591210365295,0.582231879234314,0.26987215876579285,-0.7886587381362915,0.9996513724327087,0.5745455622673035,0.2695891559123993,-0.788670539855957,0.9997093081474304,0.6440311074256897,0.2673666775226593,-0.5189120173454285,0.9992460012435913,0.5623092651367188,0.26919978857040405,-0.5190728902816772,0.9995233416557312,0.6161735653877258,0.2884283661842346,-0.7076451778411865,0.9997367262840271,0.5890132188796997,0.2890673875808716,-0.7087289094924927,0.9997885823249817,0.6900525093078613,0.3133527934551239,-0.30774614214897156,0.9999439120292664,0.506034791469574,0.3118591010570526,-0.2955741882324219,0.9998399019241333,0.7744783163070679,0.38185226917266846,-0.6006793975830078,0.9735996127128601,0.4225664436817169,0.3813018798828125,-0.5619871616363525,0.9684376120567322,0.6681126952171326,0.3452644944190979,-1.0818043947219849,0.9526066184043884,0.5230644345283508,0.34596142172813416,-1.0328471660614014,0.943078339099884,0.6404350399971008,0.33470287919044495,-1.1787899732589722,0.9025097489356995,0.5473080277442932,0.33317500352859497,-1.1318893432617188,0.8914494514465332,0.631151556968689,0.33156952261924744,-1.1459826231002808,0.9048012495040894,0.5538290739059448,0.32977014780044556,-1.1029831171035767,0.8940200209617615,0.6341474056243896,0.3341876268386841,-1.076866865158081,0.8730811476707458,0.5503103733062744,0.332820862531662,-1.02866530418396,0.8655409216880798,0.6393343806266785,0.43743595480918884,-0.008226499892771244,0.9990798830986023,0.5287569165229797,0.43331319093704224,0.008083752356469631,0.9984065890312195,0.6639718413352966,0.5261185169219971,-0.19407467544078827,0.9904112219810486,0.5066981315612793,0.5254403948783875,-0.13431958854198456,0.9859016537666321,0.6798874735832214,0.6214470863342285,0.16695863008499146,0.9864187240600586,0.46470022201538086,0.6205214262008667,0.18355707824230194,0.9809898138046265,0.6754704117774963,0.6315798163414001,0.18668314814567566,0.8022934198379517,0.4598637819290161,0.6303618550300598,0.20202867686748505,0.7870811820030212,0.6578802466392517,0.6530174612998962,-0.13468855619430542,0.9751244187355042,0.4867572486400604,0.6526002883911133,-0.11000344902276993,0.9681735634803772
39,squat,0,0.6037091016769409,0.2862968146800995,-0.8447760343551636,0.9998749494552612,0.6161000728607178,0.2760534882545471,-0.8162102699279785,0.9996097087860107,0.623478889465332,0.2754652798175812,-0.816243588924408,0.9995768070220947,0.6316422820091248,0.2746328115463257,-0.8164138197898865,0.999588668346405,0.5915555357933044,0.27591386437416077,-0.8151153326034546,0.9996850490570068,0.5823140144348145,0.27548447251319885,-0.8152264356613159,0.9996783137321472,0.5746356248855591,0.2751432955265045,-0.8152341842651367,0.9997309446334839,0.6449825167655945,0.2728734016418457,-0.5492440462112427,0.9993122220039368,0.5626145005226135,0.2742348611354828,-0.5404314398765564,0.9995601177215576,0.6163182854652405,0.2941872477531433,-0.7353711128234863,0.9997584819793701,0.5889474153518677,0.29458087682724,-0.7338017225265503,0.9998054504394531,0.6899644136428833,0.31826311349868774,-0.33806949853897095,0.9999414086341858,0.5066620707511902,0.3161694407463074,-0.31703492999076843,0.9998275637626648,0.7710499167442322,0.38517072796821594,-0.6484585404396057,0.9756758213043213,0.4242129623889923,0.3838193714618683,-0.6091586351394653,0.970221757888794,0.6628456115722656,0.3447016775608063,-1.1264158487319946,0.9545854926109314,0.5245137214660645,0.3442181348800659,-1.0921467542648315,0.9440488815307617,0.6374993324279785,0.33368220925331116,-1.2234508991241455,0.9027600884437561,0.5496909618377686,0.3306865096092224,-1.1909418106079102,0.8888002038002014,0.6268225908279419,0.33079928159713745,-1.18743097782135,0.9037240147590637,0.5559738278388977,0.3281221389770508,-1.160423994064331,0.8889870047569275,0.6289477348327637,0.33399757742881775,-1.1203936338424683,0.8685389757156372,0.5533639192581177,0.3320688009262085,-1.0883032083511353,0.8556405901908875,0.6394421458244324,0.43955138325691223,-0.00939951278269291,0.9990711212158203,0.5287367105484009,0.4354410469532013,0.009227530099451542,0.9983701705932617,0.6642645597457886,0.527470052242279,-0.23243825137615204,0.9908692240715027,0.5066295862197876,0.5264539122581482,-0.16185162961483002,0.9862697124481201,0.6798511147499084,0.6222426295280457,0.099873386323452,0.9870830178260803,0.4646880030632019,0.6224105954170227,0.13131123781204224,0.9817877411842346,0.6748930215835571,0.6326882839202881,0.11625184863805771,0.8096034526824951,0.45991531014442444,0.6330070495605469,0.14633125066757202,0.7931986451148987,0.6579461693763733,0.6530508399009705,-0.20981281995773315,0.9761102795600891,0.48575565218925476,0.6531850099563599,-0.16937120258808136,0.969376266002655
40,squat,0,0.6036315560340881,0.2936241626739502,-0.9192938804626465,0.9998857975006104,0.6161925792694092,0.2829156816005707,-0.8915797472000122,0.9996461868286133,0.6235349178314209,0.28235411643981934,-0.8915953040122986,0.9996166825294495,0.6317893862724304,0.2816116511821747,-0.8917723894119263,0.9996270537376404,0.5916262865066528,0.2827773690223694,-0.8908083438873291,0.9997133612632751,0.5823558568954468,0.2822434604167938,-0.8909415006637573,0.9997074604034424,0.5745877623558044,0.2816929221153259,-0.890947699546814,0.9997548460960388,0.6458681225776672,0.27958986163139343,-0.6194929480552673,0.9993779063224792,0.5625656247138977,0.2801191210746765,-0.6119838356971741,0.9996002912521362,0.6163148880004883,0.30172455310821533,-0.80675208568573,0.9997811317443848,0.5888158082962036,0.3019225299358368,-0.80555659532547,0.9998233914375305,0.6899381279945374,0.3217448890209198,-0.40078404545783997,0.9999436140060425,0.5064504146575928,0.32123589515686035,-0.3763374984264374,0.9998301267623901,0.7686682343482971,0.38821324706077576,-0.7307143211364746,0.977741003036499,0.42538875341415405,0.3879410922527313,-0.6802764534950256,0.972133994102478,0.6600568294525146,0.3447166085243225,-1.2241506576538086,0.9575002789497375,0.5239676833152771,0.34747758507728577,-1.1673530340194702,0.9457048773765564,0.633917510509491,0.3329506516456604,-1.324427843093872,0.9064422845840454,0.5516247749328613,0.33351707458496094,-1.267327904701233,0.8879427313804626,0.6267032027244568,0.32877811789512634,-1.2863792181015015,0.9065380096435547,0.5576068758964539,0.3300550878047943,-1.2347220182418823,0.8859249949455261,0.6281493902206421,0.3328353762626648,-1.2178303003311157,0.8696197271347046,0.5539213418960571,0.3341650068759918,-1.1629242897033691,0.8480187654495239,0.6398380994796753,0.4416685104370117,-0.010415435768663883,0.9991008043289185,0.5287189483642578,0.43807491660118103,0.010236051864922047,0.9984116554260254,0.6644880175590515,0.5280724167823792,-0.279411643743515,0.9913983941078186,0.5065414905548096,0.526852548122406,-0.21917636692523956,0.9868219494819641,0.6797903180122375,0.6223292350769043,0.07300692796707153,0.9877808690071106,0.46476706862449646,0.6225969195365906,0.09712506085634232,0.9826871752738953,0.6747148633003235,0.6327513456344604,0.09125304222106934,0.8172541856765747,0.46048852801322937,0.6331921219825745,0.11422570049762726,0.8000101447105408,0.657939076423645,0.6530468463897705,-0.23746837675571442,0.9772446155548096,0.48429951071739197,0.6532585620880127,-0.20449504256248474,0.9708666205406189
41,squat,0,0.6036385893821716,0.2992546260356903,-0.9652136564254761,0.9998961687088013,0.6164628863334656,0.28820452094078064,-0.9381680488586426,0.9996799230575562,0.6238486766815186,0.28750017285346985,-0.9381660223007202,0.9996534585952759,0.6321916580200195,0.2866649031639099,-0.938331663608551,0.9996625185012817,0.591742217540741,0.2882052958011627,-0.9376294016838074,0.9997400045394897,0.5824236869812012,0.2875114679336548,-0.9377725124359131,0.9997348189353943,0.574554443359375,0.28676486015319824,-0.9377918243408203,0.9997773766517639,0.646816611289978,0.28383001685142517,-0.666468620300293,0.9994381070137024,0.5625416040420532,0.28428149223327637,-0.6604136824607849,0.9996379017829895,0.6164292693138123,0.3067372143268585,-0.8527061343193054,0.9998019933700562,0.5887306332588196,0.30702805519104004,-0.8519632816314697,0.9998400807380676,0.6899068355560303,0.3251853287220001,-0.44896259903907776,0.9999458193778992,0.5061019062995911,0.3241354823112488,-0.4234780967235565,0.9998350143432617,0.7675670981407166,0.39280417561531067,-0.7892693877220154,0.9796335101127625,0.42648354172706604,0.39177829027175903,-0.7430440187454224,0.9739587903022766,0.6577123999595642,0.3461931049823761,-1.2778120040893555,0.9604618549346924,0.5314655303955078,0.34854933619499207,-1.237277865409851,0.9478293657302856,0.6322240233421326,0.33474746346473694,-1.3783512115478516,0.9109929800033569,0.5651671290397644,0.3339678645133972,-1.3392863273620605,0.8891302347183228,0.6269851326942444,0.32993975281715393,-1.3399922847747803,0.9103879928588867,0.5691695213317871,0.3293724060058594,-1.3047908544540405,0.8853325247764587,0.6278116703033447,0.3342389166355133,-1.2714509963989258,0.8725428581237793,0.56173175573349,0.3342077136039734,-1.2325859069824219,0.8438233137130737,0.639926552772522,0.4435460567474365,-0.011542633175849915,0.9991171360015869,0.5285273194313049,0.44004711508750916,0.011355224065482616,0.9984513521194458,0.6644861698150635,0.5294011831283569,-0.23862844705581665,0.9919665455818176,0.5063037276268005,0.5282397270202637,-0.19200821220874786,0.9874743819236755,0.6797417402267456,0.6222361922264099,0.12131981551647186,0.9885469079017639,0.4650895595550537,0.6227903366088867,0.13390016555786133,0.9837124943733215,0.6747061014175415,0.6324231624603271,0.139824777841568,0.8250608444213867,0.46205055713653564,0.6336086988449097,0.15132305026054382,0.8072202205657959,0.6579184532165527,0.6530492305755615,-0.18470154702663422,0.9785357713699341,0.4825682044029236,0.6532874703407288,-0.1651250571012497,0.9725465774536133
42,squat,0,0.6035502552986145,0.3073573112487793,-0.9702470302581787,0.9999053478240967,0.616446316242218,0.2969089150428772,-0.9424516558647156,0.999709963798523,0.623831033706665,0.29637056589126587,-0.9424479007720947,0.9996862411499023,0.6321643590927124,0.2957676351070404,-0.9426241517066956,0.9996941089630127,0.5916950702667236,0.29654690623283386,-0.9427454471588135,0.9997636079788208,0.5823942422866821,0.29553142189979553,-0.9428889155387878,0.9997590780258179,0.5744551420211792,0.2945629060268402,-0.942918598651886,0.9997973442077637,0.6471999287605286,0.29444459080696106,-0.6732523441314697,0.9994915127754211,0.5618172883987427,0.2928183674812317,-0.6722921133041382,0.9996713399887085,0.6163865923881531,0.3153650760650635,-0.8592867851257324,0.9998204112052917,0.5885934233665466,0.31452760100364685,-0.859954297542572,0.9998549222946167,0.6894440054893494,0.3339751064777374,-0.4559783637523651,0.9999462962150574,0.5038971304893494,0.33248740434646606,-0.4451082646846771,0.999839723110199,0.7617992758750916,0.4015227258205414,-0.8011300563812256,0.9812272191047668,0.42973288893699646,0.39953669905662537,-0.7699291110038757,0.975567102432251,0.6568538546562195,0.35041436553001404,-1.2835782766342163,0.9628661274909973,0.5366660952568054,0.34889084100723267,-1.2342084646224976,0.9494189620018005,0.633164644241333,0.3378120958805084,-1.3799457550048828,0.914124608039856,0.5713846683502197,0.3388519585132599,-1.3299859762191772,0.8889259696006775,0.6279045343399048,0.3334193229675293,-1.3375869989395142,0.9127354621887207,0.5709558129310608,0.3346687853336334,-1.2895948886871338,0.8831257820129395,0.6289312839508057,0.3366832435131073,-1.2758548259735107,0.8731603622436523,0.5640509128570557,0.33943039178848267,-1.2262731790542603,0.8371082544326782,0.6381829380989075,0.44567763805389404,-0.009568591602146626,0.9991344213485718,0.5272103548049927,0.4429834485054016,0.009384937584400177,0.9985015392303467,0.6643068790435791,0.531022846698761,-0.2902546226978302,0.9923566579818726,0.5062873959541321,0.5297667980194092,-0.26633772253990173,0.9879444241523743,0.6794368624687195,0.622177243232727,0.06399579346179962,0.9890788793563843,0.4655919075012207,0.6229346394538879,0.06076725199818611,0.984550416469574,0.6738475561141968,0.6324195265769958,0.08275431394577026,0.8315152525901794,0.46280086040496826,0.6338494420051575,0.07822810858488083,0.8119695782661438,0.658819854259491,0.6530568599700928,-0.23720572888851166,0.9794597029685974,0.4823465943336487,0.6533876657485962,-0.23970332741737366,0.9738742113113403
43,squat,0,0.6034198999404907,0.31272590160369873,-0.9125734567642212,0.999910831451416,0.6164273619651794,0.30224400758743286,-0.8850950002670288,0.9997320771217346,0.6238152980804443,0.3017117381095886,-0.885114312171936,0.9997112154960632,0.6321579813957214,0.3011297583580017,-0.8852896690368652,0.9997172951698303,0.5916671752929688,0.3021538555622101,-0.8859609961509705,0.9997785687446594,0.5823756456375122,0.3012474775314331,-0.8860950469970703,0.9997748136520386,0.574373185634613,0.30039167404174805,-0.8861365914344788,0.9998093843460083,0.6473552584648132,0.30056026577949524,-0.6219553351402283,0.9995322823524475,0.5611428022384644,0.29903262853622437,-0.6230842471122742,0.9996933341026306,0.616378903388977,0.32121673226356506,-0.8039072751998901,0.9998340606689453,0.5883140563964844,0.32061707973480225,-0.8051656484603882,0.9998658299446106,0.6887432336807251,0.33990877866744995,-0.408829003572464,0.9999433755874634,0.5023676156997681,0.3382859230041504,-0.4042408764362335,0.9998368620872498,0.7556394338607788,0.4070466160774231,-0.7445005774497986,0.9825084209442139,0.43162497878074646,0.404310017824173,-0.7127047777175903,0.9768562316894531,0.6567921042442322,0.35625892877578735,-1.2119916677474976,0.9644433259963989,0.5400762557983398,0.35174068808555603,-1.1498738527297974,0.9501070976257324,0.635194718837738,0.3383728861808777,-1.302454948425293,0.9151118397712708,0.5741600394248962,0.34136250615119934,-1.2403656244277954,0.8864733576774597,0.6298360228538513,0.3341737389564514,-1.2590521574020386,0.9128036499023438,0.573179304599762,0.3372777998447418,-1.2002440690994263,0.8786506652832031,0.6303297877311707,0.3402542769908905,-1.2034999132156372,0.8705785870552063,0.5663658976554871,0.3420366048812866,-1.141330599784851,0.8279842734336853,0.6360254883766174,0.4483967423439026,-0.00574068259447813,0.9991186261177063,0.5262427926063538,0.44585323333740234,0.005630506202578545,0.9984936118125916,0.6640797853469849,0.5329816937446594,-0.31569892168045044,0.9926576018333435,0.5075233578681946,0.5307377576828003,-0.32022684812545776,0.9881870746612549,0.6794005632400513,0.6221916079521179,0.02516341395676136,0.989427387714386,0.4658581018447876,0.6229124069213867,0.00023642252199351788,0.9850856065750122,0.6741051077842712,0.6325411200523376,0.043285682797431946,0.8344763517379761,0.46278780698776245,0.6337212920188904,0.0174099113792181,0.8139277696609497,0.6587945818901062,0.6530721783638,-0.2736318111419678,0.9799909591674805,0.48216503858566284,0.6533933877944946,-0.30274760723114014,0.9747450947761536
44,squat,0,0.6026923060417175,0.3172298073768616,-0.9311659932136536,0.999914824962616,0.6161792874336243,0.3069406747817993,-0.9039564728736877,0.9997497200965881,0.6234334707260132,0.3064391613006592,-0.9039604663848877,0.9997314810752869,0.6318923234939575,0.30586928129196167,-0.9041271209716797,0.9997355341911316,0.5910791158676147,0.3066976070404053,-0.9054588079452515,0.9997898936271667,0.5817527174949646,0.30574631690979004,-0.9056103825569153,0.9997871518135071,0.5734811425209045,0.30492696166038513,-0.905670702457428,0.9998186230659485,0.6472538709640503,0.3055497407913208,-0.6439362168312073,0.9995642900466919,0.5597438812255859,0.30389562249183655,-0.6482160687446594,0.999710738658905,0.616062343120575,0.3259475827217102,-0.8238740563392639,0.9998452067375183,0.5872417688369751,0.3253237009048462,-0.8261256217956543,0.9998750686645508,0.687796413898468,0.3448963761329651,-0.4321666657924652,0.99993896484375,0.5000743865966797,0.3436845541000366,-0.43481582403182983,0.9998342394828796,0.7512910962104797,0.41165846586227417,-0.7730504274368286,0.9835754036903381,0.4336390793323517,0.40808722376823425,-0.7526552677154541,0.977964460849762,0.6538149118423462,0.3611392676830292,-1.2232372760772705,0.9652538895606995,0.5411776900291443,0.3573487102985382,-1.177294135093689,0.9503642916679382,0.6326760649681091,0.34347960352897644,-1.3083235025405884,0.9140394330024719,0.5754209160804749,0.3432680666446686,-1.2660250663757324,0.8832220435142517,0.6278769969940186,0.33974355459213257,-1.2593873739242554,0.9104196429252625,0.5741883516311646,0.3393568694591522,-1.2198554277420044,0.873120903968811,0.6284542679786682,0.34597206115722656,-1.2119489908218384,0.8644089698791504,0.5672242045402527,0.3431306779384613,-1.1661489009857178,0.8172892928123474,0.6332400441169739,0.45016977190971375,-0.0018970515811815858,0.9990879893302917,0.5237056612968445,0.44749587774276733,0.001778867095708847,0.9984756112098694,0.6633373498916626,0.5341619253158569,-0.29189467430114746,0.992838442325592,0.5089834928512573,0.5312094688415527,-0.3274267613887787,0.9882238507270813,0.6795185208320618,0.6221883893013,0.059706803411245346,0.9896055459976196,0.46586212515830994,0.622828483581543,0.01026124507188797,0.9854921698570251,0.6754807829856873,0.6325410604476929,0.07908228784799576,0.8327093124389648,0.4622768759727478,0.6335511207580566,0.029333626851439476,0.8127884268760681,0.6587755084037781,0.6532518267631531,-0.23386652767658234,0.9801954030990601,0.4824039340019226,0.6534118056297302,-0.2889416813850403,0.9754292368888855
45,squat,0,0.6019604206085205,0.3216254413127899,-0.9469180107116699,0.9999199509620667,0.6159759163856506,0.3114648759365082,-0.9195603728294373,0.9997683763504028,0.6232397556304932,0.31095796823501587,-0.9195500612258911,0.9997525215148926,0.6317960023880005,0.3103776276111603,-0.919706404209137,0.999754786491394,0.5907442569732666,0.31108221411705017,-0.9210336804389954,0.999803364276886,0.5814704895019531,0.3100564479827881,-0.9211922883987427,0.9998015761375427,0.5731277465820312,0.3091520369052887,-0.9212492108345032,0.9998298287391663,0.6471838355064392,0.3098314106464386,-0.659679651260376,0.9995974898338318,0.5592136383056641,0.3078489899635315,-0.6644116044044495,0.9997308254241943,0.6155122518539429,0.3304470181465149,-0.8399444818496704,0.9998568296432495,0.5863577723503113,0.3293566107749939,-0.8423663973808289,0.9998846650123596,0.6873406767845154,0.3494857847690582,-0.4453161656856537,0.9999368786811829,0.49863582849502563,0.3475246727466583,-0.445035457611084,0.9998362064361572,0.7493825554847717,0.41794195771217346,-0.786855161190033,0.9846222996711731,0.4342292249202728,0.4128878116607666,-0.7613832950592041,0.9791157245635986,0.6549281477928162,0.3648003041744232,-1.2398241758346558,0.9665494561195374,0.538615345954895,0.3656023442745209,-1.1907541751861572,0.9513713121414185,0.633029580116272,0.34824156761169434,-1.3246365785598755,0.914749264717102,0.5710893869400024,0.3461938500404358,-1.278828740119934,0.8821531534194946,0.6287475228309631,0.34494471549987793,-1.2750470638275146,0.9101572036743164,0.5705848932266235,0.3421506881713867,-1.2327579259872437,0.870263934135437,0.6291692852973938,0.3505952060222626,-1.2282633781433105,0.8614805936813354,0.5640956163406372,0.3479657769203186,-1.1795340776443481,0.8103127479553223,0.6311516165733337,0.4519866108894348,-0.0013478979235514998,0.9990805983543396,0.5219923257827759,0.4496352970600128,0.0012243796372786164,0.9984857439994812,0.6621413826942444,0.5354181528091431,-0.2942851483821869,0.993056058883667,0.5096876621246338,0.5328660607337952,-0.3224790692329407,0.9882299900054932,0.6795011758804321,0.6228282451629639,0.05057752504944801,0.9898392558097839,0.465882271528244,0.6228083968162537,0.012621971778571606,0.9858341813087463,0.6758995652198792,0.6336314678192139,0.06917572021484375,0.8316413760185242,0.46216702461242676,0.6334737539291382,0.031138816848397255,0.8119692802429199,0.6585873961448669,0.653476893901825,-0.24558858573436737,0.9805202484130859,0.4831135869026184,0.653478741645813,-0.2874930500984192,0.976067066192627
46,squat,0,0.6002384424209595,0.3309219777584076,-1.0013858079910278,0.9999255537986755,0.6150341629981995,0.3214242458343506,-0.9758371710777283,0.9997870922088623,0.6223204135894775,0.32090917229652405,-0.9757782816886902,0.9997730851173401,0.6309072375297546,0.3203123211860657,-0.9759232401847839,0.999774158000946,0.5893756151199341,0.320561945438385,-0.9774885773658752,0.9998183250427246,0.5803035497665405,0.319437175989151,-0.9776818752288818,0.9998173117637634,0.5719233155250549,0.3183024823665619,-0.9777463674545288,0.9998427629470825,0.6461046934127808,0.3195393681526184,-0.7193523049354553,0.9996305108070374,0.5578337907791138,0.3170378804206848,-0.7259315252304077,0.9997529983520508,0.6140363812446594,0.34009280800819397,-0.8952794671058655,0.9998683333396912,0.58402419090271,0.3384620249271393,-0.8982835412025452,0.9998943209648132,0.6859018206596375,0.35802409052848816,-0.500349223613739,0.9999357461929321,0.4954604208469391,0.3563159108161926,-0.501724123954773,0.9998437762260437,0.7482273578643799,0.426845520734787,-0.84327232837677,0.9856143593788147,0.43319833278656006,0.4203203022480011,-0.8250954747200012,0.980384349822998,0.6518037915229797,0.37381958961486816,-1.2883402109146118,0.967456579208374,0.5382308959960938,0.3734455406665802,-1.2437301874160767,0.9528990387916565,0.6306591629981995,0.3577740788459778,-1.3716652393341064,0.9142396450042725,0.569786548614502,0.3548104465007782,-1.3290590047836304,0.8827472925186157,0.6268455386161804,0.3550763726234436,-1.3176852464675903,0.908381998538971,0.5696697235107422,0.351060688495636,-1.2807133197784424,0.8693861365318298,0.627471387386322,0.35969048738479614,-1.2746409177780151,0.8564015626907349,0.5632835626602173,0.3564911484718323,-1.2309890985488892,0.8061210513114929,0.6304576992988586,0.4557311236858368,-0.001790110021829605,0.9990749955177307,0.5218737125396729,0.45403775572776794,0.001658133463934064,0.998516321182251,0.6610245108604431,0.5375422239303589,-0.29770350456237793,0.9932047724723816,0.5096533298492432,0.5350770354270935,-0.310129314661026,0.9881440997123718,0.6794834733009338,0.6237536668777466,0.03594157472252846,0.9899733066558838,0.4661303162574768,0.6232608556747437,0.0152548523619771,0.9860250353813171,0.6761276721954346,0.6353111267089844,0.053435247391462326,0.8293792605400085,0.4624161720275879,0.6337382197380066,0.03274635970592499,0.8100481033325195,0.6571016311645508,0.6538001298904419,-0.25839105248451233,0.9807005524635315,0.4832443594932556,0.653762936592102,-0.27809014916419983,0.9764342904090881
47,squat,0,0.599498450756073,0.33688682317733765,-0.9991100430488586,0.9999271631240845,0.6144174933433533,0.327322781085968,-0.9722511172294617,0.9997961521148682,0.6218064427375793,0.3267497420310974,-0.9722149968147278,0.9997844696044922,0.6303557753562927,0.32610976696014404,-0.9723715782165527,0.9997825026512146,0.5887402892112732,0.3265935182571411,-0.9742765426635742,0.9998234510421753,0.5798681378364563,0.3254950940608978,-0.9744749069213867,0.9998241066932678,0.5715729594230652,0.3244412839412689,-0.9745513200759888,0.9998471736907959,0.6450873017311096,0.3250627815723419,-0.713659942150116,0.9996474385261536,0.5572885870933533,0.32313963770866394,-0.7214676737785339,0.9997642040252686,0.6131199598312378,0.3459370732307434,-0.8921734690666199,0.999875545501709,0.5832502841949463,0.3443841338157654,-0.8955195546150208,0.9999008178710938,0.6847867369651794,0.3636905550956726,-0.49537718296051025,0.9999319314956665,0.49363473057746887,0.3611772656440735,-0.49605491757392883,0.9998490810394287,0.7470921277999878,0.43210312724113464,-0.8490223288536072,0.9864172339439392,0.43237197399139404,0.4251623749732971,-0.8255199193954468,0.9814804792404175,0.6476147770881653,0.3793911933898926,-1.2871415615081787,0.9678958654403687,0.5395550727844238,0.37861907482147217,-1.2304542064666748,0.9538297057151794,0.6269963979721069,0.3640953600406647,-1.3680870532989502,0.9128400683403015,0.5711219906806946,0.36075931787490845,-1.3143839836120605,0.8814863562583923,0.6235345005989075,0.36171215772628784,-1.311234712600708,0.9055894017219543,0.5710265636444092,0.3570939302444458,-1.2635165452957153,0.8663008809089661,0.6243925094604492,0.36605215072631836,-1.2721056938171387,0.8495713472366333,0.5650030970573425,0.3624345064163208,-1.216519832611084,0.7989575862884521,0.6299866437911987,0.458438903093338,-0.0009537349105812609,0.9990681409835815,0.5214458107948303,0.4568581283092499,0.0008714370196685195,0.9985515475273132,0.6607368588447571,0.538139820098877,-0.4022136628627777,0.9933668971061707,0.5097825527191162,0.534535825252533,-0.45978882908821106,0.98820561170578,0.679472029209137,0.6243976354598999,-0.07826415449380875,0.9901064038276672,0.46646928787231445,0.6231068968772888,-0.12463530898094177,0.9864439368247986,0.6763212084770203,0.6359920501708984,-0.062413379549980164,0.8276548385620117,0.46287381649017334,0.6337223649024963,-0.10739414393901825,0.8120296001434326,0.6567760705947876,0.6541858911514282,-0.3895917534828186,0.9809134602546692,0.4836168885231018,0.6537606716156006,-0.43859970569610596,0.9770733118057251
48,squat,0,0.5982363820075989,0.3462453782558441,-1.0675177574157715,0.9999314546585083,0.6133220195770264,0.33593064546585083,-1.0410412549972534,0.9998093247413635,0.6209875345230103,0.33531343936920166,-1.0409774780273438,0.999799370765686,0.629421055316925,0.3346506655216217,-1.0411264896392822,0.9997946619987488,0.5870143175125122,0.3348739743232727,-1.0401142835617065,0.9998344779014587,0.578131914138794,0.3336277902126312,-1.0403376817703247,0.9998363256454468,0.5699506998062134,0.3326296806335449,-1.0404226779937744,0.9998569488525391,0.6444182991981506,0.333467960357666,-0.7838799357414246,0.9996700286865234,0.5567430257797241,0.3318859040737152,-0.7789219617843628,0.9997825026512146,0.6123861074447632,0.3547418713569641,-0.961277425289154,0.9998846650123596,0.5827749967575073,0.35297030210494995,-0.9608854651451111,0.9999089241027832,0.6847773790359497,0.37555190920829773,-0.5683802366256714,0.9999273419380188,0.4924810230731964,0.3704192638397217,-0.5557225346565247,0.9998591542243958,0.7468405365943909,0.44086435437202454,-0.9571748971939087,0.9872241020202637,0.4287523627281189,0.4351803660392761,-0.9279364943504333,0.9828026294708252,0.6454885005950928,0.38730597496032715,-1.3908015489578247,0.9685336351394653,0.5372626185417175,0.38984107971191406,-1.3469167947769165,0.9558269381523132,0.6237531900405884,0.37138527631759644,-1.4738460779190063,0.912463903427124,0.5692821145057678,0.37106114625930786,-1.4353753328323364,0.8832340836524963,0.6202237606048584,0.3695455491542816,-1.4109878540039062,0.9037842154502869,0.5694634318351746,0.36845842003822327,-1.3753620386123657,0.866597592830658,0.6205524802207947,0.3740050196647644,-1.3737210035324097,0.8435819149017334,0.5638293027877808,0.37434881925582886,-1.3299329280853271,0.7964245080947876,0.630107045173645,0.46509283781051636,-0.0012372990604490042,0.9990921020507812,0.5212677717208862,0.4626869559288025,0.0011557498946785927,0.9986354112625122,0.660729169845581,0.5400921106338501,-0.47581666707992554,0.9935231804847717,0.5094491839408875,0.534696638584137,-0.5485681891441345,0.9884106516838074,0.6794570088386536,0.6251634359359741,-0.13360872864723206,0.9903202652931213,0.4668993055820465,0.6230411529541016,-0.18301667273044586,0.9871097803115845,0.6768882870674133,0.6369737386703491,-0.11758850514888763,0.8285665512084961,0.4636259377002716,0.6335344910621643,-0.1640377640724182,0.8184490203857422,0.6560167074203491,0.6543532609939575,-0.46308770775794983,0.9814143180847168,0.4835617244243622,0.6538418531417847,-0.5106614828109741,0.9781238436698914
49,squat,0,0.596878170967102,0.35105931758880615,-1.0889334678649902,0.9999362826347351,0.6120880246162415,0.3409534692764282,-1.0606296062469482,0.9998234510421753,0.6197798848152161,0.3402979373931885,-1.0605690479278564,0.9998151063919067,0.6282927393913269,0.3395549952983856,-1.0607290267944336,0.9998084902763367,0.58548504114151,0.3399242162704468,-1.0598005056381226,0.9998460412025452,0.5766476988792419,0.3387332558631897,-1.0600296258926392,0.9998488426208496,0.5685046911239624,0.3377237617969513,-1.0600990056991577,0.9998669624328613,0.6436538100242615,0.3383636772632599,-0.7985169291496277,0.9996954798698425,0.5560873746871948,0.33697250485420227,-0.7936762571334839,0.9998002648353577,0.611370861530304,0.35913968086242676,-0.9815012216567993,0.999894380569458,0.581763744354248,0.35749760270118713,-0.9811699986457825,0.9999169111251831,0.6846246123313904,0.38057631254196167,-0.5842711925506592,0.999926745891571,0.49172458052635193,0.37656673789024353,-0.5735476016998291,0.9998685121536255,0.745945930480957,0.4464619755744934,-0.98779296875,0.9880321621894836,0.42660436034202576,0.44016358256340027,-0.9632265567779541,0.9839941263198853,0.6458554863929749,0.3927636742591858,-1.427140474319458,0.9693978428840637,0.5370321869850159,0.394303560256958,-1.3914353847503662,0.957435667514801,0.623978316783905,0.3778548240661621,-1.5115580558776855,0.9130886793136597,0.5687520503997803,0.3773205280303955,-1.4829481840133667,0.884099006652832,0.6203823685646057,0.37576383352279663,-1.4485068321228027,0.9031665921211243,0.5690116882324219,0.37433549761772156,-1.4206044673919678,0.865767240524292,0.6205737590789795,0.38003939390182495,-1.4101202487945557,0.8394514322280884,0.5635524988174438,0.37954697012901306,-1.373966097831726,0.7921438813209534,0.6298662424087524,0.469599187374115,-0.0010398030281066895,0.9991321563720703,0.5205074548721313,0.4671729803085327,0.000996201648376882,0.9987217783927917,0.6606802940368652,0.540195882320404,-0.5541216731071472,0.993773341178894,0.5094380974769592,0.5347738265991211,-0.6234914064407349,0.9887015223503113,0.6797725558280945,0.6250200867652893,-0.17324881255626678,0.9906495213508606,0.4667404592037201,0.6230974793434143,-0.23717758059501648,0.9879094958305359,0.6775869131088257,0.6367011070251465,-0.1536140888929367,0.8318779468536377,0.4618687629699707,0.6336655020713806,-0.2163674533367157,0.8266106843948364,0.6566606163978577,0.6544747352600098,-0.5070165395736694,0.9821450710296631,0.48516765236854553,0.6541879177093506,-0.5774420499801636,0.9794076085090637
50,squat,0,0.5963684916496277,0.3569246828556061,-1.0789639949798584,0.9999404549598694,0.6114835739135742,0.3471733629703522,-1.0508290529251099,0.9998356699943542,0.619295060634613,0.3466276526451111,-1.0507696866989136,0.9998288154602051,0.6277840733528137,0.34596729278564453,-1.0509371757507324,0.9998199939727783,0.5850003957748413,0.3461751341819763,-1.0501151084899902,0.999856173992157,0.5762687921524048,0.34506678581237793,-1.0503431558609009,0.9998599290847778,0.5681747198104858,0.3440336585044861,-1.0504053831100464,0.9998756051063538,0.642988383769989,0.3445640206336975,-0.7924628853797913,0.9997175335884094,0.5556888580322266,0.3430468738079071,-0.7889150381088257,0.9998158812522888,0.6106629967689514,0.3656602203845978,-0.9732823967933655,0.9999029040336609,0.5812034606933594,0.3636167347431183,-0.9733556509017944,0.9999240636825562,0.6834144592285156,0.38619711995124817,-0.5843076705932617,0.999924898147583,0.4908575117588043,0.38099074363708496,-0.5745676159858704,0.9998764395713806,0.7457250356674194,0.45171037316322327,-0.9801713824272156,0.9887403249740601,0.42488229274749756,0.4450453221797943,-0.9676844477653503,0.9849961996078491,0.6439878344535828,0.39770543575286865,-1.4031025171279907,0.9699687957763672,0.5373279452323914,0.399153470993042,-1.394690990447998,0.9583951234817505,0.6227923035621643,0.382351815700531,-1.4848748445510864,0.9128191471099854,0.5680947303771973,0.3822413980960846,-1.4853277206420898,0.8834372162818909,0.6190536022186279,0.3807387351989746,-1.4220725297927856,0.901457667350769,0.5682326555252075,0.37966078519821167,-1.4217666387557983,0.8631405234336853,0.6188167333602905,0.3852778673171997,-1.3856873512268066,0.8338465094566345,0.5629061460494995,0.3846491873264313,-1.3768898248672485,0.7854214310646057,0.629268229007721,0.47227150201797485,0.00026561447884887457,0.9991693496704102,0.518445611000061,0.4703611135482788,-0.00027631461853161454,0.9988005757331848,0.6605215072631836,0.5404625535011292,-0.5618297457695007,0.9939919710159302,0.5095163583755493,0.5345922708511353,-0.6176010966300964,0.9888967275619507,0.679787278175354,0.6231071949005127,-0.16432416439056396,0.9908891916275024,0.466987282037735,0.6229479312896729,-0.23015347123146057,0.9886614680290222,0.6770157217979431,0.6338679194450378,-0.14226222038269043,0.8359562158584595,0.46292194724082947,0.6331222653388977,-0.2088356763124466,0.8345291018486023,0.6611674427986145,0.6544162631034851,-0.4851325452327728,0.9827960729598999,0.4848446547985077,0.6542551517486572,-0.5648261904716492,0.9806297421455383
51,squat,0,0.595321536064148,0.36315521597862244,-1.0506150722503662,0.9999437928199768,0.6105588674545288,0.35388195514678955,-1.022462248802185,0.9998452067375183,0.6183531880378723,0.35338056087493896,-1.0224045515060425,0.9998399615287781,0.6266802549362183,0.35275059938430786,-1.0225645303726196,0.9998283386230469,0.5842298269271851,0.3526360094547272,-1.0218228101730347,0.9998640418052673,0.5756725072860718,0.3514181077480316,-1.0220410823822021,0.9998690485954285,0.567737340927124,0.35026219487190247,-1.0220983028411865,0.9998822808265686,0.6412868499755859,0.3511336147785187,-0.7686579823493958,0.9997352361679077,0.5553516745567322,0.3489553928375244,-0.7650139331817627,0.9998283982276917,0.609429121017456,0.37205010652542114,-0.9468933939933777,0.9999103546142578,0.5798392295837402,0.3695850670337677,-0.9469497203826904,0.9999303817749023,0.6826890707015991,0.3917200565338135,-0.5692283511161804,0.999923050403595,0.49000006914138794,0.3863903880119324,-0.5550363063812256,0.9998827576637268,0.7450261116027832,0.4561898708343506,-0.9563046097755432,0.9894171953201294,0.4237523376941681,0.4503072202205658,-0.9384511709213257,0.9858528971672058,0.6429333090782166,0.403851717710495,-1.3642891645431519,0.9706366658210754,0.5367968678474426,0.40450090169906616,-1.3528597354888916,0.959064245223999,0.6219279766082764,0.38885921239852905,-1.4440580606460571,0.9129477739334106,0.5673596858978271,0.387857049703598,-1.4422866106033325,0.88199383020401,0.6179975271224976,0.38717758655548096,-1.3838478326797485,0.9003748297691345,0.5676168203353882,0.3855428397655487,-1.3793489933013916,0.8597269058227539,0.6176605224609375,0.3916010856628418,-1.3475401401519775,0.829363226890564,0.5623154044151306,0.39048171043395996,-1.3351798057556152,0.7779449224472046,0.6284114122390747,0.47571590542793274,0.00048448570305481553,0.9991995692253113,0.5171648859977722,0.47380363941192627,-0.00047335270210169256,0.9988704919815063,0.6603876948356628,0.5418244004249573,-0.5721176862716675,0.9942618012428284,0.5095464587211609,0.534460723400116,-0.6333645582199097,0.9891797304153442,0.679528534412384,0.6225574612617493,-0.16547740995883942,0.9911656379699707,0.4671541452407837,0.6227626800537109,-0.2426939755678177,0.9894114136695862,0.6769479513168335,0.6329873204231262,-0.1421353965997696,0.8391900062561035,0.4636841118335724,0.6329963803291321,-0.22083130478858948,0.8429844379425049,0.661089301109314,0.6543722748756409,-0.4816955626010895,0.9834581017494202,0.48459938168525696,0.6541898250579834,-0.5746443271636963,0.9818623065948486
52,squat,0,0.5953137278556824,0.3688182830810547,-1.090654730796814,0.9999479055404663,0.61053466796875,0.35970771312713623,-1.0609768629074097,0.9998562932014465,0.6183481812477112,0.3591236174106598,-1.0609241724014282,0.9998523592948914,0.6266082525253296,0.3584398627281189,-1.0610930919647217,0.9998390078544617,0.5842618942260742,0.3587721586227417,-1.0605121850967407,0.9998733997344971,0.5756949186325073,0.3575608432292938,-1.060740351676941,0.9998791217803955,0.5677512884140015,0.3563201129436493,-1.060789704322815,0.9998900890350342,0.6409109830856323,0.3565210700035095,-0.799429714679718,0.9997556805610657,0.5552168488502502,0.3545204699039459,-0.7973008155822754,0.9998420476913452,0.6090067625045776,0.37768858671188354,-0.9841670393943787,0.9999181032180786,0.5797427296638489,0.37540143728256226,-0.9847046136856079,0.9999366402626038,0.682320773601532,0.39591091871261597,-0.5931791663169861,0.9999248385429382,0.48975786566734314,0.39059752225875854,-0.57497239112854,0.9998889565467834,0.744678258895874,0.4612720012664795,-0.9847738742828369,0.9901800751686096,0.42318961024284363,0.455079048871994,-0.9714286923408508,0.9867133498191833,0.6415584087371826,0.4089048206806183,-1.3957096338272095,0.9722464680671692,0.5367050766944885,0.40879955887794495,-1.4056179523468018,0.9603549838066101,0.6193550825119019,0.39374518394470215,-1.4773516654968262,0.9163352847099304,0.566772997379303,0.39225807785987854,-1.4989957809448242,0.8828869462013245,0.616357147693634,0.3918369710445404,-1.4155601263046265,0.9033436179161072,0.5672146677970886,0.38979244232177734,-1.4333778619766235,0.8590114712715149,0.6161335110664368,0.39602941274642944,-1.3781042098999023,0.8314117193222046,0.5619799494743347,0.394574373960495,-1.3874390125274658,0.7736283540725708,0.6281672120094299,0.4782736599445343,0.00046366569586098194,0.999240517616272,0.5164313316345215,0.47611382603645325,-0.00043152918806299567,0.9989458322525024,0.660352885723114,0.5423368811607361,-0.6111143231391907,0.9945356845855713,0.5096951127052307,0.5342517495155334,-0.6806501746177673,0.9894824624061584,0.6787759065628052,0.6215508580207825,-0.1760977953672409,0.9914358854293823,0.46839985251426697,0.6223698258399963,-0.26467564702033997,0.9901735186576843,0.674845814704895,0.6312876343727112,-0.15048329532146454,0.8446431159973145,0.46668100357055664,0.6329889893531799,-0.24090196192264557,0.852687656879425,0.6613514423370361,0.6543284058570862,-0.49463897943496704,0.9841696619987488,0.48443400859832764,0.6541368961334229,-0.6037529110908508,0.9831201434135437
53,squat,0,0.5951456427574158,0.3732289969921112,-1.096972942352295,0.9999510645866394,0.6102986335754395,0.36441636085510254,-1.066517949104309,0.9998646974563599,0.6181600093841553,0.36387762427330017,-1.066476821899414,0.9998623132705688,0.6263296604156494,0.3632117509841919,-1.0666584968566895,0.9998462796211243,0.5841674208641052,0.36333340406417847,-1.0664712190628052,0.9998800754547119,0.5756561756134033,0.3621336817741394,-1.0666974782943726,0.9998870491981506,0.5677449703216553,0.3608821630477905,-1.0667474269866943,0.9998953938484192,0.64047771692276,0.3611360788345337,-0.80274498462677,0.999772846698761,0.5550549030303955,0.35899630188941956,-0.8023815155029297,0.9998531341552734,0.6084981560707092,0.38215094804763794,-0.9897953271865845,0.9999249577522278,0.5793859958648682,0.37960898876190186,-0.9908394813537598,0.9999421834945679,0.6821404695510864,0.40103042125701904,-0.5940830707550049,0.9999269843101501,0.48940691351890564,0.3945113718509674,-0.5813927054405212,0.9998949766159058,0.7442869544029236,0.4661901891231537,-0.9866145849227905,0.9908755421638489,0.42255327105522156,0.4587254822254181,-0.9819885492324829,0.9874706268310547,0.6428326368331909,0.41456565260887146,-1.4041643142700195,0.9736892580986023,0.5375862121582031,0.4120936989784241,-1.422137975692749,0.9613885879516602,0.620934247970581,0.39928075671195984,-1.4874000549316406,0.9195447564125061,0.5668905973434448,0.3969986140727997,-1.517081379890442,0.8835759162902832,0.6176134943962097,0.3967655897140503,-1.4281799793243408,0.9061920642852783,0.5678004026412964,0.39446207880973816,-1.4522756338119507,0.8581597805023193,0.6174570918083191,0.4011753499507904,-1.3879661560058594,0.8332363367080688,0.5625916123390198,0.3991246521472931,-1.4045400619506836,0.769067108631134,0.6275748014450073,0.48128554224967957,0.0013821986503899097,0.9992806911468506,0.515738308429718,0.47951632738113403,-0.001270483830012381,0.9990148544311523,0.6603838801383972,0.5430635809898376,-0.6493488550186157,0.9947766661643982,0.5097516179084778,0.5341635942459106,-0.7178812623023987,0.9895989894866943,0.6784165501594543,0.6215729713439941,-0.22559137642383575,0.99163818359375,0.46947258710861206,0.6223134398460388,-0.31109338998794556,0.9908201098442078,0.6743881702423096,0.6314354538917542,-0.20151127874851227,0.8497934937477112,0.4684174656867981,0.6331154704093933,-0.2887536287307739,0.8615893721580505,0.6612184643745422,0.6542657613754272,-0.5527485609054565,0.9847335815429688,0.48350581526756287,0.6542927622795105,-0.6585253477096558,0.9842094779014587
54,squat,0,0.5945830345153809,0.3782469928264618,-1.1423721313476562,0.9999547600746155,0.6097445487976074,0.36970362067222595,-1.1132689714431763,0.999874472618103,0.6176398992538452,0.3692758083343506,-1.113223671913147,0.999873161315918,0.6256878972053528,0.3686749041080475,-1.1134251356124878,0.9998555779457092,0.5837823152542114,0.3682922124862671,-1.112476110458374,0.9998884201049805,0.575395405292511,0.36704960465431213,-1.1127161979675293,0.9998960494995117,0.567583441734314,0.3658001124858856,-1.1127605438232422,0.9999023675918579,0.6396596431732178,0.366646409034729,-0.8499089479446411,0.9997910857200623,0.5548960566520691,0.36379122734069824,-0.8468388915061951,0.9998654127120972,0.6076111793518066,0.3874180316925049,-1.0349410772323608,0.9999316334724426,0.5786182284355164,0.3844051957130432,-1.0351788997650146,0.9999475479125977,0.6818282008171082,0.40576377511024475,-0.6343206167221069,0.9999294877052307,0.48896801471710205,0.3987460732460022,-0.6226485967636108,0.9999021291732788,0.743815004825592,0.47130173444747925,-1.0378332138061523,0.9915413856506348,0.4224484860897064,0.46356135606765747,-1.0339046716690063,0.9882311224937439,0.6436335444450378,0.4200473427772522,-1.464638590812683,0.9750292897224426,0.5373425483703613,0.4177837669849396,-1.4825001955032349,0.9626122117042542,0.6216789484024048,0.40440744161605835,-1.550564169883728,0.9225722551345825,0.566584587097168,0.4024147689342499,-1.5785932540893555,0.8852941989898682,0.6183322072029114,0.4019787013530731,-1.4888333082199097,0.9088071584701538,0.5675497055053711,0.3996816873550415,-1.512155532836914,0.8586313128471375,0.6181977391242981,0.4063863456249237,-1.4475979804992676,0.8344272375106812,0.5623050928115845,0.4043410122394562,-1.4641598463058472,0.766059398651123,0.6266266703605652,0.48416534066200256,0.0029741202015429735,0.9993267059326172,0.5145546197891235,0.4825073480606079,-0.002804981777444482,0.9990872740745544,0.6620284914970398,0.5440999269485474,-0.6857501864433289,0.9949548244476318,0.5097788572311401,0.5339620113372803,-0.7472118139266968,0.9896798133850098,0.6772412061691284,0.6218184232711792,-0.24317973852157593,0.9917841553688049,0.46949368715286255,0.6221401691436768,-0.32298001646995544,0.9914221167564392,0.6709874272346497,0.6316422820091248,-0.21755266189575195,0.856269121170044,0.4683016240596771,0.632685124874115,-0.299087792634964,0.8701680302619934,0.662653923034668,0.6542094349861145,-0.5662241578102112,0.9852033853530884,0.4831285774707794,0.6542715430259705,-0.6677642464637756,0.9851906895637512
55,squat,0,0.5941806435585022,0.3862398862838745,-1.3122363090515137,0.9999577403068542,0.6093152761459351,0.3767821490764618,-1.2786427736282349,0.9998807907104492,0.6171982288360596,0.3761942386627197,-1.2785950899124146,0.9998815059661865,0.6250849366188049,0.3755430579185486,-1.2788070440292358,0.9998568892478943,0.5835476517677307,0.3757670819759369,-1.2774449586868286,0.9998932480812073,0.5751423835754395,0.37451300024986267,-1.2777061462402344,0.9999033212661743,0.5673908591270447,0.3733750283718109,-1.2777608633041382,0.9999063014984131,0.6393142342567444,0.37382861971855164,-0.9878607392311096,0.9998042583465576,0.5545189380645752,0.371234655380249,-0.9837935566902161,0.9998759031295776,0.6072602272033691,0.39461320638656616,-1.1952321529388428,0.9999374747276306,0.5786316394805908,0.3923700451850891,-1.1952106952667236,0.9999522566795349,0.6815697550773621,0.41323742270469666,-0.7564854025840759,0.9999291896820068,0.4871616065502167,0.40797698497772217,-0.7433716058731079,0.9999071359634399,0.7428741455078125,0.48008671402931213,-1.2133760452270508,0.9921084046363831,0.4197863042354584,0.47292301058769226,-1.2000755071640015,0.9889658689498901,0.6403844356536865,0.42451196908950806,-1.65949285030365,0.9759984612464905,0.5371457934379578,0.4249729514122009,-1.6663509607315063,0.9637988209724426,0.6174255609512329,0.4095369577407837,-1.7491751909255981,0.9248151779174805,0.5670206546783447,0.40872663259506226,-1.7663644552230835,0.8872919082641602,0.6149547100067139,0.4076491892337799,-1.6789559125900269,0.9101188778877258,0.5680516362190247,0.40615764260292053,-1.6895146369934082,0.8591189384460449,0.614608883857727,0.4124419391155243,-1.6398431062698364,0.8323148488998413,0.562410295009613,0.41156113147735596,-1.6441618204116821,0.761703610420227,0.6263618469238281,0.49284088611602783,0.0035787681117653847,0.9993656873703003,0.5137395262718201,0.49162450432777405,-0.003391712438315153,0.9991480708122253,0.6624162793159485,0.5436267256736755,-0.8449460864067078,0.9950850009918213,0.509789764881134,0.5327608585357666,-0.8861293196678162,0.9894856214523315,0.6759710907936096,0.6215508580207825,-0.27560457587242126,0.9916418790817261,0.4695928394794464,0.6219499111175537,-0.3549407720565796,0.9919737577438354,0.6692295670509338,0.6313475966453552,-0.23960059881210327,0.8618156313896179,0.4681473672389984,0.631885826587677,-0.3224029242992401,0.8782815337181091,0.664490282535553,0.6539160013198853,-0.6051203012466431,0.9854182600975037,0.4831105172634125,0.6542744040489197,-0.7158668637275696,0.9860732555389404
56,squat,0,0.5935344099998474,0.39153239130973816,-1.311967372894287,0.99996018409729,0.6088729500770569,0.38244104385375977,-1.277438998222351,0.9998862743377686,0.6168302893638611,0.3818528950214386,-1.277411699295044,0.9998891353607178,0.6246979832649231,0.38109391927719116,-1.2776265144348145,0.999857485294342,0.5826196670532227,0.3813950717449188,-1.2777080535888672,0.9998964071273804,0.5739686489105225,0.38021767139434814,-1.2779513597488403,0.9999094009399414,0.5662522315979004,0.3790305554866791,-1.2779862880706787,0.9999088048934937,0.6386305093765259,0.37874677777290344,-0.9841665625572205,0.99981689453125,0.5529531240463257,0.3769740164279938,-0.9875643849372864,0.9998854994773865,0.6065059304237366,0.40010759234428406,-1.1946508884429932,0.9999428391456604,0.5775514841079712,0.39763981103897095,-1.1967359781265259,0.999956488609314,0.6814283728599548,0.4177623689174652,-0.7458285689353943,0.9999318718910217,0.4848327338695526,0.41345953941345215,-0.7367509007453918,0.9999123215675354,0.7409438490867615,0.48506319522857666,-1.200385332107544,0.9926541447639465,0.419577419757843,0.47687456011772156,-1.1836274862289429,0.9896035194396973,0.6409812569618225,0.43184420466423035,-1.6760112047195435,0.9773564338684082,0.53629469871521,0.43103471398353577,-1.6685768365859985,0.9654300808906555,0.6185058355331421,0.4161720871925354,-1.7712007761001587,0.9285190105438232,0.5657419562339783,0.4150928854942322,-1.7709121704101562,0.8916941285133362,0.61565101146698,0.4133237600326538,-1.7065856456756592,0.9136775135993958,0.5672358274459839,0.41221898794174194,-1.698332667350769,0.8631752133369446,0.6152795553207397,0.4176691174507141,-1.6596753597259521,0.8351925611495972,0.561500608921051,0.4172729253768921,-1.6483134031295776,0.7638540267944336,0.6264414191246033,0.4928254187107086,0.004772891756147146,0.9994048476219177,0.5136505961418152,0.4917360544204712,-0.004514340776950121,0.9992092847824097,0.6627880930900574,0.5429933667182922,-0.8465673923492432,0.9951593279838562,0.5098676681518555,0.5318930745124817,-0.8913504481315613,0.9892813563346863,0.6754589676856995,0.6231645941734314,-0.3357766568660736,0.9913286566734314,0.46984028816223145,0.622072696685791,-0.4041898250579834,0.9924103021621704,0.6685189604759216,0.6330503821372986,-0.3061712682247162,0.8659789562225342,0.4681914448738098,0.6318608522415161,-0.376600980758667,0.8850763440132141,0.6647576689720154,0.6539475917816162,-0.6732552647590637,0.9853702187538147,0.48344770073890686,0.6543828248977661,-0.764736533164978,0.9867309927940369
57,squat,0,0.5921384692192078,0.3952999711036682,-1.355229139328003,0.999963104724884,0.6079767942428589,0.3862744867801666,-1.3203740119934082,0.9998931884765625,0.6160100698471069,0.3857589662075043,-1.3203147649765015,0.9998973608016968,0.6238776445388794,0.385102778673172,-1.3205325603485107,0.9998618364334106,0.5811558961868286,0.3852923810482025,-1.3203625679016113,0.9999017715454102,0.5721609592437744,0.38414180278778076,-1.3206110000610352,0.9999161958694458,0.5645191669464111,0.38288652896881104,-1.320642352104187,0.999913215637207,0.6376926302909851,0.3830054700374603,-1.0246602296829224,0.9998301863670349,0.550683319568634,0.3806445896625519,-1.0260896682739258,0.999894917011261,0.6054232716560364,0.4043106138706207,-1.2370556592941284,0.9999479651451111,0.5756823420524597,0.40170466899871826,-1.2385640144348145,0.9999604821205139,0.6809626817703247,0.4223940968513489,-0.7802626490592957,0.9999344944953918,0.48292386531829834,0.4176976680755615,-0.7736359238624573,0.9999171495437622,0.7405579090118408,0.4889559745788574,-1.23163902759552,0.9931669235229492,0.41874369978904724,0.48149868845939636,-1.2221903800964355,0.9902746677398682,0.6414748430252075,0.43642115592956543,-1.6939667463302612,0.9785363674163818,0.5354087948799133,0.4348175525665283,-1.692251443862915,0.9671154618263245,0.6191153526306152,0.42088112235069275,-1.787427544593811,0.9316649436950684,0.5655583143234253,0.41882044076919556,-1.792845368385315,0.8960508108139038,0.616222620010376,0.41770923137664795,-1.720197319984436,0.9165765047073364,0.5672091841697693,0.41592684388160706,-1.7191303968429565,0.8674440979957581,0.615964412689209,0.42230165004730225,-1.6758902072906494,0.8371670246124268,0.5614768862724304,0.4207882285118103,-1.6710790395736694,0.7666540741920471,0.6265058517456055,0.4943096339702606,0.0048202527686953545,0.9994378685951233,0.5135467052459717,0.4929549992084503,-0.004563817288726568,0.9992606043815613,0.6628574132919312,0.5421048402786255,-0.8612667918205261,0.9952790141105652,0.509651780128479,0.5318702459335327,-0.8806271553039551,0.9890010356903076,0.6750168204307556,0.622285008430481,-0.29314684867858887,0.9911662340164185,0.4698634445667267,0.6220561861991882,-0.3563937544822693,0.992800235748291,0.6684894561767578,0.6308317184448242,-0.2578408718109131,0.8699934482574463,0.46817904710769653,0.6314732432365417,-0.32539036870002747,0.8909929394721985,0.6646280884742737,0.6533179879188538,-0.6213778853416443,0.9854752421379089,0.4834190011024475,0.6542565226554871,-0.7143062353134155,0.9873235821723938
58,squat,0,0.5912148952484131,0.4013550877571106,-1.3910452127456665,0.9999656677246094,0.6072704195976257,0.39195701479911804,-1.3556922674179077,0.9998987317085266,0.6153519749641418,0.3913956582546234,-1.3556307554244995,0.9999045133590698,0.6231932044029236,0.3907838463783264,-1.3558377027511597,0.9998635649681091,0.5800011157989502,0.391188383102417,-1.3552416563034058,0.9999054670333862,0.5706374645233154,0.3899606168270111,-1.3554856777191162,0.9999219179153442,0.5629771947860718,0.3888455629348755,-1.3555190563201904,0.999915599822998,0.6374420523643494,0.3887304961681366,-1.0526429414749146,0.9998413324356079,0.5490365028381348,0.3861338496208191,-1.0520604848861694,0.999902606010437,0.6052256226539612,0.4100804626941681,-1.2695701122283936,0.9999526143074036,0.5750826001167297,0.4076083302497864,-1.2704170942306519,0.9999639987945557,0.6808342933654785,0.42810219526290894,-0.8060962557792664,0.9999378323554993,0.4818548262119293,0.4240424335002899,-0.7934791445732117,0.999920666217804,0.7391611337661743,0.49401137232780457,-1.258784532546997,0.9936312437057495,0.4183328449726105,0.4889758229255676,-1.2483174800872803,0.9909142255783081,0.6416810750961304,0.4417426288127899,-1.7051423788070679,0.9798364639282227,0.534223198890686,0.4408237338066101,-1.7131009101867676,0.9688500761985779,0.6186880469322205,0.4262155294418335,-1.7963922023773193,0.9352009892463684,0.5634137392044067,0.4244037866592407,-1.8117185831069946,0.9004589915275574,0.6159300208091736,0.42289748787879944,-1.7266497611999512,0.9201313853263855,0.5650280714035034,0.42137446999549866,-1.7352582216262817,0.8717508912086487,0.6160568594932556,0.4276955723762512,-1.6853458881378174,0.8407959938049316,0.5592047572135925,0.4270489513874054,-1.6906077861785889,0.7694723010063171,0.6266806721687317,0.5006986856460571,0.004118188284337521,0.9994668364524841,0.5135349631309509,0.5002803802490234,-0.00381054962053895,0.9993053674697876,0.6628488302230835,0.5416507720947266,-0.9291771054267883,0.995397686958313,0.5093771815299988,0.5318120121955872,-0.9313138127326965,0.9887586832046509,0.6746546626091003,0.6207913756370544,-0.31512853503227234,0.9910784363746643,0.4701431691646576,0.6218834519386292,-0.363815575838089,0.9931943416595459,0.6684510111808777,0.6282516717910767,-0.27416789531707764,0.8758638501167297,0.4685664474964142,0.6310347318649292,-0.3280530273914337,0.8974412679672241,0.6645176410675049,0.6529940366744995,-0.6381213665008545,0.9858253598213196,0.48339930176734924,0.6540405750274658,-0.7204596996307373,0.9879688620567322
59,squat,0,0.5899929404258728,0.4047819972038269,-1.329164981842041,0.9999679923057556,0.6064728498458862,0.3950652480125427,-1.2955752611160278,0.9999043345451355,0.6147329211235046,0.39447930455207825,-1.295519471168518,0.9999112486839294,0.6226285099983215,0.39379802346229553,-1.2957347631454468,0.9998674392700195,0.5783395171165466,0.3942057192325592,-1.2952864170074463,0.9999096989631653,0.5689553022384644,0.3931075632572174,-1.2955389022827148,0.9999273419380188,0.5615880489349365,0.3919474482536316,-1.2955873012542725,0.9999188184738159,0.6366525292396545,0.39160454273223877,-1.0107195377349854,0.9998525381088257,0.5473103523254395,0.3894955515861511,-1.0098453760147095,0.9999100565910339,0.6044222116470337,0.41331028938293457,-1.2151832580566406,0.9999567866325378,0.5737013816833496,0.41113656759262085,-1.2159366607666016,0.9999671578407288,0.680559515953064,0.4315052330493927,-0.7797941565513611,0.999940037727356,0.48002269864082336,0.4274179935455322,-0.774650514125824,0.9999241828918457,0.7383193373680115,0.49745190143585205,-1.217679738998413,0.9940225481987,0.4185200333595276,0.4924032986164093,-1.2212787866592407,0.9915443658828735,0.6419596672058105,0.44518986344337463,-1.6486338376998901,0.980772078037262,0.5348019599914551,0.44263923168182373,-1.6597211360931396,0.9704758524894714,0.6190422177314758,0.4298969805240631,-1.7364548444747925,0.937592089176178,0.5635845065116882,0.4272785782814026,-1.7530591487884521,0.9045181274414062,0.6161629557609558,0.42656540870666504,-1.666755199432373,0.922134280204773,0.5652619004249573,0.42441949248313904,-1.678512454032898,0.875652015209198,0.6162871718406677,0.43106749653816223,-1.6287455558776855,0.8414263725280762,0.5596099495887756,0.4291369318962097,-1.637588381767273,0.7720235586166382,0.6268103122711182,0.5029537677764893,0.00407347222790122,0.999497652053833,0.513741672039032,0.5021023154258728,-0.0037770874332636595,0.9993488192558289,0.6631917357444763,0.5419025421142578,-0.8908475637435913,0.9955354928970337,0.5089989304542542,0.5344910621643066,-0.858184814453125,0.9885208606719971,0.6744227409362793,0.6209568381309509,-0.3016315996646881,0.9910781979560852,0.4701414406299591,0.621964693069458,-0.330959290266037,0.9935275316238403,0.6681946516036987,0.628617525100708,-0.2621650993824005,0.8804960250854492,0.4685189723968506,0.6308545470237732,-0.2992076277732849,0.9022670984268188,0.6651158928871155,0.6530025601387024,-0.6118512153625488,0.9861106872558594,0.4832707345485687,0.654074490070343,-0.6782165169715881,0.9884763360023499
60,squat,0,0.5887053608894348,0.4085533320903778,-1.381178617477417,0.999969482421875,0.6052664518356323,0.3992016911506653,-1.3468244075775146,0.9999067783355713,0.6134790182113647,0.39857515692710876,-1.346758246421814,0.9999156594276428,0.6212844252586365,0.39785367250442505,-1.3469765186309814,0.9998642206192017,0.5772107839584351,0.39841073751449585,-1.3462281227111816,0.9999102354049683,0.5680238008499146,0.39728865027427673,-1.346457600593567,0.9999308586120605,0.5608649849891663,0.39600464701652527,-1.3464956283569336,0.9999182820320129,0.6349685192108154,0.3950026333332062,-1.0506494045257568,0.9998595714569092,0.5469481348991394,0.39292871952056885,-1.0483490228652954,0.9999153017997742,0.6033414006233215,0.41698166728019714,-1.2625069618225098,0.9999603033065796,0.5724545121192932,0.41461774706840515,-1.2628564834594727,0.9999698400497437,0.6803355813026428,0.43295055627822876,-0.8036991953849792,0.999942421913147,0.4792992174625397,0.4299814999103546,-0.7983200550079346,0.9999271631240845,0.7378045320510864,0.5000006556510925,-1.2490559816360474,0.9943203330039978,0.4186490476131439,0.49460577964782715,-1.2517638206481934,0.9920039176940918,0.6420062780380249,0.448334664106369,-1.6962915658950806,0.981452465057373,0.535188615322113,0.4460265636444092,-1.702491044998169,0.9713535904884338,0.6192575693130493,0.433196485042572,-1.7878901958465576,0.9393553733825684,0.5635912418365479,0.4311962425708771,-1.7988008260726929,0.9061553478240967,0.6163682341575623,0.42957261204719543,-1.7188640832901,0.9234487414360046,0.5654054284095764,0.4284636378288269,-1.724606990814209,0.876375675201416,0.6163350939750671,0.4339653253555298,-1.6771553754806519,0.8405367732048035,0.5600302219390869,0.4328329861164093,-1.680912733078003,0.7688383460044861,0.626936674118042,0.5050076246261597,0.004034419544041157,0.9995261430740356,0.5137761831283569,0.5044031739234924,-0.0037466417998075485,0.9993849992752075,0.6636651754379272,0.5418400168418884,-0.9065808057785034,0.9956474304199219,0.5089789032936096,0.535058319568634,-0.861588716506958,0.9880231022834778,0.6743326187133789,0.6220330595970154,-0.31402069330215454,0.9909319877624512,0.47012966871261597,0.6219081282615662,-0.325035959482193,0.9937243461608887,0.6682360768318176,0.6287585496902466,-0.27467912435531616,0.8837311267852783,0.4689151644706726,0.6293257474899292,-0.2927067279815674,0.905968189239502,0.6650370955467224,0.6532315611839294,-0.6337379217147827,0.9862306714057922,0.48208513855934143,0.6540753245353699,-0.6739853620529175,0.9888226389884949
61,squat,0,0.588758647441864,0.4117881953716278,-1.3518441915512085,0.9999701976776123,0.6051496267318726,0.40260300040245056,-1.3193409442901611,0.9999068379402161,0.6132924556732178,0.4019557237625122,-1.3192774057388306,0.9999184012413025,0.6210595369338989,0.40121227502822876,-1.319493293762207,0.9998566508293152,0.5773056745529175,0.40194717049598694,-1.3189482688903809,0.9999080300331116,0.5681401491165161,0.4008215665817261,-1.3191707134246826,0.9999327659606934,0.5609121322631836,0.39956966042518616,-1.3192089796066284,0.9999145865440369,0.6346037983894348,0.39821597933769226,-1.0296308994293213,0.9998635649681091,0.5470147132873535,0.39659029245376587,-1.0282089710235596,0.9999186396598816,0.6032606363296509,0.42005836963653564,-1.2349309921264648,0.999963104724884,0.5725459456443787,0.4180878698825836,-1.235503911972046,0.9999719858169556,0.6802440285682678,0.4354790449142456,-0.7862361073493958,0.9999442100524902,0.4794793128967285,0.43175485730171204,-0.778885543346405,0.999929666519165,0.7367119789123535,0.5027056336402893,-1.2197662591934204,0.9945712089538574,0.41873931884765625,0.4971703290939331,-1.219921350479126,0.9924169778823853,0.6418308019638062,0.4510310888290405,-1.6572327613830566,0.9821721911430359,0.5354092717170715,0.44896307587623596,-1.6633795499801636,0.9722936153411865,0.6191007494926453,0.4354560673236847,-1.7476041316986084,0.9413386583328247,0.5635753273963928,0.43444985151290894,-1.7576603889465332,0.9081695675849915,0.616412341594696,0.43221068382263184,-1.6801337003707886,0.9252433776855469,0.5653973817825317,0.43182268738746643,-1.685564398765564,0.8778682351112366,0.6165797710418701,0.43643033504486084,-1.6384690999984741,0.8411993384361267,0.5600547790527344,0.4361296594142914,-1.64224112033844,0.7677275538444519,0.6270970702171326,0.5070353150367737,0.003918142057955265,0.9995482563972473,0.5138747692108154,0.5067895650863647,-0.0036031322088092566,0.9994165897369385,0.6637131571769714,0.541226863861084,-0.9011174440383911,0.9957060813903809,0.5087456107139587,0.5355101227760315,-0.859461784362793,0.9875434637069702,0.6741978526115417,0.6230129599571228,-0.334890753030777,0.9907543659210205,0.4701071083545685,0.622105062007904,-0.33299726247787476,0.9938777685165405,0.6682683229446411,0.6294193863868713,-0.2977578341960907,0.8869016766548157,0.4693843126296997,0.6294127106666565,-0.30069589614868164,0.9096473455429077,0.6648170351982117,0.6529687643051147,-0.6526596546173096,0.9863067269325256,0.48188239336013794,0.6540758013725281,-0.6776825785636902,0.9890831112861633
62,squat,0,0.5888018012046814,0.41297054290771484,-1.3282549381256104,0.999971330165863,0.605193018913269,0.4039429724216461,-1.296771764755249,0.9999098181724548,0.6133279204368591,0.40320876240730286,-1.2967219352722168,0.9999226927757263,0.6210985779762268,0.402342826128006,-1.2969497442245483,0.9998562932014465,0.5774652361869812,0.40338134765625,-1.2971733808517456,0.9999088644981384,0.5684612393379211,0.4020899832248688,-1.2974003553390503,0.9999355673789978,0.561190128326416,0.40059542655944824,-1.2974315881729126,0.9999135732650757,0.6346291899681091,0.398947149515152,-1.0104073286056519,0.9998704791069031,0.5472245812416077,0.3976347744464874,-1.0132569074630737,0.9999229907989502,0.6032631397247314,0.4205451011657715,-1.2121851444244385,0.999966025352478,0.5726691484451294,0.4188102185726166,-1.2139147520065308,0.999974250793457,0.6799720525741577,0.43526509404182434,-0.7687876224517822,0.9999470114707947,0.4797249436378479,0.432127445936203,-0.7647383213043213,0.9999324679374695,0.7361218333244324,0.5030564069747925,-1.1957217454910278,0.9948714375495911,0.41879671812057495,0.4982380270957947,-1.1926543712615967,0.9927610158920288,0.641680121421814,0.4526328146457672,-1.6389925479888916,0.9831839799880981,0.5353986620903015,0.451020747423172,-1.638751745223999,0.9732270240783691,0.6190216541290283,0.436704158782959,-1.7318768501281738,0.9444432854652405,0.5631660223007202,0.4361507296562195,-1.7342702150344849,0.9109463691711426,0.6165371537208557,0.4332285523414612,-1.6688662767410278,0.9288070201873779,0.5651451945304871,0.4334048628807068,-1.6661986112594604,0.8807564973831177,0.6167511343955994,0.43742886185646057,-1.6222003698349,0.846580445766449,0.5599243640899658,0.4375411570072174,-1.6191250085830688,0.7701848149299622,0.6271158456802368,0.5081319808959961,0.003985417541116476,0.9995658993721008,0.5139066576957703,0.5078394412994385,-0.003641450544819236,0.9994449019432068,0.6642294526100159,0.540108323097229,-0.8884424567222595,0.9956983327865601,0.5064696669578552,0.5353471636772156,-0.8729398250579834,0.9871874451637268,0.6738777160644531,0.6249886751174927,-0.3418273627758026,0.9905267357826233,0.4700562357902527,0.6222184300422668,-0.355393648147583,0.994028627872467,0.6677063703536987,0.6321719884872437,-0.3064981698989868,0.8906037211418152,0.4700210690498352,0.6294900178909302,-0.32332006096839905,0.9136163592338562,0.66518235206604,0.6527018547058105,-0.6554932594299316,0.9861845374107361,0.4791713058948517,0.6540989279747009,-0.6952922344207764,0.9892464280128479
63,squat,0,0.588846743106842,0.4126611649990082,-1.3392668962478638,0.9999723434448242,0.6052290201187134,0.4034048020839691,-1.3067749738693237,0.999912679195404,0.6133556962013245,0.40269118547439575,-1.3067362308502197,0.9999266266822815,0.6211298704147339,0.40184861421585083,-1.3069720268249512,0.9998558163642883,0.5776000618934631,0.40312403440475464,-1.3069946765899658,0.9999092817306519,0.5686472654342651,0.4019116461277008,-1.307217001914978,0.999937891960144,0.561316192150116,0.4005280137062073,-1.3072384595870972,0.9999120235443115,0.6346444487571716,0.3989177644252777,-1.0142368078231812,0.9998764991760254,0.5473397970199585,0.3977389335632324,-1.0166558027267456,0.9999266862869263,0.6032997369766235,0.4198243319988251,-1.2210365533828735,0.9999687671661377,0.5728258490562439,0.4183777868747711,-1.222626805305481,0.9999762773513794,0.6801511645317078,0.43599992990493774,-0.765851616859436,0.9999498724937439,0.4798213243484497,0.43318116664886475,-0.7621073126792908,0.9999350309371948,0.7357200980186462,0.5043730735778809,-1.1924625635147095,0.9951580762863159,0.41884109377861023,0.4998137652873993,-1.188472867012024,0.9930471777915955,0.6417707800865173,0.45466354489326477,-1.6461279392242432,0.9842312932014465,0.5334299206733704,0.45338428020477295,-1.6478103399276733,0.9743315577507019,0.6190648078918457,0.43881067633628845,-1.7421315908432007,0.9477311372756958,0.5608723759651184,0.43717890977859497,-1.7458964586257935,0.9144781231880188,0.6166228652000427,0.43486228585243225,-1.6821069717407227,0.932752788066864,0.5631686449050903,0.43447792530059814,-1.6803491115570068,0.8848795294761658,0.617179274559021,0.4388915002346039,-1.6308318376541138,0.8532050251960754,0.5586401224136353,0.43867427110671997,-1.629390001296997,0.775294303894043,0.6269766092300415,0.5095542073249817,0.004580540582537651,0.9995839595794678,0.5136207342147827,0.5095189809799194,-0.004167633131146431,0.9994717836380005,0.6645487546920776,0.5390825867652893,-0.9045264720916748,0.9956890940666199,0.5037079453468323,0.5347514152526855,-0.896385133266449,0.9868124127388,0.6739631295204163,0.6262744665145874,-0.36365997791290283,0.9903468489646912,0.4697759747505188,0.6220641136169434,-0.37486347556114197,0.9941627383232117,0.6677557826042175,0.634158194065094,-0.32938557863235474,0.8947339057922363,0.4701649248600006,0.6294638514518738,-0.3427904546260834,0.9173983931541443,0.6661680340766907,0.6524458527565002,-0.6822547316551208,0.9861089587211609,0.478326678276062,0.6537177562713623,-0.7187387347221375,0.9893749952316284
64,squat,0,0.5889280438423157,0.4134801924228668,-1.3720086812973022,0.999973475933075,0.6051793694496155,0.40398043394088745,-1.3400049209594727,0.9999155402183533,0.6132405996322632,0.40322330594062805,-1.3399637937545776,0.9999303221702576,0.6208886504173279,0.40236642956733704,-1.340195655822754,0.999856173992157,0.5776972770690918,0.4035746157169342,-1.3389942646026611,0.9999105930328369,0.5687556266784668,0.4022972583770752,-1.339213490486145,0.9999405145645142,0.5614053010940552,0.40084612369537354,-1.3392373323440552,0.9999123811721802,0.6344940662384033,0.3993968069553375,-1.043535590171814,0.9998823404312134,0.5474356412887573,0.3976477086544037,-1.040590763092041,0.9999306797981262,0.6032822132110596,0.4208208918571472,-1.2520663738250732,0.9999711513519287,0.5728708505630493,0.419307678937912,-1.2521158456802368,0.9999781250953674,0.6800971627235413,0.43561092019081116,-0.7901821732521057,0.9999520182609558,0.4809125065803528,0.43266385793685913,-0.7797973155975342,0.9999373555183411,0.7352318167686462,0.5034018754959106,-1.2320728302001953,0.9954122304916382,0.4193562865257263,0.4988858699798584,-1.2184303998947144,0.9932916760444641,0.6406182050704956,0.4531294107437134,-1.6964013576507568,0.9850713610649109,0.5335556864738464,0.4515862762928009,-1.688025712966919,0.9751023650169373,0.6180832386016846,0.4370351731777191,-1.793379545211792,0.9502254724502563,0.5609011650085449,0.43559402227401733,-1.7874009609222412,0.9165897965431213,0.6161227226257324,0.4339374005794525,-1.730927586555481,0.9355837106704712,0.5631823539733887,0.4329066276550293,-1.7179975509643555,0.8869069814682007,0.6166623830795288,0.4380934536457062,-1.6804550886154175,0.8571032285690308,0.5586599707603455,0.43713974952697754,-1.6683988571166992,0.7760547399520874,0.6269360184669495,0.5092610120773315,0.004565006587654352,0.9995965361595154,0.5135937333106995,0.5091322660446167,-0.004159195814281702,0.9994915723800659,0.6656402349472046,0.5392320156097412,-0.8903374075889587,0.9956033825874329,0.5019321441650391,0.5347545146942139,-0.8839426636695862,0.9861761927604675,0.6739562153816223,0.6260305047035217,-0.336905300617218,0.9897810220718384,0.4691881239414215,0.6223324537277222,-0.36043864488601685,0.994188666343689,0.6677466630935669,0.6337966918945312,-0.30177778005599976,0.8964887261390686,0.46981820464134216,0.6298388838768005,-0.328366756439209,0.9195505380630493,0.6671509146690369,0.6523228287696838,-0.6550907492637634,0.9857282638549805,0.47843724489212036,0.6533421874046326,-0.7056053876876831,0.9893787503242493
65,squat,0,0.5898032188415527,0.413364976644516,-1.3577377796173096,0.9999749064445496,0.6060097813606262,0.4034276306629181,-1.325135350227356,0.9999195337295532,0.6139789819717407,0.4026241898536682,-1.325096845626831,0.9999346137046814,0.6215378642082214,0.4017799198627472,-1.3253252506256104,0.9998600482940674,0.5781135559082031,0.40340444445610046,-1.3250632286071777,0.9999132752418518,0.5688461065292358,0.402164101600647,-1.3252772092819214,0.9999436140060425,0.5614655613899231,0.40067926049232483,-1.3252980709075928,0.9999141693115234,0.6348864436149597,0.39900314807891846,-1.0298906564712524,0.9998894929885864,0.5474743843078613,0.3969383239746094,-1.0310072898864746,0.99993497133255,0.6042105555534363,0.4208465814590454,-1.2385412454605103,0.9999735355377197,0.5737393498420715,0.4197886288166046,-1.2398158311843872,0.9999799132347107,0.680128276348114,0.4351308345794678,-0.7806028723716736,0.9999551177024841,0.48095622658729553,0.4318830370903015,-0.7723231911659241,0.999940037727356,0.7352719306945801,0.5031863451004028,-1.2170594930648804,0.9956926703453064,0.4193945825099945,0.49765369296073914,-1.2062374353408813,0.9935605525970459,0.6407064199447632,0.4516432583332062,-1.682763695716858,0.986091136932373,0.5332901477813721,0.4513099491596222,-1.674073338508606,0.9761138558387756,0.6182571649551392,0.43596765398979187,-1.7805081605911255,0.9533762335777283,0.5608170628547668,0.4349285960197449,-1.7735543251037598,0.9195846319198608,0.6166397929191589,0.4322511553764343,-1.7189017534255981,0.9394255876541138,0.5631818771362305,0.4318414032459259,-1.705754041671753,0.89033442735672,0.6172019243240356,0.4365498721599579,-1.6670446395874023,0.8638579249382019,0.55861896276474,0.43632206320762634,-1.6550129652023315,0.7799111008644104,0.6269033551216125,0.5084574222564697,0.004589438438415527,0.9996139407157898,0.513351559638977,0.507844865322113,-0.004186038393527269,0.9995142817497253,0.6661572456359863,0.5393694639205933,-0.8856001496315002,0.9955978989601135,0.5012339353561401,0.5348612070083618,-0.876867949962616,0.9857504963874817,0.673943817615509,0.6260105967521667,-0.33122003078460693,0.9894941449165344,0.4686819314956665,0.622430682182312,-0.3532792627811432,0.9942423105239868,0.6677791476249695,0.6326965093612671,-0.29588258266448975,0.8984693288803101,0.4697927236557007,0.630017101764679,-0.32122281193733215,0.9215837717056274,0.6672633290290833,0.6523245573043823,-0.6488454341888428,0.9855853915214539,0.4784805476665497,0.6529600024223328,-0.6970846652984619,0.9894380569458008
66,squat,0,0.5898299217224121,0.4101044833660126,-1.3532644510269165,0.9999757409095764,0.6059178709983826,0.4003792405128479,-1.3195691108703613,0.999921441078186,0.6137633919715881,0.39962509274482727,-1.3195412158966064,0.9999374747276306,0.6212840676307678,0.3988132178783417,-1.3197693824768066,0.9998587965965271,0.5781638026237488,0.400119423866272,-1.3183200359344482,0.9999133944511414,0.5688157677650452,0.3988891839981079,-1.3185304403305054,0.9999455809593201,0.5612888336181641,0.39747297763824463,-1.3185566663742065,0.9999136328697205,0.6350284814834595,0.396122008562088,-1.024818778038025,0.9998939633369446,0.5475452542304993,0.3942703306674957,-1.0215295553207397,0.9999381899833679,0.6042166352272034,0.41777709126472473,-1.235220193862915,0.9999755620956421,0.573775589466095,0.4164350926876068,-1.2350215911865234,0.9999814629554749,0.6800353527069092,0.43364518880844116,-0.7783722281455994,0.9999573230743408,0.4810624122619629,0.42951005697250366,-0.766852080821991,0.9999415278434753,0.7349668145179749,0.5006283521652222,-1.221265435218811,0.9959750771522522,0.4195520281791687,0.49529096484184265,-1.2055109739303589,0.993762195110321,0.6404303312301636,0.44924718141555786,-1.6823794841766357,0.9870370030403137,0.5334834456443787,0.4486187994480133,-1.67724609375,0.9771013855934143,0.618687093257904,0.433628112077713,-1.7783160209655762,0.9562557935714722,0.5620162487030029,0.43248042464256287,-1.7775269746780396,0.9226843118667603,0.6167677640914917,0.4301585257053375,-1.715880036354065,0.9428799748420715,0.5648912191390991,0.4296645224094391,-1.7063672542572021,0.8938205242156982,0.6174085736274719,0.4343954622745514,-1.6659818887710571,0.8699285387992859,0.5591251254081726,0.4340992271900177,-1.6569510698318481,0.7838621735572815,0.6266382932662964,0.5069261193275452,0.004801874980330467,0.9996347427368164,0.5117764472961426,0.5063334107398987,-0.004417904186993837,0.9995403289794922,0.6662958860397339,0.5396085381507874,-0.898573637008667,0.9956299066543579,0.501068115234375,0.5348177552223206,-0.8896782994270325,0.9855267405509949,0.6739453077316284,0.6261017918586731,-0.358742356300354,0.9893801808357239,0.46850988268852234,0.6225637197494507,-0.38034364581108093,0.9944030046463013,0.6677969694137573,0.632973849773407,-0.32526567578315735,0.9009002447128296,0.4697725772857666,0.6304780840873718,-0.35014939308166504,0.923974871635437,0.6681572198867798,0.6525046229362488,-0.6824314594268799,0.9855829477310181,0.47855913639068604,0.6525243520736694,-0.7293714880943298,0.9896599054336548
67,squat,0,0.5901002883911133,0.40860843658447266,-1.3551733493804932,0.9999765753746033,0.6059461236000061,0.3989753723144531,-1.3203941583633423,0.9999234080314636,0.6137604117393494,0.39822643995285034,-1.3203661441802979,0.9999401569366455,0.6212462782859802,0.39742982387542725,-1.3205899000167847,0.9998582601547241,0.5785347819328308,0.3987845778465271,-1.319488525390625,0.9999138712882996,0.5690076947212219,0.39766940474510193,-1.3196889162063599,0.9999475479125977,0.5613448023796082,0.3963896334171295,-1.3197036981582642,0.9999138116836548,0.6352817416191101,0.3949388563632965,-1.0218768119812012,0.9998981356620789,0.5476841330528259,0.3935413360595703,-1.0198590755462646,0.999941349029541,0.6042671203613281,0.4165247678756714,-1.2359460592269897,0.9999774098396301,0.5741599798202515,0.41490116715431213,-1.2362468242645264,0.9999828338623047,0.6796937584877014,0.43249183893203735,-0.7753870487213135,0.9999596476554871,0.48111599683761597,0.42861634492874146,-0.764146089553833,0.9999430775642395,0.7350146770477295,0.5005150437355042,-1.2285057306289673,0.9962446689605713,0.41956445574760437,0.493878036737442,-1.2072087526321411,0.9939729571342468,0.6404883861541748,0.4475242793560028,-1.7011202573776245,0.9879173636436462,0.5331004858016968,0.44779306650161743,-1.6840835809707642,0.9781399965286255,0.6197148561477661,0.43344399333000183,-1.798579454421997,0.95887690782547,0.562018096446991,0.43237361311912537,-1.7851008176803589,0.9259071350097656,0.6170938014984131,0.4290539622306824,-1.7352153062820435,0.9460322260856628,0.5649003982543945,0.4284946322441101,-1.7129217386245728,0.8976011276245117,0.61778324842453,0.4337783753871918,-1.6848342418670654,0.8755326867103577,0.5591919422149658,0.433428555727005,-1.6634774208068848,0.7886823415756226,0.6263392567634583,0.5060978531837463,0.005041912663727999,0.9996526837348938,0.5105656981468201,0.5054608583450317,-0.004676836542785168,0.9995622634887695,0.666421115398407,0.5397499203681946,-0.9041787385940552,0.9956249594688416,0.5012539029121399,0.5347834825515747,-0.8960597515106201,0.9851311445236206,0.6738983988761902,0.6262551546096802,-0.37077268958091736,0.9891096949577332,0.46813422441482544,0.622524082660675,-0.39214661717414856,0.994465708732605,0.667763352394104,0.6333298087120056,-0.33800166845321655,0.9024897217750549,0.4689786434173584,0.6304858326911926,-0.36254921555519104,0.9255650043487549,0.6687884330749512,0.6525388956069946,-0.6971283555030823,0.9854285717010498,0.47945496439933777,0.6524855494499207,-0.7424841523170471,0.9897364377975464
68,squat,0,0.590461790561676,0.4033025801181793,-1.3438448905944824,0.9999780058860779,0.6060664057731628,0.39310306310653687,-1.3052557706832886,0.9999280571937561,0.6138447523117065,0.3926023840904236,-1.3052679300308228,0.9999443292617798,0.6213017702102661,0.3919423818588257,-1.3054989576339722,0.9998652338981628,0.5789456963539124,0.3921123147010803,-1.3058654069900513,0.9999179840087891,0.569452166557312,0.39103683829307556,-1.3060407638549805,0.9999508261680603,0.5617721080780029,0.3899560272693634,-1.306017518043518,0.9999176263809204,0.6355254650115967,0.38922929763793945,-1.0020025968551636,0.9999051690101624,0.5483980178833008,0.38670670986175537,-1.0060466527938843,0.9999454021453857,0.6043732762336731,0.4105089008808136,-1.2232991456985474,0.9999793767929077,0.5741833448410034,0.40985986590385437,-1.2258155345916748,0.9999842643737793,0.6796860694885254,0.42865726351737976,-0.7567983269691467,0.9999623894691467,0.48115208745002747,0.4256659150123596,-0.7446350455284119,0.9999449849128723,0.7350468039512634,0.4965195655822754,-1.2098007202148438,0.9965090751647949,0.41921159625053406,0.49093738198280334,-1.1672433614730835,0.9941477179527283,0.6413823962211609,0.4443274736404419,-1.6847699880599976,0.9888210296630859,0.5272096991539001,0.446732759475708,-1.6653976440429688,0.9792256951332092,0.6202372312545776,0.4317294955253601,-1.7842745780944824,0.9617080092430115,0.5568522810935974,0.4317271411418915,-1.7749989032745361,0.9295599460601807,0.6172065734863281,0.4260340929031372,-1.723613977432251,0.9496090412139893,0.5605769157409668,0.4278811812400818,-1.7063143253326416,0.9022434949874878,0.6182610392570496,0.4305569529533386,-1.6694930791854858,0.8825613260269165,0.5549226403236389,0.4330539107322693,-1.6495946645736694,0.7958572506904602,0.625756561756134,0.5038155317306519,0.005058432463556528,0.999671459197998,0.5094791650772095,0.5023332834243774,-0.0046944585628807545,0.9995847940444946,0.6664274334907532,0.5402296185493469,-0.8894947171211243,0.9956404566764832,0.5013889074325562,0.5349301099777222,-0.8880569934844971,0.9848397374153137,0.6738157272338867,0.6263074278831482,-0.36369115114212036,0.9890212416648865,0.46777528524398804,0.6226455569267273,-0.3856850266456604,0.9945312738418579,0.667772650718689,0.633694589138031,-0.33195897936820984,0.9041630029678345,0.46845534443855286,0.6308583617210388,-0.35601240396499634,0.9268818497657776,0.6690141558647156,0.6525586843490601,-0.690419614315033,0.9854031801223755,0.48075881600379944,0.6525481939315796,-0.7342156171798706,0.9897828698158264
69,squat,0,0.5904754400253296,0.39898717403411865,-1.3674976825714111,0.9999792575836182,0.6060708165168762,0.3895895183086395,-1.331737756729126,0.9999321103096008,0.6138479709625244,0.3891831636428833,-1.3317235708236694,0.9999479651451111,0.6213069558143616,0.38860562443733215,-1.3319499492645264,0.9998711347579956,0.5789662003517151,0.3883035182952881,-1.331956386566162,0.999921441078186,0.5695131421089172,0.3870965838432312,-1.3321455717086792,0.9999536871910095,0.5618817210197449,0.3859494626522064,-1.3321360349655151,0.9999209046363831,0.6355867385864258,0.3858015835285187,-1.0255807638168335,0.9999114274978638,0.5484721660614014,0.38203537464141846,-1.0282875299453735,0.999949038028717,0.6043791174888611,0.4065914452075958,-1.2453933954238892,0.9999811053276062,0.5741966366767883,0.40559107065200806,-1.2470550537109375,0.9999855160713196,0.6798868179321289,0.4242551326751709,-0.7703289985656738,0.9999651908874512,0.48188918828964233,0.42059358954429626,-0.7560913562774658,0.9999473690986633,0.7363235950469971,0.49132779240608215,-1.2210357189178467,0.996738076210022,0.4192115366458893,0.48639267683029175,-1.1768876314163208,0.9943884611129761,0.6416836380958557,0.44193416833877563,-1.7150466442108154,0.9895874857902527,0.5271984934806824,0.4432573616504669,-1.6701074838638306,0.9802753925323486,0.6202784776687622,0.42779964208602905,-1.8161265850067139,0.9639690518379211,0.5571848750114441,0.4268852770328522,-1.773802638053894,0.9327235817909241,0.617222785949707,0.42222949862480164,-1.754926323890686,0.9524102807044983,0.5607284903526306,0.4224911332130432,-1.7063653469085693,0.9061585068702698,0.6184840798377991,0.42692017555236816,-1.6998320817947388,0.8877031803131104,0.5551410913467407,0.4270270764827728,-1.6521681547164917,0.8015879988670349,0.6257425546646118,0.4988898038864136,0.004760035779327154,0.9996904730796814,0.5095290541648865,0.4985074996948242,-0.004412952810525894,0.999607264995575,0.6668442487716675,0.5408967733383179,-0.8832630515098572,0.9955406188964844,0.5014230012893677,0.5349444150924683,-0.8812193274497986,0.9843120574951172,0.6737825870513916,0.6273766160011292,-0.3570508360862732,0.9886578321456909,0.4677106738090515,0.6224210262298584,-0.37721753120422363,0.9945236444473267,0.667667031288147,0.6352159380912781,-0.3255653381347656,0.9042654037475586,0.46803098917007446,0.630620002746582,-0.3468115031719208,0.9272820353507996,0.6708758473396301,0.6526128053665161,-0.6870277523994446,0.9852080941200256,0.48074784874916077,0.652529239654541,-0.7236283421516418,0.9897887706756592
70,squat,0,0.5902026891708374,0.39238062500953674,-1.3999080657958984,0.9999808073043823,0.605898380279541,0.3836778998374939,-1.3645633459091187,0.999937117099762,0.6137522459030151,0.38324782252311707,-1.3645260334014893,0.9999520778656006,0.6212992072105408,0.3826165199279785,-1.3647396564483643,0.9998795986175537,0.5788277983665466,0.3822755813598633,-1.3638243675231934,0.9999266266822815,0.569514274597168,0.3811088800430298,-1.3640220165252686,0.9999571442604065,0.5619081854820251,0.379955917596817,-1.3640159368515015,0.9999260902404785,0.635754406452179,0.37947824597358704,-1.0546681880950928,0.9999183416366577,0.5485697984695435,0.3759460151195526,-1.0527178049087524,0.9999531507492065,0.6042808294296265,0.4000834822654724,-1.2759909629821777,0.9999828338623047,0.574134349822998,0.3983922600746155,-1.27626371383667,0.9999868273735046,0.680142879486084,0.4184214472770691,-0.7904036045074463,0.9999679923057556,0.4832717776298523,0.41433289647102356,-0.7706326842308044,0.999950647354126,0.7387988567352295,0.4863284230232239,-1.2418056726455688,0.9969372749328613,0.4185488224029541,0.48171621561050415,-1.190263032913208,0.9946496486663818,0.6429525017738342,0.4390718340873718,-1.7522192001342773,0.9902607798576355,0.526654839515686,0.43889713287353516,-1.6914395093917847,0.9814282059669495,0.6201993823051453,0.42344650626182556,-1.8568360805511475,0.9660419225692749,0.5572249293327332,0.4226660430431366,-1.7975523471832275,0.9363752007484436,0.6171862483024597,0.41850557923316956,-1.797870397567749,0.9550051689147949,0.5611007213592529,0.4177722930908203,-1.731791377067566,0.9108787775039673,0.6184208393096924,0.42293399572372437,-1.7382498979568481,0.8925113081932068,0.5556280016899109,0.42148181796073914,-1.6735589504241943,0.8093510270118713,0.6259630918502808,0.49271929264068604,0.0023811557330191135,0.9997122287750244,0.5096005201339722,0.4928986430168152,-0.002074738033115864,0.9996337890625,0.6668391823768616,0.5408840179443359,-0.8908185958862305,0.9955225586891174,0.5004740357398987,0.5342704057693481,-0.8859589099884033,0.9842755794525146,0.6738079786300659,0.6272337436676025,-0.35574108362197876,0.9886926412582397,0.46776896715164185,0.6210779547691345,-0.3728432357311249,0.9946421384811401,0.6676731705665588,0.6351237297058105,-0.3235643804073334,0.9044299125671387,0.46806973218917847,0.6289545893669128,-0.34326258301734924,0.928472638130188,0.6713510155677795,0.652620255947113,-0.6956051588058472,0.9854163527488708,0.48028838634490967,0.6525946855545044,-0.7201439142227173,0.9900185465812683
71,squat,0,0.5903381705284119,0.38245731592178345,-1.3762644529342651,0.9999822378158569,0.606320858001709,0.37371373176574707,-1.341392159461975,0.9999421238899231,0.6144840717315674,0.3731437027454376,-1.3413571119308472,0.999955952167511,0.6222367286682129,0.37243929505348206,-1.341575264930725,0.9998887777328491,0.5792298913002014,0.37301507592201233,-1.340878963470459,0.9999322295188904,0.5701367855072021,0.37176233530044556,-1.341083288192749,0.9999605417251587,0.5625460743904114,0.3702546954154968,-1.341090202331543,0.9999319314956665,0.6369598507881165,0.36962488293647766,-1.040018081665039,0.9999251961708069,0.5495356321334839,0.36616986989974976,-1.0383672714233398,0.999957263469696,0.6044602990150452,0.38981887698173523,-1.254948616027832,0.9999843835830688,0.5747532844543457,0.3879515528678894,-1.2556805610656738,0.9999880194664001,0.6816181540489197,0.4079546332359314,-0.7844502925872803,0.9999704360961914,0.4853602647781372,0.404330849647522,-0.7677391171455383,0.9999545216560364,0.7455471754074097,0.4788469970226288,-1.2150990962982178,0.9970620274543762,0.4158828854560852,0.4730200171470642,-1.1541273593902588,0.9949879050254822,0.649366557598114,0.4336438477039337,-1.7214609384536743,0.9904321432113647,0.5242130756378174,0.4329476058483124,-1.648718237876892,0.9824788570404053,0.6201901435852051,0.4195038080215454,-1.8252168893814087,0.9663848280906677,0.5528421401977539,0.41750383377075195,-1.7570115327835083,0.9395787715911865,0.6176804304122925,0.4143030047416687,-1.7707828283309937,0.9552982449531555,0.55680912733078,0.41225042939186096,-1.7093056440353394,0.9150941371917725,0.6200966835021973,0.41739073395729065,-1.709207534790039,0.8920868039131165,0.5530624985694885,0.4154033362865448,-1.6362749338150024,0.8168413043022156,0.6259980797767639,0.48441746830940247,0.0009072006214410067,0.9997274279594421,0.5104435682296753,0.48430538177490234,-0.0006461145239882171,0.9996547102928162,0.6667366027832031,0.5408315658569336,-0.7837812900543213,0.9954609274864197,0.50004643201828,0.5345382690429688,-0.7854148745536804,0.9844799041748047,0.6741053462028503,0.6271568536758423,-0.3112914264202118,0.9886412024497986,0.46796056628227234,0.6211876273155212,-0.31229713559150696,0.9946748614311218,0.6686375737190247,0.6350939273834229,-0.2860886752605438,0.9014732241630554,0.46833446621894836,0.6296440362930298,-0.28594520688056946,0.9280844926834106,0.671896755695343,0.652623176574707,-0.6641823053359985,0.9854472279548645,0.48011863231658936,0.6528387665748596,-0.6643427610397339,0.9900803565979004
72,squat,0,0.5901428461074829,0.37507739663124084,-1.3669660091400146,0.9999836683273315,0.6062086224555969,0.3667839467525482,-1.3327147960662842,0.9999468326568604,0.6144348978996277,0.36633867025375366,-1.3326808214187622,0.9999595880508423,0.6222290396690369,0.3656650185585022,-1.3328980207443237,0.9998975396156311,0.5790862441062927,0.3658335506916046,-1.3322014808654785,0.9999377131462097,0.5701132416725159,0.3645246922969818,-1.3324085474014282,0.9999638199806213,0.5625552535057068,0.3629263937473297,-1.3324189186096191,0.9999375939369202,0.6370986104011536,0.36293134093284607,-1.0336296558380127,0.9999315142631531,0.5497795343399048,0.35914668440818787,-1.0366744995117188,0.9999610781669617,0.6042558550834656,0.382869690656662,-1.2467372417449951,0.9999858140945435,0.5746529698371887,0.38114553689956665,-1.2485061883926392,0.9999891519546509,0.681811511516571,0.40094393491744995,-0.7657552361488342,0.999972939491272,0.4873879849910736,0.39739492535591125,-0.7407032251358032,0.9999582767486572,0.7535557150840759,0.471104234457016,-1.1629669666290283,0.9972502589225769,0.4121270179748535,0.4660200774669647,-1.1046428680419922,0.9953159689903259,0.6628252267837524,0.43082261085510254,-1.705062747001648,0.9908259510993958,0.5160051584243774,0.430684357881546,-1.6210368871688843,0.9834736585617065,0.6292193531990051,0.4184075593948364,-1.8118176460266113,0.9674747586250305,0.5429403781890869,0.4164535403251648,-1.7335745096206665,0.9427008032798767,0.6257975101470947,0.4124753773212433,-1.7536509037017822,0.9567016959190369,0.5477405786514282,0.4106801450252533,-1.6902366876602173,0.9193262457847595,0.6305277943611145,0.41547250747680664,-1.7075631618499756,0.8943620920181274,0.5443006157875061,0.4142650365829468,-1.6108282804489136,0.8246411085128784,0.6269277334213257,0.4792393445968628,-0.0013700105482712388,0.9997413754463196,0.5121723413467407,0.47985097765922546,0.0015978479059413075,0.9996726512908936,0.6663576364517212,0.5406051278114319,-0.7361924052238464,0.9954773187637329,0.4999239444732666,0.5345569849014282,-0.7521034479141235,0.9847347140312195,0.674245297908783,0.627076268196106,-0.28071513772010803,0.9886585474014282,0.46928033232688904,0.621224582195282,-0.2796676456928253,0.9946567416191101,0.669215738773346,0.6355203986167908,-0.2578938603401184,0.8984695076942444,0.468635231256485,0.6300515532493591,-0.25371840596199036,0.9275351166725159,0.6717864274978638,0.6534299850463867,-0.6436019539833069,0.9854795336723328,0.480471134185791,0.6528415679931641,-0.6381983160972595,0.9900428652763367
73,squat,0,0.5899910926818848,0.36792609095573425,-1.279441237449646,0.9999849796295166,0.606013298034668,0.3596656620502472,-1.2483270168304443,0.9999512434005737,0.6142550110816956,0.3592817485332489,-1.2482935190200806,0.9999628663063049,0.6221393346786499,0.35866907238960266,-1.2484779357910156,0.999906063079834,0.5789819955825806,0.35870999097824097,-1.2463151216506958,0.99994295835495,0.5701166391372681,0.35751867294311523,-1.246555209159851,0.9999668002128601,0.5625635385513306,0.356084942817688,-1.2465795278549194,0.9999428987503052,0.6370989084243774,0.35579097270965576,-0.9590200185775757,0.9999372959136963,0.550020158290863,0.3524520993232727,-0.948931097984314,0.9999643564224243,0.6041430830955505,0.3758555054664612,-1.1618542671203613,0.9999870657920837,0.5746653079986572,0.3742262125015259,-1.1599071025848389,0.9999901652336121,0.6819136142730713,0.3943968713283539,-0.6919267177581787,0.9999750256538391,0.4896911680698395,0.3913348317146301,-0.6731961369514465,0.999961256980896,0.7596595883369446,0.46532922983169556,-1.054599404335022,0.9973716139793396,0.40967288613319397,0.45865774154663086,-1.0173124074935913,0.9955704808235168,0.6667107939720154,0.4269365668296814,-1.5586971044540405,0.9909647107124329,0.5144674777984619,0.4256844222545624,-1.5189229249954224,0.9841473698616028,0.634687602519989,0.41640329360961914,-1.664988398551941,0.967899739742279,0.5397865176200867,0.4131283462047577,-1.6292704343795776,0.9447600841522217,0.6297653913497925,0.4110046327114105,-1.623092532157898,0.9573491811752319,0.5453336834907532,0.4080798625946045,-1.5854154825210571,0.9221990704536438,0.6346250176429749,0.41382259130477905,-1.5519729852676392,0.8955573439598083,0.542304515838623,0.4113022983074188,-1.509860634803772,0.8301368355751038,0.6270840764045715,0.47663751244544983,-0.002193478401750326,0.9997533559799194,0.5129656791687012,0.4765598475933075,0.0024149680975824594,0.9996863603591919,0.6662876605987549,0.5405014753341675,-0.6623159050941467,0.995455265045166,0.49997973442077637,0.5346161723136902,-0.6894696354866028,0.9851328134536743,0.6742268800735474,0.6251376271247864,-0.18289607763290405,0.9888232350349426,0.469786673784256,0.62129145860672,-0.20301173627376556,0.9947343468666077,0.6685229539871216,0.633547842502594,-0.15560641884803772,0.8973097801208496,0.46953099966049194,0.6302511692047119,-0.1736619770526886,0.9281328320503235,0.6724883317947388,0.6534507870674133,-0.5225883722305298,0.9856014251708984,0.48047271370887756,0.6526124477386475,-0.5461758375167847,0.9901512265205383
74,squat,0,0.5899548530578613,0.3597564697265625,-1.2808825969696045,0.9999861717224121,0.6058210134506226,0.351357102394104,-1.2503167390823364,0.9999553561210632,0.614011824131012,0.35097676515579224,-1.2502938508987427,0.9999659657478333,0.6220195293426514,0.35035058856010437,-1.2505005598068237,0.9999141097068787,0.5789013504981995,0.35035741329193115,-1.2487671375274658,0.9999478459358215,0.5701255202293396,0.3491634130477905,-1.2490160465240479,0.9999696016311646,0.5625696778297424,0.34779149293899536,-1.2490472793579102,0.9999479055404663,0.6370811462402344,0.34771329164505005,-0.9599473476409912,0.9999427199363708,0.5504268407821655,0.34507468342781067,-0.9515465497970581,0.9999675154685974,0.6040853261947632,0.36793628334999084,-1.162543535232544,0.9999882578849792,0.5746715664863586,0.36678239703178406,-1.1610519886016846,0.9999910593032837,0.6819601058959961,0.3866920471191406,-0.6774179935455322,0.9999769330024719,0.4899241626262665,0.3866017460823059,-0.673072874546051,0.9999643564224243,0.7668940424919128,0.4590494632720947,-1.0267248153686523,0.9974216818809509,0.4069159924983978,0.4517034590244293,-1.0050503015518188,0.9958134293556213,0.6750900745391846,0.4253309667110443,-1.5568677186965942,0.9902689456939697,0.5074998736381531,0.42361360788345337,-1.510646104812622,0.9844086170196533,0.647186279296875,0.41769862174987793,-1.6654560565948486,0.9659577012062073,0.5301610231399536,0.4131813049316406,-1.6201924085617065,0.945530354976654,0.6391507983207703,0.4125099778175354,-1.626559853553772,0.9551504254341125,0.5352822542190552,0.4076087474822998,-1.5786538124084473,0.923481285572052,0.643827497959137,0.41471561789512634,-1.5510764122009277,0.8909876346588135,0.5317288041114807,0.41009199619293213,-1.502295970916748,0.8326270580291748,0.6273676156997681,0.47197774052619934,-0.002114048460498452,0.9997623562812805,0.5132355093955994,0.4720302224159241,0.002311714692041278,0.9996936321258545,0.666217565536499,0.540476381778717,-0.6241791248321533,0.995333731174469,0.49977120757102966,0.53563392162323,-0.6376460194587708,0.98520827293396,0.6749094128608704,0.6251439452171326,-0.1822746843099594,0.9889711737632751,0.4701699912548065,0.6223233342170715,-0.1828661561012268,0.9945135712623596,0.6692842245101929,0.6342436671257019,-0.15863879024982452,0.895164966583252,0.46959251165390015,0.631609320640564,-0.15724653005599976,0.9244443774223328,0.67198646068573,0.6534788012504578,-0.5294638872146606,0.9854755401611328,0.48144111037254333,0.6525982022285461,-0.5329245924949646,0.9896541833877563
75,squat,0,0.590518593788147,0.3435993194580078,-1.2621923685073853,0.9999873638153076,0.6058757305145264,0.33449944853782654,-1.2308343648910522,0.9999592304229736,0.6139949560165405,0.3340306282043457,-1.2308193445205688,0.9999688267707825,0.6219687461853027,0.3334789574146271,-1.231023907661438,0.9999216198921204,0.5793896317481995,0.33387210965156555,-1.230088710784912,0.9999524354934692,0.5704556107521057,0.3327082693576813,-1.2303489446640015,0.9999722242355347,0.5627245903015137,0.3315384089946747,-1.2303780317306519,0.9999526143074036,0.6369156241416931,0.33262374997138977,-0.9318997263908386,0.9999476075172424,0.5509324669837952,0.32939520478248596,-0.9286254644393921,0.9999704360961914,0.6043981909751892,0.35070905089378357,-1.1407883167266846,0.99998939037323,0.5752249956130981,0.3502410054206848,-1.140720248222351,0.9999918937683105,0.6818975210189819,0.3737512528896332,-0.640367865562439,0.9999788403511047,0.49095436930656433,0.37205997109413147,-0.6386500000953674,0.9999674558639526,0.769862949848175,0.44289544224739075,-0.9553616642951965,0.9973393678665161,0.39904314279556274,0.43949469923973083,-0.9384774565696716,0.9960347414016724,0.6999025344848633,0.42785292863845825,-1.5169472694396973,0.9887911677360535,0.48758581280708313,0.4209338128566742,-1.4742431640625,0.9848008155822754,0.6761763691902161,0.42541053891181946,-1.6336266994476318,0.9629192352294922,0.506467878818512,0.41425350308418274,-1.5892168283462524,0.9473671913146973,0.6705519556999207,0.4184316396713257,-1.6098343133926392,0.9519888758659363,0.5153042078018188,0.40857550501823425,-1.5614935159683228,0.9265194535255432,0.6702672243118286,0.4164333641529083,-1.5182510614395142,0.8850987553596497,0.5129134654998779,0.41016727685928345,-1.471644401550293,0.8392269611358643,0.6278582811355591,0.4645380973815918,-0.0019404829945415258,0.9997663497924805,0.5134193301200867,0.46580538153648376,0.002147146500647068,0.9996979832649231,0.6646246910095215,0.5362963080406189,-0.6540747284889221,0.9953566193580627,0.49980977177619934,0.53434818983078,-0.6742755174636841,0.9854834079742432,0.6757199764251709,0.6223071813583374,-0.18044839799404144,0.9892969131469727,0.4701169431209564,0.6224127411842346,-0.19311513006687164,0.9944456815719604,0.6705054640769958,0.632243812084198,-0.15405701100826263,0.8942386507987976,0.4679485559463501,0.6321486234664917,-0.16530413925647736,0.922792375087738,0.6672310829162598,0.6530028581619263,-0.5334136486053467,0.9856016039848328,0.48377370834350586,0.6523033380508423,-0.5546150803565979,0.989404022693634
76,squat,0,0.5914886593818665,0.3338407874107361,-1.1695287227630615,0.9999881386756897,0.606151819229126,0.3247968554496765,-1.1383159160614014,0.9999622106552124,0.6140295267105103,0.3244086802005768,-1.1383286714553833,0.9999709129333496,0.6219981908798218,0.32388246059417725,-1.138519048690796,0.9999276995658875,0.5805529952049255,0.3243367671966553,-1.1409045457839966,0.9999561905860901,0.5715895891189575,0.3233618140220642,-1.1411666870117188,0.999974250793457,0.5636526346206665,0.32221704721450806,-1.1412044763565063,0.9999566078186035,0.6369190812110901,0.3230094611644745,-0.8481433987617493,0.9999510049819946,0.5518819689750671,0.3204285502433777,-0.859330415725708,0.999972939491272,0.6049657464027405,0.3411629796028137,-1.051640510559082,0.9999902248382568,0.576399028301239,0.34052231907844543,-1.0555588006973267,0.9999926090240479,0.6814342141151428,0.3638293147087097,-0.5641929507255554,0.9999800324440002,0.49147891998291016,0.3641713261604309,-0.5863524675369263,0.9999701380729675,0.7664031386375427,0.42847469449043274,-0.8171168565750122,0.9964790940284729,0.3964415192604065,0.4310901463031769,-0.8313964009284973,0.9962080121040344,0.7354268431663513,0.42944401502609253,-1.362074613571167,0.9821641445159912,0.4743392765522003,0.42169293761253357,-1.3135651350021362,0.9848368763923645,0.7199296951293945,0.4350159168243408,-1.4724466800689697,0.9510385990142822,0.49689963459968567,0.4183861315250397,-1.4199345111846924,0.9481883645057678,0.7172641158103943,0.4287501871585846,-1.4710220098495483,0.9399473071098328,0.5048425197601318,0.409406453371048,-1.4034134149551392,0.9285839796066284,0.7139089107513428,0.4260704815387726,-1.372718334197998,0.8677688837051392,0.5015902519226074,0.4118042588233948,-1.31360924243927,0.8444041609764099,0.6288737654685974,0.4587075412273407,0.0018617826281115413,0.9997594952583313,0.5141761302947998,0.45968905091285706,-0.0017133447108790278,0.9996960759162903,0.6639500856399536,0.5358543992042542,-0.4944535493850708,0.994989812374115,0.49994543194770813,0.5329605340957642,-0.5657075643539429,0.9855878353118896,0.6761167645454407,0.6225057244300842,-0.12869949638843536,0.9893721342086792,0.47010427713394165,0.622471809387207,-0.1634504646062851,0.994046688079834,0.670369565486908,0.6337427496910095,-0.11198972165584564,0.8901116847991943,0.4673205614089966,0.6328150629997253,-0.14241765439510345,0.9153911471366882,0.667293131351471,0.6532002091407776,-0.4679861068725586,0.9849904179573059,0.484787255525589,0.6521568894386292,-0.5079355835914612,0.9885299801826477
77,squat,0,0.5917285084724426,0.32572272419929504,-1.137457251548767,0.9999892115592957,0.606153130531311,0.31730160117149353,-1.1070829629898071,0.9999657273292542,0.6139487028121948,0.31678467988967896,-1.1070383787155151,0.9999735355377197,0.6219842433929443,0.31620651483535767,-1.1071817874908447,0.9999345541000366,0.5807120203971863,0.31648313999176025,-1.1092036962509155,0.9999603629112244,0.5719369053840637,0.3155096769332886,-1.1094826459884644,0.999976634979248,0.5641663074493408,0.31451216340065,-1.109497308731079,0.9999607801437378,0.6369002461433411,0.31491005420684814,-0.8227590918540955,0.9999554753303528,0.5531910061836243,0.3128008544445038,-0.8330258131027222,0.9999755024909973,0.6052864193916321,0.33389613032341003,-1.022573471069336,0.9999911189079285,0.5770837068557739,0.33250802755355835,-1.0263034105300903,0.9999933242797852,0.6815645098686218,0.3576192259788513,-0.5464330911636353,0.999981164932251,0.49271321296691895,0.3563196063041687,-0.5692416429519653,0.9999724626541138,0.7673577666282654,0.4224398136138916,-0.7175513505935669,0.9963204860687256,0.39854124188423157,0.421846866607666,-0.7653284668922424,0.9962955117225647,0.7433668375015259,0.4363403618335724,-1.2027478218078613,0.9796562194824219,0.4727088212966919,0.4215179681777954,-1.2432724237442017,0.9847057461738586,0.728611946105957,0.4458577334880829,-1.3082307577133179,0.9450713396072388,0.4936162829399109,0.4233962893486023,-1.3522143363952637,0.948848307132721,0.725775420665741,0.44111016392707825,-1.3264328241348267,0.9346913695335388,0.5034945011138916,0.4126395285129547,-1.3483848571777344,0.9306702613830566,0.7254127264022827,0.4379577338695526,-1.2190752029418945,0.8625975251197815,0.5002411007881165,0.412778377532959,-1.2483456134796143,0.8501920104026794,0.629179835319519,0.4533098042011261,0.003807978704571724,0.9997584819793701,0.5160113573074341,0.4532514810562134,-0.0038720248267054558,0.9997062087059021,0.664099931716919,0.5359922647476196,-0.25729748606681824,0.994979739189148,0.4999735951423645,0.5327056050300598,-0.3399266004562378,0.9863412380218506,0.6766459941864014,0.6227281093597412,0.1102004125714302,0.98981112241745,0.47006118297576904,0.6226661801338196,0.017666898667812347,0.9939621686935425,0.6703580021858215,0.6336165070533752,0.1290053129196167,0.8881460428237915,0.46711471676826477,0.6331005692481995,0.036442819982767105,0.9073917269706726,0.6674566268920898,0.6534193158149719,-0.1979784518480301,0.9850225448608398,0.484701931476593,0.6521962881088257,-0.3017720878124237,0.9882475733757019
78,squat,0,0.5918293595314026,0.31695955991744995,-1.1114003658294678,0.9999901652336121,0.6061542630195618,0.30829766392707825,-1.0806299448013306,0.9999688863754272,0.6138812303543091,0.3077111542224884,-1.0806028842926025,0.9999759197235107,0.621957004070282,0.3070868253707886,-1.080740213394165,0.9999407529830933,0.5808525681495667,0.30750706791877747,-1.0820780992507935,0.9999640583992004,0.5722985863685608,0.3065434992313385,-1.0823348760604858,0.99997878074646,0.5647815465927124,0.3055878281593323,-1.0823159217834473,0.9999644756317139,0.6368756294250488,0.30599191784858704,-0.799568235874176,0.9999595284461975,0.5547515749931335,0.30411621928215027,-0.8070672154426575,0.9999777674674988,0.6055324077606201,0.3251698911190033,-0.998198926448822,0.9999919533729553,0.577498733997345,0.3237231373786926,-1.0010616779327393,0.9999939203262329,0.6818995475769043,0.35072916746139526,-0.5394285917282104,0.9999826550483704,0.4949355721473694,0.3469116985797882,-0.54197758436203,0.9999743700027466,0.7662071585655212,0.414264440536499,-0.6713227033615112,0.9964097738265991,0.4007285237312317,0.4103827178478241,-0.7168459296226501,0.9962283968925476,0.7610751390457153,0.43996331095695496,-1.1148855686187744,0.9799416065216064,0.45707690715789795,0.42276492714881897,-1.1882680654525757,0.9843043088912964,0.7551882863044739,0.4536150097846985,-1.2186893224716187,0.9459195733070374,0.47885167598724365,0.4288511276245117,-1.2980008125305176,0.9492876529693604,0.7460101246833801,0.44910016655921936,-1.2562386989593506,0.9366905093193054,0.48923423886299133,0.41863182187080383,-1.3105974197387695,0.9326835870742798,0.7451622486114502,0.4448309540748596,-1.1381241083145142,0.8689818978309631,0.485917329788208,0.41520246863365173,-1.2007802724838257,0.8564403653144836,0.6302242875099182,0.4510081708431244,0.003757467493414879,0.999768078327179,0.518711268901825,0.4497665464878082,-0.0038561015389859676,0.9997172355651855,0.6641126275062561,0.5349276065826416,-0.2980063557624817,0.9951311349868774,0.5001444816589355,0.5307939052581787,-0.345908522605896,0.9870652556419373,0.6774576306343079,0.6227998733520508,0.04944920167326927,0.990375280380249,0.46990883350372314,0.6205747127532959,-0.0043311039917171,0.9938635230064392,0.6719757914543152,0.6336151361465454,0.0656576156616211,0.8877809047698975,0.4670988619327545,0.6307617425918579,0.012424697168171406,0.899531364440918,0.6667776107788086,0.6533763408660889,-0.27098122239112854,0.9853997230529785,0.48465538024902344,0.650784969329834,-0.32809749245643616,0.9880465865135193
79,squat,0,0.5926583409309387,0.30174750089645386,-1.0389552116394043,0.9999909996986389,0.6064693927764893,0.29200389981269836,-1.014707326889038,0.9999715089797974,0.6139938235282898,0.2913898825645447,-1.0146452188491821,0.9999777674674988,0.6219545006752014,0.29076510667800903,-1.0147281885147095,0.9999460577964783,0.5811542868614197,0.2917208671569824,-1.0176376104354858,0.9999672174453735,0.5724984407424927,0.2910362780094147,-1.0178680419921875,0.9999805092811584,0.5648267269134521,0.29040414094924927,-1.0178462266921997,0.999967634677887,0.6363369226455688,0.28978344798088074,-0.7480477690696716,0.9999626278877258,0.5550204515457153,0.28957900404930115,-0.7631405591964722,0.999979555606842,0.6060935854911804,0.3091086447238922,-0.9279611110687256,0.9999926090240479,0.5779521465301514,0.30896440148353577,-0.9330738186836243,0.9999943971633911,0.6817530393600464,0.3320678770542145,-0.4576641321182251,0.999984085559845,0.4951399266719818,0.33341184258461,-0.49646347761154175,0.9999757409095764,0.7616144418716431,0.39165961742401123,-0.33000558614730835,0.9966139197349548,0.41006913781166077,0.3966125547885895,-0.5324432849884033,0.9962154030799866,0.779197096824646,0.44085419178009033,-0.5376179218292236,0.9814699292182922,0.4448317289352417,0.42368435859680176,-0.8800541758537292,0.9848644733428955,0.7835736274719238,0.4597625434398651,-0.5950164198875427,0.9497705698013306,0.4620263874530792,0.4387831687927246,-0.9645012021064758,0.9517123103141785,0.7704387307167053,0.4580110013484955,-0.665422797203064,0.9416423439979553,0.47423362731933594,0.4299725294113159,-1.004060983657837,0.9369188547134399,0.765845000743866,0.4516538679599762,-0.5669697523117065,0.8801774382591248,0.47219160199165344,0.4245234727859497,-0.8995983004570007,0.8670008182525635,0.6301995515823364,0.4437912404537201,0.006086423061788082,0.9997721314430237,0.5198432803153992,0.442923903465271,-0.0063582551665604115,0.9997103214263916,0.6641131043434143,0.5334792733192444,-0.15398816764354706,0.9952511191368103,0.5003699064254761,0.5286157131195068,-0.1970178335905075,0.9877108335494995,0.6778205633163452,0.6229041814804077,0.11303684860467911,0.9909800887107849,0.4697454273700714,0.6202637553215027,0.06766010075807571,0.9938547611236572,0.6720342040061951,0.6336169242858887,0.12232357263565063,0.8876875042915344,0.46690651774406433,0.6308480501174927,0.07919958978891373,0.8955921530723572,0.6667320132255554,0.6533395648002625,-0.18846195936203003,0.9860526323318481,0.4841085374355316,0.6507777571678162,-0.2299470156431198,0.9881314635276794
80,squat,0,0.5929360389709473,0.2935405373573303,-1.0203975439071655,0.9999917149543762,0.6066250801086426,0.2836854159832001,-0.9958443641662598,0.9999738335609436,0.6140510439872742,0.2831362783908844,-0.9957857728004456,0.9999793767929077,0.6219507455825806,0.2825629711151123,-0.9958406686782837,0.9999508261680603,0.5813681483268738,0.28378450870513916,-0.9995458126068115,0.9999699592590332,0.5727608799934387,0.28300249576568604,-0.9997218251228333,0.9999819397926331,0.5650386214256287,0.2820650041103363,-0.9996801018714905,0.9999703764915466,0.6360599398612976,0.28206387162208557,-0.7299498915672302,0.9999651312828064,0.5554145574569702,0.2811492681503296,-0.7482365965843201,0.9999809265136719,0.6065433621406555,0.30107149481773376,-0.9097707271575928,0.9999931454658508,0.5783305764198303,0.3008207678794861,-0.9156451225280762,0.9999948143959045,0.6817479133605957,0.32278022170066833,-0.4433257281780243,0.9999854564666748,0.49612686038017273,0.324808806180954,-0.47452425956726074,0.9999766945838928,0.7566878795623779,0.38327401876449585,-0.2953117787837982,0.996815025806427,0.41429224610328674,0.3900362253189087,-0.4222497045993805,0.9962524175643921,0.7846546173095703,0.44071537256240845,-0.49862855672836304,0.9829894304275513,0.4398863613605499,0.4243733584880829,-0.6828429698944092,0.9854461550712585,0.7922185063362122,0.4581855237483978,-0.5571844577789307,0.9536335468292236,0.45229941606521606,0.4439764618873596,-0.7564471960067749,0.953920304775238,0.7792814373970032,0.45743250846862793,-0.6319965124130249,0.9464612603187561,0.4663533568382263,0.43512383103370667,-0.8075711131095886,0.9407958984375,0.7736015915870667,0.45121341943740845,-0.5302143096923828,0.890790581703186,0.46660494804382324,0.428676962852478,-0.7050415277481079,0.8767892122268677,0.6303418278694153,0.43845516443252563,0.008155455812811852,0.9997735023498535,0.522526741027832,0.4374936819076538,-0.008501722477376461,0.9996909499168396,0.6641972064971924,0.5310670733451843,-0.10386078804731369,0.9953325986862183,0.5004692077636719,0.5276871919631958,-0.15700960159301758,0.9883877038955688,0.6782218813896179,0.6229070425033569,0.1950596570968628,0.9915212392807007,0.46905338764190674,0.6195660829544067,0.12871216237545013,0.993898332118988,0.6724441051483154,0.6334795355796814,0.20745714008808136,0.8879483342170715,0.46639159321784973,0.6305351853370667,0.14266161620616913,0.892406165599823,0.6652255058288574,0.6533378958702087,-0.09850295633077621,0.9866622686386108,0.4840693771839142,0.6507798433303833,-0.16383424401283264,0.9883377552032471
81,squat,0,0.5930722951889038,0.2865521311759949,-0.9779083132743835,0.9999923706054688,0.6068081259727478,0.27669385075569153,-0.9551206231117249,0.9999756813049316,0.6141607761383057,0.2762746512889862,-0.9550741314888,0.999980628490448,0.6219900846481323,0.2757926285266876,-0.9551201462745667,0.9999549388885498,0.5815066695213318,0.27638331055641174,-0.9581098556518555,0.9999721646308899,0.5729178786277771,0.2754782736301422,-0.9582385420799255,0.999983012676239,0.5651364326477051,0.2745160758495331,-0.9581937789916992,0.9999725818634033,0.6360598802566528,0.27562862634658813,-0.6984304785728455,0.9999670386314392,0.5556334853172302,0.27373993396759033,-0.7120461463928223,0.999981701374054,0.606823742389679,0.29445791244506836,-0.8704333305358887,0.9999935626983643,0.5784766674041748,0.2936481833457947,-0.8748323321342468,0.9999951720237732,0.681925356388092,0.3169007897377014,-0.42386871576309204,0.9999867081642151,0.49653756618499756,0.3185150921344757,-0.4392561912536621,0.9999774098396301,0.753088116645813,0.3800702691078186,-0.26895129680633545,0.996975302696228,0.4174206852912903,0.3833481967449188,-0.33177652955055237,0.9962611794471741,0.7864524722099304,0.44063320755958557,-0.47085320949554443,0.9843250513076782,0.43536263704299927,0.4248233139514923,-0.5392136573791504,0.9859040975570679,0.7957516312599182,0.4581814706325531,-0.5304093956947327,0.9570004343986511,0.4425872564315796,0.44573643803596497,-0.6043967008590698,0.9556634426116943,0.7832524180412292,0.4577515423297882,-0.6059061288833618,0.9507132172584534,0.4591653347015381,0.4385048449039459,-0.6639241576194763,0.9441063404083252,0.7767835855484009,0.45213085412979126,-0.5030632019042969,0.900265634059906,0.4614054560661316,0.430990606546402,-0.5636570453643799,0.8855214715003967,0.6311917901039124,0.4348796308040619,0.0073928628116846085,0.9997751116752625,0.5234659910202026,0.4333597421646118,-0.007826539687812328,0.9996715784072876,0.6642961502075195,0.5284819602966309,-0.10741600394248962,0.9954224824905396,0.5008277893066406,0.525171160697937,-0.13490904867649078,0.9889484643936157,0.6786141395568848,0.6226778030395508,0.21140170097351074,0.9920143485069275,0.46891534328460693,0.6160449981689453,0.1686713993549347,0.9938763976097107,0.6727582812309265,0.6331071257591248,0.22591568529605865,0.8871340751647949,0.46620824933052063,0.6266586780548096,0.184512197971344,0.8881075978279114,0.6641785502433777,0.6533433198928833,-0.07966293394565582,0.9872244596481323,0.48440155386924744,0.6506575345993042,-0.11769834160804749,0.9885125756263733
82,squat,0,0.5931514501571655,0.27939388155937195,-0.9952366352081299,0.999992847442627,0.6070154309272766,0.26957470178604126,-0.971917986869812,0.9999769926071167,0.6143081188201904,0.2692326009273529,-0.9718963503837585,0.9999814033508301,0.6220982074737549,0.26880502700805664,-0.9719672799110413,0.9999582171440125,0.5815682411193848,0.2691977918148041,-0.9743943810462952,0.9999736547470093,0.572981595993042,0.2683039605617523,-0.9745194911956787,0.9999834895133972,0.5651677846908569,0.2673271894454956,-0.9744794964790344,0.9999741315841675,0.6361257433891296,0.26883676648139954,-0.7118396162986755,0.9999679327011108,0.5557609796524048,0.26666590571403503,-0.7228294610977173,0.9999815225601196,0.6070176959037781,0.28751304745674133,-0.8866318464279175,0.9999938011169434,0.5785009860992432,0.28663259744644165,-0.8903379440307617,0.9999954104423523,0.682287335395813,0.3124016225337982,-0.4378941059112549,0.9999877214431763,0.49679097533226013,0.3124113976955414,-0.45181262493133545,0.9999774694442749,0.7505225539207458,0.3772215247154236,-0.29231342673301697,0.9970501661300659,0.42236560583114624,0.37730666995048523,-0.3466860055923462,0.9960870146751404,0.7867289185523987,0.4405563175678253,-0.49572792649269104,0.9853234887123108,0.43282485008239746,0.42506709694862366,-0.5524123907089233,0.9857881665229797,0.7988556027412415,0.4588373303413391,-0.5562981963157654,0.9594608545303345,0.43453359603881836,0.44442909955978394,-0.6173899173736572,0.9560858607292175,0.7875048518180847,0.4587595760822296,-0.6333839893341064,0.9540476202964783,0.4508809447288513,0.43994390964508057,-0.6815487742424011,0.9460639357566833,0.7800665497779846,0.45367342233657837,-0.5290378332138062,0.9082216024398804,0.454569548368454,0.4327045679092407,-0.5791619420051575,0.8920973539352417,0.6312053203582764,0.432553231716156,0.007382685784250498,0.9997778534889221,0.5231638550758362,0.4303264617919922,-0.007786736357957125,0.9996514320373535,0.6648130416870117,0.5281548500061035,-0.0998232290148735,0.9955344796180725,0.5009989738464355,0.5237262845039368,-0.11330319941043854,0.9894554018974304,0.6787223815917969,0.6227651834487915,0.2426220327615738,0.9924774169921875,0.46857351064682007,0.6139246225357056,0.2100057750940323,0.9938692450523376,0.6728139519691467,0.6331177353858948,0.2595756947994232,0.8873291611671448,0.4660590589046478,0.6233162879943848,0.22754177451133728,0.8836750984191895,0.6642760038375854,0.6533302664756775,-0.04757707566022873,0.987772524356842,0.4845484793186188,0.6505599617958069,-0.07948622107505798,0.9886935949325562
83,squat,0,0.5931441783905029,0.2726558446884155,-0.9395467042922974,0.9999932646751404,0.6070374250411987,0.2627115547657013,-0.9205052256584167,0.999978244304657,0.6143279075622559,0.2623312771320343,-0.9204927086830139,0.9999821782112122,0.6220930814743042,0.2618573009967804,-0.9205556511878967,0.999961256980896,0.5815631151199341,0.26248493790626526,-0.9216361045837402,0.9999749660491943,0.5729819536209106,0.26164013147354126,-0.9217231273651123,0.9999838471412659,0.5651570558547974,0.2606604993343353,-0.9216768741607666,0.9999753832817078,0.6361182332038879,0.2617990970611572,-0.6736919283866882,0.9999690651893616,0.5558649897575378,0.25995975732803345,-0.6781765818595886,0.9999809265136719,0.6070610880851746,0.28075361251831055,-0.8350745439529419,0.9999940395355225,0.5784823298454285,0.28009212017059326,-0.8368545174598694,0.9999955296516418,0.6827064156532288,0.3067130744457245,-0.41207700967788696,0.9999886751174927,0.4973621368408203,0.3052751123905182,-0.4093696177005768,0.9999773502349854,0.7459430694580078,0.37272876501083374,-0.2599093019962311,0.9970819354057312,0.4282030165195465,0.37130725383758545,-0.28607258200645447,0.9956027865409851,0.7858923673629761,0.4396152198314667,-0.4553219974040985,0.9861606359481812,0.43271148204803467,0.42405667901039124,-0.4823346436023712,0.9850078225135803,0.7987060546875,0.45798611640930176,-0.5133195519447327,0.9615429043769836,0.42750921845436096,0.4426402151584625,-0.5417128801345825,0.9552271962165833,0.7875014543533325,0.457903653383255,-0.593092143535614,0.956944465637207,0.44275638461112976,0.44026800990104675,-0.6120222806930542,0.9467875957489014,0.7799551486968994,0.4528788924217224,-0.48914527893066406,0.9152869582176208,0.4490693509578705,0.43388456106185913,-0.5116082429885864,0.8970664143562317,0.6312295198440552,0.42945927381515503,0.0059722913429141045,0.9997738003730774,0.5230742692947388,0.4267444908618927,-0.006421137135475874,0.9996218085289001,0.6649354696273804,0.5283628106117249,-0.06632500886917114,0.9956070780754089,0.5012778043746948,0.5227019786834717,-0.058911703526973724,0.9898517727851868,0.6787627935409546,0.6231805086135864,0.23962701857089996,0.9928773045539856,0.4684980809688568,0.6134709119796753,0.23310188949108124,0.9937517046928406,0.6731904745101929,0.6332534551620483,0.2525828778743744,0.8866578936576843,0.4660665988922119,0.6224461197853088,0.2471182495355606,0.8784923553466797,0.6643516421318054,0.6535153985023499,-0.051634762436151505,0.9881930947303772,0.48452699184417725,0.6505427956581116,-0.04959355667233467,0.9886505007743835
84,squat,0,0.5930880904197693,0.2628212571144104,-0.9287530183792114,0.9999936819076538,0.6070401072502136,0.25276514887809753,-0.9127334952354431,0.9999794960021973,0.6143518090248108,0.25232481956481934,-0.9127312898635864,0.999983012676239,0.622075080871582,0.25184449553489685,-0.9128168821334839,0.99996417760849,0.5814693570137024,0.2528042495250702,-0.9135882258415222,0.9999763369560242,0.5726467967033386,0.252208411693573,-0.9136747121810913,0.9999842643737793,0.5645741820335388,0.2516103982925415,-0.9136432409286499,0.9999765753746033,0.6359854936599731,0.2511012852191925,-0.6654031872749329,0.999970555305481,0.5556125640869141,0.2507414221763611,-0.668260931968689,0.999980628490448,0.6070582866668701,0.270364373922348,-0.8222188353538513,0.9999943375587463,0.578178346157074,0.2701340615749359,-0.8235676288604736,0.9999957084655762,0.6830441951751709,0.2974103093147278,-0.39119523763656616,0.9999895691871643,0.49723464250564575,0.29563286900520325,-0.39691534638404846,0.9999777674674988,0.7414836883544922,0.3658478260040283,-0.22329971194267273,0.9970582723617554,0.435602605342865,0.3639609217643738,-0.2661110758781433,0.9947905540466309,0.7810030579566956,0.435539186000824,-0.4212813377380371,0.9868450164794922,0.42787638306617737,0.42350488901138306,-0.4644913971424103,0.9836273789405823,0.7943612933158875,0.45618900656700134,-0.47794657945632935,0.963302493095398,0.41640740633010864,0.44193369150161743,-0.5228585600852966,0.9534170031547546,0.785011887550354,0.4559444785118103,-0.5628084540367126,0.9594790935516357,0.4303380846977234,0.44084376096725464,-0.6016873717308044,0.9465903043746948,0.7779257297515869,0.450734943151474,-0.45715534687042236,0.9215415716171265,0.43914785981178284,0.43527281284332275,-0.49729445576667786,0.9006755352020264,0.6312723159790039,0.4226391911506653,0.005334544461220503,0.9997702240943909,0.5229299068450928,0.4204004406929016,-0.005799955688416958,0.9996015429496765,0.6649408340454102,0.5271914601325989,-0.07528509944677353,0.9955551624298096,0.501433253288269,0.521665096282959,-0.05738571286201477,0.9900062680244446,0.6789261698722839,0.6238704919815063,0.2128729671239853,0.9931280612945557,0.46834176778793335,0.6140837073326111,0.21555523574352264,0.9934386014938354,0.6733219623565674,0.6336351037025452,0.22382989525794983,0.8847373127937317,0.46633774042129517,0.6233418583869934,0.22722595930099487,0.8724289536476135,0.6644177436828613,0.6539710164070129,-0.08187735825777054,0.9883230924606323,0.48450589179992676,0.6506596207618713,-0.07238058745861053,0.9882246255874634
85,squat,0,0.5930461287498474,0.2546631097793579,-0.8631930351257324,0.9999940395355225,0.6070588827133179,0.24377642571926117,-0.8445723056793213,0.9999805092811584,0.6143690347671509,0.24350976943969727,-0.8445730805397034,0.9999836683273315,0.622002363204956,0.24311767518520355,-0.8446162343025208,0.9999666213989258,0.5813764929771423,0.2439454197883606,-0.8458728194236755,0.9999772310256958,0.5724908709526062,0.24328583478927612,-0.8459208011627197,0.9999843835830688,0.5641573071479797,0.24252021312713623,-0.8458707332611084,0.9999773502349854,0.6353200674057007,0.24359937012195587,-0.5989294648170471,0.9999715685844421,0.5552210211753845,0.24241594970226288,-0.6042016744613647,0.999979555606842,0.6070575714111328,0.2625514268875122,-0.7585110664367676,0.9999945759773254,0.5778323411941528,0.2623457610607147,-0.7605020403862,0.999995768070221,0.6830152869224548,0.2909807860851288,-0.34506893157958984,0.9999903440475464,0.49715080857276917,0.2902374565601349,-0.3458046317100525,0.9999774694442749,0.7326287627220154,0.36143407225608826,-0.18849234282970428,0.9969412684440613,0.4405823051929474,0.3584772050380707,-0.22170203924179077,0.9939782023429871,0.7763614058494568,0.42976823449134827,-0.405552476644516,0.9874884486198425,0.42535293102264404,0.4203439950942993,-0.42695146799087524,0.982711672782898,0.7901782393455505,0.45574498176574707,-0.4647585451602936,0.9650583863258362,0.41288694739341736,0.44075679779052734,-0.4880621135234833,0.9524636268615723,0.7821382880210876,0.45421186089515686,-0.5487000346183777,0.9618909358978271,0.42590343952178955,0.4392785429954529,-0.5630923509597778,0.9469861388206482,0.7754333019256592,0.44969111680984497,-0.4421593248844147,0.9273506999015808,0.4350871443748474,0.4339844584465027,-0.45884332060813904,0.9047313332557678,0.6313141584396362,0.4202483892440796,0.001979637425392866,0.9997633099555969,0.5228269100189209,0.4174017310142517,-0.0024436567910015583,0.9995715618133545,0.6648917198181152,0.525436282157898,-0.06944385170936584,0.9955092072486877,0.5014418959617615,0.5201728343963623,-0.04381285607814789,0.9899865388870239,0.6791431903839111,0.622356653213501,0.25834372639656067,0.9932849407196045,0.4681474268436432,0.6135364770889282,0.26568999886512756,0.9929560422897339,0.6743417382240295,0.6307073831558228,0.27319008111953735,0.8792931437492371,0.46632617712020874,0.622540295124054,0.2808394730091095,0.8649241328239441,0.6605362296104431,0.6539063453674316,-0.03496821969747543,0.9883577227592468,0.48549073934555054,0.6505190134048462,-0.020656196400523186,0.9876815676689148
86,squat,0,0.5928905010223389,0.2508709728717804,-0.8022212386131287,0.9999942779541016,0.6070452928543091,0.24103868007659912,-0.7818179130554199,0.9999810457229614,0.6143644452095032,0.24064548313617706,-0.7818423509597778,0.9999839067459106,0.621815025806427,0.24032428860664368,-0.7818706035614014,0.9999684691429138,0.5812550187110901,0.2403385043144226,-0.7841092348098755,0.9999776482582092,0.572378933429718,0.23945599794387817,-0.7841327786445618,0.999984085559845,0.5639473795890808,0.23841895163059235,-0.7840731143951416,0.9999775886535645,0.6344054341316223,0.24028418958187103,-0.5367574095726013,0.9999714493751526,0.5549191832542419,0.23766407370567322,-0.5472375750541687,0.9999774098396301,0.6069626212120056,0.2589223086833954,-0.698581337928772,0.9999945759773254,0.5771615505218506,0.25802722573280334,-0.7020615935325623,0.9999956488609314,0.6820725798606873,0.2865789234638214,-0.29326340556144714,0.9999909400939941,0.4961273968219757,0.2867189049720764,-0.302219033241272,0.9999764561653137,0.7258448600769043,0.3575408458709717,-0.14450284838676453,0.9967430233955383,0.44305193424224854,0.3549968898296356,-0.18800319731235504,0.9930852651596069,0.7718345522880554,0.42380720376968384,-0.3641483187675476,0.9879869222640991,0.4218466281890869,0.4186418652534485,-0.39438554644584656,0.9815295338630676,0.7841357588768005,0.4502468705177307,-0.4233759939670563,0.966445803642273,0.40956342220306396,0.44008249044418335,-0.45637384057044983,0.9510783553123474,0.7766624689102173,0.4505632817745209,-0.5051975846290588,0.963880181312561,0.4218379855155945,0.4387038052082062,-0.5295652747154236,0.946830153465271,0.7703317403793335,0.44426313042640686,-0.4001834988594055,0.9323632717132568,0.43076759576797485,0.4332192838191986,-0.4257408678531647,0.9077879786491394,0.6312439441680908,0.4185238778591156,0.0018909269711002707,0.9997545480728149,0.5227799415588379,0.41541600227355957,-0.002343332627788186,0.9995388388633728,0.6644756197929382,0.524773895740509,-0.060049787163734436,0.9953840970993042,0.501454770565033,0.5186627507209778,-0.04896770045161247,0.9899762868881226,0.6796249747276306,0.6223288774490356,0.2481691688299179,0.9933233261108398,0.46783119440078735,0.6128202676773071,0.24610112607479095,0.9924577474594116,0.6749989986419678,0.6302634477615356,0.2614879310131073,0.8746418952941895,0.46610039472579956,0.6219437718391418,0.25986921787261963,0.8575135469436646,0.6609849333763123,0.6536244750022888,-0.04159560054540634,0.9882457852363586,0.4856766164302826,0.6502218246459961,-0.03978254273533821,0.9870380759239197
87,squat,0,0.5924737453460693,0.24810174107551575,-0.8185436129570007,0.9999943375587463,0.6068336963653564,0.2388433814048767,-0.799383282661438,0.9999808073043823,0.6142510175704956,0.23839852213859558,-0.799400269985199,0.9999833703041077,0.6214932203292847,0.23796315491199493,-0.7994397282600403,0.9999693036079407,0.5808210968971252,0.2377089560031891,-0.8018841743469238,0.9999772310256958,0.5719785094261169,0.2366752028465271,-0.8019240498542786,0.9999830722808838,0.5634787082672119,0.2356167584657669,-0.801883339881897,0.9999769330024719,0.6334994435310364,0.23750200867652893,-0.5563697814941406,0.9999694228172302,0.5544935464859009,0.23443596065044403,-0.568260908126831,0.9999740123748779,0.606569230556488,0.2562599182128906,-0.7153617739677429,0.9999942779541016,0.5760468244552612,0.25502243638038635,-0.7191979289054871,0.9999952912330627,0.6809092164039612,0.28319790959358215,-0.30486035346984863,0.9999912977218628,0.4950287938117981,0.28359848260879517,-0.3248690068721771,0.9999755620956421,0.721501350402832,0.35562047362327576,-0.14749246835708618,0.9964356422424316,0.44374170899391174,0.3531072735786438,-0.21080438792705536,0.9922504425048828,0.769422173500061,0.4210180938243866,-0.35271772742271423,0.9882204532623291,0.418269544839859,0.4183051586151123,-0.406867116689682,0.9802640676498413,0.7795964479446411,0.4469756782054901,-0.4084709882736206,0.9671620726585388,0.4057369530200958,0.43965908885002136,-0.4657953083515167,0.9494513273239136,0.7725867033004761,0.4481379985809326,-0.4901968240737915,0.9652246236801147,0.4171808362007141,0.4391181468963623,-0.5397452712059021,0.9463300108909607,0.766929030418396,0.44128134846687317,-0.3882735073566437,0.9363579154014587,0.42560872435569763,0.43313437700271606,-0.4380318224430084,0.9101463556289673,0.6312336325645447,0.4154317378997803,0.003998439759016037,0.9997470378875732,0.521990180015564,0.41302040219306946,-0.0044319843873381615,0.9995138645172119,0.6640430688858032,0.522526741027832,-0.068601593375206,0.9951571226119995,0.5013716816902161,0.5172114372253418,-0.04401551932096481,0.9897730946540833,0.6796234846115112,0.6225347518920898,0.20124275982379913,0.9932692646980286,0.46776628494262695,0.6107959151268005,0.24878862500190735,0.9917584657669067,0.6749776601791382,0.6302899718284607,0.21172979474067688,0.8713670969009399,0.46609899401664734,0.619043231010437,0.26209113001823425,0.848608672618866,0.6637099981307983,0.653201699256897,-0.09338972717523575,0.9879440069198608,0.4858754277229309,0.649473249912262,-0.033688053488731384,0.9860782027244568
88,squat,0,0.5922298431396484,0.2434968650341034,-0.8205497860908508,0.9999943375587463,0.606610894203186,0.2342585176229477,-0.8014512658119202,0.9999804496765137,0.6141089200973511,0.23375308513641357,-0.8014753460884094,0.9999827146530151,0.6211977005004883,0.23324066400527954,-0.8015201687812805,0.9999698996543884,0.5806010365486145,0.23320113122463226,-0.8035608530044556,0.9999765157699585,0.5717353224754333,0.2321961671113968,-0.8035820722579956,0.9999818205833435,0.5632157921791077,0.23125238716602325,-0.803536057472229,0.9999759793281555,0.6328032612800598,0.23258981108665466,-0.5525869131088257,0.9999675750732422,0.5541344285011292,0.23017007112503052,-0.5632727146148682,0.9999704957008362,0.6063323020935059,0.2517029643058777,-0.7147130370140076,0.9999940395355225,0.5755190849304199,0.25051963329315186,-0.718201220035553,0.9999949336051941,0.6804776787757874,0.278277724981308,-0.29379767179489136,0.9999916553497314,0.49472901225090027,0.2785913348197937,-0.3150983154773712,0.9999750256538391,0.7143549919128418,0.35119232535362244,-0.12861423194408417,0.9958983063697815,0.4458889067173004,0.34879517555236816,-0.19144825637340546,0.9914567470550537,0.7618441581726074,0.416255384683609,-0.3391905128955841,0.988129198551178,0.41469913721084595,0.415127694606781,-0.3917861878871918,0.9791358709335327,0.7726120948791504,0.4403332769870758,-0.39613842964172363,0.9672244191169739,0.40026888251304626,0.438333660364151,-0.4522731304168701,0.9482592344284058,0.7686890363693237,0.44098377227783203,-0.4789205491542816,0.9658740162849426,0.4109848141670227,0.43837326765060425,-0.5289943814277649,0.9461106061935425,0.7635706663131714,0.4349166452884674,-0.37527838349342346,0.9392563104629517,0.4198649823665619,0.4327152967453003,-0.42456090450286865,0.9124903082847595,0.6309725046157837,0.4119234085083008,0.007868419401347637,0.9997485280036926,0.5212384462356567,0.4092126786708832,-0.00828283466398716,0.9995045065879822,0.6640310883522034,0.5189794301986694,-0.07957274466753006,0.9950023293495178,0.5007254481315613,0.5147301554679871,-0.06729443371295929,0.9898184537887573,0.6766059994697571,0.6196804046630859,0.2136417031288147,0.9932783246040344,0.46737462282180786,0.6091285347938538,0.22693635523319244,0.9914063811302185,0.668523907661438,0.6286755800247192,0.22540181875228882,0.8706356883049011,0.4658513367176056,0.6166052222251892,0.24061696231365204,0.8430054187774658,0.6668516397476196,0.6527965664863586,-0.07576227188110352,0.987872302532196,0.48595407605171204,0.6490772366523743,-0.05884736403822899,0.9856730103492737
89,squat,0,0.5921788811683655,0.24216513335704803,-0.8250333666801453,0.9999942779541016,0.6064971089363098,0.23269851505756378,-0.8050814867019653,0.9999802112579346,0.6139572858810425,0.2323605865240097,-0.8051241636276245,0.9999821186065674,0.6209126710891724,0.23181383311748505,-0.805189311504364,0.9999704360961914,0.5805671811103821,0.23177213966846466,-0.8090465664863586,0.9999760389328003,0.5716803073883057,0.23073752224445343,-0.8090733885765076,0.9999807476997375,0.5631698369979858,0.22974196076393127,-0.8090370297431946,0.9999750852584839,0.6320106387138367,0.2307174801826477,-0.5473663806915283,0.9999656081199646,0.5538776516914368,0.22811652719974518,-0.5674967169761658,0.9999682307243347,0.6061621308326721,0.25048646330833435,-0.715531587600708,0.999993622303009,0.575273871421814,0.2494346648454666,-0.7216829061508179,0.9999945163726807,0.6801992058753967,0.2766934633255005,-0.2714989185333252,0.999991774559021,0.4947408437728882,0.27645623683929443,-0.31826382875442505,0.9999746680259705,0.7126501798629761,0.3492305278778076,-0.09358015656471252,0.995257556438446,0.44831740856170654,0.34656134247779846,-0.18949191272258759,0.9906511902809143,0.7558708786964417,0.41412627696990967,-0.302794486284256,0.9879631400108337,0.4149571657180786,0.4132101833820343,-0.3914271593093872,0.9782088994979858,0.7648200392723083,0.437709242105484,-0.35910338163375854,0.9670982360839844,0.39960962533950806,0.4367416799068451,-0.4508989453315735,0.9475561380386353,0.7626844644546509,0.43794599175453186,-0.4444085657596588,0.9662997126579285,0.4094662070274353,0.43819335103034973,-0.5321677327156067,0.9462493658065796,0.7580806612968445,0.43208298087120056,-0.3398607671260834,0.9416630268096924,0.4185151159763336,0.43159836530685425,-0.42548784613609314,0.9148674011230469,0.6309676766395569,0.4096148908138275,0.02353135123848915,0.9997442364692688,0.5207834839820862,0.40709957480430603,-0.023886773735284805,0.999491810798645,0.6649945378303528,0.5187149047851562,-0.06490538269281387,0.99470055103302,0.5000762343406677,0.5147831439971924,-0.09317289292812347,0.9900091886520386,0.6685687303543091,0.6199281811714172,0.20166465640068054,0.9932543039321899,0.4672304689884186,0.6094444990158081,0.1962408423423767,0.9912710785865784,0.65509033203125,0.6296413540840149,0.21093860268592834,0.8744344115257263,0.4656190276145935,0.6175557374954224,0.21972914040088654,0.8408572673797607,0.6733623147010803,0.6527114510536194,-0.08565279841423035,0.9877368807792664,0.4859863519668579,0.6492449641227722,-0.09751690179109573,0.9854090213775635
90,squat,0,0.5922314524650574,0.2394549548625946,-0.8245225548744202,0.9999943375587463,0.6065348386764526,0.2296392321586609,-0.8033238053321838,0.9999805688858032,0.6140469312667847,0.22928383946418762,-0.8033663630485535,0.9999821782112122,0.6210948824882507,0.22859515249729156,-0.8034260272979736,0.9999715685844421,0.5805646777153015,0.22876378893852234,-0.8077496290206909,0.999976396560669,0.5716738700866699,0.2277783900499344,-0.8077903985977173,0.9999805688858032,0.563177764415741,0.22678594291210175,-0.8077605962753296,0.9999752044677734,0.6322761178016663,0.22779111564159393,-0.5446556210517883,0.9999647736549377,0.5538249611854553,0.2257213145494461,-0.5677053928375244,0.999967634677887,0.6063339710235596,0.24837657809257507,-0.715340793132782,0.9999933242797852,0.5752764940261841,0.2473452240228653,-0.7222841382026672,0.9999942183494568,0.6806885004043579,0.2749568521976471,-0.26764506101608276,0.9999915361404419,0.4955223500728607,0.27572235465049744,-0.3241778314113617,0.9999744892120361,0.7121931910514832,0.3489888906478882,-0.08806531876325607,0.9944608807563782,0.4514516592025757,0.3454682528972626,-0.19813169538974762,0.9900201559066772,0.7510620951652527,0.4136224389076233,-0.2866450548171997,0.9876540899276733,0.41437727212905884,0.41118910908699036,-0.3946291208267212,0.9774567484855652,0.7586449980735779,0.4370407164096832,-0.34004107117652893,0.966670572757721,0.3978417217731476,0.43402573466300964,-0.4528004229068756,0.9470533132553101,0.7576439380645752,0.43744826316833496,-0.4260680377483368,0.9664067625999451,0.40890130400657654,0.43639659881591797,-0.5337046384811401,0.9464767575263977,0.7531397938728333,0.43153417110443115,-0.3238423466682434,0.9435569643974304,0.4179641902446747,0.4294315576553345,-0.4284804165363312,0.9171938300132751,0.6314330101013184,0.4081512689590454,0.03170653060078621,0.9997382164001465,0.520751416683197,0.4054184854030609,-0.03204253315925598,0.999488353729248,0.6655200123786926,0.5185564756393433,-0.03921723738312721,0.9942691326141357,0.4996214807033539,0.5147746801376343,-0.09414608776569366,0.9902855157852173,0.6655747294425964,0.6200159192085266,0.19229596853256226,0.9932294487953186,0.46593812108039856,0.6126649975776672,0.16390518844127655,0.9912881255149841,0.6496577262878418,0.6314083933830261,0.20005622506141663,0.8793873190879822,0.4642723798751831,0.6221861243247986,0.1706921011209488,0.8405598998069763,0.6805945038795471,0.6528557538986206,-0.09403116255998611,0.987650454044342,0.4859081208705902,0.6494495868682861,-0.12774436175823212,0.9852693676948547
91,squat,0,0.5936267971992493,0.23829057812690735,-0.8521045446395874,0.9999944567680359,0.6075440645217896,0.228227898478508,-0.8318500518798828,0.9999809265136719,0.6148279905319214,0.22790886461734772,-0.8318861722946167,0.9999823570251465,0.6222273707389832,0.22728009521961212,-0.8319447040557861,0.9999727010726929,0.581743597984314,0.22746236622333527,-0.8360227346420288,0.9999765753746033,0.5725567936897278,0.22656099498271942,-0.8360640406608582,0.9999802708625793,0.564351499080658,0.2254946529865265,-0.8360246419906616,0.9999749064445496,0.6334888935089111,0.2260129749774933,-0.5696262121200562,0.9999645352363586,0.5539605617523193,0.22411370277404785,-0.5917902588844299,0.9999661445617676,0.6075179576873779,0.24760815501213074,-0.740967333316803,0.9999931454658508,0.5764273405075073,0.24650047719478607,-0.7477292418479919,0.9999938607215881,0.6835517883300781,0.2740556299686432,-0.29487642645835876,0.9999917149543762,0.4964473247528076,0.2746058702468872,-0.33122509717941284,0.999974250793457,0.7133693099021912,0.34875524044036865,-0.10939371585845947,0.9940782785415649,0.45587995648384094,0.3456009030342102,-0.18246090412139893,0.9887640476226807,0.7503589391708374,0.4132400453090668,-0.3066137731075287,0.9876775741577148,0.41553449630737305,0.41048163175582886,-0.3762015998363495,0.9756291508674622,0.7567249536514282,0.4362989366054535,-0.36076295375823975,0.9668447971343994,0.3982367515563965,0.4326014518737793,-0.4314498007297516,0.9448323845863342,0.7560940980911255,0.43688809871673584,-0.4491554796695709,0.9670336246490479,0.40702539682388306,0.43502363562583923,-0.5208921432495117,0.9451638460159302,0.7517848014831543,0.4307684302330017,-0.3443134129047394,0.9457961320877075,0.41586458683013916,0.4278057813644409,-0.4137429893016815,0.9175833463668823,0.63447505235672,0.40853849053382874,0.028780117630958557,0.9997358322143555,0.5215443968772888,0.4053301215171814,-0.029084408655762672,0.9994863271713257,0.6661126017570496,0.5192735195159912,-0.020520593971014023,0.994102954864502,0.49963074922561646,0.5143747925758362,-0.06961355358362198,0.9905741214752197,0.6642346382141113,0.620053768157959,0.22133412957191467,0.9933770298957825,0.4656347334384918,0.6107577681541443,0.19697695970535278,0.9913809299468994,0.6472176313400269,0.6328331828117371,0.22671297192573547,0.8851511478424072,0.46412423253059387,0.6196995377540588,0.2056398093700409,0.8413486480712891,0.6864804029464722,0.6540509462356567,-0.07165123522281647,0.987870454788208,0.4837438762187958,0.6485738754272461,-0.09681379795074463,0.9853943586349487
92,squat,0,0.5952662229537964,0.23684062063694,-0.8470395803451538,0.9999945163726807,0.6088421940803528,0.2266775518655777,-0.8268537521362305,0.9999811053276062,0.6161223649978638,0.22622902691364288,-0.8268871307373047,0.9999824166297913,0.6243624091148376,0.2254890650510788,-0.8269365429878235,0.9999736547470093,0.5835815668106079,0.22614963352680206,-0.8298860192298889,0.9999765753746033,0.5742145776748657,0.22528991103172302,-0.8299261927604675,0.9999798536300659,0.5664020776748657,0.2243175059556961,-0.8298942446708679,0.9999745488166809,0.6377885341644287,0.22476403415203094,-0.5667526721954346,0.9999640583992004,0.5561882853507996,0.22307716310024261,-0.5836454629898071,0.99996417760849,0.6093947887420654,0.2460181713104248,-0.7371354699134827,0.9999929070472717,0.5789180397987366,0.2452801913022995,-0.7423247694969177,0.9999934434890747,0.6913423538208008,0.27339595556259155,-0.2985026240348816,0.9999917149543762,0.5007181763648987,0.2762516736984253,-0.32131603360176086,0.9999732971191406,0.7151792049407959,0.3486020863056183,-0.11585026234388351,0.9936772584915161,0.46093758940696716,0.34858620166778564,-0.172819122672081,0.9874849915504456,0.7504341006278992,0.41286471486091614,-0.30677592754364014,0.9876965284347534,0.41735735535621643,0.41092151403427124,-0.36847007274627686,0.9737234115600586,0.7566782236099243,0.4359986484050751,-0.360183984041214,0.9670573472976685,0.40031254291534424,0.43270838260650635,-0.42391741275787354,0.9424132704734802,0.7557203769683838,0.43652594089508057,-0.4481625258922577,0.9676353335380554,0.40854066610336304,0.4349583387374878,-0.5121917128562927,0.9435898661613464,0.7510819435119629,0.4303654134273529,-0.3440776765346527,0.9478422999382019,0.4175429344177246,0.42766454815864563,-0.4057670831680298,0.917567789554596,0.6417510509490967,0.4085911214351654,0.026559442281723022,0.9997286200523376,0.5265865921974182,0.40505334734916687,-0.026851704344153404,0.9994762539863586,0.6672021746635437,0.5197933316230774,-0.02659354731440544,0.9939433336257935,0.5003664493560791,0.5142873525619507,-0.06833530962467194,0.9908105731010437,0.6626089811325073,0.6201767325401306,0.22779572010040283,0.9934622049331665,0.46554791927337646,0.6109806299209595,0.1987764686346054,0.9913829565048218,0.6459769010543823,0.6332818269729614,0.23401501774787903,0.889151930809021,0.4642002582550049,0.6199512481689453,0.20808716118335724,0.8403033018112183,0.6852959990501404,0.6548479199409485,-0.06740982085466385,0.9879434108734131,0.483359158039093,0.6482685208320618,-0.09674486517906189,0.9853403568267822
93,squat,0,0.5970863103866577,0.2367890626192093,-0.8509941101074219,0.9999945759773254,0.6105005145072937,0.2263616919517517,-0.8310950398445129,0.9999814629554749,0.617645800113678,0.22584764659404755,-0.8311270475387573,0.9999825954437256,0.6264461278915405,0.2251167595386505,-0.8311683535575867,0.9999746680259705,0.5858618021011353,0.2260761708021164,-0.8336387872695923,0.9999769330024719,0.5766457915306091,0.22539474070072174,-0.8336851000785828,0.9999797940254211,0.5690479874610901,0.22468581795692444,-0.833655059337616,0.9999746084213257,0.6414864659309387,0.22447100281715393,-0.5710620880126953,0.9999638199806213,0.5598226189613342,0.22405630350112915,-0.585700511932373,0.9999632835388184,0.6116891503334045,0.24564465880393982,-0.7410627603530884,0.9999927282333374,0.5821384191513062,0.2453550100326538,-0.7455717325210571,0.9999931454658508,0.6973073482513428,0.2728373408317566,-0.29871782660484314,0.9999915361404419,0.5054928660392761,0.2770625948905945,-0.325191855430603,0.9999729990959167,0.7162229418754578,0.3488028943538666,-0.1131768450140953,0.9931800961494446,0.4655364155769348,0.3491966426372528,-0.17766894400119781,0.986481785774231,0.7513795495033264,0.4138467013835907,-0.29938551783561707,0.9875250458717346,0.41843003034591675,0.41111674904823303,-0.37290018796920776,0.9725959897041321,0.7569848299026489,0.43665018677711487,-0.35080012679100037,0.9668301939964294,0.40168601274490356,0.4327948987483978,-0.42798998951911926,0.9412288069725037,0.7556133270263672,0.43698418140411377,-0.4391144812107086,0.9678072929382324,0.40947145223617554,0.4349089562892914,-0.5157026648521423,0.9430577754974365,0.7509698271751404,0.4310033321380615,-0.3366996943950653,0.9492900371551514,0.4183299243450165,0.42761313915252686,-0.40979722142219543,0.9184779524803162,0.6474061608314514,0.4091230034828186,0.026574349030852318,0.9997227787971497,0.5323840379714966,0.40513524413108826,-0.02686906047165394,0.9994726181030273,0.6706874370574951,0.5201389789581299,-0.015676718205213547,0.9937121272087097,0.5011677145957947,0.5141114592552185,-0.06941831856966019,0.9911108016967773,0.6627828478813171,0.6210246086120605,0.2343660593032837,0.9935385584831238,0.4655536413192749,0.6109455227851868,0.1953740417957306,0.9914966225624084,0.6461502909660339,0.634411633014679,0.24037089943885803,0.8938610553741455,0.46491360664367676,0.6199231147766113,0.20494820177555084,0.84116131067276,0.686837375164032,0.6551500558853149,-0.05633684620261192,0.9880614876747131,0.4832727015018463,0.6482126116752625,-0.09817909449338913,0.9854509830474854
94,squat,0,0.6001504063606262,0.23709434270858765,-0.8440471291542053,0.9999947547912598,0.6132951378822327,0.2267773449420929,-0.8242008686065674,0.9999821782112122,0.6207133531570435,0.22633984684944153,-0.8242265582084656,0.9999831914901733,0.6299664378166199,0.22576795518398285,-0.8242553472518921,0.9999759793281555,0.5895383358001709,0.22630563378334045,-0.8270019888877869,0.9999777674674988,0.5808561444282532,0.225723996758461,-0.8270474672317505,0.9999802708625793,0.5730716586112976,0.22505883872509003,-0.8270190358161926,0.999975323677063,0.6455564498901367,0.22518721222877502,-0.5624793767929077,0.9999646544456482,0.5648115277290344,0.22472980618476868,-0.5784803628921509,0.9999635219573975,0.614751935005188,0.24612383544445038,-0.7334082126617432,0.9999927878379822,0.5863737463951111,0.24568650126457214,-0.7382774353027344,0.999993085861206,0.7024227976799011,0.2729456424713135,-0.28728026151657104,0.9999915361404419,0.5107520818710327,0.2776052951812744,-0.320674329996109,0.9999731779098511,0.7216519713401794,0.34944984316825867,-0.09869035333395004,0.9928724765777588,0.4719647765159607,0.3492150604724884,-0.17198386788368225,0.985474169254303,0.754461944103241,0.4146905243396759,-0.2890114486217499,0.9875933527946472,0.42238444089889526,0.41053086519241333,-0.3695887327194214,0.9716814756393433,0.7592679858207703,0.4370518922805786,-0.3416319191455841,0.9671342968940735,0.4036129117012024,0.4326948821544647,-0.4257921278476715,0.940446674823761,0.7565204501152039,0.4372394382953644,-0.4312646985054016,0.9684023261070251,0.4115586578845978,0.4347444474697113,-0.5154997110366821,0.9428300857543945,0.7519685626029968,0.43143194913864136,-0.326973021030426,0.9511001110076904,0.4202536642551422,0.42732059955596924,-0.40735000371932983,0.9195220470428467,0.6519267559051514,0.40974166989326477,0.027409518137574196,0.9997183680534363,0.5375852584838867,0.40586575865745544,-0.027704965323209763,0.9994746446609497,0.6741864085197449,0.5202394127845764,-0.010349388234317303,0.9935060739517212,0.5016001462936401,0.5143572092056274,-0.0701451301574707,0.9914005994796753,0.6623803973197937,0.6213748455047607,0.24089966714382172,0.9935895204544067,0.46447479724884033,0.6124858260154724,0.191158726811409,0.9916378855705261,0.6443316340446472,0.6348848342895508,0.24708209931850433,0.8983770608901978,0.4633258283138275,0.6223942041397095,0.2007271945476532,0.8424462676048279,0.6872002482414246,0.655208170413971,-0.04771179333329201,0.9881700277328491,0.48311734199523926,0.6486348509788513,-0.10307153314352036,0.9856098294258118
95,squat,0,0.6013427376747131,0.2363799661397934,-0.8526834845542908,0.9999947547912598,0.6148374080657959,0.22608239948749542,-0.8331045508384705,0.9999821186065674,0.6222198009490967,0.22563724219799042,-0.8331275582313538,0.999983012676239,0.6316294074058533,0.22507624328136444,-0.8331671953201294,0.9999764561653137,0.59146648645401,0.2256789654493332,-0.8343683481216431,0.9999774098396301,0.5829378962516785,0.22507090866565704,-0.8344104886054993,0.9999794960021973,0.575412929058075,0.22441327571868896,-0.8343799710273743,0.9999744892120361,0.6482044458389282,0.22492700815200806,-0.5646784901618958,0.9999643564224243,0.5683135390281677,0.22438758611679077,-0.5834519267082214,0.9999601244926453,0.6165458559989929,0.24559828639030457,-0.7433876991271973,0.9999926090240479,0.5884361267089844,0.24505577981472015,-0.7467591166496277,0.9999925494194031,0.7055451273918152,0.2729485332965851,-0.3175967037677765,0.9999916553497314,0.5154423117637634,0.27809038758277893,-0.3164217174053192,0.9999721050262451,0.726781964302063,0.34921586513519287,-0.13173985481262207,0.9929230213165283,0.4773586392402649,0.349576860666275,-0.1512448936700821,0.9840297698974609,0.7601513862609863,0.4148392677307129,-0.3295520842075348,0.9880441427230835,0.4284346103668213,0.4095652103424072,-0.3478539288043976,0.9706829786300659,0.7651869058609009,0.43707436323165894,-0.38334694504737854,0.9682910442352295,0.4048680365085602,0.43205538392066956,-0.40209516882896423,0.939416766166687,0.7610899209976196,0.4373875856399536,-0.47051018476486206,0.9696963429450989,0.4127117395401001,0.43391817808151245,-0.49306994676589966,0.9423000812530518,0.7565699815750122,0.43138566613197327,-0.36612361669540405,0.9536005854606628,0.4207635521888733,0.42657047510147095,-0.38672706484794617,0.9202317595481873,0.6561316251754761,0.4094778895378113,0.014040703885257244,0.999725341796875,0.5411031246185303,0.4059458076953888,-0.01430532056838274,0.9994874000549316,0.6762287616729736,0.520428478717804,-0.03376353532075882,0.9934463500976562,0.5016083717346191,0.5138539671897888,-0.031212931498885155,0.991567075252533,0.6618735194206238,0.621432900428772,0.23560310900211334,0.9936509728431702,0.4653806984424591,0.6094794273376465,0.27245938777923584,0.9916565418243408,0.6433061957359314,0.6347768306732178,0.24386143684387207,0.900761604309082,0.4691108167171478,0.6176071166992188,0.2858603000640869,0.8434304594993591,0.6865218281745911,0.6552375555038452,-0.05717772990465164,0.9883177876472473,0.47721824049949646,0.6472864747047424,-0.010586313903331757,0.9857460856437683
96,squat,0,0.6033727526664734,0.23576216399669647,-0.8213860392570496,0.9999948740005493,0.6169784665107727,0.22517159581184387,-0.8016672730445862,0.9999825358390808,0.6242610216140747,0.2246858775615692,-0.8017042279243469,0.9999833703041077,0.6337181329727173,0.22405144572257996,-0.8017560839653015,0.9999774694442749,0.5938612222671509,0.22491903603076935,-0.7992767095565796,0.9999777674674988,0.5852823853492737,0.22431319952011108,-0.7992910146713257,0.9999794363975525,0.5779368877410889,0.22369694709777832,-0.7992497086524963,0.9999746084213257,0.6503464579582214,0.2242444008588791,-0.5542925000190735,0.999965488910675,0.5708205699920654,0.22401201725006104,-0.5475016236305237,0.9999588131904602,0.6189981698989868,0.24533964693546295,-0.7188474535942078,0.9999926090240479,0.5906888842582703,0.2447737455368042,-0.7165933847427368,0.999992311000824,0.7074402570724487,0.27396562695503235,-0.3163750171661377,0.9999915361404419,0.5183648467063904,0.2786644995212555,-0.28833460807800293,0.9999703764915466,0.7324783802032471,0.34982743859291077,-0.14152655005455017,0.9928776025772095,0.48006194829940796,0.3495844006538391,-0.13454709947109222,0.9812436699867249,0.7671515345573425,0.41518548130989075,-0.31991198658943176,0.9882367253303528,0.43538886308670044,0.40801918506622314,-0.33385854959487915,0.9680171608924866,0.773364782333374,0.43730273842811584,-0.371615469455719,0.9689391255378723,0.4094904065132141,0.4309302866458893,-0.38867127895355225,0.9359458684921265,0.768388569355011,0.4374595880508423,-0.46116095781326294,0.9705027341842651,0.413796603679657,0.4324253797531128,-0.479756623506546,0.9395276308059692,0.7638242840766907,0.4315897524356842,-0.35732564330101013,0.9554483294487,0.42296451330184937,0.4252057373523712,-0.3736940920352936,0.9184432625770569,0.6585997343063354,0.41033267974853516,0.003148642834275961,0.9997296333312988,0.5416867136955261,0.40681421756744385,-0.0033830415923148394,0.9995015263557434,0.677547812461853,0.5226119756698608,-0.04017883166670799,0.9935665130615234,0.5012288689613342,0.5143375992774963,-0.029801450669765472,0.9919417500495911,0.6621171832084656,0.6217964291572571,0.23088347911834717,0.9938486814498901,0.4689648151397705,0.6102556586265564,0.24844489991664886,0.9919761419296265,0.6430866718292236,0.6351666450500488,0.23890997469425201,0.9032048583030701,0.481607049703598,0.6216851472854614,0.25887301564216614,0.8485889434814453,0.6860247850418091,0.6552714705467224,-0.06255440413951874,0.9886647462844849,0.46550410985946655,0.6473459601402283,-0.03529583662748337,0.9862841367721558
97,squat,0,0.6052044034004211,0.23744578659534454,-0.7961747050285339,0.9999951124191284,0.6188097596168518,0.2270495444536209,-0.7757323384284973,0.9999834299087524,0.6265022158622742,0.22655609250068665,-0.7757857441902161,0.9999842047691345,0.6356881260871887,0.22599826753139496,-0.7758660316467285,0.9999789595603943,0.595243513584137,0.22670510411262512,-0.7719818353652954,0.9999788403511047,0.5869979858398438,0.22610411047935486,-0.7719789743423462,0.999980092048645,0.5797718167304993,0.22548675537109375,-0.7718931436538696,0.9999755024909973,0.6520184874534607,0.22593945264816284,-0.5285221338272095,0.9999678134918213,0.5720065236091614,0.22566765546798706,-0.5120299458503723,0.9999598264694214,0.6208813786506653,0.24688109755516052,-0.6929100155830383,0.9999929070472717,0.592279314994812,0.24644599854946136,-0.6883162260055542,0.9999924302101135,0.7078437805175781,0.27507585287094116,-0.2996377646923065,0.9999918341636658,0.5207806825637817,0.27937015891075134,-0.24088263511657715,0.9999693632125854,0.7383584976196289,0.34971392154693604,-0.14081783592700958,0.9931396842002869,0.47848737239837646,0.3490382730960846,-0.08374515920877457,0.978712797164917,0.7762002944946289,0.4149845838546753,-0.3281785845756531,0.9887757897377014,0.4382151663303375,0.4058972895145416,-0.2945386469364166,0.9661234617233276,0.7840904593467712,0.43735456466674805,-0.38418880105018616,0.9703378081321716,0.41524937748908997,0.42839115858078003,-0.35184669494628906,0.9334526658058167,0.7777137160301208,0.4376160800457001,-0.47390538454055786,0.9719551205635071,0.4187323749065399,0.4290192425251007,-0.44310232996940613,0.937667727470398,0.7733182907104492,0.4316113591194153,-0.36625435948371887,0.9579625725746155,0.42741677165031433,0.42226529121398926,-0.3350975811481476,0.9174639582633972,0.6586204767227173,0.4108039140701294,-0.008287067525088787,0.9997350573539734,0.5413529276847839,0.4072169363498688,0.008160966448485851,0.9995198249816895,0.6778716444969177,0.5239121913909912,-0.056333526968955994,0.993686854839325,0.5001575350761414,0.5156533122062683,-0.04767484962940216,0.9923176765441895,0.6623338460922241,0.6222414970397949,0.20184844732284546,0.9940377473831177,0.47162649035453796,0.6153377890586853,0.2417248785495758,0.9923318028450012,0.6436699628829956,0.6359081864356995,0.2081512063741684,0.905234694480896,0.48889195919036865,0.6297077536582947,0.24222351610660553,0.8551457524299622,0.6856272220611572,0.6553735136985779,-0.0991743803024292,0.9889638423919678,0.4519937038421631,0.6485683917999268,-0.03604366257786751,0.9868077635765076
98,squat,0,0.6058825850486755,0.23782286047935486,-0.7082165479660034,0.9999954104423523,0.6198686361312866,0.2275545299053192,-0.6832402348518372,0.9999843835830688,0.6278237700462341,0.22706550359725952,-0.6833106875419617,0.9999850988388062,0.6365324258804321,0.2266164869070053,-0.6833809018135071,0.9999803900718689,0.5955929160118103,0.22709088027477264,-0.6800259947776794,0.9999799132347107,0.5872879028320312,0.22646181285381317,-0.6800058484077454,0.9999808669090271,0.5802296996116638,0.2259591817855835,-0.6798917651176453,0.9999765157699585,0.6526952385902405,0.2266981452703476,-0.4372628629207611,0.999970018863678,0.5719560980796814,0.22634531557559967,-0.4230376183986664,0.9999607801437378,0.6218318343162537,0.2473738193511963,-0.6077882051467896,0.9999932050704956,0.5925188660621643,0.24689747393131256,-0.6038553714752197,0.9999926090240479,0.7076549530029297,0.275827556848526,-0.236631840467453,0.9999921321868896,0.521090030670166,0.27975696325302124,-0.17387303709983826,0.9999676942825317,0.7402886152267456,0.34829390048980713,-0.1131407842040062,0.9933543801307678,0.4769851565361023,0.3482822775840759,-0.04008344188332558,0.9760725498199463,0.7793790102005005,0.41199856996536255,-0.31890156865119934,0.989237368106842,0.4385778605937958,0.4028639793395996,-0.258145809173584,0.9636586308479309,0.7876214385032654,0.43496736884117126,-0.3805553913116455,0.9715768098831177,0.41850218176841736,0.4247629642486572,-0.31983745098114014,0.9300916194915771,0.7806215882301331,0.4353698790073395,-0.4694598615169525,0.9732322096824646,0.4226108491420746,0.42467135190963745,-0.4078783690929413,0.9349466562271118,0.7759305238723755,0.42964670062065125,-0.35767942667007446,0.9601984024047852,0.43074527382850647,0.4189159870147705,-0.29844558238983154,0.915543258190155,0.6580168604850769,0.4111279249191284,-0.012529623694717884,0.9997424483299255,0.5407324433326721,0.4075411856174469,0.012465763837099075,0.9995375871658325,0.6779056787490845,0.5244290828704834,-0.06869824230670929,0.9938309192657471,0.4997132122516632,0.5168889760971069,-0.053306568413972855,0.9926625490188599,0.662386953830719,0.62226402759552,0.19429908692836761,0.9942038059234619,0.47342169284820557,0.6167567372322083,0.2373211681842804,0.9926468133926392,0.6441022753715515,0.6359063386917114,0.2013019323348999,0.9063578248023987,0.49159687757492065,0.6310175657272339,0.23841780424118042,0.8606327176094055,0.6853160858154297,0.6553681492805481,-0.1063026711344719,0.9892373085021973,0.4503217339515686,0.649357795715332,-0.05127723887562752,0.9872697591781616
99,squat,0,0.6058377027511597,0.2377777099609375,-0.6810818314552307,0.9999956488609314,0.620068371295929,0.22759579122066498,-0.6557943820953369,0.9999853372573853,0.6282573342323303,0.22714953124523163,-0.6558659076690674,0.9999859929084778,0.6365417838096619,0.22676421701908112,-0.6559209823608398,0.9999817609786987,0.5953459143638611,0.22693341970443726,-0.6529179215431213,0.9999810457229614,0.5870583057403564,0.22632628679275513,-0.6528958082199097,0.999981701374054,0.5799367427825928,0.22587983310222626,-0.652777373790741,0.9999776482582092,0.6523350477218628,0.2268516570329666,-0.40815287828445435,0.9999721646308899,0.5714235305786133,0.2263345867395401,-0.3959749937057495,0.9999622702598572,0.6219317317008972,0.24755889177322388,-0.5799025297164917,0.9999935626983643,0.5921854376792908,0.2469528615474701,-0.5766074061393738,0.999992847442627,0.7068281173706055,0.27611392736434937,-0.20881277322769165,0.9999924898147583,0.5204604268074036,0.2792491614818573,-0.14178621768951416,0.9999672770500183,0.7400169968605042,0.34612715244293213,-0.08190536499023438,0.9935564994812012,0.4759438931941986,0.3461262881755829,0.004531937185674906,0.9743826985359192,0.778316855430603,0.4075852334499359,-0.2940112054347992,0.9896429777145386,0.43854784965515137,0.3984757363796234,-0.21403034031391144,0.9626139402389526,0.7860774397850037,0.4295431673526764,-0.3568548262119293,0.9726724624633789,0.4220519959926605,0.41982564330101013,-0.2753850817680359,0.9288411140441895,0.7792266011238098,0.42955300211906433,-0.4456402361392975,0.9743545055389404,0.4274280369281769,0.41930603981018066,-0.3636074662208557,0.9340908527374268,0.7742345333099365,0.4246784448623657,-0.3327837288379669,0.9621642231941223,0.4347441792488098,0.41415104269981384,-0.25451287627220154,0.9155974984169006,0.6571841835975647,0.4112909734249115,-0.016630802303552628,0.9997511506080627,0.5403941869735718,0.40771034359931946,0.016606930643320084,0.9995594024658203,0.678101122379303,0.5250909328460693,-0.07248321175575256,0.9939780235290527,0.4987589120864868,0.5173766016960144,-0.056083858013153076,0.993015468120575,0.6624557375907898,0.6222953796386719,0.19016516208648682,0.9943756461143494,0.47417953610420227,0.6170824766159058,0.2293975055217743,0.9929922819137573,0.6443439722061157,0.6358892321586609,0.19728951156139374,0.9080653786659241,0.4927331805229187,0.6313956379890442,0.23489603400230408,0.8670321702957153,0.6850313544273376,0.6553618311882019,-0.10822358727455139,0.9895520806312561,0.44829216599464417,0.6494757533073425,-0.06374861299991608,0.9878003597259521
100,squat,0,0.6057800650596619,0.23835435509681702,-0.7230905890464783,0.9999957084655762,0.6198610067367554,0.22815819084644318,-0.6980985999107361,0.99998539686203,0.6280204653739929,0.22773776948451996,-0.6981608867645264,0.9999861717224121,0.6362949013710022,0.22733955085277557,-0.6981987953186035,0.9999822378158569,0.5952584743499756,0.2274869829416275,-0.695532500743866,0.9999808669090271,0.5869030356407166,0.226895272731781,-0.6955203413963318,0.9999814033508301,0.5798521637916565,0.22643497586250305,-0.6953933238983154,0.9999774694442749,0.652029812335968,0.22729840874671936,-0.44017571210861206,0.9999732971191406,0.5712629556655884,0.2267165631055832,-0.42959290742874146,0.9999619126319885,0.6216569542884827,0.24808475375175476,-0.6177098751068115,0.9999935626983643,0.5920450091362,0.2474946677684784,-0.6148512363433838,0.9999924302101135,0.7067300081253052,0.27630624175071716,-0.21536292135715485,0.9999926090240479,0.5196966528892517,0.2785452604293823,-0.15469583868980408,0.9999651908874512,0.7395418286323547,0.34350791573524475,-0.04878682270646095,0.9938798546791077,0.4750097393989563,0.3422045111656189,0.04112141951918602,0.974060595035553,0.7770906090736389,0.402135968208313,-0.2358134239912033,0.9901408553123474,0.43993493914604187,0.3920159339904785,-0.15387125313282013,0.963877260684967,0.7850309014320374,0.4241224527359009,-0.28795409202575684,0.9736689329147339,0.42762142419815063,0.41293036937713623,-0.20728476345539093,0.9311630129814148,0.7773368954658508,0.4240989685058594,-0.3815692663192749,0.9753822088241577,0.4338366985321045,0.4118565320968628,-0.29240506887435913,0.9363816976547241,0.7705705761909485,0.41982120275497437,-0.2753368616104126,0.9639593958854675,0.4406643211841583,0.40642157196998596,-0.19124293327331543,0.918886125087738,0.6567015647888184,0.41137421131134033,-0.01590210571885109,0.9997501969337463,0.5400159955024719,0.40783146023750305,0.015829715877771378,0.9995757341384888,0.6779752969741821,0.5250983238220215,-0.07019706815481186,0.9941796660423279,0.4972244203090668,0.5176948308944702,-0.056155018508434296,0.9933832287788391,0.6626396179199219,0.6223145127296448,0.1919129490852356,0.9945505261421204,0.4742019474506378,0.6172474026679993,0.22433358430862427,0.9933937788009644,0.6440675854682922,0.6358695030212402,0.19923590123653412,0.9100782871246338,0.4924166202545166,0.632041871547699,0.2254052758216858,0.8739897012710571,0.6848545670509338,0.6553219556808472,-0.10608705878257751,0.9898931384086609,0.4470788538455963,0.6495518088340759,-0.06555929034948349,0.9884415864944458
101,squat,0,0.6011562943458557,0.23862384259700775,-0.4296456277370453,0.9999946355819702,0.6158137917518616,0.2282261699438095,-0.39793381094932556,0.9999831318855286,0.6247431635856628,0.22792035341262817,-0.39811256527900696,0.9999833106994629,0.6328216791152954,0.22765037417411804,-0.39824697375297546,0.9999796748161316,0.5904029011726379,0.22762015461921692,-0.39161086082458496,0.9999780058860779,0.5819826126098633,0.22704097628593445,-0.3915756344795227,0.9999774098396301,0.5751097202301025,0.226578027009964,-0.3914245665073395,0.9999745488166809,0.6456680297851562,0.22753168642520905,-0.13993118703365326,0.9999713897705078,0.5667553544044495,0.2269420176744461,-0.11259320378303528,0.9999577403068542,0.6162416338920593,0.2483537495136261,-0.32729700207710266,0.999991774559021,0.5858007669448853,0.24784663319587708,-0.3193892538547516,0.9999902248382568,0.6985234618186951,0.27653366327285767,0.039399564266204834,0.9999907612800598,0.5152572393417358,0.2759057581424713,0.10675929486751556,0.9999527931213379,0.7391991019248962,0.33958348631858826,0.1413087695837021,0.9919913411140442,0.4684065282344818,0.33584362268447876,0.1594710499048233,0.9666031002998352,0.7579740285873413,0.3791874051094055,-0.06967178732156754,0.9861316084861755,0.44401293992996216,0.3663366436958313,-0.16928182542324066,0.9574150443077087,0.7545283436775208,0.38908112049102783,-0.13895590603351593,0.9662768244743347,0.445088654756546,0.3778111934661865,-0.249765083193779,0.9234169721603394,0.7487342953681946,0.3857024908065796,-0.21644623577594757,0.9686356782913208,0.45123305916786194,0.37471696734428406,-0.3141721785068512,0.929297685623169,0.7457752227783203,0.3830321431159973,-0.1056523323059082,0.9562704563140869,0.4536038041114807,0.3712649941444397,-0.20361094176769257,0.9120062589645386,0.6499190926551819,0.4123341739177704,-0.0181997362524271,0.999739408493042,0.5368529558181763,0.40935590863227844,0.018413987010717392,0.9995810985565186,0.6750487685203552,0.5253661274909973,-0.08221140503883362,0.9943426251411438,0.49198275804519653,0.519058108329773,-0.07200025022029877,0.9937078356742859,0.6627716422080994,0.622316300868988,0.19076688587665558,0.9945722818374634,0.47407981753349304,0.6178038716316223,0.2116498351097107,0.9937716722488403,0.6439761519432068,0.635852575302124,0.1990867406129837,0.9117043018341064,0.49238893389701843,0.6329286694526672,0.2161097228527069,0.8815867900848389,0.6846930384635925,0.6552338004112244,-0.10443443804979324,0.9898624420166016,0.444443017244339,0.6498091816902161,-0.06698475778102875,0.9889177083969116
102,squat,0,0.5981804132461548,0.2392810434103012,-0.4294888973236084,0.9999938607215881,0.6127561926841736,0.229412242770195,-0.39497995376586914,0.9999828338623047,0.6219652891159058,0.22913992404937744,-0.3951807916164398,0.9999825358390808,0.6298543810844421,0.22895891964435577,-0.3953688442707062,0.999979555606842,0.5870600342750549,0.22868312895298004,-0.3903501033782959,0.9999774694442749,0.5784550905227661,0.22803136706352234,-0.39031580090522766,0.9999756813049316,0.5718099474906921,0.22752812504768372,-0.39018869400024414,0.999973475933075,0.6402657628059387,0.22876377403736115,-0.1206338107585907,0.9999719858169556,0.5631012320518494,0.22763529419898987,-0.10094977915287018,0.999956488609314,0.6124458312988281,0.24861250817775726,-0.32141685485839844,0.9999914169311523,0.5820547342300415,0.24799607694149017,-0.3159957528114319,0.9999896287918091,0.6926131844520569,0.27712365984916687,0.04574943333864212,0.9999893307685852,0.5110276341438293,0.27599531412124634,0.1128387525677681,0.9999410510063171,0.7388232350349426,0.339864581823349,0.02007891982793808,0.9892662763595581,0.4588604271411896,0.3369198739528656,0.028962431475520134,0.9513075947761536,0.7301002740859985,0.3661995530128479,-0.5361437797546387,0.9801166653633118,0.44795694947242737,0.356518030166626,-0.5413073897361755,0.9347749352455139,0.7198376655578613,0.3712054491043091,-0.6524736881256104,0.9569240808486938,0.4506828486919403,0.36221495270729065,-0.6564428806304932,0.8988269567489624,0.7144477963447571,0.36503323912620544,-0.6935633420944214,0.9596630334854126,0.45603448152542114,0.3585929274559021,-0.6987237334251404,0.9054811000823975,0.7133340239524841,0.36309656500816345,-0.563538134098053,0.9438796639442444,0.45918720960617065,0.3570600748062134,-0.5730070471763611,0.8859507441520691,0.645176112651825,0.41326552629470825,-0.017182352021336555,0.9997278451919556,0.534160852432251,0.41093572974205017,0.017462940886616707,0.999580442905426,0.6732288599014282,0.5260695219039917,-0.09209833294153214,0.9944078922271729,0.48864299058914185,0.5198413729667664,-0.08410080522298813,0.9939819574356079,0.662918210029602,0.6223382353782654,0.19799497723579407,0.9945565462112427,0.4740416407585144,0.6190313100814819,0.2122306376695633,0.9940763711929321,0.6439743041992188,0.636184811592102,0.20986731350421906,0.9142753481864929,0.4921395182609558,0.6349063515663147,0.22064228355884552,0.8881959319114685,0.6847299933433533,0.6552028059959412,-0.10406426340341568,0.9897966980934143,0.4412633776664734,0.6506319642066956,-0.07077847421169281,0.9892016053199768
103,squat,0,0.5955564975738525,0.2412141114473343,-0.6723597049713135,0.999993622303009,0.6104613542556763,0.23161296546459198,-0.6384424567222595,0.9999831914901733,0.6201517581939697,0.23125162720680237,-0.6385570764541626,0.9999826550483704,0.6280854940414429,0.2309725433588028,-0.6388059854507446,0.9999799728393555,0.5832266211509705,0.23096564412117004,-0.6351672410964966,0.9999781250953674,0.5740554332733154,0.23033323884010315,-0.6352344751358032,0.9999760389328003,0.5675097703933716,0.22982417047023773,-0.6351319551467896,0.9999741315841675,0.6374315023422241,0.23071163892745972,-0.3136335611343384,0.9999731779098511,0.5576969385147095,0.2296607941389084,-0.2932853698730469,0.9999579787254333,0.6099592447280884,0.25008079409599304,-0.5489385724067688,0.9999915361404419,0.5783035159111023,0.2497507929801941,-0.5452054142951965,0.9999898076057434,0.6901137828826904,0.2799908518791199,-0.05036754161119461,0.999988317489624,0.5044177770614624,0.2761314809322357,0.00498949782922864,0.9999383687973022,0.7445812225341797,0.34861281514167786,-0.32281211018562317,0.9892162680625916,0.43717628717422485,0.3434802293777466,-0.29789215326309204,0.951474130153656,0.708803117275238,0.35557296872138977,-0.8621612191200256,0.9794839024543762,0.46643829345703125,0.34519052505493164,-0.8821451663970947,0.9339030385017395,0.6907739043235779,0.35391372442245483,-0.9762714505195618,0.9546224474906921,0.48094451427459717,0.3399782180786133,-0.9982083439826965,0.8957798480987549,0.6861686706542969,0.3485259413719177,-0.9949783682823181,0.9571377635002136,0.4841291904449463,0.33443087339401245,-1.0110571384429932,0.901262640953064,0.6869426369667053,0.3482484221458435,-0.8783003687858582,0.9390310049057007,0.48493829369544983,0.336208701133728,-0.8986002206802368,0.878233015537262,0.6430099010467529,0.41463595628738403,-0.01615402288734913,0.9997133016586304,0.529118001461029,0.4122326672077179,0.016376152634620667,0.9995781779289246,0.6724235415458679,0.5269801616668701,-0.0910283699631691,0.99456787109375,0.4852350354194641,0.5216678977012634,-0.05260447412729263,0.9943037033081055,0.6629359722137451,0.6225374341011047,0.3040141761302948,0.9946563839912415,0.4739507734775543,0.6206148862838745,0.31533727049827576,0.9944190382957458,0.6435678601264954,0.6368246674537659,0.32570332288742065,0.9181080460548401,0.4929278790950775,0.6371565461158752,0.33374056220054626,0.8950192928314209,0.6851691007614136,0.6552205085754395,0.008610052987933159,0.9900327324867249,0.44004562497138977,0.6519340872764587,0.0220783744007349,0.9896567463874817
104,squat,0,0.5928370952606201,0.24472010135650635,-0.7596918940544128,0.9999934434890747,0.6071717143058777,0.23426811397075653,-0.7307860851287842,0.999983549118042,0.616849958896637,0.23392917215824127,-0.730857789516449,0.9999828338623047,0.6251693367958069,0.23352330923080444,-0.7310353517532349,0.9999802708625793,0.5794283747673035,0.23405830562114716,-0.7295732498168945,0.9999788999557495,0.5701900124549866,0.2336069643497467,-0.7296414971351624,0.9999766945838928,0.5634880661964417,0.23325645923614502,-0.7295719385147095,0.9999750256538391,0.6337507367134094,0.23330102860927582,-0.4372335374355316,0.9999740719795227,0.553030252456665,0.23309341073036194,-0.4307282567024231,0.9999600648880005,0.6077840924263,0.25367477536201477,-0.6407420039176941,0.9999914765357971,0.5758134722709656,0.25399401783943176,-0.6397509574890137,0.9999898672103882,0.6848359704017639,0.28107932209968567,-0.19213522970676422,0.9999865293502808,0.4990069270133972,0.2781226933002472,-0.16347891092300415,0.999936580657959,0.7464118599891663,0.3532451093196869,-0.43254750967025757,0.9895658493041992,0.42375054955482483,0.35328614711761475,-0.3941870927810669,0.9534654021263123,0.6774607300758362,0.3355865478515625,-0.9639886021614075,0.9796273112297058,0.4914514124393463,0.33689936995506287,-0.9442329406738281,0.9362086057662964,0.6527738571166992,0.3273513615131378,-1.0741127729415894,0.9535583257675171,0.5144639611244202,0.32724374532699585,-1.0555200576782227,0.8968059420585632,0.6463387608528137,0.32096245884895325,-1.0704158544540405,0.9555635452270508,0.5175603628158569,0.3199879825115204,-1.051927924156189,0.9008891582489014,0.6505715847015381,0.3227543234825134,-0.9704831838607788,0.9355865716934204,0.5151618123054504,0.3226255476474762,-0.9518017768859863,0.8749905824661255,0.6400003433227539,0.4159928262233734,-0.015685047954320908,0.9997013211250305,0.5258735418319702,0.413819283246994,0.015823040157556534,0.9995778799057007,0.6717808842658997,0.5273213386535645,-0.08848299086093903,0.9946401119232178,0.4824477732181549,0.5223289728164673,-0.03724392130970955,0.9945428371429443,0.6629489660263062,0.622687816619873,0.2932100296020508,0.9946979284286499,0.4738601744174957,0.6216012835502625,0.3168811798095703,0.9946975111961365,0.6430773735046387,0.637208878993988,0.3134576678276062,0.9215726256370544,0.4937942326068878,0.6382973790168762,0.33524149656295776,0.9013494253158569,0.6856633424758911,0.6552344560623169,0.0060043660923838615,0.9902193546295166,0.43890827894210815,0.6526868939399719,0.036758579313755035,0.9900046586990356
105,squat,0,0.590776801109314,0.24967797100543976,-0.7348863482475281,0.9999921321868896,0.6038803458213806,0.23952259123325348,-0.7073449492454529,0.9999820590019226,0.6138101816177368,0.23918060958385468,-0.7074189782142639,0.9999809861183167,0.6224257349967957,0.23868145048618317,-0.7075632214546204,0.999978244304657,0.5761086940765381,0.23903805017471313,-0.70537930727005,0.9999775886535645,0.5671685338020325,0.23850685358047485,-0.7054243087768555,0.9999749660491943,0.5602415204048157,0.23795552551746368,-0.7053569555282593,0.9999734163284302,0.6306370496749878,0.23768599331378937,-0.42849671840667725,0.9999727010726929,0.5496386289596558,0.23773914575576782,-0.4195988178253174,0.9999590516090393,0.6058900356292725,0.2582254409790039,-0.6212120056152344,0.9999899864196777,0.5739604830741882,0.25874558091163635,-0.6192969083786011,0.9999883770942688,0.6812223196029663,0.28213363885879517,-0.2031075805425644,0.9999834895133972,0.49543461203575134,0.28079983592033386,-0.16807539761066437,0.9999293684959412,0.7456231117248535,0.35561251640319824,-0.4488193392753601,0.9898044466972351,0.42029908299446106,0.3575555682182312,-0.40728268027305603,0.955466628074646,0.6541928052902222,0.322807639837265,-0.9482670426368713,0.9798798561096191,0.506515383720398,0.3271634578704834,-0.9350028038024902,0.9388337135314941,0.6257773637771606,0.31431451439857483,-1.0506079196929932,0.9526988863945007,0.5319414734840393,0.31639572978019714,-1.0407031774520874,0.8980040550231934,0.613839328289032,0.3085932731628418,-1.0350197553634644,0.9540676474571228,0.5358784794807434,0.311321884393692,-1.0246796607971191,0.9005754590034485,0.6208224892616272,0.3104918301105499,-0.9490965008735657,0.9323785305023193,0.5329176187515259,0.3137621283531189,-0.9373438954353333,0.8721383213996887,0.6388625502586365,0.41657087206840515,-0.01681678369641304,0.9996858239173889,0.5226443409919739,0.4148980379104614,0.01689213700592518,0.9995644688606262,0.6698272824287415,0.5273177027702332,-0.08791114389896393,0.9946912527084351,0.48131808638572693,0.5224542617797852,-0.027930554002523422,0.9946894645690918,0.6628143787384033,0.6227400302886963,0.27813613414764404,0.9947139620780945,0.4736765921115875,0.6214204430580139,0.31784775853157043,0.9948617815971375,0.6426202058792114,0.6372978091239929,0.29736366868019104,0.9238439202308655,0.49334716796875,0.6377215385437012,0.3363783657550812,0.9058395028114319,0.6856381893157959,0.6553067564964294,-0.00806894525885582,0.9903162717819214,0.43897950649261475,0.6528531312942505,0.044453270733356476,0.9901477694511414
106,squat,0,0.5893588066101074,0.2538294494152069,-0.6623551249504089,0.9999920725822449,0.602238118648529,0.24371328949928284,-0.636727511882782,0.9999825954437256,0.6119762659072876,0.2433444708585739,-0.636772632598877,0.9999814033508301,0.6202250123023987,0.24281635880470276,-0.6368845701217651,0.99997878074646,0.5744563937187195,0.24299176037311554,-0.633609414100647,0.9999783635139465,0.5653725862503052,0.24235178530216217,-0.633628785610199,0.9999756217002869,0.5583009123802185,0.24168901145458221,-0.6335703134536743,0.999974250793457,0.6284512281417847,0.2414296418428421,-0.37045934796333313,0.9999738931655884,0.5468260049819946,0.24122756719589233,-0.3557928502559662,0.9999608993530273,0.6039879322052002,0.261749267578125,-0.5516415238380432,0.9999899864196777,0.5723093152046204,0.26238518953323364,-0.5481985211372375,0.9999884366989136,0.6775609254837036,0.28302720189094543,-0.16896416246891022,0.9999831318855286,0.4923475682735443,0.28389909863471985,-0.12231661379337311,0.999928891658783,0.74530029296875,0.3572938144207001,-0.3936208486557007,0.9902328252792358,0.42098161578178406,0.3598180413246155,-0.3458668887615204,0.957414448261261,0.6456677317619324,0.3177555203437805,-0.8815644979476929,0.9809185266494751,0.506205677986145,0.32402753829956055,-0.8631927371025085,0.9419358372688293,0.6149393320083618,0.30827271938323975,-0.9804118871688843,0.9542268514633179,0.5376115441322327,0.31268981099128723,-0.9649144411087036,0.9005154967308044,0.6055952310562134,0.30286410450935364,-0.9651167392730713,0.9551715850830078,0.5411533713340759,0.3067309260368347,-0.9478688836097717,0.9018357992172241,0.6113978028297424,0.305414080619812,-0.8818776607513428,0.9332374930381775,0.5359980463981628,0.3094564378261566,-0.864890456199646,0.8718797564506531,0.6377489566802979,0.41684719920158386,-0.017504164949059486,0.9996835589408875,0.5210289359092712,0.41563886404037476,0.017548156902194023,0.999565839767456,0.6678280234336853,0.5272858142852783,-0.08659844100475311,0.9947763085365295,0.4806179702281952,0.523064136505127,-0.024363327771425247,0.9948413372039795,0.6622768044471741,0.6226072311401367,0.2664010226726532,0.9947336912155151,0.4735583961009979,0.6219232678413391,0.30025896430015564,0.9950236082077026,0.6421250104904175,0.6369535326957703,0.2838456630706787,0.9258607029914856,0.49304285645484924,0.6386719346046448,0.3167487680912018,0.9100199937820435,0.6854825019836426,0.6553412079811096,-0.01891232281923294,0.9904516339302063,0.438689261674881,0.653065025806427,0.027254536747932434,0.990347683429718
107,squat,0,0.5877794027328491,0.25763189792633057,-0.6656575798988342,0.9999918937683105,0.6014840602874756,0.2475593239068985,-0.6377490162849426,0.9999827146530151,0.6111467480659485,0.2472204566001892,-0.6377161741256714,0.9999813437461853,0.618880569934845,0.24682952463626862,-0.6378312706947327,0.99997878074646,0.5728961825370789,0.24699650704860687,-0.6345555782318115,0.99997878074646,0.5631741881370544,0.24635536968708038,-0.6345422267913818,0.999975860118866,0.5561654567718506,0.24575242400169373,-0.6344305872917175,0.9999746084213257,0.6278641819953918,0.24562902748584747,-0.3755896985530853,0.9999743700027466,0.5444239377975464,0.24490362405776978,-0.3646584451198578,0.9999620914459229,0.6023578643798828,0.2657659649848938,-0.5589974522590637,0.9999896883964539,0.5701141953468323,0.26631325483322144,-0.5562859177589417,0.999988317489624,0.6765017509460449,0.28609126806259155,-0.17199382185935974,0.9999819397926331,0.48893773555755615,0.28726035356521606,-0.12366382032632828,0.9999279975891113,0.7450626492500305,0.3598187267780304,-0.4331618845462799,0.9906319379806519,0.4215182960033417,0.36135196685791016,-0.385920912027359,0.9594388604164124,0.645047664642334,0.31712839007377625,-0.9309768080711365,0.9817955493927002,0.5038073658943176,0.32501867413520813,-0.915826678276062,0.9447273015975952,0.6180604696273804,0.3062323033809662,-1.0315707921981812,0.9553179144859314,0.5301246643066406,0.3119224011898041,-1.0189471244812012,0.9026710391044617,0.610138475894928,0.301008939743042,-1.0133726596832275,0.9558748006820679,0.5331122279167175,0.3064699172973633,-1.0007892847061157,0.9029114842414856,0.6142132878303528,0.3044857382774353,-0.9307810068130493,0.9335290193557739,0.5296763181686401,0.3097602427005768,-0.9175437688827515,0.8715673685073853,0.6370463967323303,0.41869935393333435,-0.01697865128517151,0.9996735453605652,0.520114004611969,0.4174668490886688,0.017016377300024033,0.9995618462562561,0.6653565764427185,0.5272548198699951,-0.07793378829956055,0.9948981404304504,0.48073846101760864,0.5238149166107178,-0.02292882464826107,0.9950161576271057,0.6615122556686401,0.6222274303436279,0.27421507239341736,0.9947963953018188,0.473505437374115,0.6219984889030457,0.3029412031173706,0.9951990246772766,0.6411775350570679,0.6362340450286865,0.2927631437778473,0.9283620119094849,0.49280181527137756,0.6385506391525269,0.31957876682281494,0.9139816761016846,0.6843708157539368,0.6553072333335876,-0.006411084905266762,0.9906498193740845,0.4395296275615692,0.6535018086433411,0.028653152287006378,0.9905651211738586
108,squat,0,0.5867220759391785,0.26745620369911194,-0.8400489091873169,0.999991238117218,0.6012632250785828,0.25652772188186646,-0.8178920149803162,0.9999822378158569,0.610623836517334,0.2560025155544281,-0.817896842956543,0.9999808073043823,0.6176890730857849,0.255601704120636,-0.8180612325668335,0.9999783039093018,0.5726695656776428,0.25672271847724915,-0.8165410757064819,0.9999783039093018,0.5628988742828369,0.2558425962924957,-0.8166059851646423,0.9999751448631287,0.5552672147750854,0.25509947538375854,-0.8165984749794006,0.9999738931655884,0.6274722814559937,0.25516942143440247,-0.5465314388275146,0.9999739527702332,0.5432364344596863,0.2543400824069977,-0.5397794842720032,0.9999621510505676,0.6023188233375549,0.27553343772888184,-0.7253969311714172,0.9999887943267822,0.5700027346611023,0.2759020924568176,-0.7243300676345825,0.9999874830245972,0.6752632260322571,0.2936672270298004,-0.3136473596096039,0.9999787211418152,0.4866592586040497,0.2945401072502136,-0.29578331112861633,0.9999237060546875,0.740556001663208,0.36545103788375854,-0.6059308052062988,0.9910058975219727,0.4225676357746124,0.3658490777015686,-0.5790058374404907,0.9620954990386963,0.642560601234436,0.3157992362976074,-1.1096086502075195,0.9826599955558777,0.5088386535644531,0.3213784396648407,-1.0811991691589355,0.9478123188018799,0.6200166344642639,0.3005785644054413,-1.2089519500732422,0.9563556909561157,0.5371254682540894,0.3074170649051666,-1.1779358386993408,0.905303955078125,0.6161205172538757,0.29577139019966125,-1.1849029064178467,0.9565362930297852,0.5398221015930176,0.3008406162261963,-1.154075264930725,0.9044880270957947,0.6171731352806091,0.30114975571632385,-1.1080434322357178,0.9338424205780029,0.5343875885009766,0.30549123883247375,-1.079725980758667,0.8720730543136597,0.6357954144477844,0.421408474445343,-0.01605261117219925,0.9996450543403625,0.5200185179710388,0.419852614402771,0.016060354188084602,0.999538004398346,0.6628316640853882,0.5276716947555542,-0.08120115101337433,0.9949495792388916,0.48113590478897095,0.5248422026634216,-0.01681501790881157,0.9950729608535767,0.6600909233093262,0.6221020221710205,0.2471286952495575,0.9947885870933533,0.4734567701816559,0.6219179630279541,0.2920289635658264,0.9952077865600586,0.6388429403305054,0.636145830154419,0.26347240805625916,0.9297341108322144,0.4926222860813141,0.6382548213005066,0.3078354001045227,0.9155517816543579,0.6834083795547485,0.655021607875824,-0.032000582665205,0.9907062649726868,0.4401017129421234,0.6536956429481506,0.014801600016653538,0.9904868602752686
109,squat,0,0.5858089327812195,0.27171286940574646,-0.9087290167808533,0.9999905228614807,0.6008076071739197,0.2605785131454468,-0.885547399520874,0.999981701374054,0.6098043322563171,0.26010575890541077,-0.8855561017990112,0.9999801516532898,0.616365373134613,0.2597580552101135,-0.8857372999191284,0.999977707862854,0.5723994970321655,0.26101112365722656,-0.8824717998504639,0.999977707862854,0.5626592040061951,0.26029694080352783,-0.8825539946556091,0.999974250793457,0.5545551180839539,0.25967374444007874,-0.8825617432594299,0.9999730587005615,0.6274396777153015,0.2597278356552124,-0.6128678917884827,0.9999729990959167,0.5428600311279297,0.2596086263656616,-0.5984122157096863,0.9999620318412781,0.6019417643547058,0.2799670696258545,-0.7945406436920166,0.9999876618385315,0.5697639584541321,0.28025496006011963,-0.7911003232002258,0.9999865889549255,0.6759911775588989,0.2998144328594208,-0.37375953793525696,0.9999728202819824,0.4863636791706085,0.3006475567817688,-0.35637137293815613,0.9999178051948547,0.7355693578720093,0.37083911895751953,-0.6750389337539673,0.9913384318351746,0.4234331548213959,0.37055879831314087,-0.6502448320388794,0.9647818207740784,0.6426671147346497,0.3167320489883423,-1.167262315750122,0.9835243225097656,0.515485405921936,0.3226458728313446,-1.1443897485733032,0.9508207440376282,0.6195104122161865,0.3013542890548706,-1.2658354043960571,0.9574869275093079,0.5432592630386353,0.3075301945209503,-1.241584300994873,0.9079453349113464,0.6173263788223267,0.29649049043655396,-1.2402904033660889,0.9573429822921753,0.5466101765632629,0.30101650953292847,-1.2132866382598877,0.9060767292976379,0.6177618503570557,0.30255335569381714,-1.165418028831482,0.9343587756156921,0.5414802432060242,0.3065955638885498,-1.1413885354995728,0.8726435899734497,0.6347734332084656,0.4229718744754791,-0.011650110594928265,0.9996218681335449,0.5192496180534363,0.4204529821872711,0.011615981347858906,0.9995238780975342,0.6624341011047363,0.5278183817863464,-0.0893164649605751,0.9948657155036926,0.48133713006973267,0.5248122811317444,-0.03836401551961899,0.9951005578041077,0.6598032712936401,0.6220815181732178,0.22477072477340698,0.9947207570075989,0.47343260049819946,0.6217699646949768,0.25887739658355713,0.9951947927474976,0.638433575630188,0.6362456679344177,0.2395314872264862,0.9309909343719482,0.49244964122772217,0.6381168961524963,0.2729000747203827,0.9161552786827087,0.6836634874343872,0.6550208330154419,-0.05917280539870262,0.9906401038169861,0.44115322828292847,0.6536710858345032,-0.022159621119499207,0.9903634190559387
110,squat,0,0.5825475454330444,0.27867448329925537,-0.9085542559623718,0.999989926815033,0.597655713558197,0.268341988325119,-0.8846710920333862,0.9999813437461853,0.6062649488449097,0.2678528428077698,-0.8846691250801086,0.9999796152114868,0.6131195425987244,0.2672710120677948,-0.8848398923873901,0.9999772906303406,0.570634663105011,0.26826778054237366,-0.8805227279663086,0.9999774694442749,0.5613230466842651,0.2675650417804718,-0.8806123733520508,0.999973714351654,0.5534083247184753,0.2667059004306793,-0.880638062953949,0.9999727606773376,0.625484824180603,0.2673496603965759,-0.6151737570762634,0.9999723434448242,0.5423986911773682,0.26661166548728943,-0.5952829122543335,0.9999622702598572,0.5988041162490845,0.2868545949459076,-0.7962351441383362,0.9999868273735046,0.5671137571334839,0.28695324063301086,-0.7912541627883911,0.9999859929084778,0.6757932901382446,0.3075673580169678,-0.3797018229961395,0.9999658465385437,0.48633602261543274,0.3076184093952179,-0.356080025434494,0.9999118447303772,0.732124924659729,0.3763315975666046,-0.6845720410346985,0.9916847348213196,0.42475390434265137,0.3757823407649994,-0.6503904461860657,0.9671533703804016,0.6397501230239868,0.3196472227573395,-1.1652337312698364,0.9842991828918457,0.5166013836860657,0.3269992172718048,-1.1379140615463257,0.9536848664283752,0.6136366128921509,0.3052140176296234,-1.261304259300232,0.9584431648254395,0.5447573065757751,0.3113599121570587,-1.2348581552505493,0.9106618762016296,0.612151563167572,0.30057573318481445,-1.2328811883926392,0.9579450488090515,0.5468677282333374,0.3058324456214905,-1.2044286727905273,0.9078278541564941,0.6141800284385681,0.30648675560951233,-1.1619850397109985,0.934570848941803,0.5415527820587158,0.3114888370037079,-1.1341636180877686,0.8735695481300354,0.6334137320518494,0.4256424903869629,-0.01107962429523468,0.999600350856781,0.5182415843009949,0.42285871505737305,0.011028176173567772,0.9995173811912537,0.6625492572784424,0.5285553932189941,-0.11496511101722717,0.9948708415031433,0.4816197454929352,0.5248459577560425,-0.07908501476049423,0.9952038526535034,0.6597757935523987,0.6219274997711182,0.20229485630989075,0.9947077035903931,0.47393131256103516,0.6225290298461914,0.21438896656036377,0.9952881932258606,0.6384989023208618,0.635720431804657,0.2175232321023941,0.9317996501922607,0.4924493432044983,0.6388046741485596,0.22796955704689026,0.9180047512054443,0.6834802031517029,0.6549924612045288,-0.0816333144903183,0.9906531572341919,0.44099006056785583,0.6538125276565552,-0.06590674817562103,0.990454912185669
111,squat,0,0.5800876021385193,0.28565454483032227,-0.9368650317192078,0.9999900460243225,0.5953415632247925,0.27562567591667175,-0.9137707352638245,0.9999819397926331,0.6038725972175598,0.2750680446624756,-0.9137608408927917,0.999980092048645,0.6109079718589783,0.274494469165802,-0.9139440059661865,0.9999780058860779,0.569462776184082,0.27518731355667114,-0.9095306992530823,0.9999783039093018,0.5606778860092163,0.2741788923740387,-0.9096257090568542,0.9999745488166809,0.55311119556427,0.27325165271759033,-0.9096449017524719,0.9999737739562988,0.6240365505218506,0.2738843262195587,-0.6467741131782532,0.9999728202819824,0.5428757071495056,0.2728562355041504,-0.6273452043533325,0.9999640583992004,0.5968229174613953,0.2939346730709076,-0.8256659507751465,0.9999869465827942,0.5660592913627625,0.29281139373779297,-0.8207128047943115,0.9999863505363464,0.675760805606842,0.3148733079433441,-0.4069145917892456,0.999962568283081,0.4861774146556854,0.31386348605155945,-0.3803398609161377,0.9999123811721802,0.728085994720459,0.3824273347854614,-0.7129799127578735,0.9920763969421387,0.42549189925193787,0.38269007205963135,-0.6687066555023193,0.9694306254386902,0.6386327147483826,0.3242446780204773,-1.2099789381027222,0.985126793384552,0.5110676288604736,0.33587661385536194,-1.166243553161621,0.9563453197479248,0.611877977848053,0.31178921461105347,-1.3102633953094482,0.9597639441490173,0.5352669954299927,0.31933295726776123,-1.2645145654678345,0.9134585857391357,0.608622133731842,0.30726778507232666,-1.2838644981384277,0.9590262174606323,0.5383796691894531,0.31410306692123413,-1.2381170988082886,0.9097990393638611,0.611601710319519,0.31218039989471436,-1.2083262205123901,0.9355035424232483,0.5344801545143127,0.3178252577781677,-1.1643898487091064,0.8748733997344971,0.6323744654655457,0.4284846782684326,-0.008184704929590225,0.9995947480201721,0.5178083777427673,0.4256286025047302,0.008084846660494804,0.9995234608650208,0.6633544564247131,0.5296748876571655,-0.13699057698249817,0.9947797060012817,0.48168694972991943,0.5252406597137451,-0.11332978308200836,0.9952405691146851,0.6598057746887207,0.6219849586486816,0.1558065116405487,0.9946228861808777,0.4739172160625458,0.6224855780601501,0.1682494729757309,0.9952913522720337,0.6386386752128601,0.6361123919487,0.16828203201293945,0.9323740601539612,0.49237754940986633,0.6386909484863281,0.1804230511188507,0.9186413288116455,0.6844351291656494,0.6548805832862854,-0.13148438930511475,0.9905266165733337,0.44103601574897766,0.6536989212036133,-0.11334066092967987,0.9903695583343506
112,squat,0,0.5806582570075989,0.29866254329681396,-1.0821799039840698,0.9999904632568359,0.5958303213119507,0.28897589445114136,-1.0574146509170532,0.9999829530715942,0.6043891906738281,0.2887161374092102,-1.057336449623108,0.9999811053276062,0.6114186644554138,0.28840771317481995,-1.05756676197052,0.9999793171882629,0.5697053074836731,0.288178950548172,-1.0575584173202515,0.9999797344207764,0.5608912110328674,0.287209689617157,-1.0577113628387451,0.9999761581420898,0.5534124970436096,0.2863476276397705,-1.057748794555664,0.9999756217002869,0.6242828965187073,0.2892358601093292,-0.7826785445213318,0.9999740719795227,0.5432330965995789,0.28694653511047363,-0.7832505106925964,0.9999669194221497,0.5972504615783691,0.3074367642402649,-0.9679515361785889,0.9999873638153076,0.5664178133010864,0.30641642212867737,-0.9685953259468079,0.9999871253967285,0.6756685972213745,0.3310367465019226,-0.5380454659461975,0.999956488609314,0.48539605736732483,0.3278927206993103,-0.5455079674720764,0.9999157190322876,0.7272337079048157,0.39606285095214844,-0.8941746354103088,0.992317259311676,0.42595481872558594,0.3935163915157318,-0.9053777456283569,0.9718942642211914,0.6413639783859253,0.33299389481544495,-1.3937411308288574,0.9852778315544128,0.5198476314544678,0.34125086665153503,-1.388973593711853,0.9591495990753174,0.6200626492500305,0.3156607151031494,-1.4966115951538086,0.9588017463684082,0.548480749130249,0.3226098418235779,-1.4880928993225098,0.9168879985809326,0.6157918572425842,0.31113719940185547,-1.4598113298416138,0.9575028419494629,0.5477072596549988,0.31683388352394104,-1.4512722492218018,0.9124628901481628,0.616557776927948,0.3131134808063507,-1.3903555870056152,0.9323408603668213,0.5435307025909424,0.3196187913417816,-1.3834824562072754,0.8772078156471252,0.632392942905426,0.43385714292526245,-0.003764199325814843,0.9995788335800171,0.5180010795593262,0.4313516914844513,0.0035691745579242706,0.9995335340499878,0.6665985584259033,0.5322362780570984,-0.17170311510562897,0.9945181012153625,0.48114120960235596,0.5265692472457886,-0.18753193318843842,0.9951488971710205,0.6601450443267822,0.6220554709434509,0.1404237002134323,0.9942966103553772,0.4742681682109833,0.6224933862686157,0.12611471116542816,0.9951179623603821,0.6401132941246033,0.6363301873207092,0.15444232523441315,0.9310051798820496,0.49230721592903137,0.638655424118042,0.14154493808746338,0.9176457524299622,0.6866527199745178,0.6549777388572693,-0.1429102122783661,0.9899797439575195,0.4420245885848999,0.6539040207862854,-0.15056417882442474,0.9900205731391907
113,squat,0,0.5810713171958923,0.3069814443588257,-1.1068382263183594,0.9999909996986389,0.5961742997169495,0.2975746691226959,-1.0801019668579102,0.9999840259552002,0.6047550439834595,0.2973707318305969,-1.0800106525421143,0.9999821782112122,0.6118073463439941,0.2971234619617462,-1.0802401304244995,0.9999805688858032,0.56999272108078,0.29676786065101624,-1.079261064529419,0.999981164932251,0.5611680746078491,0.29584264755249023,-1.07943594455719,0.9999778866767883,0.5536820292472839,0.2950130105018616,-1.0794810056686401,0.9999774694442749,0.6244840621948242,0.2986549735069275,-0.8088483810424805,0.9999754428863525,0.5434368848800659,0.295934796333313,-0.8058644533157349,0.9999697208404541,0.5975619554519653,0.31607162952423096,-0.9955169558525085,0.9999878406524658,0.5667129158973694,0.3153102993965149,-0.9951268434524536,0.9999879002571106,0.6752363443374634,0.34139272570610046,-0.5766782164573669,0.999946653842926,0.48566707968711853,0.3375887870788574,-0.5816302299499512,0.9999185800552368,0.7269679307937622,0.40551939606666565,-0.9506028294563293,0.9925158023834229,0.42643189430236816,0.4012465178966522,-0.9653555750846863,0.9739769101142883,0.6433054804801941,0.3439325988292694,-1.4276412725448608,0.9852262735366821,0.5221849083900452,0.3489001393318176,-1.444908618927002,0.9614790678024292,0.6232500672340393,0.32471582293510437,-1.526293396949768,0.9573513865470886,0.5525306463241577,0.32706964015960693,-1.5433357954025269,0.9195541739463806,0.6184577345848083,0.3217794895172119,-1.4819538593292236,0.9553506374359131,0.5511468052864075,0.32415449619293213,-1.5010771751403809,0.9142376184463501,0.6187571287155151,0.3270486295223236,-1.420935869216919,0.9279339909553528,0.5463847517967224,0.3305199146270752,-1.4379442930221558,0.8780338168144226,0.6318743824958801,0.4384653568267822,-0.0019282621797174215,0.9995733499526978,0.5181453824043274,0.43604421615600586,0.0016662364359945059,0.9995517730712891,0.6703631281852722,0.5334745049476624,-0.22991186380386353,0.994018018245697,0.47994503378868103,0.5279783010482788,-0.2738191783428192,0.9949113726615906,0.6599966883659363,0.6222240924835205,0.10759374499320984,0.9937726855278015,0.4745611250400543,0.6224719882011414,0.07963502407073975,0.9949283599853516,0.6401435136795044,0.6365096569061279,0.12397147715091705,0.9289752244949341,0.4922535717487335,0.638557493686676,0.09878863394260406,0.9170317649841309,0.6875681281089783,0.6550853848457336,-0.16767826676368713,0.9891205430030823,0.4420728087425232,0.6538876295089722,-0.1897164136171341,0.9896711111068726
114,squat,0,0.5813615918159485,0.3152109384536743,-1.1368649005889893,0.9999915957450867,0.5964584946632385,0.3058179020881653,-1.110273003578186,0.9999851584434509,0.6050034761428833,0.3054938018321991,-1.1101499795913696,0.9999834299087524,0.6120702624320984,0.30515238642692566,-1.1103606224060059,0.9999819397926331,0.5702328681945801,0.30526915192604065,-1.1085954904556274,0.9999826550483704,0.5613839626312256,0.3043481111526489,-1.1087939739227295,0.9999796748161316,0.5538533329963684,0.3035271465778351,-1.1088449954986572,0.9999793767929077,0.6247080564498901,0.30647745728492737,-0.8431979417800903,0.9999770522117615,0.5436114072799683,0.30439576506614685,-0.8371222615242004,0.9999724626541138,0.5978320240974426,0.32412490248680115,-1.0276604890823364,0.9999885559082031,0.5669121146202087,0.32349586486816406,-1.0264419317245483,0.9999887943267822,0.6751497387886047,0.35008206963539124,-0.6100460886955261,0.999937891960144,0.4859212040901184,0.34648314118385315,-0.6127892732620239,0.999923050403595,0.7266653180122375,0.4131923317909241,-0.9893289804458618,0.9927350282669067,0.42660966515541077,0.4092036783695221,-1.0043340921401978,0.975994884967804,0.6413087248802185,0.35174664855003357,-1.459146499633789,0.9850719571113586,0.5236738920211792,0.3570992946624756,-1.4782326221466064,0.9637654423713684,0.6227720975875854,0.3348882794380188,-1.555391788482666,0.9555152058601379,0.5544350743293762,0.3365594446659088,-1.575046420097351,0.9222731590270996,0.6189452409744263,0.3322427272796631,-1.5055838823318481,0.9525931477546692,0.5527862906455994,0.33450013399124146,-1.528100609779358,0.9160076379776001,0.6189791560173035,0.3379385471343994,-1.449854850769043,0.9222871661186218,0.5476481318473816,0.34168174862861633,-1.4690114259719849,0.8785948753356934,0.6316688656806946,0.44248300790786743,-0.0012155973818153143,0.999576210975647,0.5182570815086365,0.4402962327003479,0.0009121161419898272,0.9995748400688171,0.673875629901886,0.5339962840080261,-0.27906036376953125,0.9936060905456543,0.4785012900829315,0.5295295119285583,-0.31789112091064453,0.9947023391723633,0.6598424315452576,0.6222280859947205,0.06621812283992767,0.9932681322097778,0.4747830927371979,0.6225330829620361,0.04401833936572075,0.9947900176048279,0.640660285949707,0.6364170908927917,0.0829782634973526,0.9264858365058899,0.49219974875450134,0.6384828686714172,0.06331437081098557,0.9165666699409485,0.6875176429748535,0.6551973223686218,-0.21316850185394287,0.9883761405944824,0.44212716817855835,0.6541029214859009,-0.22829869389533997,0.9894210696220398
115,squat,0,0.5813360810279846,0.3236399292945862,-1.1766053438186646,0.9999922513961792,0.5964767932891846,0.31472596526145935,-1.1500033140182495,0.9999863505363464,0.6048819422721863,0.31428560614585876,-1.149877905845642,0.9999847412109375,0.6119458079338074,0.3139171302318573,-1.1501045227050781,0.9999833106994629,0.5702893733978271,0.31411486864089966,-1.147176742553711,0.9999841451644897,0.5614465475082397,0.31330814957618713,-1.1473807096481323,0.9999814629554749,0.5538743734359741,0.3125591278076172,-1.1474192142486572,0.999981164932251,0.6248193979263306,0.3149263560771942,-0.8824699521064758,0.99997878074646,0.5437098145484924,0.31302088499069214,-0.8726422190666199,0.9999750852584839,0.5978698134422302,0.3324560523033142,-1.0675311088562012,0.99998939037323,0.5668903589248657,0.33187514543533325,-1.0651265382766724,0.9999897480010986,0.6751976609230042,0.3576740324497223,-0.6366782784461975,0.9999330639839172,0.48601317405700684,0.3553857207298279,-0.6406113505363464,0.9999285340309143,0.7265858054161072,0.42248108983039856,-1.0165672302246094,0.9929465055465698,0.42539846897125244,0.4182823598384857,-1.036608099937439,0.9779741168022156,0.6424435377120972,0.36150994896888733,-1.494343876838684,0.985170304775238,0.5208672285079956,0.37017279863357544,-1.517207384109497,0.9661731123924255,0.6228446960449219,0.34561678767204285,-1.5911849737167358,0.9546604752540588,0.5490973591804504,0.34976518154144287,-1.6127808094024658,0.9257301092147827,0.6188510060310364,0.34295105934143066,-1.539283037185669,0.9509281516075134,0.5489853620529175,0.34747782349586487,-1.5637292861938477,0.9187143445014954,0.6191564798355103,0.34864091873168945,-1.4840636253356934,0.9180735945701599,0.5446544289588928,0.3547411262989044,-1.5068875551223755,0.88045334815979,0.6316598653793335,0.44618403911590576,0.0030331225134432316,0.9995926022529602,0.5182731747627258,0.44379693269729614,-0.003357797395437956,0.9996030926704407,0.6774240732192993,0.5366138815879822,-0.34300318360328674,0.9932492971420288,0.47609710693359375,0.5301620960235596,-0.36829325556755066,0.9946278929710388,0.65973299741745,0.6228837370872498,0.01711254194378853,0.9928039908409119,0.47506964206695557,0.6225090622901917,0.010399136692285538,0.9947583675384521,0.6406567692756653,0.6372605562210083,0.034885674715042114,0.927510678768158,0.4921647310256958,0.6383783221244812,0.030376795679330826,0.9175513982772827,0.6902588605880737,0.655441164970398,-0.2600741386413574,0.9876495003700256,0.44222941994667053,0.6541026830673218,-0.26559147238731384,0.9892345070838928
116,squat,0,0.5814529657363892,0.33121153712272644,-1.1783912181854248,0.999992847442627,0.5966161489486694,0.3224560618400574,-1.1513690948486328,0.9999874234199524,0.6050156950950623,0.3220658302307129,-1.1512459516525269,0.999985933303833,0.6120867133140564,0.32176750898361206,-1.1514836549758911,0.9999845623970032,0.5704482793807983,0.3217490017414093,-1.1489373445510864,0.9999855160713196,0.5616843700408936,0.32093116641044617,-1.1491342782974243,0.9999830722808838,0.5540391206741333,0.320199579000473,-1.149161458015442,0.9999827742576599,0.6248677968978882,0.32279834151268005,-0.8855419754981995,0.9999803900718689,0.5437474846839905,0.3206842839717865,-0.8779269456863403,0.9999774098396301,0.5980070233345032,0.3404522240161896,-1.0701526403427124,0.9999901652336121,0.5669890642166138,0.3396108150482178,-1.068354606628418,0.9999905824661255,0.6752777099609375,0.3655523955821991,-0.6423786878585815,0.9999299645423889,0.48566269874572754,0.36330321431159973,-0.6498308181762695,0.9999337792396545,0.7262454032897949,0.4304174482822418,-1.022886872291565,0.992963969707489,0.424957275390625,0.42650899291038513,-1.051245927810669,0.9796813726425171,0.6434858441352844,0.36914804577827454,-1.4945800304412842,0.9849132299423218,0.5189213752746582,0.3790825605392456,-1.5182745456695557,0.9679819345474243,0.6238747835159302,0.35445377230644226,-1.5894438028335571,0.9531304836273193,0.5469305515289307,0.35900402069091797,-1.611354947090149,0.9277918934822083,0.6195058822631836,0.3510957360267639,-1.537024974822998,0.9483813047409058,0.547153890132904,0.35615915060043335,-1.560110330581665,0.9196843504905701,0.6199917197227478,0.35630935430526733,-1.4841043949127197,0.9124907851219177,0.5430243015289307,0.3635418713092804,-1.50702702999115,0.879543662071228,0.6317080855369568,0.4504069685935974,0.007315088529139757,0.9996125102043152,0.5182766914367676,0.44811922311782837,-0.007619077805429697,0.9996306300163269,0.6807119846343994,0.5390720963478088,-0.42851129174232483,0.9928301572799683,0.4710720479488373,0.5325330495834351,-0.43286100029945374,0.9945054054260254,0.659276008605957,0.623809814453125,-0.04706215485930443,0.9921715259552002,0.47497546672821045,0.6227157115936279,-0.04462603107094765,0.9947189688682556,0.6403859853744507,0.6380460262298584,-0.02712205983698368,0.9287126064300537,0.49204206466674805,0.6383984088897705,-0.024247240275144577,0.9187977313995361,0.6929593682289124,0.6557618379592896,-0.31961795687675476,0.986674427986145,0.44033050537109375,0.6541345119476318,-0.3215799033641815,0.9889756441116333
117,squat,0,0.5817573666572571,0.34795689582824707,-1.2030314207077026,0.9999933838844299,0.5966809391975403,0.3383599817752838,-1.176466464996338,0.9999883770942688,0.6051169037818909,0.33784952759742737,-1.1763529777526855,0.999987006187439,0.6121938228607178,0.3373218774795532,-1.1766133308410645,0.9999856948852539,0.5705022215843201,0.33789196610450745,-1.1747568845748901,0.9999867081642151,0.5617940425872803,0.33699432015419006,-1.1749392747879028,0.9999845027923584,0.5541021823883057,0.336110383272171,-1.174941062927246,0.9999842047691345,0.6253360509872437,0.3373737037181854,-0.9146795868873596,0.9999819397926331,0.5434808135032654,0.33609482645988464,-0.9087966084480286,0.9999794960021973,0.5981115102767944,0.3566685914993286,-1.095948576927185,0.9999908804893494,0.5669257044792175,0.35568326711654663,-1.0945334434509277,0.9999913573265076,0.6754767894744873,0.37898120284080505,-0.6707103848457336,0.9999316930770874,0.4832698702812195,0.3779907822608948,-0.6701146960258484,0.9999383687973022,0.725838303565979,0.4452724754810333,-1.04392409324646,0.9930636882781982,0.4265803098678589,0.44202011823654175,-1.0615366697311401,0.9811968207359314,0.6413379907608032,0.3852989971637726,-1.5183439254760742,0.9850788116455078,0.5179287195205688,0.39701423048973083,-1.527687907218933,0.9695979356765747,0.6235942244529724,0.37111222743988037,-1.615277647972107,0.9532964825630188,0.5449301600456238,0.379855215549469,-1.6210130453109741,0.9297638535499573,0.6192331314086914,0.3665226697921753,-1.5635521411895752,0.9479500651359558,0.5466350317001343,0.3758861720561981,-1.5728744268417358,0.9206978678703308,0.6194931864738464,0.373074471950531,-1.5081692934036255,0.9101849794387817,0.5428717136383057,0.38282594084739685,-1.5178532600402832,0.878740668296814,0.6317228674888611,0.4571797549724579,0.007853739894926548,0.999634325504303,0.5181290507316589,0.45599767565727234,-0.008103247731924057,0.9996557831764221,0.6847618818283081,0.5405190587043762,-0.5112569332122803,0.9921791553497314,0.46731582283973694,0.5339469313621521,-0.5121566653251648,0.9940801858901978,0.6594336628913879,0.6244978308677673,-0.13500648736953735,0.9912096858024597,0.4747941195964813,0.6226099133491516,-0.12102612107992172,0.994404673576355,0.6408651471138,0.6388190984725952,-0.11613710969686508,0.9281787276268005,0.4920077621936798,0.638383150100708,-0.10046631097793579,0.9190307259559631,0.6933004260063171,0.6564009189605713,-0.4176429212093353,0.9850989580154419,0.4395879805088043,0.6541881561279297,-0.39991217851638794,0.9882379770278931
118,squat,0,0.5827411413192749,0.35390475392341614,-1.2179815769195557,0.9999938607215881,0.5970161557197571,0.34477293491363525,-1.1899640560150146,0.9999892711639404,0.6053817868232727,0.34423795342445374,-1.1898601055145264,0.9999879598617554,0.61234050989151,0.34373053908348083,-1.1901049613952637,0.9999866485595703,0.5710049867630005,0.3444252610206604,-1.186823844909668,0.999987781047821,0.5621517896652222,0.3437157869338989,-1.1870290040969849,0.9999858140945435,0.5543960928916931,0.3430503308773041,-1.1870347261428833,0.9999855160713196,0.6258810758590698,0.3438401520252228,-0.927448034286499,0.9999833106994629,0.5435211658477783,0.3430616557598114,-0.9155524373054504,0.9999814033508301,0.5984851121902466,0.362604558467865,-1.1114909648895264,0.9999915361404419,0.5672414898872375,0.36199843883514404,-1.1084113121032715,0.9999920725822449,0.6765013933181763,0.38566339015960693,-0.6862105131149292,0.9999309182167053,0.4811423718929291,0.3855533003807068,-0.6767283082008362,0.9999428391456604,0.725765585899353,0.4527702331542969,-1.058050274848938,0.9931665062904358,0.42717698216438293,0.4497049152851105,-1.065020203590393,0.9826365113258362,0.6400924921035767,0.39204683899879456,-1.5168263912200928,0.9851705431938171,0.516834557056427,0.4062955975532532,-1.532907247543335,0.9713148474693298,0.6234682202339172,0.37778738141059875,-1.6110117435455322,0.9532757997512817,0.5410000681877136,0.39434319734573364,-1.6271063089370728,0.9322394132614136,0.6191288232803345,0.373696893453598,-1.5590336322784424,0.9471516609191895,0.5463468432426453,0.3834495544433594,-1.5771629810333252,0.9223252534866333,0.6190826296806335,0.37991154193878174,-1.5057940483093262,0.9068528413772583,0.5425116419792175,0.39046046137809753,-1.522362232208252,0.8786202073097229,0.6319916844367981,0.4618946313858032,0.007950158789753914,0.9996552467346191,0.5166018605232239,0.4609767496585846,-0.00816824659705162,0.999680757522583,0.6874980926513672,0.5400843620300293,-0.5779086351394653,0.9915943741798401,0.4647708535194397,0.5344909429550171,-0.5788646340370178,0.9937614798545837,0.6595690250396729,0.62504643201828,-0.1846822202205658,0.9902552366256714,0.4747118055820465,0.623852014541626,-0.17839659750461578,0.994403064250946,0.6408967971801758,0.6391053795814514,-0.1646440476179123,0.9291199445724487,0.49189770221710205,0.6400644779205322,-0.15789785981178284,0.92177414894104,0.6953073143959045,0.6568621397018433,-0.4697894752025604,0.9838640093803406,0.43819454312324524,0.6543638706207275,-0.4678976535797119,0.9880819916725159
119,squat,0,0.582821249961853,0.35981571674346924,-1.2679411172866821,0.9999942779541016,0.5971210598945618,0.35055696964263916,-1.2392641305923462,0.999989926815033,0.6054607629776001,0.35017484426498413,-1.2391748428344727,0.9999887347221375,0.6124252676963806,0.3498170077800751,-1.2394146919250488,0.9999871253967285,0.571103572845459,0.3501114547252655,-1.2344237565994263,0.9999886155128479,0.5622288584709167,0.34944069385528564,-1.2346502542495728,0.9999869465827942,0.5544606447219849,0.34884113073349,-1.2346552610397339,0.9999865889549255,0.626317024230957,0.34991922974586487,-0.9718109369277954,0.9999843239784241,0.5435561537742615,0.34847190976142883,-0.9523365497589111,0.9999830722808838,0.5985367894172668,0.3682965338230133,-1.1599431037902832,0.9999920725822449,0.567258894443512,0.3677201569080353,-1.154694676399231,0.9999927282333374,0.6783662438392639,0.3913058936595917,-0.7267360091209412,0.9999294281005859,0.4811139702796936,0.3905005156993866,-0.7117959856987,0.9999470710754395,0.725099503993988,0.45906686782836914,-1.1274328231811523,0.9932408928871155,0.4282488524913788,0.45444241166114807,-1.1192768812179565,0.9840129017829895,0.6409493684768677,0.39917463064193726,-1.6011906862258911,0.9851377010345459,0.5164051651954651,0.4107253849506378,-1.5979838371276855,0.9731206297874451,0.6237853169441223,0.3846200108528137,-1.6968693733215332,0.9530810117721558,0.540350615978241,0.3989611566066742,-1.695510983467102,0.9352761507034302,0.6193087100982666,0.38039061427116394,-1.6445738077163696,0.9459625482559204,0.5454972386360168,0.3869298994541168,-1.638643741607666,0.9246451258659363,0.619441032409668,0.3860763609409332,-1.5907310247421265,0.9022629857063293,0.5415403246879578,0.3942617177963257,-1.5848890542984009,0.8792533278465271,0.6322890520095825,0.4669865369796753,0.008042758330702782,0.9996764063835144,0.5153562426567078,0.4648279547691345,-0.008233937434852123,0.9997044801712036,0.6900950074195862,0.5396443009376526,-0.6614944934844971,0.9911788702011108,0.4618051052093506,0.5342893600463867,-0.6683799028396606,0.9935580492019653,0.6595001816749573,0.6252903938293457,-0.24655568599700928,0.9895544052124023,0.47432687878608704,0.6239429712295532,-0.2519409954547882,0.9945672750473022,0.6408700346946716,0.6394171714782715,-0.2256953865289688,0.9306069016456604,0.49130234122276306,0.6404632925987244,-0.23089998960494995,0.9255318641662598,0.6964682340621948,0.6572655439376831,-0.5448958873748779,0.9831270575523376,0.43751466274261475,0.6545526385307312,-0.5566839575767517,0.988330066204071
120,squat,0,0.58259117603302,0.36553335189819336,-1.350748062133789,0.9999946355819702,0.5971949100494385,0.35693731904029846,-1.3178268671035767,0.9999903440475464,0.605520486831665,0.35660719871520996,-1.317760944366455,0.9999893307685852,0.6124879717826843,0.3562604486942291,-1.317993402481079,0.9999871253967285,0.5710201859474182,0.355846643447876,-1.3128910064697266,0.9999892711639404,0.5621103644371033,0.35489365458488464,-1.3131325244903564,0.9999879598617554,0.5544245839118958,0.3539963960647583,-1.313127875328064,0.9999874830245972,0.6265354752540588,0.35632002353668213,-1.0374510288238525,0.9999850988388062,0.5435131192207336,0.353602796792984,-1.0189788341522217,0.999984622001648,0.5984411835670471,0.37452149391174316,-1.2397522926330566,0.9999926090240479,0.5667053461074829,0.3734041452407837,-1.2348073720932007,0.9999933242797852,0.6793224215507507,0.3977039158344269,-0.7992035150527954,0.9999279975891113,0.4806063175201416,0.39536353945732117,-0.7780688405036926,0.9999507665634155,0.7248899340629578,0.4645308554172516,-1.256973385810852,0.9935579299926758,0.42844629287719727,0.4593558609485626,-1.2385796308517456,0.985348105430603,0.6411219835281372,0.4016052484512329,-1.741154432296753,0.9857317209243774,0.5188649892807007,0.41172102093696594,-1.7408537864685059,0.9751371145248413,0.6240938305854797,0.3875645101070404,-1.839633822441101,0.9546070098876953,0.5477802753448486,0.39210671186447144,-1.8450608253479004,0.9393447637557983,0.6196993589401245,0.3839004337787628,-1.782052993774414,0.946814775466919,0.5501025319099426,0.38800761103630066,-1.7742878198623657,0.9283847212791443,0.6198854446411133,0.3890203535556793,-1.7294321060180664,0.9011696577072144,0.5450942516326904,0.39558276534080505,-1.7231526374816895,0.8824270963668823,0.6325250864028931,0.470064640045166,0.007811178918927908,0.99969482421875,0.5146244168281555,0.46781426668167114,-0.00798895675688982,0.9997263550758362,0.6925744414329529,0.539319634437561,-0.7539586424827576,0.989940881729126,0.45969629287719727,0.5327366590499878,-0.790012776851654,0.9928478598594666,0.6595178246498108,0.6259676814079285,-0.33805426955223083,0.9874256253242493,0.474069207906723,0.6231018900871277,-0.36582422256469727,0.9945942163467407,0.6408935189247131,0.6401252746582031,-0.3188551366329193,0.9293357133865356,0.4907561242580414,0.6390581130981445,-0.34516793489456177,0.9284530878067017,0.6976132392883301,0.6579344272613525,-0.6552830338478088,0.9811144471168518,0.4376404881477356,0.6544274687767029,-0.6827659606933594,0.9883107542991638
121,squat,0,0.5841767191886902,0.37666836380958557,-1.405646800994873,0.999994695186615,0.5979483127593994,0.3677990734577179,-1.3713552951812744,0.999989926815033,0.6059871912002563,0.367358922958374,-1.3713266849517822,0.9999893307685852,0.6128793358802795,0.36687758564949036,-1.3715879917144775,0.9999852776527405,0.5718430280685425,0.36727917194366455,-1.3672960996627808,0.9999890327453613,0.5628588199615479,0.36653420329093933,-1.3675302267074585,0.9999883770942688,0.5551201105117798,0.3658025860786438,-1.3675212860107422,0.9999874830245972,0.6273574233055115,0.3666919767856598,-1.0752830505371094,0.9999850392341614,0.5436459183692932,0.36531591415405273,-1.0603357553482056,0.9999858140945435,0.5989165306091309,0.3850775361061096,-1.2883297204971313,0.9999929070472717,0.5673334002494812,0.38448622822761536,-1.2844836711883545,0.9999937415122986,0.6824787259101868,0.40753787755966187,-0.8240299820899963,0.9999278783798218,0.48070934414863586,0.4043596088886261,-0.8017424941062927,0.9999537467956543,0.7253262996673584,0.47590920329093933,-1.2902133464813232,0.9937727451324463,0.42956072092056274,0.4696469306945801,-1.264284610748291,0.9864179491996765,0.6412582993507385,0.4140091836452484,-1.801203727722168,0.9859780073165894,0.5182448625564575,0.4217627942562103,-1.7886806726455688,0.9766184091567993,0.6244199872016907,0.39774951338768005,-1.9047832489013672,0.955259382724762,0.548457145690918,0.40112775564193726,-1.8962322473526,0.9421272873878479,0.6198091506958008,0.39405232667922974,-1.851281762123108,0.9465097188949585,0.5496174693107605,0.3987125754356384,-1.8297488689422607,0.9303915500640869,0.6199474334716797,0.4006612300872803,-1.791888952255249,0.8974961638450623,0.5450727343559265,0.4062144160270691,-1.7731478214263916,0.8820627927780151,0.6325643062591553,0.4791055917739868,0.007619129493832588,0.9997125864028931,0.5135170221328735,0.47715550661087036,-0.007781100459396839,0.9997462034225464,0.6950057148933411,0.534648060798645,-0.8372307419776917,0.9887422323226929,0.4543675184249878,0.5282748341560364,-0.8754944205284119,0.9916574358940125,0.660547137260437,0.6260147094726562,-0.4235115349292755,0.9847707152366638,0.4733370244503021,0.6226822733879089,-0.4499211609363556,0.9945421814918518,0.6412048935890198,0.6402847170829773,-0.40507227182388306,0.9278924465179443,0.49029678106307983,0.6389434337615967,-0.4295608401298523,0.9311716556549072,0.6976619362831116,0.65791255235672,-0.7611356377601624,0.9791262149810791,0.4376901686191559,0.6544149518013,-0.789889931678772,0.9882413148880005
122,squat,0,0.5842490196228027,0.3798027038574219,-1.3855183124542236,0.9999948740005493,0.5984277129173279,0.3711037337779999,-1.352398157119751,0.999989926815033,0.6065625548362732,0.3706633746623993,-1.3523441553115845,0.9999896287918091,0.6136648058891296,0.3701988756656647,-1.3525794744491577,0.9999841451644897,0.5718726515769958,0.3702150583267212,-1.3468161821365356,0.9999892711639404,0.56285560131073,0.3691335916519165,-1.34706711769104,0.9999890327453613,0.5551249980926514,0.36821848154067993,-1.347080945968628,0.9999879002571106,0.628665030002594,0.3703678250312805,-1.0683293342590332,0.9999852776527405,0.5435681343078613,0.36804547905921936,-1.046703577041626,0.9999870657920837,0.5990965366363525,0.3891328275203705,-1.2731622457504272,0.9999932646751404,0.5674158334732056,0.38798341155052185,-1.267335057258606,0.999994158744812,0.6839120984077454,0.4115138649940491,-0.8306692242622375,0.999925971031189,0.48081162571907043,0.4078216850757599,-0.8066861033439636,0.9999566078186035,0.725411593914032,0.4794265627861023,-1.2952038049697876,0.9941011667251587,0.42944198846817017,0.4716242551803589,-1.2771250009536743,0.9875426292419434,0.6416270136833191,0.4169526994228363,-1.7702206373214722,0.9865884780883789,0.524638831615448,0.42197057604789734,-1.7740387916564941,0.9783405065536499,0.6244614720344543,0.40210309624671936,-1.8674780130386353,0.9566644430160522,0.556710422039032,0.40155482292175293,-1.8777483701705933,0.9455915689468384,0.6206114292144775,0.39888477325439453,-1.809605598449707,0.9472675323486328,0.5581188201904297,0.39910688996315,-1.8017107248306274,0.9334508180618286,0.6206967830657959,0.4042092263698578,-1.7579435110092163,0.8960496187210083,0.5526610016822815,0.40611132979393005,-1.753765344619751,0.8839709162712097,0.6326955556869507,0.4817047119140625,0.007562038954347372,0.9997236728668213,0.5136119723320007,0.47902125120162964,-0.007737061008810997,0.9997641444206238,0.6986130475997925,0.5347106456756592,-0.8252033591270447,0.9875505566596985,0.4495570659637451,0.5284152626991272,-0.8614323139190674,0.9910934567451477,0.6604862213134766,0.6259799599647522,-0.3673412799835205,0.9820131659507751,0.4729097783565521,0.6229514479637146,-0.4055217206478119,0.9946218729019165,0.6408305764198303,0.6402409076690674,-0.3433855473995209,0.926376223564148,0.49021488428115845,0.6394899487495422,-0.3812005817890167,0.9340344071388245,0.6991907954216003,0.6577247381210327,-0.6761746406555176,0.9766809344291687,0.43704378604888916,0.6538530588150024,-0.7193595767021179,0.9882456660270691
123,squat,0,0.584244430065155,0.3842804431915283,-1.3918681144714355,0.9999951720237732,0.5989721417427063,0.3755226731300354,-1.3593032360076904,0.9999902844429016,0.6072831749916077,0.3751062750816345,-1.3592438697814941,0.9999901652336121,0.6147056818008423,0.37470605969429016,-1.3594781160354614,0.9999840259552002,0.571822464466095,0.3745037913322449,-1.3532967567443848,0.9999897480010986,0.5627120733261108,0.37343260645866394,-1.3535391092300415,0.9999898076057434,0.5550443530082703,0.3725823760032654,-1.3535338640213013,0.9999885559082031,0.6306954622268677,0.3745684027671814,-1.075252890586853,0.9999859929084778,0.5435177683830261,0.37197592854499817,-1.0515773296356201,0.9999881982803345,0.5992056727409363,0.393949955701828,-1.2793402671813965,0.9999937415122986,0.5674265623092651,0.3924901485443115,-1.272936463356018,0.9999946355819702,0.6859472990036011,0.4151211082935333,-0.8356723189353943,0.9999279379844666,0.48085108399391174,0.4118537902832031,-0.8112042546272278,0.9999595880508423,0.7254289388656616,0.484159916639328,-1.3010388612747192,0.9944183826446533,0.42941558361053467,0.4767938256263733,-1.28343665599823,0.9885677695274353,0.6446602940559387,0.42398393154144287,-1.7799227237701416,0.9872722625732422,0.5251023769378662,0.4268046021461487,-1.7843300104141235,0.9799317121505737,0.6268911361694336,0.4091281592845917,-1.878178596496582,0.9583933353424072,0.5574905872344971,0.40703701972961426,-1.8885446786880493,0.9488479495048523,0.6251327395439148,0.40542957186698914,-1.820480227470398,0.9486442804336548,0.5593750476837158,0.40474557876586914,-1.812375545501709,0.9364184737205505,0.6251996159553528,0.41037726402282715,-1.767845869064331,0.8961488008499146,0.5543274283409119,0.4108876585960388,-1.764116883277893,0.8859968781471252,0.6327288150787354,0.4847944974899292,0.007365760393440723,0.9997376203536987,0.5135310888290405,0.4821489453315735,-0.0075271278619766235,0.999781608581543,0.6991574764251709,0.5348678231239319,-0.8407151103019714,0.9867839217185974,0.4469791352748871,0.5282967686653137,-0.8667141795158386,0.9906266927719116,0.6605210900306702,0.625959038734436,-0.3764253258705139,0.9799187183380127,0.4719908833503723,0.623047947883606,-0.41049107909202576,0.9947454333305359,0.6408363580703735,0.640206515789032,-0.3513759970664978,0.9255138039588928,0.49006420373916626,0.639677882194519,-0.38562485575675964,0.9369258880615234,0.6989825367927551,0.6571087837219238,-0.6860166788101196,0.975121259689331,0.4352737367153168,0.6538050174713135,-0.7256397008895874,0.9884383082389832
124,squat,0,0.5846872925758362,0.38865211606025696,-1.3955442905426025,0.9999954104423523,0.600102424621582,0.37996309995651245,-1.3618727922439575,0.9999905228614807,0.6084476709365845,0.3795410096645355,-1.3618098497390747,0.9999905824661255,0.6160737872123718,0.3791279196739197,-1.3620415925979614,0.9999836087226868,0.5720031261444092,0.3789721727371216,-1.3569433689117432,0.9999899864196777,0.5627501606941223,0.37785613536834717,-1.3571655750274658,0.9999904036521912,0.555086612701416,0.3769500255584717,-1.3571420907974243,0.9999889731407166,0.6318512558937073,0.37919893860816956,-1.0730010271072388,0.9999865293502808,0.543526291847229,0.3763626217842102,-1.0541595220565796,0.9999892115592957,0.5999350547790527,0.398325115442276,-1.2813667058944702,0.999994158744812,0.5678238272666931,0.39685556292533875,-1.2763813734054565,0.9999950528144836,0.686849057674408,0.4193551540374756,-0.8352066874504089,0.9999303221702576,0.48091456294059753,0.416873574256897,-0.8145111203193665,0.9999619126319885,0.7254256010055542,0.4880322217941284,-1.3132576942443848,0.994699239730835,0.4293549954891205,0.48066389560699463,-1.2964597940444946,0.9894742369651794,0.6455014944076538,0.42749345302581787,-1.794381022453308,0.9879010319709778,0.5277734994888306,0.42899757623672485,-1.7951416969299316,0.9813402891159058,0.6280131340026855,0.4125617742538452,-1.891937255859375,0.9598976373672485,0.5590901970863342,0.4098851680755615,-1.8976229429244995,0.9516746997833252,0.6274446845054626,0.4090837240219116,-1.8310954570770264,0.9498141407966614,0.5613905191421509,0.4075513780117035,-1.8190678358078003,0.9389322996139526,0.6273821592330933,0.4139786958694458,-1.7813236713409424,0.8960878849029541,0.5564993619918823,0.4135812819004059,-1.7739280462265015,0.8873535394668579,0.6327469944953918,0.4891468584537506,0.007329524029046297,0.9997515082359314,0.513403058052063,0.48690423369407654,-0.007492088712751865,0.9997972846031189,0.6987287402153015,0.5344293713569641,-0.8627752065658569,0.9861575365066528,0.446270614862442,0.5280734300613403,-0.8787190914154053,0.9900022149085999,0.660869300365448,0.6257869005203247,-0.4004811644554138,0.9781555533409119,0.4714382290840149,0.6229034662246704,-0.42316269874572754,0.9948416948318481,0.640861451625824,0.6399434804916382,-0.3754597306251526,0.9251947999000549,0.49001169204711914,0.6391696333885193,-0.3981817066669464,0.9395731687545776,0.6988673806190491,0.6571007370948792,-0.7125133275985718,0.9741812348365784,0.43471676111221313,0.6536782383918762,-0.7394848465919495,0.9886878132820129
125,squat,0,0.5846590399742126,0.39709216356277466,-1.3742800951004028,0.9999954104423523,0.6001051068305969,0.3884735405445099,-1.3434664011001587,0.9999902248382568,0.6084506511688232,0.38804641366004944,-1.343401312828064,0.9999905228614807,0.616070568561554,0.38758155703544617,-1.3436447381973267,0.9999820590019226,0.5720124840736389,0.38758549094200134,-1.3383859395980835,0.9999896883964539,0.5627894997596741,0.38649725914001465,-1.338598370552063,0.999990701675415,0.5551684498786926,0.38540831208229065,-1.3385708332061768,0.999988853931427,0.6318292021751404,0.38760003447532654,-1.0624451637268066,0.999986469745636,0.543541669845581,0.3839830458164215,-1.042192816734314,0.9999899864196777,0.5999019145965576,0.40623000264167786,-1.2622097730636597,0.9999943375587463,0.5678509473800659,0.404660701751709,-1.256839632987976,0.9999952912330627,0.6866284012794495,0.426196426153183,-0.8247708678245544,0.9999305605888367,0.480812668800354,0.42349973320961,-0.8060941100120544,0.9999640583992004,0.7254319190979004,0.49592384696006775,-1.2940140962600708,0.9948338270187378,0.4293777346611023,0.4897792339324951,-1.274091362953186,0.9901683926582336,0.6454113125801086,0.43249252438545227,-1.769049048423767,0.9878733158111572,0.529800295829773,0.43427425622940063,-1.7598299980163574,0.982273280620575,0.6280233860015869,0.41765323281288147,-1.8649179935455322,0.9590283036231995,0.5607572793960571,0.41438138484954834,-1.8600938320159912,0.9531077146530151,0.6274067759513855,0.414533793926239,-1.8047959804534912,0.9477081894874573,0.5633280277252197,0.41217368841171265,-1.7850100994110107,0.9394882917404175,0.6273629069328308,0.4202907383441925,-1.7562259435653687,0.889380156993866,0.5582325458526611,0.4191528558731079,-1.739757776260376,0.8847904801368713,0.6323679685592651,0.49428245425224304,0.007232359144836664,0.9997622966766357,0.5133938789367676,0.4928450584411621,-0.007390044163912535,0.9998109340667725,0.6980642080307007,0.5343616008758545,-0.8581082224845886,0.9852443933486938,0.4441070556640625,0.5273524522781372,-0.8561245799064636,0.989203155040741,0.6608784198760986,0.6258320212364197,-0.4315454363822937,0.9762500524520874,0.47143974900245667,0.6236859560012817,-0.43533453345298767,0.9948757290840149,0.6408668756484985,0.6402762532234192,-0.40904107689857483,0.9250219464302063,0.4900444447994232,0.6395280957221985,-0.4131362736225128,0.9418119788169861,0.7005842328071594,0.6567981839179993,-0.7432214021682739,0.9733447432518005,0.43354514241218567,0.6535853743553162,-0.749913215637207,0.988849937915802
126,squat,0,0.586107075214386,0.40238210558891296,-1.3826701641082764,0.9999955296516418,0.601607620716095,0.3934040367603302,-1.351892113685608,0.9999901056289673,0.6096088290214539,0.3929439187049866,-1.3518048524856567,0.9999906420707703,0.6172895431518555,0.39244574308395386,-1.3520312309265137,0.9999809861183167,0.5735360383987427,0.3925877809524536,-1.347816824913025,0.9999895691871643,0.5638456344604492,0.39141058921813965,-1.348023533821106,0.9999910593032837,0.5559062957763672,0.3903219997882843,-1.3479944467544556,0.9999887943267822,0.6326968669891357,0.39278215169906616,-1.0683045387268066,0.9999865293502808,0.5437963008880615,0.38924333453178406,-1.052390456199646,0.999990701675415,0.600318431854248,0.41122642159461975,-1.268984317779541,0.9999945759773254,0.5695690512657166,0.41025933623313904,-1.2648946046829224,0.9999955296516418,0.6871467232704163,0.4322803020477295,-0.8286736011505127,0.9999322891235352,0.48083627223968506,0.4289661943912506,-0.8153752684593201,0.9999660849571228,0.7248747944831848,0.5021573901176453,-1.2960715293884277,0.9949465394020081,0.42932209372520447,0.4937465190887451,-1.2802541255950928,0.9909200072288513,0.6454399824142456,0.4386325180530548,-1.7639011144638062,0.9881489276885986,0.5311186909675598,0.43725869059562683,-1.7473307847976685,0.9833587408065796,0.6281417608261108,0.42221561074256897,-1.8579431772232056,0.9592475295066833,0.5602232813835144,0.4182978868484497,-1.844486951828003,0.9548675417900085,0.6274133920669556,0.4195033311843872,-1.7931643724441528,0.9472780227661133,0.5637134313583374,0.4164086580276489,-1.7663823366165161,0.9406663775444031,0.6273265480995178,0.42525243759155273,-1.74868643283844,0.8857312202453613,0.5588151812553406,0.4229769706726074,-1.7251776456832886,0.8833584785461426,0.6319459676742554,0.4980942904949188,0.007142668589949608,0.9997733235359192,0.5133395791053772,0.49748700857162476,-0.0073044924065470695,0.9998235702514648,0.6973585486412048,0.5336469411849976,-0.868064284324646,0.9847937822341919,0.4423898458480835,0.5269402861595154,-0.8703283071517944,0.9888105392456055,0.6608754396438599,0.6255956888198853,-0.3820011615753174,0.9754241108894348,0.47144174575805664,0.6235191226005554,-0.38933447003364563,0.995034396648407,0.6409411430358887,0.6396504044532776,-0.3538001775741577,0.9258614182472229,0.49005839228630066,0.6388976573944092,-0.3612450063228607,0.9446113705635071,0.6976304650306702,0.655038058757782,-0.6841388940811157,0.9734002947807312,0.4339447319507599,0.6527501940727234,-0.6967419385910034,0.9892924427986145
127,squat,0,0.5861012935638428,0.407358855009079,-1.3157603740692139,0.9999954700469971,0.6016018390655518,0.3987584114074707,-1.2924367189407349,0.9999896287918091,0.6096142530441284,0.39834874868392944,-1.292312502861023,0.9999904632568359,0.6172897815704346,0.39786815643310547,-1.2925052642822266,0.9999791383743286,0.5734931230545044,0.3977782428264618,-1.2868107557296753,0.9999891519546509,0.5637962818145752,0.3966216444969177,-1.2870100736618042,0.9999911785125732,0.5558661818504333,0.39552611112594604,-1.2869867086410522,0.999988317489624,0.6328164339065552,0.3979894518852234,-1.0549777746200562,0.9999861121177673,0.5437754392623901,0.39460405707359314,-1.022323727607727,0.9999911785125732,0.6003265380859375,0.41650426387786865,-1.2118020057678223,0.9999946355819702,0.5695919990539551,0.4156542718410492,-1.205496072769165,0.9999956488609314,0.6876739859580994,0.4364485740661621,-0.8025147318840027,0.9999310970306396,0.4810538589954376,0.43284472823143005,-0.7908422946929932,0.9999676942825317,0.7231252789497375,0.5071179866790771,-1.2523137331008911,0.9948949217796326,0.42851343750953674,0.5004927515983582,-1.2578977346420288,0.9915440678596497,0.6438847184181213,0.44094473123550415,-1.6806777715682983,0.9880576133728027,0.5307415127754211,0.4431594908237457,-1.655302882194519,0.9841536283493042,0.6276323795318604,0.42497557401657104,-1.7614760398864746,0.9580308794975281,0.559256374835968,0.4226958453655243,-1.7416499853134155,0.9555869102478027,0.6267631649971008,0.4225620627403259,-1.689993143081665,0.9448333978652954,0.5624752640724182,0.42083653807640076,-1.661397099494934,0.9403281211853027,0.62677001953125,0.42826443910598755,-1.6597448587417603,0.8782477378845215,0.5577054023742676,0.4279302656650543,-1.6306030750274658,0.8791851997375488,0.6319534778594971,0.5011529326438904,0.0065818168222904205,0.9997808933258057,0.5139614939689636,0.5004424452781677,-0.006745569873601198,0.9998341202735901,0.696834146976471,0.5332455039024353,-0.8658198118209839,0.9838883280754089,0.4389406740665436,0.5260719656944275,-0.8491631150245667,0.9881582856178284,0.6608362793922424,0.6255896687507629,-0.40226253867149353,0.9741180539131165,0.4714330732822418,0.6240982413291931,-0.39716529846191406,0.9951090216636658,0.6409426927566528,0.6391651630401611,-0.37399232387542725,0.925961434841156,0.4902920126914978,0.6392509341239929,-0.36983492970466614,0.9466269612312317,0.6958818435668945,0.6545125246047974,-0.6867638230323792,0.9732143878936768,0.43255969882011414,0.6526488661766052,-0.6887966990470886,0.9895932078361511
128,squat,0,0.5847391486167908,0.4111437499523163,-1.3196802139282227,0.9999955892562866,0.6007546186447144,0.40263664722442627,-1.2951666116714478,0.9999895095825195,0.6090977191925049,0.40242594480514526,-1.2950433492660522,0.9999905824661255,0.6167962551116943,0.4021606147289276,-1.29523503780365,0.9999780058860779,0.5723044276237488,0.40114760398864746,-1.289504051208496,0.9999890923500061,0.5629922747612,0.39997389912605286,-1.2897098064422607,0.9999914765357971,0.5553798675537109,0.3988740146160126,-1.289686918258667,0.999988317489624,0.6327893137931824,0.40276357531547546,-1.0389262437820435,0.9999860525131226,0.5435106158256531,0.39814701676368713,-1.014394998550415,0.9999917149543762,0.5995827913284302,0.4205792248249054,-1.214999794960022,0.9999948740005493,0.568743884563446,0.41926488280296326,-1.20876944065094,0.9999958872795105,0.6876847147941589,0.4416900873184204,-0.8048961162567139,0.9999315142631531,0.48092952370643616,0.4375667870044708,-0.7859067320823669,0.9999694228172302,0.7209057211875916,0.5118767619132996,-1.2504554986953735,0.9948852062225342,0.42661169171333313,0.5045952796936035,-1.2320398092269897,0.9921357035636902,0.6439541578292847,0.44634950160980225,-1.6849535703659058,0.9882117509841919,0.5216476321220398,0.45162704586982727,-1.6610454320907593,0.985075831413269,0.627614438533783,0.4293694496154785,-1.7620848417282104,0.9580674767494202,0.5520849227905273,0.4295632839202881,-1.7515614032745361,0.9572553038597107,0.6265740990638733,0.42654740810394287,-1.6997506618499756,0.9442360997200012,0.5576052665710449,0.4276617169380188,-1.6751399040222168,0.9416680932044983,0.626757025718689,0.43263277411460876,-1.6635701656341553,0.874584436416626,0.5518470406532288,0.43556004762649536,-1.6387221813201904,0.8787845373153687,0.6319568753242493,0.5042855739593506,0.006493345834314823,0.9997897744178772,0.5140352249145508,0.5037413239479065,-0.006677013821899891,0.9998449683189392,0.696416974067688,0.533273458480835,-0.8709306716918945,0.9836012125015259,0.43738237023353577,0.5261901021003723,-0.8466616868972778,0.9879077672958374,0.6608363389968872,0.6256725192070007,-0.3672713041305542,0.9735404253005981,0.47144168615341187,0.6250569224357605,-0.3679732084274292,0.9952717423439026,0.6409520506858826,0.6389899253845215,-0.33813390135765076,0.9269559383392334,0.49083980917930603,0.6403502225875854,-0.3433733284473419,0.9491520524024963,0.6958951354026794,0.6545357704162598,-0.6642832159996033,0.9733127355575562,0.43102696537971497,0.6525426506996155,-0.6796969175338745,0.9900006055831909
129,squat,0,0.5840921998023987,0.4222569763660431,-1.309346079826355,0.9999955296516418,0.599563717842102,0.4136929214000702,-1.2927031517028809,0.9999890923500061,0.6078174710273743,0.4133990705013275,-1.2925539016723633,0.9999905824661255,0.6154395341873169,0.4130645990371704,-1.2927364110946655,0.9999767541885376,0.5722006559371948,0.4123462736606598,-1.288158893585205,0.9999884366989136,0.5629926919937134,0.4110882878303528,-1.2883598804473877,0.9999914169311523,0.5553835034370422,0.40984252095222473,-1.2883270978927612,0.9999874830245972,0.6319177150726318,0.41391661763191223,-1.0391217470169067,0.9999861121177673,0.5432231426239014,0.4075848460197449,-1.0213401317596436,0.9999920725822449,0.5982458591461182,0.4301019012928009,-1.2064098119735718,0.9999950528144836,0.5687364339828491,0.428230345249176,-1.201725721359253,0.9999960064888,0.6870803236961365,0.45079025626182556,-0.800588071346283,0.9999352693557739,0.48047709465026855,0.44621366262435913,-0.7845922112464905,0.9999712705612183,0.7182318568229675,0.524572491645813,-1.2406374216079712,0.9944429397583008,0.4243903160095215,0.5126639604568481,-1.1978700160980225,0.992668092250824,0.6463685631752014,0.46068352460861206,-1.6833072900772095,0.9878199100494385,0.5210736393928528,0.4576558470726013,-1.5955575704574585,0.9858247637748718,0.6295415759086609,0.4434921443462372,-1.7645680904388428,0.956074059009552,0.5486903786659241,0.4390386641025543,-1.678967833518982,0.9579669833183289,0.6276125311851501,0.4376702606678009,-1.7017977237701416,0.9411693811416626,0.5525213479995728,0.436161071062088,-1.6043301820755005,0.9417452812194824,0.6295817494392395,0.44512739777565,-1.6637212038040161,0.8658779263496399,0.5475398898124695,0.44350478053092957,-1.572185754776001,0.8756179213523865,0.6317465305328369,0.5108864307403564,0.005458972416818142,0.9998034834861755,0.5143296718597412,0.5097348093986511,-0.005590101238340139,0.9998570680618286,0.6991415023803711,0.5349627137184143,-0.8774275779724121,0.9834412932395935,0.43342140316963196,0.5262836217880249,-0.8516103625297546,0.9877955317497253,0.6610157489776611,0.6258607506752014,-0.38255584239959717,0.973633348941803,0.4712809920310974,0.6250163912773132,-0.366233229637146,0.9954111576080322,0.6415863633155823,0.6389584541320801,-0.3507826626300812,0.9279184937477112,0.4906768798828125,0.640079140663147,-0.33682286739349365,0.9513776898384094,0.6962616443634033,0.6545386910438538,-0.6622358560562134,0.9741107225418091,0.43124762177467346,0.6525474190711975,-0.666711688041687,0.9905021786689758
130,squat,0,0.580501139163971,0.4257228374481201,-1.340203881263733,0.999995768070221,0.5955794453620911,0.4171876013278961,-1.32052481174469,0.9999894499778748,0.6042277216911316,0.4169553816318512,-1.3203847408294678,0.9999910593032837,0.6120225191116333,0.41663864254951477,-1.3205828666687012,0.9999771118164062,0.5693561434745789,0.4153682291507721,-1.314810872077942,0.9999887943267822,0.5613849759101868,0.4140191078186035,-1.3150129318237305,0.9999918937683105,0.5544394254684448,0.41274696588516235,-1.314975380897522,0.999987781047821,0.6285342574119568,0.4164012372493744,-1.064853310585022,0.9999867677688599,0.5424360036849976,0.40980517864227295,-1.0404791831970215,0.9999926686286926,0.5952302813529968,0.4336412847042084,-1.2347357273101807,0.9999954104423523,0.5666978359222412,0.4311198890209198,-1.2281849384307861,0.9999962449073792,0.6857985854148865,0.45510461926460266,-0.8235388994216919,0.9999393224716187,0.4794865548610687,0.4508365988731384,-0.8029574751853943,0.9999733567237854,0.7166285514831543,0.5289521217346191,-1.2639950513839722,0.9943035244941711,0.42231863737106323,0.5182202458381653,-1.219984769821167,0.993195652961731,0.6463667154312134,0.4645698368549347,-1.7198811769485474,0.9878584742546082,0.5137495398521423,0.4646073877811432,-1.6160128116607666,0.9866123199462891,0.6294335722923279,0.44517168402671814,-1.8074901103973389,0.9556260704994202,0.5423502326011658,0.4439188838005066,-1.712554931640625,0.9590741991996765,0.6273093223571777,0.440774142742157,-1.7407777309417725,0.9400989413261414,0.5482854247093201,0.441219300031662,-1.6436383724212646,0.9424631595611572,0.6294488906860352,0.44893670082092285,-1.701877236366272,0.8609460592269897,0.5429562330245972,0.44879254698753357,-1.6004530191421509,0.8738078474998474,0.6305650472640991,0.5138594508171082,0.00521675031632185,0.9998172521591187,0.5143393874168396,0.5146097540855408,-0.00535096600651741,0.9998685121536255,0.7022345066070557,0.5371706485748291,-0.9066603779792786,0.9831727147102356,0.43053409457206726,0.5271097421646118,-0.8667857646942139,0.9877979755401611,0.661054790019989,0.6265702843666077,-0.36840951442718506,0.9731470942497253,0.47101137042045593,0.6251339316368103,-0.36335453391075134,0.9955667853355408,0.6415870785713196,0.6395033001899719,-0.33657675981521606,0.928693413734436,0.4903380572795868,0.6398168802261353,-0.3245536983013153,0.9533773064613342,0.6981658935546875,0.6548760533332825,-0.653157114982605,0.974559485912323,0.4320846498012543,0.6526215672492981,-0.6430577039718628,0.9909694790840149
131,squat,0,0.5802903771400452,0.42988765239715576,-1.427006721496582,0.9999960064888,0.5957643389701843,0.42011091113090515,-1.4000797271728516,0.9999899864196777,0.6043826341629028,0.4195026755332947,-1.399962306022644,0.9999915361404419,0.6121104955673218,0.41895776987075806,-1.4001649618148804,0.999977707862854,0.5693581700325012,0.41941362619400024,-1.3980268239974976,0.9999893307685852,0.5613706707954407,0.4182337820529938,-1.3982352018356323,0.9999924302101135,0.5544421076774597,0.41702836751937866,-1.3982056379318237,0.999988317489624,0.6281487941741943,0.41878530383110046,-1.1141417026519775,0.9999874830245972,0.5420656204223633,0.4137304425239563,-1.1058881282806396,0.9999932646751404,0.5951153635978699,0.4379889667034149,-1.3097628355026245,0.999995768070221,0.5664946436882019,0.43630120158195496,-1.3080168962478638,0.999996542930603,0.6846479773521423,0.458035945892334,-0.8566939234733582,0.9999439716339111,0.47827795147895813,0.4537201225757599,-0.8503835797309875,0.9999753832817078,0.7165080904960632,0.531475841999054,-1.3011198043823242,0.9942875504493713,0.42060184478759766,0.5222916603088379,-1.2705628871917725,0.9937413334846497,0.6463472843170166,0.4665064513683319,-1.7802965641021729,0.9879998564720154,0.5075663328170776,0.46805331110954285,-1.6989765167236328,0.987484872341156,0.6294434666633606,0.44921019673347473,-1.8751887083053589,0.955754816532135,0.5364595651626587,0.44893142580986023,-1.79470694065094,0.9608007073402405,0.6272999048233032,0.44397538900375366,-1.813767671585083,0.9398452639579773,0.5406625270843506,0.44560399651527405,-1.7217999696731567,0.9443055987358093,0.6293879151344299,0.4505805969238281,-1.7659047842025757,0.8579960465431213,0.536399781703949,0.4528319835662842,-1.6780658960342407,0.8749311566352844,0.6300159692764282,0.51795893907547,0.005436456762254238,0.9998290538787842,0.5141851902008057,0.518394947052002,-0.005559156183153391,0.9998782873153687,0.703467071056366,0.5399318337440491,-0.9604677557945251,0.9830253720283508,0.42940881848335266,0.530087411403656,-0.920280396938324,0.987800657749176,0.6611531972885132,0.6268750429153442,-0.3662284314632416,0.9723009467124939,0.47007399797439575,0.6250078082084656,-0.36256635189056396,0.9957172870635986,0.6415653228759766,0.6399244666099548,-0.33070024847984314,0.928798258304596,0.48926547169685364,0.6393211483955383,-0.3245137333869934,0.9552965760231018,0.6985071897506714,0.6548943519592285,-0.6513562202453613,0.9748091697692871,0.4321810305118561,0.6526481509208679,-0.6535694003105164,0.9913963079452515
132,squat,0,0.578539252281189,0.4345880448818207,-1.3973537683486938,0.9999959468841553,0.5938310027122498,0.4245746433734894,-1.3704464435577393,0.9999894499778748,0.602576494216919,0.4237228333950043,-1.370349645614624,0.9999912977218628,0.6103665828704834,0.42293310165405273,-1.3705581426620483,0.9999750256538391,0.5676797032356262,0.4240262508392334,-1.367407202720642,0.9999887347221375,0.5600345730781555,0.42278075218200684,-1.3676228523254395,0.9999924302101135,0.5533336400985718,0.4215462803840637,-1.3676105737686157,0.9999877214431763,0.6267537474632263,0.4224541187286377,-1.0876468420028687,0.9999870657920837,0.5408857464790344,0.417756050825119,-1.074724555015564,0.9999935626983643,0.5934646129608154,0.4427505433559418,-1.2817038297653198,0.9999959468841553,0.5656782388687134,0.4416091740131378,-1.2785260677337646,0.9999967217445374,0.6837849020957947,0.46054694056510925,-0.8349630236625671,0.9999468922615051,0.4775080978870392,0.45626136660575867,-0.8269568681716919,0.9999768733978271,0.7163400650024414,0.5352071523666382,-1.2771682739257812,0.9941132068634033,0.41932621598243713,0.5252962708473206,-1.2470784187316895,0.994191586971283,0.6463965773582458,0.47148770093917847,-1.7550801038742065,0.9875907301902771,0.5056549310684204,0.47098439931869507,-1.687787652015686,0.9882499575614929,0.6295974254608154,0.45417293906211853,-1.849350094795227,0.9539304375648499,0.5339067578315735,0.4527962803840637,-1.782263159751892,0.9623754620552063,0.6272807717323303,0.44882914423942566,-1.7900394201278687,0.9369447231292725,0.5380477905273438,0.4490208923816681,-1.709433674812317,0.9460272192955017,0.6293101906776428,0.4549989700317383,-1.7416133880615234,0.8502182960510254,0.534909725189209,0.45531758666038513,-1.6675316095352173,0.8762465119361877,0.6299154162406921,0.5231317281723022,0.005406743381172419,0.999835729598999,0.5137540698051453,0.5220812559127808,-0.005530231166630983,0.9998859763145447,0.7035475969314575,0.5420923829078674,-0.9745602607727051,0.9824882745742798,0.42819350957870483,0.5324524641036987,-0.9361720085144043,0.9876937866210938,0.661234438419342,0.6269705891609192,-0.3809029459953308,0.9706361889839172,0.46978217363357544,0.6251785755157471,-0.38224121928215027,0.99581378698349,0.6414434909820557,0.6401799321174622,-0.3400368094444275,0.9289276003837585,0.48884886503219604,0.6394166946411133,-0.34422338008880615,0.9571419954299927,0.6995783448219299,0.654148519039154,-0.6597577929496765,0.974459171295166,0.4336700439453125,0.6522378921508789,-0.6737051010131836,0.9916938543319702
133,squat,0,0.5743392109870911,0.4402235746383667,-1.3848854303359985,0.9999960660934448,0.5891874432563782,0.4308437705039978,-1.3564928770065308,0.9999895691871643,0.5984603762626648,0.4301377832889557,-1.3564590215682983,0.9999914765357971,0.6067643165588379,0.42943453788757324,-1.3566964864730835,0.9999746680259705,0.5637068152427673,0.42991748452186584,-1.3594412803649902,0.9999889135360718,0.5567553639411926,0.42869701981544495,-1.359556794166565,0.9999927282333374,0.550470232963562,0.4275294840335846,-1.3594855070114136,0.9999879002571106,0.6246356964111328,0.4285438358783722,-1.0782208442687988,0.9999873638153076,0.5389723181724548,0.4238050878047943,-1.0579783916473389,0.9999939799308777,0.5905067920684814,0.44816744327545166,-1.2702698707580566,0.9999961853027344,0.5630662441253662,0.4468550682067871,-1.2774512767791748,0.9999969601631165,0.6808395981788635,0.4657752811908722,-0.8298510909080505,0.9999498724937439,0.4765836000442505,0.46066513657569885,-0.8148786425590515,0.9999786019325256,0.7163064479827881,0.539059042930603,-1.2665246725082397,0.9939689040184021,0.41745275259017944,0.5300092697143555,-1.24368417263031,0.9946035146713257,0.6461910605430603,0.47541773319244385,-1.747063398361206,0.9871954321861267,0.49866756796836853,0.47530561685562134,-1.6657058000564575,0.9888817667961121,0.6290847659111023,0.4576464891433716,-1.84430730342865,0.9523473978042603,0.5243154168128967,0.45769456028938293,-1.7568204402923584,0.9635594487190247,0.6259005665779114,0.45293381810188293,-1.7768276929855347,0.9343633651733398,0.5302886962890625,0.4548950791358948,-1.6859098672866821,0.947202742099762,0.6280616521835327,0.459681898355484,-1.7403874397277832,0.8426894545555115,0.5283814072608948,0.46116477251052856,-1.645392894744873,0.8767760992050171,0.629275381565094,0.524742841720581,0.005169650074094534,0.9998458623886108,0.5135769844055176,0.5247231721878052,-0.0052931541576981544,0.9998944401741028,0.7042160630226135,0.543953537940979,-0.9371532201766968,0.9822712540626526,0.4253022372722626,0.5343376994132996,-0.8939002156257629,0.9876958131790161,0.6612213850021362,0.626953125,-0.3725794851779938,0.9705145955085754,0.4697716236114502,0.6253020167350769,-0.37674692273139954,0.9959167242050171,0.6414345502853394,0.6401684284210205,-0.3356340527534485,0.9302375316619873,0.4888271689414978,0.6393976211547852,-0.33088183403015137,0.9589892029762268,0.7002750635147095,0.6535065174102783,-0.646467924118042,0.9747737646102905,0.43306875228881836,0.6521349549293518,-0.637067437171936,0.9920229911804199
134,squat,0,0.5726544857025146,0.4440302848815918,-1.3261675834655762,0.9999960660934448,0.5867106914520264,0.43470656871795654,-1.30935537815094,0.9999892711639404,0.595889151096344,0.4338425099849701,-1.3092628717422485,0.9999914169311523,0.6041415333747864,0.4329039454460144,-1.3094737529754639,0.9999733567237854,0.5616224408149719,0.43417730927467346,-1.3045907020568848,0.9999886751174927,0.5547328591346741,0.43304991722106934,-1.3048211336135864,0.999992847442627,0.5484193563461304,0.43186232447624207,-1.304832935333252,0.9999877214431763,0.6219857335090637,0.4316765069961548,-1.0714356899261475,0.9999873042106628,0.5369024276733398,0.42779403924942017,-1.0377858877182007,0.9999942779541016,0.5890986919403076,0.45217370986938477,-1.2236692905426025,0.9999963641166687,0.5617775321006775,0.4512616991996765,-1.2182608842849731,0.999997079372406,0.6794213652610779,0.4684583246707916,-0.8295008540153503,0.9999520182609558,0.47586753964424133,0.4623342454433441,-0.8056516051292419,0.9999800324440002,0.7159552574157715,0.5395399332046509,-1.2470825910568237,0.9936933517456055,0.41746050119400024,0.5327777862548828,-1.2063828706741333,0.9949395060539246,0.6465026140213013,0.47920066118240356,-1.7085734605789185,0.9861084818840027,0.4971921145915985,0.4775501489639282,-1.6293329000473022,0.9893290996551514,0.630529522895813,0.46154728531837463,-1.798957109451294,0.9485329389572144,0.5242563486099243,0.4605364203453064,-1.7194223403930664,0.964168131351471,0.6259824633598328,0.456280380487442,-1.7382831573486328,0.9288613200187683,0.5276009440422058,0.45706549286842346,-1.6505612134933472,0.9475380182266235,0.6280297636985779,0.462772011756897,-1.6966025829315186,0.8299853801727295,0.5273923873901367,0.46287429332733154,-1.6095765829086304,0.875642716884613,0.6289656758308411,0.5274037718772888,0.003343158168718219,0.9998540282249451,0.5136776566505432,0.5274875164031982,-0.003449058858677745,0.9999018311500549,0.704573929309845,0.5459802746772766,-0.9183769822120667,0.9822126626968384,0.4229573607444763,0.5362905263900757,-0.885534405708313,0.9878948926925659,0.6612328290939331,0.6270930171012878,-0.3735801875591278,0.9708182215690613,0.4697819650173187,0.6257732510566711,-0.3757789134979248,0.996031641960144,0.6413993835449219,0.6402598023414612,-0.3362206518650055,0.9319859743118286,0.48882776498794556,0.6395024657249451,-0.3285694420337677,0.9608914852142334,0.700319766998291,0.6534430384635925,-0.6449459791183472,0.9752243757247925,0.43257835507392883,0.65211021900177,-0.6230286359786987,0.9923189878463745
135,squat,0,0.5714495778083801,0.4450477063655853,-1.3310925960540771,0.9999960064888,0.5862471461296082,0.4351794123649597,-1.3114206790924072,0.9999887347221375,0.5955981016159058,0.4343893229961395,-1.3113232851028442,0.9999910593032837,0.6038458943367004,0.43345215916633606,-1.3115314245224,0.9999711513519287,0.5605491399765015,0.4338783621788025,-1.306711196899414,0.9999882578849792,0.5536579489707947,0.4325622618198395,-1.3069381713867188,0.9999927878379822,0.5474129915237427,0.43140068650245667,-1.3069478273391724,0.9999871253967285,0.6213362812995911,0.43186548352241516,-1.0684921741485596,0.9999867677688599,0.5362516641616821,0.42733076214790344,-1.0369679927825928,0.9999943971633911,0.588416576385498,0.4535389244556427,-1.2256689071655273,0.9999964833259583,0.5606158375740051,0.45200443267822266,-1.2203387022018433,0.9999971389770508,0.6795394420623779,0.4704546332359314,-0.8240598440170288,0.9999532699584961,0.47624754905700684,0.46123600006103516,-0.8038222193717957,0.9999809861183167,0.7146511673927307,0.5413821935653687,-1.2372994422912598,0.9933929443359375,0.417018324136734,0.5352737903594971,-1.203371524810791,0.9952148199081421,0.6459978222846985,0.4804516136646271,-1.6864913702011108,0.9854525923728943,0.49866414070129395,0.4781992733478546,-1.618727445602417,0.9896129965782166,0.6294106841087341,0.4618902802467346,-1.7742148637771606,0.945886492729187,0.5253546237945557,0.4598715305328369,-1.7078595161437988,0.9638980031013489,0.6256024837493896,0.457405686378479,-1.7132169008255005,0.924926221370697,0.5300788283348083,0.4568238854408264,-1.636044979095459,0.9464755654335022,0.6273712515830994,0.4634443521499634,-1.671656608581543,0.8205567598342896,0.5285083055496216,0.4633651077747345,-1.597405195236206,0.8713284730911255,0.6289858818054199,0.5314882397651672,0.0030089004430919886,0.9998615384101868,0.5137535333633423,0.530684232711792,-0.003109525889158249,0.9999082088470459,0.7048311829566956,0.5476619601249695,-0.9357384443283081,0.982391357421875,0.4213361442089081,0.5377196073532104,-0.8771550059318542,0.9882274866104126,0.6609340310096741,0.6275172233581543,-0.3610038459300995,0.9712364673614502,0.46980300545692444,0.6257600784301758,-0.342986136674881,0.9962157011032104,0.6410725116729736,0.6408070921897888,-0.31705161929130554,0.9344250559806824,0.4888487458229065,0.6394994258880615,-0.30198201537132263,0.9630220532417297,0.7010122537612915,0.6533502340316772,-0.6194843053817749,0.9759513735771179,0.4316927194595337,0.652009904384613,-0.6044490933418274,0.9926868677139282
136,squat,0,0.5716634392738342,0.4462861120700836,-1.3073147535324097,0.9999952912330627,0.5864577889442444,0.43630075454711914,-1.2845631837844849,0.9999862313270569,0.5956593155860901,0.43524572253227234,-1.284477710723877,0.9999891519546509,0.6036431193351746,0.43407154083251953,-1.2846876382827759,0.9999632239341736,0.5600957274436951,0.43553799390792847,-1.2823567390441895,0.9999858140945435,0.5529913902282715,0.4343768060207367,-1.282554030418396,0.9999916553497314,0.5467257499694824,0.43329519033432007,-1.2825812101364136,0.9999842643737793,0.6206353902816772,0.4328491687774658,-1.0268226861953735,0.9999840259552002,0.5348542928695679,0.42974573373794556,-1.015368103981018,0.9999938607215881,0.5886243581771851,0.4555986821651459,-1.200074315071106,0.9999962449073792,0.5602506399154663,0.4551104009151459,-1.1978232860565186,0.9999969005584717,0.6793147325515747,0.47128695249557495,-0.7886040210723877,0.9999527931213379,0.47486287355422974,0.46440884470939636,-0.7844885587692261,0.9999814033508301,0.7135194540023804,0.5434713363647461,-1.2107065916061401,0.9929941892623901,0.41630858182907104,0.53667813539505,-1.190597414970398,0.995448648929596,0.6450710892677307,0.4822310209274292,-1.6535906791687012,0.9848005175590515,0.5000562071800232,0.4775770604610443,-1.5878844261169434,0.9899745583534241,0.628761351108551,0.4637356698513031,-1.739506721496582,0.942579448223114,0.5255491137504578,0.4599112570285797,-1.6738876104354858,0.9638672471046448,0.6255565285682678,0.4594632387161255,-1.673264741897583,0.9200431108474731,0.530258059501648,0.4563289284706116,-1.5981872081756592,0.9457862973213196,0.6268085837364197,0.46556147933006287,-1.6363219022750854,0.8100760579109192,0.5284720063209534,0.46201828122138977,-1.5642755031585693,0.8678383231163025,0.6286693215370178,0.5352538228034973,0.0029065150301903486,0.9998671412467957,0.5137761235237122,0.5343672633171082,-0.0030036356765776873,0.9999136328697205,0.7055197358131409,0.547300398349762,-0.9256972074508667,0.982226550579071,0.41793331503868103,0.5374942421913147,-0.8720555305480957,0.9883952736854553,0.6605542302131653,0.627571165561676,-0.34560149908065796,0.9710168242454529,0.4697858393192291,0.6255530714988708,-0.32523834705352783,0.99632328748703,0.6405370235443115,0.6408500671386719,-0.3016895353794098,0.935940682888031,0.48886770009994507,0.639244556427002,-0.286532461643219,0.9645652770996094,0.7009223699569702,0.6530291438102722,-0.6009211540222168,0.9763416051864624,0.4314880669116974,0.6516319513320923,-0.5871289968490601,0.992924690246582
137,squat,0,0.5703516602516174,0.44418907165527344,-1.2435897588729858,0.999993085861206,0.5849550366401672,0.4329017996788025,-1.2226065397262573,0.9999785423278809,0.5943729877471924,0.4320406913757324,-1.2225342988967896,0.9999836087226868,0.602632462978363,0.4313408434391022,-1.2227500677108765,0.9999430179595947,0.5586267113685608,0.4330781400203705,-1.2181823253631592,0.9999780654907227,0.5513420701026917,0.4323177635669708,-1.2183640003204346,0.9999879598617554,0.5447419285774231,0.4315817058086395,-1.2183958292007446,0.9999752044677734,0.6196817755699158,0.432199090719223,-0.9802378416061401,0.999976634979248,0.5337728261947632,0.4336123466491699,-0.9600825905799866,0.9999917149543762,0.5883342027664185,0.45522263646125793,-1.1437480449676514,0.9999952912330627,0.5586785078048706,0.45361191034317017,-1.1384320259094238,0.9999958872795105,0.677800178527832,0.4707542061805725,-0.7598769664764404,0.9999510049819946,0.4740280508995056,0.466013103723526,-0.7448843121528625,0.999980628490448,0.7131633758544922,0.5422286987304688,-1.1791969537734985,0.992975115776062,0.4151189625263214,0.5346968173980713,-1.1428580284118652,0.99551922082901,0.6420272588729858,0.4798215925693512,-1.608094334602356,0.9846874475479126,0.5004559755325317,0.47571122646331787,-1.5308722257614136,0.9898574948310852,0.6252450346946716,0.46262651681900024,-1.6934421062469482,0.9411996603012085,0.5264718532562256,0.45932096242904663,-1.6150751113891602,0.9619729518890381,0.6211982369422913,0.4580453038215637,-1.6266765594482422,0.9178296327590942,0.5312305092811584,0.45503267645835876,-1.5407105684280396,0.9422058463096619,0.6224545240402222,0.4634374976158142,-1.5901870727539062,0.8050519824028015,0.5291773080825806,0.4605714678764343,-1.5077309608459473,0.8588363528251648,0.6273650527000427,0.5339908003807068,0.002184112323448062,0.9998733997344971,0.513188362121582,0.5335637331008911,-0.0023015919141471386,0.9999187588691711,0.7052804231643677,0.5477397441864014,-0.9212288856506348,0.9815031886100769,0.41646209359169006,0.5370249152183533,-0.8696013689041138,0.9880082607269287,0.6602494120597839,0.6275671124458313,-0.3576689660549164,0.969589352607727,0.4694749116897583,0.6242198348045349,-0.3360700309276581,0.9962567090988159,0.6400271654129028,0.6408513784408569,-0.31485775113105774,0.9360866546630859,0.4888531267642975,0.6382445096969604,-0.29813337326049805,0.965305507183075,0.700896680355072,0.653099536895752,-0.610477089881897,0.9757609367370605,0.43159011006355286,0.651559054851532,-0.6022827625274658,0.9928371906280518
138,squat,0,0.5671300888061523,0.4425826966762543,-1.2324379682540894,0.9999916553497314,0.5817021727561951,0.43111512064933777,-1.213172197341919,0.9999738335609436,0.5912988185882568,0.4303871691226959,-1.2130897045135498,0.9999802112579346,0.5997955799102783,0.42978981137275696,-1.213308572769165,0.9999297857284546,0.5558216571807861,0.4312804937362671,-1.2062753438949585,0.9999734163284302,0.5485782623291016,0.43058791756629944,-1.2064592838287354,0.9999857544898987,0.5417949557304382,0.42989617586135864,-1.206483006477356,0.9999695420265198,0.6185917258262634,0.43163934350013733,-0.9777549505233765,0.9999721646308899,0.5329596400260925,0.4329322278499603,-0.9467561841011047,0.9999905824661255,0.5854551792144775,0.45332542061805725,-1.135145902633667,0.9999947547912598,0.5556844472885132,0.45202308893203735,-1.1266241073608398,0.9999952912330627,0.6768133640289307,0.46906495094299316,-0.758588433265686,0.9999496936798096,0.47309112548828125,0.46612218022346497,-0.7336214184761047,0.9999805688858032,0.712035596370697,0.5408139228820801,-1.1776002645492554,0.993061363697052,0.41376611590385437,0.531808614730835,-1.1277365684509277,0.9956192970275879,0.6383128762245178,0.47739139199256897,-1.600262999534607,0.9849286079406738,0.5012429356575012,0.47414830327033997,-1.5157997608184814,0.9898099899291992,0.6190162897109985,0.46121492981910706,-1.6849688291549683,0.9413585066795349,0.525966227054596,0.4581223726272583,-1.5996923446655273,0.9604994058609009,0.6157771944999695,0.45638179779052734,-1.6172362565994263,0.9177250266075134,0.5306941866874695,0.4534243643283844,-1.525437593460083,0.939342737197876,0.618339478969574,0.46145522594451904,-1.581581950187683,0.8038838505744934,0.5288654565811157,0.45880410075187683,-1.4927978515625,0.8516176342964172,0.6273500323295593,0.5315684676170349,0.0012987831141799688,0.9998795986175537,0.5131474733352661,0.5315538048744202,-0.001442914130166173,0.9999237060546875,0.7055205702781677,0.547607958316803,-0.9223329424858093,0.9807902574539185,0.4159339666366577,0.535365104675293,-0.8681471943855286,0.9876553416252136,0.6598129868507385,0.6275742650032043,-0.37074270844459534,0.9683399796485901,0.4691472053527832,0.6236088871955872,-0.35104620456695557,0.9962083101272583,0.6397832632064819,0.640846312046051,-0.33033087849617004,0.9362251162528992,0.48883822560310364,0.6375845074653625,-0.3157360553741455,0.965957760810852,0.7008752226829529,0.6531485319137573,-0.6179996728897095,0.9751569628715515,0.431465744972229,0.6516544222831726,-0.60541170835495,0.9927564263343811
139,squat,0,0.5666009187698364,0.44087252020835876,-1.258910059928894,0.9999912977218628,0.5813192129135132,0.4294223189353943,-1.234462022781372,0.9999725818634033,0.5908063650131226,0.4286818206310272,-1.2343870401382446,0.999979555606842,0.5990230441093445,0.42798587679862976,-1.2346068620681763,0.9999255537986755,0.5547887682914734,0.42961791157722473,-1.2276619672775269,0.999971866607666,0.547450602054596,0.4289780855178833,-1.2278419733047485,0.9999852180480957,0.5407639741897583,0.42831486463546753,-1.2278574705123901,0.9999675154685974,0.6177204847335815,0.4288422763347626,-0.9816522002220154,0.9999716281890869,0.5308000445365906,0.4284854531288147,-0.950215220451355,0.9999905228614807,0.5850578546524048,0.450594961643219,-1.1562970876693726,0.9999947547912598,0.554463267326355,0.45000189542770386,-1.147933006286621,0.9999952912330627,0.6765058636665344,0.46720391511917114,-0.7638101577758789,0.9999514818191528,0.4731993079185486,0.46456196904182434,-0.7375178337097168,0.9999810457229614,0.7110911011695862,0.5394457578659058,-1.1948481798171997,0.993330717086792,0.4118485748767853,0.5302890539169312,-1.1539537906646729,0.995826780796051,0.6379078030586243,0.4761310815811157,-1.632703423500061,0.9857918620109558,0.5015705227851868,0.47265613079071045,-1.5626238584518433,0.9901430606842041,0.6186298727989197,0.46088308095932007,-1.7179055213928223,0.9444525837898254,0.5248229503631592,0.4567915201187134,-1.6495040655136108,0.9611122608184814,0.6158706545829773,0.45538362860679626,-1.6543636322021484,0.9219414591789246,0.5292314291000366,0.4520973861217499,-1.5766823291778564,0.9398353695869446,0.6183316707611084,0.4602767825126648,-1.6160391569137573,0.8122617602348328,0.5280293822288513,0.4573310315608978,-1.5405405759811401,0.8517228364944458,0.6273797154426575,0.5312223434448242,0.0005367592675611377,0.9998846650123596,0.5135776400566101,0.5311159491539001,-0.0006708435830660164,0.9999277591705322,0.7058899402618408,0.5472034215927124,-0.9514340162277222,0.980310320854187,0.4151746332645416,0.5337368845939636,-0.8981781601905823,0.9875931739807129,0.6597975492477417,0.6275339722633362,-0.39993804693222046,0.9673353433609009,0.46888285875320435,0.6227520108222961,-0.38596823811531067,0.9962093830108643,0.6396307945251465,0.6408060193061829,-0.361275851726532,0.9366704225540161,0.48878076672554016,0.636995255947113,-0.35166969895362854,0.9668722152709961,0.7004626989364624,0.6532465815544128,-0.6661775708198547,0.9745631217956543,0.4314816892147064,0.6516908407211304,-0.655189037322998,0.9927107691764832
140,squat,0,0.5671482682228088,0.4388771951198578,-1.2118792533874512,0.9999909400939941,0.5818731784820557,0.42753341794013977,-1.1833865642547607,0.9999713897705078,0.5912913680076599,0.4268897473812103,-1.1833398342132568,0.9999785423278809,0.599612295627594,0.4262974262237549,-1.1835622787475586,0.9999212622642517,0.5551255941390991,0.42839446663856506,-1.178173303604126,0.9999704360961914,0.5475928783416748,0.4283645451068878,-1.1783303022384644,0.9999845027923584,0.5409575700759888,0.4282238483428955,-1.1783394813537598,0.9999656081199646,0.616843044757843,0.42532259225845337,-0.9219070076942444,0.9999702572822571,0.5293697118759155,0.42675450444221497,-0.8996356129646301,0.9999902844429016,0.5853663086891174,0.44777342677116394,-1.1072189807891846,0.9999948143959045,0.554804265499115,0.4489232301712036,-1.1012507677078247,0.9999953508377075,0.6766241788864136,0.4657122790813446,-0.7148554921150208,0.9999528527259827,0.4724350869655609,0.462306410074234,-0.685883104801178,0.9999812245368958,0.7105503678321838,0.5386241674423218,-1.1431963443756104,0.9935021996498108,0.41037410497665405,0.5290176272392273,-1.1055861711502075,0.9958764314651489,0.6340299844741821,0.47577598690986633,-1.591547966003418,0.9864490628242493,0.5019087791442871,0.47158586978912354,-1.5345337390899658,0.9899423718452454,0.61545729637146,0.45891502499580383,-1.682420015335083,0.9468373656272888,0.5253200531005859,0.4555016756057739,-1.6240497827529907,0.959663450717926,0.6137889623641968,0.4536843001842499,-1.6178784370422363,0.9251968264579773,0.5297642946243286,0.4511767625808716,-1.5509318113327026,0.9371510148048401,0.6159324645996094,0.459189772605896,-1.5748506784439087,0.8182154297828674,0.5284391045570374,0.45679154992103577,-1.5129114389419556,0.8451222777366638,0.6272804141044617,0.5300598740577698,-0.00014123514120001346,0.999884843826294,0.5139335989952087,0.5299451947212219,5.2616873290389776e-05,0.9999290704727173,0.7060529589653015,0.5469514727592468,-0.9514558911323547,0.9790066480636597,0.4144919812679291,0.5323045253753662,-0.9144320487976074,0.987005352973938,0.6598002910614014,0.6274950504302979,-0.4160691499710083,0.9653721451759338,0.4686122238636017,0.6225103139877319,-0.40596452355384827,0.9960271716117859,0.6396304368972778,0.6405515670776367,-0.3791481554508209,0.9357070922851562,0.4885399341583252,0.636795699596405,-0.3718055188655853,0.9669689536094666,0.7001272439956665,0.6534849405288696,-0.6852192282676697,0.9733319282531738,0.43185460567474365,0.6518415212631226,-0.6764810085296631,0.9923536777496338
141,squat,0,0.570614755153656,0.4249400496482849,-1.2439072132110596,0.9999912977218628,0.5849757194519043,0.4153229594230652,-1.2152730226516724,0.9999722242355347,0.5938002467155457,0.41468527913093567,-1.2152239084243774,0.9999794363975525,0.6016709208488464,0.4140101671218872,-1.2154426574707031,0.9999228715896606,0.5556511878967285,0.41616955399513245,-1.2112902402877808,0.9999710321426392,0.5479486584663391,0.4162747859954834,-1.211450457572937,0.9999850392341614,0.5413948893547058,0.4163362681865692,-1.211451530456543,0.9999659061431885,0.6175175905227661,0.4134905934333801,-0.9458040595054626,0.9999712705612183,0.5279328227043152,0.41717129945755005,-0.9305700063705444,0.999990701675415,0.5892056226730347,0.4340555667877197,-1.1361099481582642,0.9999951124191284,0.555071234703064,0.43566566705703735,-1.131861686706543,0.9999956488609314,0.6758595705032349,0.45724788308143616,-0.7241241335868835,0.9999558329582214,0.4712963402271271,0.4529643952846527,-0.6991952061653137,0.999981701374054,0.7120341062545776,0.5317502021789551,-1.145423173904419,0.9937098622322083,0.40606290102005005,0.5225103497505188,-1.1140629053115845,0.9960504770278931,0.6320170760154724,0.4703544080257416,-1.6091241836547852,0.9873946309089661,0.501371443271637,0.4680524170398712,-1.5544488430023193,0.9902441501617432,0.6145858764648438,0.45728567242622375,-1.7034342288970947,0.9507169127464294,0.5247358679771423,0.454865038394928,-1.645767092704773,0.9607954025268555,0.6142352223396301,0.4510863423347473,-1.6422317028045654,0.9306877851486206,0.529931902885437,0.44978058338165283,-1.5747013092041016,0.9387322664260864,0.616102933883667,0.4552076756954193,-1.5941566228866577,0.830218493938446,0.5285625457763672,0.4533255398273468,-1.5339720249176025,0.8479605317115784,0.6264563202857971,0.525616466999054,-0.000666583189740777,0.9998870491981506,0.5129910111427307,0.5259894132614136,0.0006736954674124718,0.9999308586120605,0.7060650587081909,0.5415897965431213,-0.9569371342658997,0.9794520735740662,0.41474759578704834,0.5307432413101196,-0.9334024786949158,0.9873626828193665,0.6598551273345947,0.6270022988319397,-0.43559738993644714,0.9660463333129883,0.46835076808929443,0.6222508549690247,-0.4252997636795044,0.9960976243019104,0.6396872401237488,0.6398175954818726,-0.4010927677154541,0.9377583265304565,0.4882539212703705,0.6365926861763,-0.3914858400821686,0.9682744741439819,0.6998722553253174,0.6538262367248535,-0.7175520062446594,0.9734493494033813,0.4338546693325043,0.651880145072937,-0.7053617835044861,0.9923609495162964
142,squat,0,0.5707013010978699,0.41404467821121216,-1.143296718597412,0.999991238117218,0.5850193500518799,0.4048174023628235,-1.110344409942627,0.9999718070030212,0.5939837694168091,0.4044874906539917,-1.1103103160858154,0.9999794363975525,0.6017889976501465,0.4041283130645752,-1.110501766204834,0.9999212026596069,0.5560639500617981,0.40508145093917847,-1.1063213348388672,0.9999701976776123,0.5481843948364258,0.40494054555892944,-1.1064722537994385,0.999984860420227,0.5414952635765076,0.4047339856624603,-1.1064791679382324,0.9999649524688721,0.6169218420982361,0.40458136796951294,-0.852123498916626,0.999970555305481,0.5269591808319092,0.40594854950904846,-0.8368992805480957,0.999990701675415,0.5891842246055603,0.4225896894931793,-1.042434573173523,0.9999951124191284,0.5548427104949951,0.42216581106185913,-1.0384883880615234,0.9999957084655762,0.6737678647041321,0.44962140917778015,-0.656990647315979,0.9999549984931946,0.47142213582992554,0.4454954266548157,-0.6311789155006409,0.9999808669090271,0.7147248983383179,0.5254054665565491,-1.0822066068649292,0.993802011013031,0.4034321904182434,0.514735996723175,-1.0416462421417236,0.996106743812561,0.6310593485832214,0.4680056571960449,-1.5434322357177734,0.9880623817443848,0.4991159439086914,0.4645029604434967,-1.4840128421783447,0.9903916716575623,0.6134863495826721,0.4541800320148468,-1.6355403661727905,0.9535039067268372,0.5242156386375427,0.4506453573703766,-1.5728356838226318,0.9615415930747986,0.6133278608322144,0.4477757215499878,-1.5735117197036743,0.9346768260002136,0.5299637913703918,0.44620242714881897,-1.505470633506775,0.9397324323654175,0.6145817041397095,0.4523696303367615,-1.527947187423706,0.8385304808616638,0.5279437303543091,0.4497879147529602,-1.4645525217056274,0.8498595356941223,0.6260513663291931,0.5220780372619629,-0.0007958469795994461,0.9998841285705566,0.5129679441452026,0.5227776765823364,0.0008306374656967819,0.9999311566352844,0.7060083746910095,0.5371701121330261,-0.9469807147979736,0.9795655608177185,0.4151531755924225,0.5291939377784729,-0.9232563376426697,0.9875169396400452,0.6598913073539734,0.6263789534568787,-0.4444614052772522,0.9662153124809265,0.46824315190315247,0.6223109364509583,-0.4319489896297455,0.9961014986038208,0.6397675275802612,0.6389397978782654,-0.41297513246536255,0.9385130405426025,0.48793265223503113,0.6366335153579712,-0.40021926164627075,0.9689513444900513,0.6997788548469543,0.654161810874939,-0.722733199596405,0.972939670085907,0.43504124879837036,0.6520691514015198,-0.7083197832107544,0.9921633005142212
143,squat,0,0.5695523023605347,0.4042092263698578,-1.1241259574890137,0.9999911189079285,0.5848214626312256,0.39489394426345825,-1.0901468992233276,0.999971330165863,0.5938916206359863,0.3945748507976532,-1.0901201963424683,0.9999790787696838,0.601581335067749,0.394376665353775,-1.0903137922286987,0.9999186396598816,0.5542855858802795,0.3952428102493286,-1.0854465961456299,0.9999696016311646,0.5462248921394348,0.3951273262500763,-1.0856069326400757,0.999984622001648,0.5392888784408569,0.39497464895248413,-1.0856176614761353,0.9999643564224243,0.6161047220230103,0.3960602581501007,-0.8328554630279541,0.9999690055847168,0.525057852268219,0.3969014585018158,-0.8144977688789368,0.9999906420707703,0.5887159109115601,0.41376230120658875,-1.0242693424224854,0.9999951720237732,0.5539125204086304,0.4132464528083801,-1.0193790197372437,0.9999958276748657,0.6728556156158447,0.44389021396636963,-0.6332412958145142,0.9999524354934692,0.47075533866882324,0.44047313928604126,-0.6175111532211304,0.9999802708625793,0.7215434908866882,0.5189493894577026,-1.0424522161483765,0.9938020706176758,0.39990657567977905,0.5092660784721375,-1.0104550123214722,0.9962364435195923,0.6315893530845642,0.4680209755897522,-1.5011098384857178,0.9883298873901367,0.49452701210975647,0.46346554160118103,-1.437778115272522,0.9905877113342285,0.6136005520820618,0.45344892144203186,-1.5924062728881836,0.9547761082649231,0.5224844217300415,0.449146032333374,-1.5248061418533325,0.9622580409049988,0.6134231686592102,0.44670426845550537,-1.5285100936889648,0.9364711046218872,0.5298498868942261,0.4446999728679657,-1.4582222700119019,0.940672755241394,0.6146834492683411,0.4517785310745239,-1.4844708442687988,0.8415399789810181,0.5272283554077148,0.4483182430267334,-1.4176819324493408,0.8513206243515015,0.6258082389831543,0.5154857039451599,-0.00033563561737537384,0.9998778104782104,0.510575532913208,0.5168396830558777,0.00043207520502619445,0.9999296069145203,0.7043870091438293,0.5358089804649353,-0.9419102668762207,0.9791673421859741,0.41779136657714844,0.5280250310897827,-0.9215996265411377,0.9874363541603088,0.659806489944458,0.6261858344078064,-0.42390862107276917,0.965918242931366,0.46817517280578613,0.62233966588974,-0.41143742203712463,0.9960696697235107,0.6397360563278198,0.6387491822242737,-0.38968366384506226,0.9381104111671448,0.48792657256126404,0.6366674900054932,-0.37841805815696716,0.9690808057785034,0.6997708082199097,0.654392421245575,-0.6984851360321045,0.9720045328140259,0.4350593388080597,0.6521874070167542,-0.6879397034645081,0.9919292330741882
144,squat,0,0.5669776201248169,0.39554837346076965,-1.2178882360458374,0.9999918937683105,0.5825676918029785,0.3864586353302002,-1.168091058731079,0.9999736547470093,0.5920274257659912,0.386190801858902,-1.1680667400360107,0.9999808073043823,0.599071741104126,0.38591447472572327,-1.1682634353637695,0.999924898147583,0.5519287586212158,0.38685500621795654,-1.1612316370010376,0.9999721050262451,0.5443344712257385,0.3867577910423279,-1.1614655256271362,0.999985933303833,0.5375261306762695,0.38669732213020325,-1.1613795757293701,0.9999672770500183,0.6132201552391052,0.38777586817741394,-0.8586422801017761,0.9999713897705078,0.525031566619873,0.38850316405296326,-0.8471888303756714,0.9999914169311523,0.5863432288169861,0.40517503023147583,-1.1108720302581787,0.9999955892562866,0.5518962740898132,0.4049365222454071,-1.1048696041107178,0.9999961853027344,0.6715070605278015,0.4372599422931671,-0.6794670820236206,0.999954879283905,0.470140278339386,0.434103399515152,-0.6557042598724365,0.9999812245368958,0.7333346009254456,0.5106357336044312,-1.1029802560806274,0.9941097497940063,0.3933255970478058,0.5029653310775757,-1.06887948513031,0.9964508414268494,0.6437992453575134,0.46914732456207275,-1.5163164138793945,0.9887809157371521,0.48922598361968994,0.4633857309818268,-1.4786423444747925,0.9910365343093872,0.614072322845459,0.45538660883903503,-1.6462585926055908,0.9567950367927551,0.5193787813186646,0.44921523332595825,-1.5943162441253662,0.9642087817192078,0.6147994995117188,0.4467353820800781,-1.6097909212112427,0.9395546913146973,0.5275431275367737,0.4445329010486603,-1.5457295179367065,0.9437276721000671,0.6170774698257446,0.4514903128147125,-1.5058614015579224,0.8478958010673523,0.5240253210067749,0.4479230046272278,-1.471325159072876,0.8579824566841125,0.6258251667022705,0.5085141658782959,-0.00027687722467817366,0.9998792409896851,0.5099930167198181,0.5102463960647583,0.00037363916635513306,0.9999314546585083,0.7036519646644592,0.5354809761047363,-0.9670327305793762,0.9787925481796265,0.421972393989563,0.5280343294143677,-0.9371466636657715,0.9872826933860779,0.6599190831184387,0.626175582408905,-0.41953304409980774,0.9650091528892517,0.4681980609893799,0.6230988502502441,-0.4042101204395294,0.9960052371025085,0.6397784352302551,0.6387712359428406,-0.38371357321739197,0.9375075697898865,0.4876576066017151,0.6371429562568665,-0.37206128239631653,0.9690022468566895,0.6996167302131653,0.6544209122657776,-0.7030121088027954,0.96970534324646,0.43539461493492126,0.6521998047828674,-0.6866039037704468,0.9912128448486328
145,squat,0,0.5621694922447205,0.37708958983421326,-1.2029197216033936,0.9999926090240479,0.577683687210083,0.36740610003471375,-1.164553165435791,0.9999760389328003,0.5877416133880615,0.36685964465141296,-1.1644961833953857,0.999982476234436,0.5952566266059875,0.3663174510002136,-1.1646924018859863,0.9999315738677979,0.5475468039512634,0.36816880106925964,-1.1570931673049927,0.9999746680259705,0.5400200486183167,0.36827969551086426,-1.1573210954666138,0.9999872446060181,0.5329750776290894,0.3684127926826477,-1.1573034524917603,0.9999703168869019,0.6084545850753784,0.3682250380516052,-0.8954847455024719,0.9999737739562988,0.5224617719650269,0.3714046776294708,-0.8686399459838867,0.9999921917915344,0.5833263993263245,0.38573548197746277,-1.1021556854248047,0.9999960064888,0.5478748679161072,0.3869261145591736,-1.0938668251037598,0.999996542930603,0.6714063882827759,0.4235459566116333,-0.6758247017860413,0.9999563694000244,0.46902257204055786,0.4242350161075592,-0.6551278233528137,0.9999823570251465,0.752948522567749,0.4954848289489746,-1.0320035219192505,0.9941733479499817,0.38304850459098816,0.4890589118003845,-0.9885150790214539,0.9966293573379517,0.6596250534057617,0.47092869877815247,-1.5109566450119019,0.9877907037734985,0.4773481786251068,0.4634624123573303,-1.4482214450836182,0.9909624457359314,0.6275542974472046,0.46273696422576904,-1.6128510236740112,0.9551206231117249,0.5040662288665771,0.4560948610305786,-1.546552300453186,0.9646065831184387,0.6248180270195007,0.4530430734157562,-1.572501301765442,0.9378266930580139,0.5128111243247986,0.45028504729270935,-1.500981330871582,0.9446465969085693,0.6298078894615173,0.45432162284851074,-1.5021512508392334,0.844499945640564,0.50808185338974,0.45191308856010437,-1.4364808797836304,0.8606688976287842,0.626287043094635,0.4987024962902069,-0.00030682439683005214,0.9998746514320374,0.5100467801094055,0.5003223419189453,0.00038926658453419805,0.9999297857284546,0.6990518569946289,0.5361979603767395,-0.9035698175430298,0.9763891696929932,0.4272974729537964,0.5271933674812317,-0.879528820514679,0.9860274195671082,0.6599305868148804,0.6261683702468872,-0.4002653956413269,0.9618732333183289,0.4684812128543854,0.6234022378921509,-0.3768051266670227,0.9953253269195557,0.6397215127944946,0.6388031840324402,-0.3690124452114105,0.9285182952880859,0.48781484365463257,0.6378476619720459,-0.3462150990962982,0.9641043543815613,0.7004035115242004,0.6547207236289978,-0.6947552561759949,0.9644362926483154,0.4343357980251312,0.6523429751396179,-0.684511125087738,0.9890968203544617
146,squat,0,0.5584258437156677,0.36730995774269104,-1.1582635641098022,0.9999932646751404,0.5735155940055847,0.35813215374946594,-1.122823715209961,0.9999781847000122,0.5837860703468323,0.35774996876716614,-1.1227748394012451,0.9999839663505554,0.5916779041290283,0.35734012722969055,-1.1229662895202637,0.9999375343322754,0.544632077217102,0.35859036445617676,-1.1150562763214111,0.9999769926071167,0.5370412468910217,0.358585000038147,-1.1153109073638916,0.9999883770942688,0.5297384858131409,0.3586506247520447,-1.1153461933135986,0.9999729990959167,0.6048802733421326,0.35936278104782104,-0.8597308397293091,0.9999758005142212,0.5203086137771606,0.36123573780059814,-0.8286808133125305,0.9999929070472717,0.5794827342033386,0.3766654431819916,-1.0577205419540405,0.9999963641166687,0.5450884699821472,0.3776772916316986,-1.049115777015686,0.9999969005584717,0.6695103645324707,0.41408076882362366,-0.6331509947776794,0.9999573230743408,0.468793660402298,0.4148492217063904,-0.6080514192581177,0.9999834895133972,0.7552760243415833,0.4829482436180115,-0.9559072852134705,0.9943445920944214,0.37819743156433105,0.4793325960636139,-0.9065272212028503,0.9967552423477173,0.6752553582191467,0.47329479455947876,-1.4397445917129517,0.9866988658905029,0.4683571755886078,0.46352460980415344,-1.3846759796142578,0.9903480410575867,0.6419509053230286,0.4654185473918915,-1.5417250394821167,0.9539604783058167,0.49292564392089844,0.46230974793434143,-1.4857137203216553,0.9639463424682617,0.6478297710418701,0.4602794647216797,-1.5123398303985596,0.9367409348487854,0.5044019222259521,0.45689287781715393,-1.4507249593734741,0.9441884160041809,0.6501191258430481,0.46128639578819275,-1.4357755184173584,0.8427644968032837,0.5009803175926208,0.45654192566871643,-1.3771640062332153,0.8609808087348938,0.626345157623291,0.49471110105514526,-0.0004621836997102946,0.999872624874115,0.5094647407531738,0.4953710436820984,0.0005407184944488108,0.999930202960968,0.6974952816963196,0.53672194480896,-0.8549689650535583,0.9766493439674377,0.43155965209007263,0.5274308323860168,-0.861890435218811,0.9862065315246582,0.6601094007492065,0.6262722611427307,-0.34062090516090393,0.9623823761940002,0.46847590804100037,0.6246824264526367,-0.3474273979663849,0.9953296184539795,0.63996821641922,0.638752818107605,-0.30800092220306396,0.9256435632705688,0.48777058720588684,0.6388447880744934,-0.3151976764202118,0.9636629223823547,0.700084924697876,0.655328094959259,-0.6378219127655029,0.9634207487106323,0.4341411888599396,0.6526188254356384,-0.6564425230026245,0.9887042045593262
147,squat,0,0.5544354319572449,0.3566659688949585,-1.0657265186309814,0.9999938607215881,0.569972574710846,0.3477596938610077,-1.031409502029419,0.9999801516532898,0.5799862146377563,0.34732720255851746,-1.0313602685928345,0.9999853372573853,0.5883619785308838,0.3470349907875061,-1.0315320491790771,0.9999432563781738,0.5422847270965576,0.34848350286483765,-1.022691249847412,0.9999791383743286,0.5347647070884705,0.34850284457206726,-1.0229307413101196,0.9999894499778748,0.5273957848548889,0.3485262095928192,-1.0229604244232178,0.9999755620956421,0.6018015742301941,0.3493613600730896,-0.7791349291801453,0.9999777674674988,0.519496500492096,0.3509783148765564,-0.7429436445236206,0.9999935626983643,0.5754017233848572,0.3665790259838104,-0.9692667126655579,0.9999967217445374,0.5426331758499146,0.36685240268707275,-0.959264874458313,0.9999971985816956,0.6675161123275757,0.40485113859176636,-0.5634550452232361,0.9999580979347229,0.468437522649765,0.40640729665756226,-0.5368873476982117,0.9999844431877136,0.7560831308364868,0.4728260636329651,-0.8286277651786804,0.9945001006126404,0.3720034956932068,0.4706917405128479,-0.7981032133102417,0.9967993497848511,0.6780460476875305,0.47777479887008667,-1.277394413948059,0.9844801425933838,0.4654524326324463,0.4637339413166046,-1.2580044269561768,0.9887036085128784,0.644636869430542,0.4765133261680603,-1.381147027015686,0.9507444500923157,0.4895087778568268,0.47045648097991943,-1.3614031076431274,0.9612016677856445,0.6446120738983154,0.46790289878845215,-1.3632005453109741,0.933493435382843,0.5021770000457764,0.46300286054611206,-1.3385623693466187,0.9413922429084778,0.649962306022644,0.4676724076271057,-1.2774938344955444,0.8392485976219177,0.4993118345737457,0.4605650305747986,-1.2550106048583984,0.8584371209144592,0.6242932081222534,0.49180328845977783,-0.0016258343821391463,0.9998741149902344,0.5075200796127319,0.4922926127910614,0.0017104565631598234,0.9999312162399292,0.6949546933174133,0.5337353348731995,-0.8279468417167664,0.9760964512825012,0.43485015630722046,0.5276101231575012,-0.8312119245529175,0.986232340335846,0.6605504155158997,0.6262674331665039,-0.34980782866477966,0.962368369102478,0.4684680700302124,0.6246474981307983,-0.3478720784187317,0.9950432181358337,0.6403753757476807,0.6387559771537781,-0.3185237646102905,0.9229192733764648,0.4877863824367523,0.6388167142868042,-0.31635692715644836,0.9622384905815125,0.7008386850357056,0.6564910411834717,-0.6407834887504578,0.9620129466056824,0.4336671233177185,0.6534901857376099,-0.6439867615699768,0.9876008033752441
148,squat,0,0.5510960817337036,0.3462388813495636,-0.9407474994659424,0.9999943971633911,0.5669640898704529,0.3371456265449524,-0.905153751373291,0.9999818801879883,0.5768976211547852,0.3368168771266937,-0.9051243662834167,0.9999865293502808,0.585757851600647,0.33664554357528687,-0.9052659273147583,0.9999484419822693,0.5402849316596985,0.33759206533432007,-0.897743821144104,0.9999810457229614,0.5329194068908691,0.33745673298835754,-0.8979670405387878,0.9999903440475464,0.5257457494735718,0.33742231130599976,-0.8979968428611755,0.9999778270721436,0.598785400390625,0.3391186594963074,-0.6598497629165649,0.9999794363975525,0.519126296043396,0.3401593863964081,-0.6298340559005737,0.9999940395355225,0.5717978477478027,0.3565402328968048,-0.8481741547584534,0.9999970197677612,0.540128767490387,0.35590454936027527,-0.8398956060409546,0.9999974370002747,0.6649060845375061,0.3954541087150574,-0.4580230712890625,0.999958872795105,0.4684167504310608,0.3966040313243866,-0.4456842541694641,0.9999849796295166,0.7558953762054443,0.46203258633613586,-0.6604829430580139,0.9943265914916992,0.3695155084133148,0.4620625674724579,-0.6536782383918762,0.9967291951179504,0.702663779258728,0.47886553406715393,-1.0819920301437378,0.9788304567337036,0.45574456453323364,0.4669489562511444,-1.083766222000122,0.9868938326835632,0.6940469145774841,0.4881332814693451,-1.1808838844299316,0.9427167177200317,0.4779738485813141,0.4776989817619324,-1.1837862730026245,0.9588457345962524,0.6738188862800598,0.47766605019569397,-1.1867426633834839,0.9255562424659729,0.493569016456604,0.47106677293777466,-1.178073763847351,0.9396985173225403,0.674679160118103,0.4757031202316284,-1.0911258459091187,0.8318025469779968,0.4918767809867859,0.4672149419784546,-1.0870335102081299,0.8590261340141296,0.6240395307540894,0.4865271747112274,-0.001447583083063364,0.9998795986175537,0.507449746131897,0.4873296022415161,0.0015177699970081449,0.9999334812164307,0.6925961971282959,0.5336385369300842,-0.7574964761734009,0.9757508039474487,0.43826329708099365,0.5271451473236084,-0.7908877730369568,0.9859800934791565,0.6609051823616028,0.6262672543525696,-0.3348916471004486,0.962640106678009,0.468370258808136,0.6241827011108398,-0.3565512001514435,0.9947667121887207,0.6407911777496338,0.6385572552680969,-0.30787914991378784,0.9203123450279236,0.4877869784832001,0.6384592056274414,-0.3212743401527405,0.9606121182441711,0.7013896703720093,0.6570635437965393,-0.6192888021469116,0.9612235426902771,0.4338594973087311,0.6536956429481506,-0.6479744911193848,0.9869592189788818
149,squat,0,0.5499566197395325,0.33434122800827026,-0.981492817401886,0.9999949336051941,0.5656793117523193,0.32518380880355835,-0.9452731013298035,0.999983549118042,0.5754098296165466,0.32487159967422485,-0.9452471733093262,0.9999877214431763,0.584242045879364,0.32466477155685425,-0.9453966021537781,0.9999533891677856,0.5388528108596802,0.32555341720581055,-0.9381195902824402,0.9999828338623047,0.531410276889801,0.3255128860473633,-0.9383655190467834,0.999991238117218,0.5243304967880249,0.32557594776153564,-0.9384021162986755,0.9999799728393555,0.5965678095817566,0.32786765694618225,-0.6970376968383789,0.9999812245368958,0.5176200270652771,0.3289183974266052,-0.66959148645401,0.9999945759773254,0.570152997970581,0.3445894122123718,-0.8877449035644531,0.9999973177909851,0.5384817719459534,0.34392914175987244,-0.8800821900367737,0.9999976754188538,0.6620689630508423,0.385312557220459,-0.4965344965457916,0.999961256980896,0.4670466184616089,0.38796740770339966,-0.4747241735458374,0.9999857544898987,0.7554035186767578,0.45056989789009094,-0.6355392932891846,0.9945540428161621,0.36977002024650574,0.4519522190093994,-0.6381115913391113,0.9966699481010437,0.7044572234153748,0.4849441647529602,-0.9912125468254089,0.9764574766159058,0.4400419592857361,0.4695274829864502,-1.042431116104126,0.9851051568984985,0.6853545904159546,0.49571022391319275,-1.084213137626648,0.9384109377861023,0.45704853534698486,0.485630065202713,-1.140632152557373,0.9563129544258118,0.6737295389175415,0.48756423592567444,-1.0979857444763184,0.9216845035552979,0.4750598967075348,0.4778721332550049,-1.1444250345230103,0.9380329251289368,0.6782947182655334,0.48342612385749817,-1.0015116930007935,0.8307003974914551,0.4745970368385315,0.47297945618629456,-1.0494364500045776,0.8603847622871399,0.625160276889801,0.4779694676399231,-0.0016616787761449814,0.9998854994773865,0.5075309872627258,0.4795505702495575,0.0016933009028434753,0.9999367594718933,0.6912500858306885,0.5366664528846741,-0.70771723985672,0.9755207896232605,0.43903645873069763,0.5271034240722656,-0.7731419205665588,0.985866904258728,0.6609547734260559,0.6270705461502075,-0.26758354902267456,0.9631284475326538,0.46840304136276245,0.6236081719398499,-0.32861968874931335,0.9945569038391113,0.6408980488777161,0.6388970017433167,-0.24030627310276031,0.9176642894744873,0.4884319603443146,0.6382232308387756,-0.29952937364578247,0.9590539932250977,0.7013688683509827,0.6576853394508362,-0.5534847974777222,0.9606470465660095,0.43421992659568787,0.6536927223205566,-0.6174708008766174,0.9863882660865784
150,squat,0,0.5480854511260986,0.31214573979377747,-1.0348831415176392,0.9999954104423523,0.561850368976593,0.3027377426624298,-0.9973521828651428,0.9999850988388062,0.5713323354721069,0.3023153245449066,-0.9973375201225281,0.9999887943267822,0.580208957195282,0.30202963948249817,-0.9975087642669678,0.9999578595161438,0.535822331905365,0.3036806583404541,-0.9915823936462402,0.9999844431877136,0.5282889604568481,0.30396538972854614,-0.9917797446250916,0.9999920129776001,0.5211630463600159,0.304120808839798,-0.991793155670166,0.9999818801879883,0.5925688147544861,0.3052590489387512,-0.7342920899391174,0.9999828338623047,0.5140753388404846,0.3085732161998749,-0.7141543626785278,0.9999949932098389,0.5687663555145264,0.3217552602291107,-0.9342460632324219,0.9999975562095642,0.5367807745933533,0.3217093050479889,-0.9285262227058411,0.9999979138374329,0.65675288438797,0.36354193091392517,-0.5158647298812866,0.9999641180038452,0.464865505695343,0.36768442392349243,-0.4840618669986725,0.9999861121177673,0.7520784735679626,0.431510329246521,-0.507200300693512,0.9948898553848267,0.3716462254524231,0.43386510014533997,-0.5295040011405945,0.996495246887207,0.7180912494659424,0.48635464906692505,-0.728365421295166,0.9772489070892334,0.42121073603630066,0.469998300075531,-0.8344904184341431,0.9831417202949524,0.715124785900116,0.5026187896728516,-0.8059260845184326,0.9403300881385803,0.4274917244911194,0.4872642755508423,-0.9197351932525635,0.9529781341552734,0.6962952017784119,0.5010502934455872,-0.8483363389968872,0.925187885761261,0.45123690366744995,0.48114335536956787,-0.9504795670509338,0.9358471632003784,0.6940815448760986,0.4956609308719635,-0.7467713952064514,0.8413279056549072,0.4540124833583832,0.4754926562309265,-0.8499351739883423,0.862506628036499,0.624974250793457,0.464333176612854,-0.0028764272574335337,0.9998922348022461,0.507646381855011,0.4658184051513672,0.002814596751704812,0.9999390840530396,0.6900457143783569,0.5367926955223083,-0.623846173286438,0.9749698638916016,0.4429537057876587,0.524137020111084,-0.7052662372589111,0.9861369729042053,0.6609554290771484,0.6288009881973267,-0.19751493632793427,0.9640717506408691,0.46830442547798157,0.623955249786377,-0.2802679240703583,0.9943433403968811,0.6406312584877014,0.640146791934967,-0.1722680926322937,0.9156233668327332,0.488415390253067,0.6385002136230469,-0.2521972358226776,0.9566826224327087,0.7014533281326294,0.6586710214614868,-0.48939865827560425,0.96080482006073,0.43480387330055237,0.6537082195281982,-0.5682944655418396,0.9860183596611023
151,squat,0,0.5453701019287109,0.29883939027786255,-1.0417579412460327,0.9999958276748657,0.5588681101799011,0.28940048813819885,-1.0042604207992554,0.999986469745636,0.5682468414306641,0.2890704870223999,-1.0042617321014404,0.9999897480010986,0.577042281627655,0.2889735698699951,-1.0044562816619873,0.9999619126319885,0.5320327877998352,0.29067832231521606,-1.0002987384796143,0.9999858736991882,0.5246402025222778,0.2911916673183441,-1.0004760026931763,0.9999926686286926,0.517634391784668,0.29156944155693054,-1.0004663467407227,0.9999836087226868,0.5890442728996277,0.29206347465515137,-0.7414467930793762,0.9999842643737793,0.5102588534355164,0.2956361174583435,-0.727484405040741,0.9999953508377075,0.566539466381073,0.30885276198387146,-0.9407327175140381,0.9999977350234985,0.5336892008781433,0.30859044194221497,-0.936744749546051,0.9999980926513672,0.653813362121582,0.3511088192462921,-0.5215362906455994,0.9999669194221497,0.4626636505126953,0.355470210313797,-0.49160414934158325,0.9999858736991882,0.7463812828063965,0.41871005296707153,-0.4864026606082916,0.9952071905136108,0.3729345500469208,0.42281222343444824,-0.4786474406719208,0.9962729811668396,0.7278470993041992,0.48478540778160095,-0.6803516149520874,0.9782334566116333,0.4147898554801941,0.46991223096847534,-0.7072722911834717,0.9807627201080322,0.7301792502403259,0.5021824240684509,-0.7526006102561951,0.9426558613777161,0.4165138006210327,0.48518726229667664,-0.7800602316856384,0.9482956528663635,0.7137510180473328,0.5007703900337219,-0.8044794797897339,0.929075300693512,0.43970558047294617,0.4794541001319885,-0.8249509930610657,0.9324479103088379,0.7082508206367493,0.4950968325138092,-0.7026269435882568,0.8523295521736145,0.4434930682182312,0.4735521972179413,-0.7272717356681824,0.8638743758201599,0.6242601871490479,0.4551370143890381,-0.0036884150467813015,0.9998977184295654,0.5077090263366699,0.45725148916244507,0.0035656513646245003,0.9999386668205261,0.6867550611495972,0.5356058478355408,-0.5934408903121948,0.9755075573921204,0.44809067249298096,0.5227283239364624,-0.6124113202095032,0.9865911602973938,0.6617074608802795,0.6286953091621399,-0.21476873755455017,0.9659641981124878,0.4697728455066681,0.6245215535163879,-0.237362340092659,0.9941583275794983,0.6409983038902283,0.6402432322502136,-0.19393397867679596,0.9150087833404541,0.49036455154418945,0.6389061212539673,-0.21429471671581268,0.9540075063705444,0.7001791596412659,0.6585760116577148,-0.5104175806045532,0.962239146232605,0.4345470368862152,0.6544629335403442,-0.522067666053772,0.9857282638549805
152,squat,0,0.53753662109375,0.27651000022888184,-1.0050536394119263,0.9999961853027344,0.5504688620567322,0.2672688364982605,-0.971976637840271,0.9999877214431763,0.5603500008583069,0.26683732867240906,-0.9719985127449036,0.9999906420707703,0.5691946744918823,0.2665526568889618,-0.9722113609313965,0.9999656081199646,0.5255186557769775,0.26821649074554443,-0.965059757232666,0.9999871850013733,0.5179868340492249,0.2686004042625427,-0.9652171730995178,0.9999932646751404,0.5115089416503906,0.2689795196056366,-0.965224027633667,0.9999851584434509,0.582578718662262,0.2695360481739044,-0.7254906892776489,0.9999856352806091,0.5046136379241943,0.273141473531723,-0.6961249709129333,0.9999955892562866,0.5586474537849426,0.2861442565917969,-0.9098985195159912,0.9999979138374329,0.5277309417724609,0.2862139046192169,-0.9014655947685242,0.9999982118606567,0.6498948335647583,0.329294353723526,-0.5165881514549255,0.9999693632125854,0.4602491855621338,0.3312208950519562,-0.45135873556137085,0.9999853372573853,0.7348277568817139,0.40043944120407104,-0.4436705708503723,0.9954655766487122,0.374797523021698,0.39974239468574524,-0.37525373697280884,0.9958990216255188,0.7392860054969788,0.47057124972343445,-0.60148686170578,0.9791631102561951,0.4027619957923889,0.45654943585395813,-0.557811975479126,0.9793242812156677,0.7567428946495056,0.49179917573928833,-0.6610602140426636,0.945000171661377,0.3975559175014496,0.479841411113739,-0.6139838695526123,0.9454756379127502,0.737695574760437,0.4897408187389374,-0.7284805774688721,0.932883083820343,0.42014649510383606,0.4738548994064331,-0.6736276745796204,0.9313149452209473,0.7285212278366089,0.4855508506298065,-0.6282476782798767,0.8627674579620361,0.4287371337413788,0.47255009412765503,-0.5829887390136719,0.867664098739624,0.6220734119415283,0.4436471164226532,-0.009688028134405613,0.9999039173126221,0.5069015622138977,0.44579991698265076,0.009475797414779663,0.9999405145645142,0.6842003464698792,0.535704493522644,-0.39334365725517273,0.9773150682449341,0.45102009177207947,0.5285921692848206,-0.33143651485443115,0.9876675605773926,0.6617043614387512,0.6286125779151917,-0.015235031954944134,0.9689110517501831,0.470256507396698,0.6245514154434204,0.030103538185358047,0.9945099353790283,0.6399359703063965,0.6402324438095093,0.005084552336484194,0.9195955395698547,0.4911963939666748,0.638889491558075,0.05058908835053444,0.9554534554481506,0.6988097429275513,0.6584367156028748,-0.2769477069377899,0.9651134610176086,0.43444398045539856,0.6543991565704346,-0.21286702156066895,0.9865092039108276
153,squat,0,0.5323280096054077,0.2652090787887573,-0.987974226474762,0.999996542930603,0.5467560887336731,0.2552799582481384,-0.9567381143569946,0.999988853931427,0.5564417243003845,0.2548477053642273,-0.9567441940307617,0.9999914169311523,0.5652899742126465,0.25440844893455505,-0.9569112062454224,0.999968945980072,0.5212773680686951,0.25639215111732483,-0.9494286775588989,0.999988317489624,0.5134525299072266,0.25670716166496277,-0.9495718479156494,0.9999938011169434,0.5064520835876465,0.25710609555244446,-0.9495605230331421,0.9999865293502808,0.5790464282035828,0.25740230083465576,-0.7077242732048035,0.9999868869781494,0.4998461604118347,0.26107731461524963,-0.676065981388092,0.9999958276748657,0.553087055683136,0.27525657415390015,-0.8908832669258118,0.9999980926513672,0.5221362113952637,0.27507880330085754,-0.8818030953407288,0.9999983310699463,0.6462088823318481,0.31779763102531433,-0.4884963035583496,0.9999719858169556,0.4567040503025055,0.3192157745361328,-0.4291684627532959,0.9999854564666748,0.721602201461792,0.38780874013900757,-0.39365243911743164,0.9957013130187988,0.3822573125362396,0.3883424401283264,-0.328935831785202,0.9953294992446899,0.7395167946815491,0.45638376474380493,-0.5708200931549072,0.9803680181503296,0.3968164026737213,0.4464290142059326,-0.5249196290969849,0.9783846139907837,0.758066713809967,0.48208436369895935,-0.6317737698554993,0.9479501843452454,0.38705140352249146,0.4719420373439789,-0.5850586295127869,0.9440125226974487,0.7407094836235046,0.4887368977069855,-0.7042268514633179,0.937191903591156,0.40425026416778564,0.472018837928772,-0.6552255153656006,0.9315869212150574,0.7295844554901123,0.47645118832588196,-0.6006981134414673,0.8732963800430298,0.4143122732639313,0.46448391675949097,-0.5558149218559265,0.8727692365646362,0.6201081871986389,0.435342401266098,-0.009232345037162304,0.9999104738235474,0.5050041675567627,0.4369131624698639,0.009036131203174591,0.9999424815177917,0.6792311668395996,0.5332238078117371,-0.32936155796051025,0.9790835976600647,0.4554591178894043,0.5284921526908875,-0.3076152801513672,0.9887012839317322,0.6591814756393433,0.6274375319480896,0.06979911774396896,0.9716583490371704,0.4702078402042389,0.6235454082489014,0.0881238803267479,0.9948277473449707,0.6355931758880615,0.6397911310195923,0.09123458713293076,0.9234333038330078,0.4904145300388336,0.6381436586380005,0.11111089587211609,0.9558510780334473,0.6976867914199829,0.6583153605461121,-0.20657776296138763,0.9679049253463745,0.43540483713150024,0.6542869806289673,-0.16781851649284363,0.9873097538948059
154,squat,0,0.5279700756072998,0.25414779782295227,-0.9201247692108154,0.9999968409538269,0.5430061221122742,0.24476556479930878,-0.8952438831329346,0.9999897480010986,0.5527251362800598,0.24426856637001038,-0.8952157497406006,0.9999920129776001,0.5611059069633484,0.24383650720119476,-0.8953188061714172,0.9999718070030212,0.5174229145050049,0.24600103497505188,-0.8863220810890198,0.9999892115592957,0.5098083019256592,0.2464086413383484,-0.8864224553108215,0.9999940395355225,0.5024701356887817,0.24681046605110168,-0.8864150643348694,0.9999875426292419,0.5756264925003052,0.2458900362253189,-0.6612713932991028,0.9999878406524658,0.4977198839187622,0.25086072087287903,-0.6221418380737305,0.9999955892562866,0.5480305552482605,0.2648361027240753,-0.826591432094574,0.9999982118606567,0.5189827680587769,0.26514580845832825,-0.8154452443122864,0.9999983906745911,0.6439905762672424,0.3071092367172241,-0.44636908173561096,0.999974250793457,0.45556509494781494,0.30768540501594543,-0.38003572821617126,0.9999850988388062,0.7140569090843201,0.376489520072937,-0.3267192542552948,0.9958915114402771,0.39365798234939575,0.37545832991600037,-0.254099041223526,0.9940941333770752,0.7397880554199219,0.44389620423316956,-0.5061804056167603,0.9817020893096924,0.38888269662857056,0.43584203720092773,-0.44906994700431824,0.9778381586074829,0.7582833766937256,0.46735477447509766,-0.5657260417938232,0.9513337016105652,0.3788139820098877,0.45836421847343445,-0.5065008401870728,0.9439150094985962,0.7435103058815002,0.4715447723865509,-0.6435896754264832,0.9418109655380249,0.39310595393180847,0.4596589505672455,-0.5833284258842468,0.9331652522087097,0.7320026159286499,0.4616927206516266,-0.5382050275802612,0.88381427526474,0.4029645323753357,0.45149728655815125,-0.4829809367656708,0.8790841698646545,0.6197162866592407,0.42924317717552185,-0.01016381848603487,0.9999136924743652,0.5049040913581848,0.43056878447532654,0.009887665510177612,0.9999403357505798,0.6723200678825378,0.5301749110221863,-0.2117079347372055,0.980773389339447,0.45661890506744385,0.5284703969955444,-0.13852936029434204,0.9895913004875183,0.6579290628433228,0.625634491443634,0.2042481154203415,0.9741388559341431,0.4708053767681122,0.6234012842178345,0.25009751319885254,0.9950771927833557,0.6327655911445618,0.6368592977523804,0.22812390327453613,0.9258357286453247,0.49075397849082947,0.6372089982032776,0.27259546518325806,0.9552571177482605,0.6938042640686035,0.6581153273582458,-0.058332864195108414,0.9704731702804565,0.43641507625579834,0.6541608572006226,0.0035755999851971865,0.9880127906799316
155,squat,0,0.5238778591156006,0.24942831695079803,-0.8778193593025208,0.9999969601631165,0.5385923981666565,0.23917661607265472,-0.8598533868789673,0.9999901652336121,0.5490648150444031,0.23862749338150024,-0.8598207235336304,0.9999921917915344,0.558164119720459,0.23805345594882965,-0.8599086403846741,0.9999740719795227,0.5133562088012695,0.23995612561702728,-0.8481846451759338,0.9999895095825195,0.5062441229820251,0.24010072648525238,-0.848253607749939,0.9999937415122986,0.49919015169143677,0.240187406539917,-0.848256528377533,0.9999878406524658,0.5741680264472961,0.2395867258310318,-0.6404708623886108,0.9999882578849792,0.49584317207336426,0.24272750318050385,-0.5890152454376221,0.9999942779541016,0.5452076196670532,0.26028236746788025,-0.7869389057159424,0.999998152256012,0.515224814414978,0.2604157328605652,-0.7722845673561096,0.9999982714653015,0.6434433460235596,0.29896193742752075,-0.43048062920570374,0.9999762773513794,0.4561019539833069,0.2964424192905426,-0.334316611289978,0.9999843835830688,0.7100982666015625,0.3688458502292633,-0.3035076856613159,0.9960203170776367,0.40047839283943176,0.3663962185382843,-0.18796215951442719,0.991887629032135,0.7379035949707031,0.4350787103176117,-0.47071510553359985,0.9829248785972595,0.3888064920902252,0.42795535922050476,-0.37580621242523193,0.9770146608352661,0.7557340860366821,0.45780107378959656,-0.527839720249176,0.9544985294342041,0.37762874364852905,0.44918093085289,-0.4284634292125702,0.9434633255004883,0.7403421998023987,0.4590817093849182,-0.6057224869728088,0.9461052417755127,0.38919439911842346,0.450200617313385,-0.5076773166656494,0.9343600869178772,0.7287384867668152,0.452017605304718,-0.502011239528656,0.8934474587440491,0.3988782465457916,0.44303321838378906,-0.4105322062969208,0.8846852779388428,0.6192513704299927,0.4229165017604828,-0.018057793378829956,0.9999125003814697,0.5050199627876282,0.4233442544937134,0.01766793429851532,0.9999324083328247,0.6600006222724915,0.5248817801475525,-0.19100388884544373,0.9821112751960754,0.4593426287174225,0.5270518660545349,-0.10591930150985718,0.9902198314666748,0.6576805114746094,0.6229903697967529,0.1721922755241394,0.9762734174728394,0.47090333700180054,0.6231611967086792,0.2377280443906784,0.9951515197753906,0.6331357955932617,0.6338650584220886,0.19078926742076874,0.9253584742546082,0.49072879552841187,0.6367829442024231,0.25619977712631226,0.9530391097068787,0.6848344802856445,0.6578758955001831,-0.09575401246547699,0.9725852012634277,0.4369390308856964,0.6541257500648499,-0.006425455678254366,0.988416314125061
156,squat,0,0.5239992141723633,0.2443358153104782,-0.8520451188087463,0.9999970197677612,0.5385897755622864,0.23444737493991852,-0.8378601670265198,0.9999902248382568,0.5483120083808899,0.23405542969703674,-0.837846577167511,0.9999920725822449,0.5575522184371948,0.23345746099948883,-0.8379206657409668,0.999975860118866,0.5126864314079285,0.23536956310272217,-0.8225396275520325,0.99998939037323,0.505497395992279,0.23539508879184723,-0.8225836753845215,0.9999929666519165,0.4981328248977661,0.23541444540023804,-0.8225870132446289,0.9999875426292419,0.5740204453468323,0.23474153876304626,-0.6276184916496277,0.9999884366989136,0.49548280239105225,0.23745116591453552,-0.5591800808906555,0.999991774559021,0.5450823307037354,0.25387558341026306,-0.7633283734321594,0.9999980330467224,0.5140684247016907,0.25451233983039856,-0.7438799738883972,0.9999979734420776,0.6427828669548035,0.29110485315322876,-0.437643826007843,0.9999780654907227,0.4565994143486023,0.2877255082130432,-0.2767230272293091,0.9999827146530151,0.7084097266197205,0.3600849211215973,-0.3241317570209503,0.9962085485458374,0.40586796402931213,0.35770508646965027,-0.10732824355363846,0.9872328639030457,0.7385982275009155,0.4259837567806244,-0.49525830149650574,0.9842002987861633,0.38607925176620483,0.4206129312515259,-0.3047739565372467,0.9751349091529846,0.7572548985481262,0.4489295780658722,-0.5552407503128052,0.9578300714492798,0.37508624792099,0.44246527552604675,-0.354749858379364,0.9414533376693726,0.7421380281448364,0.44920387864112854,-0.6339143514633179,0.9504005312919617,0.38559162616729736,0.4429142475128174,-0.4389980435371399,0.9340189099311829,0.7300102710723877,0.44301438331604004,-0.5265041589736938,0.9026370644569397,0.39485159516334534,0.43613263964653015,-0.34209614992141724,0.8882628679275513,0.6193391680717468,0.4182334244251251,-0.03767593577504158,0.9999006390571594,0.5051248073577881,0.4187166094779968,0.03731951490044594,0.9999140501022339,0.6476277709007263,0.5218238234519958,-0.14794445037841797,0.9833816289901733,0.46069908142089844,0.526255190372467,-0.05471116676926613,0.9907697439193726,0.6568875312805176,0.619213879108429,0.21931058168411255,0.9781813621520996,0.4712216854095459,0.6231717467308044,0.27815067768096924,0.9952128529548645,0.6346255540847778,0.6292433738708496,0.23752619326114655,0.922816812992096,0.4914783537387848,0.6367918252944946,0.2950224280357361,0.9515765905380249,0.6721338629722595,0.6559099555015564,-0.052347008138895035,0.9744529128074646,0.43691378831863403,0.6537240147590637,0.03312816843390465,0.9887972474098206
157,squat,0,0.5243432521820068,0.2396629899740219,-0.8044365644454956,0.9999969601631165,0.539417564868927,0.2290346771478653,-0.789862334728241,0.9999900460243225,0.5485965013504028,0.2284020334482193,-0.7899049520492554,0.9999918341636658,0.5582395792007446,0.22789984941482544,-0.7899931073188782,0.9999773502349854,0.5130157470703125,0.23049362003803253,-0.773502767086029,0.999988853931427,0.5057511925697327,0.23056954145431519,-0.7735158205032349,0.9999917149543762,0.4987359642982483,0.23064139485359192,-0.7734907865524292,0.9999865889549255,0.5744206309318542,0.22875379025936127,-0.5804194211959839,0.9999887347221375,0.49581313133239746,0.23204803466796875,-0.5045420527458191,0.9999879002571106,0.5453731417655945,0.2484356015920639,-0.7160221934318542,0.9999978542327881,0.5140643119812012,0.24933381378650665,-0.6946917772293091,0.9999973773956299,0.6432046890258789,0.2846735417842865,-0.4211578667163849,0.9999797940254211,0.45691385865211487,0.28368520736694336,-0.197063609957695,0.9999790787696838,0.7076984643936157,0.35317450761795044,-0.3243570923805237,0.9964421987533569,0.41471853852272034,0.3516955077648163,-0.011039862409234047,0.9793034195899963,0.7409743666648865,0.41776034235954285,-0.5110429525375366,0.985405445098877,0.3837922513484955,0.41418910026550293,-0.22294224798679352,0.9706560969352722,0.7575259208679199,0.4407208561897278,-0.5751343369483948,0.960995614528656,0.371712327003479,0.4359424114227295,-0.2712623178958893,0.9354000091552734,0.7434408068656921,0.4406166672706604,-0.6555259823799133,0.954418420791626,0.3791867792606354,0.43650442361831665,-0.3632592260837555,0.9299705028533936,0.7321877479553223,0.43469974398612976,-0.543504536151886,0.9110748767852783,0.38816696405410767,0.429363489151001,-0.26476195454597473,0.8877300024032593,0.6194068789482117,0.414453387260437,-0.06572667509317398,0.9998810291290283,0.5064877271652222,0.41467025876045227,0.06555511802434921,0.9998834729194641,0.6299964189529419,0.518292248249054,-0.12751376628875732,0.9845232963562012,0.4637768268585205,0.5240013003349304,0.010814715176820755,0.9908318519592285,0.6569094657897949,0.6164060235023499,0.20524008572101593,0.9798415899276733,0.47172266244888306,0.6231746077537537,0.29669347405433655,0.9950171709060669,0.6484050750732422,0.6256338953971863,0.21962428092956543,0.9172229170799255,0.49168452620506287,0.636812686920166,0.30739641189575195,0.949069082736969,0.6510557532310486,0.653701663017273,-0.07588785141706467,0.9760136604309082,0.4363035559654236,0.6537017226219177,0.03780193626880646,0.9887776970863342
158,squat,0,0.5221133232116699,0.23400650918483734,-0.674198567867279,0.9999963641166687,0.5367764234542847,0.22266268730163574,-0.6632800698280334,0.999988317489624,0.5457995533943176,0.2218344360589981,-0.6633738279342651,0.9999904036521912,0.5552693605422974,0.22104604542255402,-0.6634756922721863,0.9999776482582092,0.5115153193473816,0.2245461493730545,-0.6406844258308411,0.9999865889549255,0.504894495010376,0.22479800879955292,-0.6406735181808472,0.9999886155128479,0.49817556142807007,0.2250514179468155,-0.6406605839729309,0.9999833106994629,0.5732256770133972,0.22175157070159912,-0.4808056354522705,0.9999882578849792,0.49681347608566284,0.22623935341835022,-0.37622660398483276,0.9999790787696838,0.5439004302024841,0.24195991456508636,-0.5969982147216797,0.9999973177909851,0.5131444334983826,0.2433023601770401,-0.5673925876617432,0.9999958276748657,0.6440560817718506,0.27522170543670654,-0.3831031620502472,0.9999814033508301,0.46021613478660583,0.27858853340148926,-0.056804101914167404,0.9999736547470093,0.7080672383308411,0.3451975882053375,-0.31198349595069885,0.9967004060745239,0.42751064896583557,0.34656137228012085,0.12863130867481232,0.9652094841003418,0.742188036441803,0.41087809205055237,-0.4774947762489319,0.9865826368331909,0.38341042399406433,0.4093640446662903,-0.07383235543966293,0.964350700378418,0.7577024102210999,0.4324627220630646,-0.5389795303344727,0.9641221761703491,0.3665289282798767,0.4309309422969818,-0.11523294448852539,0.92702716588974,0.7424120903015137,0.43268927931785583,-0.6181058883666992,0.9582715034484863,0.3709922134876251,0.4316214919090271,-0.2067939043045044,0.9235194325447083,0.7312690019607544,0.42757996916770935,-0.5086049437522888,0.9189693331718445,0.38083717226982117,0.42512547969818115,-0.1169205904006958,0.8845120072364807,0.6215559840202332,0.4097898602485657,-0.10282483696937561,0.9998483657836914,0.5122442841529846,0.4096754789352417,0.10280369222164154,0.9998345971107483,0.621921181678772,0.5193308591842651,-0.13022591173648834,0.9855127930641174,0.4685378670692444,0.5219870805740356,0.06672155112028122,0.9900214076042175,0.6568208336830139,0.6174119710922241,0.10022181272506714,0.9812292456626892,0.47214755415916443,0.6229427456855774,0.2637261748313904,0.9942478537559509,0.6681416034698486,0.6259437203407288,0.10711197555065155,0.908549427986145,0.4916645884513855,0.6367294788360596,0.2645595073699951,0.9450843930244446,0.6076479554176331,0.6530898213386536,-0.18331703543663025,0.9770901799201965,0.4354020357131958,0.6536086201667786,0.012700135819613934,0.987905740737915
159,squat,0,0.5196211338043213,0.23352846503257751,-0.6170043349266052,0.9999957084655762,0.5336610078811646,0.22221258282661438,-0.6091826558113098,0.999986469745636,0.5432929396629333,0.22103530168533325,-0.6092925667762756,0.999988853931427,0.5523623824119568,0.2197614461183548,-0.6094132661819458,0.999977707862854,0.5095725655555725,0.22453071177005768,-0.5832463502883911,0.9999842643737793,0.5034463405609131,0.22488290071487427,-0.5832476019859314,0.9999855756759644,0.4970158636569977,0.22508931159973145,-0.5832527279853821,0.9999802112579346,0.5726927518844604,0.2196444720029831,-0.4381657838821411,0.9999876022338867,0.49747151136398315,0.22519175708293915,-0.31924349069595337,0.9999710917472839,0.5428677201271057,0.24108381569385529,-0.5435321927070618,0.9999966621398926,0.5120226144790649,0.2428644448518753,-0.5097867846488953,0.9999940991401672,0.6447309255599976,0.27195826172828674,-0.3543769419193268,0.9999828338623047,0.46635591983795166,0.2759104073047638,0.0005156475817784667,0.9999702572822571,0.7094131112098694,0.341963529586792,-0.28898388147354126,0.9969143271446228,0.4360116422176361,0.34411224722862244,0.18453362584114075,0.9522298574447632,0.7434138059616089,0.4073936641216278,-0.4430294632911682,0.9875656962394714,0.3851727247238159,0.40645140409469604,-0.011697709560394287,0.959269106388092,0.7589277625083923,0.42974501848220825,-0.5012078881263733,0.966773509979248,0.3661443889141083,0.42856407165527344,-0.049452222883701324,0.9204932451248169,0.7439162135124207,0.42989569902420044,-0.578641951084137,0.9615902900695801,0.3697699010372162,0.42909929156303406,-0.13785578310489655,0.9186015129089355,0.7324958443641663,0.42453813552856445,-0.4729568362236023,0.9258723855018616,0.3799188733100891,0.4226110875606537,-0.05346241965889931,0.8824462890625,0.6235732436180115,0.4078165292739868,-0.11507698148488998,0.9998239278793335,0.5184405446052551,0.40747275948524475,0.11507272720336914,0.999793291091919,0.6162360906600952,0.5197160243988037,-0.16401712596416473,0.9860982894897461,0.47567737102508545,0.5202850699424744,0.07028401643037796,0.9882078766822815,0.6563560366630554,0.6176612973213196,0.05249079689383507,0.9821730256080627,0.4720333218574524,0.6223033666610718,0.2345217615365982,0.9927548170089722,0.6737616658210754,0.6307517290115356,0.08661378920078278,0.8993217349052429,0.4888150691986084,0.6367121338844299,0.23288121819496155,0.9387088418006897,0.5948693752288818,0.6521511077880859,-0.2273959070444107,0.977431058883667,0.4356357157230377,0.6528882384300232,-0.007761852350085974,0.9859172105789185
160,squat,0,0.5192309617996216,0.2340359091758728,-0.5266323685646057,0.9999949932098389,0.5325701832771301,0.22311197221279144,-0.5187810659408569,0.9999842047691345,0.5426408648490906,0.22140878438949585,-0.5189217925071716,0.999987006187439,0.551599383354187,0.21964120864868164,-0.5190325975418091,0.9999774098396301,0.5086013674736023,0.22575776278972626,-0.48934513330459595,0.9999815821647644,0.5025187134742737,0.22590258717536926,-0.48932427167892456,0.9999821186065674,0.49617353081703186,0.2261338233947754,-0.48933929204940796,0.9999768137931824,0.5720617771148682,0.2183559685945511,-0.36180153489112854,0.9999867081642151,0.49794313311576843,0.22536802291870117,-0.22659878432750702,0.9999620318412781,0.5432693958282471,0.24104194343090057,-0.4599144756793976,0.9999958872795105,0.5122948288917542,0.24412770569324493,-0.4213707745075226,0.9999921321868896,0.645122230052948,0.2689085602760315,-0.3190668821334839,0.9999841451644897,0.47648176550865173,0.27469515800476074,0.08674874901771545,0.9999649524688721,0.7103757262229919,0.340421587228775,-0.2858901917934418,0.9971092939376831,0.44274160265922546,0.3450462520122528,0.2557470202445984,0.9370349049568176,0.742413341999054,0.4058140218257904,-0.4388619065284729,0.9885107278823853,0.3864627182483673,0.4061075448989868,0.05886901915073395,0.9548980593681335,0.7575736045837402,0.4277503490447998,-0.5012773871421814,0.9693257212638855,0.36506298184394836,0.42698973417282104,0.021678056567907333,0.9151170253753662,0.7418930530548096,0.42786499857902527,-0.5729477405548096,0.9647168517112732,0.3677816689014435,0.42743706703186035,-0.06425773352384567,0.9145813584327698,0.7301492691040039,0.422648161649704,-0.4667457044124603,0.9322526454925537,0.3781164288520813,0.4212433695793152,0.017101246863603592,0.8810132741928101,0.6268675327301025,0.4086895287036896,-0.12876713275909424,0.9997912049293518,0.5257766246795654,0.4087163805961609,0.12880726158618927,0.9997405409812927,0.613675594329834,0.5202299952507019,-0.16617320477962494,0.9866082072257996,0.47806400060653687,0.5206573009490967,0.06689434498548508,0.986855685710907,0.6535120606422424,0.6180805563926697,0.03713742643594742,0.9829570055007935,0.4716777801513672,0.6213342547416687,0.24352000653743744,0.9913696050643921,0.6735901236534119,0.6339380741119385,0.06859380751848221,0.8888103365898132,0.48714742064476013,0.6353627443313599,0.24327239394187927,0.9334185719490051,0.5781913995742798,0.6521967649459839,-0.2393406331539154,0.9776204824447632,0.43563219904899597,0.651447594165802,0.013820355758070946,0.9840986132621765
161,squat,0,0.5188418626785278,0.23421436548233032,-0.4956982135772705,0.9999940395355225,0.531023383140564,0.22267048060894012,-0.49216628074645996,0.9999812841415405,0.5411604642868042,0.22085364162921906,-0.4923212230205536,0.9999846816062927,0.5498805046081543,0.21903444826602936,-0.49242544174194336,0.9999767541885376,0.5082362294197083,0.22563159465789795,-0.4565999209880829,0.9999778866767883,0.5023118257522583,0.22588621079921722,-0.45655950903892517,0.9999774098396301,0.49591413140296936,0.22626817226409912,-0.45659568905830383,0.9999721050262451,0.5711213946342468,0.21755552291870117,-0.3556188941001892,0.9999855160713196,0.4980015456676483,0.22481808066368103,-0.1945534348487854,0.9999491572380066,0.5436485409736633,0.24062366783618927,-0.43726611137390137,0.9999948740005493,0.5129798054695129,0.2439011037349701,-0.3911440074443817,0.9999892711639404,0.6453949809074402,0.2676895558834076,-0.3383919298648834,0.9999852776527405,0.49145907163619995,0.2730001211166382,0.12877945601940155,0.9999558925628662,0.7110047936439514,0.33981379866600037,-0.31771254539489746,0.9972690343856812,0.46016767621040344,0.34417107701301575,0.3047749698162079,0.9124405980110168,0.7403606176376343,0.4058118462562561,-0.44206076860427856,0.9893766641616821,0.38966530561447144,0.4038563072681427,0.12251166999340057,0.9477432370185852,0.75483238697052,0.4270838499069214,-0.5032699704170227,0.9716469645500183,0.36787405610084534,0.4254908561706543,0.0932919979095459,0.9064114093780518,0.738339900970459,0.42726901173591614,-0.5698999166488647,0.9675459265708923,0.36860454082489014,0.42612192034721375,0.004900930915027857,0.9074466228485107,0.7273962497711182,0.4219023585319519,-0.46709921956062317,0.9379725456237793,0.37915241718292236,0.4198360741138458,0.07909292727708817,0.8762906789779663,0.6307477355003357,0.4099906384944916,-0.1374647468328476,0.9997479319572449,0.5336480140686035,0.40836426615715027,0.1375180035829544,0.9996786713600159,0.6132009029388428,0.5206986665725708,-0.16419248282909393,0.9866344928741455,0.48307257890701294,0.5198842287063599,0.06514295935630798,0.9859207272529602,0.6495946645736694,0.6195180416107178,0.031422585248947144,0.9833115935325623,0.471472829580307,0.6208380460739136,0.24560950696468353,0.9901683330535889,0.671341598033905,0.6375276446342468,0.060547325760126114,0.8753712773323059,0.48553264141082764,0.63528972864151,0.2461225688457489,0.9286921620368958,0.5693562030792236,0.652259886264801,-0.2443007379770279,0.9773356914520264,0.4297850430011749,0.6506779193878174,0.024005413055419922,0.9825836420059204
162,squat,0,0.516026496887207,0.23396748304367065,-0.4534878432750702,0.9999922513961792,0.5259860157966614,0.22189277410507202,-0.4571171700954437,0.999977171421051,0.5349228382110596,0.2198767513036728,-0.45728781819343567,0.9999812245368958,0.5438569784164429,0.21798425912857056,-0.4573829174041748,0.9999752044677734,0.5070163011550903,0.22519336640834808,-0.41146066784858704,0.9999730587005615,0.5018913745880127,0.2257024049758911,-0.4114205837249756,0.9999715089797974,0.4961000978946686,0.22621524333953857,-0.4115001857280731,0.9999663829803467,0.5684261918067932,0.21649011969566345,-0.3648322522640228,0.9999836683273315,0.5037648677825928,0.22423745691776276,-0.1588566154241562,0.9999335408210754,0.5426701307296753,0.2395642101764679,-0.41330859065055847,0.9999931454658508,0.5134711265563965,0.24319377541542053,-0.35384488105773926,0.999984622001648,0.6455255746841431,0.26648029685020447,-0.3733885884284973,0.9999858736991882,0.514647901058197,0.2771042287349701,0.16632498800754547,0.9999390244483948,0.7117064595222473,0.3413752019405365,-0.36147576570510864,0.9973681569099426,0.4843914210796356,0.35175415873527527,0.3466368615627289,0.8739326000213623,0.7363443970680237,0.4097667336463928,-0.5008437633514404,0.9900327920913696,0.3967839181423187,0.4074067175388336,0.18095038831233978,0.9366725087165833,0.753803014755249,0.4302918314933777,-0.5635802745819092,0.9734498858451843,0.37303808331489563,0.4277762472629547,0.16348639130592346,0.8934284448623657,0.7317301034927368,0.4305879771709442,-0.6158643364906311,0.9697973132133484,0.37347400188446045,0.42804619669914246,0.07654283940792084,0.8961201906204224,0.7198514342308044,0.42493197321891785,-0.5197319388389587,0.9426479339599609,0.3828646242618561,0.4224281907081604,0.13801416754722595,0.8669936060905457,0.6369693875312805,0.412933349609375,-0.1581207811832428,0.9996832609176636,0.5456154942512512,0.41069772839546204,0.15813525021076202,0.9995932579040527,0.6136851906776428,0.5211846828460693,-0.16566333174705505,0.9860844016075134,0.4908927083015442,0.5201701521873474,0.11818838119506836,0.9840812683105469,0.6446327567100525,0.6225907206535339,0.03291904553771019,0.9831346869468689,0.4715122878551483,0.6207380890846252,0.2991276979446411,0.988289475440979,0.6691033244132996,0.6419163346290588,0.048801470547914505,0.865010678768158,0.4852741062641144,0.6353226900100708,0.30138570070266724,0.9236578345298767,0.5593506097793579,0.6523739695549011,-0.22308720648288727,0.9765723943710327,0.4256582260131836,0.6505351066589355,0.10194044560194016,0.9804690480232239
163,squat,0,0.5133240222930908,0.23324540257453918,-0.40109702944755554,0.9999901056289673,0.5227246284484863,0.2209913432598114,-0.4105265438556671,0.9999731183052063,0.5307909250259399,0.21920129656791687,-0.41069620847702026,0.9999780058860779,0.5392806529998779,0.21749699115753174,-0.41078490018844604,0.9999736547470093,0.505957305431366,0.224543958902359,-0.35910066962242126,0.9999681711196899,0.501275897026062,0.22512808442115784,-0.35906821489334106,0.9999656677246094,0.4962562024593353,0.22560852766036987,-0.3591713607311249,0.9999605417251587,0.5665302276611328,0.21641014516353607,-0.3456741273403168,0.9999821782112122,0.5086342096328735,0.2236384004354477,-0.11338697373867035,0.9999198913574219,0.5394572019577026,0.23881171643733978,-0.3707437217235565,0.9999913573265076,0.513516366481781,0.24163718521595,-0.3037347197532654,0.9999791383743286,0.6457143425941467,0.26393359899520874,-0.3870833218097687,0.9999865889549255,0.5284849405288696,0.2776884138584137,0.2126564234495163,0.9999196529388428,0.7115210294723511,0.3399871587753296,-0.41172417998313904,0.9974631667137146,0.49981504678726196,0.35503876209259033,0.3992066979408264,0.8313096165657043,0.7250679135322571,0.409554660320282,-0.5197208523750305,0.9906347990036011,0.40940406918525696,0.4069652259349823,0.24150574207305908,0.9225997924804688,0.7417150139808655,0.4307405352592468,-0.5835930109024048,0.9751017093658447,0.3737483322620392,0.4277883768081665,0.2297409027814865,0.8775907754898071,0.7172350883483887,0.4311613142490387,-0.6286993622779846,0.9718379378318787,0.37783101201057434,0.42794832587242126,0.14159908890724182,0.8820363879203796,0.707527220249176,0.42557206749916077,-0.5352080464363098,0.9468154311180115,0.38679659366607666,0.42263516783714294,0.1979401707649231,0.854583203792572,0.6416275501251221,0.4130648374557495,-0.17329077422618866,0.9996274709701538,0.5556390285491943,0.41088518500328064,0.1733224093914032,0.9995061755180359,0.6154548525810242,0.5214394330978394,-0.18247881531715393,0.985633134841919,0.49658727645874023,0.5200693011283875,0.13650216162204742,0.9816732406616211,0.643005907535553,0.6249163746833801,0.006309989374130964,0.9831200242042542,0.4714645445346832,0.6203526854515076,0.3043138086795807,0.9860907793045044,0.6677464246749878,0.6444329619407654,0.008279605768620968,0.8604535460472107,0.4847082495689392,0.6353481411933899,0.30600908398628235,0.9187873005867004,0.5566681623458862,0.6525368094444275,-0.23345865309238434,0.9762237071990967,0.4257853329181671,0.6504365801811218,0.11171887069940567,0.9782360792160034
164,squat,0,0.5100563764572144,0.23509250581264496,-0.3630625009536743,0.9999889731407166,0.5190026164054871,0.22295823693275452,-0.38106629252433777,0.9999717473983765,0.5264165997505188,0.22083736956119537,-0.38120195269584656,0.9999769330024719,0.5343311429023743,0.21877224743366241,-0.38126569986343384,0.999973714351654,0.5038047432899475,0.226863831281662,-0.32291364669799805,0.9999667406082153,0.5000855922698975,0.22744794189929962,-0.32291051745414734,0.9999638795852661,0.49594154953956604,0.2279042899608612,-0.3230540454387665,0.9999592304229736,0.5634843111038208,0.21748310327529907,-0.35241255164146423,0.9999819397926331,0.5111745595932007,0.2257973998785019,-0.09080367535352707,0.9999163746833801,0.5374176502227783,0.24023814499378204,-0.3457399606704712,0.9999902844429016,0.5136573910713196,0.24329762160778046,-0.2700165808200836,0.9999755620956421,0.6456829905509949,0.26348742842674255,-0.42453813552856445,0.9999874234199524,0.5430101156234741,0.28012537956237793,0.23545731604099274,0.9999026656150818,0.7081305980682373,0.33823227882385254,-0.4752844274044037,0.9976104497909546,0.5169130563735962,0.35707634687423706,0.4226256310939789,0.7862171530723572,0.7101002931594849,0.4085865914821625,-0.5384645462036133,0.9913462400436401,0.42576196789741516,0.4081784188747406,0.28438934683799744,0.90544593334198,0.7180975675582886,0.43049129843711853,-0.6037806272506714,0.976976752281189,0.3888419568538666,0.42829281091690063,0.28245845437049866,0.8583664298057556,0.6972423195838928,0.43048229813575745,-0.6509570479393005,0.9740373492240906,0.38573044538497925,0.4283404052257538,0.19741176068782806,0.8644229769706726,0.689591109752655,0.42511945962905884,-0.5589995980262756,0.9510454535484314,0.39524537324905396,0.4233531951904297,0.2429146021604538,0.8382566571235657,0.6464638710021973,0.4115607440471649,-0.190903902053833,0.9995760321617126,0.5672704577445984,0.4094941020011902,0.19083558022975922,0.9994422197341919,0.6174163222312927,0.5217031836509705,-0.19991374015808105,0.9855158925056458,0.5015560388565063,0.5194018483161926,0.14901110529899597,0.9781862497329712,0.6425230503082275,0.624984622001648,-0.05051536113023758,0.9833656549453735,0.471035897731781,0.6194360256195068,0.28748589754104614,0.9830079674720764,0.6669189929962158,0.6448221206665039,-0.05198568105697632,0.8612483739852905,0.4844752550125122,0.6348339915275574,0.28794625401496887,0.9131850600242615,0.5572789907455444,0.6525855660438538,-0.2849622666835785,0.9765926003456116,0.42372697591781616,0.6502580046653748,0.10667285323143005,0.975518524646759
165,squat,0,0.5052989721298218,0.23603981733322144,-0.30568644404411316,0.9999883770942688,0.5133976340293884,0.22398555278778076,-0.3300846815109253,0.9999715685844421,0.5200164318084717,0.22191761434078217,-0.3302019238471985,0.9999767541885376,0.5270366668701172,0.2198294997215271,-0.33024683594703674,0.9999744296073914,0.5011307597160339,0.22750550508499146,-0.2680153250694275,0.9999665021896362,0.49828609824180603,0.22799135744571686,-0.2680079936981201,0.999963641166687,0.4950568377971649,0.22836284339427948,-0.2681300640106201,0.9999594688415527,0.5588943958282471,0.2180575132369995,-0.3332417607307434,0.9999821782112122,0.5134291648864746,0.22591881453990936,-0.052984822541475296,0.9999160170555115,0.5323305130004883,0.24094636738300323,-0.2999608814716339,0.9999898076057434,0.5127673745155334,0.2439122349023819,-0.2189038097858429,0.9999730587005615,0.6449331641197205,0.2626141309738159,-0.42876094579696655,0.9999883770942688,0.5521495938301086,0.28195807337760925,0.2515691816806793,0.9998877644538879,0.7028986811637878,0.3397393524646759,-0.48675182461738586,0.9977396130561829,0.5388491749763489,0.35854610800743103,0.41915270686149597,0.7362450957298279,0.6916565299034119,0.40877118706703186,-0.5486868023872375,0.9919888377189636,0.45463845133781433,0.4074781835079193,0.27424928545951843,0.8817205429077148,0.6937736868858337,0.43123072385787964,-0.6134920120239258,0.9786736965179443,0.4160979986190796,0.42669087648391724,0.2692437767982483,0.833363950252533,0.6704655289649963,0.4311898648738861,-0.6521261930465698,0.976010262966156,0.40945738554000854,0.4260901212692261,0.18758578598499298,0.8407180309295654,0.6629329919815063,0.4254128932952881,-0.5643307566642761,0.9548163414001465,0.423846572637558,0.4211553931236267,0.23358815908432007,0.8155425190925598,0.654154896736145,0.4107806384563446,-0.1955520510673523,0.9995682239532471,0.5831676125526428,0.40957924723625183,0.19545815885066986,0.9994083046913147,0.619445264339447,0.5221279263496399,-0.2121879756450653,0.9858909845352173,0.5021549463272095,0.5183885097503662,0.1981412023305893,0.9743814468383789,0.6430765390396118,0.6256325840950012,-0.09744822978973389,0.9839722514152527,0.47149571776390076,0.6171435713768005,0.32411274313926697,0.9795393943786621,0.6676650047302246,0.6460405588150024,-0.1013857051730156,0.8651666641235352,0.48623353242874146,0.6333092451095581,0.3239160180091858,0.9069560170173645,0.5567994713783264,0.652620255947113,-0.33922505378723145,0.9774186015129089,0.41593819856643677,0.6480430960655212,0.16011132299900055,0.9729435443878174
166,squat,0,0.5018039345741272,0.23557214438915253,-0.29684922099113464,0.9999882578849792,0.5104783177375793,0.2230665385723114,-0.31963905692100525,0.9999722242355347,0.5157837867736816,0.2212902158498764,-0.3197777271270752,0.9999774098396301,0.5223945379257202,0.21931038796901703,-0.319812536239624,0.9999756813049316,0.49963247776031494,0.22616200149059296,-0.25743168592453003,0.9999672770500183,0.49742910265922546,0.22639308869838715,-0.25740888714790344,0.9999642372131348,0.49493539333343506,0.22652727365493774,-0.25753623247146606,0.9999602437019348,0.5538925528526306,0.21751931309700012,-0.31704723834991455,0.9999829530715942,0.5175291299819946,0.2234189361333847,-0.037369973957538605,0.999917209148407,0.5271174907684326,0.2406899482011795,-0.2892327904701233,0.9999896883964539,0.5116298198699951,0.24311257898807526,-0.2083672732114792,0.9999711513519287,0.6404520869255066,0.2614698112010956,-0.43100103735923767,0.99998939037323,0.5614891052246094,0.2798270285129547,0.2819332778453827,0.9998672604560852,0.6947320103645325,0.3373619318008423,-0.49284127354621887,0.9978945851325989,0.5680813193321228,0.358697772026062,0.45060309767723083,0.6842288374900818,0.6686205863952637,0.403652161359787,-0.5536829829216003,0.9926401972770691,0.4885496497154236,0.4073907434940338,0.283105731010437,0.8576176166534424,0.670385479927063,0.4263761639595032,-0.6247143745422363,0.9803922772407532,0.4586857557296753,0.42566192150115967,0.27332764863967896,0.8099815845489502,0.6443399786949158,0.4260883033275604,-0.6605103015899658,0.9779777526855469,0.45198366045951843,0.4247685670852661,0.19306840002536774,0.818246603012085,0.6398348212242126,0.42077338695526123,-0.5699882507324219,0.9585223197937012,0.4651772975921631,0.419473260641098,0.24251261353492737,0.7939132452011108,0.6578202843666077,0.4089447855949402,-0.21624214947223663,0.999582827091217,0.5985212922096252,0.4093579947948456,0.21614624559879303,0.9993976354598999,0.620478630065918,0.5219944715499878,-0.2676401138305664,0.9861843585968018,0.5019685626029968,0.5128069519996643,0.16445334255695343,0.9675451517105103,0.6430235505104065,0.6272943019866943,-0.18283428251743317,0.9846319556236267,0.4982178807258606,0.616550862789154,0.29287055134773254,0.9743930101394653,0.6672264337539673,0.6472848653793335,-0.18861308693885803,0.8729192018508911,0.5193743705749512,0.63341224193573,0.2934246063232422,0.9043357372283936,0.5566825866699219,0.6518613696098328,-0.41767364740371704,0.978283703327179,0.4164317548274994,0.6431386470794678,0.14118874073028564,0.9687780141830444
167,squat,0,0.500904381275177,0.2360074371099472,-0.24320456385612488,0.9999880790710449,0.509263277053833,0.2240435779094696,-0.2670760750770569,0.999972939491272,0.5139525532722473,0.22224488854408264,-0.26721519231796265,0.9999780654907227,0.5195859670639038,0.22038446366786957,-0.2672443091869354,0.9999768733978271,0.4988015592098236,0.22705496847629547,-0.20388108491897583,0.9999680519104004,0.4969924986362457,0.22724886238574982,-0.20384520292282104,0.9999648928642273,0.49492889642715454,0.2273123860359192,-0.20395749807357788,0.9999610185623169,0.5501595139503479,0.21789129078388214,-0.2747822701931,0.9999836683273315,0.519077479839325,0.2236519306898117,0.008380874060094357,0.9999182224273682,0.5251433253288269,0.24093882739543915,-0.2398071438074112,0.9999895691871643,0.5115292072296143,0.24339838325977325,-0.1578611582517624,0.9999691247940063,0.6391434669494629,0.26107484102249146,-0.4272606372833252,0.9999903440475464,0.5648921132087708,0.2804392874240875,0.32177725434303284,0.9998470544815063,0.6876232624053955,0.33695143461227417,-0.5003455281257629,0.9980506896972656,0.5777313709259033,0.3587658703327179,0.4723617434501648,0.6343841552734375,0.6473114490509033,0.4001881182193756,-0.5670852065086365,0.9932729005813599,0.5034270882606506,0.4080587327480316,0.3016680181026459,0.8293635249137878,0.6439009308815002,0.42418262362480164,-0.6433927416801453,0.9820524454116821,0.4748938977718353,0.4259376525878906,0.2936769127845764,0.7827988266944885,0.6190815567970276,0.4230230748653412,-0.6646453142166138,0.9798609614372253,0.4692508280277252,0.42523467540740967,0.2155001163482666,0.7915953993797302,0.6142721772193909,0.4172196090221405,-0.5723198056221008,0.9620325565338135,0.4823867678642273,0.41990116238594055,0.26172950863838196,0.7681741118431091,0.6591017842292786,0.4066530168056488,-0.22820773720741272,0.9996035099029541,0.6021363735198975,0.4085596799850464,0.2280949354171753,0.9993906617164612,0.6208333373069763,0.5203892588615417,-0.29276007413864136,0.986518383026123,0.5057383179664612,0.5079067349433899,0.16450738906860352,0.9566225409507751,0.6402967572212219,0.6295864582061768,-0.22062236070632935,0.9852309823036194,0.5246379971504211,0.6131170988082886,0.2749001383781433,0.9662172198295593,0.6607967019081116,0.6473483443260193,-0.22674661874771118,0.880573034286499,0.5489670038223267,0.632573664188385,0.2756468951702118,0.8988598585128784,0.5369343161582947,0.6515673398971558,-0.445547491312027,0.9790939092636108,0.4225490093231201,0.6393061280250549,0.13202999532222748,0.9625629782676697
168,squat,0,0.5013877153396606,0.23692500591278076,-0.23397432267665863,0.9999861717224121,0.5097494125366211,0.22520795464515686,-0.2617213726043701,0.9999702572822571,0.5145472884178162,0.22327888011932373,-0.2618558704853058,0.9999761581420898,0.5202085375785828,0.2213089019060135,-0.2618987262248993,0.9999760389328003,0.4989818036556244,0.22813211381435394,-0.19798506796360016,0.9999650120735168,0.49717971682548523,0.2283158302307129,-0.19793878495693207,0.9999613165855408,0.49505379796028137,0.2283596247434616,-0.19805531203746796,0.9999574422836304,0.5501605272293091,0.21846336126327515,-0.279094934463501,0.9999829530715942,0.520366907119751,0.22468923032283783,0.008212786167860031,0.9999100565910339,0.5255774259567261,0.24183274805545807,-0.23333674669265747,0.9999879598617554,0.5116351246833801,0.24446089565753937,-0.15002888441085815,0.999961256980896,0.6385536789894104,0.260516494512558,-0.42666545510292053,0.9999911785125732,0.5646607279777527,0.2797848582267761,0.31275105476379395,0.9998217225074768,0.6829437613487244,0.33628925681114197,-0.5031071901321411,0.9981606602668762,0.5812342166900635,0.3583909273147583,0.46291500329971313,0.5854607820510864,0.6328487396240234,0.3960052728652954,-0.5535426735877991,0.9937809705734253,0.5154743194580078,0.4076080322265625,0.2997395992279053,0.7968994379043579,0.6238251328468323,0.4196814000606537,-0.6245097517967224,0.9833919405937195,0.4874216318130493,0.4257766306400299,0.29158520698547363,0.7520638108253479,0.5944899320602417,0.41731396317481995,-0.6304173469543457,0.9813828468322754,0.48196282982826233,0.42516735196113586,0.2160666137933731,0.7613310813903809,0.5906229615211487,0.4116189777851105,-0.550274133682251,0.9648473858833313,0.4944113790988922,0.41962501406669617,0.26069891452789307,0.7389665842056274,0.6599172949790955,0.4055529534816742,-0.2233109325170517,0.9996119737625122,0.5983894467353821,0.40771710872650146,0.22317059338092804,0.9993759989738464,0.6219000220298767,0.51920086145401,-0.28260764479637146,0.9868700504302979,0.5070585608482361,0.5070194005966187,0.1338716745376587,0.9506675601005554,0.6401634216308594,0.6294221878051758,-0.18469075858592987,0.9857521057128906,0.5489204525947571,0.6110853552818298,0.26530319452285767,0.9601412415504456,0.6591599583625793,0.6468708515167236,-0.1886259764432907,0.8844197392463684,0.5767892599105835,0.6316378116607666,0.26723167300224304,0.8931427597999573,0.5417590141296387,0.6509642004966736,-0.4114352762699127,0.9796576499938965,0.44440749287605286,0.6376714110374451,0.12508593499660492,0.9574735164642334
169,squat,0,0.5010198950767517,0.23689933121204376,-0.2553725838661194,0.9999803900718689,0.5092668533325195,0.22540658712387085,-0.28634756803512573,0.9999626874923706,0.514251172542572,0.22349229454994202,-0.2864694595336914,0.9999706745147705,0.519661545753479,0.22159840166568756,-0.28654035925865173,0.9999723434448242,0.49905961751937866,0.22806724905967712,-0.2217877209186554,0.9999550580978394,0.49737420678138733,0.22815512120723724,-0.22174090147018433,0.9999494552612305,0.49516603350639343,0.22808365523815155,-0.22183968126773834,0.9999445080757141,0.5500969886779785,0.21882301568984985,-0.30869707465171814,0.9999808669090271,0.5227127075195312,0.22438280284404755,-0.01957479491829872,0.999884307384491,0.525054395198822,0.24195198714733124,-0.2561876177787781,0.9999843835830688,0.5117350220680237,0.2444126009941101,-0.17174692451953888,0.9999427199363708,0.6387203335762024,0.2603675425052643,-0.4443400800228119,0.9999918341636658,0.5678038597106934,0.27675139904022217,0.28521108627319336,0.9997646808624268,0.6810038089752197,0.3369005620479584,-0.5268544554710388,0.9982779026031494,0.5977402329444885,0.35347577929496765,0.43570923805236816,0.5381225943565369,0.6139336824417114,0.39467188715934753,-0.5479597449302673,0.9942419528961182,0.5356079936027527,0.40420252084732056,0.274174302816391,0.7555221915245056,0.5991722941398621,0.41688817739486694,-0.6158811450004578,0.9845797419548035,0.5090319514274597,0.4233384132385254,0.26590967178344727,0.7135328650474548,0.5725429654121399,0.4129605293273926,-0.6137778759002686,0.9827341437339783,0.5002878904342651,0.42222145199775696,0.19199025630950928,0.7230567336082458,0.5725464820861816,0.4076499938964844,-0.5400503873825073,0.9673432111740112,0.512677788734436,0.4157492518424988,0.23599432408809662,0.7019830942153931,0.6601362228393555,0.4048486649990082,-0.22572313249111176,0.9996094703674316,0.5991594195365906,0.4069157838821411,0.22561417520046234,0.9993127584457397,0.6210031509399414,0.5178928375244141,-0.2762610912322998,0.9870327711105347,0.5153579115867615,0.5073000192642212,0.1611606329679489,0.9385631680488586,0.6399539113044739,0.6295205354690552,-0.1732865422964096,0.986073911190033,0.5648950934410095,0.6117175221443176,0.2717830538749695,0.9514447450637817,0.6583054065704346,0.6468680500984192,-0.17618273198604584,0.8884271383285522,0.5973179936408997,0.6350606679916382,0.2725549042224884,0.8850169777870178,0.5371019840240479,0.6511157155036926,-0.3935334384441376,0.9799517393112183,0.4574616253376007,0.6384494304656982,0.13654853403568268,0.9505143761634827
170,squat,0,0.5003145933151245,0.2364078313112259,-0.24504928290843964,0.999972939491272,0.5085596442222595,0.22496561706066132,-0.27325502038002014,0.9999548196792603,0.5138802528381348,0.22309288382530212,-0.273358017206192,0.9999648332595825,0.5192437171936035,0.221278578042984,-0.273446261882782,0.9999681115150452,0.4989934265613556,0.22750361263751984,-0.21136486530303955,0.9999446868896484,0.49747300148010254,0.22755219042301178,-0.21131469309329987,0.9999363422393799,0.4952021837234497,0.22746038436889648,-0.2113853543996811,0.9999300241470337,0.5497444868087769,0.21862365305423737,-0.29057005047798157,0.9999786615371704,0.5232855677604675,0.22403153777122498,-0.011258129961788654,0.9998547434806824,0.5239600539207458,0.2414991855621338,-0.24224406480789185,0.9999799132347107,0.5114336609840393,0.24392732977867126,-0.16158027946949005,0.9999226331710815,0.6383451819419861,0.2598932683467865,-0.4379981756210327,0.999992311000824,0.5680183172225952,0.2745817005634308,0.28784307837486267,0.9996709227561951,0.6798344254493713,0.3366556763648987,-0.5069985389709473,0.9983834028244019,0.6034563183784485,0.34969520568847656,0.42562729120254517,0.49231553077697754,0.6047306060791016,0.39308688044548035,-0.488770455121994,0.9945765137672424,0.5523110628128052,0.40204137563705444,0.2702464163303375,0.7004801630973816,0.5856629610061646,0.4152805507183075,-0.5499085783958435,0.9854327440261841,0.5297285318374634,0.4211543798446655,0.262283056974411,0.6633298993110657,0.5650359392166138,0.41059619188308716,-0.5422653555870056,0.9837215542793274,0.5202180743217468,0.41948407888412476,0.19338783621788025,0.6724352836608887,0.566870391368866,0.4052443504333496,-0.4769812524318695,0.9692297577857971,0.5297822952270508,0.41302943229675293,0.23479671776294708,0.6531625390052795,0.6587818264961243,0.40271928906440735,-0.22649146616458893,0.999576985836029,0.6025214791297913,0.40581637620925903,0.22645780444145203,0.9991342425346375,0.6071532368659973,0.516926109790802,-0.26815804839134216,0.9868245124816895,0.5490946173667908,0.5084194540977478,0.2037937492132187,0.9132160544395447,0.6350820064544678,0.6294716000556946,-0.16504375636577606,0.9859105348587036,0.5925935506820679,0.6163123250007629,0.2702295482158661,0.9378356337547302,0.6536168456077576,0.6467030048370361,-0.16613024473190308,0.8940179347991943,0.6220862865447998,0.6402736306190491,0.2688617706298828,0.8736045956611633,0.5347110033035278,0.6530548930168152,-0.37880170345306396,0.9797336459159851,0.47947824001312256,0.639318585395813,0.12829579412937164,0.939087986946106
171,squat,0,0.49560219049453735,0.23651085793972015,-0.16992440819740295,0.9999604225158691,0.5032390356063843,0.22538721561431885,-0.206822007894516,0.9999406337738037,0.5078916549682617,0.22362062335014343,-0.20689761638641357,0.9999532699584961,0.5131871700286865,0.22185158729553223,-0.20697572827339172,0.999959409236908,0.4969664216041565,0.2274692803621292,-0.14082872867584229,0.9999287128448486,0.49639809131622314,0.22737589478492737,-0.14076745510101318,0.9999181032180786,0.49501192569732666,0.22712498903274536,-0.14086204767227173,0.9999122023582458,0.5441974401473999,0.21920505166053772,-0.27565503120422363,0.9999727606773376,0.5229334235191345,0.22393359243869781,0.018080193549394608,0.9998179078102112,0.516543984413147,0.2420285940170288,-0.18789057433605194,0.9999701380729675,0.5078733563423157,0.24419914186000824,-0.10253202170133591,0.9998875260353088,0.6324113011360168,0.26057544350624084,-0.4382002651691437,0.9999925494194031,0.5668323636054993,0.27390214800834656,0.2765241265296936,0.9995670914649963,0.6743749380111694,0.3361266255378723,-0.5092222094535828,0.9984281659126282,0.6100771427154541,0.345752090215683,0.3905031979084015,0.4471341371536255,0.5948516726493835,0.3928806185722351,-0.44914132356643677,0.994608998298645,0.5634397864341736,0.401640385389328,0.25483235716819763,0.6380199193954468,0.5779850482940674,0.41562873125076294,-0.5003010034561157,0.9855325222015381,0.5399463772773743,0.42034927010536194,0.2529331147670746,0.6053889393806458,0.5580108165740967,0.41191136837005615,-0.4863070845603943,0.9838923215866089,0.5324210524559021,0.4186675548553467,0.19158947467803955,0.6138170957565308,0.5615085959434509,0.405943900346756,-0.434476375579834,0.9696794748306274,0.5405077338218689,0.41247278451919556,0.22204215824604034,0.5965144634246826,0.6578851938247681,0.4004504978656769,-0.22264769673347473,0.9995428919792175,0.6036100387573242,0.40375813841819763,0.22251811623573303,0.9989718794822693,0.6060299277305603,0.5143249034881592,-0.2651825249195099,0.9862608909606934,0.5638754367828369,0.5088194608688354,0.187339648604393,0.8814879655838013,0.6357459425926208,0.6294470429420471,-0.19373534619808197,0.9854716658592224,0.6001158952713013,0.6179792881011963,0.2543461322784424,0.9202427864074707,0.6538528800010681,0.6464773416519165,-0.1974891871213913,0.8972288370132446,0.626936137676239,0.641150712966919,0.24776752293109894,0.856683611869812,0.533013641834259,0.6529876589775085,-0.38627952337265015,0.9794571399688721,0.49660566449165344,0.6399244666099548,0.11433888226747513,0.9264777302742004
172,squat,0,0.4918086528778076,0.2368430346250534,-0.18058384954929352,0.9999555349349976,0.4989524185657501,0.2256520688533783,-0.21941903233528137,0.9999375939369202,0.5027586221694946,0.22399769723415375,-0.21947996318340302,0.9999505281448364,0.5075055956840515,0.22225075960159302,-0.2195492684841156,0.9999578595161438,0.4937148988246918,0.2275010198354721,-0.15122979879379272,0.9999250173568726,0.4937734007835388,0.2273581475019455,-0.15116757154464722,0.9999130964279175,0.4933229088783264,0.22711047530174255,-0.15123604238033295,0.999907910823822,0.5381568670272827,0.21958249807357788,-0.29172810912132263,0.9999716877937317,0.5222214460372925,0.22399300336837769,0.008666103705763817,0.9998084306716919,0.5123063921928406,0.2424965500831604,-0.20012547075748444,0.999967634677887,0.5050688982009888,0.24468953907489777,-0.11203449219465256,0.9998791217803955,0.6256631016731262,0.26150402426719666,-0.4667948782444,0.999993085861206,0.5676014423370361,0.27376577258110046,0.28325021266937256,0.9995012879371643,0.6686093211174011,0.3364029824733734,-0.5276931524276733,0.9985110759735107,0.6123408079147339,0.3453138768672943,0.3856586515903473,0.40790820121765137,0.5896415710449219,0.3939371705055237,-0.4597923755645752,0.9948556423187256,0.5644909739494324,0.4010203778743744,0.24755027890205383,0.5835592150688171,0.5705179572105408,0.4167294502258301,-0.5167977213859558,0.9861696362495422,0.5395413041114807,0.42013850808143616,0.24799920618534088,0.5547641515731812,0.5520078539848328,0.41312381625175476,-0.503305971622467,0.9846324920654297,0.5312601327896118,0.41821926832199097,0.1850384622812271,0.56247878074646,0.5563727021217346,0.40684112906455994,-0.44509968161582947,0.9710749983787537,0.5400598645210266,0.41215625405311584,0.21452844142913818,0.5468658804893494,0.6559073328971863,0.40100938081741333,-0.23212099075317383,0.9995414614677429,0.6065592169761658,0.40423619747161865,0.23207950592041016,0.9988106489181519,0.5966672897338867,0.5131703019142151,-0.2665814161300659,0.9851428270339966,0.5887051224708557,0.5090733766555786,0.29146721959114075,0.831002950668335,0.6301196813583374,0.6301535964012146,-0.2414710521697998,0.9842971563339233,0.6136686205863953,0.6178213953971863,0.38891369104385376,0.8843520879745483,0.6521685719490051,0.6474645137786865,-0.24903357028961182,0.9017595052719116,0.6396218538284302,0.6409935355186462,0.38943976163864136,0.8316727876663208,0.5172939300537109,0.6522419452667236,-0.4305237829685211,0.9783823490142822,0.5058576464653015,0.6393868327140808,0.27674633264541626,0.9016822576522827
173,squat,0,0.4879707098007202,0.237060546875,-0.1510133147239685,0.9999512434005737,0.49535101652145386,0.22579939663410187,-0.19049501419067383,0.9999339580535889,0.4988093376159668,0.22424635291099548,-0.19053155183792114,0.9999469518661499,0.5027756690979004,0.22251005470752716,-0.19056905806064606,0.9999557137489319,0.4906800389289856,0.22745858132839203,-0.12223240733146667,0.9999217987060547,0.49128109216690063,0.22723178565502167,-0.12218653410673141,0.9999088644981384,0.49161332845687866,0.22693580389022827,-0.12225043028593063,0.9999045729637146,0.5319561958312988,0.21990934014320374,-0.27619391679763794,0.9999694228172302,0.5204525589942932,0.22409111261367798,0.026102423667907715,0.9997986555099487,0.5076650977134705,0.2427469938993454,-0.1753411591053009,0.9999641180038452,0.5016300082206726,0.2450147271156311,-0.0873907133936882,0.9998684525489807,0.6194842457771301,0.26224783062934875,-0.46478837728500366,0.9999935030937195,0.5658900737762451,0.27384015917778015,0.28802141547203064,0.9994456171989441,0.6624939441680908,0.336918443441391,-0.5229072570800781,0.9985682964324951,0.6086994409561157,0.3445850908756256,0.3822157680988312,0.37262648344039917,0.5838634371757507,0.3950456976890564,-0.44443371891975403,0.9950500130653381,0.5647559762001038,0.4001743495464325,0.25348225235939026,0.534616231918335,0.5676419734954834,0.4173142611980438,-0.49935242533683777,0.9866887927055359,0.5397544503211975,0.41966941952705383,0.2564378082752228,0.509309709072113,0.5498944520950317,0.4139785170555115,-0.4840574562549591,0.98524409532547,0.5336080193519592,0.4174746572971344,0.1964995265007019,0.5163583159446716,0.5539436340332031,0.407747358083725,-0.42885661125183105,0.9722525477409363,0.541634738445282,0.4114387333393097,0.2218988835811615,0.5021758675575256,0.6554834842681885,0.40077245235443115,-0.23283414542675018,0.999543309211731,0.6077573299407959,0.4037809371948242,0.2327241748571396,0.9987203478813171,0.5965560078620911,0.5118918418884277,-0.27303317189216614,0.9832949042320251,0.5879384875297546,0.5090013146400452,0.27859094738960266,0.7802035808563232,0.6282965540885925,0.6304006576538086,-0.2613060176372528,0.9825268983840942,0.6126524806022644,0.615211009979248,0.38898348808288574,0.8460843563079834,0.6522448658943176,0.6480720639228821,-0.26918908953666687,0.9047492146492004,0.6376663446426392,0.6384720206260681,0.39114487171173096,0.8044952750205994,0.5179468989372253,0.6519030332565308,-0.44778335094451904,0.977042019367218,0.509424090385437,0.6380655169487,0.28522688150405884,0.8761759996414185
174,squat,0,0.48316287994384766,0.23753052949905396,-0.162655770778656,0.9999471306800842,0.49027740955352783,0.2262580394744873,-0.20162244141101837,0.999930202960968,0.4942561984062195,0.22476333379745483,-0.2016391009092331,0.999943196773529,0.4979795217514038,0.22325710952281952,-0.20166830718517303,0.9999533295631409,0.48540687561035156,0.22763484716415405,-0.13459345698356628,0.9999184608459473,0.486217200756073,0.22727349400520325,-0.1345541626214981,0.9999046325683594,0.48712921142578125,0.2271183878183365,-0.13459977507591248,0.9999012351036072,0.5266766548156738,0.2202329784631729,-0.2826085090637207,0.9999671578407288,0.5169404745101929,0.22440381348133087,0.01343846321105957,0.9997900128364563,0.5034565329551697,0.24422797560691833,-0.18548274040222168,0.9999605417251587,0.49739861488342285,0.24623709917068481,-0.09917710721492767,0.9998577237129211,0.6147744655609131,0.26269856095314026,-0.4666936695575714,0.9999938607215881,0.5638117790222168,0.2743854522705078,0.27575063705444336,0.9993993043899536,0.658439576625824,0.3373873233795166,-0.5209075212478638,0.9986322522163391,0.6066783666610718,0.3444221317768097,0.3773355185985565,0.3407961130142212,0.580784261226654,0.395488977432251,-0.4370274245738983,0.9952441453933716,0.5659257769584656,0.3995407521724701,0.24647866189479828,0.4901331067085266,0.5648557543754578,0.41740086674690247,-0.49015888571739197,0.9871625900268555,0.5413844585418701,0.41979455947875977,0.24979224801063538,0.4678892195224762,0.5460906028747559,0.41398799419403076,-0.4710434079170227,0.9857958555221558,0.5344182252883911,0.41741928458213806,0.19032469391822815,0.4742797315120697,0.5501962900161743,0.4077626168727875,-0.4198037087917328,0.9733273983001709,0.5414309501647949,0.41089969873428345,0.21543321013450623,0.4614385664463043,0.655135989189148,0.4011436104774475,-0.23021815717220306,0.9995423555374146,0.6098706722259521,0.40402308106422424,0.23007352650165558,0.9986410737037659,0.5923380851745605,0.5118398666381836,-0.27292466163635254,0.9813795685768127,0.5860043168067932,0.5091125965118408,0.25392699241638184,0.7335671186447144,0.6266068816184998,0.6307951807975769,-0.23876747488975525,0.9805866479873657,0.6142023801803589,0.6146514415740967,0.35764849185943604,0.809985339641571,0.6522414684295654,0.6482200026512146,-0.2445719987154007,0.9072958827018738,0.6408425569534302,0.638257622718811,0.35907241702079773,0.7790315747261047,0.5169745087623596,0.651027500629425,-0.4226042926311493,0.9754771590232849,0.51172935962677,0.636711835861206,0.25187909603118896,0.8511709570884705
175,squat,0,0.47905629873275757,0.24173440039157867,-0.19908979535102844,0.9999383091926575,0.4834865629673004,0.23050864040851593,-0.23759885132312775,0.9999205470085144,0.4878075122833252,0.22924700379371643,-0.23761063814163208,0.9999340176582336,0.49180835485458374,0.2277965396642685,-0.23764100670814514,0.9999467730522156,0.4789053499698639,0.23143723607063293,-0.17072901129722595,0.9999085664749146,0.4795108139514923,0.2310827523469925,-0.17070646584033966,0.9998937249183655,0.4803820848464966,0.23071245849132538,-0.17076009511947632,0.9998919367790222,0.5198935866355896,0.2241264432668686,-0.32677266001701355,0.9999606609344482,0.5111434459686279,0.2270488440990448,0.006240165792405605,0.9997694492340088,0.49935904145240784,0.24849119782447815,-0.21782056987285614,0.9999521374702454,0.4929477274417877,0.2502426505088806,-0.1332947164773941,0.9998338222503662,0.6107252240180969,0.2637615203857422,-0.5115001201629639,0.9999940395355225,0.5625931620597839,0.27486351132392883,0.24649721384048462,0.9993744492530823,0.6479459404945374,0.3374888300895691,-0.5694756507873535,0.998676061630249,0.6035316586494446,0.34316757321357727,0.34892868995666504,0.3126167953014374,0.568276584148407,0.395167738199234,-0.44698384404182434,0.9953246116638184,0.5589665174484253,0.39791610836982727,0.23636551201343536,0.4510997533798218,0.5500128269195557,0.4166863262653351,-0.5037646293640137,0.9873132705688477,0.534797728061676,0.41886821389198303,0.23756761848926544,0.4316905736923218,0.5304287075996399,0.4127606153488159,-0.5079613924026489,0.9860021471977234,0.5272975564002991,0.4154503047466278,0.17622363567352295,0.43752849102020264,0.5361536741256714,0.40624964237213135,-0.4444803297519684,0.9737414717674255,0.5357732176780701,0.4084981679916382,0.20367325842380524,0.42579078674316406,0.6548097729682922,0.4014563262462616,-0.23250891268253326,0.9995233416557312,0.6129640340805054,0.4035685360431671,0.2323000282049179,0.9985499978065491,0.5862491726875305,0.5118920803070068,-0.26051533222198486,0.979011058807373,0.5797682404518127,0.5083857178688049,0.2372291535139084,0.6914109587669373,0.6253795027732849,0.6298550963401794,-0.2310572862625122,0.9785438776016235,0.6107152700424194,0.6123292446136475,0.3519127070903778,0.7758545279502869,0.6531292796134949,0.6473891735076904,-0.2278776913881302,0.9098865985870361,0.6386276483535767,0.6323313117027283,0.354725182056427,0.7544010877609253,0.5167813897132874,0.6499633193016052,-0.3592159152030945,0.9734894037246704,0.510523796081543,0.6343896985054016,0.25253620743751526,0.825547993183136
176,squat,0,0.47590765357017517,0.2441190630197525,-0.16949355602264404,0.9999330043792725,0.47894689440727234,0.23295347392559052,-0.2119193822145462,0.9999153017997742,0.4832763969898224,0.23174841701984406,-0.21191440522670746,0.9999285340309143,0.4873259663581848,0.23033568263053894,-0.21193836629390717,0.9999428391456604,0.474504292011261,0.2338031530380249,-0.13977296650409698,0.9999034404754639,0.475008487701416,0.23346193134784698,-0.139754980802536,0.9998883605003357,0.4758908748626709,0.23300054669380188,-0.1398075819015503,0.9998881816864014,0.5152943134307861,0.22638121247291565,-0.3158206045627594,0.9999560117721558,0.5068454742431641,0.22869150340557098,0.013110777363181114,0.9997586607933044,0.49631616473197937,0.2508782744407654,-0.19823753833770752,0.9999465942382812,0.4898194968700409,0.2525462508201599,-0.10576570779085159,0.999819278717041,0.6065381765365601,0.2648925483226776,-0.4974288046360016,0.9999942183494568,0.5617375373840332,0.275086373090744,0.26513105630874634,0.9993692636489868,0.6413589715957642,0.33783432841300964,-0.5614150762557983,0.9987006783485413,0.6005306243896484,0.343330055475235,0.3547029197216034,0.28857311606407166,0.5582445859909058,0.3948114514350891,-0.46070605516433716,0.9952676892280579,0.5521101355552673,0.39747828245162964,0.23204444348812103,0.41641879081726074,0.5367628335952759,0.4158923029899597,-0.5170654654502869,0.9871265888214111,0.5284004211425781,0.41812530159950256,0.23288656771183014,0.3994106650352478,0.5175532102584839,0.41166961193084717,-0.5024728775024414,0.9858347177505493,0.523402750492096,0.41477644443511963,0.17152464389801025,0.4048033058643341,0.5243741273880005,0.40483710169792175,-0.44802597165107727,0.9735108613967896,0.5314341187477112,0.40725722908973694,0.19946835935115814,0.39409926533699036,0.6546167731285095,0.40172886848449707,-0.2389097511768341,0.9994922876358032,0.6205536127090454,0.4031946063041687,0.23875056207180023,0.9984210133552551,0.5798870921134949,0.5122212767601013,-0.2573991119861603,0.9765691161155701,0.5760019421577454,0.5084420442581177,0.25247830152511597,0.6522203683853149,0.6199464797973633,0.6290556788444519,-0.229159876704216,0.9760193228721619,0.6107211112976074,0.612240731716156,0.35855090618133545,0.7459551692008972,0.6527718901634216,0.6470313668251038,-0.22298778593540192,0.9115548729896545,0.6401333212852478,0.6322686672210693,0.36040064692497253,0.7331751585006714,0.507324755191803,0.6480446457862854,-0.3468725383281708,0.9708978533744812,0.5104312300682068,0.6324383616447449,0.2558765411376953,0.801578938961029
177,squat,0,0.47312045097351074,0.24568139016628265,-0.15397413074970245,0.9999235272407532,0.47597402334213257,0.2345811426639557,-0.19527095556259155,0.9999050498008728,0.4803745150566101,0.23326529562473297,-0.1952904462814331,0.999918520450592,0.48444053530693054,0.2317555844783783,-0.19532305002212524,0.9999354481697083,0.4713626503944397,0.23561042547225952,-0.12359854578971863,0.9998924136161804,0.4717627465724945,0.23531071841716766,-0.12357860803604126,0.9998757243156433,0.4725531041622162,0.23484890162944794,-0.12364286929368973,0.9998778104782104,0.5119764804840088,0.2274879664182663,-0.29342296719551086,0.9999485015869141,0.5031735301017761,0.22999775409698486,0.02853323146700859,0.9997328519821167,0.4939078986644745,0.25239816308021545,-0.18142876029014587,0.9999387264251709,0.48723718523979187,0.2542431950569153,-0.08901385217905045,0.999796986579895,0.6033796668052673,0.26500844955444336,-0.4877530336380005,0.9999943971633911,0.5615931749343872,0.27523520588874817,0.2902511954307556,0.9993675947189331,0.636793315410614,0.33789926767349243,-0.5519426465034485,0.9987256526947021,0.599498450756073,0.3435700833797455,0.37574031949043274,0.2675572633743286,0.5484406352043152,0.39437323808670044,-0.4577876031398773,0.9952724575996399,0.5516090989112854,0.3973977565765381,0.2394588142633438,0.38625675439834595,0.5253286957740784,0.41483357548713684,-0.5139995217323303,0.9871323704719543,0.5188334584236145,0.41750460863113403,0.2414718121290207,0.37137800455093384,0.5062260031700134,0.41104069352149963,-0.4934084415435791,0.9858714938163757,0.5070070624351501,0.4142642021179199,0.18122075498104095,0.37638047337532043,0.5139584541320801,0.40413081645965576,-0.4408505856990814,0.9736276268959045,0.5202560424804688,0.40679287910461426,0.2071922868490219,0.36657315492630005,0.6548827290534973,0.4016898572444916,-0.24297238886356354,0.9994615316390991,0.6260090470314026,0.4030759930610657,0.24280276894569397,0.9982767105102539,0.5787888765335083,0.5124209523200989,-0.23256753385066986,0.9748449921607971,0.5743680596351624,0.5087917447090149,0.2796206772327423,0.6179540753364563,0.6165063381195068,0.6290410161018372,-0.15315236151218414,0.9739199280738831,0.6083043217658997,0.6121971011161804,0.3955233097076416,0.7213640809059143,0.6507086157798767,0.6468189358711243,-0.14982591569423676,0.9128372669219971,0.6366156935691833,0.6323299407958984,0.3986283540725708,0.7155916690826416,0.5030063986778259,0.6479430198669434,-0.2941037714481354,0.9687657952308655,0.5103868246078491,0.6319570541381836,0.29204225540161133,0.7826020121574402
178,squat,0,0.4700511395931244,0.2460363358259201,-0.10001062601804733,0.9999178051948547,0.47289183735847473,0.23496852815151215,-0.14358609914779663,0.99989914894104,0.47713157534599304,0.23360642790794373,-0.1436212807893753,0.9999122619628906,0.4810417890548706,0.23210667073726654,-0.1436583697795868,0.9999312162399292,0.4684879779815674,0.23611071705818176,-0.07019350677728653,0.9998852014541626,0.4690728187561035,0.2357717603445053,-0.07013987749814987,0.9998677372932434,0.4700818657875061,0.23525342345237732,-0.07020772993564606,0.9998719096183777,0.5088016986846924,0.22782336175441742,-0.2527783215045929,0.9999435544013977,0.500108540058136,0.23042941093444824,0.07316045463085175,0.9997172951698303,0.4913490116596222,0.2528727650642395,-0.13256876170635223,0.9999338984489441,0.4850969910621643,0.2547203302383423,-0.038075122982263565,0.9997822046279907,0.6001945734024048,0.26510000228881836,-0.46433019638061523,0.9999946355819702,0.5608434677124023,0.2755504846572876,0.3301064670085907,0.999362051486969,0.6330018639564514,0.3379726707935333,-0.5367704033851624,0.9987580180168152,0.5989946126937866,0.34386715292930603,0.4211457073688507,0.24853523075580597,0.5376409292221069,0.39294493198394775,-0.4307117462158203,0.9954167604446411,0.5361758470535278,0.39619961380958557,0.27739396691322327,0.3606288433074951,0.5135698318481445,0.413057804107666,-0.4872834086418152,0.9874825477600098,0.5010504722595215,0.4164718687534332,0.2788810431957245,0.3477519750595093,0.4956502914428711,0.4096757471561432,-0.46406999230384827,0.986268162727356,0.4897512197494507,0.41248390078544617,0.2179461419582367,0.3525235652923584,0.5040472149848938,0.4025152921676636,-0.4117218255996704,0.9743490219116211,0.5038481950759888,0.4051908254623413,0.2445167750120163,0.3434097170829773,0.6547865867614746,0.40141749382019043,-0.24328097701072693,0.9994139671325684,0.6261061429977417,0.4028870463371277,0.24314182996749878,0.9980916380882263,0.5791048407554626,0.512447714805603,-0.20990948379039764,0.9723379015922546,0.5750773549079895,0.5088444948196411,0.27134495973587036,0.5848666429519653,0.6113893389701843,0.6291913986206055,-0.11209673434495926,0.970156729221344,0.6070562601089478,0.6122976541519165,0.37557452917099,0.6943188905715942,0.6408664584159851,0.6468544602394104,-0.10971260070800781,0.9103609323501587,0.6323015093803406,0.6324847340583801,0.37738123536109924,0.6942853331565857,0.49629008769989014,0.6480602025985718,-0.2619999051094055,0.9648134112358093,0.5069599747657776,0.6326868534088135,0.263107568025589,0.7605500221252441
179,squat,0,0.46726343035697937,0.24610097706317902,-0.08065364509820938,0.9999159574508667,0.47053560614585876,0.2349490374326706,-0.12625232338905334,0.9998975396156311,0.47475969791412354,0.23355504870414734,-0.1263064295053482,0.9999099373817444,0.4785943031311035,0.23207417130470276,-0.12635178864002228,0.9999297261238098,0.46601784229278564,0.23611991107463837,-0.048808977007865906,0.9998824596405029,0.4667101204395294,0.23572048544883728,-0.048736438155174255,0.9998649954795837,0.46785837411880493,0.23515670001506805,-0.04881717637181282,0.9998709559440613,0.5062009692192078,0.2278287410736084,-0.2450091391801834,0.9999405145645142,0.4976014792919159,0.23041418194770813,0.09790132194757462,0.9997137188911438,0.4887673854827881,0.25296807289123535,-0.1178189292550087,0.9999330639839172,0.4826801121234894,0.25473520159721375,-0.018003281205892563,0.9997820258140564,0.5941862463951111,0.2651636600494385,-0.45980533957481384,0.9999949336051941,0.5605332255363464,0.2756824791431427,0.3523784875869751,0.9993858337402344,0.6187445521354675,0.3386540710926056,-0.526910662651062,0.9987513422966003,0.5976699590682983,0.34480729699134827,0.4430535137653351,0.2336057424545288,0.5025411248207092,0.39255228638648987,-0.4116711914539337,0.9955127835273743,0.5082604885101318,0.39558592438697815,0.27865660190582275,0.34201475977897644,0.4780935049057007,0.41196727752685547,-0.4738856256008148,0.9877693057060242,0.4762992560863495,0.4146798551082611,0.27598369121551514,0.33084729313850403,0.461235910654068,0.4080389440059662,-0.4554404616355896,0.9865951538085938,0.4677938222885132,0.4105377197265625,0.2108478993177414,0.33552777767181396,0.4698244631290436,0.4009808301925659,-0.39512425661087036,0.97491055727005,0.47838255763053894,0.40392398834228516,0.24336406588554382,0.32696378231048584,0.6545908451080322,0.4005906879901886,-0.24301333725452423,0.9993703365325928,0.6295912861824036,0.4027540385723114,0.2429399937391281,0.9979679584503174,0.5814984440803528,0.5134045481681824,-0.1835087686777115,0.96962571144104,0.5808778405189514,0.5107595920562744,0.31015846133232117,0.5533559322357178,0.6035735011100769,0.632807731628418,-0.074476458132267,0.9654165506362915,0.6040685176849365,0.6168949007987976,0.45257076621055603,0.6672222018241882,0.6274064779281616,0.6487652063369751,-0.07195719331502914,0.9059926271438599,0.6297132968902588,0.6363619565963745,0.45854073762893677,0.6705794930458069,0.4929835796356201,0.6487606763839722,-0.23680958151817322,0.9591819047927856,0.5051904320716858,0.6344383955001831,0.3347589671611786,0.7380528450012207
180,squat,0,0.46377211809158325,0.24615484476089478,-0.05416048690676689,0.9999101161956787,0.4665687084197998,0.23486654460430145,-0.09997668117284775,0.9998914003372192,0.47058865427970886,0.23346944153308868,-0.10004767775535583,0.9999029040336609,0.474384605884552,0.23201793432235718,-0.10008830577135086,0.9999246001243591,0.4629463851451874,0.23604470491409302,-0.02172011323273182,0.9998740553855896,0.4639958441257477,0.2356158047914505,-0.021651629358530045,0.9998562932014465,0.465543657541275,0.23503509163856506,-0.021734338253736496,0.9998653531074524,0.5026055574417114,0.22775578498840332,-0.22392642498016357,0.9999323487281799,0.4954957664012909,0.23037363588809967,0.1237812414765358,0.9996978640556335,0.48519641160964966,0.2529505491256714,-0.09349261969327927,0.9999284148216248,0.48015451431274414,0.2546689212322235,0.007622302509844303,0.9997715353965759,0.5921652317047119,0.2651936709880829,-0.43665608763694763,0.9999951124191284,0.5603138208389282,0.275784432888031,0.36803069710731506,0.9994057416915894,0.6121750473976135,0.33870264887809753,-0.5098693370819092,0.9987267255783081,0.5903021693229675,0.34800294041633606,0.4530979096889496,0.22090104222297668,0.4849628508090973,0.38862940669059753,-0.4148327112197876,0.9955607056617737,0.48921698331832886,0.39359503984451294,0.2739478051662445,0.32802653312683105,0.4578627347946167,0.40621283650398254,-0.48012393712997437,0.9879356622695923,0.4597310423851013,0.41164126992225647,0.268381804227829,0.3182368874549866,0.4431852102279663,0.4004672169685364,-0.46099311113357544,0.9867910742759705,0.45062369108200073,0.40652549266815186,0.20227961242198944,0.3228100836277008,0.45367416739463806,0.3940606117248535,-0.3986743986606598,0.9751963019371033,0.4622289538383484,0.4001215100288391,0.23805418610572815,0.31456345319747925,0.6539985537528992,0.4003850221633911,-0.24268341064453125,0.999332070350647,0.6313650608062744,0.402871698141098,0.24265572428703308,0.9978592395782471,0.5828122496604919,0.5134847164154053,-0.1841030865907669,0.9664322733879089,0.5860506296157837,0.511212170124054,0.31714317202568054,0.521541178226471,0.6035131812095642,0.6340110898017883,-0.07266423851251602,0.9607058167457581,0.6040011644363403,0.6187753677368164,0.4621943533420563,0.6433687806129456,0.6254892349243164,0.6494601368904114,-0.06974949687719345,0.9021585583686829,0.6275843381881714,0.6382766366004944,0.4682215452194214,0.651552677154541,0.49520593881607056,0.6491415500640869,-0.23081006109714508,0.954142153263092,0.5074801445007324,0.6352171897888184,0.34658876061439514,0.7195389270782471
181,squat,0,0.46238869428634644,0.2459871917963028,-0.028280509635806084,0.9999074339866638,0.46537360548973083,0.234706848859787,-0.07380242645740509,0.9998890161514282,0.4692824184894562,0.23330408334732056,-0.07388140261173248,0.9998994469642639,0.472828209400177,0.2318400889635086,-0.07391400635242462,0.9999221563339233,0.46194031834602356,0.23594988882541656,0.004762879107147455,0.9998705983161926,0.46316975355148315,0.2355862408876419,0.004844332113862038,0.9998526573181152,0.4648452401161194,0.23496446013450623,0.004757859744131565,0.9998639822006226,0.500698447227478,0.22767943143844604,-0.19800497591495514,0.999926745891571,0.49387606978416443,0.23030202090740204,0.15120495855808258,0.999692440032959,0.48384225368499756,0.25275951623916626,-0.06782960891723633,0.9999259114265442,0.4793637692928314,0.25450021028518677,0.03372865542769432,0.9997678995132446,0.5904978513717651,0.2647033929824829,-0.41455385088920593,0.9999952912330627,0.560188889503479,0.27588024735450745,0.3931176960468292,0.9994322061538696,0.603754460811615,0.3387766182422638,-0.4966908395290375,0.9986990690231323,0.582068145275116,0.3495928645133972,0.47543391585350037,0.21139292418956757,0.47439149022102356,0.38332581520080566,-0.420221209526062,0.9956237077713013,0.47449520230293274,0.3914509415626526,0.28374597430229187,0.31977319717407227,0.44461753964424133,0.39937320351600647,-0.48749345541000366,0.9881582260131836,0.44302740693092346,0.40872523188591003,0.2758362293243408,0.31075993180274963,0.4303641617298126,0.39335861802101135,-0.4687015116214752,0.9870448708534241,0.43536505103111267,0.40295881032943726,0.20892702043056488,0.3152608275413513,0.44210875034332275,0.38749489188194275,-0.4045456349849701,0.9755584001541138,0.4465392231941223,0.39726707339286804,0.24720413982868195,0.30714014172554016,0.6532697677612305,0.39929816126823425,-0.24356788396835327,0.9993135929107666,0.631158173084259,0.4026450216770172,0.24357600510120392,0.9978159666061401,0.5837044715881348,0.5135272741317749,-0.18680350482463837,0.9643905162811279,0.5870768427848816,0.5115031599998474,0.32548171281814575,0.4943174123764038,0.6031994819641113,0.6343228220939636,-0.08193766325712204,0.9575375318527222,0.6034029722213745,0.6185387969017029,0.4742330312728882,0.6239848732948303,0.6250607967376709,0.6496554017066956,-0.0797814279794693,0.9002578854560852,0.6262610554695129,0.6384277939796448,0.48074784874916077,0.6367510557174683,0.49570077657699585,0.6495421528816223,-0.2421499788761139,0.9506728649139404,0.507350504398346,0.6360150575637817,0.3600415587425232,0.705255389213562
182,squat,0,0.4605916142463684,0.24594052135944366,-0.044906552881002426,0.9998947978019714,0.46347495913505554,0.23449967801570892,-0.0914899930357933,0.9998757243156433,0.46715372800827026,0.2331686019897461,-0.09158717840909958,0.9998853206634521,0.4704769551753998,0.2318202406167984,-0.09162990748882294,0.9999116063117981,0.4606965184211731,0.2355094701051712,-0.011778420768678188,0.9998518824577332,0.46218615770339966,0.23498813807964325,-0.011705233715474606,0.9998321533203125,0.4640636444091797,0.23427996039390564,-0.01181230042129755,0.9998480081558228,0.49818670749664307,0.22756661474704742,-0.2143462598323822,0.9999108910560608,0.492142915725708,0.22984224557876587,0.13847383856773376,0.999656081199646,0.48188698291778564,0.25273826718330383,-0.08385749161243439,0.9999174475669861,0.47830259799957275,0.25436124205589294,0.01907816156744957,0.9997472763061523,0.5900166034698486,0.2642322778701782,-0.42452189326286316,0.9999954700469971,0.5596852898597717,0.2755180299282074,0.3896057903766632,0.9994544386863708,0.5947222709655762,0.3392735421657562,-0.5068359375,0.9986642599105835,0.573232889175415,0.34967637062072754,0.4754965007305145,0.2047603279352188,0.461155503988266,0.3777340054512024,-0.45073503255844116,0.9957202672958374,0.45842963457107544,0.3860229253768921,0.2768821716308594,0.31689533591270447,0.4279465973377228,0.3923988938331604,-0.527658998966217,0.9884668588638306,0.42405596375465393,0.40220940113067627,0.2690698206424713,0.30795690417289734,0.4153372049331665,0.386156290769577,-0.506769597530365,0.9873972535133362,0.41859742999076843,0.39619413018226624,0.20236064493656158,0.31245097517967224,0.42713966965675354,0.3808372914791107,-0.43477317690849304,0.9760594367980957,0.42889806628227234,0.39116013050079346,0.24017995595932007,0.3043661117553711,0.653242290019989,0.39939460158348083,-0.2476905882358551,0.9992964863777161,0.631832480430603,0.4026287794113159,0.24772249162197113,0.9977471232414246,0.5844749808311462,0.5139210820198059,-0.1735100895166397,0.9619652032852173,0.5860089063644409,0.5118421912193298,0.3615712523460388,0.467737078666687,0.6036076545715332,0.6355053186416626,-0.0561470128595829,0.9548864960670471,0.6027809381484985,0.6185691356658936,0.5380627512931824,0.6065146923065186,0.6250541806221008,0.6505226492881775,-0.05259707570075989,0.8999611139297485,0.6255282759666443,0.6388868093490601,0.5475618243217468,0.6254777312278748,0.4975215792655945,0.6503736972808838,-0.21575859189033508,0.9480652213096619,0.507111132144928,0.6367067694664001,0.4309457242488861,0.6947442889213562
183,squat,0,0.46129482984542847,0.2452169805765152,-0.035104986280202866,0.9998675584793091,0.4647834002971649,0.23360931873321533,-0.08074238151311874,0.9998509883880615,0.4681204855442047,0.23252370953559875,-0.08085853606462479,0.9998589158058167,0.4712824523448944,0.2313598096370697,-0.08091447502374649,0.9998926520347595,0.46204128861427307,0.23411791026592255,-0.0010005253134295344,0.999820351600647,0.4633873999118805,0.23343080282211304,-0.000938200973905623,0.9997941255569458,0.46506619453430176,0.23265340924263,-0.0010742442682385445,0.9998185038566589,0.49890968203544617,0.2272007316350937,-0.20161674916744232,0.9998834729194641,0.4928230941295624,0.22893385589122772,0.15188884735107422,0.9996016621589661,0.48215392231941223,0.2521721124649048,-0.0729026198387146,0.9998988509178162,0.4788343906402588,0.2534010410308838,0.030051451176404953,0.9997004866600037,0.5868613123893738,0.26428553462028503,-0.42292335629463196,0.9999955296516418,0.5595471262931824,0.2753472924232483,0.417604923248291,0.9994640946388245,0.576586127281189,0.3418419361114502,-0.5419577360153198,0.9986416101455688,0.5637882351875305,0.3504752814769745,0.5163393020629883,0.20225799083709717,0.43474215269088745,0.3665449321269989,-0.5512070059776306,0.9959309697151184,0.4401041865348816,0.3774087429046631,0.31996986269950867,0.32159721851348877,0.39314329624176025,0.3788805305957794,-0.6334862112998962,0.9890673756599426,0.3984338641166687,0.38825637102127075,0.31639814376831055,0.31136980652809143,0.38114234805107117,0.3734646737575531,-0.6034917235374451,0.9880533218383789,0.39017683267593384,0.38412851095199585,0.24979883432388306,0.3158637583255768,0.39441701769828796,0.36938488483428955,-0.533452033996582,0.977094292640686,0.4033593237400055,0.38072067499160767,0.2830139994621277,0.3076196312904358,0.6535399556159973,0.3994559943675995,-0.2537683844566345,0.9992257952690125,0.6334723234176636,0.4027276933193207,0.25382986664772034,0.9975038766860962,0.5839593410491943,0.5140145421028137,-0.18062810599803925,0.9599623084068298,0.5843650102615356,0.5119987726211548,0.3658515214920044,0.4425397515296936,0.6019959449768066,0.6353083252906799,-0.061181358993053436,0.9520832896232605,0.6026493310928345,0.618567168712616,0.5309737920761108,0.5846109390258789,0.623821496963501,0.6507411599159241,-0.05637604743242264,0.9011747241020203,0.6241726875305176,0.639122486114502,0.5397427678108215,0.6132933497428894,0.4939422905445099,0.6503457427024841,-0.21163727343082428,0.9450008273124695,0.5051701664924622,0.6369678378105164,0.427459716796875,0.6782279014587402
184,squat,0,0.4613361060619354,0.24422629177570343,-0.05115799978375435,0.9998154640197754,0.46537554264068604,0.23274101316928864,-0.09703786671161652,0.9998060464859009,0.4685046076774597,0.23186732828617096,-0.09716585278511047,0.9998106360435486,0.47182345390319824,0.2307799756526947,-0.09724679589271545,0.9998581409454346,0.4627871811389923,0.23292219638824463,-0.01769712008535862,0.9997645616531372,0.46407848596572876,0.23221774399280548,-0.017651069909334183,0.9997271299362183,0.4656897485256195,0.2314213514328003,-0.017793599516153336,0.9997671842575073,0.49975916743278503,0.2268594354391098,-0.2138923704624176,0.9998334646224976,0.49329420924186707,0.22823959589004517,0.1376321166753769,0.9994974136352539,0.48187991976737976,0.2513653337955475,-0.08738645911216736,0.9998611807823181,0.4787231385707855,0.2522168457508087,0.015201035887002945,0.9996120929718018,0.5842650532722473,0.2646403908729553,-0.4257572293281555,0.9999951124191284,0.5594871640205383,0.27485424280166626,0.4023963510990143,0.9994505047798157,0.5666029453277588,0.34424448013305664,-0.5393097400665283,0.9984971284866333,0.5573380589485168,0.35089462995529175,0.4978961646556854,0.19638952612876892,0.41776910424232483,0.3607390224933624,-0.5316860675811768,0.9958822727203369,0.42659878730773926,0.3705359995365143,0.30060335993766785,0.31726089119911194,0.3750096261501312,0.37088659405708313,-0.6126686334609985,0.989094078540802,0.38593605160713196,0.38020026683807373,0.2962881028652191,0.3071559965610504,0.3622192144393921,0.3653058707714081,-0.5731104612350464,0.9881057739257812,0.37619882822036743,0.3760349750518799,0.23003391921520233,0.3117358386516571,0.37715381383895874,0.3619517982006073,-0.504594624042511,0.9769708514213562,0.3906632661819458,0.3721930682659149,0.2641846537590027,0.30392372608184814,0.6540006995201111,0.4000333845615387,-0.25421687960624695,0.9991405010223389,0.6351951360702515,0.4027767777442932,0.2543140947818756,0.9972028732299805,0.5820514559745789,0.5140312314033508,-0.18003593385219574,0.9588980078697205,0.5837879776954651,0.5120040774345398,0.39763760566711426,0.4190680980682373,0.601625919342041,0.6352713704109192,-0.060751885175704956,0.9511781334877014,0.6020795106887817,0.6185064315795898,0.5868820548057556,0.568072497844696,0.6239491701126099,0.6509924530982971,-0.05555783957242966,0.9036997556686401,0.6230009198188782,0.6390366554260254,0.5983492136001587,0.6043142080307007,0.49379467964172363,0.6498458981513977,-0.21052749454975128,0.9440735578536987,0.5032695531845093,0.6368838548660278,0.4912390112876892,0.6682330965995789
185,squat,0,0.46188268065452576,0.24330130219459534,-0.06753866374492645,0.9997580051422119,0.46592074632644653,0.23213140666484833,-0.11166229099035263,0.9997595548629761,0.4690718650817871,0.2313031554222107,-0.11175854504108429,0.9997610449790955,0.4725685715675354,0.23016178607940674,-0.11181361973285675,0.9998226165771484,0.4633502662181854,0.23222394287586212,-0.03472880646586418,0.9997064471244812,0.4645857512950897,0.2315492331981659,-0.034679245203733444,0.9996559619903564,0.4661424160003662,0.23073270916938782,-0.034800589084625244,0.9997106194496155,0.5004568696022034,0.22647786140441895,-0.21628433465957642,0.999787449836731,0.4935406446456909,0.22774551808834076,0.12111619859933853,0.9993871450424194,0.4822028875350952,0.25012946128845215,-0.10116030275821686,0.9998210072517395,0.4788469672203064,0.2507581412792206,-0.0009074189001694322,0.9995206594467163,0.579606294631958,0.2647528350353241,-0.42638635635375977,0.9999940395355225,0.5588425397872925,0.2741093039512634,0.38862764835357666,0.9994239807128906,0.5574477910995483,0.3459402322769165,-0.5056272745132446,0.9982059001922607,0.5450565814971924,0.3509838879108429,0.4976644814014435,0.19158780574798584,0.4129798710346222,0.3549997806549072,-0.38807252049446106,0.9955187439918518,0.41720345616340637,0.3609347939491272,0.2990950047969818,0.3168492019176483,0.37237635254859924,0.3621118664741516,-0.4527774453163147,0.9885396957397461,0.37623846530914307,0.36803391575813293,0.29409369826316833,0.30786898732185364,0.36069273948669434,0.35583552718162537,-0.42751169204711914,0.9875563383102417,0.36768707633018494,0.36337000131607056,0.22729463875293732,0.31301745772361755,0.37525609135627747,0.35307449102401733,-0.3690825402736664,0.9758602976799011,0.3831306993961334,0.3605167865753174,0.26194271445274353,0.3053697943687439,0.6543262004852295,0.40104570984840393,-0.2548571825027466,0.9990134835243225,0.6374855041503906,0.4032021164894104,0.2550106346607208,0.9967854619026184,0.5799987316131592,0.5143060088157654,-0.18272581696510315,0.9588318467140198,0.5834051966667175,0.5121229290962219,0.4094010889530182,0.4020386040210724,0.6018348336219788,0.6352059841156006,-0.06198408827185631,0.9515843987464905,0.6017991900444031,0.6186621785163879,0.5973050594329834,0.5589983463287354,0.6249457001686096,0.6511462926864624,-0.056343574076890945,0.9072161316871643,0.6226997375488281,0.639031708240509,0.6088168025016785,0.600592315196991,0.49483269453048706,0.6493672728538513,-0.20581531524658203,0.944362223148346,0.503040075302124,0.6365959048271179,0.5082805156707764,0.6636641025543213
186,squat,0,0.4622260332107544,0.24249494075775146,-0.06842182576656342,0.9996874332427979,0.4663313627243042,0.2316802740097046,-0.11639013886451721,0.9997037649154663,0.4696384370326996,0.23079833388328552,-0.11655717343091965,0.9997018575668335,0.47323867678642273,0.2296198457479477,-0.11670833826065063,0.9997788667678833,0.4636853337287903,0.23182766139507294,-0.037681546062231064,0.9996361136436462,0.4648989140987396,0.23118959367275238,-0.03764428198337555,0.9995709657669067,0.46644946932792664,0.23038676381111145,-0.03779350966215134,0.9996415972709656,0.5010727047920227,0.22631648182868958,-0.22340790927410126,0.999738335609436,0.49363625049591064,0.22760455310344696,0.1188877671957016,0.999255895614624,0.48239806294441223,0.24899856746196747,-0.10266087204217911,0.9997697472572327,0.4786357283592224,0.24970395863056183,-0.004682144150137901,0.9993987679481506,0.5773463845252991,0.26488882303237915,-0.42874330282211304,0.9999918341636658,0.5570661425590515,0.2741807699203491,0.3794425129890442,0.9993751645088196,0.5507134795188904,0.3470912575721741,-0.49046844244003296,0.9977297782897949,0.5365373492240906,0.35109052062034607,0.48007526993751526,0.18928824365139008,0.4045412242412567,0.3483400344848633,-0.35209381580352783,0.9948571920394897,0.40406638383865356,0.35134050250053406,0.22359053790569305,0.3223196864128113,0.3663202226161957,0.3526976406574249,-0.40957361459732056,0.9874119162559509,0.36630016565322876,0.35648027062416077,0.21367710828781128,0.3142126202583313,0.3559260368347168,0.3461965024471283,-0.38394036889076233,0.9864047169685364,0.358334481716156,0.35198184847831726,0.15292935073375702,0.31981778144836426,0.37069833278656006,0.3442087471485138,-0.3328430652618408,0.9737892746925354,0.3744237720966339,0.34990063309669495,0.18722638487815857,0.31194931268692017,0.6554247736930847,0.40223538875579834,-0.2537299692630768,0.9988239407539368,0.6373133063316345,0.4038074314594269,0.25387197732925415,0.9962717294692993,0.5789906978607178,0.5145957469940186,-0.17529724538326263,0.9590494632720947,0.5819247364997864,0.5121352076530457,0.3955672085285187,0.39022111892700195,0.6024234890937805,0.635093629360199,-0.03865255042910576,0.9525348544120789,0.6014359593391418,0.6186197400093079,0.5684915781021118,0.5548675656318665,0.6251729726791382,0.6513045430183411,-0.0313900001347065,0.9107248783111572,0.6228472590446472,0.6387896537780762,0.5782947540283203,0.599841296672821,0.4949897527694702,0.6507136821746826,-0.1768210232257843,0.9450772404670715,0.5031827688217163,0.6366655230522156,0.4763001501560211,0.6625708937644958
187,squat,0,0.4624801278114319,0.24201613664627075,-0.0656941682100296,0.999711275100708,0.4666791558265686,0.23130567371845245,-0.11134713888168335,0.9997278451919556,0.47007256746292114,0.2303546667098999,-0.11144843697547913,0.999725341796875,0.4737144112586975,0.2291339635848999,-0.11158901453018188,0.9997960329055786,0.46392473578453064,0.2315908819437027,-0.03642873466014862,0.9996665120124817,0.46512335538864136,0.23097918927669525,-0.03641357645392418,0.9996066689491272,0.46666404604911804,0.23018890619277954,-0.03651931509375572,0.9996722936630249,0.5013490319252014,0.22630205750465393,-0.21313358843326569,0.999759316444397,0.493409126996994,0.22760769724845886,0.11718250066041946,0.9993202090263367,0.48250117897987366,0.2485284060239792,-0.09705568850040436,0.9997851252555847,0.4784301817417145,0.24938441812992096,-0.0016876753652468324,0.9994457364082336,0.5696454048156738,0.26623085141181946,-0.391810804605484,0.9999889135360718,0.5527136325836182,0.27457818388938904,0.3741050362586975,0.9994083046913147,0.5262711048126221,0.3491172194480896,-0.3523454964160919,0.9965924620628357,0.5240546464920044,0.35113605856895447,0.3391817808151245,0.19818329811096191,0.38648274540901184,0.3359260559082031,-0.032441142946481705,0.9913011789321899,0.3912903964519501,0.3427829444408417,0.010715127922594547,0.3368969261646271,0.3569754958152771,0.33887186646461487,-0.05554612725973129,0.9814415574073792,0.35876989364624023,0.3463694155216217,-0.01379416510462761,0.32765620946884155,0.35197484493255615,0.3304890990257263,-0.04264487698674202,0.980218768119812,0.35558897256851196,0.3410666882991791,-0.05804476886987686,0.33327552676200867,0.36388927698135376,0.32938846945762634,-0.014102527871727943,0.9653956890106201,0.36842694878578186,0.3387444019317627,-0.02103128284215927,0.3259635269641876,0.655900239944458,0.40379783511161804,-0.24471038579940796,0.9988270401954651,0.6385364532470703,0.4041633903980255,0.24495837092399597,0.9964425563812256,0.5794059634208679,0.5161497592926025,-0.175844207406044,0.9611210227012634,0.5816460847854614,0.5125774145126343,0.3933011293411255,0.3875230848789215,0.6037356853485107,0.6347876787185669,-0.052525803446769714,0.9543570280075073,0.6027383208274841,0.6186782717704773,0.5737494230270386,0.5572413802146912,0.6298014521598816,0.6512486934661865,-0.04726008325815201,0.913688063621521,0.6260963678359985,0.6387359499931335,0.585101306438446,0.5962696671485901,0.49731481075286865,0.6524080634117126,-0.19991755485534668,0.9467334747314453,0.5053257942199707,0.636989951133728,0.48924511671066284,0.6639132499694824
188,squat,0,0.46182236075401306,0.2420002967119217,-0.03500770032405853,0.9997375011444092,0.4664229154586792,0.23128387331962585,-0.08061453700065613,0.9997531771659851,0.469890296459198,0.23033829033374786,-0.08066748082637787,0.999750554561615,0.4734639525413513,0.2291274070739746,-0.08079692721366882,0.9998146295547485,0.463649183511734,0.2315848022699356,-0.00753365084528923,0.9996981024742126,0.46496912837028503,0.23096980154514313,-0.007542142178863287,0.999643862247467,0.4665900468826294,0.23017895221710205,-0.007628005929291248,0.999703586101532,0.5007897615432739,0.22657398879528046,-0.1844392716884613,0.9997817277908325,0.49312859773635864,0.22773417830467224,0.1378263682126999,0.9993852972984314,0.48156076669692993,0.24854351580142975,-0.06745389103889465,0.9998032450675964,0.4774087965488434,0.249414324760437,0.02589392475783825,0.9994964003562927,0.5626313090324402,0.2680816054344177,-0.35920459032058716,0.9999850988388062,0.552551805973053,0.27461346983909607,0.3722217082977295,0.9994484186172485,0.5147191286087036,0.34959834814071655,-0.28123459219932556,0.9952965974807739,0.5143637657165527,0.35086679458618164,0.27350735664367676,0.21062716841697693,0.3907080888748169,0.3308827579021454,0.12409500032663345,0.9857579469680786,0.3922409117221832,0.337537556886673,-0.11754798889160156,0.3529961109161377,0.36586007475852966,0.3322523534297943,0.11854437738656998,0.9721937775611877,0.36232301592826843,0.33808282017707825,-0.14921768009662628,0.3419296443462372,0.3603825867176056,0.3240250051021576,0.12717556953430176,0.9706621766090393,0.3604912757873535,0.33200162649154663,-0.18131817877292633,0.3470333516597748,0.3702574670314789,0.3236351013183594,0.1438850313425064,0.9534944295883179,0.37198883295059204,0.3310701251029968,-0.1456054002046585,0.34016793966293335,0.6563926935195923,0.40493741631507874,-0.23292866349220276,0.9988522529602051,0.6429839730262756,0.4044598340988159,0.23317232728004456,0.996679425239563,0.579471230506897,0.5167297720909119,-0.17863157391548157,0.9633176326751709,0.5824399590492249,0.5129610896110535,0.3858499526977539,0.39015671610832214,0.6047946214675903,0.634621798992157,-0.09185902774333954,0.9562505483627319,0.6027835011482239,0.6188982725143433,0.5444379448890686,0.5635385513305664,0.6328439712524414,0.6513808369636536,-0.09074417501688004,0.9173256754875183,0.6270753145217896,0.6387467980384827,0.553625226020813,0.5955889821052551,0.5026537775993347,0.6528713703155518,-0.21613548696041107,0.9485473036766052,0.507058322429657,0.6375972032546997,0.459491103887558,0.6672996282577515
189,squat,0,0.4607323408126831,0.24273058772087097,-0.029342439025640488,0.9997609853744507,0.46559378504753113,0.23182325065135956,-0.07620648294687271,0.9997758865356445,0.4690914452075958,0.23085711896419525,-0.07624068111181259,0.9997732639312744,0.472589373588562,0.22971771657466888,-0.07635737955570221,0.9998313188552856,0.4627477526664734,0.23222999274730682,-0.0018947010394185781,0.9997265338897705,0.4641803801059723,0.23158521950244904,-0.0019371191738173366,0.9996773600578308,0.4658730924129486,0.23080605268478394,-0.002002609893679619,0.999731719493866,0.4999901354312897,0.22766150534152985,-0.18274833261966705,0.9998021125793457,0.49267882108688354,0.22884774208068848,0.14493100345134735,0.999443769454956,0.48041173815727234,0.24966667592525482,-0.06270884722471237,0.999819278717041,0.47630810737609863,0.2504718005657196,0.032296404242515564,0.9995415806770325,0.5593053102493286,0.26981472969055176,-0.3628644645214081,0.999981164932251,0.5524209141731262,0.2751480042934418,0.3761084973812103,0.999484121799469,0.5022576451301575,0.34917107224464417,-0.29189708828926086,0.9943004250526428,0.5044448375701904,0.3501249849796295,0.22395281493663788,0.22804702818393707,0.3924526572227478,0.32584893703460693,0.13856141269207,0.9796614050865173,0.3902378976345062,0.3305818438529968,-0.23023849725723267,0.37051627039909363,0.3695005774497986,0.3263498544692993,0.13998432457447052,0.9616000652313232,0.3632908761501312,0.329281210899353,-0.2679257094860077,0.3563326895236969,0.3663070797920227,0.3186022937297821,0.14841623604297638,0.9595500826835632,0.36192038655281067,0.32330256700515747,-0.28698843717575073,0.3602868318557739,0.37544822692871094,0.31838518381118774,0.16010700166225433,0.9398097395896912,0.37263569235801697,0.3231236934661865,-0.25476351380348206,0.35323378443717957,0.6570990085601807,0.40572038292884827,-0.23025095462799072,0.99887615442276,0.6471236348152161,0.4049765169620514,0.230475515127182,0.9969097375869751,0.5797398090362549,0.5171594023704529,-0.18795695900917053,0.9651972055435181,0.5825032591819763,0.5133708119392395,0.354518860578537,0.3919540047645569,0.6049295663833618,0.6345983147621155,-0.11494381725788116,0.9575427770614624,0.6033271551132202,0.6190588474273682,0.47893786430358887,0.5681565403938293,0.6327402591705322,0.6513506770133972,-0.11389297991991043,0.9203423261642456,0.6272584199905396,0.6387125253677368,0.48416581749916077,0.5952369570732117,0.5028610825538635,0.6527988314628601,-0.22781328856945038,0.9497103691101074,0.5094168186187744,0.6378639340400696,0.402396559715271,0.6683139801025391
190,squat,0,0.4578832983970642,0.24499976634979248,-0.042063403874635696,0.9997833371162415,0.46256089210510254,0.2335255891084671,-0.08841338008642197,0.9997972249984741,0.4661131501197815,0.23243774473667145,-0.08845507353544235,0.9997947812080383,0.4695575535297394,0.231297567486763,-0.08855990320444107,0.9998471736907959,0.4600265324115753,0.23402546346187592,-0.01349374745041132,0.999752938747406,0.46166878938674927,0.23329487442970276,-0.013512929901480675,0.9997085332870483,0.46355965733528137,0.2324666678905487,-0.013586587272584438,0.9997577667236328,0.49690237641334534,0.22939591109752655,-0.19449104368686676,0.9998210072517395,0.49074751138687134,0.23058800399303436,0.13562585413455963,0.999497652053833,0.4769342243671417,0.2520880401134491,-0.07535212486982346,0.9998353123664856,0.4732908010482788,0.25281473994255066,0.020580342039465904,0.9995845556259155,0.5562278628349304,0.27185332775115967,-0.37751802802085876,0.9999776482582092,0.5506112575531006,0.276817262172699,0.36851486563682556,0.9995182752609253,0.49241822957992554,0.34889355301856995,-0.30673661828041077,0.993030309677124,0.4928992688655853,0.35008978843688965,0.19041500985622406,0.24508801102638245,0.3850386142730713,0.32170456647872925,0.13778503239154816,0.9718436598777771,0.38537678122520447,0.32570865750312805,-0.2636575698852539,0.381376713514328,0.3635072410106659,0.32008329033851624,0.14161862432956696,0.9492957592010498,0.36180105805397034,0.3218178153038025,-0.30258920788764954,0.36360636353492737,0.36520373821258545,0.3123607933521271,0.14532051980495453,0.9467860460281372,0.3626163601875305,0.31501635909080505,-0.31337881088256836,0.36619681119918823,0.3746659755706787,0.3129763901233673,0.15717191994190216,0.9239014387130737,0.3721684217453003,0.3160346448421478,-0.2854461371898651,0.3587649464607239,0.6597089171409607,0.40649765729904175,-0.22813041508197784,0.9989360570907593,0.6485744118690491,0.4056115448474884,0.2283715009689331,0.9971452355384827,0.579950213432312,0.5175338983535767,-0.19399572908878326,0.9675788283348083,0.5822902321815491,0.5134307742118835,0.38927212357521057,0.4017549753189087,0.6046968102455139,0.6341864466667175,-0.14668691158294678,0.9601870179176331,0.6031650304794312,0.6177749633789062,0.5734735727310181,0.5775402784347534,0.632870614528656,0.6514843702316284,-0.1484387069940567,0.9250765442848206,0.6274293661117554,0.636049747467041,0.584515392780304,0.5967000126838684,0.5028794407844543,0.6528469920158386,-0.28074732422828674,0.9526751637458801,0.5094082951545715,0.636902928352356,0.507845401763916,0.6752565503120422
191,squat,0,0.45569244027137756,0.2470565289258957,-0.04714477062225342,0.9998034834861755,0.460252046585083,0.2351773977279663,-0.09418407827615738,0.9998164772987366,0.46357491612434387,0.2340647578239441,-0.09423258155584335,0.9998142123222351,0.4668141305446625,0.23292022943496704,-0.09433440864086151,0.9998615384101868,0.4580709934234619,0.23565469682216644,-0.018493400886654854,0.9997767210006714,0.4598311185836792,0.23485004901885986,-0.018508289009332657,0.9997365474700928,0.4617990255355835,0.233956977725029,-0.018585650250315666,0.9997811317443848,0.49434390664100647,0.2309616208076477,-0.1971721351146698,0.9998381733894348,0.489695280790329,0.23198190331459045,0.1314329206943512,0.9995460510253906,0.4742042124271393,0.2539503872394562,-0.08119895309209824,0.9998498558998108,0.47134748101234436,0.2545647621154785,0.01570621319115162,0.9996232390403748,0.5518918633460999,0.27352696657180786,-0.37822622060775757,0.9999748468399048,0.5508949160575867,0.27745017409324646,0.36797159910202026,0.9995470643043518,0.48234570026397705,0.3495418429374695,-0.3241150677204132,0.9921665787696838,0.48815831542015076,0.3502415418624878,0.17284844815731049,0.25455284118652344,0.3855772912502289,0.3198651969432831,0.14600461721420288,0.9661557674407959,0.3900658190250397,0.3226100206375122,-0.29672771692276,0.38171765208244324,0.36383551359176636,0.31473708152770996,0.15544553101062775,0.9397274255752563,0.3646259009838104,0.315095990896225,-0.3352605700492859,0.36098137497901917,0.36951372027397156,0.3072049021720886,0.1568579226732254,0.9368005394935608,0.3666927218437195,0.30847784876823425,-0.3364490568637848,0.3622722625732422,0.379549503326416,0.30858784914016724,0.16561606526374817,0.9112577438354492,0.3774116039276123,0.3097996711730957,-0.31567278504371643,0.3547760546207428,0.6616997718811035,0.4071778357028961,-0.2266610860824585,0.9989888072013855,0.6530900001525879,0.40624332427978516,0.22690263390541077,0.997358500957489,0.5801182389259338,0.5180402994155884,-0.1919223666191101,0.9696593880653381,0.5811331868171692,0.5138979554176331,0.38131454586982727,0.41150498390197754,0.6037883162498474,0.6340493559837341,-0.13242508471012115,0.9622914791107178,0.6009129285812378,0.6184475421905518,0.5573470592498779,0.5862234830856323,0.6327244639396667,0.6517186760902405,-0.13253244757652283,0.9286059141159058,0.6260561347007751,0.636390745639801,0.567048966884613,0.5982139706611633,0.5015287399291992,0.6532570719718933,-0.2705080509185791,0.9549915790557861,0.5059478282928467,0.6387695074081421,0.48594382405281067,0.680304229259491
192,squat,0,0.4524593949317932,0.25197455286979675,-0.049735408276319504,0.9998212456703186,0.45598873496055603,0.23986558616161346,-0.09725175052881241,0.9998336434364319,0.4593498408794403,0.23856493830680847,-0.09730404615402222,0.9998315572738647,0.4626961052417755,0.2372514009475708,-0.09740480780601501,0.9998743534088135,0.45405951142311096,0.24038618803024292,-0.021325523033738136,0.9997978806495667,0.45583564043045044,0.2395159751176834,-0.021343884989619255,0.9997615218162537,0.45789286494255066,0.23854589462280273,-0.021424060687422752,0.9998019337654114,0.490507036447525,0.2347051054239273,-0.20330066978931427,0.9998533725738525,0.48598209023475647,0.23613175749778748,0.1299685537815094,0.9995890855789185,0.47106418013572693,0.25879785418510437,-0.08425462990999222,0.9998623132705688,0.4682992398738861,0.2593746483325958,0.012758085504174232,0.9996572136878967,0.5470367670059204,0.2777375876903534,-0.37877610325813293,0.9999714493751526,0.5504262447357178,0.28098875284194946,0.3620496392250061,0.9995682835578918,0.470022976398468,0.3536412715911865,-0.32708245515823364,0.9915336966514587,0.4772457182407379,0.3535465598106384,0.15795397758483887,0.2629547119140625,0.38542836904525757,0.3188633918762207,0.14877435564994812,0.9628282189369202,0.39010581374168396,0.3204764425754547,-0.30128583312034607,0.3780297338962555,0.3643042743206024,0.3097477853298187,0.1607593148946762,0.9339558482170105,0.3659788966178894,0.3099009692668915,-0.3380211889743805,0.354536771774292,0.3728541135787964,0.3034683167934418,0.1570976823568344,0.930790364742279,0.3693450093269348,0.30358216166496277,-0.33075687289237976,0.3543718457221985,0.3831614553928375,0.30570176243782043,0.16615255177021027,0.9035559296607971,0.3806842267513275,0.3057793080806732,-0.31624987721443176,0.3467673361301422,0.6648223996162415,0.410143107175827,-0.22288483381271362,0.9990288615226746,0.6556756496429443,0.40864914655685425,0.22315378487110138,0.9975435137748718,0.577208936214447,0.5186976790428162,-0.1923990249633789,0.9715303182601929,0.5760394334793091,0.5139923691749573,0.35827070474624634,0.42090094089508057,0.6030117273330688,0.6324175596237183,-0.13702654838562012,0.9639881253242493,0.6004079580307007,0.6178101897239685,0.5401192903518677,0.588931143283844,0.6323133707046509,0.6516836881637573,-0.13657696545124054,0.9320482015609741,0.6236624121665955,0.6358628869056702,0.5506506562232971,0.595535397529602,0.5010063648223877,0.6532624363899231,-0.26427602767944336,0.9568839073181152,0.5055959224700928,0.6389176845550537,0.4687272012233734,0.6806535720825195
193,squat,0,0.4501858055591583,0.2553028464317322,-0.04281509295105934,0.9998376369476318,0.4538253843784332,0.24333639442920685,-0.09271734207868576,0.9998493194580078,0.4570938050746918,0.2420271337032318,-0.09270981699228287,0.9998474717140198,0.46032246947288513,0.24075159430503845,-0.09280413389205933,0.999886155128479,0.4521462023258209,0.2438407838344574,-0.01509738340973854,0.9998171329498291,0.4540444314479828,0.24289201200008392,-0.01513974741101265,0.9997842907905579,0.4561830163002014,0.24185717105865479,-0.015204167924821377,0.99982088804245,0.488420695066452,0.23785965144634247,-0.20523113012313843,0.9998672604560852,0.4850030839443207,0.2389450967311859,0.1324106752872467,0.9996282458305359,0.468416690826416,0.26152101159095764,-0.08034636080265045,0.9998739957809448,0.4662046730518341,0.26224231719970703,0.01815439574420452,0.9996885657310486,0.5440151691436768,0.28145718574523926,-0.3850471079349518,0.9999685883522034,0.5513331890106201,0.2843853533267975,0.36888357996940613,0.9995878338813782,0.4612925946712494,0.3555806875228882,-0.3268895745277405,0.9911607503890991,0.4729279577732086,0.3561859726905823,0.17164857685565948,0.2701093554496765,0.3799358308315277,0.316745787858963,0.13791483640670776,0.9617066383361816,0.38809484243392944,0.31864431500434875,-0.2973407804965973,0.37769535183906555,0.3592010736465454,0.3069479763507843,0.14647875726222992,0.9317762851715088,0.3637465536594391,0.30674833059310913,-0.33265990018844604,0.3516966700553894,0.3720862865447998,0.3011731803417206,0.147858127951622,0.9283794164657593,0.3698391616344452,0.30108383297920227,-0.3256416618824005,0.34994009137153625,0.382334440946579,0.3039417862892151,0.15679608285427094,0.9002329111099243,0.38196831941604614,0.3035990297794342,-0.3120776414871216,0.3418314754962921,0.6657401919364929,0.41256603598594666,-0.22321970760822296,0.9990776181221008,0.6627978682518005,0.4108414649963379,0.22349178791046143,0.9977254867553711,0.5722134709358215,0.5189226269721985,-0.19643312692642212,0.9736037850379944,0.5742787718772888,0.5139837265014648,0.35543638467788696,0.4319722056388855,0.6016843318939209,0.6323277354240417,-0.14436030387878418,0.9660648703575134,0.599397599697113,0.6180093288421631,0.5291705131530762,0.5975707173347473,0.6323210597038269,0.6516311168670654,-0.14382123947143555,0.93599933385849,0.6224379539489746,0.6364573240280151,0.5394384264945984,0.5984578132629395,0.5011075139045715,0.6532438397407532,-0.26185083389282227,0.9591042995452881,0.5059033632278442,0.6400869488716125,0.46205225586891174,0.6863697171211243
194,squat,0,0.4485054314136505,0.25785186886787415,-0.04447439685463905,0.9998528361320496,0.452608197927475,0.24603725969791412,-0.09349538385868073,0.9998636841773987,0.45587849617004395,0.24478211998939514,-0.09343215078115463,0.9998620748519897,0.4590519964694977,0.2434961050748825,-0.09352341294288635,0.9998969435691833,0.45016542077064514,0.24666570127010345,-0.016846995800733566,0.9998347759246826,0.45170849561691284,0.24579259753227234,-0.0169343464076519,0.9998050928115845,0.4533897936344147,0.24481023848056793,-0.016951624304056168,0.9998381733894348,0.486956924200058,0.24029499292373657,-0.20639091730117798,0.9998799562454224,0.48199495673179626,0.2418868988752365,0.1278250366449356,0.9996640682220459,0.4671424627304077,0.26453158259391785,-0.08201435208320618,0.9998851418495178,0.46384158730506897,0.26500219106674194,0.017518313601613045,0.999717652797699,0.5429542660713196,0.28322920203208923,-0.38836950063705444,0.9999675154685974,0.5504335165023804,0.28721627593040466,0.3675065338611603,0.9996115565299988,0.4515065550804138,0.35594338178634644,-0.32533061504364014,0.9909201860427856,0.46853476762771606,0.35728564858436584,0.16642175614833832,0.28302279114723206,0.37658247351646423,0.31656089425086975,0.13450966775417328,0.9613046050071716,0.3857153058052063,0.31952688097953796,-0.29840975999832153,0.3839174807071686,0.3566867709159851,0.3077690899372101,0.14099246263504028,0.9310899376869202,0.36321118474006653,0.3079422116279602,-0.33559006452560425,0.3550129234790802,0.37191134691238403,0.3023792505264282,0.13781748712062836,0.9275858402252197,0.37025701999664307,0.302890807390213,-0.3273961842060089,0.35180458426475525,0.38169828057289124,0.3050355911254883,0.15113121271133423,0.8991513848304749,0.3824378252029419,0.30527856945991516,-0.3124452829360962,0.3425759971141815,0.6673551797866821,0.41412511467933655,-0.2231992483139038,0.9991333484649658,0.663611114025116,0.41229790449142456,0.22347678244113922,0.9979009628295898,0.5666751861572266,0.5196084380149841,-0.19635501503944397,0.9755359888076782,0.5709066987037659,0.5139827132225037,0.36281025409698486,0.44397860765457153,0.6015766263008118,0.6321243643760681,-0.14180979132652283,0.9681718945503235,0.5986591577529907,0.6175890564918518,0.5390967130661011,0.6058562397956848,0.6326388716697693,0.6515325307846069,-0.1411152333021164,0.9399621486663818,0.6219796538352966,0.6363914012908936,0.5498729944229126,0.6015486121177673,0.5011245608329773,0.6530548930168152,-0.26120197772979736,0.9614526629447937,0.5064880847930908,0.6400420069694519,0.4786390960216522,0.6927679181098938
195,squat,0,0.44655370712280273,0.259062796831131,-0.044749051332473755,0.9998668432235718,0.4512275159358978,0.24735616147518158,-0.09627790749073029,0.9998767971992493,0.45436087250709534,0.24607202410697937,-0.09617839753627777,0.9998754262924194,0.45749861001968384,0.24472011625766754,-0.09627119451761246,0.9999068379402161,0.4480133056640625,0.2480451911687851,-0.02117123454809189,0.9998508095741272,0.44909149408340454,0.24725177884101868,-0.021280687302350998,0.999824047088623,0.4502880573272705,0.24635763466358185,-0.021242506802082062,0.9998539090156555,0.4853818416595459,0.24198709428310394,-0.20698866248130798,0.9998915791511536,0.47866418957710266,0.24379169940948486,0.1209259107708931,0.9996967911720276,0.4644962251186371,0.2655244469642639,-0.08286076039075851,0.9998955726623535,0.46039026975631714,0.266086608171463,0.015795009210705757,0.9997443556785583,0.5402834415435791,0.285045325756073,-0.39013025164604187,0.999967634677887,0.5476663112640381,0.2896876335144043,0.3656618595123291,0.9996369481086731,0.44684216380119324,0.3566053807735443,-0.32041090726852417,0.9907692670822144,0.46524447202682495,0.3590056598186493,0.1690051257610321,0.3035443127155304,0.37677088379859924,0.31762322783470154,0.14779391884803772,0.9614344239234924,0.38376542925834656,0.3195907771587372,-0.28136855363845825,0.39484333992004395,0.35756775736808777,0.30803245306015015,0.155243381857872,0.9313240051269531,0.3632863163948059,0.30865025520324707,-0.3180566728115082,0.36208149790763855,0.3725391924381256,0.3025532066822052,0.14723430573940277,0.9277319312095642,0.370963454246521,0.30327439308166504,-0.3072686791419983,0.3572874367237091,0.38264578580856323,0.3058854043483734,0.16248077154159546,0.8994908928871155,0.38321805000305176,0.30643048882484436,-0.2939395308494568,0.34679609537124634,0.668814480304718,0.41681018471717834,-0.2232346385717392,0.9991939067840576,0.6633632779121399,0.41526833176612854,0.22351191937923431,0.9980761408805847,0.5587545037269592,0.5210689306259155,-0.19690333306789398,0.9774017930030823,0.5646061301231384,0.5144398808479309,0.35297584533691406,0.4622648358345032,0.6016573905944824,0.6322999596595764,-0.1415254920721054,0.9703343510627747,0.598545253276825,0.6176772117614746,0.524198055267334,0.6179308891296387,0.6339221596717834,0.6512874364852905,-0.14056862890720367,0.9439876675605774,0.6225758790969849,0.6363987922668457,0.5346976518630981,0.6086908578872681,0.5011062622070312,0.6530711650848389,-0.25732874870300293,0.9639149904251099,0.507055938243866,0.6400076746940613,0.47435301542282104,0.7021533250808716
196,squat,0,0.4453193247318268,0.26492223143577576,-0.04897122085094452,0.9998798370361328,0.4499293565750122,0.2533808946609497,-0.10110509395599365,0.9998888969421387,0.452976793050766,0.2521147131919861,-0.10098329186439514,0.9998877048492432,0.4559915363788605,0.2507345676422119,-0.10106835514307022,0.9999159574508667,0.44658786058425903,0.25389328598976135,-0.027500813826918602,0.9998655319213867,0.44753944873809814,0.25303637981414795,-0.027606181800365448,0.9998413920402527,0.44860559701919556,0.2520846128463745,-0.027538103982806206,0.9998683333396912,0.48331886529922485,0.2477961927652359,-0.20788408815860748,0.9999022483825684,0.4766538441181183,0.2494475096464157,0.11479107290506363,0.9997267127037048,0.4628092050552368,0.27125370502471924,-0.08426032960414886,0.999905526638031,0.4585951566696167,0.27181723713874817,0.010831590741872787,0.9997692108154297,0.5379360318183899,0.2903832197189331,-0.3904038965702057,0.999968945980072,0.5436580777168274,0.2958827614784241,0.3619087040424347,0.999663770198822,0.43904057145118713,0.3597972095012665,-0.3152061104774475,0.9907649159431458,0.4582900106906891,0.3631112575531006,0.17572809755802155,0.32940611243247986,0.3766101896762848,0.3191555142402649,0.14330530166625977,0.9625059962272644,0.3815518617630005,0.32150721549987793,-0.25661811232566833,0.4103997051715851,0.35699424147605896,0.3092605769634247,0.1504163146018982,0.9331825971603394,0.36269789934158325,0.31172457337379456,-0.29302194714546204,0.3726220726966858,0.37290599942207336,0.30390891432762146,0.13918980956077576,0.9295762181282043,0.37160518765449524,0.30609041452407837,-0.2785183787345886,0.36579903960227966,0.3834322690963745,0.3074267506599426,0.15645509958267212,0.9019558429718018,0.3837602138519287,0.3090386986732483,-0.26667749881744385,0.35361939668655396,0.6708364486694336,0.4217008352279663,-0.22327938675880432,0.9992624521255493,0.6632825136184692,0.4205690324306488,0.22356346249580383,0.9982501864433289,0.5468944311141968,0.5228452682495117,-0.21944104135036469,0.9791913032531738,0.5517362952232361,0.5160263776779175,0.35181671380996704,0.48084577918052673,0.6017243266105652,0.6333954930305481,-0.19279919564723969,0.9725897908210754,0.5981605648994446,0.6185873746871948,0.5288223624229431,0.6309189200401306,0.6344749331474304,0.651274561882019,-0.19484612345695496,0.948189914226532,0.6237764358520508,0.6369003653526306,0.540518045425415,0.6183752417564392,0.49997174739837646,0.6530846953392029,-0.3052368760108948,0.9666106700897217,0.5069608688354492,0.640160858631134,0.48147791624069214,0.7141433954238892
197,squat,0,0.4445439577102661,0.2687879502773285,-0.0492064543068409,0.9998916387557983,0.44859054684638977,0.257027268409729,-0.09999856352806091,0.9998998641967773,0.451416939496994,0.25601014494895935,-0.09989513456821442,0.9998987913131714,0.45436444878578186,0.25488317012786865,-0.09997502714395523,0.9999242424964905,0.4454821050167084,0.2575342357158661,-0.02707655169069767,0.9998788237571716,0.446441650390625,0.25674861669540405,-0.02716381475329399,0.9998571276664734,0.4475473463535309,0.25586968660354614,-0.027108801528811455,0.999881386756897,0.4820621609687805,0.25199612975120544,-0.20318391919136047,0.999911904335022,0.47617366909980774,0.2531225085258484,0.1147468164563179,0.9997538328170776,0.46163272857666016,0.2742859423160553,-0.08329217880964279,0.9999145865440369,0.4578324258327484,0.27521613240242004,0.0103444280102849,0.9997917413711548,0.538118839263916,0.2941960096359253,-0.3821656405925751,0.9999701976776123,0.5424531102180481,0.3017711043357849,0.3604002892971039,0.9996880292892456,0.4343951642513275,0.3614811897277832,-0.30561184883117676,0.9908302426338196,0.45551401376724243,0.3667115271091461,0.193636953830719,0.35872915387153625,0.3744950294494629,0.3203936815261841,0.13509772717952728,0.9640558958053589,0.3790643513202667,0.32303929328918457,-0.16142034530639648,0.43203800916671753,0.35567641258239746,0.31142884492874146,0.1385575234889984,0.9358392953872681,0.3605913817882538,0.31416425108909607,-0.19414645433425903,0.38907870650291443,0.37213006615638733,0.30628353357315063,0.12832511961460114,0.9322766065597534,0.3712294399738312,0.30875223875045776,-0.17673103511333466,0.38027241826057434,0.3828899562358856,0.3093576729297638,0.14763545989990234,0.9056218266487122,0.3830040693283081,0.3115061819553375,-0.16824306547641754,0.3666509985923767,0.6717877388000488,0.4248175024986267,-0.22338326275348663,0.9993286728858948,0.6626846790313721,0.42366015911102295,0.22367483377456665,0.9984127879142761,0.538476288318634,0.523367702960968,-0.23778192698955536,0.9808828830718994,0.5403217673301697,0.516300618648529,0.352644681930542,0.49822643399238586,0.6017217040061951,0.6322771906852722,-0.21995927393436432,0.9748522639274597,0.5967214703559875,0.6173208355903625,0.559669017791748,0.6437418460845947,0.6350958943367004,0.6501951217651367,-0.22250191867351532,0.952475905418396,0.6237553358078003,0.6342095136642456,0.5747193098068237,0.6312175989151001,0.5003691911697388,0.6526450514793396,-0.32700425386428833,0.9693132042884827,0.5068307518959045,0.639512300491333,0.5255879759788513,0.7265136241912842
198,squat,0,0.44471362233161926,0.27182242274284363,-0.05064733698964119,0.9999022483825684,0.44833868741989136,0.2602977454662323,-0.10032230615615845,0.9999096989631653,0.4512208104133606,0.2593522071838379,-0.10020033270120621,0.9999087452888489,0.45445194840431213,0.25816211104393005,-0.10027727484703064,0.9999316930770874,0.44496282935142517,0.2608833312988281,-0.030319420620799065,0.9998908042907715,0.44562163949012756,0.2604054808616638,-0.03040352649986744,0.9998712539672852,0.44644060730934143,0.2598421573638916,-0.03035200573503971,0.999893069267273,0.4820040166378021,0.2558560073375702,-0.19792234897613525,0.9999205470085144,0.474351167678833,0.25755277276039124,0.1112930104136467,0.9997782111167908,0.4615647792816162,0.27764683961868286,-0.08390766382217407,0.9999226927757263,0.45721644163131714,0.27858027815818787,0.008637170307338238,0.9998120069503784,0.5369908809661865,0.2981659770011902,-0.36839035153388977,0.9999711513519287,0.5398615002632141,0.3052370548248291,0.3569604754447937,0.9997111558914185,0.4294390380382538,0.3645452558994293,-0.2950345277786255,0.9907300472259521,0.44924184679985046,0.36980628967285156,0.21434570848941803,0.3920780122280121,0.37207844853401184,0.3213551342487335,0.13553012907505035,0.9647777080535889,0.3772442042827606,0.32406437397003174,-0.11300169676542282,0.45602384209632874,0.35433265566825867,0.31347355246543884,0.14001375436782837,0.9371821284294128,0.3583014905452728,0.3159504234790802,-0.14405706524848938,0.4076063930988312,0.3721584677696228,0.3081987500190735,0.12896457314491272,0.9335473775863647,0.37139567732810974,0.31060469150543213,-0.12601441144943237,0.3967745006084442,0.3829095959663391,0.3108038902282715,0.147281214594841,0.9076667428016663,0.3832833170890808,0.3130231499671936,-0.11883635818958282,0.38170093297958374,0.6719858050346375,0.4284241795539856,-0.22336332499980927,0.9993894100189209,0.6620967388153076,0.4273523986339569,0.22364811599254608,0.9985612630844116,0.5320598483085632,0.5239158868789673,-0.24895481765270233,0.9823105335235596,0.5319059491157532,0.5170360207557678,0.3442077338695526,0.5130181908607483,0.601795494556427,0.6325596570968628,-0.2358069121837616,0.9768563508987427,0.5953153967857361,0.6169089078903198,0.5532586574554443,0.653435230255127,0.6351156234741211,0.6503672003746033,-0.23816333711147308,0.9562894701957703,0.6234725713729858,0.6338735222816467,0.5651338696479797,0.6414784789085388,0.49990811944007874,0.6528840065002441,-0.33883926272392273,0.9717099070549011,0.5051760077476501,0.6396487951278687,0.5090751051902771,0.7364481687545776
199,squat,0,0.444786936044693,0.2765443027019501,-0.04814524948596954,0.9999118447303772,0.4477102756500244,0.26515358686447144,-0.09771081060171127,0.9999185800552368,0.45066726207733154,0.2641558349132538,-0.09761141240596771,0.99991774559021,0.45409688353538513,0.2629275918006897,-0.09769058972597122,0.999938428401947,0.44420522451400757,0.26582062244415283,-0.02848955988883972,0.9999015927314758,0.4447891116142273,0.26534998416900635,-0.02855955809354782,0.9998839497566223,0.44555655121803284,0.26477232575416565,-0.02851739525794983,0.9999036192893982,0.48191624879837036,0.25988444685935974,-0.1948367804288864,0.99992835521698,0.4737115502357483,0.2615923285484314,0.11133655160665512,0.9998002052307129,0.4618501365184784,0.2819553315639496,-0.07943808287382126,0.9999300241470337,0.45734837651252747,0.2830357551574707,0.01036163605749607,0.9998303055763245,0.5381230711936951,0.30106574296951294,-0.36514368653297424,0.9999727010726929,0.5392274856567383,0.3103492558002472,0.3565828502178192,0.9997320771217346,0.4257477819919586,0.3657543361186981,-0.2988779842853546,0.9906232953071594,0.44367432594299316,0.371561199426651,0.2493954747915268,0.4213896095752716,0.37095069885253906,0.3218572735786438,0.11474134027957916,0.9656090140342712,0.37403061985969543,0.3244853615760803,-0.04969363659620285,0.4771327078342438,0.3530762493610382,0.3145264685153961,0.11561492830514908,0.9389659762382507,0.35582494735717773,0.31701433658599854,-0.07593291997909546,0.4240078628063202,0.3713165521621704,0.3092474043369293,0.10898704081773758,0.9353012442588806,0.37022027373313904,0.3115357458591461,-0.06294494867324829,0.41101333498954773,0.38244348764419556,0.3116087019443512,0.1281464397907257,0.910252034664154,0.3813202977180481,0.3135320544242859,-0.05642666667699814,0.39469361305236816,0.6719989776611328,0.4309067726135254,-0.22595150768756866,0.9994475841522217,0.6617961525917053,0.430537611246109,0.22627770900726318,0.9986985325813293,0.5235130190849304,0.5256704092025757,-0.27494874596595764,0.983652651309967,0.5241237282752991,0.5185578465461731,0.38110387325286865,0.5203679800033569,0.6017611622810364,0.6327899694442749,-0.2840310037136078,0.9788299202919006,0.5922408699989319,0.615938663482666,0.6226977109909058,0.6608119606971741,0.6349890828132629,0.6504482626914978,-0.28861549496650696,0.9599588513374329,0.6225351691246033,0.6316853165626526,0.6416193246841431,0.6532036066055298,0.49984753131866455,0.6539190411567688,-0.3924722373485565,0.9740828275680542,0.504593014717102,0.6396341323852539,0.6046774387359619,0.7464852929115295
200,squat,0,0.4448484778404236,0.28234368562698364,-0.01876256614923477,0.9999205470085144,0.4475735127925873,0.270903080701828,-0.06479749828577042,0.9999266266822815,0.4505554139614105,0.2699646055698395,-0.06472437083721161,0.9999259114265442,0.45410507917404175,0.26871946454048157,-0.06481952220201492,0.9999445080757141,0.4439612925052643,0.27155065536499023,0.0032182710710912943,0.9999113082885742,0.44448089599609375,0.2711370885372162,0.0031761929858475924,0.999895453453064,0.44518646597862244,0.2706161439418793,0.003205737564712763,0.9999131560325623,0.4819698929786682,0.26602616906166077,-0.1550471931695938,0.9999353885650635,0.47296082973480225,0.26793602108955383,0.1404702514410019,0.9998200535774231,0.4619658291339874,0.2878369092941284,-0.04743054136633873,0.9999366402626038,0.457202285528183,0.2889566719532013,0.03861720860004425,0.9998467564582825,0.5389423966407776,0.30647021532058716,-0.33489903807640076,0.999973714351654,0.535894513130188,0.3180164396762848,0.3755286633968353,0.9997518062591553,0.42708876729011536,0.368473619222641,-0.2863922417163849,0.990703821182251,0.4399658143520355,0.3755454421043396,0.24737337231636047,0.45254960656166077,0.3664446473121643,0.3248845338821411,0.11442571133375168,0.9671065211296082,0.36719152331352234,0.3309117257595062,-0.09680286794900894,0.502826452255249,0.34696388244628906,0.31618574261665344,0.11448550969362259,0.9413974285125732,0.3466934263706207,0.32097646594047546,-0.12661923468112946,0.44583114981651306,0.3649066686630249,0.3115491569042206,0.1137906014919281,0.9377627968788147,0.35900843143463135,0.31667861342430115,-0.11690700799226761,0.4310745596885681,0.3759813606739044,0.3143768012523651,0.12927819788455963,0.9138287901878357,0.3716426193714142,0.3203027844429016,-0.1064622774720192,0.4140626788139343,0.6695420145988464,0.4343814253807068,-0.22595489025115967,0.9994991421699524,0.6579381227493286,0.43525516986846924,0.2262696921825409,0.9988231062889099,0.5073855519294739,0.5284239053726196,-0.2641162872314453,0.9847826957702637,0.5105471611022949,0.5208918452262878,0.3153332769870758,0.5298943519592285,0.6013757586479187,0.6327451467514038,-0.23954463005065918,0.980480968952179,0.5922796726226807,0.6159601211547852,0.5336485505104065,0.6688852310180664,0.6350423693656921,0.6504243612289429,-0.24080875515937805,0.9632250070571899,0.6228660345077515,0.632023811340332,0.5514163970947266,0.6646455526351929,0.49913930892944336,0.6539642810821533,-0.3769615888595581,0.97605299949646,0.5045373439788818,0.6397421360015869,0.5259385704994202,0.754297137260437
201,squat,0,0.4446474611759186,0.28655770421028137,-0.026825014501810074,0.9999282956123352,0.44699591398239136,0.27520087361335754,-0.07362601906061172,0.9999338388442993,0.45001041889190674,0.2741752564907074,-0.07356877624988556,0.9999331831932068,0.4536561667919159,0.27290046215057373,-0.07366109639406204,0.9999499320983887,0.4433087110519409,0.2759940028190613,-0.004370932932943106,0.9999200105667114,0.4438355565071106,0.2755637466907501,-0.004412141628563404,0.9999057650566101,0.44455626606941223,0.2750146985054016,-0.004402365535497665,0.9999216794967651,0.48173391819000244,0.2697785198688507,-0.16561393439769745,0.9999416470527649,0.4726029932498932,0.27162718772888184,0.13674095273017883,0.9998378157615662,0.4620429277420044,0.2919903099536896,-0.05580306425690651,0.9999424815177917,0.45715460181236267,0.2931525707244873,0.03127706050872803,0.9998614192008972,0.5387656688690186,0.310530424118042,-0.3397551476955414,0.9999744892120361,0.534977912902832,0.32102102041244507,0.3645663559436798,0.9997670650482178,0.4216151237487793,0.3707326054573059,-0.2911583185195923,0.9908325672149658,0.4367375075817108,0.37791088223457336,0.26848721504211426,0.4794387221336365,0.35991162061691284,0.32711562514305115,0.1019376888871193,0.9687449932098389,0.36253130435943604,0.3356165885925293,-0.005342746153473854,0.523080050945282,0.3394867777824402,0.3180505037307739,0.09750679135322571,0.9443182945251465,0.34074100852012634,0.3246074318885803,-0.028855081647634506,0.4622323513031006,0.35576337575912476,0.3134859800338745,0.09739550203084946,0.9407873153686523,0.349994957447052,0.31949424743652344,-0.019335655495524406,0.44580045342445374,0.36586257815361023,0.3160819411277771,0.11437494307756424,0.9181169867515564,0.36201128363609314,0.32314980030059814,-0.0127105712890625,0.4283139407634735,0.6673562526702881,0.43886253237724304,-0.22577278316020966,0.9995465874671936,0.6545313596725464,0.4385935962200165,0.2260836660861969,0.9989351034164429,0.4980386197566986,0.5311133861541748,-0.26409462094306946,0.9858638048171997,0.5012111067771912,0.5230346918106079,0.32616642117500305,0.5373533964157104,0.6010751724243164,0.6327434182167053,-0.23915588855743408,0.9821187257766724,0.5913679003715515,0.6159093379974365,0.5654633045196533,0.6763863563537598,0.6350250840187073,0.65038001537323,-0.23899470269680023,0.9664158821105957,0.6220815181732178,0.630963146686554,0.58530592918396,0.677466094493866,0.498666375875473,0.6530932784080505,-0.34630000591278076,0.9780308604240417,0.5038275718688965,0.6370424628257751,0.5574881434440613,0.7630272507667542
202,squat,0,0.44399428367614746,0.28920069336891174,-0.023913705721497536,0.9999353885650635,0.4463246166706085,0.27803802490234375,-0.0697188526391983,0.9999403953552246,0.4494340121746063,0.27698591351509094,-0.06964557617902756,0.9999397993087769,0.45322030782699585,0.2757479250431061,-0.0697353258728981,0.999954879283905,0.44259679317474365,0.2789180874824524,-0.0013769264332950115,0.9999279379844666,0.4431416690349579,0.27847224473953247,-0.0014067827723920345,0.9999150633811951,0.44388607144355774,0.277922123670578,-0.0013775114202871919,0.9999294281005859,0.48166176676750183,0.2729422450065613,-0.15755575895309448,0.9999473690986633,0.47248217463493347,0.2746734321117401,0.13846299052238464,0.9998539090156555,0.4617232084274292,0.29484012722969055,-0.05164487287402153,0.9999479055404663,0.45667174458503723,0.2960594594478607,0.034163784235715866,0.9998748302459717,0.538443386554718,0.31419867277145386,-0.3371390402317047,0.9999750256538391,0.5332242846488953,0.32555851340293884,0.3696248233318329,0.9997833967208862,0.4182910919189453,0.37244611978530884,-0.29413747787475586,0.9909893870353699,0.43458619713783264,0.3809369206428528,0.2600693106651306,0.5059382319450378,0.3542347550392151,0.32897675037384033,0.09987813234329224,0.9703818559646606,0.3595389723777771,0.3387535810470581,-0.06136354058980942,0.5444929599761963,0.3335188627243042,0.3208962380886078,0.09622078388929367,0.9470411539077759,0.3363284468650818,0.327422171831131,-0.08957489579916,0.48011571168899536,0.3482823073863983,0.31600284576416016,0.09548800438642502,0.9436033368110657,0.34528425335884094,0.32213833928108215,-0.07946180552244186,0.46199700236320496,0.3582645356655121,0.3184363842010498,0.11286456137895584,0.9221158623695374,0.3564170002937317,0.3255639374256134,-0.0700761005282402,0.4439694881439209,0.665189266204834,0.4414624869823456,-0.22578378021717072,0.9995887279510498,0.6531131863594055,0.4428403973579407,0.2260904610157013,0.9990372061729431,0.4926737844944,0.5323836207389832,-0.25958526134490967,0.9868154525756836,0.4991893768310547,0.5246350169181824,0.2872850298881531,0.5491212010383606,0.6011255979537964,0.6332522630691528,-0.23363161087036133,0.9835139513015747,0.5921570658683777,0.618740439414978,0.49073582887649536,0.6858987212181091,0.6357637643814087,0.6504172682762146,-0.23256872594356537,0.9692179560661316,0.6240743398666382,0.633618950843811,0.5067672729492188,0.689836859703064,0.4986852705478668,0.653248131275177,-0.29464128613471985,0.9797043204307556,0.5036545991897583,0.638857901096344,0.468258798122406,0.7706353664398193
203,squat,0,0.4431403875350952,0.29238376021385193,-0.02655041217803955,0.9999417066574097,0.44545191526412964,0.28117597103118896,-0.07334856688976288,0.9999462366104126,0.4485897421836853,0.2801210880279541,-0.0732988491654396,0.9999457597732544,0.4524329602718353,0.2789056897163391,-0.07339570671319962,0.9999592900276184,0.44176578521728516,0.28205978870391846,-0.002553087892010808,0.9999350309371948,0.4423539340496063,0.2815841734409332,-0.0025960553903132677,0.9999234676361084,0.4431551396846771,0.28101846575737,-0.0026017355266958475,0.9999364018440247,0.48106664419174194,0.2761998474597931,-0.1657247096300125,0.999952495098114,0.47214779257774353,0.27770814299583435,0.1376490294933319,0.9998683929443359,0.46122145652770996,0.2979629933834076,-0.056223295629024506,0.9999527931213379,0.45615941286087036,0.2993081212043762,0.03217049688100815,0.9998868703842163,0.5381403565406799,0.3173917531967163,-0.34467554092407227,0.9999756217002869,0.5331140756607056,0.32923296093940735,0.3693423867225647,0.9997966289520264,0.41634252667427063,0.37441039085388184,-0.29694825410842896,0.9911655187606812,0.4349534511566162,0.38425326347351074,0.27962279319763184,0.5273552536964417,0.34812504053115845,0.3313154876232147,0.07914066314697266,0.9719074964523315,0.3568361699581146,0.34274500608444214,-0.008563305251300335,0.5610958337783813,0.3268827795982361,0.3244471251964569,0.07194288820028305,0.9496975541114807,0.3324104845523834,0.3317374885082245,-0.03291524201631546,0.49356821179389954,0.3407944142818451,0.31897303462028503,0.0723724290728569,0.9463733434677124,0.3416581451892853,0.3262817859649658,-0.02457617036998272,0.4740293323993683,0.350845068693161,0.3212842643260956,0.09233251959085464,0.9259423613548279,0.35204318165779114,0.3290923237800598,-0.016657380387187004,0.45553451776504517,0.6637026071548462,0.4454696774482727,-0.22907830774784088,0.9996274709701538,0.6512999534606934,0.44622156023979187,0.22935426235198975,0.999129056930542,0.48754188418388367,0.5329464673995972,-0.2762567400932312,0.9877747297286987,0.49475836753845215,0.525353729724884,0.312627911567688,0.5576697587966919,0.600736141204834,0.6340581774711609,-0.24859920144081116,0.9849027991294861,0.5917431116104126,0.6196752190589905,0.5510855913162231,0.6952221989631653,0.6350536942481995,0.6510976552963257,-0.24673950672149658,0.9718945026397705,0.6233367919921875,0.6341636776924133,0.5708692669868469,0.7029176950454712,0.49837809801101685,0.6531200408935547,-0.3187079429626465,0.9813851714134216,0.5028741359710693,0.638771116733551,0.5422820448875427,0.7795783281326294
204,squat,0,0.4419492185115814,0.29909175634384155,-0.028049390763044357,0.9999474883079529,0.4445951282978058,0.2880181670188904,-0.07436584681272507,0.9999515414237976,0.4478418231010437,0.2870582938194275,-0.07429147511720657,0.9999511241912842,0.4516274929046631,0.2858947813510895,-0.0743720680475235,0.9999633431434631,0.44060608744621277,0.28879114985466003,-0.005072326399385929,0.9999414682388306,0.44118455052375793,0.2883862257003784,-0.005106979049742222,0.9999310374259949,0.441963791847229,0.28788813948631287,-0.005096535664051771,0.9999427199363708,0.4801577925682068,0.283344566822052,-0.16041618585586548,0.9999571442604065,0.47020554542541504,0.285190612077713,0.13520388305187225,0.9998814463615417,0.459872305393219,0.3048225939273834,-0.055606450885534286,0.999957263469696,0.4544515907764435,0.30603325366973877,0.03072795830667019,0.999897837638855,0.5367622375488281,0.3237139880657196,-0.33996033668518066,0.999976396560669,0.5319128632545471,0.3367595672607422,0.37011051177978516,0.9998095035552979,0.41107258200645447,0.37727928161621094,-0.2994806468486786,0.9913682341575623,0.43242067098617554,0.39098644256591797,0.27686548233032227,0.5469321012496948,0.3360891342163086,0.33547231554985046,0.07783805578947067,0.9732972383499146,0.3485959768295288,0.3471556603908539,-0.021805474534630775,0.5743082761764526,0.3185914158821106,0.32891032099723816,0.07269921898841858,0.9521533250808716,0.323797345161438,0.3360392451286316,-0.048171062022447586,0.504163384437561,0.33199483156204224,0.32327619194984436,0.0730779618024826,0.9489322900772095,0.33454152941703796,0.33042821288108826,-0.03572171553969383,0.4829597771167755,0.34073102474212646,0.32591331005096436,0.09143577516078949,0.9295799732208252,0.34395983815193176,0.3332247734069824,-0.028591083362698555,0.46427831053733826,0.6616071462631226,0.4514443874359131,-0.23010216653347015,0.999663233757019,0.6491495370864868,0.45232200622558594,0.23032666742801666,0.9992133975028992,0.4776674807071686,0.5345546007156372,-0.298917680978775,0.9887118339538574,0.48464328050613403,0.5277834534645081,0.31514421105384827,0.5682167410850525,0.6009093523025513,0.6358126997947693,-0.2765847444534302,0.9862508177757263,0.591735303401947,0.6204150319099426,0.5395554304122925,0.7078577280044556,0.6354331970214844,0.6521692872047424,-0.2741442322731018,0.974454402923584,0.6239510774612427,0.634335458278656,0.5589543581008911,0.7186455726623535,0.4985091984272003,0.6546118259429932,-0.34096559882164,0.9830254316329956,0.5026149153709412,0.6409669518470764,0.5313773155212402,0.790490448474884
205,squat,0,0.44109028577804565,0.303885281085968,-0.021988892927765846,0.9999526143074036,0.4437124729156494,0.29240792989730835,-0.06963524967432022,0.9999563097953796,0.44689658284187317,0.2914436161518097,-0.0695367157459259,0.999955952167511,0.45055174827575684,0.29034900665283203,-0.06959810107946396,0.9999669194221497,0.44001656770706177,0.29306191205978394,-0.000931370013859123,0.999947190284729,0.4407373368740082,0.2925468683242798,-0.0009553550044074655,0.9999377727508545,0.44167301058769226,0.29191330075263977,-0.0009326035506092012,0.9999483227729797,0.47886964678764343,0.2876114249229431,-0.16100993752479553,0.9999613165855408,0.4702567458152771,0.2887118458747864,0.13563263416290283,0.9998931288719177,0.45891961455345154,0.3093021810054779,-0.050917547196149826,0.9999611377716064,0.4539163410663605,0.3105139434337616,0.03536190465092659,0.999907374382019,0.5340967774391174,0.3288380205631256,-0.3434227406978607,0.9999765753746033,0.5339978337287903,0.3397678732872009,0.3750014305114746,0.999815821647644,0.40512803196907043,0.3803863525390625,-0.30074888467788696,0.9915493130683899,0.4351423680782318,0.39388954639434814,0.32605117559432983,0.5544864535331726,0.3269992470741272,0.33873939514160156,0.0781676173210144,0.9746663570404053,0.34640899300575256,0.3509086072444916,0.08288140594959259,0.5761233568191528,0.3093062937259674,0.3319654166698456,0.07365147024393082,0.9547281861305237,0.3206195533275604,0.33954840898513794,0.06429244577884674,0.5055882334709167,0.3213719129562378,0.32625460624694824,0.07390090823173523,0.9516476988792419,0.3315276503562927,0.3341984152793884,0.07255455106496811,0.4829670488834381,0.3300509750843048,0.3293353021144867,0.09176881611347198,0.9333420991897583,0.34158775210380554,0.33686181902885437,0.07584527134895325,0.4645085632801056,0.6591721177101135,0.45682916045188904,-0.2338721603155136,0.999695360660553,0.6487772464752197,0.4566349983215332,0.23406782746315002,0.9992884397506714,0.4694536626338959,0.5351629853248596,-0.32414406538009644,0.9895138144493103,0.4787071645259857,0.5278735160827637,0.3467215597629547,0.5697891116142273,0.6013301610946655,0.6363641619682312,-0.3088040053844452,0.9874706864356995,0.5904077291488647,0.6201434135437012,0.5838874578475952,0.7155174612998962,0.6355229020118713,0.6519090533256531,-0.3066338002681732,0.9767647981643677,0.6239383220672607,0.6336084008216858,0.6041119694709778,0.7323583364486694,0.498517781496048,0.6556748151779175,-0.36349213123321533,0.9845077991485596,0.5036274194717407,0.6409010887145996,0.6001030206680298,0.7990915179252625
206,squat,0,0.4395626485347748,0.30873408913612366,-0.02365868166089058,0.9999572038650513,0.44221270084381104,0.29724547266960144,-0.07168756425380707,0.9999606013298035,0.4453584849834442,0.29624560475349426,-0.07159397751092911,0.9999603033065796,0.4488007724285126,0.2951921820640564,-0.07165616005659103,0.9999701380729675,0.43899405002593994,0.2977847456932068,-0.0025183241814374924,0.9999523162841797,0.43996965885162354,0.2971385419368744,-0.0025394868571311235,0.9999438524246216,0.4411643147468567,0.29634758830070496,-0.0025120219215750694,0.9999533295631409,0.4771309196949005,0.2921653985977173,-0.16332894563674927,0.9999650716781616,0.46991440653800964,0.29274851083755493,0.13439024984836578,0.9999035596847534,0.45757433772087097,0.31413906812667847,-0.05329339951276779,0.9999645948410034,0.45316267013549805,0.31533896923065186,0.03377840295433998,0.9999157786369324,0.5328301191329956,0.33325710892677307,-0.35403522849082947,0.9999772906303406,0.5341479182243347,0.3427806496620178,0.37427476048469543,0.9998193383216858,0.4022992253303528,0.38323476910591125,-0.3251158893108368,0.9917637705802917,0.4338994026184082,0.3954828679561615,0.3189745545387268,0.5526081919670105,0.3197774291038513,0.3420282006263733,0.06067832186818123,0.9761404991149902,0.3391352593898773,0.3527187705039978,0.051874082535505295,0.5717684626579285,0.30012738704681396,0.33554375171661377,0.053345054388046265,0.9574521780014038,0.31197917461395264,0.3429323732852936,0.029437320306897163,0.5030502676963806,0.3098544478416443,0.32973483204841614,0.05547858029603958,0.9545467495918274,0.32386913895606995,0.3379276394844055,0.032425303012132645,0.47957175970077515,0.3192256689071655,0.3327731192111969,0.07502398639917374,0.9372469186782837,0.33394747972488403,0.3402406573295593,0.04121175408363342,0.4619203805923462,0.6589383482933044,0.46178117394447327,-0.23696370422840118,0.999724268913269,0.6464224457740784,0.4604259133338928,0.23715637624263763,0.9993555545806885,0.4636506736278534,0.5365347862243652,-0.3182964026927948,0.9902311563491821,0.47051623463630676,0.5292646884918213,0.3745768368244171,0.5698858499526978,0.602026641368866,0.6368134021759033,-0.29367727041244507,0.9885647892951965,0.5896281599998474,0.6186913847923279,0.6212770342826843,0.721076250076294,0.6356738805770874,0.6514667868614197,-0.2909112274646759,0.9787917733192444,0.6240115165710449,0.6311917901039124,0.6423922777175903,0.7428802251815796,0.4988623857498169,0.6568669080734253,-0.3544715344905853,0.9858382344245911,0.5072116851806641,0.6409499645233154,0.6373302340507507,0.8066193461418152
207,squat,0,0.4381519854068756,0.31122422218322754,-0.03902222961187363,0.9999611973762512,0.44148141145706177,0.29933616518974304,-0.0851362869143486,0.9999643564224243,0.444694846868515,0.2983699440956116,-0.08506181091070175,0.9999641180038452,0.4483431279659271,0.29721930623054504,-0.08513294160366058,0.9999729990959167,0.4379667639732361,0.3000123202800751,-0.018648725003004074,0.9999568462371826,0.43884140253067017,0.29950085282325745,-0.01867084763944149,0.9999492168426514,0.4399460256099701,0.29887574911117554,-0.01863684505224228,0.999957799911499,0.47642916440963745,0.2951038181781769,-0.16635042428970337,0.9999683499336243,0.4685927927494049,0.2960726022720337,0.1201760321855545,0.9999128580093384,0.45652610063552856,0.31698882579803467,-0.06442615389823914,0.9999675154685974,0.4514991044998169,0.3183518946170807,0.01911785453557968,0.999923050403595,0.5319291353225708,0.33718445897102356,-0.3613679111003876,0.9999767541885376,0.5297248363494873,0.34649670124053955,0.3625917136669159,0.9998225569725037,0.4004001021385193,0.3866754174232483,-0.3356268107891083,0.9918542504310608,0.4262934625148773,0.3970244228839874,0.306278258562088,0.5548083782196045,0.31487715244293213,0.3457660377025604,0.05264820531010628,0.9773877263069153,0.327900230884552,0.3547840714454651,0.028156345710158348,0.5754610300064087,0.2923431694507599,0.34010452032089233,0.044742804020643234,0.9597926139831543,0.3011523485183716,0.3478667140007019,0.0007101825322024524,0.5085074305534363,0.30010613799095154,0.33388879895210266,0.042854804545640945,0.9570532441139221,0.31256410479545593,0.3423559069633484,0.0028783557936549187,0.48482584953308105,0.3104724884033203,0.3363632261753082,0.06532368063926697,0.9407021999359131,0.32374584674835205,0.34419578313827515,0.016247782856225967,0.4678395390510559,0.6591064929962158,0.4648394286632538,-0.23657843470573425,0.9997496008872986,0.6425783038139343,0.4637790322303772,0.2367321252822876,0.9994153380393982,0.4598008096218109,0.5376484394073486,-0.29058435559272766,0.9907007217407227,0.46604132652282715,0.5302474498748779,0.3737283945083618,0.5677323937416077,0.6019989848136902,0.6369141340255737,-0.22102580964565277,0.9894422292709351,0.5896866321563721,0.615117609500885,0.6207491755485535,0.7217341065406799,0.6360177397727966,0.6511659026145935,-0.21267078816890717,0.9804961085319519,0.6259843707084656,0.6296886205673218,0.64214026927948,0.7478206753730774,0.49886029958724976,0.657669723033905,-0.2621702551841736,0.9869194626808167,0.5114443898200989,0.6395771503448486,0.634369432926178,0.8099786043167114
208,squat,0,0.4371485412120819,0.3144022226333618,-0.05744510516524315,0.9999647736549377,0.44102561473846436,0.3021175265312195,-0.10353429615497589,0.9999677538871765,0.44437816739082336,0.30107882618904114,-0.10347079485654831,0.9999675750732422,0.448214054107666,0.299886018037796,-0.10354846715927124,0.9999755620956421,0.4372578561306,0.3028574287891388,-0.036871444433927536,0.9999609589576721,0.4379814565181732,0.30243539810180664,-0.03688858076930046,0.9999540448188782,0.43892690539360046,0.3019043803215027,-0.03684210032224655,0.999961793422699,0.47595247626304626,0.29852139949798584,-0.18164879083633423,0.9999712705612183,0.4672417640686035,0.2995743453502655,0.10653448104858398,0.9999212026596069,0.45553070306777954,0.32027772068977356,-0.08120423555374146,0.9999701380729675,0.4499167799949646,0.3217964172363281,0.0027476970572024584,0.9999294877052307,0.5302664041519165,0.3407325744628906,-0.3740386664867401,0.9999763369560242,0.5278229713439941,0.35022395849227905,0.3542417287826538,0.9998236894607544,0.3985583782196045,0.39074766635894775,-0.35340356826782227,0.9919062256813049,0.4250093102455139,0.40045538544654846,0.306912899017334,0.55366450548172,0.3089298903942108,0.3493834435939789,0.02520919404923916,0.9784308671951294,0.32061854004859924,0.35836493968963623,0.0312587134540081,0.5764522552490234,0.28693392872810364,0.3435392379760742,0.012569662183523178,0.9618053436279297,0.29701700806617737,0.35324394702911377,0.0018893678206950426,0.511855959892273,0.2939848303794861,0.3373723328113556,0.009828925132751465,0.9592093825340271,0.30638352036476135,0.34736567735671997,0.00032885445398278534,0.48807650804519653,0.3034762740135193,0.33970609307289124,0.03682154044508934,0.9436542391777039,0.3173156976699829,0.34911754727363586,0.017522552981972694,0.4717109203338623,0.6591153144836426,0.46684104204177856,-0.23636884987354279,0.9997730851173401,0.641967236995697,0.46622225642204285,0.23652027547359467,0.9994701743125916,0.45786601305007935,0.5381689071655273,-0.2889865040779114,0.991198718547821,0.4648987054824829,0.5307058691978455,0.4054049253463745,0.5678514242172241,0.6024184226989746,0.6377609968185425,-0.22289595007896423,0.9902999997138977,0.5894957184791565,0.6134145259857178,0.6660016179084778,0.7259255051612854,0.6362137198448181,0.6512758731842041,-0.215538889169693,0.9821357727050781,0.6265126466751099,0.6293575763702393,0.6891804933547974,0.7547860741615295,0.4989621937274933,0.6583573818206787,-0.27268174290657043,0.9879860877990723,0.5119670033454895,0.6458256244659424,0.6810281872749329,0.8154714703559875
209,squat,0,0.4363727569580078,0.31824758648872375,-0.0672728568315506,0.9999679327011108,0.44064199924468994,0.3060891926288605,-0.1131347045302391,0.9999707341194153,0.4440656304359436,0.30499961972236633,-0.11307919770479202,0.9999706149101257,0.4480239748954773,0.30376142263412476,-0.1131618544459343,0.9999778270721436,0.4367814064025879,0.3068833351135254,-0.04579810053110123,0.9999645948410034,0.4374636113643646,0.30647867918014526,-0.04581846296787262,0.9999582767486572,0.4383913576602936,0.30594155192375183,-0.0457722470164299,0.9999653100967407,0.47542035579681396,0.3023885488510132,-0.19053854048252106,0.9999738335609436,0.4665125012397766,0.3034053444862366,0.1012854278087616,0.9999285936355591,0.45487257838249207,0.32407429814338684,-0.09046648442745209,0.9999722838401794,0.4489213228225708,0.32557788491249084,-0.005550001282244921,0.9999350309371948,0.5289355516433716,0.3453064560890198,-0.38452476263046265,0.9999754428863525,0.5268361568450928,0.35441675782203674,0.3533453941345215,0.9998248815536499,0.3978268802165985,0.3948300778865814,-0.3637430965900421,0.9919136762619019,0.42410922050476074,0.4042380154132843,0.31582409143447876,0.5516501069068909,0.30585938692092896,0.353725790977478,0.018022462725639343,0.9793803691864014,0.3182719647884369,0.3635327219963074,0.039643801748752594,0.5787971019744873,0.2816980481147766,0.34857627749443054,0.0031997531186789274,0.9636684656143188,0.293168306350708,0.3588169813156128,0.010436110198497772,0.5169736742973328,0.288417249917984,0.34207966923713684,0.0016427364898845553,0.9612239003181458,0.30194157361984253,0.3530685305595398,0.00524790957570076,0.49341481924057007,0.29843971133232117,0.3441058099269867,0.029994744807481766,0.9463798403739929,0.31409958004951477,0.35482242703437805,0.02444763109087944,0.4775685966014862,0.659160315990448,0.4706086218357086,-0.2370387762784958,0.9997941255569458,0.6418505311012268,0.469838410615921,0.2371789813041687,0.9995194673538208,0.454787015914917,0.5390615463256836,-0.28272655606269836,0.9915350675582886,0.4635576605796814,0.5314199924468994,0.4225172996520996,0.5642989277839661,0.602300763130188,0.6380155086517334,-0.20410369336605072,0.9910294413566589,0.58927983045578,0.6126931309700012,0.70026034116745,0.7274880409240723,0.6361740827560425,0.6512831449508667,-0.19481784105300903,0.9835711717605591,0.6266492605209351,0.6289777755737305,0.7255921959877014,0.7597081065177917,0.49853864312171936,0.658318817615509,-0.2463275045156479,0.9889081716537476,0.5122924447059631,0.6470016837120056,0.7214910984039307,0.8192720413208008
210,squat,0,0.4339398741722107,0.3235895037651062,-0.06271425634622574,0.999970018863678,0.439134418964386,0.3116990029811859,-0.11187700182199478,0.9999728798866272,0.4426465332508087,0.31074362993240356,-0.11175397038459778,0.9999728798866272,0.4466719329357147,0.30958613753318787,-0.11180363595485687,0.9999794363975525,0.43498826026916504,0.3124347925186157,-0.04268162325024605,0.9999671578407288,0.43567582964897156,0.3120184540748596,-0.042733803391456604,0.9999613165855408,0.4366256296634674,0.31146925687789917,-0.04269535094499588,0.9999678730964661,0.4736763834953308,0.30841439962387085,-0.18540097773075104,0.9999752640724182,0.46437132358551025,0.30955034494400024,0.10434582084417343,0.9999343752861023,0.4534918963909149,0.329656720161438,-0.08796153962612152,0.9999720454216003,0.44670987129211426,0.33103877305984497,-0.002028402639552951,0.9999364614486694,0.5288444757461548,0.3514353930950165,-0.3805655837059021,0.9999693036079407,0.5225176215171814,0.3609502911567688,0.3534723222255707,0.9998106956481934,0.3972700536251068,0.39997705817222595,-0.3560616075992584,0.9913825392723083,0.4171008765697479,0.40945810079574585,0.40419620275497437,0.5504939556121826,0.294696182012558,0.3618635833263397,0.00018289564468432218,0.9800033569335938,0.3034796714782715,0.37288036942481995,0.21715891361236572,0.5827743411064148,0.268339604139328,0.3596721589565277,-0.025371059775352478,0.9651676416397095,0.2775532603263855,0.3696345388889313,0.19702735543251038,0.5241132974624634,0.2724441885948181,0.3529284596443176,-0.023710014298558235,0.96285480260849,0.2830715477466583,0.36474841833114624,0.17063911259174347,0.502196192741394,0.28337809443473816,0.35394030809402466,0.010681726969778538,0.9486570358276367,0.29630494117736816,0.36554765701293945,0.19526103138923645,0.4878096282482147,0.6616631150245667,0.47527673840522766,-0.23690743744373322,0.9998111128807068,0.6417564153671265,0.47579532861709595,0.23705103993415833,0.9995603561401367,0.45301228761672974,0.540069043636322,-0.2676762044429779,0.9914708733558655,0.4593474268913269,0.5331043004989624,0.40275099873542786,0.5542622804641724,0.6004247069358826,0.6379691958427429,-0.14721010625362396,0.9915257692337036,0.5885958671569824,0.6130096912384033,0.6648533940315247,0.7255330681800842,0.6354758143424988,0.6510239839553833,-0.13231347501277924,0.9847068190574646,0.626567542552948,0.6288548111915588,0.6892444491386414,0.7606195211410522,0.49714669585227966,0.6582010984420776,-0.16896918416023254,0.9895357489585876,0.5123542547225952,0.6404001712799072,0.6794484853744507,0.8195388913154602
211,squat,0,0.43189653754234314,0.3285026550292969,-0.08260810375213623,0.9999712705612183,0.43759486079216003,0.3164288401603699,-0.12925873696804047,0.9999743700027466,0.44110822677612305,0.3154701888561249,-0.12920428812503815,0.9999746084213257,0.44516533613204956,0.31438180804252625,-0.12928903102874756,0.9999805688858032,0.4335845112800598,0.317063570022583,-0.06240913271903992,0.9999688863754272,0.43439415097236633,0.3165719509124756,-0.062396712601184845,0.9999634623527527,0.4354904592037201,0.3159526288509369,-0.062346164137125015,0.9999695420265198,0.4717736840248108,0.31330978870391846,-0.21025365591049194,0.9999759793281555,0.463452011346817,0.31398531794548035,0.07968845963478088,0.9999386668205261,0.45168930292129517,0.3346365988254547,-0.10790158063173294,0.9999710917472839,0.445075124502182,0.335964173078537,-0.023204918950796127,0.9999361038208008,0.5241572856903076,0.35686954855918884,-0.4024023115634918,0.9999644756317139,0.5233901143074036,0.36308661103248596,0.3289487063884735,0.9997901320457458,0.3917023837566376,0.40476521849632263,-0.37348082661628723,0.990951418876648,0.4155714809894562,0.4124160706996918,0.39715108275413513,0.5393993258476257,0.28405454754829407,0.36696088314056396,-0.019618943333625793,0.9804002046585083,0.29750311374664307,0.3773093521595001,0.23797190189361572,0.5744370818138123,0.25883519649505615,0.3654663562774658,-0.04757270589470863,0.9663315415382385,0.2697468400001526,0.3745366036891937,0.2198456972837448,0.5203145146369934,0.2624734342098236,0.3594392240047455,-0.04815870150923729,0.9641515612602234,0.27484825253486633,0.3706541955471039,0.1915927529335022,0.49993884563446045,0.2724904417991638,0.35988202691078186,-0.010601646266877651,0.9504875540733337,0.28815045952796936,0.3712935745716095,0.2160007357597351,0.48703533411026,0.6626176238059998,0.4791807234287262,-0.23647122085094452,0.9998271465301514,0.6429949998855591,0.47841036319732666,0.23660346865653992,0.9995971918106079,0.4510209262371063,0.5416125655174255,-0.2582467794418335,0.9916853308677673,0.4591064751148224,0.5348866581916809,0.4121512472629547,0.5485363006591797,0.5995398163795471,0.6378862261772156,-0.14170856773853302,0.9921334981918335,0.5883598327636719,0.6131998896598816,0.685140073299408,0.7309278845787048,0.6354566812515259,0.6508997082710266,-0.12710557878017426,0.9859250783920288,0.6263411641120911,0.6287469267845154,0.7106078267097473,0.7674041390419006,0.49744123220443726,0.6580907702445984,-0.16153709590435028,0.9902891516685486,0.5125740170478821,0.638580322265625,0.7042647004127502,0.8248636722564697
212,squat,0,0.42884835600852966,0.3306753933429718,-0.07679125666618347,0.999971866607666,0.4353702664375305,0.31896549463272095,-0.12247971445322037,0.9999753832817078,0.43891850113868713,0.3181580603122711,-0.12244197726249695,0.999975860118866,0.44312113523483276,0.31721231341362,-0.12253201752901077,0.9999814033508301,0.4314709007740021,0.31955626606941223,-0.055257610976696014,0.9999700784683228,0.43237659335136414,0.3191058039665222,-0.05524532496929169,0.9999649524688721,0.43360239267349243,0.3185480237007141,-0.05519552528858185,0.9999707937240601,0.4698801636695862,0.31684693694114685,-0.2053002417087555,0.9999759793281555,0.46221986413002014,0.3172256648540497,0.08777036517858505,0.9999420046806335,0.4484604001045227,0.33679836988449097,-0.1024780198931694,0.9999686479568481,0.44200530648231506,0.3381477892398834,-0.017080796882510185,0.9999331831932068,0.521272599697113,0.3606511056423187,-0.39885732531547546,0.9999563694000244,0.5234506726264954,0.3664666712284088,0.33526307344436646,0.9997633099555969,0.39027976989746094,0.4086783230304718,-0.37428998947143555,0.9902785420417786,0.41451242566108704,0.4156266450881958,0.410478413105011,0.5265940427780151,0.2761733829975128,0.37213191390037537,-0.03342476859688759,0.9806117415428162,0.293534517288208,0.3827112913131714,0.2498629093170166,0.5644381046295166,0.25090959668159485,0.3716484606266022,-0.06433109939098358,0.9672872424125671,0.26137202978134155,0.3796359896659851,0.23356963694095612,0.5152708888053894,0.25362828373908997,0.366437166929245,-0.06322772055864334,0.9652259349822998,0.26497596502304077,0.37575027346611023,0.20230546593666077,0.4967045187950134,0.2631201148033142,0.3661222457885742,-0.02424747124314308,0.9519529938697815,0.2777288258075714,0.3757128119468689,0.22646288573741913,0.48540040850639343,0.6628251671791077,0.4807920455932617,-0.23639513552188873,0.9998397827148438,0.6450329422950745,0.48057448863983154,0.2365265041589737,0.9996277689933777,0.45012664794921875,0.5423552989959717,-0.2563706934452057,0.9915561676025391,0.4603084921836853,0.5363076329231262,0.40447163581848145,0.5387364029884338,0.5977969169616699,0.6378009915351868,-0.12795302271842957,0.9925333857536316,0.5887606739997864,0.6148717999458313,0.6627588272094727,0.7306795716285706,0.6344698071479797,0.6508749127388,-0.1118026077747345,0.9868804216384888,0.6267388463020325,0.6290711760520935,0.6864431500434875,0.7688999772071838,0.4974662959575653,0.6579548716545105,-0.14326445758342743,0.9908067584037781,0.5132346749305725,0.6381365060806274,0.6746053695678711,0.8257476687431335
213,squat,0,0.42474856972694397,0.33349716663360596,-0.07566425949335098,0.9999729990959167,0.43140703439712524,0.3220478296279907,-0.1215752437710762,0.999976634979248,0.434765487909317,0.3212679922580719,-0.12154725193977356,0.9999772906303406,0.43871426582336426,0.3203606605529785,-0.12163273990154266,0.9999823570251465,0.4281124472618103,0.3225261867046356,-0.05321473255753517,0.9999715089797974,0.42927664518356323,0.3220202624797821,-0.05320138484239578,0.9999668002128601,0.43078887462615967,0.321389764547348,-0.05314897000789642,0.9999723434448242,0.4661898910999298,0.32024306058883667,-0.20947489142417908,0.9999764561653137,0.4598928391933441,0.32038983702659607,0.09009993076324463,0.9999457597732544,0.44400331377983093,0.339916855096817,-0.10329730063676834,0.9999682307243347,0.43850475549697876,0.34111741185188293,-0.016097432002425194,0.9999336004257202,0.5201915502548218,0.3643152117729187,-0.40303951501846313,0.9999520778656006,0.5219556093215942,0.37145498394966125,0.33473044633865356,0.9997487664222717,0.38774988055229187,0.41234779357910156,-0.3871120810508728,0.989829957485199,0.4098494052886963,0.41855689883232117,0.405717134475708,0.5152432322502136,0.27296188473701477,0.3782435655593872,-0.07496068626642227,0.981292188167572,0.28878703713417053,0.38780346512794495,0.24342447519302368,0.5578964352607727,0.2462591975927353,0.3776392936706543,-0.11227773129940033,0.9688479900360107,0.25751858949661255,0.384897917509079,0.22833667695522308,0.5131673216819763,0.24925996363162994,0.372220516204834,-0.10807159543037415,0.9669141173362732,0.25992894172668457,0.3809155225753784,0.19336162507534027,0.4963330626487732,0.2588377594947815,0.37194904685020447,-0.06574360281229019,0.9541526436805725,0.2720034420490265,0.38117021322250366,0.21869215369224548,0.4867584705352783,0.6638291478157043,0.4844132959842682,-0.2362772524356842,0.9998524188995361,0.6461552977561951,0.48393383622169495,0.23641294240951538,0.9996572732925415,0.4493427872657776,0.5428455471992493,-0.25071609020233154,0.991609513759613,0.4585176706314087,0.537539005279541,0.404354065656662,0.5325095653533936,0.5978758931159973,0.6378220319747925,-0.1112862229347229,0.9929688572883606,0.5879313349723816,0.6161144375801086,0.6862599849700928,0.7331233024597168,0.6345493197441101,0.651253879070282,-0.09430845081806183,0.9877766370773315,0.6263728737831116,0.6291636824607849,0.7134309411048889,0.7723580598831177,0.49746090173721313,0.6578768491744995,-0.1298781782388687,0.9913453459739685,0.5124635696411133,0.6382719874382019,0.7017845511436462,0.8291058540344238
214,squat,0,0.42261552810668945,0.34017428755760193,-0.09504816681146622,0.999972403049469,0.42933693528175354,0.32898324728012085,-0.14078889787197113,0.9999766945838928,0.43280112743377686,0.3282438814640045,-0.1407766342163086,0.9999776482582092,0.4367617070674896,0.3274364471435547,-0.14087042212486267,0.9999823570251465,0.42586907744407654,0.32944250106811523,-0.07289127260446548,0.9999713897705078,0.427022248506546,0.328921377658844,-0.07286698371171951,0.9999669194221497,0.42851129174232483,0.3283252418041229,-0.07280884683132172,0.9999725222587585,0.4634990990161896,0.32708126306533813,-0.22782839834690094,0.9999752044677734,0.4574032127857208,0.3272320330142975,0.07007746398448944,0.9999473690986633,0.4416547417640686,0.3465023934841156,-0.12233161181211472,0.9999654293060303,0.4362632930278778,0.34758660197257996,-0.03567884489893913,0.9999296069145203,0.5154574513435364,0.37198665738105774,-0.41605237126350403,0.9999438524246216,0.5218380689620972,0.3754207193851471,0.311750590801239,0.9997193217277527,0.3846961259841919,0.4190705120563507,-0.40152421593666077,0.9891219735145569,0.4065854549407959,0.4230785667896271,0.38404807448387146,0.49288657307624817,0.26509544253349304,0.38681474328041077,-0.09141942113637924,0.9815696477890015,0.2836770713329315,0.3945874869823456,0.20959612727165222,0.5378031730651855,0.23621885478496552,0.38666144013404846,-0.13192127645015717,0.9699103236198425,0.2495158314704895,0.3921424150466919,0.19136370718479156,0.5000173449516296,0.23797500133514404,0.3823655843734741,-0.12644368410110474,0.9680958390235901,0.2526768445968628,0.38896775245666504,0.1552480161190033,0.4849717617034912,0.24848781526088715,0.38214606046676636,-0.08247445523738861,0.9557260870933533,0.26442182064056396,0.38910993933677673,0.18401020765304565,0.4775145351886749,0.6660803556442261,0.49039578437805176,-0.2348947525024414,0.9998623728752136,0.6484260559082031,0.48808974027633667,0.2350376844406128,0.9996806383132935,0.44725099205970764,0.5434998869895935,-0.24187341332435608,0.9915963411331177,0.45666033029556274,0.5382617712020874,0.4003639817237854,0.5249958634376526,0.5979627370834351,0.6382166147232056,-0.09227364510297775,0.9933179616928101,0.5877825021743774,0.6172496676445007,0.6732117533683777,0.734853982925415,0.6346491575241089,0.651631236076355,-0.07377924770116806,0.9885156154632568,0.6263543367385864,0.629343569278717,0.699087917804718,0.7743443250656128,0.4974713623523712,0.658118486404419,-0.10308437794446945,0.9917725324630737,0.5124088525772095,0.6396171450614929,0.6865965127944946,0.8312375545501709
215,squat,0,0.41901811957359314,0.3432036340236664,-0.08780063688755035,0.9999719262123108,0.4263603687286377,0.3323451578617096,-0.13337641954421997,0.999976634979248,0.4299924373626709,0.3315095007419586,-0.13335998356342316,0.9999778866767883,0.43412572145462036,0.33058950304985046,-0.13344986736774445,0.9999822974205017,0.4224788546562195,0.33282288908958435,-0.06540302187204361,0.9999710917472839,0.42336907982826233,0.3323095738887787,-0.06538529694080353,0.9999669790267944,0.42460817098617554,0.33173537254333496,-0.06533607095479965,0.9999726414680481,0.46083229780197144,0.33045604825019836,-0.22022873163223267,0.999973714351654,0.4534565806388855,0.33083564043045044,0.07769052684307098,0.9999487996101379,0.43869733810424805,0.34976568818092346,-0.11505544185638428,0.999962568283081,0.4327019155025482,0.350750207901001,-0.028388570994138718,0.9999253749847412,0.5130762457847595,0.3751339614391327,-0.4087238311767578,0.9999353885650635,0.5174011588096619,0.3790016770362854,0.3165525197982788,0.9996922612190247,0.38327789306640625,0.4233502149581909,-0.4010625183582306,0.9883537888526917,0.4000239074230194,0.4253239035606384,0.37904319167137146,0.4773913621902466,0.2641279101371765,0.39190688729286194,-0.1165536493062973,0.9820721745491028,0.2788742780685425,0.39841100573539734,0.20158818364143372,0.5290611982345581,0.23429818451404572,0.39154890179634094,-0.15989704430103302,0.9712329506874084,0.24554044008255005,0.3961327373981476,0.18333570659160614,0.49706748127937317,0.23505091667175293,0.3874216377735138,-0.15323619544506073,0.9695383310317993,0.24579297006130219,0.39258530735969543,0.14403168857097626,0.484039306640625,0.24550865590572357,0.3870401978492737,-0.10796084254980087,0.9576230645179749,0.2571571171283722,0.3927173912525177,0.1745082437992096,0.4785546362400055,0.6680367588996887,0.4934888184070587,-0.23348847031593323,0.9998706579208374,0.6494981646537781,0.4912910759449005,0.23363317549228668,0.9997009038925171,0.4463379681110382,0.5444995760917664,-0.24208131432533264,0.991619884967804,0.45263010263442993,0.5390006303787231,0.3885311782360077,0.5195021033287048,0.5987792611122131,0.6382681727409363,-0.09321858733892441,0.9936686158180237,0.587797224521637,0.6181154251098633,0.6648991107940674,0.7375484108924866,0.6347230672836304,0.6516125202178955,-0.07502393424510956,0.9892154335975647,0.626419723033905,0.6303251385688782,0.6934802532196045,0.7766525745391846,0.5008742809295654,0.658373236656189,-0.10575368255376816,0.992192804813385,0.5131687521934509,0.6404974460601807,0.6804685592651367,0.8339910507202148
216,squat,0,0.41716304421424866,0.34676143527030945,-0.08903943747282028,0.999971330165863,0.4239785075187683,0.3358238637447357,-0.13479316234588623,0.9999764561653137,0.42751345038414,0.3350299894809723,-0.1347728818655014,0.9999780058860779,0.43156564235687256,0.3342013657093048,-0.13485492765903473,0.9999821186065674,0.42034807801246643,0.33620649576187134,-0.06647665053606033,0.999970555305481,0.4212329685688019,0.3356711268424988,-0.06645984202623367,0.9999668598175049,0.42253416776657104,0.3350977897644043,-0.06640753149986267,0.9999726414680481,0.4581451416015625,0.3341899812221527,-0.22297073900699615,0.9999719858169556,0.45112377405166626,0.3344966471195221,0.07666841149330139,0.9999499917030334,0.43700844049453735,0.35369735956192017,-0.11704409122467041,0.9999601244926453,0.43119704723358154,0.3543018698692322,-0.02986670285463333,0.9999220371246338,0.5094979405403137,0.3798213601112366,-0.40849366784095764,0.9999260902404785,0.5175536870956421,0.3807101249694824,0.3087226450443268,0.9996647238731384,0.37987908720970154,0.4272872507572174,-0.4029580056667328,0.9876186847686768,0.3958888351917267,0.42645910382270813,0.37868914008140564,0.46121853590011597,0.26313653588294983,0.395929217338562,-0.1186915710568428,0.9825432300567627,0.27602648735046387,0.4013562798500061,0.1875343918800354,0.518265962600708,0.2327703833580017,0.39583340287208557,-0.1640162318944931,0.9724493026733398,0.24192118644714355,0.3994893431663513,0.1685265749692917,0.4928951561450958,0.23253796994686127,0.3917334973812103,-0.15699097514152527,0.9708671569824219,0.2423754334449768,0.39636388421058655,0.13152876496315002,0.4820302724838257,0.24334636330604553,0.3912011682987213,-0.11057254672050476,0.9594172239303589,0.25421831011772156,0.396320104598999,0.1603136509656906,0.4788672924041748,0.6695649027824402,0.4964188039302826,-0.23246242105960846,0.9998762011528015,0.6526593565940857,0.4929899275302887,0.23261107504367828,0.9997155070304871,0.4448174238204956,0.5451443195343018,-0.24492283165454865,0.9915836453437805,0.4517463445663452,0.5386937856674194,0.37451478838920593,0.5135502815246582,0.5988121032714844,0.6382396817207336,-0.10026346892118454,0.9939736723899841,0.5877465605735779,0.6181538105010986,0.6367508172988892,0.7390713691711426,0.634754478931427,0.6513741612434387,-0.08210735768079758,0.9898412227630615,0.6264787316322327,0.6304289698600769,0.6626861691474915,0.778562605381012,0.5010464787483215,0.6585162281990051,-0.11100452393293381,0.9925472140312195,0.5131239295005798,0.6419386863708496,0.6485792994499207,0.8357622623443604
217,squat,0,0.41606515645980835,0.35033565759658813,-0.09303712844848633,0.999970018863678,0.4216875731945038,0.3393186628818512,-0.13904079794883728,0.9999756813049316,0.42500513792037964,0.33851882815361023,-0.13902024924755096,0.9999775886535645,0.42888081073760986,0.3376932740211487,-0.1390984058380127,0.9999815225601196,0.4184854030609131,0.33971109986305237,-0.07053916156291962,0.9999692440032959,0.4193742275238037,0.33915504813194275,-0.07051835209131241,0.9999658465385437,0.42072051763534546,0.3385624289512634,-0.07046323269605637,0.9999719262123108,0.4549092650413513,0.33751726150512695,-0.229805126786232,0.9999694228172302,0.44877415895462036,0.3378092050552368,0.07106185704469681,0.9999498724937439,0.4359559416770935,0.3572121560573578,-0.1218428760766983,0.9999565482139587,0.43044212460517883,0.3578610122203827,-0.034381203353405,0.9999167323112488,0.5059251189231873,0.38307833671569824,-0.4129660725593567,0.9999163150787354,0.5174853205680847,0.38244396448135376,0.3010256886482239,0.9996419548988342,0.37528976798057556,0.4307582974433899,-0.40477627515792847,0.986954927444458,0.3941099941730499,0.4289354383945465,0.36632001399993896,0.44557562470436096,0.2597957253456116,0.399876207113266,-0.1167808547616005,0.982934832572937,0.2735663950443268,0.4043577015399933,0.17958509922027588,0.506633460521698,0.2293146401643753,0.3996868431568146,-0.16294768452644348,0.9735005497932434,0.2397356927394867,0.40234607458114624,0.16008040308952332,0.4877302646636963,0.2299911379814148,0.3953130841255188,-0.15540914237499237,0.9720351099967957,0.24041691422462463,0.3989805281162262,0.1300991177558899,0.47896692156791687,0.24132393300533295,0.39479413628578186,-0.1085113137960434,0.9609877467155457,0.25229108333587646,0.39882564544677734,0.15306681394577026,0.47782766819000244,0.6699577569961548,0.49822381138801575,-0.23163574934005737,0.9998804330825806,0.6548132300376892,0.49401766061782837,0.23177173733711243,0.9997278451919556,0.4447811245918274,0.5459685921669006,-0.23412910103797913,0.9913850426673889,0.45252755284309387,0.5387123823165894,0.3848108947277069,0.5058121681213379,0.5988613367080688,0.6381721496582031,-0.06686101108789444,0.994159460067749,0.5882314443588257,0.6181619167327881,0.6595573425292969,0.7393932342529297,0.6350806951522827,0.65086829662323,-0.0460946150124073,0.9903079867362976,0.628196656703949,0.630539059638977,0.6866359114646912,0.7800461053848267,0.5014134645462036,0.6591710448265076,-0.06650347262620926,0.9927623271942139,0.5348345637321472,0.6447493433952332,0.6788191199302673,0.8366270065307617
218,squat,0,0.4133364260196686,0.3574222922325134,-0.10607585310935974,0.9999650716781616,0.41892877221107483,0.34634557366371155,-0.15086543560028076,0.9999721646308899,0.4223621189594269,0.34558117389678955,-0.15085065364837646,0.9999748468399048,0.4262896776199341,0.34468260407447815,-0.150923490524292,0.99997878074646,0.415210098028183,0.3467426300048828,-0.08384864032268524,0.9999644160270691,0.41595765948295593,0.34622398018836975,-0.08383379131555557,0.9999610185623169,0.4170664846897125,0.3456292748451233,-0.08379178494215012,0.9999681711196899,0.4521692395210266,0.3442654013633728,-0.2380683720111847,0.999962568283081,0.445011168718338,0.3445807099342346,0.05665094032883644,0.9999454021453857,0.4336312711238861,0.36432886123657227,-0.13357648253440857,0.9999472498893738,0.4279855191707611,0.36503303050994873,-0.04795360192656517,0.9999027252197266,0.5025408267974854,0.38996461033821106,-0.41747352480888367,0.9998973608016968,0.5166292190551758,0.3883614242076874,0.28401678800582886,0.9996016621589661,0.37321528792381287,0.43755945563316345,-0.4111587405204773,0.986075758934021,0.38973185420036316,0.43527647852897644,0.34022486209869385,0.43112653493881226,0.2594177722930908,0.4073071777820587,-0.13217416405677795,0.9831778407096863,0.27278101444244385,0.4115368723869324,0.16513626277446747,0.49682462215423584,0.22810517251491547,0.4057287871837616,-0.17925606667995453,0.9743067026138306,0.2389087826013565,0.408656507730484,0.14475680887699127,0.4837566018104553,0.22991874814033508,0.40170180797576904,-0.17270906269550323,0.9729601144790649,0.24011412262916565,0.4055763781070709,0.10072614997625351,0.4768805503845215,0.24212615191936493,0.401979923248291,-0.12457077950239182,0.9622149467468262,0.2535199522972107,0.40638840198516846,0.1350405216217041,0.47728821635246277,0.6714759469032288,0.5021857619285583,-0.2280210703611374,0.9998773336410522,0.6579118371009827,0.49775785207748413,0.2281375676393509,0.9997310638427734,0.44571593403816223,0.5461168885231018,-0.223311185836792,0.9908409118652344,0.4537303149700165,0.5388615727424622,0.3821541368961334,0.4976605474948883,0.5993674993515015,0.6381517648696899,-0.04394475370645523,0.9941025972366333,0.5884219408035278,0.618597149848938,0.6541875600814819,0.736714243888855,0.6358417868614197,0.6506831645965576,-0.021726176142692566,0.9905232191085815,0.629177987575531,0.6315604448318481,0.6821548938751221,0.7791319489479065,0.5016338229179382,0.6591756939888,-0.03403811156749725,0.9926954507827759,0.5387890338897705,0.6467877626419067,0.6738891005516052,0.8347539901733398
219,squat,0,0.40964481234550476,0.35999423265457153,-0.10531333833932877,0.999962568283081,0.4153587520122528,0.34916022419929504,-0.15028966963291168,0.9999706745147705,0.41856828331947327,0.3483866751194,-0.15027177333831787,0.9999737739562988,0.422286719083786,0.3475598990917206,-0.15034303069114685,0.9999776482582092,0.412131667137146,0.34950941801071167,-0.08209880441427231,0.9999622702598572,0.41302138566970825,0.34893500804901123,-0.08208189904689789,0.9999589920043945,0.41434070467948914,0.3483145236968994,-0.08203296363353729,0.999966561794281,0.4481061100959778,0.34739595651626587,-0.2402847409248352,0.9999587535858154,0.4423447549343109,0.3475717306137085,0.05949877202510834,0.9999436736106873,0.4295946955680847,0.36677202582359314,-0.1342160999774933,0.999942421913147,0.42429742217063904,0.3673382103443146,-0.04710451140999794,0.9998959302902222,0.49999096989631653,0.3929501175880432,-0.4214043617248535,0.9998839497566223,0.5149655938148499,0.3918687403202057,0.2874632179737091,0.9995675683021545,0.37132811546325684,0.4418283700942993,-0.41540300846099854,0.9850556254386902,0.38766059279441833,0.4394882619380951,0.3386205732822418,0.41611233353614807,0.25703173875808716,0.410884827375412,-0.13603775203227997,0.9834811687469482,0.2718142569065094,0.41512712836265564,0.16397245228290558,0.48410406708717346,0.22622600197792053,0.4093630313873291,-0.1840122640132904,0.9751357436180115,0.23718932271003723,0.4117961823940277,0.14463655650615692,0.47656115889549255,0.22872889041900635,0.4049537479877472,-0.17662793397903442,0.9738881587982178,0.23861312866210938,0.40826210379600525,0.09771516919136047,0.471333384513855,0.2407681792974472,0.4050091803073883,-0.12814202904701233,0.9633883833885193,0.2524748146533966,0.4088897407054901,0.13265353441238403,0.47336769104003906,0.6727352738380432,0.5033809542655945,-0.22797857224941254,0.9998740553855896,0.6599764227867126,0.4989178776741028,0.228096604347229,0.9997314810752869,0.4461585581302643,0.5465285778045654,-0.22531913220882416,0.9902688264846802,0.4538831114768982,0.5394142270088196,0.3819815218448639,0.49048155546188354,0.5993911027908325,0.6380755305290222,-0.05051875486969948,0.9940500259399414,0.589265763759613,0.6188369393348694,0.6545477509498596,0.7332789897918701,0.6358914375305176,0.6506382822990417,-0.029285099357366562,0.990707516670227,0.6296546459197998,0.6317233443260193,0.6820617318153381,0.7780702710151672,0.5012673735618591,0.6587408185005188,-0.05110403522849083,0.9926279187202454,0.5293352603912354,0.643731415271759,0.6742342710494995,0.8327600359916687
220,squat,0,0.406965047121048,0.3628808856010437,-0.1031440794467926,0.9999586343765259,0.4121592938899994,0.3520004451274872,-0.14871472120285034,0.9999681115150452,0.41520318388938904,0.35120290517807007,-0.1486939638853073,0.9999716877937317,0.41887015104293823,0.3503457009792328,-0.14876294136047363,0.9999756217002869,0.4092375934123993,0.3525025248527527,-0.07991201430559158,0.9999587535858154,0.410083144903183,0.35200899839401245,-0.07989640533924103,0.9999555349349976,0.41138309240341187,0.35147660970687866,-0.07985083758831024,0.9999637603759766,0.44477853178977966,0.34985727071762085,-0.24065667390823364,0.9999534487724304,0.4390909969806671,0.3505775034427643,0.062102142721414566,0.9999405145645142,0.42705267667770386,0.3696543276309967,-0.1327851116657257,0.9999355673789978,0.4218390882015228,0.3703906834125519,-0.04484901577234268,0.9998869895935059,0.4988693296909332,0.3956400454044342,-0.4234446883201599,0.9998691082000732,0.5108747482299805,0.3956992030143738,0.2908012270927429,0.9995415210723877,0.36770015954971313,0.44436967372894287,-0.421662300825119,0.9843111038208008,0.3857073485851288,0.442084938287735,0.3398570120334625,0.40365076065063477,0.25572067499160767,0.4135909080505371,-0.14269891381263733,0.9839403629302979,0.27205005288124084,0.41771331429481506,0.16268576681613922,0.4767877459526062,0.22476652264595032,0.4126022756099701,-0.19136962294578552,0.9760945439338684,0.23581652343273163,0.4148356318473816,0.14454758167266846,0.47384458780288696,0.22789666056632996,0.40816929936408997,-0.18419553339481354,0.9749485850334167,0.23823310434818268,0.4110226035118103,0.09614566713571548,0.4702509939670563,0.24020810425281525,0.40798220038414,-0.13493821024894714,0.9647454619407654,0.2520141005516052,0.41132980585098267,0.13091403245925903,0.47375768423080444,0.6762152910232544,0.5051081776618958,-0.2279389500617981,0.9998698234558105,0.6599043011665344,0.5006892085075378,0.22805766761302948,0.9997333288192749,0.4466281235218048,0.547342836856842,-0.22891861200332642,0.9894939064979553,0.4542083740234375,0.540276288986206,0.3685891926288605,0.483515202999115,0.5992339849472046,0.6377321481704712,-0.05442513898015022,0.9939209222793579,0.5892680287361145,0.6190707087516785,0.6290406584739685,0.7286728024482727,0.6359584331512451,0.6506193280220032,-0.033067766577005386,0.9907414317131042,0.629613995552063,0.6317197680473328,0.654543399810791,0.7755777835845947,0.5002268552780151,0.6582074761390686,-0.05277331918478012,0.9924851655960083,0.5180663466453552,0.6427072882652283,0.6472334265708923,0.8296372294425964
221,squat,0,0.4052515923976898,0.36547335982322693,-0.11657112836837769,0.9999541640281677,0.41005879640579224,0.3546612858772278,-0.16243717074394226,0.9999651908874512,0.413116455078125,0.3538317382335663,-0.1624315083026886,0.999969482421875,0.4166474938392639,0.3529861271381378,-0.16250254213809967,0.999973714351654,0.4072890877723694,0.35524341464042664,-0.09466549009084702,0.9999549388885498,0.40813541412353516,0.3548029661178589,-0.09465131908655167,0.9999514818191528,0.40943512320518494,0.35431379079818726,-0.09461872279644012,0.99996018409729,0.44242456555366516,0.35264870524406433,-0.2534250319004059,0.9999485611915588,0.4376927614212036,0.3534194827079773,0.04472782835364342,0.9999367594718933,0.4252254366874695,0.3722778558731079,-0.14546743035316467,0.9999300837516785,0.4201226234436035,0.3730463683605194,-0.058736931532621384,0.9998784065246582,0.4965706765651703,0.3988818824291229,-0.4310082197189331,0.9998612403869629,0.5108689069747925,0.3983718752861023,0.273845911026001,0.9995007514953613,0.3610692024230957,0.44741183519363403,-0.4327056109905243,0.9839567542076111,0.3869768977165222,0.4446938931941986,0.32608672976493835,0.3905603885650635,0.2529316544532776,0.41630274057388306,-0.16602231562137604,0.984477698802948,0.27383697032928467,0.4211043119430542,0.15762647986412048,0.46649476885795593,0.22145311534404755,0.41437095403671265,-0.21623842418193817,0.9771066904067993,0.23680949211120605,0.41662275791168213,0.14043766260147095,0.46797460317611694,0.22565209865570068,0.41014713048934937,-0.20985101163387299,0.9760265946388245,0.24039998650550842,0.41326120495796204,0.09373024106025696,0.4653458595275879,0.238106831908226,0.41044315695762634,-0.15905062854290009,0.9661312699317932,0.2545705735683441,0.4142782986164093,0.12741868197917938,0.47002145648002625,0.6774320602416992,0.5073084235191345,-0.2258179783821106,0.9998676776885986,0.6607549786567688,0.50251704454422,0.22593799233436584,0.9997321367263794,0.4467872977256775,0.5481020212173462,-0.2272919863462448,0.9890183806419373,0.45470771193504333,0.5409360527992249,0.36301082372665405,0.48507192730903625,0.5992501378059387,0.6377226710319519,-0.06153552234172821,0.9938651323318481,0.5887467265129089,0.6198756098747253,0.6215214133262634,0.7277278900146484,0.6363916993141174,0.6510682702064514,-0.041562847793102264,0.9908132553100586,0.6276369094848633,0.6321863532066345,0.6476316452026367,0.7771462798118591,0.5002239942550659,0.6578171253204346,-0.0643681138753891,0.9923739433288574,0.5114727020263672,0.6422631740570068,0.6466146111488342,0.8289784789085388
222,squat,0,0.4035326838493347,0.36954644322395325,-0.13688626885414124,0.9999461770057678,0.4083231985569,0.35871726274490356,-0.1815422624349594,0.9999601244926453,0.4114406704902649,0.35788455605506897,-0.18155404925346375,0.999965488910675,0.4149438738822937,0.35705938935279846,-0.18163353204727173,0.9999703764915466,0.4053843319416046,0.35926908254623413,-0.11475968360900879,0.9999483823776245,0.4061830937862396,0.3587828576564789,-0.11474884301424026,0.9999443888664246,0.4074222445487976,0.35825634002685547,-0.11472364515066147,0.9999540448188782,0.4407716989517212,0.3567633628845215,-0.269237756729126,0.9999406337738037,0.43567368388175964,0.3572174906730652,0.02496068738400936,0.9999296069145203,0.4234939515590668,0.37621793150901794,-0.16457504034042358,0.9999217391014099,0.41815632581710815,0.37701332569122314,-0.07899381965398788,0.9998645782470703,0.4946735203266144,0.40363866090774536,-0.4399001896381378,0.9998515248298645,0.5093405842781067,0.4015665650367737,0.2522973418235779,0.9994389414787292,0.36096471548080444,0.45271241664886475,-0.44236648082733154,0.983190655708313,0.38632503151893616,0.449338436126709,0.307949960231781,0.37479275465011597,0.251181423664093,0.4215933382511139,-0.19315661489963531,0.9847550392150879,0.27340617775917053,0.4257950484752655,0.13991624116897583,0.45205211639404297,0.22020339965820312,0.4199279844760895,-0.24758446216583252,0.9778191447257996,0.2361697256565094,0.4220823645591736,0.12079723179340363,0.4587630331516266,0.22452950477600098,0.4153980314731598,-0.24162672460079193,0.9767916798591614,0.23991380631923676,0.41816288232803345,0.07476198673248291,0.45717185735702515,0.2368142455816269,0.41545915603637695,-0.18728233873844147,0.9670507907867432,0.25466930866241455,0.4189411699771881,0.11049439758062363,0.46313250064849854,0.6778901815414429,0.5099765658378601,-0.22254760563373566,0.9998633861541748,0.6608360409736633,0.5046073198318481,0.22266340255737305,0.9997215867042542,0.4468303918838501,0.5484288930892944,-0.22044767439365387,0.9885116815567017,0.45500051975250244,0.541204571723938,0.3712429106235504,0.4831884801387787,0.5992574095726013,0.6377031207084656,-0.052682168781757355,0.9937170743942261,0.5878928899765015,0.6198264956474304,0.6445751786231995,0.7231820225715637,0.6364687085151672,0.6514593362808228,-0.0330144464969635,0.9906789660453796,0.6261885762214661,0.6317065954208374,0.6729168891906738,0.7759491801261902,0.5004262924194336,0.6573224663734436,-0.05838490650057793,0.9921088814735413,0.509909451007843,0.6400116086006165,0.6801877617835999,0.8262985944747925
223,squat,0,0.4006386399269104,0.37225714325904846,-0.13645724952220917,0.999940037727356,0.4052877724170685,0.36147332191467285,-0.1814192533493042,0.9999563694000244,0.4084164798259735,0.3606184720993042,-0.1814335733652115,0.999962568283081,0.41186851263046265,0.3597666621208191,-0.18152089416980743,0.9999679923057556,0.40245893597602844,0.3620639443397522,-0.11498264223337173,0.9999434947967529,0.40333276987075806,0.36159589886665344,-0.11497277766466141,0.9999391436576843,0.40464842319488525,0.3610662519931793,-0.11494790017604828,0.9999492764472961,0.4381151497364044,0.35927262902259827,-0.26843440532684326,0.9999349117279053,0.43301329016685486,0.3599229156970978,0.024071482941508293,0.9999244213104248,0.4209303557872772,0.3790234327316284,-0.16391146183013916,0.9999160766601562,0.4156738519668579,0.3798258304595947,-0.07873309403657913,0.9998555779457092,0.49426859617233276,0.405619353055954,-0.4402008354663849,0.9998447299003601,0.5068374276161194,0.4049721360206604,0.2516780495643616,0.9993910789489746,0.3599497675895691,0.4557481110095978,-0.44546470046043396,0.9829794764518738,0.38373833894729614,0.4528610110282898,0.3031148612499237,0.3632127046585083,0.2499058097600937,0.425081729888916,-0.19694964587688446,0.9851696491241455,0.27310702204704285,0.42969486117362976,0.13017888367176056,0.44024965167045593,0.21881034970283508,0.42315512895584106,-0.25013813376426697,0.9785947799682617,0.2354261726140976,0.4253888726234436,0.11120883375406265,0.45077231526374817,0.2237587720155716,0.41864240169525146,-0.24454839527606964,0.9776124358177185,0.23950910568237305,0.4217485785484314,0.0674842894077301,0.450053334236145,0.2359466701745987,0.41892147064208984,-0.19112719595432281,0.9680812358856201,0.2540173828601837,0.4225955009460449,0.10179618746042252,0.4571336805820465,0.6794173121452332,0.5116500854492188,-0.21984931826591492,0.9998596906661987,0.6607908606529236,0.506535530090332,0.21998178958892822,0.9997141361236572,0.4471668004989624,0.5481887459754944,-0.22277064621448517,0.9880669116973877,0.4547445774078369,0.5412189364433289,0.36270514130592346,0.4809466004371643,0.5994893908500671,0.6377073526382446,-0.06050671637058258,0.9935590624809265,0.5864052772521973,0.6197930574417114,0.6258270144462585,0.7183346748352051,0.6367751359939575,0.6518183350563049,-0.04136769101023674,0.9905732274055481,0.6232810020446777,0.6314892768859863,0.6527644395828247,0.7746397256851196,0.500778317451477,0.6573448181152344,-0.06627766042947769,0.9918631911277771,0.5089666843414307,0.6399074196815491,0.6614410281181335,0.8233436346054077
224,squat,0,0.4009251594543457,0.3731890916824341,-0.13686777651309967,0.9999347925186157,0.4053058624267578,0.36240819096565247,-0.182149276137352,0.9999532103538513,0.40824827551841736,0.3615838289260864,-0.1821647733449936,0.9999600648880005,0.41144177317619324,0.36078667640686035,-0.18225343525409698,0.9999658465385437,0.4024643898010254,0.3629871904850006,-0.11571795493364334,0.9999396204948425,0.40329691767692566,0.36248254776000977,-0.11571335792541504,0.99993497133255,0.40447601675987244,0.361917644739151,-0.11569483578205109,0.9999454617500305,0.43766629695892334,0.3603503704071045,-0.2709474563598633,0.9999297857284546,0.43279924988746643,0.36077338457107544,0.021707210689783096,0.9999201893806458,0.42088937759399414,0.37997961044311523,-0.16484013199806213,0.9999108910560608,0.4157273769378662,0.3805943429470062,-0.0795959085226059,0.9998475909233093,0.4936314523220062,0.40567782521247864,-0.44245272874832153,0.9998379945755005,0.5043937563896179,0.4047209322452545,0.2482411116361618,0.9993442296981812,0.36079761385917664,0.45693933963775635,-0.4467972218990326,0.982452929019928,0.38223183155059814,0.453700453042984,0.3024018108844757,0.351994127035141,0.24839100241661072,0.4256771206855774,-0.19598747789859772,0.9853465557098389,0.2686898112297058,0.4300723075866699,0.1335940808057785,0.42830437421798706,0.21772629022598267,0.425088495016098,-0.24834361672401428,0.9790987372398376,0.23273755609989166,0.42689037322998047,0.11497100442647934,0.442496657371521,0.22165705263614655,0.42053449153900146,-0.24249202013015747,0.9781498312950134,0.23609590530395508,0.42344945669174194,0.07259014248847961,0.4425210654735565,0.2334822416305542,0.420434832572937,-0.1899050623178482,0.9687085747718811,0.24899880588054657,0.42374762892723083,0.10577896982431412,0.4508107006549835,0.679643452167511,0.5122211575508118,-0.21994727849960327,0.9998576045036316,0.6607443690299988,0.5069649815559387,0.2200857698917389,0.9997077584266663,0.44707348942756653,0.5480321645736694,-0.22340716421604156,0.9876320958137512,0.45250099897384644,0.541088342666626,0.3640563189983368,0.47635942697525024,0.6000515818595886,0.6377557516098022,-0.06259095668792725,0.9934232234954834,0.584357500076294,0.619787335395813,0.6378116607666016,0.7112808227539062,0.6370856165885925,0.652141809463501,-0.04302070289850235,0.9904195070266724,0.6201754808425903,0.6313543319702148,0.6662474870681763,0.7715588212013245,0.5010399222373962,0.6575028896331787,-0.06750840693712234,0.9916174411773682,0.5071812868118286,0.639934241771698,0.6767035126686096,0.8186841011047363
225,squat,0,0.40017199516296387,0.372717022895813,-0.14939264953136444,0.9999268054962158,0.40458184480667114,0.36231327056884766,-0.19416110217571259,0.9999485611915588,0.40721163153648376,0.3616052567958832,-0.19418448209762573,0.9999563097953796,0.4101026952266693,0.36083418130874634,-0.1942700743675232,0.9999628067016602,0.40203195810317993,0.3627861738204956,-0.1284300684928894,0.9999340176582336,0.4028698205947876,0.3623181879520416,-0.12842001020908356,0.9999281764030457,0.40392565727233887,0.36178603768348694,-0.12840592861175537,0.9999390840530396,0.436655730009079,0.3605802357196808,-0.2805638611316681,0.9999233484268188,0.4321594536304474,0.3610980212688446,0.009638826362788677,0.9999125599861145,0.4195120930671692,0.3797864615917206,-0.17601659893989563,0.9999037384986877,0.41442984342575073,0.38022416830062866,-0.09157368540763855,0.9998360872268677,0.4934462308883667,0.4047183096408844,-0.45058557391166687,0.9998354911804199,0.4998624622821808,0.404640257358551,0.24359144270420074,0.9993041753768921,0.36078670620918274,0.4571637809276581,-0.45552054047584534,0.9817470908164978,0.37976592779159546,0.4547227919101715,0.3033117353916168,0.34077632427215576,0.24661113321781158,0.42554542422294617,-0.20644007623195648,0.9855074882507324,0.2657167315483093,0.4297764301300049,0.13591517508029938,0.41890621185302734,0.2174535095691681,0.4250141382217407,-0.25837594270706177,0.9795692563056946,0.23278117179870605,0.4267978072166443,0.11644598096609116,0.43589818477630615,0.22195857763290405,0.42002323269844055,-0.2547638714313507,0.9786543846130371,0.23655107617378235,0.42320796847343445,0.07477724552154541,0.4361971914768219,0.23354755342006683,0.4202393591403961,-0.2008855938911438,0.9692507386207581,0.24815209209918976,0.4235192537307739,0.10830868035554886,0.4451236128807068,0.6793806552886963,0.5121925473213196,-0.22014407813549042,0.9998567700386047,0.6603339910507202,0.507487416267395,0.22028006613254547,0.9997026324272156,0.4468439817428589,0.5478497743606567,-0.2209842950105667,0.9872004389762878,0.45051833987236023,0.5407535433769226,0.39581355452537537,0.4759066700935364,0.6001213192939758,0.6381951570510864,-0.06619025021791458,0.99329674243927,0.5823869705200195,0.618912935256958,0.6743505001068115,0.7077217102050781,0.6370493173599243,0.6529537439346313,-0.046848542988300323,0.9902107119560242,0.6186732053756714,0.6301960349082947,0.7027760744094849,0.7712920904159546,0.5014423727989197,0.6574394702911377,-0.07974137365818024,0.9914057850837708,0.5066273212432861,0.6389852166175842,0.7113466262817383,0.8167218565940857
226,squat,0,0.4009210765361786,0.37225037813186646,-0.1553717851638794,0.9999136328697205,0.40532100200653076,0.36175674200057983,-0.19944413006305695,0.9999399185180664,0.40798482298851013,0.3609330952167511,-0.19946566224098206,0.9999489784240723,0.41093409061431885,0.36009132862091064,-0.19954028725624084,0.9999568462371826,0.40276452898979187,0.36218127608299255,-0.13353461027145386,0.9999242424964905,0.403570294380188,0.3616541028022766,-0.1335243135690689,0.9999164342880249,0.4046003818511963,0.36102983355522156,-0.13351789116859436,0.9999288320541382,0.43754199147224426,0.35963281989097595,-0.2831988036632538,0.9999107122421265,0.4328877031803131,0.3601887822151184,0.008211545646190643,0.9998993277549744,0.42015087604522705,0.3794361352920532,-0.18087710440158844,0.9998894333839417,0.41503897309303284,0.37982821464538574,-0.09613875299692154,0.9998151659965515,0.49409371614456177,0.40427765250205994,-0.455047607421875,0.9998274445533752,0.4968206286430359,0.4042486846446991,0.24498537182807922,0.9992566704750061,0.36160752177238464,0.4569907784461975,-0.46700724959373474,0.9808533787727356,0.37852147221565247,0.45401445031166077,0.30457592010498047,0.33233195543289185,0.24729867279529572,0.4259750247001648,-0.23054374754428864,0.985405683517456,0.2644824683666229,0.42944246530532837,0.13552582263946533,0.41248202323913574,0.21820825338363647,0.4256340265274048,-0.28545165061950684,0.9797113537788391,0.23172491788864136,0.4271780550479889,0.11713479459285736,0.4316468834877014,0.22223550081253052,0.4205099642276764,-0.28052645921707153,0.9788274168968201,0.23535186052322388,0.4233338534832001,0.07564644515514374,0.432250440120697,0.23368704319000244,0.4205767512321472,-0.22478225827217102,0.9692474007606506,0.24661540985107422,0.4233740270137787,0.1081104651093483,0.4415115714073181,0.6792172789573669,0.5113182663917542,-0.22066804766654968,0.9998465180397034,0.6601056456565857,0.5070189833641052,0.2208012342453003,0.9996820092201233,0.44692710041999817,0.5474358797073364,-0.22232723236083984,0.9867368936538696,0.45039939880371094,0.5403218269348145,0.40196672081947327,0.47663798928260803,0.6002224683761597,0.6381615996360779,-0.07141053676605225,0.9932020902633667,0.5825662016868591,0.618545413017273,0.6854947805404663,0.7043271064758301,0.637052059173584,0.6529476642608643,-0.055317800492048264,0.9899849891662598,0.6189959049224854,0.6299793124198914,0.7141070365905762,0.7705175876617432,0.5019310712814331,0.6574407815933228,-0.10231009125709534,0.9911978244781494,0.5069561004638672,0.6390380263328552,0.7204075455665588,0.8142327070236206
227,squat,0,0.40144526958465576,0.37002435326576233,-0.15513873100280762,0.9998975396156311,0.4058707654476166,0.3595317602157593,-0.19776779413223267,0.9999285936355591,0.40859222412109375,0.35875454545021057,-0.19778411090373993,0.9999395608901978,0.41163909435272217,0.35794660449028015,-0.19785821437835693,0.999949038028717,0.40326282382011414,0.35993126034736633,-0.1317535787820816,0.9999114871025085,0.4040648639202118,0.3594125211238861,-0.13174007833003998,0.9999021291732788,0.4050983190536499,0.3588199317455292,-0.13173013925552368,0.9999164938926697,0.4381953477859497,0.35783350467681885,-0.2789454162120819,0.9998931288719177,0.43327459692955017,0.35832422971725464,0.013074206188321114,0.9998823404312134,0.4201979637145996,0.3773695230484009,-0.18025919795036316,0.999869167804718,0.4151686429977417,0.37764060497283936,-0.0953841581940651,0.9997871518135071,0.49444130063056946,0.4032210111618042,-0.4560110569000244,0.9998127222061157,0.4915270507335663,0.4039176404476166,0.2490021139383316,0.9991729259490967,0.36218732595443726,0.4563429653644562,-0.47329750657081604,0.9799544811248779,0.376997172832489,0.45314130187034607,0.3068333566188812,0.3257925510406494,0.24734219908714294,0.42495283484458923,-0.24211759865283966,0.9850432872772217,0.2596788704395294,0.42766761779785156,0.13495734333992004,0.40805721282958984,0.2188987284898758,0.42477571964263916,-0.2976408898830414,0.9795235395431519,0.2288675755262375,0.426217257976532,0.1170821487903595,0.4289274513721466,0.22261399030685425,0.41985294222831726,-0.2926361858844757,0.9786516427993774,0.23252031207084656,0.42221567034721375,0.07586601376533508,0.42990726232528687,0.2338521033525467,0.4197804033756256,-0.2365821748971939,0.9687673449516296,0.24320249259471893,0.42204219102859497,0.10766398906707764,0.439142644405365,0.6796018481254578,0.5101152062416077,-0.2231803983449936,0.9998311400413513,0.6579508185386658,0.5061530470848083,0.2233475148677826,0.9996532201766968,0.44719821214675903,0.5468581914901733,-0.25167468190193176,0.986344039440155,0.4491485357284546,0.5401442646980286,0.3834785223007202,0.47703713178634644,0.6005935668945312,0.6381040811538696,-0.11717851459980011,0.9931646585464478,0.582491397857666,0.6182147860527039,0.6580612063407898,0.70045405626297,0.6370663642883301,0.6525658369064331,-0.10271571576595306,0.9898002743721008,0.6191566586494446,0.6298176646232605,0.6853252649307251,0.7684093713760376,0.5025132894515991,0.6578512191772461,-0.15210223197937012,0.991052508354187,0.5071579217910767,0.6391879320144653,0.6891446709632874,0.8106100559234619
228,squat,0,0.4017646312713623,0.36913326382637024,-0.17506316304206848,0.9998705387115479,0.40632590651512146,0.3585001528263092,-0.21495161950588226,0.9999096989631653,0.4093010425567627,0.3577050566673279,-0.21498118340969086,0.999923586845398,0.41252440214157104,0.35687652230262756,-0.2150697112083435,0.9999359846115112,0.4034561216831207,0.3589167296886444,-0.14924739301204681,0.9998908638954163,0.40439653396606445,0.3583923578262329,-0.149232417345047,0.9998783469200134,0.4054711163043976,0.3577919006347656,-0.149229034781456,0.9998959302902222,0.43937578797340393,0.3567948341369629,-0.287970632314682,0.9998638033866882,0.4335324466228485,0.35725072026252747,0.0033750729635357857,0.9998556971549988,0.42042791843414307,0.3767522871494293,-0.19765841960906982,0.999836802482605,0.41555166244506836,0.3768375813961029,-0.11293428391218185,0.9997434020042419,0.49514663219451904,0.4023301303386688,-0.4669685661792755,0.9997979998588562,0.4896720051765442,0.40353941917419434,0.24411755800247192,0.9990836977958679,0.3625822961330414,0.45566192269325256,-0.4983152151107788,0.9791369438171387,0.3751305043697357,0.45208343863487244,0.3079584240913391,0.321383535861969,0.24806688725948334,0.4243185818195343,-0.2933105230331421,0.9847661852836609,0.25640156865119934,0.42633000016212463,0.13588722050189972,0.40984344482421875,0.21937239170074463,0.42405298352241516,-0.3542221188545227,0.9794157147407532,0.22700929641723633,0.42508628964424133,0.11778262257575989,0.43195316195487976,0.22327189147472382,0.41914841532707214,-0.3496023714542389,0.978556215763092,0.23108337819576263,0.421125203371048,0.07696420699357986,0.43328192830085754,0.23454532027244568,0.4190414249897003,-0.2889200448989868,0.9683520793914795,0.24161416292190552,0.4209025204181671,0.10869841277599335,0.44203394651412964,0.6803199052810669,0.5094024538993835,-0.22590307891368866,0.999812662601471,0.6577410697937012,0.5055871605873108,0.22610853612422943,0.9996177554130554,0.44791996479034424,0.5465285778045654,-0.262774795293808,0.9856773614883423,0.4493125379085541,0.5396397113800049,0.37024617195129395,0.47550418972969055,0.6009634733200073,0.6383056640625,-0.1300913542509079,0.992957592010498,0.5824788212776184,0.6182394623756409,0.6394771933555603,0.6924664974212646,0.6371101140975952,0.652847170829773,-0.11586696654558182,0.9893478751182556,0.6193124055862427,0.6307073831558228,0.6658689975738525,0.7627251148223877,0.5025096535682678,0.6582337021827698,-0.1666863113641739,0.9906157851219177,0.5073436498641968,0.6393123269081116,0.6663685441017151,0.8031167387962341
229,squat,0,0.4029199182987213,0.3663563132286072,-0.16909348964691162,0.9998446702957153,0.40804043412208557,0.35580942034721375,-0.20906604826450348,0.9998908638954163,0.4113013446331024,0.3552202880382538,-0.20909558236598969,0.9999076724052429,0.41492611169815063,0.3546096682548523,-0.2091839611530304,0.9999225735664368,0.40427365899086,0.3562232553958893,-0.14276139438152313,0.9998722076416016,0.40495628118515015,0.3559000790119171,-0.1427437961101532,0.9998574256896973,0.40582719445228577,0.355474054813385,-0.14273475110530853,0.9998785257339478,0.4412182569503784,0.35576778650283813,-0.28273433446884155,0.9998354911804199,0.43406686186790466,0.35634586215019226,0.009964465163648129,0.9998338222503662,0.42083096504211426,0.3748939037322998,-0.19164857268333435,0.9998028874397278,0.41574200987815857,0.3748646080493927,-0.10626786202192307,0.9997028112411499,0.4954087734222412,0.4016740918159485,-0.464258074760437,0.9997818470001221,0.49148938059806824,0.403219610452652,0.24790172278881073,0.9990146160125732,0.36509132385253906,0.45426297187805176,-0.491969496011734,0.9786694645881653,0.37655216455459595,0.4516601264476776,0.3222990930080414,0.31563296914100647,0.2484709471464157,0.42298033833503723,-0.27567559480667114,0.9844672679901123,0.2575511932373047,0.42549929022789,0.1478552222251892,0.4101770222187042,0.21961204707622528,0.4228484332561493,-0.3344603478908539,0.9792253375053406,0.2277824580669403,0.4237801134586334,0.13167676329612732,0.43335822224617004,0.22372077405452728,0.41802942752838135,-0.3286806344985962,0.9783708453178406,0.2315393090248108,0.4199056327342987,0.09042943269014359,0.435078501701355,0.23490752279758453,0.4178065061569214,-0.270140141248703,0.9678516983985901,0.2423102706670761,0.41976597905158997,0.12065156549215317,0.4429704546928406,0.6802214980125427,0.5092691779136658,-0.22908753156661987,0.9997923374176025,0.6577765941619873,0.5054718255996704,0.22930467128753662,0.9995837807655334,0.4481833875179291,0.5463129281997681,-0.2585599720478058,0.9847785234451294,0.4495350420475006,0.538882851600647,0.37122729420661926,0.4697474241256714,0.6013320088386536,0.6390097737312317,-0.12236204743385315,0.9925850033760071,0.5829381942749023,0.6189101338386536,0.6406083106994629,0.6817857027053833,0.6377014517784119,0.6536288857460022,-0.1075109988451004,0.988773763179779,0.6198294162750244,0.6319968700408936,0.6670416593551636,0.7542352080345154,0.5025332570075989,0.658959150314331,-0.15752826631069183,0.9900098443031311,0.5079185366630554,0.6398746371269226,0.6654441356658936,0.7938069105148315
230,squat,0,0.4038209319114685,0.36223623156547546,-0.17635111510753632,0.999819278717041,0.4096384048461914,0.35190349817276,-0.21605175733566284,0.999872624874115,0.413014680147171,0.35147711634635925,-0.21609123051166534,0.9998924136161804,0.416786789894104,0.3510528802871704,-0.21618428826332092,0.9999100565910339,0.40539291501045227,0.3522540330886841,-0.14988140761852264,0.99985271692276,0.4058886170387268,0.3520314693450928,-0.14986100792884827,0.9998362064361572,0.4066004455089569,0.3516674339771271,-0.14985291659832,0.9998612403869629,0.4423006474971771,0.3527608811855316,-0.2885778248310089,0.9998077154159546,0.4348147213459015,0.3528941869735718,0.004040700849145651,0.9998120665550232,0.42091989517211914,0.3710000514984131,-0.19912615418434143,0.9997751116752625,0.415903776884079,0.3711405396461487,-0.11394265294075012,0.9996697306632996,0.4956481158733368,0.40145352482795715,-0.46969249844551086,0.9997697472572327,0.49261921644210815,0.40232065320014954,0.24381572008132935,0.9989174008369446,0.36560848355293274,0.45345282554626465,-0.4904274344444275,0.9783348441123962,0.3786216080188751,0.4511415660381317,0.3162841498851776,0.30586886405944824,0.248760387301445,0.4221414625644684,-0.2775788903236389,0.9841883182525635,0.2585577964782715,0.4254169464111328,0.14683502912521362,0.40384089946746826,0.22026292979717255,0.42190009355545044,-0.3387387692928314,0.979102373123169,0.22845011949539185,0.4235841631889343,0.1312505304813385,0.42891010642051697,0.2240341156721115,0.41759321093559265,-0.3341733515262604,0.9782612323760986,0.23220913112163544,0.4198403060436249,0.08909506350755692,0.43095216155052185,0.2350156307220459,0.41714656352996826,-0.2728799879550934,0.9674777984619141,0.24319154024124146,0.4195748269557953,0.11957687884569168,0.43821004033088684,0.6803417205810547,0.5083726048469543,-0.229318305850029,0.9997767806053162,0.6578754782676697,0.5043742060661316,0.2295602262020111,0.9995453953742981,0.44863253831863403,0.5458180904388428,-0.25989529490470886,0.9844838976860046,0.4496898055076599,0.5381377339363098,0.3720664381980896,0.4661063253879547,0.6018284559249878,0.639677882194519,-0.1327800750732422,0.9923613667488098,0.5828079581260681,0.6190398931503296,0.6459212303161621,0.6732878684997559,0.6384222507476807,0.6542313694953918,-0.11891718208789825,0.9883136749267578,0.6196411848068237,0.6322269439697266,0.6731299757957458,0.7471364140510559,0.5026116967201233,0.6590357422828674,-0.17495015263557434,0.9895744323730469,0.5079565644264221,0.6401296854019165,0.6693599224090576,0.7860230803489685
231,squat,0,0.40550222992897034,0.36059021949768066,-0.17843857407569885,0.999790370464325,0.41174083948135376,0.34977614879608154,-0.21809938549995422,0.9998520612716675,0.41528213024139404,0.3493609130382538,-0.21814215183258057,0.9998757243156433,0.4192192852497101,0.34891390800476074,-0.21824195981025696,0.9998961687088013,0.4073227047920227,0.35003626346588135,-0.1520930975675583,0.999828040599823,0.4078424572944641,0.3497326672077179,-0.15208019316196442,0.9998104572296143,0.40865328907966614,0.3492761552333832,-0.15207421779632568,0.9998406767845154,0.4447169601917267,0.3503251075744629,-0.2910151183605194,0.999777615070343,0.4372674822807312,0.3501812815666199,0.0015130573883652687,0.9997889995574951,0.42238032817840576,0.36906272172927856,-0.20154990255832672,0.9997478723526001,0.41672971844673157,0.3691509962081909,-0.11639682203531265,0.9996299743652344,0.49761244654655457,0.39890003204345703,-0.46785280108451843,0.9997618198394775,0.49345946311950684,0.39975181221961975,0.23595908284187317,0.9988411664962769,0.3680558502674103,0.4533153474330902,-0.49002036452293396,0.9783369898796082,0.3805023431777954,0.44870254397392273,0.3077809512615204,0.30381670594215393,0.2488967329263687,0.4219048023223877,-0.29755377769470215,0.9841635227203369,0.25932812690734863,0.42290884256362915,0.14181193709373474,0.40541428327560425,0.22267140448093414,0.4212952256202698,-0.36051520705223083,0.9792317152023315,0.22865214943885803,0.42100510001182556,0.12549026310443878,0.4311964213848114,0.22586722671985626,0.41620832681655884,-0.3558809757232666,0.9783973693847656,0.2325413078069687,0.4170442521572113,0.08295641094446182,0.4334090054035187,0.23606865108013153,0.41611072421073914,-0.2935211658477783,0.9675178527832031,0.24357277154922485,0.41712722182273865,0.11470213532447815,0.4398115277290344,0.6817288994789124,0.5058961510658264,-0.2281251698732376,0.9997643828392029,0.6578665375709534,0.5019360184669495,0.22841310501098633,0.9995133876800537,0.4503660500049591,0.5453875660896301,-0.2588977813720703,0.9837849736213684,0.4498046636581421,0.5377339124679565,0.36283600330352783,0.4611269235610962,0.602249801158905,0.6397993564605713,-0.13413764536380768,0.9918479323387146,0.5813676714897156,0.618788480758667,0.6267644166946411,0.6597358584403992,0.6388305425643921,0.6543452739715576,-0.12007733434438705,0.9875306487083435,0.6182169318199158,0.6320840716362,0.6533553600311279,0.73665851354599,0.50259929895401,0.6590677499771118,-0.17268957197666168,0.9887845516204834,0.5073766112327576,0.6401754021644592,0.6493538022041321,0.7752404808998108
232,squat,0,0.4081316292285919,0.35828864574432373,-0.16184093058109283,0.9997835755348206,0.4140978157520294,0.3474408686161041,-0.19939903914928436,0.9998468160629272,0.41779688000679016,0.34692126512527466,-0.19943347573280334,0.9998718500137329,0.42180290818214417,0.34633272886276245,-0.19952775537967682,0.9998929500579834,0.40953049063682556,0.3476194143295288,-0.13527318835258484,0.999822199344635,0.41001713275909424,0.3472401201725006,-0.13527868688106537,0.9998050928115845,0.41085872054100037,0.3466876447200775,-0.13526783883571625,0.9998370409011841,0.4471943974494934,0.3470860421657562,-0.26981982588768005,0.9997701644897461,0.4395201504230499,0.3470618724822998,0.015998907387256622,0.9997870326042175,0.42501315474510193,0.3662549555301666,-0.1841767430305481,0.9997413158416748,0.41904494166374207,0.36632442474365234,-0.10129283368587494,0.99961918592453,0.499748557806015,0.39505520462989807,-0.4398963153362274,0.9997571706771851,0.49622249603271484,0.3960951566696167,0.23787689208984375,0.9987865686416626,0.3717591464519501,0.4515491724014282,-0.45868879556655884,0.9784708619117737,0.38546937704086304,0.44596776366233826,0.3110610842704773,0.30457496643066406,0.2509545087814331,0.4198208749294281,-0.2742079794406891,0.9841587543487549,0.2620944678783417,0.42125487327575684,0.15105271339416504,0.40724116563796997,0.22718968987464905,0.417846143245697,-0.3335025906562805,0.9793617725372314,0.2333604097366333,0.4183330237865448,0.13513974845409393,0.43328461050987244,0.2299628108739853,0.4117424488067627,-0.32851946353912354,0.9785152673721313,0.23694917559623718,0.41388967633247375,0.09493695199489594,0.4355016350746155,0.2395123392343521,0.4125381410121918,-0.26875126361846924,0.9676522612571716,0.24731145799160004,0.4145684540271759,0.12502959370613098,0.4412355124950409,0.6828545331954956,0.5029409527778625,-0.22531671822071075,0.999757707118988,0.6602511405944824,0.49933603405952454,0.22561199963092804,0.9994969367980957,0.45199522376060486,0.5445381999015808,-0.2604135274887085,0.9835628271102905,0.45129331946372986,0.5370242595672607,0.34920915961265564,0.45558688044548035,0.6023930907249451,0.6398465037345886,-0.15127776563167572,0.9915736317634583,0.5812338590621948,0.6186823844909668,0.5982875227928162,0.6477888226509094,0.6388825178146362,0.6544898152351379,-0.13856425881385803,0.9871820211410522,0.6180285811424255,0.6319262981414795,0.6235789656639099,0.7270382046699524,0.5025204420089722,0.6590920686721802,-0.18890544772148132,0.9882872104644775,0.5073126554489136,0.6403316855430603,0.6190223693847656,0.7661988139152527
233,squat,0,0.4113694429397583,0.3512296676635742,-0.16141746938228607,0.999773383140564,0.417738676071167,0.34024855494499207,-0.19746316969394684,0.9998399019241333,0.4210648834705353,0.33982041478157043,-0.19748839735984802,0.9998666048049927,0.4249574840068817,0.3391934037208557,-0.19757765531539917,0.9998883605003357,0.413687527179718,0.34072864055633545,-0.1346631944179535,0.9998172521591187,0.4143575429916382,0.3404979407787323,-0.1346844583749771,0.9998007416725159,0.4153650104999542,0.3400912284851074,-0.13467232882976532,0.9998335242271423,0.4515155553817749,0.3404713571071625,-0.2667754888534546,0.9997610449790955,0.44307419657707214,0.34023818373680115,0.016217824071645737,0.9997838139533997,0.42712441086769104,0.3590136468410492,-0.18299534916877747,0.9997312426567078,0.42105385661125183,0.35945117473602295,-0.10051877051591873,0.9996054768562317,0.5015243887901306,0.3897404670715332,-0.43682125210762024,0.9997395873069763,0.5018242001533508,0.39070582389831543,0.2406775802373886,0.9986833333969116,0.3805231750011444,0.4467669427394867,-0.4368954300880432,0.9781688451766968,0.3925473690032959,0.442155659198761,0.3114328384399414,0.302504301071167,0.25877469778060913,0.4130744934082031,-0.21245872974395752,0.9831914305686951,0.27015072107315063,0.4156091809272766,0.15800407528877258,0.4033331871032715,0.23449456691741943,0.41058406233787537,-0.2603529393672943,0.9783197641372681,0.24184173345565796,0.4122183620929718,0.1417822688817978,0.4293385148048401,0.23670594394207,0.40472835302352905,-0.25976845622062683,0.9774099588394165,0.2450830340385437,0.4082131087779999,0.10748892277479172,0.43121233582496643,0.24682149291038513,0.4056418836116791,-0.20770306885242462,0.9661270976066589,0.25559261441230774,0.4089035987854004,0.1344670206308365,0.4358295202255249,0.6837402582168579,0.4983157515525818,-0.22422251105308533,0.999746561050415,0.6657230854034424,0.49484238028526306,0.22452932596206665,0.9994733333587646,0.45688843727111816,0.542717695236206,-0.26659274101257324,0.9835675954818726,0.45826196670532227,0.5354017019271851,0.3502182364463806,0.44995948672294617,0.6024603843688965,0.6398880481719971,-0.17645646631717682,0.9914037585258484,0.5817800760269165,0.6192538142204285,0.5932111740112305,0.6371952295303345,0.6388899087905884,0.6545039415359497,-0.16554337739944458,0.9869881868362427,0.6180787682533264,0.6327207088470459,0.6174101233482361,0.7175298929214478,0.5025880932807922,0.65922611951828,-0.22116580605506897,0.9879380464553833,0.507483959197998,0.6409560441970825,0.6110842227935791,0.7570635676383972
234,squat,0,0.4149167239665985,0.34761422872543335,-0.17934846878051758,0.9997532963752747,0.4215323030948639,0.33643704652786255,-0.21459533274173737,0.9998255968093872,0.42488425970077515,0.3359466791152954,-0.21461762487888336,0.9998542666435242,0.42903029918670654,0.3351963758468628,-0.21469920873641968,0.9998776912689209,0.4176516830921173,0.33693909645080566,-0.15199728310108185,0.9998060464859009,0.41825640201568604,0.3367559313774109,-0.15202130377292633,0.9997888207435608,0.4192093312740326,0.33638158440589905,-0.1520172506570816,0.9998237490653992,0.4558470547199249,0.3366410434246063,-0.27569201588630676,0.9997384548187256,0.4462074637413025,0.3364802896976471,0.0032350062392652035,0.9997715950012207,0.4303590953350067,0.3550606369972229,-0.19874808192253113,0.9997105598449707,0.4236004948616028,0.3556353449821472,-0.11728230863809586,0.9995781183242798,0.5031312704086304,0.38619139790534973,-0.4393739402294159,0.99972003698349,0.5082619786262512,0.38551774621009827,0.23260128498077393,0.998561680316925,0.3901062309741974,0.4428344964981079,-0.44271227717399597,0.977721631526947,0.4007802903652191,0.4383106231689453,0.31163373589515686,0.2998422682285309,0.2726131081581116,0.4091606140136719,-0.22201955318450928,0.9821226596832275,0.28152334690093994,0.4109627306461334,0.16134633123874664,0.4024761915206909,0.24532707035541534,0.40708085894584656,-0.26773837208747864,0.9771551489830017,0.2511686384677887,0.4079969823360443,0.14528760313987732,0.42920589447021484,0.24723853170871735,0.40175849199295044,-0.271533340215683,0.9761969447135925,0.2545569837093353,0.40445029735565186,0.1099911704659462,0.43102940917015076,0.2582343816757202,0.4023185074329376,-0.21858252584934235,0.9643722176551819,0.2658420503139496,0.4048570394515991,0.13765442371368408,0.4344511330127716,0.6856054067611694,0.4949769079685211,-0.22358617186546326,0.999732494354248,0.6700741648674011,0.4906693696975708,0.2238890826702118,0.9994370341300964,0.4605746567249298,0.541402280330658,-0.2682940363883972,0.9833762049674988,0.46286261081695557,0.5338003039360046,0.35040929913520813,0.44693103432655334,0.6022033095359802,0.6397156715393066,-0.18565696477890015,0.9911407232284546,0.5810827612876892,0.6192436814308167,0.604422390460968,0.6275033950805664,0.638656735420227,0.6544933915138245,-0.1758539080619812,0.9865862131118774,0.6173267960548401,0.632695734500885,0.6293621063232422,0.7097017765045166,0.5025854706764221,0.6593503952026367,-0.23683364689350128,0.9875282049179077,0.5068630576133728,0.6415997743606567,0.6248195171356201,0.7498664259910583
235,squat,0,0.41858625411987305,0.3440113961696625,-0.17466077208518982,0.9997469186782837,0.424891859292984,0.33269524574279785,-0.21405652165412903,0.9998209476470947,0.4285442531108856,0.3320223391056061,-0.21409262716770172,0.9998500347137451,0.4328489899635315,0.33115166425704956,-0.21417991816997528,0.9998738169670105,0.42080041766166687,0.3333699405193329,-0.1492074429988861,0.9998040795326233,0.42127659916877747,0.3332497775554657,-0.14920681715011597,0.9997863173484802,0.4220569431781769,0.33291900157928467,-0.14918816089630127,0.9998216032981873,0.4594743251800537,0.33254343271255493,-0.26623326539993286,0.9997305274009705,0.44825512170791626,0.3329501748085022,0.01031505037099123,0.9997678995132446,0.43482068181037903,0.351188600063324,-0.19806966185569763,0.9996991157531738,0.42727336287498474,0.352046400308609,-0.11471681296825409,0.9995641112327576,0.5072684288024902,0.37964877486228943,-0.43490397930145264,0.999704897403717,0.5123565196990967,0.38243141770362854,0.24493767321109772,0.9984754920005798,0.3957032859325409,0.43774375319480896,-0.43743380904197693,0.9774061441421509,0.40543103218078613,0.4360086917877197,0.3304471969604492,0.3022117614746094,0.2800324857234955,0.40537723898887634,-0.20876258611679077,0.9811760783195496,0.28749415278434753,0.40831202268600464,0.17839495837688446,0.40517914295196533,0.2536439597606659,0.4020708203315735,-0.2533334791660309,0.976064920425415,0.2588493227958679,0.40427353978157043,0.1628795713186264,0.4311292767524719,0.2565827965736389,0.3963847756385803,-0.25592103600502014,0.9750525951385498,0.2614761292934418,0.40019065141677856,0.1300199031829834,0.4329061806201935,0.26701971888542175,0.3975681662559509,-0.20473232865333557,0.9628291130065918,0.2717069983482361,0.40107616782188416,0.15534701943397522,0.4354093372821808,0.6871411204338074,0.4909849762916565,-0.22376276552677155,0.9997228384017944,0.6727376580238342,0.4874270558357239,0.22406932711601257,0.9994205832481384,0.4636451303958893,0.5402179956436157,-0.28068986535072327,0.9832906723022461,0.4655853509902954,0.5333760976791382,0.34977707266807556,0.44423985481262207,0.6022264361381531,0.6397091746330261,-0.20717988908290863,0.9910642504692078,0.5811171531677246,0.6195767521858215,0.5911428928375244,0.6199367046356201,0.6386275291442871,0.6544359922409058,-0.19818110764026642,0.9865144491195679,0.6173274517059326,0.6331650018692017,0.6145696043968201,0.7036111950874329,0.5025931000709534,0.6593849062919617,-0.2622300684452057,0.9874255061149597,0.5060713887214661,0.6422808766365051,0.6041428446769714,0.7439680695533752
236,squat,0,0.42271414399147034,0.33823636174201965,-0.1939411461353302,0.9997342228889465,0.42911744117736816,0.3268465995788574,-0.2289772629737854,0.9998124241828918,0.43315452337265015,0.32612404227256775,-0.22899897396564484,0.9998419880867004,0.43720895051956177,0.3254687190055847,-0.22908473014831543,0.9998671412467957,0.4244478940963745,0.32776111364364624,-0.1654672771692276,0.9997973442077637,0.42481404542922974,0.32770729064941406,-0.16548274457454681,0.9997780919075012,0.4254666566848755,0.32746443152427673,-0.1654801368713379,0.9998152852058411,0.46375733613967896,0.32743239402770996,-0.2795211374759674,0.9997147917747498,0.4511536657810211,0.3280676603317261,-0.0009572079870849848,0.999756932258606,0.43889039754867554,0.34583455324172974,-0.21171686053276062,0.9996827244758606,0.43077725172042847,0.34681734442710876,-0.12944138050079346,0.999539315700531,0.5108506083488464,0.3756505250930786,-0.44083255529403687,0.9996915459632874,0.5164003968238831,0.37713703513145447,0.23642748594284058,0.9983628988265991,0.40200725197792053,0.43432915210723877,-0.4459933042526245,0.9772775173187256,0.41111522912979126,0.43204179406166077,0.3263002038002014,0.3026103675365448,0.28622567653656006,0.40208253264427185,-0.24665240943431854,0.9805741310119629,0.2927132546901703,0.40390974283218384,0.17667314410209656,0.40715813636779785,0.26006701588630676,0.39841344952583313,-0.29679539799690247,0.9754086136817932,0.26452475786209106,0.3999309241771698,0.1597590148448944,0.43334975838661194,0.26311618089675903,0.3928340673446655,-0.2985593378543854,0.974381148815155,0.26732146739959717,0.3954524099826813,0.12914125621318817,0.4351125657558441,0.2732323110103607,0.39389434456825256,-0.24336208403110504,0.9618452787399292,0.27712565660476685,0.39630770683288574,0.1548234522342682,0.43650022149086,0.6895598769187927,0.4876638352870941,-0.22362159192562103,0.9997144937515259,0.6727387309074402,0.4836040437221527,0.22392253577709198,0.9993959069252014,0.46652060747146606,0.5392507910728455,-0.2847396433353424,0.9833450317382812,0.4671003818511963,0.5326418280601501,0.3521762788295746,0.4453166127204895,0.6022942066192627,0.63972008228302,-0.2136460393667221,0.9910363554954529,0.5803109407424927,0.6195516586303711,0.5913402438163757,0.6152381896972656,0.6388899087905884,0.6545709371566772,-0.2047458291053772,0.9863468408584595,0.6156349182128906,0.6331290006637573,0.6149308085441589,0.6994861364364624,0.502907395362854,0.6593862175941467,-0.26906144618988037,0.9873647689819336,0.505187451839447,0.6424956321716309,0.6070131659507751,0.7409770488739014
237,squat,0,0.42607465386390686,0.3336133658885956,-0.19414572417736053,0.9997273683547974,0.4328276515007019,0.3224738836288452,-0.2273535132408142,0.9998072981834412,0.4369499981403351,0.3217003047466278,-0.22737275063991547,0.9998363852500916,0.4409545958042145,0.3210686147212982,-0.22746260464191437,0.9998626708984375,0.428166002035141,0.32337918877601624,-0.16494229435920715,0.9997948408126831,0.4285396933555603,0.32330322265625,-0.16496266424655914,0.9997739791870117,0.4291839599609375,0.3230227530002594,-0.16496074199676514,0.999812662601471,0.46752992272377014,0.3231932520866394,-0.2790122330188751,0.9997013807296753,0.4547482132911682,0.3237520456314087,-0.0007856763550080359,0.9997501969337463,0.44202038645744324,0.34117236733436584,-0.2100253850221634,0.9996675252914429,0.43391042947769165,0.3421127200126648,-0.12914535403251648,0.9995172619819641,0.5146691203117371,0.37089458107948303,-0.43703681230545044,0.9996705651283264,0.5205671191215515,0.37295880913734436,0.235139399766922,0.9982213377952576,0.406660258769989,0.4310614764690399,-0.44000089168548584,0.97696453332901,0.41575607657432556,0.42903047800064087,0.32524675130844116,0.3031553328037262,0.2940217852592468,0.39849841594696045,-0.24186964333057404,0.9798428416252136,0.30044928193092346,0.3999563455581665,0.1744643747806549,0.4087291657924652,0.26882556080818176,0.39464080333709717,-0.28842470049858093,0.9745960831642151,0.2726653814315796,0.3959081768989563,0.15788109600543976,0.43490755558013916,0.27151328325271606,0.38908281922340393,-0.2923668324947357,0.9735344052314758,0.27481234073638916,0.3914598524570465,0.12440051138401031,0.43672603368759155,0.28111228346824646,0.38984930515289307,-0.23954886198043823,0.9607003331184387,0.284636914730072,0.3919263780117035,0.1513233333826065,0.43746381998062134,0.6911212205886841,0.483476459980011,-0.22047074139118195,0.9997004270553589,0.6731062531471252,0.4795354902744293,0.22075118124485016,0.9993575811386108,0.4706902503967285,0.5389421582221985,-0.28090131282806396,0.9833070039749146,0.4706277847290039,0.5324060320854187,0.35004544258117676,0.4458324611186981,0.6021502614021301,0.6393369436264038,-0.21067535877227783,0.9908876419067383,0.5801876783370972,0.6194462180137634,0.582903265953064,0.6095377802848816,0.6387819051742554,0.6545305252075195,-0.20226147770881653,0.9860667586326599,0.6148020029067993,0.6331133246421814,0.6060009002685547,0.6935403347015381,0.5034899115562439,0.6590087413787842,-0.26402780413627625,0.9871127605438232,0.5051286220550537,0.6423045992851257,0.6000868082046509,0.7367532849311829
238,squat,0,0.4297739267349243,0.3219875991344452,-0.1381043940782547,0.9997435808181763,0.43685808777809143,0.31107449531555176,-0.17928878962993622,0.9998186826705933,0.44019755721092224,0.3105912208557129,-0.17926929891109467,0.9998459815979004,0.44399601221084595,0.31001174449920654,-0.17933478951454163,0.9998705983161926,0.43374496698379517,0.311592161655426,-0.11174516379833221,0.9998075366020203,0.4347350299358368,0.3114495575428009,-0.11178265511989594,0.9997883439064026,0.4359455108642578,0.31118515133857727,-0.11178697645664215,0.9998248219490051,0.47149255871772766,0.31167203187942505,-0.2558799982070923,0.9997188448905945,0.46368134021759033,0.3114269971847534,0.04280318692326546,0.9997656941413879,0.4446401596069336,0.32997041940689087,-0.16334976255893707,0.999686062335968,0.43897175788879395,0.3306370973587036,-0.07597967982292175,0.999544084072113,0.5187002420425415,0.35993441939353943,-0.4273465573787689,0.9996784329414368,0.5254039764404297,0.36350518465042114,0.28086039423942566,0.9982554316520691,0.41900721192359924,0.42285123467445374,-0.4025333523750305,0.9769931435585022,0.42735716700553894,0.4224326014518738,0.369332492351532,0.30390945076942444,0.3053590953350067,0.38899198174476624,-0.1273549497127533,0.978812038898468,0.31228694319725037,0.39163315296173096,0.2313833385705948,0.4076228439807892,0.2811073660850525,0.3863665461540222,-0.16464437544345856,0.9732413291931152,0.28398752212524414,0.3886528015136719,0.22107653319835663,0.4318821430206299,0.2837299406528473,0.38020506501197815,-0.16454742848873138,0.9721029996871948,0.28610193729400635,0.3831736147403717,0.19015830755233765,0.43343767523765564,0.2938201129436493,0.3801746666431427,-0.12028366327285767,0.9587762355804443,0.2957485318183899,0.3828047811985016,0.20975635945796967,0.4338155686855316,0.6917767524719238,0.4749273657798767,-0.22789452970027924,0.9997105002403259,0.6767687797546387,0.47300559282302856,0.22823046147823334,0.999380886554718,0.4770834147930145,0.5377025008201599,-0.3099997639656067,0.9839692711830139,0.4795076847076416,0.5315856337547302,0.36177271604537964,0.44894009828567505,0.6021886467933655,0.6389120221138,-0.26374489068984985,0.9912497401237488,0.5802016854286194,0.6195215582847595,0.6040205359458923,0.6134458780288696,0.63878333568573,0.6545177698135376,-0.2576819956302643,0.986477255821228,0.6139659285545349,0.6331413984298706,0.6276800632476807,0.6961034536361694,0.5039504766464233,0.6579646468162537,-0.33033743500709534,0.9876267313957214,0.5041045546531677,0.6423237323760986,0.6132471561431885,0.741184413433075
239,squat,0,0.4332209527492523,0.3145657777786255,-0.10238237679004669,0.9997618198394775,0.4410734474658966,0.3042004704475403,-0.1454821228981018,0.9998310208320618,0.44427770376205444,0.3038945496082306,-0.14546677470207214,0.9998563528060913,0.4476800560951233,0.30351588129997253,-0.1455380618572235,0.9998792409896851,0.43830612301826477,0.30462342500686646,-0.07566230744123459,0.99982088804245,0.43975844979286194,0.3044917583465576,-0.07569939643144608,0.9998034834861755,0.4412994682788849,0.3042389154434204,-0.07570961117744446,0.9998377561569214,0.4757925570011139,0.3057765066623688,-0.22913867235183716,0.999737560749054,0.4694770574569702,0.30552974343299866,0.0794953852891922,0.9997826814651489,0.4469948709011078,0.3231208622455597,-0.1296737939119339,0.9997056722640991,0.44209396839141846,0.3236423134803772,-0.039639923721551895,0.99957275390625,0.5224648714065552,0.3528895974159241,-0.41130784153938293,0.9996892213821411,0.528770923614502,0.358328640460968,0.3190828561782837,0.9983172416687012,0.4318661093711853,0.41715937852859497,-0.393271803855896,0.9769884943962097,0.4400922358036041,0.4174387753009796,0.4012584686279297,0.30738040804862976,0.31384459137916565,0.3845106363296509,-0.12638358771800995,0.9783468842506409,0.3188226819038391,0.3873452842235565,0.25817227363586426,0.41181859374046326,0.288539856672287,0.3815503418445587,-0.16511404514312744,0.9725421071052551,0.28995394706726074,0.3840707540512085,0.24942722916603088,0.433024525642395,0.29094046354293823,0.37521636486053467,-0.1624135971069336,0.971321165561676,0.2916454076766968,0.3782200813293457,0.2164054811000824,0.43444591760635376,0.3016244173049927,0.37508124113082886,-0.11855512857437134,0.9577564597129822,0.3016310930252075,0.37770670652389526,0.23529528081417084,0.43482986092567444,0.6919708251953125,0.4703945815563202,-0.234723761677742,0.9997153282165527,0.6796562075614929,0.4686184227466583,0.2350841611623764,0.9994017481803894,0.48355698585510254,0.537359893321991,-0.3047986924648285,0.984611988067627,0.48493796586990356,0.5310401320457458,0.342095285654068,0.45483365654945374,0.6015287041664124,0.6382613778114319,-0.23688644170761108,0.9915561079978943,0.5811349153518677,0.6198738217353821,0.5755106210708618,0.6179322600364685,0.6381521224975586,0.6544062495231628,-0.22842344641685486,0.9868093729019165,0.6142386198043823,0.6340499520301819,0.597698450088501,0.6988515257835388,0.5031147003173828,0.656827449798584,-0.2979010343551636,0.9880388379096985,0.5014472007751465,0.6424615979194641,0.5735667943954468,0.7448614835739136
240,squat,0,0.4391612112522125,0.30993422865867615,-0.10950085520744324,0.9997764825820923,0.44747206568717957,0.2994574010372162,-0.15008831024169922,0.999840259552002,0.4509495496749878,0.29901382327079773,-0.15008412301540375,0.9998639225959778,0.45431116223335266,0.2986518442630768,-0.15016359090805054,0.9998852610588074,0.4440833032131195,0.3000466227531433,-0.08282548934221268,0.9998312592506409,0.44539231061935425,0.2998436689376831,-0.08286814391613007,0.9998151063919067,0.4468260705471039,0.299495667219162,-0.0828881785273552,0.9998477697372437,0.48156610131263733,0.3011399507522583,-0.2231573462486267,0.9997510313987732,0.4735877811908722,0.30117344856262207,0.0739603340625763,0.9997957944869995,0.4532242715358734,0.31824395060539246,-0.13263270258903503,0.999718964099884,0.44758185744285583,0.31863611936569214,-0.045967552810907364,0.9995937347412109,0.5245183110237122,0.34762701392173767,-0.40457478165626526,0.9996963143348694,0.5315142273902893,0.35312435030937195,0.31623005867004395,0.9983769059181213,0.4383060932159424,0.41216933727264404,-0.3784985840320587,0.9771589636802673,0.447833389043808,0.41225090622901917,0.4042014479637146,0.31595081090927124,0.32389551401138306,0.3793983459472656,-0.09690875560045242,0.9776506423950195,0.32808104157447815,0.382743775844574,0.2658312916755676,0.4240609407424927,0.2983248829841614,0.37681666016578674,-0.13129936158657074,0.971514880657196,0.29903504252433777,0.37945541739463806,0.256540983915329,0.44175025820732117,0.3018605411052704,0.37047281861305237,-0.13227757811546326,0.9702281951904297,0.3011859059333801,0.37392860651016235,0.22434920072555542,0.4433346390724182,0.3127223551273346,0.3704781234264374,-0.08979632705450058,0.9564772248268127,0.31198129057884216,0.37378445267677307,0.24345174431800842,0.44357767701148987,0.6919489502906799,0.4668935239315033,-0.2343948483467102,0.9997220039367676,0.6801953315734863,0.4643392264842987,0.23473916947841644,0.9994263052940369,0.4867531657218933,0.5363924503326416,-0.3031657338142395,0.9851690530776978,0.4885401427745819,0.5298322439193726,0.34477341175079346,0.4586033523082733,0.6015509366989136,0.637348473072052,-0.2242165058851242,0.9918106198310852,0.5819584727287292,0.6191887855529785,0.5837838649749756,0.6212280988693237,0.6381179094314575,0.6540161967277527,-0.2140890657901764,0.9870942234992981,0.6147007346153259,0.6340188384056091,0.6068350076675415,0.7002296447753906,0.5039893984794617,0.6550317406654358,-0.2768390476703644,0.9884195923805237,0.5013734698295593,0.6417549252510071,0.5890554189682007,0.747938334941864
241,squat,0,0.4441031515598297,0.30232512950897217,-0.05935263633728027,0.999795138835907,0.4531187415122986,0.29217132925987244,-0.1025993674993515,0.9998530745506287,0.45645856857299805,0.2918490469455719,-0.1025768592953682,0.9998747706413269,0.45974811911582947,0.29156482219696045,-0.10263654589653015,0.9998943209648132,0.450101375579834,0.292654812335968,-0.03413468971848488,0.999845027923584,0.4515569508075714,0.2925003468990326,-0.03418079763650894,0.999830424785614,0.4531036615371704,0.2922125458717346,-0.034198153764009476,0.9998605847358704,0.48721393942832947,0.294756144285202,-0.18664486706256866,0.9997705817222595,0.4803730845451355,0.29465681314468384,0.11428111046552658,0.9998128414154053,0.45739907026290894,0.31108617782592773,-0.08683165907859802,0.9997389316558838,0.45230939984321594,0.31145647168159485,0.0010052172001451254,0.9996234774589539,0.5270068645477295,0.34121769666671753,-0.3729346990585327,0.9997075200080872,0.5353888869285583,0.3473949432373047,0.34896594285964966,0.9984530210494995,0.44229626655578613,0.4064772427082062,-0.3293670415878296,0.9772714376449585,0.4544052183628082,0.40717118978500366,0.43498554825782776,0.3248899281024933,0.3295776844024658,0.37285763025283813,-0.018905865028500557,0.9765395522117615,0.3352563977241516,0.3768722116947174,0.3078010380268097,0.4333517849445343,0.30423200130462646,0.3711358904838562,-0.04301655292510986,0.9698786735534668,0.3060545027256012,0.3739326298236847,0.30292701721191406,0.44654232263565063,0.30827242136001587,0.36477386951446533,-0.04593704268336296,0.968429446220398,0.3085320293903351,0.3686392307281494,0.27416205406188965,0.44813281297683716,0.319342702627182,0.36467245221138,-0.010746394284069538,0.9543800354003906,0.3200584053993225,0.3686590790748596,0.28726285696029663,0.4481680691242218,0.6917161345481873,0.4614992141723633,-0.2340322732925415,0.9997294545173645,0.6805990934371948,0.46017563343048096,0.23436802625656128,0.9994530081748962,0.4895167648792267,0.5339556336402893,-0.31296151876449585,0.9857710599899292,0.49497002363204956,0.5278169512748718,0.30672165751457214,0.46601349115371704,0.6018290519714355,0.6370622515678406,-0.2699582874774933,0.992085337638855,0.5828755497932434,0.6183699369430542,0.5051562190055847,0.6266799569129944,0.6378033757209778,0.6532077193260193,-0.26473334431648254,0.987489640712738,0.6157255172729492,0.6339679956436157,0.5228802561759949,0.7036280632019043,0.503952145576477,0.6547943353652954,-0.33121126890182495,0.9888191223144531,0.5007748007774353,0.6416310667991638,0.5020637512207031,0.7519925832748413
242,squat,0,0.45302069187164307,0.2936268746852875,-0.03549392148852348,0.9998140335083008,0.45997944474220276,0.2823026180267334,-0.0828196257352829,0.9998664855957031,0.46295666694641113,0.28189221024513245,-0.08277279138565063,0.9998860955238342,0.4663550555706024,0.2813032567501068,-0.08281390368938446,0.9999039173126221,0.45794209837913513,0.28249675035476685,-0.012250684201717377,0.9998593330383301,0.45938876271247864,0.2822153866291046,-0.012300046160817146,0.9998461008071899,0.4610816538333893,0.28174784779548645,-0.01233823224902153,0.9998735785484314,0.49515384435653687,0.28332075476646423,-0.178323432803154,0.9997914433479309,0.4912254512310028,0.28295034170150757,0.13103562593460083,0.9998301863670349,0.467637300491333,0.3014895021915436,-0.06660297513008118,0.9997615814208984,0.46362411975860596,0.3019654452800751,0.023807892575860023,0.9996568560600281,0.5313600301742554,0.3282688558101654,-0.36837050318717957,0.9997286796569824,0.5431839823722839,0.33414217829704285,0.37679946422576904,0.9985687732696533,0.45286521315574646,0.395215779542923,-0.31041407585144043,0.9772177338600159,0.4664795696735382,0.39662185311317444,0.4634746015071869,0.3329872488975525,0.34048765897750854,0.363827645778656,0.0408051572740078,0.9750692844390869,0.3453631103038788,0.36702215671539307,0.33176761865615845,0.44478774070739746,0.31652209162712097,0.3611100912094116,0.02343863621354103,0.9676612615585327,0.319068044424057,0.36358964443206787,0.3289659023284912,0.4533440172672272,0.3211304545402527,0.3536617159843445,0.02264982834458351,0.9659661054611206,0.32324647903442383,0.35750144720077515,0.30000928044319153,0.4544793665409088,0.33150672912597656,0.35411033034324646,0.05191512033343315,0.9512947797775269,0.33406177163124084,0.3581143021583557,0.3115966320037842,0.45338141918182373,0.6904398202896118,0.4535830616950989,-0.24309077858924866,0.9997486472129822,0.680681586265564,0.4521822929382324,0.24343374371528625,0.9994935393333435,0.4959002733230591,0.5319726467132568,-0.3475761115550995,0.986610472202301,0.4999062120914459,0.5257077217102051,0.31833386421203613,0.4787697196006775,0.603598952293396,0.6375129222869873,-0.35594773292541504,0.9926005005836487,0.5827517509460449,0.6177473664283752,0.5417811870574951,0.6373150944709778,0.6377769112586975,0.6528317332267761,-0.35694682598114014,0.9881486892700195,0.6157253384590149,0.6338797807693481,0.5634760856628418,0.7112374901771545,0.5055654644966125,0.6553080677986145,-0.44682323932647705,0.9895637035369873,0.5007816553115845,0.6417531371116638,0.5489856004714966,0.7613140344619751
243,squat,0,0.4584742486476898,0.28546446561813354,-0.054340723901987076,0.9998300075531006,0.46702292561531067,0.2751023769378662,-0.09988269209861755,0.9998776316642761,0.47058266401290894,0.2746931314468384,-0.09985508024692535,0.9998953938484192,0.47431954741477966,0.2742825746536255,-0.09991545975208282,0.9999117851257324,0.46427062153816223,0.27534058690071106,-0.02926972508430481,0.9998714327812195,0.4657178223133087,0.27506691217422485,-0.029321126639842987,0.9998593926429749,0.46755144000053406,0.27466148138046265,-0.029365915805101395,0.9998846054077148,0.5021717548370361,0.27694347500801086,-0.18967582285404205,0.9998087286949158,0.49658697843551636,0.2766219675540924,0.11982283741235733,0.9998447895050049,0.47243478894233704,0.2937142848968506,-0.08325240761041641,0.9997798204421997,0.4676104187965393,0.29405251145362854,0.007112407125532627,0.9996844530105591,0.5393803715705872,0.322848379611969,-0.3768041729927063,0.9997435212135315,0.5460031032562256,0.32914990186691284,0.36757439374923706,0.9986604452133179,0.4591211974620819,0.38936173915863037,-0.32419225573539734,0.9775696992874146,0.47116029262542725,0.39107590913772583,0.4326592981815338,0.3408696949481964,0.34637901186943054,0.35608360171318054,0.020201636478304863,0.9735367298126221,0.35201600193977356,0.36019936203956604,0.28505122661590576,0.45222654938697815,0.3223302662372589,0.3538939654827118,-0.0005988882621750236,0.9650552272796631,0.3265765905380249,0.35747748613357544,0.277106910943985,0.4551411271095276,0.3265930712223053,0.3468851149082184,0.00024114857660606503,0.9630879163742065,0.33231139183044434,0.3513278067111969,0.24686823785305023,0.4556599259376526,0.3372935652732849,0.3471970558166504,0.03172123059630394,0.9475283026695251,0.3433093726634979,0.3516412675380707,0.26317915320396423,0.45382583141326904,0.6896183490753174,0.44837018847465515,-0.2428436130285263,0.9997615814208984,0.6795169115066528,0.4470861852169037,0.24319952726364136,0.9995235800743103,0.5018156170845032,0.5313939452171326,-0.3360793888568878,0.9872949719429016,0.5060529112815857,0.5250418782234192,0.3256649374961853,0.4898127615451813,0.6037843823432922,0.6378351449966431,-0.33084163069725037,0.9929194450378418,0.5825591087341309,0.6175353527069092,0.553809642791748,0.6440597176551819,0.6372787952423096,0.6529370546340942,-0.33165866136550903,0.9884238839149475,0.6153331995010376,0.6339811682701111,0.574967622756958,0.7146468162536621,0.5060395002365112,0.6562483310699463,-0.42815443873405457,0.989994466304779,0.5008107423782349,0.6432124376296997,0.552246630191803,0.7664405107498169
244,squat,0,0.4638879895210266,0.27828869223594666,-0.05654435232281685,0.9998430013656616,0.47337403893470764,0.26750504970550537,-0.10186344385147095,0.9998865127563477,0.47710278630256653,0.2669963240623474,-0.10184919834136963,0.9999027252197266,0.48092254996299744,0.26649248600006104,-0.10192220658063889,0.9999179840087891,0.4701240062713623,0.2679240107536316,-0.032196708023548126,0.9998814463615417,0.4713001847267151,0.26766639947891235,-0.03225317969918251,0.9998704195022583,0.47293779253959656,0.2672881484031677,-0.03232130408287048,0.9998937845230103,0.5073322653770447,0.2689421474933624,-0.18902786076068878,0.9998230338096619,0.5012381076812744,0.2689855992794037,0.11529077589511871,0.99985671043396,0.4785344898700714,0.2860611379146576,-0.08412295579910278,0.9997934699058533,0.47313281893730164,0.2864881157875061,0.004719020798802376,0.9997062683105469,0.5440260767936707,0.31623154878616333,-0.3745834529399872,0.9997548460960388,0.5522745251655579,0.3212750554084778,0.36765363812446594,0.9987348318099976,0.4638206660747528,0.3834410309791565,-0.3042024075984955,0.9776062369346619,0.47780412435531616,0.38551682233810425,0.42049404978752136,0.34362998604774475,0.35001489520072937,0.35089775919914246,0.07724924385547638,0.971028745174408,0.35932713747024536,0.355555921792984,0.28130751848220825,0.4550393223762512,0.3253817856311798,0.34800249338150024,0.06611631065607071,0.9613622426986694,0.332482248544693,0.35265272855758667,0.26557233929634094,0.45349183678627014,0.3289526402950287,0.34068992733955383,0.06597361713647842,0.9590286016464233,0.3384784460067749,0.345678448677063,0.2293718010187149,0.4531483054161072,0.34038299322128296,0.3415345549583435,0.09041216224431992,0.942436695098877,0.35094326734542847,0.34637561440467834,0.2507300078868866,0.4503587782382965,0.6874194145202637,0.4436396062374115,-0.24190986156463623,0.999774158000946,0.6772153973579407,0.4419652223587036,0.24223874509334564,0.9995486736297607,0.5056208968162537,0.5313424468040466,-0.33059945702552795,0.9878669381141663,0.5102779269218445,0.5244255661964417,0.33337855339050293,0.49344682693481445,0.6040427684783936,0.6378425359725952,-0.3349589407444,0.9931651949882507,0.5841532349586487,0.617456316947937,0.5586482882499695,0.6442525386810303,0.6372686624526978,0.6537559628486633,-0.3378254473209381,0.9885352849960327,0.6160467863082886,0.6344229578971863,0.5759106874465942,0.711920440196991,0.5061756372451782,0.6562669277191162,-0.43721887469291687,0.9903327226638794,0.5013341307640076,0.6424539089202881,0.5614063143730164,0.7676181197166443
245,squat,0,0.4688854217529297,0.27240413427352905,-0.058270540088415146,0.999855637550354,0.4792320430278778,0.26186123490333557,-0.10272540152072906,0.9998953342437744,0.48298823833465576,0.2611895501613617,-0.10272390395402908,0.9999101161956787,0.487069308757782,0.2604500949382782,-0.10280289500951767,0.9999241232872009,0.4757539927959442,0.26237180829048157,-0.033542513847351074,0.9998912811279297,0.47691217064857483,0.2620220482349396,-0.03361671045422554,0.9998812675476074,0.4786030948162079,0.2614836096763611,-0.03368966281414032,0.9999027848243713,0.5132523775100708,0.26217538118362427,-0.18511810898780823,0.9998375773429871,0.5069348216056824,0.2625502347946167,0.11587535589933395,0.9998685121536255,0.4842485785484314,0.2802901864051819,-0.08410045504570007,0.9998078346252441,0.4787590503692627,0.2806355655193329,0.0037258544471114874,0.9997283816337585,0.5496973395347595,0.3089398443698883,-0.3712925612926483,0.9997665882110596,0.5576251149177551,0.3150344789028168,0.37052294611930847,0.9988189935684204,0.4707281291484833,0.37748274207115173,-0.3093455731868744,0.9779787063598633,0.4822157919406891,0.38105541467666626,0.3691347539424896,0.3505665361881256,0.35770148038864136,0.3467845320701599,0.07273953408002853,0.9696668982505798,0.3660811185836792,0.35326826572418213,0.11028548330068588,0.4660365879535675,0.33121392130851746,0.34477877616882324,0.06302595138549805,0.9588965177536011,0.3390434682369232,0.3518277108669281,0.09409071505069733,0.46022090315818787,0.3337463438510895,0.3372954726219177,0.0664912685751915,0.9562183618545532,0.34206077456474304,0.3440968096256256,0.07665541768074036,0.45895618200302124,0.34610533714294434,0.33790040016174316,0.08793983608484268,0.9388680458068848,0.35499128699302673,0.343935489654541,0.09160807728767395,0.4548811912536621,0.6848470568656921,0.4387790858745575,-0.2416491061449051,0.9997864365577698,0.6753152012825012,0.4380391538143158,0.24196729063987732,0.9995752573013306,0.5098866820335388,0.529927134513855,-0.31919625401496887,0.9884094595909119,0.5154010057449341,0.5230234861373901,0.3347313404083252,0.49798667430877686,0.6038765907287598,0.6368054151535034,-0.3032754361629486,0.9933660626411438,0.5868280529975891,0.6169425845146179,0.5629799365997314,0.6461281180381775,0.6351251602172852,0.6537348628044128,-0.3019532859325409,0.9886944890022278,0.6169828176498413,0.6343885660171509,0.582477331161499,0.7103450894355774,0.505774736404419,0.6562402248382568,-0.3955913484096527,0.9906293153762817,0.5039159059524536,0.6410908102989197,0.5624924302101135,0.7694131731987
246,squat,0,0.47801879048347473,0.26103487610816956,-0.04749007150530815,0.9998683929443359,0.4876961410045624,0.2500034272670746,-0.09085170179605484,0.9999043941497803,0.49168699979782104,0.2494397759437561,-0.09085546433925629,0.99991774559021,0.496370404958725,0.24874372780323029,-0.0909431055188179,0.9999305605888367,0.48375430703163147,0.2504793405532837,-0.022501925006508827,0.9999011158943176,0.4846283793449402,0.2502702474594116,-0.02258525975048542,0.9998921155929565,0.4859943985939026,0.24987132847309113,-0.022659318521618843,0.9999117255210876,0.5243089199066162,0.25087451934814453,-0.16987819969654083,0.999852180480957,0.515026867389679,0.251323938369751,0.12652556598186493,0.999880313873291,0.49444252252578735,0.26902851462364197,-0.07219759374856949,0.9998236894607544,0.48743897676467896,0.26966267824172974,0.014270213432610035,0.9997515082359314,0.5585278272628784,0.29660722613334656,-0.35462895035743713,0.999778151512146,0.5603858232498169,0.30508145689964294,0.3811125159263611,0.9989078044891357,0.48235541582107544,0.3664536774158478,-0.2851731479167938,0.9783230423927307,0.4986376464366913,0.37311697006225586,0.32509845495224,0.36132192611694336,0.36814433336257935,0.33915644884109497,0.12107386440038681,0.9676651358604431,0.3810783624649048,0.34744247794151306,0.014595909044146538,0.48004859685897827,0.3402632474899292,0.337390661239624,0.12116041034460068,0.9555772542953491,0.35637572407722473,0.3469669818878174,-0.00629450473934412,0.46989905834198,0.34180423617362976,0.3309706747531891,0.12705862522125244,0.9524385929107666,0.35844534635543823,0.3396528959274292,-0.015218819491565228,0.4672597348690033,0.3548307716846466,0.3313748240470886,0.13904136419296265,0.934291422367096,0.36966586112976074,0.3387068510055542,-0.0013868046225979924,0.46169912815093994,0.6840795278549194,0.4300997853279114,-0.23901323974132538,0.9997981786727905,0.670688807964325,0.4307175278663635,0.23927612602710724,0.9996002316474915,0.523666262626648,0.5267263054847717,-0.31833064556121826,0.988874077796936,0.5251625776290894,0.5199798345565796,0.3358604907989502,0.49969422817230225,0.6039895415306091,0.6351247429847717,-0.31691157817840576,0.993450939655304,0.5878725647926331,0.6158768534660339,0.5510450601577759,0.6422796845436096,0.6352307796478271,0.6526972055435181,-0.32039371132850647,0.9885234832763672,0.617387592792511,0.6339048743247986,0.5681390762329102,0.7033695578575134,0.5047527551651001,0.6562858819961548,-0.42568135261535645,0.9907279014587402,0.5036466717720032,0.6405637264251709,0.5384618043899536,0.766450047492981
247,squat,0,0.48331812024116516,0.25477880239486694,-0.050578612834215164,0.9998807311058044,0.49408283829689026,0.24356967210769653,-0.0924421176314354,0.9999133348464966,0.49801549315452576,0.24297568202018738,-0.09245526790618896,0.9999253153800964,0.5025928616523743,0.2422962188720703,-0.09255758672952652,0.9999369382858276,0.48976460099220276,0.2438131868839264,-0.024874737486243248,0.9999105334281921,0.4904031455516815,0.24338923394680023,-0.024923160672187805,0.9999023675918579,0.4915146827697754,0.2428639680147171,-0.02497127279639244,0.999920129776001,0.5291656851768494,0.24442483484745026,-0.1650979220867157,0.9998663067817688,0.5198845863342285,0.24486930668354034,0.1289273351430893,0.9998915791511536,0.49832114577293396,0.26320838928222656,-0.07287842035293579,0.9998399019241333,0.4918913245201111,0.26354658603668213,0.012935337610542774,0.9997745752334595,0.5637999773025513,0.29184359312057495,-0.3498821258544922,0.9997949600219727,0.5644060969352722,0.3013240694999695,0.3880903720855713,0.9989975690841675,0.4921054244041443,0.3629148006439209,-0.28211936354637146,0.9787933230400085,0.5041019320487976,0.3706494867801666,0.3028833568096161,0.3777192234992981,0.37404441833496094,0.33890995383262634,0.11119317263364792,0.9661005735397339,0.3871690332889557,0.3466818630695343,-0.05278540402650833,0.4999259114265442,0.3481491208076477,0.3377537131309509,0.10690287500619888,0.9529502391815186,0.3651619553565979,0.3457162380218506,-0.07978251576423645,0.48556122183799744,0.3492130935192108,0.330759197473526,0.11262515932321548,0.9494453072547913,0.3660842776298523,0.33820709586143494,-0.0921115055680275,0.4817337989807129,0.3621370494365692,0.33136868476867676,0.12872663140296936,0.9304278492927551,0.3771826922893524,0.33819177746772766,-0.07155855000019073,0.4745732843875885,0.6808707118034363,0.4253047704696655,-0.23856870830059052,0.999812126159668,0.6671310663223267,0.42576074600219727,0.23883812129497528,0.999626100063324,0.531597375869751,0.5252881646156311,-0.32767367362976074,0.9895654916763306,0.5320618748664856,0.5190528631210327,0.3844870924949646,0.5059998631477356,0.604445219039917,0.6351799964904785,-0.34816673398017883,0.9937272071838379,0.5894160866737366,0.6147913336753845,0.6087788939476013,0.6426541805267334,0.6351385712623596,0.6526160836219788,-0.35517051815986633,0.9886054992675781,0.6175827980041504,0.6331422924995422,0.6264965534210205,0.6978690028190613,0.5022576451301575,0.6562965512275696,-0.4785051941871643,0.9910436868667603,0.5042151808738708,0.6392614245414734,0.5849020481109619,0.7654556035995483
248,squat,0,0.48629656434059143,0.24972878396511078,-0.0390036515891552,0.9998924136161804,0.49585357308387756,0.2392006665468216,-0.08106479048728943,0.9999218583106995,0.49955835938453674,0.23865549266338348,-0.08108474314212799,0.9999326467514038,0.5037517547607422,0.23801590502262115,-0.08119971305131912,0.9999430775642395,0.4924231469631195,0.23915056884288788,-0.011637452058494091,0.9999193549156189,0.49349212646484375,0.23862487077713013,-0.011646849103271961,0.9999120235443115,0.49506503343582153,0.2379486858844757,-0.01164733525365591,0.9999279975891113,0.530901312828064,0.23957420885562897,-0.16165190935134888,0.9998795390129089,0.5241087079048157,0.23964035511016846,0.14153121411800385,0.9999022483825684,0.501995861530304,0.2587215006351471,-0.06455490738153458,0.9998555183410645,0.4973737299442291,0.25906121730804443,0.023737670853734016,0.9997966289520264,0.5688967704772949,0.2853500247001648,-0.3491334319114685,0.9998134970664978,0.5679836869239807,0.29612472653388977,0.39168432354927063,0.9990887641906738,0.5076143145561218,0.3591625392436981,-0.2923787832260132,0.979713499546051,0.5146106481552124,0.369098424911499,0.23677025735378265,0.3960787057876587,0.3802570104598999,0.3351217210292816,0.08666148036718369,0.9657168984413147,0.3974432349205017,0.3452736437320709,-0.2094316929578781,0.520658016204834,0.35343796014785767,0.33329230546951294,0.07881709933280945,0.9515213966369629,0.3741675317287445,0.34373170137405396,-0.24738216400146484,0.5029187202453613,0.35543105006217957,0.3275892436504364,0.08885809034109116,0.9477590322494507,0.3752385377883911,0.33813124895095825,-0.25672009587287903,0.49777811765670776,0.3670201599597931,0.3280216455459595,0.10591576993465424,0.9280592203140259,0.38491514325141907,0.33805516362190247,-0.22924546897411346,0.4888792932033539,0.6784058213233948,0.4219905138015747,-0.2384062558412552,0.9998266696929932,0.6649432182312012,0.4225575625896454,0.2386789619922638,0.9996543526649475,0.5391912460327148,0.5250213742256165,-0.32622435688972473,0.9903563261032104,0.5399027466773987,0.5197901129722595,0.3949691355228424,0.5184741616249084,0.6048845052719116,0.6353138089179993,-0.32370126247406006,0.99400395154953,0.5907776355743408,0.6175011396408081,0.6217356324195862,0.6519445776939392,0.635205864906311,0.6517838835716248,-0.3270454406738281,0.9887478947639465,0.6183682084083557,0.6345307230949402,0.6394831538200378,0.6994382739067078,0.5022933483123779,0.656050443649292,-0.4440750181674957,0.991313099861145,0.5042226314544678,0.6395024061203003,0.5897337794303894,0.7692485451698303
249,squat,0,0.48942074179649353,0.24602080881595612,-0.03395620733499527,0.9999026656150818,0.49733108282089233,0.23461000621318817,-0.0753462165594101,0.9999291896820068,0.5007952451705933,0.23407825827598572,-0.07539582997560501,0.99993896484375,0.5047879815101624,0.23355677723884583,-0.07551233470439911,0.9999484419822693,0.49472033977508545,0.23457415401935577,-0.0042649623937904835,0.9999270439147949,0.4962436258792877,0.23399615287780762,-0.004232580307871103,0.9999204277992249,0.49830135703086853,0.23338447511196136,-0.004238899797201157,0.9999348521232605,0.5331260561943054,0.23512372374534607,-0.15949340164661407,0.9998911619186401,0.5278350114822388,0.23507533967494965,0.15174448490142822,0.9999114871025085,0.5058948993682861,0.25493550300598145,-0.06066444143652916,0.9998691082000732,0.5023590922355652,0.25538623332977295,0.029997488483786583,0.9998156428337097,0.5733561515808105,0.28082600235939026,-0.3512946367263794,0.9998304843902588,0.5704457759857178,0.2919459342956543,0.4032401144504547,0.9991655945777893,0.5213040113449097,0.3554665148258209,-0.3346291482448578,0.9810566306114197,0.5261395573616028,0.366821825504303,0.2915390133857727,0.40830954909324646,0.3878020942211151,0.33362752199172974,-0.05206680670380592,0.9674174785614014,0.40893012285232544,0.3447395861148834,-0.06262397021055222,0.5385090708732605,0.36152148246765137,0.3328467011451721,-0.07395190745592117,0.9531699419021606,0.3835429549217224,0.3433181345462799,-0.08863798528909683,0.5166443586349487,0.36054250597953796,0.3266773223876953,-0.05245806276798248,0.9493973255157471,0.38378605246543884,0.3386671245098114,-0.10776478052139282,0.5106596946716309,0.372600257396698,0.32712480425834656,-0.03009459190070629,0.9296799898147583,0.3939208984375,0.3384641408920288,-0.08451371639966965,0.5002846717834473,0.6755415797233582,0.41896146535873413,-0.2382384091615677,0.9998349547386169,0.6630693078041077,0.42043986916542053,0.23851026594638824,0.9996687769889832,0.5497713685035706,0.5243389010429382,-0.30653294920921326,0.9908697009086609,0.550457775592804,0.5198087096214294,0.33209678530693054,0.5298662185668945,0.6047438979148865,0.6354032158851624,-0.27577024698257446,0.9939742684364319,0.5908592343330383,0.6214466094970703,0.5180262327194214,0.6575193405151367,0.6351689100265503,0.651629626750946,-0.278268039226532,0.9884229898452759,0.6183683276176453,0.6378698945045471,0.5315076112747192,0.6998531818389893,0.5003572106361389,0.6552221179008484,-0.415902704000473,0.990923285484314,0.49952834844589233,0.640645444393158,0.4696507453918457,0.7672797441482544
250,squat,0,0.49233266711235046,0.24160178005695343,-0.03609473630785942,0.9999107718467712,0.4989173710346222,0.23026269674301147,-0.07707500457763672,0.9999347925186157,0.5025098323822021,0.2297230064868927,-0.07713202387094498,0.9999436140060425,0.5063648223876953,0.2292466163635254,-0.07724693417549133,0.9999524354934692,0.4961865544319153,0.23026952147483826,-0.006116187199950218,0.9999330043792725,0.4976649284362793,0.22970165312290192,-0.006070531904697418,0.9999269247055054,0.49971386790275574,0.22916008532047272,-0.0060959262773394585,0.9999400973320007,0.5348830819129944,0.23040200769901276,-0.16165077686309814,0.999900758266449,0.5291813015937805,0.23059429228305817,0.14949670433998108,0.9999184012413025,0.5095559358596802,0.2505680024623871,-0.06236322969198227,0.9998796582221985,0.5057002902030945,0.250864714384079,0.02830781228840351,0.9998298287391663,0.5772231817245483,0.2763676047325134,-0.3520379662513733,0.9998452663421631,0.5703257322311401,0.285598486661911,0.40090546011924744,0.9992220401763916,0.5331317782402039,0.35255271196365356,-0.37450605630874634,0.9823632836341858,0.5322403311729431,0.3615594804286957,0.2944420278072357,0.4131353497505188,0.3959266245365143,0.3322296738624573,-0.1412174105644226,0.9693525433540344,0.4129897654056549,0.34208759665489197,-0.010414047166705132,0.54918372631073,0.3700704574584961,0.3325219452381134,-0.17046357691287994,0.9552531838417053,0.38753676414489746,0.3413825035095215,-0.031862419098615646,0.5232574939727783,0.3682044744491577,0.3265524208545685,-0.14495781064033508,0.9515543580055237,0.387346476316452,0.3368421792984009,-0.055626194924116135,0.5166023373603821,0.3807344138622284,0.3267495334148407,-0.11940527707338333,0.9319965839385986,0.39717549085617065,0.3366219997406006,-0.03347287327051163,0.5053154230117798,0.672810435295105,0.4163283109664917,-0.2380654662847519,0.9998306035995483,0.6589202284812927,0.4167259931564331,0.23833970725536346,0.9996470212936401,0.5559473037719727,0.5221558809280396,-0.2920411229133606,0.9910840392112732,0.5552888512611389,0.5174944996833801,0.2936609387397766,0.534657895565033,0.6047402620315552,0.6351142525672913,-0.24841737747192383,0.993520200252533,0.5924769043922424,0.6212021708488464,0.4567103385925293,0.6543601155281067,0.6351800560951233,0.6516242623329163,-0.2500913739204407,0.9872106313705444,0.6183878183364868,0.6376543641090393,0.46766218543052673,0.6934599876403809,0.5000381469726562,0.6544614434242249,-0.3839851915836334,0.9896154403686523,0.4994190037250519,0.6406558752059937,0.399499773979187,0.7576960921287537
251,squat,0,0.49785715341567993,0.2373853325843811,-0.041455138474702835,0.999914824962616,0.5026775598526001,0.22609524428844452,-0.08290920406579971,0.9999375343322754,0.5061957836151123,0.22542349994182587,-0.08291742950677872,0.999945342540741,0.509860634803772,0.2248365730047226,-0.08298418670892715,0.9999539852142334,0.5000424385070801,0.22615137696266174,-0.012410766445100307,0.9999361038208008,0.5013715624809265,0.22550009191036224,-0.012438410893082619,0.999930202960968,0.5032925605773926,0.22484034299850464,-0.012450873851776123,0.9999428391456604,0.5374301075935364,0.22515834867954254,-0.16741712391376495,0.9999075531959534,0.5320680737495422,0.22530990839004517,0.14251112937927246,0.9999212026596069,0.5158042311668396,0.24561916291713715,-0.06652627885341644,0.9998868703842163,0.5116191506385803,0.2460685521364212,0.02377295307815075,0.9998387694358826,0.5808042883872986,0.2710411250591278,-0.3548044264316559,0.9998574256896973,0.5744320750236511,0.2759837508201599,0.3768131136894226,0.9992647171020508,0.5531454682350159,0.35089632868766785,-0.37138840556144714,0.9830979108810425,0.5490700006484985,0.354753315448761,0.2900818884372711,0.39999231696128845,0.4170713722705841,0.33357852697372437,-0.07812976092100143,0.9687912464141846,0.42760464549064636,0.341582715511322,-0.0559835247695446,0.5385113954544067,0.39048099517822266,0.33520856499671936,-0.10103173553943634,0.9531669616699219,0.3982887864112854,0.3425642251968384,-0.08166352659463882,0.513131320476532,0.3871115744113922,0.32859838008880615,-0.08631544560194016,0.9493090510368347,0.39517512917518616,0.3377709686756134,-0.11261343955993652,0.5065038800239563,0.3985978066921234,0.32805734872817993,-0.059460509568452835,0.9286398887634277,0.4060142934322357,0.33684125542640686,-0.08235002309083939,0.4951859414577484,0.6643984913825989,0.4116707444190979,-0.2305464893579483,0.9998205900192261,0.6510781645774841,0.4103879928588867,0.2308397740125656,0.9995825886726379,0.5683287382125854,0.521052896976471,-0.23360255360603333,0.9907727241516113,0.5667788982391357,0.5141122341156006,0.379893034696579,0.5183297395706177,0.6050661206245422,0.6346845626831055,-0.19767425954341888,0.9922513961791992,0.5950330495834351,0.620833694934845,0.5721257925033569,0.6402369737625122,0.6351384520530701,0.6516640782356262,-0.2012070268392563,0.9845630526542664,0.6182117462158203,0.6373999118804932,0.5841728448867798,0.6768970489501953,0.49764955043792725,0.6540136933326721,-0.3383321762084961,0.9870535135269165,0.49953693151474,0.6398746967315674,0.4667709767818451,0.7425563335418701
252,squat,0,0.49923470616340637,0.23413249850273132,-0.047390688210725784,0.9999110698699951,0.5038155913352966,0.22305120527744293,-0.09211265295743942,0.9999332427978516,0.5074330568313599,0.2224637269973755,-0.09221960604190826,0.9999396800994873,0.5111659169197083,0.22191034257411957,-0.09236709028482437,0.9999498128890991,0.5009565353393555,0.22311438620090485,-0.018653344362974167,0.9999309778213501,0.5024277567863464,0.22252671420574188,-0.018542565405368805,0.9999237060546875,0.504334032535553,0.22186431288719177,-0.018567051738500595,0.9999374747276306,0.5398982763290405,0.22170965373516083,-0.19015362858772278,0.9999088644981384,0.534466564655304,0.22136040031909943,0.13111934065818787,0.9999068975448608,0.5164927244186401,0.24242523312568665,-0.07675554603338242,0.999886691570282,0.5124684572219849,0.2426365464925766,0.017350276932120323,0.9998309016227722,0.5885508060455322,0.2660815417766571,-0.36523768305778503,0.9998682141304016,0.576052725315094,0.2722066342830658,0.359963595867157,0.9992717504501343,0.5713619589805603,0.3471115231513977,-0.3771694302558899,0.9841557145118713,0.5616035461425781,0.35088813304901123,0.2902788817882538,0.3768906593322754,0.42875808477401733,0.33615201711654663,-0.12123771011829376,0.9695507884025574,0.44340676069259644,0.3429485261440277,-0.05992851406335831,0.5149245858192444,0.3990005850791931,0.33822101354599,-0.15354827046394348,0.9528284668922424,0.4135618805885315,0.3450559973716736,-0.08778384327888489,0.49205780029296875,0.39604222774505615,0.3316127061843872,-0.13079117238521576,0.9490489363670349,0.4116736650466919,0.3401043713092804,-0.1273282766342163,0.48607680201530457,0.4082964062690735,0.33101630210876465,-0.10056107491254807,0.9276755452156067,0.42198318243026733,0.3388867974281311,-0.090159572660923,0.47554877400398254,0.6612056493759155,0.4088538885116577,-0.22616001963615417,0.9997556805610657,0.6438591480255127,0.40879184007644653,0.22643586993217468,0.9993927478790283,0.579535186290741,0.517937421798706,-0.18091195821762085,0.9900391101837158,0.5736680626869202,0.5125154852867126,0.34900614619255066,0.5066925287246704,0.6050046682357788,0.632605254650116,-0.08530429005622864,0.9903732538223267,0.5962135195732117,0.6197159886360168,0.48408621549606323,0.634327232837677,0.634101927280426,0.6515330076217651,-0.08183004707098007,0.9814148545265198,0.6182023882865906,0.6372700929641724,0.4900398850440979,0.6676892638206482,0.5017607808113098,0.6530722975730896,-0.21361306309700012,0.9840301275253296,0.5026444792747498,0.6399978995323181,0.38630327582359314,0.7333252429962158
253,squat,0,0.50062096118927,0.23161454498767853,-0.047299932688474655,0.9998857975006104,0.5049551725387573,0.2204861044883728,-0.09272706508636475,0.9999117851257324,0.5083412528038025,0.2198486179113388,-0.0928463265299797,0.9999133944511414,0.5120453238487244,0.2192017138004303,-0.09302503615617752,0.9999306201934814,0.5023987293243408,0.2206009477376938,-0.019994333386421204,0.9999068975448608,0.503568172454834,0.22005797922611237,-0.01989024318754673,0.9998936057090759,0.5051602125167847,0.21943864226341248,-0.019926603883504868,0.9999145269393921,0.5407856702804565,0.21904367208480835,-0.19202706217765808,0.9998969435691833,0.5350348353385925,0.21892979741096497,0.12891580164432526,0.9998543858528137,0.5172162055969238,0.23907403647899628,-0.0770338848233223,0.9998642206192017,0.5129662752151489,0.2395702451467514,0.01607687771320343,0.9997832775115967,0.5923793911933899,0.2637791335582733,-0.36426660418510437,0.9998723268508911,0.5760171413421631,0.2692437767982483,0.3558763861656189,0.9992221593856812,0.5870233774185181,0.3453811705112457,-0.358303040266037,0.9845472574234009,0.5729279518127441,0.345323771238327,0.29436856508255005,0.3474382758140564,0.4447508156299591,0.33830541372299194,-0.09997338056564331,0.9666953086853027,0.44851869344711304,0.3442413806915283,-0.036163631826639175,0.47747451066970825,0.41197437047958374,0.34136325120925903,-0.14064772427082062,0.9460970163345337,0.41860562562942505,0.34633326530456543,-0.06041216105222702,0.45839923620224,0.4078119993209839,0.3340838849544525,-0.0803317204117775,0.9422474503517151,0.4177558422088623,0.34077635407447815,-0.1021314412355423,0.45316281914711,0.41943079233169556,0.33133465051651,-0.0631607249379158,0.918699324131012,0.4287894666194916,0.3404577374458313,-0.06687935441732407,0.44420668482780457,0.6544426083564758,0.40655672550201416,-0.2212216705083847,0.9996297955513,0.6358163952827454,0.40712249279022217,0.2215145379304886,0.9991238117218018,0.5883000493049622,0.5182329416275024,-0.15297789871692657,0.9866457581520081,0.5845395922660828,0.5134471654891968,0.31965893507003784,0.4820781350135803,0.6041805148124695,0.631494402885437,-0.032307907938957214,0.9843325018882751,0.5979286432266235,0.6196321845054626,0.4455662667751312,0.6191065907478333,0.6313764452934265,0.6515340805053711,-0.02535202167928219,0.9738485217094421,0.6181401610374451,0.6373590230941772,0.4512504041194916,0.6524210572242737,0.5031741261482239,0.6521202921867371,-0.14510104060173035,0.9761967658996582,0.5042764544487,0.6401917338371277,0.34820640087127686,0.7155243754386902
254,squat,0,0.5001693367958069,0.23158355057239532,-0.04853507876396179,0.9998770952224731,0.5062094926834106,0.21992811560630798,-0.09373200684785843,0.9999021887779236,0.5093966722488403,0.21933108568191528,-0.09383303672075272,0.9999014139175415,0.5127919912338257,0.21861866116523743,-0.09399610012769699,0.9999227523803711,0.5035521984100342,0.22007383406162262,-0.021570909768342972,0.9998935461044312,0.5049384832382202,0.21951134502887726,-0.021472739055752754,0.9998763799667358,0.5065335035324097,0.21885427832603455,-0.02150893583893776,0.9999009370803833,0.5410044193267822,0.21782709658145905,-0.19946900010108948,0.9998922944068909,0.5356323719024658,0.21778877079486847,0.12826785445213318,0.9998196363449097,0.5167621374130249,0.23872682452201843,-0.0778982937335968,0.9998608827590942,0.5127290487289429,0.23926569521427155,0.014456052333116531,0.9997639060020447,0.5943368077278137,0.26211440563201904,-0.36539316177368164,0.9998824000358582,0.5775925517082214,0.2678491473197937,0.35202038288116455,0.9991966485977173,0.6047353148460388,0.34101006388664246,-0.35767295956611633,0.9854799509048462,0.5896977186203003,0.34290289878845215,0.3258082866668701,0.3197912871837616,0.46309277415275574,0.33939653635025024,-0.11255449056625366,0.9678046107292175,0.4611836075782776,0.34565719962120056,0.050828997045755386,0.44328197836875916,0.42855775356292725,0.3466857075691223,-0.15007799863815308,0.946658194065094,0.4306812882423401,0.34942394495010376,0.030123287811875343,0.4281312823295593,0.422836035490036,0.34045782685279846,-0.11777156591415405,0.942988395690918,0.4302923381328583,0.3448397219181061,-0.030963003635406494,0.4238520562648773,0.4356972575187683,0.33643555641174316,-0.08814911544322968,0.9192046523094177,0.43994736671447754,0.3427406847476959,0.013622727245092392,0.4162609875202179,0.6493396759033203,0.4045478105545044,-0.22063927352428436,0.9995560050010681,0.6300515532493591,0.40594783425331116,0.22090892493724823,0.9988789558410645,0.5999934077262878,0.5177083015441895,-0.1398276537656784,0.984000563621521,0.5937696695327759,0.513247013092041,0.3314078450202942,0.46634677052497864,0.6042976379394531,0.6309274435043335,-0.0349363312125206,0.9813835620880127,0.5992275476455688,0.6187351942062378,0.47766584157943726,0.616970956325531,0.6314249634742737,0.6515549421310425,-0.030765313655138016,0.968822181224823,0.618152379989624,0.636289119720459,0.49173077940940857,0.6481603980064392,0.5032134652137756,0.6522389054298401,-0.1711268573999405,0.9727350473403931,0.5051210522651672,0.640213668346405,0.4158405363559723,0.7138538956642151
255,squat,0,0.5004839301109314,0.23297931253910065,-0.04875495657324791,0.9998471140861511,0.5060195326805115,0.22198916971683502,-0.09430920332670212,0.9998706579208374,0.5097317695617676,0.22111037373542786,-0.09439317882061005,0.9998647570610046,0.5134069919586182,0.22011873126029968,-0.0945468619465828,0.9998989701271057,0.502751350402832,0.222306489944458,-0.021221566945314407,0.999853789806366,0.5038784146308899,0.22176072001457214,-0.021097375079989433,0.9998235106468201,0.5053290128707886,0.2209712266921997,-0.021141836419701576,0.9998598098754883,0.5418800115585327,0.2187708169221878,-0.21077463030815125,0.9998719096183777,0.5346978902816772,0.21964344382286072,0.12799639999866486,0.9997251629829407,0.5173148512840271,0.23950360715389252,-0.07802087068557739,0.9998447299003601,0.5124401450157166,0.23999354243278503,0.015057040378451347,0.9997133016586304,0.5961536169052124,0.2612345516681671,-0.3929237723350525,0.9998919367790222,0.5806102156639099,0.2644220292568207,0.36390742659568787,0.9991435408592224,0.6299183368682861,0.33867794275283813,-0.43767908215522766,0.9866954684257507,0.6093401312828064,0.3378593623638153,0.44161176681518555,0.2920071482658386,0.4903596341609955,0.3526192009449005,-0.26897063851356506,0.9700764417648315,0.49527737498283386,0.354665070772171,0.27551770210266113,0.40527215600013733,0.46034735441207886,0.3637618124485016,-0.3214283585548401,0.9494185447692871,0.46788471937179565,0.3656405508518219,0.2714575231075287,0.3927353322505951,0.4496716856956482,0.358815461397171,-0.28179922699928284,0.9459007978439331,0.46084070205688477,0.36214888095855713,0.20437923073768616,0.3891271650791168,0.46220704913139343,0.35407954454421997,-0.2433364987373352,0.9225935339927673,0.4704556167125702,0.3581267297267914,0.23839505016803741,0.38260403275489807,0.64009028673172,0.40248584747314453,-0.22103576362133026,0.9993351101875305,0.6258420348167419,0.40247035026550293,0.22123777866363525,0.998197078704834,0.6070073843002319,0.5169557929039001,-0.12938353419303894,0.9759081602096558,0.6029550433158875,0.5127132534980774,0.31662988662719727,0.44401243329048157,0.6050690412521362,0.6295406818389893,0.007358136121183634,0.9726018905639648,0.6041370630264282,0.6177189946174622,0.4598955810070038,0.5975534915924072,0.6315232515335083,0.6511529684066772,0.014740942977368832,0.9612248539924622,0.6207236647605896,0.6352187991142273,0.4678862690925598,0.6355102062225342,0.5032904148101807,0.652281641960144,-0.12872283160686493,0.9630852937698364,0.5087727904319763,0.6392145752906799,0.35449206829071045,0.6959103345870972
256,squat,0,0.5005781054496765,0.23214852809906006,-0.0494038350880146,0.9998370409011841,0.5060577392578125,0.22127342224121094,-0.09647779166698456,0.9998576045036316,0.5097580552101135,0.22040331363677979,-0.09658677875995636,0.9998503923416138,0.5140019655227661,0.21924453973770142,-0.09673900157213211,0.9998899698257446,0.5023363828659058,0.22165951132774353,-0.02198794297873974,0.999839186668396,0.5030902028083801,0.22115306556224823,-0.02188173495233059,0.9998030662536621,0.5042217969894409,0.2205110788345337,-0.021925300359725952,0.9998427033424377,0.5422478914260864,0.2175314575433731,-0.2169630229473114,0.9998670220375061,0.5331403613090515,0.21922366321086884,0.12723428010940552,0.9996820092201233,0.5177136659622192,0.23869454860687256,-0.0804690569639206,0.9998421669006348,0.512423038482666,0.23902665078639984,0.014175022952258587,0.9996949434280396,0.5968137979507446,0.26151221990585327,-0.402717262506485,0.9999008178710938,0.5814146399497986,0.2657497525215149,0.3657549321651459,0.9990974068641663,0.6369015574455261,0.3360159397125244,-0.43965333700180054,0.9877945780754089,0.6157446503639221,0.3354529142379761,0.46271419525146484,0.26748576760292053,0.5067132115364075,0.3591916561126709,-0.24987958371639252,0.9721134901046753,0.5140209794044495,0.36015164852142334,0.314765989780426,0.37276771664619446,0.47841960191726685,0.37345078587532043,-0.29553061723709106,0.9519878625869751,0.4853355586528778,0.3748438358306885,0.3098379373550415,0.3627574145793915,0.4662773609161377,0.36997243762016296,-0.2657316029071808,0.9486055374145508,0.47336623072624207,0.3730252683162689,0.2441221922636032,0.35990121960639954,0.478662371635437,0.3637763559818268,-0.227073535323143,0.9259174466133118,0.4862046241760254,0.3675173819065094,0.2782226502895355,0.354343980550766,0.633986234664917,0.4010712504386902,-0.22175011038780212,0.9991940259933472,0.6203781962394714,0.400745153427124,0.22196151316165924,0.9977071285247803,0.6139493584632874,0.5145795345306396,-0.15468893945217133,0.9675711393356323,0.606480598449707,0.5119594931602478,0.3082917034626007,0.42455288767814636,0.6061816215515137,0.6298729181289673,-0.05642174556851387,0.9640194773674011,0.607938826084137,0.61729896068573,0.4475214183330536,0.5779271125793457,0.6316065192222595,0.6510934829711914,-0.05383528023958206,0.951908528804779,0.6232690215110779,0.6352182626724243,0.45398902893066406,0.6210277080535889,0.5037707686424255,0.6523399949073792,-0.20008140802383423,0.954336404800415,0.512056291103363,0.6392346024513245,0.34101131558418274,0.678881824016571
257,squat,0,0.49949994683265686,0.23178717494010925,-0.06065726280212402,0.9998279809951782,0.5054503083229065,0.2209911346435547,-0.1102743074297905,0.9998452663421631,0.5089734196662903,0.22005097568035126,-0.11037230491638184,0.9998379349708557,0.513042151927948,0.2189830243587494,-0.11048149317502975,0.9998807907104492,0.5018112659454346,0.22126606106758118,-0.03269634023308754,0.9998255968093872,0.5026546120643616,0.22058862447738647,-0.032568663358688354,0.9997878074645996,0.5038548707962036,0.21979741752147675,-0.032636236399412155,0.9998298287391663,0.5412204265594482,0.21731728315353394,-0.23616671562194824,0.9998587965965271,0.5327186584472656,0.21838144958019257,0.10919024795293808,0.9996453523635864,0.516975998878479,0.23836401104927063,-0.09849283844232559,0.9998385310173035,0.5122274160385132,0.23854747414588928,0.0007195922662504017,0.9996787905693054,0.5958757400512695,0.2620214819908142,-0.4215714633464813,0.9999086856842041,0.5854580402374268,0.26605573296546936,0.344773530960083,0.9990682601928711,0.6361759305000305,0.3374108672142029,-0.44899189472198486,0.9886611104011536,0.619837760925293,0.3352293074131012,0.4244830012321472,0.24502786993980408,0.5109608173370361,0.3656458556652069,-0.26948750019073486,0.9733678698539734,0.5231047868728638,0.3641585409641266,0.2546263039112091,0.34258532524108887,0.4845215976238251,0.38117387890815735,-0.3183327317237854,0.9531769752502441,0.49522456526756287,0.3806482255458832,0.24463717639446259,0.33497026562690735,0.47594115138053894,0.37851274013519287,-0.29490911960601807,0.949884295463562,0.48502209782600403,0.37832629680633545,0.18068808317184448,0.3326586186885834,0.4866704046726227,0.3722768723964691,-0.2503560781478882,0.9272146224975586,0.49599936604499817,0.37273988127708435,0.21872775256633759,0.32779619097709656,0.6319665312767029,0.4013245105743408,-0.22224260866641998,0.999138355255127,0.6219865083694458,0.40131497383117676,0.2224544882774353,0.9974732995033264,0.6153773069381714,0.5149723291397095,-0.14740264415740967,0.9628950953483582,0.6087982654571533,0.5118269324302673,0.3411860466003418,0.4065397381782532,0.6076517701148987,0.6300946474075317,-0.05399777740240097,0.9603277444839478,0.6101226806640625,0.6165205836296082,0.5251136422157288,0.5624988675117493,0.633370041847229,0.6510557532310486,-0.05246630311012268,0.9473029971122742,0.6272122263908386,0.6351454257965088,0.5354369282722473,0.6085599064826965,0.5040399432182312,0.6527422070503235,-0.21255528926849365,0.9508451223373413,0.5150337815284729,0.6392355561256409,0.41077274084091187,0.6697716116905212
258,squat,0,0.4986248016357422,0.23097655177116394,-0.054719649255275726,0.9998272061347961,0.5048300623893738,0.22060628235340118,-0.10332544893026352,0.9998416304588318,0.508385419845581,0.21961328387260437,-0.1034257635474205,0.9998346567153931,0.5124086141586304,0.21843665838241577,-0.1035088449716568,0.9998782873153687,0.501088559627533,0.22101064026355743,-0.026103418320417404,0.999822199344635,0.5019596815109253,0.22044357657432556,-0.025969935581088066,0.9997842907905579,0.5032181143760681,0.2197486311197281,-0.02603750117123127,0.9998263120651245,0.5406837463378906,0.21701748669147491,-0.23016317188739777,0.9998583197593689,0.5323057174682617,0.21827924251556396,0.11268877238035202,0.9996305704116821,0.5163844227790833,0.23798850178718567,-0.09395229816436768,0.9998396635055542,0.5116152763366699,0.238281711935997,0.005590131040662527,0.9996740221977234,0.5951217412948608,0.26088815927505493,-0.41426071524620056,0.9999164938926697,0.58660489320755,0.2661617398262024,0.34687861800193787,0.9990488886833191,0.6362338066101074,0.3354199230670929,-0.4483209550380707,0.9895513653755188,0.6252325773239136,0.3357240855693817,0.43433529138565063,0.22479455173015594,0.5147944092750549,0.3693329691886902,-0.286710262298584,0.9750587344169617,0.5332755446434021,0.3703106939792633,0.27232638001441956,0.31524208188056946,0.49090051651000977,0.38563376665115356,-0.3383462727069855,0.9554427266120911,0.5067248344421387,0.3880916237831116,0.26633161306381226,0.30970048904418945,0.4825834035873413,0.3832308351993561,-0.31193435192108154,0.9522948265075684,0.4926685094833374,0.3849829435348511,0.20070171356201172,0.30788880586624146,0.49156445264816284,0.3767673671245575,-0.26679283380508423,0.9301980137825012,0.504280149936676,0.3792126178741455,0.2362009882926941,0.3037261962890625,0.6328732371330261,0.4007064700126648,-0.2234245091676712,0.9990715980529785,0.6239942908287048,0.4011325240135193,0.2235141545534134,0.9972160458564758,0.6120941638946533,0.5151824951171875,-0.14656619727611542,0.9597222208976746,0.6072566509246826,0.51216721534729,0.32468488812446594,0.3893224895000458,0.6080928444862366,0.6300753951072693,-0.04421182721853256,0.9570730924606323,0.6092727780342102,0.616563081741333,0.47782301902770996,0.5472535490989685,0.6345983743667603,0.6510578989982605,-0.041863489896059036,0.9424486756324768,0.6273176074028015,0.6353247761726379,0.4845644235610962,0.5969557762145996,0.5046858191490173,0.6537100076675415,-0.19947925209999084,0.9473910927772522,0.51454097032547,0.6404377818107605,0.36874037981033325,0.6586732268333435
259,squat,0,0.49817097187042236,0.23260952532291412,-0.05328407138586044,0.9998295903205872,0.504362165927887,0.22184990346431732,-0.10188112407922745,0.9998407363891602,0.5078673958778381,0.22084972262382507,-0.10197053104639053,0.9998344779014587,0.5118719935417175,0.2197655588388443,-0.10203256458044052,0.9998778700828552,0.5008774399757385,0.22245946526527405,-0.023939630016684532,0.9998218417167664,0.5018090605735779,0.22194042801856995,-0.02380729839205742,0.9997844696044922,0.503156840801239,0.22131629288196564,-0.023878948763012886,0.9998258352279663,0.5402217507362366,0.2179265171289444,-0.2244463562965393,0.9998586177825928,0.5307389497756958,0.21960437297821045,0.11716967821121216,0.9996209740638733,0.5159690380096436,0.23988322913646698,-0.0934557393193245,0.9998428821563721,0.5110617876052856,0.24036839604377747,0.007623139303177595,0.9996755123138428,0.5948262810707092,0.2614254355430603,-0.4206748306751251,0.9999238848686218,0.5859076380729675,0.26680049300193787,0.35503384470939636,0.9990655779838562,0.6325576305389404,0.3348401188850403,-0.45907506346702576,0.9903662800788879,0.621662974357605,0.3368355333805084,0.44319841265678406,0.20794759690761566,0.5093920826911926,0.3706022799015045,-0.2982673943042755,0.9767562747001648,0.5260432362556458,0.37477776408195496,0.27892065048217773,0.29300910234451294,0.4871511459350586,0.38720446825027466,-0.3523651957511902,0.9579483270645142,0.4999861419200897,0.39373496174812317,0.2727609872817993,0.28938475251197815,0.4781438112258911,0.3848617672920227,-0.33062270283699036,0.954971969127655,0.48900115489959717,0.39053085446357727,0.2061150074005127,0.2881101667881012,0.4871689975261688,0.3781239688396454,-0.2802540957927704,0.9335917234420776,0.49896112084388733,0.3838770389556885,0.2423420399427414,0.28455549478530884,0.6357314586639404,0.40050533413887024,-0.22725306451320648,0.9990391135215759,0.6253654360771179,0.4009799659252167,0.22723382711410522,0.9970889687538147,0.6090317964553833,0.5149657726287842,-0.15631017088890076,0.9586009383201599,0.603882372379303,0.5121530294418335,0.3255954086780548,0.3799060583114624,0.6082333326339722,0.6300012469291687,-0.06467323005199432,0.9560465812683105,0.6085743308067322,0.6165816783905029,0.48480913043022156,0.5400358438491821,0.6353908181190491,0.6510574221611023,-0.06330046057701111,0.9390897154808044,0.6270692944526672,0.6354429721832275,0.4929523468017578,0.5897924900054932,0.5050004720687866,0.6542198061943054,-0.20062826573848724,0.9464424848556519,0.5143020153045654,0.640890896320343,0.38370904326438904,0.6551821231842041
260,squat,0,0.4976034462451935,0.23386521637439728,-0.03597242012619972,0.9998316764831543,0.5035010576248169,0.22286243736743927,-0.08450397104024887,0.9998399019241333,0.5074719190597534,0.22175483405590057,-0.08459184318780899,0.9998337626457214,0.5116860866546631,0.22063285112380981,-0.08464507758617401,0.999877393245697,0.499503493309021,0.22360411286354065,-0.00788898766040802,0.9998214840888977,0.500200629234314,0.22310784459114075,-0.007774073630571365,0.9997836947441101,0.5013082027435303,0.22251377999782562,-0.007846536114811897,0.9998250603675842,0.5398108959197998,0.21840205788612366,-0.20650441944599152,0.9998584985733032,0.5280172824859619,0.22056078910827637,0.13263867795467377,0.9996141791343689,0.5155298709869385,0.2411249279975891,-0.07378505915403366,0.9998454451560974,0.5107814073562622,0.24177338182926178,0.025233935564756393,0.9996761679649353,0.5945171117782593,0.26116621494293213,-0.41819384694099426,0.9999306201934814,0.5852113366127014,0.2678408920764923,0.3719310760498047,0.9990958571434021,0.6262437701225281,0.3342796862125397,-0.4417906403541565,0.9910724759101868,0.6155979037284851,0.3374674618244171,0.46904417872428894,0.19518119096755981,0.5007042288780212,0.3696596324443817,-0.2717911899089813,0.9783316254615784,0.5137782096862793,0.3751334249973297,0.31463730335235596,0.27751028537750244,0.47638264298439026,0.3857358396053314,-0.32101136445999146,0.9604107737541199,0.4863521456718445,0.393057644367218,0.31119927763938904,0.2754961848258972,0.46820268034935,0.38298121094703674,-0.3026845157146454,0.9576051235198975,0.47687554359436035,0.39033788442611694,0.24585804343223572,0.2748410999774933,0.478000670671463,0.3764496445655823,-0.25459668040275574,0.9370537996292114,0.48757848143577576,0.3838965594768524,0.27898263931274414,0.27189284563064575,0.6374388933181763,0.4003375470638275,-0.22776207327842712,0.9990164041519165,0.6265401244163513,0.401439905166626,0.22772392630577087,0.9970100522041321,0.6070851683616638,0.5151594877243042,-0.16359585523605347,0.9559805393218994,0.6030192375183105,0.5123113989830017,0.3100428879261017,0.36765408515930176,0.6082022786140442,0.6308197379112244,-0.10728733241558075,0.9533692598342896,0.6081096529960632,0.6172468066215515,0.4454570710659027,0.5275449156761169,0.6354036331176758,0.6511442065238953,-0.10983400046825409,0.9337782859802246,0.6272674202919006,0.6366626024246216,0.45084819197654724,0.578564465045929,0.5035940408706665,0.6545650959014893,-0.272408127784729,0.9439389705657959,0.5142191648483276,0.6414818167686462,0.3406999111175537,0.6459019780158997
261,squat,0,0.4951874911785126,0.234377920627594,-0.03470116853713989,0.9998290538787842,0.5002133846282959,0.22320720553398132,-0.0833197757601738,0.9998344779014587,0.5043225288391113,0.22207622230052948,-0.08340206742286682,0.9998281002044678,0.5088279843330383,0.2208871692419052,-0.08345966041088104,0.9998734593391418,0.4964616894721985,0.22399072349071503,-0.005219742190092802,0.9998155832290649,0.49706992506980896,0.22352395951747894,-0.005121564958244562,0.9997771382331848,0.4981420636177063,0.2229660004377365,-0.005200070329010487,0.9998204708099365,0.5368781089782715,0.21849986910820007,-0.20625412464141846,0.9998528957366943,0.524354875087738,0.22074486315250397,0.13999976217746735,0.9995990991592407,0.5144848227500916,0.24164529144763947,-0.07285035401582718,0.9998450875282288,0.5093259811401367,0.24249564111232758,0.02783013880252838,0.9996712803840637,0.5961325168609619,0.26190635561943054,-0.4154645800590515,0.9999367594718933,0.5839974880218506,0.2684146761894226,0.3850129544734955,0.999143660068512,0.6195530295372009,0.3362193703651428,-0.452480286359787,0.9917240142822266,0.612776517868042,0.33878591656684875,0.4796590805053711,0.18807408213615417,0.49347159266471863,0.3687966465950012,-0.30995306372642517,0.9799099564552307,0.4985203742980957,0.37501001358032227,0.29838865995407104,0.2740791440010071,0.46813786029815674,0.3844715654850006,-0.3680782914161682,0.9629600048065186,0.4767380952835083,0.39150911569595337,0.2898034155368805,0.27280381321907043,0.4611046016216278,0.38087722659111023,-0.3526962697505951,0.9603363871574402,0.4693196415901184,0.38791823387145996,0.22284981608390808,0.27283841371536255,0.47174397110939026,0.37472620606422424,-0.29456594586372375,0.9406231045722961,0.47588837146759033,0.38237619400024414,0.2615177631378174,0.26991546154022217,0.637542188167572,0.39973199367523193,-0.23266832530498505,0.9989926218986511,0.6272429823875427,0.40099188685417175,0.2326488047838211,0.9969813227653503,0.6044759154319763,0.5151689648628235,-0.16497710347175598,0.9529579877853394,0.6012347340583801,0.5124281048774719,0.31392595171928406,0.35376492142677307,0.6081647276878357,0.6318597197532654,-0.10548432171344757,0.9501702785491943,0.608310341835022,0.6179594397544861,0.4578845798969269,0.5150718688964844,0.635030210018158,0.6512066721916199,-0.10763757675886154,0.928917646408081,0.6281493306159973,0.6376371383666992,0.46646779775619507,0.5689799189567566,0.5020021200180054,0.6548379063606262,-0.26755794882774353,0.9410041570663452,0.5147024393081665,0.6416298747062683,0.3661811351776123,0.637346625328064
262,squat,0,0.49169114232063293,0.23451967537403107,-0.036835938692092896,0.9998279809951782,0.4963638186454773,0.22357910871505737,-0.08496261388063431,0.9998319149017334,0.49983498454093933,0.22253401577472687,-0.08504501730203629,0.9998253583908081,0.5041363835334778,0.22142019867897034,-0.08511052280664444,0.9998717308044434,0.49341875314712524,0.22427603602409363,-0.006999716628342867,0.9998108148574829,0.4943000376224518,0.22386318445205688,-0.006902555003762245,0.999771773815155,0.49566686153411865,0.22334563732147217,-0.006978708319365978,0.9998170137405396,0.5332038998603821,0.21938025951385498,-0.2066822350025177,0.9998482465744019,0.5227416157722473,0.22141030430793762,0.14087596535682678,0.9995853900909424,0.5115571618080139,0.24169932305812836,-0.07377450168132782,0.9998449087142944,0.5069819688796997,0.2428048849105835,0.02586161345243454,0.9996665120124817,0.59554123878479,0.2625623047351837,-0.42144811153411865,0.9999424815177917,0.5835606455802917,0.26929497718811035,0.3908597230911255,0.9991940259933472,0.603915810585022,0.33725765347480774,-0.48121219873428345,0.9923394918441772,0.5942531228065491,0.33962130546569824,0.480180561542511,0.1856057047843933,0.47075578570365906,0.36754390597343445,-0.3704528510570526,0.9814591407775879,0.4664980471134186,0.3756047785282135,0.28490686416625977,0.27909421920776367,0.44230344891548157,0.3818371593952179,-0.4364977478981018,0.965520441532135,0.44032180309295654,0.39141225814819336,0.2761973738670349,0.2771400213241577,0.4347424805164337,0.37818458676338196,-0.41753795742988586,0.96308434009552,0.43525898456573486,0.3877423405647278,0.20861300826072693,0.2780095636844635,0.4438701570034027,0.372601181268692,-0.35463008284568787,0.9442358613014221,0.4414573311805725,0.3827419877052307,0.2476135790348053,0.27461811900138855,0.6413066387176514,0.40010300278663635,-0.2403736412525177,0.9989509582519531,0.6291831135749817,0.40142911672592163,0.24038220942020416,0.9969415068626404,0.60289466381073,0.5151203274726868,-0.16596195101737976,0.9506357908248901,0.6000743508338928,0.5124773383140564,0.3269008696079254,0.34299787878990173,0.6066243648529053,0.632142186164856,-0.05896734073758125,0.948126494884491,0.6082054376602173,0.6180658340454102,0.4829723834991455,0.5100131034851074,0.6330205798149109,0.6512117981910706,-0.05554790422320366,0.9256833791732788,0.6288350820541382,0.6380552053451538,0.49101725220680237,0.5668913125991821,0.5001884698867798,0.6548294425010681,-0.2180679440498352,0.9392845630645752,0.5163735747337341,0.6415711045265198,0.36938732862472534,0.6347842812538147
263,squat,0,0.482940673828125,0.23723383247852325,-0.050301723182201385,0.999755322933197,0.48787981271743774,0.22631379961967468,-0.09926192462444305,0.9997532963752747,0.49130117893218994,0.2253027856349945,-0.09933008253574371,0.9997380971908569,0.4948364496231079,0.22418132424354553,-0.09934469312429428,0.999807596206665,0.48517370223999023,0.22689326107501984,-0.019499903544783592,0.9997186064720154,0.48669201135635376,0.22638024389743805,-0.01949012093245983,0.9996675252914429,0.48855942487716675,0.22566434741020203,-0.019630910828709602,0.9997416734695435,0.5237491130828857,0.22250613570213318,-0.22714461386203766,0.9997638463973999,0.5170723795890808,0.22370930016040802,0.1268206089735031,0.9994319081306458,0.5034940242767334,0.24522434175014496,-0.0904046818614006,0.9997965693473816,0.5001155138015747,0.24640725553035736,0.012178418226540089,0.9995662569999695,0.5933358669281006,0.2656151056289673,-0.44189831614494324,0.9999458193778992,0.5791123509407043,0.26992398500442505,0.3890673518180847,0.9992311596870422,0.5701578855514526,0.34129467606544495,-0.505763828754425,0.9926581382751465,0.5546316504478455,0.34074461460113525,0.49139851331710815,0.19101813435554504,0.42714229226112366,0.3667646646499634,-0.39100074768066406,0.9822031855583191,0.41651496291160583,0.3707032799720764,0.3113817274570465,0.2972109913825989,0.3921909034252167,0.38034337759017944,-0.4530777335166931,0.966615617275238,0.3853256404399872,0.3843797743320465,0.3090749680995941,0.29310309886932373,0.38288822770118713,0.37665659189224243,-0.43257343769073486,0.9642814993858337,0.3778596520423889,0.3809618353843689,0.23809033632278442,0.2952357530593872,0.3949236571788788,0.3713010549545288,-0.37480130791664124,0.9452992081642151,0.3882134258747101,0.37678003311157227,0.273220032453537,0.2918209731578827,0.6535871624946594,0.40038007497787476,-0.2487265169620514,0.9987859725952148,0.6349459886550903,0.40201127529144287,0.24866804480552673,0.9967048168182373,0.6026322841644287,0.5155594944953918,-0.1737898588180542,0.9474095106124878,0.5991365313529968,0.5126060247421265,0.33845192193984985,0.3292989134788513,0.606641411781311,0.6331082582473755,-0.06259525567293167,0.9462291598320007,0.6080394983291626,0.6186234951019287,0.4872910976409912,0.49888670444488525,0.6329014301300049,0.6512207984924316,-0.05806402117013931,0.9236562252044678,0.6288220286369324,0.6386087536811829,0.4939630329608917,0.5622020363807678,0.500207245349884,0.6547125577926636,-0.21566897630691528,0.9376559853553772,0.5162349939346313,0.641566812992096,0.3737814128398895,0.6289475560188293
264,squat,0,0.47870755195617676,0.24125200510025024,-0.05039121210575104,0.9996470212936401,0.48392418026924133,0.22977519035339355,-0.09959077090024948,0.9996421933174133,0.48739081621170044,0.2289990484714508,-0.09965995699167252,0.9996134042739868,0.49092385172843933,0.22805199027061462,-0.09966523945331573,0.9997141361236572,0.4807398021221161,0.23028631508350372,-0.019742650911211967,0.9995917081832886,0.48218902945518494,0.22990122437477112,-0.01975051313638687,0.9995191097259521,0.48396289348602295,0.22932156920433044,-0.01990007609128952,0.9996356964111328,0.5198496580123901,0.227011039853096,-0.22688822448253632,0.9996368288993835,0.5135053992271423,0.22780203819274902,0.12670554220676422,0.9992344975471497,0.4993322789669037,0.24986273050308228,-0.0902794748544693,0.9997154474258423,0.49530676007270813,0.25091198086738586,0.0122177479788661,0.9994072914123535,0.5879486203193665,0.2703316807746887,-0.4379289150238037,0.999947726726532,0.5772930979728699,0.27403387427330017,0.38648682832717896,0.9992640614509583,0.5456470847129822,0.3432067930698395,-0.4997769594192505,0.9928320646286011,0.5408448576927185,0.34332454204559326,0.5066995620727539,0.20177645981311798,0.3907051682472229,0.36321157217025757,-0.3904740512371063,0.9827306270599365,0.4035482406616211,0.3676079511642456,0.32197996973991394,0.3228597939014435,0.3578962981700897,0.37615445256233215,-0.4540020525455475,0.9675610661506653,0.37039175629615784,0.37837550044059753,0.3192777633666992,0.31621670722961426,0.3470667898654938,0.3712685704231262,-0.43665748834609985,0.9653294682502747,0.3606354594230652,0.3746654689311981,0.24864861369132996,0.3195422887802124,0.3588576316833496,0.36657893657684326,-0.37609976530075073,0.9461752772331238,0.3725249469280243,0.37128347158432007,0.2840207517147064,0.3158866763114929,0.6653770804405212,0.4034440815448761,-0.25162744522094727,0.9986606240272522,0.6441959738731384,0.4031027853488922,0.2515472173690796,0.9965217709541321,0.6017856597900391,0.5161651372909546,-0.21291159093379974,0.9467413425445557,0.5984633564949036,0.5127418637275696,0.3431752026081085,0.3241424560546875,0.6074628829956055,0.6333798170089722,-0.11514341086149216,0.9468609094619751,0.6082742214202881,0.6186167001724243,0.48267316818237305,0.4943205416202545,0.6329285502433777,0.651214599609375,-0.11205822974443436,0.9245911240577698,0.6292178630828857,0.6385433673858643,0.4882594347000122,0.5613720417022705,0.5012476444244385,0.6547102332115173,-0.2642015516757965,0.9383418560028076,0.517316460609436,0.6414177417755127,0.38012272119522095,0.6280286908149719
265,squat,0,0.4763147532939911,0.246677964925766,-0.060775112360715866,0.9994828104972839,0.48186835646629333,0.23427794873714447,-0.10945948213338852,0.9994705319404602,0.485380083322525,0.23363715410232544,-0.10955505073070526,0.9994188547134399,0.4890502095222473,0.23292675614356995,-0.1095515564084053,0.9995710849761963,0.4780086874961853,0.23482179641723633,-0.030365673825144768,0.9994008541107178,0.4791926443576813,0.23449642956256866,-0.03042786195874214,0.9992960691452026,0.4807582199573517,0.23406754434108734,-0.030586399137973785,0.9994827508926392,0.517655074596405,0.23228658735752106,-0.23038813471794128,0.9994338750839233,0.5112335085868835,0.23265978693962097,0.12202699482440948,0.9989537596702576,0.4964779019355774,0.25478407740592957,-0.09793217480182648,0.9995783567428589,0.4913237392902374,0.2556147277355194,0.00462777353823185,0.9991505146026611,0.5794429183006287,0.2746293246746063,-0.4414660334587097,0.9999480843544006,0.5775399208068848,0.27839991450309753,0.38474899530410767,0.9992885589599609,0.5147848725318909,0.3443330228328705,-0.5215771794319153,0.992946982383728,0.5249876379966736,0.34756845235824585,0.4995097517967224,0.22111380100250244,0.3711795508861542,0.35842183232307434,-0.43415212631225586,0.9830429553985596,0.38315972685813904,0.3659844994544983,0.31278425455093384,0.3530367612838745,0.33913835883140564,0.3705498278141022,-0.5048003196716309,0.9680845141410828,0.34899428486824036,0.3764033317565918,0.31096047163009644,0.34224578738212585,0.3285374641418457,0.3651244044303894,-0.481463760137558,0.9659009575843811,0.3388615846633911,0.3725575804710388,0.23906448483467102,0.34682589769363403,0.3410710394382477,0.36063143610954285,-0.41912171244621277,0.9463686943054199,0.34966734051704407,0.36893442273139954,0.2742590010166168,0.34352409839630127,0.6768743991851807,0.40830788016319275,-0.2535998523235321,0.9983632564544678,0.6598672270774841,0.4068826138973236,0.25352317094802856,0.9960917830467224,0.6006013751029968,0.516743004322052,-0.20683622360229492,0.9445526003837585,0.5965526700019836,0.5133204460144043,0.3423825800418854,0.3158787190914154,0.608098030090332,0.6334556937217712,-0.08073350042104721,0.9453728795051575,0.6078158617019653,0.6191340684890747,0.46768373250961304,0.4844606816768646,0.6341412663459778,0.6512173414230347,-0.07357682287693024,0.9236178398132324,0.6291558742523193,0.6391693949699402,0.4724365472793579,0.5581610202789307,0.5052803158760071,0.6545649170875549,-0.21927066147327423,0.9365310668945312,0.5172223448753357,0.6415235996246338,0.3670288026332855,0.6207544803619385
266,squat,0,0.4713909327983856,0.2498513013124466,-0.06304151564836502,0.999420702457428,0.47745001316070557,0.23782597482204437,-0.1103510633111,0.9993898868560791,0.48106688261032104,0.23713617026805878,-0.11043833196163177,0.9993274211883545,0.48478570580482483,0.23631884157657623,-0.1104273572564125,0.9995042681694031,0.47329387068748474,0.23845797777175903,-0.0320192389190197,0.9993197917938232,0.4744248390197754,0.2381536215543747,-0.03209599852561951,0.9992102980613708,0.4759466052055359,0.23770874738693237,-0.032246287912130356,0.9994269609451294,0.5137434005737305,0.23576916754245758,-0.23015841841697693,0.9993187189102173,0.5076767802238464,0.2363855093717575,0.11847105622291565,0.9988731741905212,0.4916561543941498,0.25800687074661255,-0.1006714254617691,0.9995149374008179,0.4858318269252777,0.2587675452232361,0.0009514629491604865,0.9990349411964417,0.5734344124794006,0.2787112891674042,-0.4379587173461914,0.9999468326568604,0.5770264267921448,0.2834099531173706,0.37657585740089417,0.9993096590042114,0.4962490200996399,0.3462892770767212,-0.5300948023796082,0.9931248426437378,0.5056758522987366,0.3523932993412018,0.4903254806995392,0.2472964972257614,0.35951927304267883,0.3564814329147339,-0.4784003794193268,0.9838151931762695,0.36767035722732544,0.3644521236419678,0.31915366649627686,0.3868865668773651,0.3256857097148895,0.367981880903244,-0.5547457933425903,0.9694642424583435,0.33007705211639404,0.37377017736434937,0.3224983811378479,0.37102437019348145,0.3115236163139343,0.3622564375400543,-0.5224365592002869,0.9673577547073364,0.3193908929824829,0.3696467876434326,0.24976617097854614,0.37663063406944275,0.3265884220600128,0.35795101523399353,-0.4616614282131195,0.9480805993080139,0.33320704102516174,0.3663080930709839,0.2811000943183899,0.37396714091300964,0.6880456209182739,0.4131481945514679,-0.25243517756462097,0.9980798363685608,0.6738303899765015,0.41223061084747314,0.2524021565914154,0.9958075881004333,0.6003118753433228,0.5169491171836853,-0.20490483939647675,0.9439495801925659,0.5953540205955505,0.5142825245857239,0.30935484170913696,0.31003573536872864,0.6099289059638977,0.6334338188171387,-0.06047213822603226,0.9448204040527344,0.6076825261116028,0.6210131645202637,0.4403265118598938,0.47789543867111206,0.6362600922584534,0.6511553525924683,-0.050966911017894745,0.9244450330734253,0.6291761994361877,0.6404856443405151,0.4460720419883728,0.5585946440696716,0.5078726410865784,0.654452383518219,-0.18840424716472626,0.935246467590332,0.5158209800720215,0.6427103281021118,0.339574933052063,0.6152499318122864
267,squat,0,0.4657451808452606,0.25428256392478943,-0.06587153673171997,0.9994208812713623,0.47116678953170776,0.24260033667087555,-0.11156842857599258,0.9993845820426941,0.47463610768318176,0.24171309173107147,-0.1116432249546051,0.9993224740028381,0.47823983430862427,0.2407512664794922,-0.1116342693567276,0.9994984865188599,0.4680432081222534,0.2431790828704834,-0.034671567380428314,0.999322235584259,0.46949464082717896,0.24266664683818817,-0.03476373106241226,0.9992219805717468,0.47138938307762146,0.24201269447803497,-0.034899111837148666,0.9994394779205322,0.5073237419128418,0.24013394117355347,-0.22980107367038727,0.9992927312850952,0.5034265518188477,0.240776926279068,0.11113431304693222,0.9989170432090759,0.48574724793434143,0.2618648409843445,-0.1037222370505333,0.9995023012161255,0.4803563952445984,0.2627826929092407,-0.004231337457895279,0.9990265965461731,0.5684471130371094,0.2838627099990845,-0.4363652467727661,0.9999432563781738,0.5763884782791138,0.2883853316307068,0.3563520312309265,0.9993354082107544,0.4834965765476227,0.34904855489730835,-0.5106991529464722,0.9931322932243347,0.48613813519477844,0.3570750951766968,0.4545430541038513,0.27796781063079834,0.3312470316886902,0.35409653186798096,-0.4316312074661255,0.984362781047821,0.34503433108329773,0.36417099833488464,0.30060720443725586,0.417449414730072,0.2941434681415558,0.3633275032043457,-0.507689893245697,0.9706053733825684,0.31437069177627563,0.37278398871421814,0.32186633348464966,0.39756518602371216,0.28239405155181885,0.3590989410877228,-0.4732326865196228,0.9685410261154175,0.3041359782218933,0.3691779375076294,0.23421159386634827,0.4038483500480652,0.2991691827774048,0.3558022677898407,-0.41477078199386597,0.9495781064033508,0.3166724443435669,0.3661348819732666,0.2619939148426056,0.40221697092056274,0.695518434047699,0.4157951772212982,-0.24804259836673737,0.9979084730148315,0.6855504512786865,0.4152953326702118,0.24808761477470398,0.9957192540168762,0.5970203876495361,0.5174407362937927,-0.2145078331232071,0.9458338618278503,0.5950510501861572,0.5144715905189514,0.27548086643218994,0.30841606855392456,0.6071341037750244,0.6333867907524109,-0.06021272391080856,0.9458962082862854,0.6073819398880005,0.6214091777801514,0.4118594825267792,0.47583121061325073,0.634258508682251,0.65118807554245,-0.049466513097286224,0.9271284937858582,0.6285594701766968,0.6409003734588623,0.4195057451725006,0.561413049697876,0.5052077174186707,0.6536229252815247,-0.16618186235427856,0.9349842667579651,0.513520359992981,0.6426838040351868,0.3213678300380707,0.6103722453117371
268,squat,0,0.4612669348716736,0.2661585509777069,-0.06942406296730042,0.9994450211524963,0.4649554491043091,0.2546278238296509,-0.1151343509554863,0.9993996620178223,0.46883898973464966,0.25373780727386475,-0.11517937481403351,0.9993424415588379,0.47280070185661316,0.25280582904815674,-0.11513316631317139,0.9995111227035522,0.4614417254924774,0.25507789850234985,-0.03793398290872574,0.9993438720703125,0.4623427391052246,0.2546255886554718,-0.038026660680770874,0.9992532134056091,0.46372371912002563,0.25400081276893616,-0.03813331574201584,0.9994637966156006,0.5013757348060608,0.2514023184776306,-0.2325935959815979,0.9992987513542175,0.4965147376060486,0.2519506514072418,0.11040268838405609,0.9989768266677856,0.48006004095077515,0.2734241485595703,-0.10725712031126022,0.9995146989822388,0.474437415599823,0.274027019739151,-0.006971485447138548,0.9990566372871399,0.5615888833999634,0.29322171211242676,-0.44193166494369507,0.9999443292617798,0.572302520275116,0.2980969250202179,0.3578323721885681,0.9993752241134644,0.4439137578010559,0.34876182675361633,-0.5413950681686401,0.9934526085853577,0.4500812292098999,0.3588930070400238,0.450799822807312,0.3185258209705353,0.2878435254096985,0.35251957178115845,-0.47823596000671387,0.9852874875068665,0.3149893879890442,0.36450260877609253,0.2942928075790405,0.4550167918205261,0.2516070008277893,0.3621903657913208,-0.5637989044189453,0.9723442792892456,0.2845994830131531,0.373090922832489,0.3035426735877991,0.4311146140098572,0.245387464761734,0.3583240509033203,-0.5213627219200134,0.9703251719474792,0.27385756373405457,0.36951208114624023,0.22644835710525513,0.4376693367958069,0.2571859061717987,0.35552501678466797,-0.45958101749420166,0.9521190524101257,0.28473591804504395,0.36624011397361755,0.2566203474998474,0.43675467371940613,0.7056106925010681,0.42177990078926086,-0.2476382851600647,0.9979284405708313,0.6938765048980713,0.4209308922290802,0.2476758062839508,0.995863139629364,0.5900347232818604,0.5174489617347717,-0.21740756928920746,0.9482147693634033,0.5900329351425171,0.514309823513031,0.28123173117637634,0.31651100516319275,0.6063966155052185,0.6324910521507263,-0.05085526779294014,0.9477448463439941,0.6058695316314697,0.6211147308349609,0.43071994185447693,0.4808054566383362,0.6345670819282532,0.6508325338363647,-0.038765814155340195,0.9287070035934448,0.6272920966148376,0.6408126354217529,0.4349272549152374,0.5690877437591553,0.5065554976463318,0.6527253985404968,-0.15185771882534027,0.9355579018592834,0.5135037302970886,0.6426655054092407,0.34109336137771606,0.6121983528137207
269,squat,0,0.4569387435913086,0.27156513929367065,-0.11765050888061523,0.9994719624519348,0.46252384781837463,0.25960779190063477,-0.15584519505500793,0.9994233250617981,0.46664249897003174,0.2586482763290405,-0.15589119493961334,0.9993719458580017,0.470949649810791,0.25755998492240906,-0.15584947168827057,0.9995324015617371,0.45740434527397156,0.26011523604393005,-0.0841788649559021,0.9993760585784912,0.45782139897346497,0.25952234864234924,-0.08428186923265457,0.999292254447937,0.4586682915687561,0.2588256597518921,-0.08438008278608322,0.9994897246360779,0.49896907806396484,0.2565811276435852,-0.2449467033147812,0.999315619468689,0.49108827114105225,0.25780439376831055,0.07451881468296051,0.999039888381958,0.47481784224510193,0.2789032757282257,-0.1453467458486557,0.9995346069335938,0.4688241481781006,0.2796347141265869,-0.05210285261273384,0.9990913271903992,0.5600057244300842,0.29733210802078247,-0.4474746584892273,0.9999452233314514,0.5560558438301086,0.30835381150245667,0.3324311673641205,0.9993854761123657,0.4380285441875458,0.34937140345573425,-0.5576185584068298,0.993770182132721,0.43537864089012146,0.36447516083717346,0.43121951818466187,0.35514307022094727,0.27607640624046326,0.35315150022506714,-0.5239470601081848,0.9863726496696472,0.3006957173347473,0.36754855513572693,0.27702784538269043,0.4914657175540924,0.23669317364692688,0.36269840598106384,-0.6132982969284058,0.974394679069519,0.26317641139030457,0.3745300769805908,0.2821056842803955,0.46511074900627136,0.23034049570560455,0.35902076959609985,-0.5726098418235779,0.9724714159965515,0.25333425402641296,0.3705334961414337,0.20992890000343323,0.4715571403503418,0.24544711410999298,0.3561321198940277,-0.5064820647239685,0.9553266763687134,0.26639455556869507,0.3682665526866913,0.2410944402217865,0.47111329436302185,0.7161503434181213,0.4254947304725647,-0.2436811774969101,0.9980396032333374,0.6959013342857361,0.4247888922691345,0.24368008971214294,0.99602872133255,0.5851195454597473,0.5186209082603455,-0.22304897010326385,0.9503209590911865,0.5854015946388245,0.5141974687576294,0.32264894247055054,0.3205516040325165,0.605812132358551,0.6318230628967285,-0.08693516254425049,0.94992995262146,0.603238046169281,0.6197577118873596,0.5453039407730103,0.47779062390327454,0.6345458030700684,0.6505631804466248,-0.07880154997110367,0.9310083985328674,0.625226616859436,0.6363468766212463,0.5640591382980347,0.5695511698722839,0.5035417675971985,0.6519479751586914,-0.1733960062265396,0.9365853667259216,0.5092971324920654,0.6410236954689026,0.5074644088745117,0.6088166832923889
270,squat,0,0.45179834961891174,0.27765965461730957,-0.12030524760484695,0.9995033144950867,0.4583168923854828,0.26562032103538513,-0.16052024066448212,0.9994558095932007,0.4621868133544922,0.26490822434425354,-0.16057318449020386,0.9994100332260132,0.46657446026802063,0.26398468017578125,-0.16056349873542786,0.9995597004890442,0.45365917682647705,0.26573842763900757,-0.08905809372663498,0.9994153380393982,0.454335480928421,0.2651115655899048,-0.08916204422712326,0.999340295791626,0.4554985463619232,0.2643340229988098,-0.08925125002861023,0.9995231032371521,0.4950539171695709,0.2632618248462677,-0.2531765401363373,0.9993432760238647,0.48746150732040405,0.2636851668357849,0.062093790620565414,0.9991120100021362,0.4692676365375519,0.28432247042655945,-0.150027334690094,0.9995561242103577,0.4636768400669098,0.28485697507858276,-0.057278309017419815,0.9991350769996643,0.5533771514892578,0.3055623769760132,-0.44616350531578064,0.9999420642852783,0.554314911365509,0.31535375118255615,0.31355708837509155,0.9993919730186462,0.4219663143157959,0.35398635268211365,-0.5380680561065674,0.993815004825592,0.4278912842273712,0.37109336256980896,0.39998218417167664,0.37919604778289795,0.26628604531288147,0.3543872833251953,-0.4735361337661743,0.9871075749397278,0.29318469762802124,0.37043115496635437,0.24680054187774658,0.5161141753196716,0.2272259145975113,0.36332157254219055,-0.5565729737281799,0.9759283661842346,0.25718560814857483,0.37717536091804504,0.25390052795410156,0.48785099387168884,0.22015810012817383,0.35952475666999817,-0.5161985158920288,0.9740539193153381,0.24991723895072937,0.37370145320892334,0.18398147821426392,0.49419912695884705,0.2354675829410553,0.3569667935371399,-0.45563632249832153,0.9576823711395264,0.2623860836029053,0.371372789144516,0.21191298961639404,0.4945511519908905,0.7214677333831787,0.42739352583885193,-0.238085076212883,0.998153805732727,0.7036965489387512,0.42729324102401733,0.23814402520656586,0.9962580800056458,0.5808435082435608,0.5193175673484802,-0.2263285517692566,0.9526194334030151,0.5835079550743103,0.5141738057136536,0.29931870102882385,0.32488495111465454,0.6056584119796753,0.6318732500076294,-0.09631567448377609,0.9529630541801453,0.6022787094116211,0.6194366216659546,0.5158493518829346,0.48426759243011475,0.6345056891441345,0.6519846320152283,-0.08832509070634842,0.9353053569793701,0.6245865225791931,0.6363387703895569,0.5305927991867065,0.577561616897583,0.5034545063972473,0.6511054635047913,-0.18303804099559784,0.9392604827880859,0.5080150365829468,0.6395651698112488,0.46520307660102844,0.6127805709838867
271,squat,0,0.44535911083221436,0.28970417380332947,-0.12512297928333282,0.9995155930519104,0.4519159197807312,0.27796369791030884,-0.1636972725391388,0.9994681477546692,0.45573773980140686,0.27727383375167847,-0.16376276314258575,0.9994258880615234,0.45998314023017883,0.27638620138168335,-0.16378667950630188,0.9995708465576172,0.44720086455345154,0.2780608832836151,-0.09364855289459229,0.999435544013977,0.4479054808616638,0.27743884921073914,-0.09374237060546875,0.9993650913238525,0.4490242600440979,0.2766854763031006,-0.09383103996515274,0.9995392560958862,0.4883127808570862,0.27573269605636597,-0.24901500344276428,0.9993299245834351,0.4807271957397461,0.2758978009223938,0.06308788061141968,0.9991622567176819,0.4626353085041046,0.2964237332344055,-0.15116067230701447,0.9995458126068115,0.45736163854599,0.2969740033149719,-0.06026282534003258,0.9991267323493958,0.548570454120636,0.3168543577194214,-0.44576290249824524,0.9999270439147949,0.5457005500793457,0.32758447527885437,0.31115418672561646,0.9993554949760437,0.4130394458770752,0.3636702299118042,-0.5380192399024963,0.9932533502578735,0.4176468253135681,0.3796437382698059,0.3956717848777771,0.3948001563549042,0.25549793243408203,0.3589062988758087,-0.48089995980262756,0.9872010946273804,0.2827776372432709,0.37464427947998047,0.23623010516166687,0.5313376188278198,0.21887806057929993,0.36665332317352295,-0.5651986598968506,0.976652979850769,0.24517570436000824,0.3798089027404785,0.24077142775058746,0.5030320882797241,0.21295875310897827,0.3627442419528961,-0.5224912762641907,0.9747521281242371,0.2358766496181488,0.37608271837234497,0.17394192516803741,0.5094704627990723,0.22793926298618317,0.36045852303504944,-0.46402719616889954,0.9586482048034668,0.2491379976272583,0.37419623136520386,0.20141981542110443,0.511088490486145,0.7291130423545837,0.43275731801986694,-0.23685695230960846,0.998285710811615,0.7083848714828491,0.4340071380138397,0.23695826530456543,0.9965230822563171,0.5726370811462402,0.5201953649520874,-0.2636001408100128,0.9532631635665894,0.5713157653808594,0.514835000038147,0.27421894669532776,0.3247734010219574,0.6040852665901184,0.6326805949211121,-0.15050578117370605,0.9551886916160583,0.5976651310920715,0.6186932921409607,0.5060580372810364,0.48520952463150024,0.634353756904602,0.6522936820983887,-0.14144796133041382,0.939411997795105,0.6208701133728027,0.6332385540008545,0.5187905430793762,0.5838430523872375,0.5025503039360046,0.651789128780365,-0.21465051174163818,0.9414100050926208,0.5032157897949219,0.6393259763717651,0.4703148305416107,0.6114661693572998
272,squat,0,0.4430578351020813,0.2962072491645813,-0.11353769153356552,0.9995488524436951,0.4493793249130249,0.284858375787735,-0.15631911158561707,0.9995062947273254,0.4530903398990631,0.28409576416015625,-0.15641231834888458,0.9994673728942871,0.45699170231819153,0.28330883383750916,-0.15640437602996826,0.9996014833450317,0.4446505308151245,0.28539007902145386,-0.08234322816133499,0.9994774460792542,0.44528183341026306,0.28490155935287476,-0.08241724967956543,0.9994133710861206,0.44621914625167847,0.2843003571033478,-0.08252456784248352,0.999574601650238,0.4846589267253876,0.2829206585884094,-0.23061099648475647,0.9993630647659302,0.47609850764274597,0.283794641494751,0.06718238443136215,0.9992337226867676,0.46160638332366943,0.3036271333694458,-0.1457180380821228,0.9995668530464172,0.4559291899204254,0.3044051229953766,-0.04938527196645737,0.9991744756698608,0.5455853939056396,0.32587191462516785,-0.42443761229515076,0.9999154210090637,0.5406666994094849,0.33420759439468384,0.3194269835948944,0.9993515014648438,0.412880539894104,0.3704395294189453,-0.532027542591095,0.992277204990387,0.4096463918685913,0.3812285363674164,0.389230340719223,0.40660905838012695,0.2589893937110901,0.3645700514316559,-0.47733521461486816,0.9871472120285034,0.2749006748199463,0.3776611387729645,0.21911287307739258,0.5414851903915405,0.22161763906478882,0.3716970980167389,-0.5629571080207825,0.9773151278495789,0.23574894666671753,0.383318156003952,0.219098299741745,0.5145688652992249,0.2169618457555771,0.36765897274017334,-0.5202106833457947,0.9753869771957397,0.2276514619588852,0.37949198484420776,0.1535964459180832,0.5204956531524658,0.23141643404960632,0.3651729226112366,-0.4618285000324249,0.9596322178840637,0.2419237196445465,0.37710830569267273,0.1837296336889267,0.5233057737350464,0.7355309128761292,0.4375442564487457,-0.2368914783000946,0.9984310865402222,0.7141333818435669,0.4378775954246521,0.23701348900794983,0.9968166351318359,0.568710446357727,0.5207036733627319,-0.29881423711776733,0.9550685882568359,0.5650813579559326,0.5155247449874878,0.23203670978546143,0.32305943965911865,0.6044126749038696,0.634181559085846,-0.2009945958852768,0.9582123756408691,0.5953965783119202,0.6183643937110901,0.44460058212280273,0.48472586274147034,0.6342071890830994,0.6522926688194275,-0.1915242224931717,0.9440178275108337,0.6190293431282043,0.6335420608520508,0.4648865759372711,0.5888011455535889,0.5038866996765137,0.6526520252227783,-0.2596377730369568,0.9448574185371399,0.5035818219184875,0.6393474340438843,0.43632757663726807,0.6091489791870117
273,squat,0,0.4390498995780945,0.3050503134727478,-0.11089970916509628,0.9995861053466797,0.4461180567741394,0.2927350103855133,-0.15086764097213745,0.9995481967926025,0.4502262771129608,0.2916005551815033,-0.15092983841896057,0.9995127320289612,0.45446738600730896,0.290463924407959,-0.1509435921907425,0.9996349811553955,0.44083455204963684,0.2936496436595917,-0.07941743731498718,0.9995227456092834,0.4411134123802185,0.29319992661476135,-0.07947441190481186,0.9994643926620483,0.4416353404521942,0.2926730811595917,-0.07953079789876938,0.999611496925354,0.4809540808200836,0.29009607434272766,-0.22070610523223877,0.999410092830658,0.4698058068752289,0.2920292913913727,0.0731840431690216,0.9993047714233398,0.4583020508289337,0.31152787804603577,-0.13950183987617493,0.9995970726013184,0.4513717293739319,0.31275829672813416,-0.045327965170145035,0.9992366433143616,0.5430863499641418,0.33384332060813904,-0.41127973794937134,0.9999117851257324,0.5368611812591553,0.34329113364219666,0.3227698802947998,0.9993731379508972,0.4031175673007965,0.3752649426460266,-0.530803918838501,0.9919368624687195,0.4054148495197296,0.38503673672676086,0.3969777226448059,0.4250919818878174,0.2549738883972168,0.3675134778022766,-0.48583704233169556,0.9875807166099548,0.2745789587497711,0.3822874128818512,0.22469310462474823,0.5604345798492432,0.22161158919334412,0.3724669814109802,-0.5713908672332764,0.978492796421051,0.23964551091194153,0.386044979095459,0.2226027250289917,0.5348790287971497,0.21698404848575592,0.36874517798423767,-0.5292234420776367,0.976603090763092,0.23135274648666382,0.3817213475704193,0.15783363580703735,0.5403639078140259,0.22874164581298828,0.36697933077812195,-0.4712733030319214,0.9616320133209229,0.24375350773334503,0.3795401155948639,0.189363032579422,0.5435216426849365,0.7407851219177246,0.44292306900024414,-0.23739159107208252,0.9985727071762085,0.7172871828079224,0.44313475489616394,0.2375166267156601,0.997100293636322,0.5611290335655212,0.5206647515296936,-0.305073082447052,0.9568544030189514,0.5551676750183105,0.5154033899307251,0.2365279644727707,0.32160699367523193,0.604198157787323,0.6357061266899109,-0.20860548317432404,0.9610404372215271,0.594959557056427,0.617770791053772,0.43691781163215637,0.4839700162410736,0.6339136362075806,0.6531206369400024,-0.19831562042236328,0.9482261538505554,0.6190893650054932,0.6336186528205872,0.4571387767791748,0.5944800972938538,0.4995304048061371,0.6529664397239685,-0.25664854049682617,0.9481947422027588,0.5032957196235657,0.6384153366088867,0.4324735999107361,0.6079854965209961
274,squat,0,0.43723613023757935,0.31150418519973755,-0.06367720663547516,0.9996218681335449,0.4433318078517914,0.29958030581474304,-0.10422145575284958,0.9995872378349304,0.44699692726135254,0.2986738383769989,-0.10420641303062439,0.9995550513267517,0.45059463381767273,0.29785406589508057,-0.1042243018746376,0.9996662139892578,0.43867605924606323,0.3003549873828888,-0.030038336291909218,0.9995643496513367,0.4391431212425232,0.2999137341976166,-0.03009582869708538,0.9995114803314209,0.4398556053638458,0.29941171407699585,-0.03009987808763981,0.9996456503868103,0.47677987813949585,0.2977488338947296,-0.1885417252779007,0.9994549751281738,0.46682366728782654,0.2992451786994934,0.13622386753559113,0.9993695616722107,0.45548349618911743,0.31805220246315,-0.092840276658535,0.9996263384819031,0.4488949477672577,0.31947314739227295,0.003922794014215469,0.9992954730987549,0.5424793362617493,0.33933335542678833,-0.39160752296447754,0.9999097585678101,0.5330836772918701,0.3513171374797821,0.36464375257492065,0.9993965029716492,0.39968591928482056,0.3794364929199219,-0.5337812304496765,0.99178546667099,0.3976161479949951,0.39000359177589417,0.44808146357536316,0.4391126036643982,0.25190532207489014,0.3730142414569855,-0.49833935499191284,0.9879239201545715,0.2716558277606964,0.38475868105888367,0.29255032539367676,0.5755070447921753,0.21785171329975128,0.37698087096214294,-0.5823375582695007,0.9794429540634155,0.2361443191766739,0.3881152272224426,0.2960135042667389,0.5500198006629944,0.2126365751028061,0.37359246611595154,-0.5363401770591736,0.977534830570221,0.22994953393936157,0.38429316878318787,0.23096734285354614,0.5552496314048767,0.2244415134191513,0.3724406063556671,-0.48237061500549316,0.9632014036178589,0.24095052480697632,0.38273996114730835,0.25681161880493164,0.5598457455635071,0.7438510060310364,0.4459042549133301,-0.24693048000335693,0.9987014532089233,0.7196707129478455,0.44763699173927307,0.24700427055358887,0.9973617196083069,0.5599488019943237,0.5209875106811523,-0.31196779012680054,0.9573369026184082,0.5539205074310303,0.5159677863121033,0.21944569051265717,0.3156043291091919,0.603217601776123,0.6362799406051636,-0.21027585864067078,0.9635539650917053,0.5944967865943909,0.6177798509597778,0.4089077115058899,0.47762569785118103,0.6331299543380737,0.6533275842666626,-0.19928142428398132,0.9519855976104736,0.6191698312759399,0.6339454650878906,0.42794057726860046,0.59657883644104,0.49823781847953796,0.6544399261474609,-0.266979455947876,0.9512123465538025,0.5035168528556824,0.6383694410324097,0.38805392384529114,0.602081835269928
275,squat,0,0.43314987421035767,0.32188481092453003,-0.06775321811437607,0.9996499419212341,0.43968725204467773,0.30996206402778625,-0.10938797891139984,0.9996189475059509,0.442949116230011,0.30908143520355225,-0.1093902513384819,0.9995901584625244,0.44626984000205994,0.3082085847854614,-0.10942461341619492,0.9996919631958008,0.43576374650001526,0.31069216132164,-0.03549069166183472,0.9995972514152527,0.43642669916152954,0.31022199988365173,-0.03554116189479828,0.9995490312576294,0.43722641468048096,0.3096732199192047,-0.03555800020694733,0.9996727705001831,0.4724057614803314,0.308001846075058,-0.19909638166427612,0.9994898438453674,0.46339544653892517,0.3089994788169861,0.1262097954750061,0.9994245767593384,0.450368195772171,0.328640878200531,-0.09780924767255783,0.9996482133865356,0.44468358159065247,0.3298287093639374,-0.0016453925054520369,0.9993408918380737,0.5380471348762512,0.35075417160987854,-0.39734676480293274,0.9999030232429504,0.5302480459213257,0.3595186769962311,0.36095625162124634,0.9993885159492493,0.39504754543304443,0.3886631727218628,-0.5316449999809265,0.9913904070854187,0.39258837699890137,0.3966573476791382,0.440019428730011,0.43844908475875854,0.24452680349349976,0.38253602385520935,-0.48399844765663147,0.9881143569946289,0.26382943987846375,0.39136919379234314,0.2880377471446991,0.5779743194580078,0.20828263461589813,0.38590481877326965,-0.5668513774871826,0.9802678227424622,0.229412242770195,0.3934844732284546,0.2848432958126068,0.5559865832328796,0.2023925632238388,0.3825547993183136,-0.5251168608665466,0.9783810377120972,0.2229975014925003,0.39048030972480774,0.22029437124729156,0.5613536834716797,0.2149350792169571,0.3816346526145935,-0.4685821235179901,0.9646852016448975,0.2338813990354538,0.3896105885505676,0.2501837909221649,0.5677375197410583,0.7455922961235046,0.4545068144798279,-0.24775394797325134,0.9988129138946533,0.7219694256782532,0.45423969626426697,0.2478647083044052,0.997585654258728,0.5523096919059753,0.5227855443954468,-0.30140218138694763,0.9578444957733154,0.5471050143241882,0.5179858207702637,0.23874446749687195,0.3073813021183014,0.6032354831695557,0.6376652121543884,-0.19412577152252197,0.9657858610153198,0.5939801931381226,0.6180623769760132,0.44151952862739563,0.4694153666496277,0.6321761608123779,0.6533126831054688,-0.18318822979927063,0.9552541971206665,0.619033932685852,0.63394695520401,0.46856948733329773,0.5956827998161316,0.4961726665496826,0.6544132828712463,-0.25591015815734863,0.9537452459335327,0.5035242438316345,0.6381030082702637,0.4428923726081848,0.5945170521736145
276,squat,0,0.43016278743743896,0.3281785547733307,-0.0647483542561531,0.9996742010116577,0.43572014570236206,0.31649672985076904,-0.10720426589250565,0.9996441602706909,0.43872055411338806,0.3156774044036865,-0.10721080750226974,0.999618649482727,0.4421446919441223,0.3147742748260498,-0.10727275907993317,0.9997125864028931,0.4326041638851166,0.3169921040534973,-0.03421051800251007,0.9996237754821777,0.4331953525543213,0.31658580899238586,-0.03426741808652878,0.9995803833007812,0.433919221162796,0.3161582946777344,-0.034277722239494324,0.9996954798698425,0.46864351630210876,0.31404268741607666,-0.20035423338413239,0.9995132088661194,0.4604000747203827,0.31523242592811584,0.12289989739656448,0.9994717836380005,0.44657793641090393,0.3350839912891388,-0.09536001086235046,0.9996644258499146,0.4415264427661896,0.3362429141998291,-0.0004901735228486359,0.9993777871131897,0.5354860424995422,0.35783615708351135,-0.38960912823677063,0.9998845458030701,0.527793824672699,0.36558613181114197,0.3457395136356354,0.9993722438812256,0.38590067625045776,0.39386796951293945,-0.508326530456543,0.9911602735519409,0.3824865520000458,0.4013557434082031,0.4211977422237396,0.43851909041404724,0.2385084331035614,0.3886096179485321,-0.43625080585479736,0.9882421493530273,0.25704142451286316,0.39639803767204285,0.2870941758155823,0.5765203833580017,0.2045937329530716,0.3910597860813141,-0.5172024369239807,0.9808751940727234,0.22643683850765228,0.3968358337879181,0.28277426958084106,0.5566702485084534,0.19873018562793732,0.3879222571849823,-0.4763636589050293,0.9789937734603882,0.21976828575134277,0.394138902425766,0.21580152213573456,0.5622475743293762,0.21071277558803558,0.3872264325618744,-0.4223029613494873,0.9658794403076172,0.2300170212984085,0.39378538727760315,0.2486838847398758,0.5712239146232605,0.7487190365791321,0.4580177962779999,-0.24320924282073975,0.9988916516304016,0.723632276058197,0.4570748507976532,0.24337030947208405,0.9977694749832153,0.5491291880607605,0.5244169235229492,-0.2452877163887024,0.9584818482398987,0.5423729419708252,0.5182851552963257,0.22386758029460907,0.3039099872112274,0.6025205254554749,0.6374714970588684,-0.08889339864253998,0.9671956300735474,0.593593955039978,0.6180739402770996,0.4362184703350067,0.46335387229919434,0.6319454908370972,0.6533318161964417,-0.07265345752239227,0.9573575258255005,0.6187154054641724,0.6341092586517334,0.4600783884525299,0.5916444063186646,0.4959384500980377,0.6549765467643738,-0.13337796926498413,0.9549374580383301,0.5036275386810303,0.6381397843360901,0.43253234028816223,0.5879653096199036
277,squat,0,0.4284195899963379,0.3335665464401245,-0.06698354333639145,0.9996960759162903,0.4337098300457001,0.32277965545654297,-0.10946913808584213,0.9996668696403503,0.4368470311164856,0.321942001581192,-0.10948016494512558,0.9996447563171387,0.44015735387802124,0.3210843503475189,-0.10954490303993225,0.9997312426567078,0.4307369291782379,0.32323187589645386,-0.03706978261470795,0.9996479153633118,0.4315488040447235,0.3227600157260895,-0.037126392126083374,0.9996091723442078,0.43249791860580444,0.32223403453826904,-0.03714124485850334,0.9997159242630005,0.46677297353744507,0.3201974630355835,-0.202888622879982,0.9995355606079102,0.4598245620727539,0.32125356793403625,0.12002716958522797,0.9995144605636597,0.4447113871574402,0.34052789211273193,-0.09725101292133331,0.9996795058250427,0.44030213356018066,0.3414899408817291,-0.003308604471385479,0.9994106888771057,0.535322368144989,0.3625156879425049,-0.3889138996601105,0.9998606443405151,0.5250120162963867,0.3710532486438751,0.3317279517650604,0.9993351101875305,0.38368192315101624,0.3991830348968506,-0.499869167804718,0.9907705187797546,0.3775363862514496,0.4061543941497803,0.40863439440727234,0.438160240650177,0.2363886833190918,0.3928554058074951,-0.4199126362800598,0.9881370663642883,0.2501104176044464,0.40018609166145325,0.27096059918403625,0.575515627861023,0.20107661187648773,0.3970926105976105,-0.49772170186042786,0.9811681509017944,0.2190409153699875,0.40156105160713196,0.2669239640235901,0.5577883124351501,0.1947111189365387,0.39362087845802307,-0.45832374691963196,0.9792836904525757,0.21266064047813416,0.3988993167877197,0.20855771005153656,0.5637043714523315,0.20688873529434204,0.39215701818466187,-0.40580934286117554,0.9665918946266174,0.22282321751117706,0.3980911374092102,0.23624232411384583,0.5745968818664551,0.7514436841011047,0.46139660477638245,-0.2407132089138031,0.9989556074142456,0.7253476977348328,0.46102675795555115,0.24088804423809052,0.9979264140129089,0.548784077167511,0.525752604007721,-0.24732325971126556,0.9593186974525452,0.5392049551010132,0.5189854502677917,0.23025313019752502,0.3040783107280731,0.602546751499176,0.6379163265228271,-0.10259587317705154,0.9686543345451355,0.5932853817939758,0.6180650591850281,0.4367474317550659,0.46159622073173523,0.6336649656295776,0.6545537114143372,-0.0884520411491394,0.9593368172645569,0.6187744140625,0.6342265605926514,0.46495944261550903,0.5923151969909668,0.4960181713104248,0.6562939882278442,-0.155706986784935,0.9563347697257996,0.503723680973053,0.637943685054779,0.43966713547706604,0.5867921710014343
278,squat,0,0.42565298080444336,0.33880266547203064,-0.06823551654815674,0.9997111558914185,0.43115413188934326,0.3285188674926758,-0.11120831966400146,0.9996822476387024,0.43413230776786804,0.3277977406978607,-0.11122347414493561,0.999664306640625,0.4372776746749878,0.32701578736305237,-0.11128915101289749,0.999744713306427,0.4286321699619293,0.32868117094039917,-0.03859972953796387,0.9996647834777832,0.4297577738761902,0.32806408405303955,-0.03865039348602295,0.9996307492256165,0.43095138669013977,0.32738766074180603,-0.0386597141623497,0.9997304677963257,0.46374383568763733,0.3259675204753876,-0.20457789301872253,0.9995485544204712,0.4586869478225708,0.32634204626083374,0.1178961917757988,0.9995474815368652,0.4418352544307709,0.34561944007873535,-0.09868044406175613,0.9996861815452576,0.43825581669807434,0.3465103209018707,-0.004279738757759333,0.99942946434021,0.5332278609275818,0.3682786226272583,-0.3926694393157959,0.9998336434364319,0.52531498670578,0.37512364983558655,0.33387160301208496,0.9992738962173462,0.3819497525691986,0.40470483899116516,-0.5019967555999756,0.9903478026390076,0.3809243142604828,0.4099338948726654,0.41792580485343933,0.43086040019989014,0.2368791550397873,0.39688268303871155,-0.4093947410583496,0.9879334568977356,0.25135406851768494,0.4034026861190796,0.2717851400375366,0.5704987049102783,0.20080003142356873,0.4016060531139374,-0.4838798940181732,0.9812400341033936,0.21862736344337463,0.40547284483909607,0.27030208706855774,0.5554895997047424,0.19553621113300323,0.3984338045120239,-0.44568172097206116,0.9793432950973511,0.213034987449646,0.4031868875026703,0.21356408298015594,0.5617149472236633,0.20819874107837677,0.3966365456581116,-0.3946899175643921,0.9668906927108765,0.2236139178276062,0.40196260809898376,0.23821981251239777,0.5737088918685913,0.7552914619445801,0.46623173356056213,-0.2420506328344345,0.9989854097366333,0.7280299067497253,0.4647274315357208,0.24223853647708893,0.9980342388153076,0.549167275428772,0.5258675813674927,-0.24881434440612793,0.9596198201179504,0.5378643870353699,0.5192282199859619,0.234517440199852,0.30625972151756287,0.603369414806366,0.6378440856933594,-0.10648461431264877,0.9699047803878784,0.5921039581298828,0.6181157827377319,0.44614946842193604,0.4638788104057312,0.6347770094871521,0.6544234156608582,-0.09272801131010056,0.9609189629554749,0.6188172101974487,0.6343131065368652,0.4728188216686249,0.5972928404808044,0.4964871108531952,0.6563749313354492,-0.16498412191867828,0.9576952457427979,0.5033384561538696,0.6371280550956726,0.44586512446403503,0.5906392335891724
279,squat,0,0.42397579550743103,0.3435634970664978,-0.0844247043132782,0.9997137188911438,0.42951276898384094,0.33352500200271606,-0.12879349291324615,0.9996857643127441,0.43241554498672485,0.3328792452812195,-0.1288178712129593,0.99967360496521,0.4355541467666626,0.33212634921073914,-0.1289282739162445,0.9997500777244568,0.42724573612213135,0.3335771858692169,-0.05562905967235565,0.9996687173843384,0.4284622371196747,0.332973837852478,-0.055641017854213715,0.9996393918991089,0.42972856760025024,0.332293838262558,-0.055603258311748505,0.9997346997261047,0.46200236678123474,0.33163413405418396,-0.22318391501903534,0.9995434880256653,0.4573737382888794,0.3316751718521118,0.10397069901227951,0.9995666146278381,0.4399324953556061,0.3506825864315033,-0.1140657588839531,0.9996777772903442,0.4367028772830963,0.3514876067638397,-0.018696390092372894,0.9994263648986816,0.5310913324356079,0.37343135476112366,-0.41071856021881104,0.9998052716255188,0.5248914957046509,0.37966859340667725,0.33151400089263916,0.9991844296455383,0.3790638744831085,0.41012027859687805,-0.5201722979545593,0.9898839592933655,0.380460649728775,0.41446375846862793,0.4178694188594818,0.42189791798591614,0.23493973910808563,0.4007413983345032,-0.4190269112586975,0.9875622391700745,0.2514467239379883,0.4072044789791107,0.26279374957084656,0.5627708435058594,0.1995907872915268,0.40539878606796265,-0.49567872285842896,0.9810340404510498,0.21767377853393555,0.4092259705066681,0.2609296143054962,0.5506312251091003,0.19516250491142273,0.40284278988838196,-0.4570375680923462,0.9791231155395508,0.21323756873607635,0.40744996070861816,0.2114993780851364,0.5570290088653564,0.20733068883419037,0.401037335395813,-0.4039977192878723,0.9666730165481567,0.2238244265317917,0.40621280670166016,0.23151402175426483,0.5693443417549133,0.7559112310409546,0.47103050351142883,-0.24458430707454681,0.9989745020866394,0.7291492223739624,0.4685254395008087,0.24481070041656494,0.9980810284614563,0.5449775457382202,0.5256742835044861,-0.24373508989810944,0.9599236249923706,0.537193238735199,0.5196183323860168,0.25577256083488464,0.30889084935188293,0.6058096885681152,0.6382894515991211,-0.08486780524253845,0.9709827899932861,0.5916892886161804,0.6180939078330994,0.4799509644508362,0.466919869184494,0.6355555057525635,0.654403805732727,-0.0699135810136795,0.962138831615448,0.619210958480835,0.6344338059425354,0.5038164854049683,0.6034054756164551,0.49666735529899597,0.6563605070114136,-0.14308437705039978,0.9588267207145691,0.5032660961151123,0.6369304060935974,0.474672794342041,0.5961291790008545
280,squat,0,0.42534029483795166,0.3571779727935791,-0.09722551703453064,0.9996973872184753,0.42943862080574036,0.34595316648483276,-0.1403423547744751,0.9996682405471802,0.43244460225105286,0.34520724415779114,-0.14037367701530457,0.9996637105941772,0.4356721043586731,0.344399094581604,-0.1404808759689331,0.9997407793998718,0.42698413133621216,0.3460972011089325,-0.06883979588747025,0.9996490478515625,0.4280049204826355,0.3455325961112976,-0.06885012239217758,0.9996234774589539,0.4291944205760956,0.34494414925575256,-0.0688159316778183,0.9997186660766602,0.46284201741218567,0.3434433043003082,-0.23255784809589386,0.9994947910308838,0.45712488889694214,0.3436354398727417,0.08724875003099442,0.9995578527450562,0.44200119376182556,0.36358118057250977,-0.1259734332561493,0.9996381402015686,0.4383902847766876,0.3645252287387848,-0.032802410423755646,0.9993712902069092,0.5290706157684326,0.38416221737861633,-0.4195939302444458,0.9997510313987732,0.5254697799682617,0.3877722918987274,0.31240084767341614,0.9989488124847412,0.3783210217952728,0.4187590181827545,-0.5455964803695679,0.9891260862350464,0.3823447525501251,0.4218350648880005,0.3991411626338959,0.4069461524486542,0.23572653532028198,0.4102948307991028,-0.46097680926322937,0.9870370626449585,0.24994085729122162,0.4152056872844696,0.23009450733661652,0.5503404140472412,0.20117804408073425,0.4153624475002289,-0.5424606204032898,0.9805974364280701,0.21659792959690094,0.4181664288043976,0.22460536658763885,0.5427058339118958,0.19610489904880524,0.41190192103385925,-0.505428671836853,0.9786556959152222,0.2111954391002655,0.4159182906150818,0.16792051494121552,0.5495812892913818,0.20811399817466736,0.4100547432899475,-0.44815945625305176,0.9661075472831726,0.22212068736553192,0.4143431484699249,0.19626228511333466,0.5628484487533569,0.7567624449729919,0.4797400236129761,-0.24450793862342834,0.9988881349563599,0.7301088571548462,0.47537893056869507,0.24472671747207642,0.9979913830757141,0.5423275232315063,0.5265281796455383,-0.24286194145679474,0.9585676789283752,0.5350927710533142,0.5208780169487,0.2561230957508087,0.3097795248031616,0.6059584021568298,0.6379138231277466,-0.08623228967189789,0.9711804389953613,0.5902144908905029,0.6180965900421143,0.48100224137306213,0.4642571210861206,0.6355679631233215,0.6536011695861816,-0.07227446883916855,0.9623388648033142,0.6189649701118469,0.6344650387763977,0.5039023160934448,0.6074804663658142,0.49704015254974365,0.6557490229606628,-0.1477854698896408,0.9587401747703552,0.5027765035629272,0.6367316246032715,0.4776546359062195,0.5971086621284485
281,squat,0,0.4259384572505951,0.3632616698741913,-0.09487681090831757,0.999700665473938,0.4289952218532562,0.3521272838115692,-0.13785013556480408,0.9996734261512756,0.4320301115512848,0.35137659311294556,-0.13788054883480072,0.9996721148490906,0.43526116013526917,0.35058924555778503,-0.13797490298748016,0.9997466802597046,0.4263559579849243,0.35237738490104675,-0.06603403389453888,0.9996543526649475,0.42727625370025635,0.35183098912239075,-0.06605342775583267,0.9996315836906433,0.42840462923049927,0.3512619137763977,-0.06603246182203293,0.9997232556343079,0.46271148324012756,0.3492509424686432,-0.23077252507209778,0.9994908571243286,0.4566481113433838,0.3495533764362335,0.08941411972045898,0.9995731711387634,0.44317781925201416,0.36991867423057556,-0.12408336251974106,0.9996284246444702,0.43944141268730164,0.37081941962242126,-0.03072717972099781,0.9993648529052734,0.5268461108207703,0.3905982971191406,-0.41950345039367676,0.9997159838676453,0.5256612300872803,0.39098963141441345,0.3106248378753662,0.9988172650337219,0.3775710165500641,0.42439574003219604,-0.5404921770095825,0.9884207844734192,0.3836677372455597,0.4244048595428467,0.3971351385116577,0.39409831166267395,0.23534180223941803,0.41646143794059753,-0.4467942416667938,0.9865135550498962,0.24717402458190918,0.4190358519554138,0.23158571124076843,0.5399684309959412,0.20136010646820068,0.4213062524795532,-0.5263365507125854,0.9801044464111328,0.21633002161979675,0.42219579219818115,0.2257183939218521,0.535466194152832,0.19634592533111572,0.4185118079185486,-0.49243825674057007,0.978113055229187,0.21104654669761658,0.42067694664001465,0.16877512633800507,0.5426297783851624,0.2080431580543518,0.4166773557662964,-0.4357115924358368,0.9654380083084106,0.22144170105457306,0.41913479566574097,0.19769854843616486,0.5567945837974548,0.7568843364715576,0.48450422286987305,-0.24426057934761047,0.9988958239555359,0.7313526272773743,0.47934576869010925,0.24446430802345276,0.9980249404907227,0.5376311540603638,0.5266674160957336,-0.25482332706451416,0.9578497409820557,0.5307773947715759,0.5208914875984192,0.2668617069721222,0.31015515327453613,0.6065680980682373,0.6378573775291443,-0.11825651675462723,0.9716185331344604,0.5884934663772583,0.618095338344574,0.47797396779060364,0.46251988410949707,0.6358025670051575,0.6535482406616211,-0.10680276900529861,0.9626942276954651,0.6175464987754822,0.634479284286499,0.49978023767471313,0.6105979681015015,0.49716928601264954,0.6550425291061401,-0.1821010857820511,0.9590296149253845,0.5015032291412354,0.6364930868148804,0.47187018394470215,0.5985382795333862
282,squat,0,0.4260772466659546,0.3685248792171478,-0.10390081256628036,0.999703049659729,0.4286057949066162,0.3573624789714813,-0.14654894173145294,0.9996800422668457,0.4316973388195038,0.35652536153793335,-0.14657825231552124,0.999681293964386,0.43500807881355286,0.35565727949142456,-0.14667488634586334,0.9997533559799194,0.42579102516174316,0.35774338245391846,-0.07511823624372482,0.9996616840362549,0.42667022347450256,0.35717687010765076,-0.075141042470932,0.9996412396430969,0.4277503192424774,0.356596976518631,-0.07511092722415924,0.9997286200523376,0.4627099633216858,0.3541998267173767,-0.23910512030124664,0.9994930028915405,0.4560004472732544,0.3547184467315674,0.0806904062628746,0.9995877742767334,0.4436531960964203,0.3752320110797882,-0.13341228663921356,0.9996238350868225,0.43991339206695557,0.37615832686424255,-0.040280476212501526,0.9993667006492615,0.5277918577194214,0.39492908120155334,-0.4238874316215515,0.9996850490570068,0.5255538821220398,0.3953951597213745,0.30094075202941895,0.9987416863441467,0.37583109736442566,0.4291606545448303,-0.5450964570045471,0.9876103401184082,0.3788774013519287,0.42936834692955017,0.3838326930999756,0.38287824392318726,0.23474977910518646,0.4207497537136078,-0.4531007409095764,0.9858742356300354,0.24289628863334656,0.42383554577827454,0.20438262820243835,0.5324856638908386,0.2015502154827118,0.42603984475135803,-0.5351618528366089,0.9794129133224487,0.2122403085231781,0.42791372537612915,0.19477355480194092,0.5312795639038086,0.19658172130584717,0.42279839515686035,-0.5017205476760864,0.9773661494255066,0.20761875808238983,0.4264484643936157,0.1356569081544876,0.5387941002845764,0.20852673053741455,0.4208238422870636,-0.44225817918777466,0.9644516110420227,0.21882601082324982,0.42473214864730835,0.16918614506721497,0.5534359812736511,0.7587544918060303,0.4884783923625946,-0.24421115219593048,0.9989149570465088,0.7333481311798096,0.48316171765327454,0.24441516399383545,0.998077392578125,0.5336734056472778,0.5265142321586609,-0.2775932550430298,0.9570281505584717,0.5273212194442749,0.5207968950271606,0.27914029359817505,0.3104175329208374,0.606576681137085,0.6373624801635742,-0.14451166987419128,0.9721957445144653,0.58818119764328,0.6176550984382629,0.4798433780670166,0.46040430665016174,0.6360194087028503,0.6526828408241272,-0.13356979191303253,0.9631823301315308,0.6175476908683777,0.6337511539459229,0.49975845217704773,0.6132110357284546,0.49847176671028137,0.652580201625824,-0.21365100145339966,0.959794819355011,0.5015562176704407,0.6365085244178772,0.47393178939819336,0.6004425287246704
283,squat,0,0.42605289816856384,0.3727874457836151,-0.11351066827774048,0.9996936321258545,0.42841729521751404,0.36188986897468567,-0.15487365424633026,0.9996760487556458,0.43156054615974426,0.3610492944717407,-0.15490345656871796,0.9996798634529114,0.43497663736343384,0.36017343401908875,-0.15500196814537048,0.9997520446777344,0.4254298508167267,0.3623311221599579,-0.0839667096734047,0.9996585249900818,0.4262579083442688,0.3617863059043884,-0.08399493247270584,0.9996393322944641,0.4272814393043518,0.3612436354160309,-0.08396641910076141,0.9997251629829407,0.4627149999141693,0.3589256703853607,-0.24466104805469513,0.9994750618934631,0.4556029140949249,0.35951483249664307,0.07386884838342667,0.9995894432067871,0.4438413977622986,0.3795187175273895,-0.1423552930355072,0.9996022582054138,0.4400724768638611,0.3804452121257782,-0.04965118691325188,0.9993482232093811,0.5286012291908264,0.39960405230522156,-0.42625510692596436,0.9996441006660461,0.5253980159759521,0.3994804918766022,0.2926570773124695,0.998647928237915,0.3767274022102356,0.43326643109321594,-0.5503746867179871,0.9867905974388123,0.37821102142333984,0.43276461958885193,0.3787216246128082,0.3715801239013672,0.23523548245429993,0.4260409474372864,-0.46402114629745483,0.9849743247032166,0.24192985892295837,0.4287981688976288,0.19977204501628876,0.5236663222312927,0.20251213014125824,0.43124544620513916,-0.547485888004303,0.978317141532898,0.2110970914363861,0.43278804421424866,0.19006216526031494,0.5253429412841797,0.19684617221355438,0.4273958206176758,-0.5134945511817932,0.9761676788330078,0.20616848766803741,0.4308072030544281,0.13007597625255585,0.5331103205680847,0.2086115926504135,0.4253954291343689,-0.4530995190143585,0.9627608060836792,0.21758614480495453,0.4290357828140259,0.16429059207439423,0.5483329892158508,0.7596073746681213,0.4925391674041748,-0.24319705367088318,0.9989230632781982,0.7339214086532593,0.4867701530456543,0.24335244297981262,0.9981115460395813,0.5311689376831055,0.5267060995101929,-0.27680063247680664,0.9560312032699585,0.5268178582191467,0.5214506387710571,0.28110355138778687,0.3095507025718689,0.6065864562988281,0.637010931968689,-0.1395384520292282,0.9725086092948914,0.588236927986145,0.6176595091819763,0.47935155034065247,0.45750778913497925,0.6359503269195557,0.651297390460968,-0.12819799780845642,0.9632402062416077,0.6177992224693298,0.6336584687232971,0.49863412976264954,0.6138794422149658,0.4984457492828369,0.6516872048377991,-0.2082826942205429,0.9600631594657898,0.5011914372444153,0.6365315318107605,0.472928524017334,0.6007047891616821
284,squat,0,0.4263788163661957,0.38371920585632324,-0.13955573737621307,0.9996463060379028,0.42909836769104004,0.37305697798728943,-0.18137437105178833,0.9996367692947388,0.4322548508644104,0.3722337782382965,-0.18140427768230438,0.9996459484100342,0.43566668033599854,0.37134379148483276,-0.18150341510772705,0.9997248649597168,0.4260636270046234,0.37328869104385376,-0.1112394779920578,0.9996174573898315,0.42690548300743103,0.3727470934391022,-0.11128357797861099,0.9995977282524109,0.4279388189315796,0.3721065819263458,-0.11128463596105576,0.9996885657310486,0.4633593261241913,0.3696954846382141,-0.2726573348045349,0.9993932247161865,0.45625779032707214,0.37000253796577454,0.043258700519800186,0.9995449781417847,0.4445817470550537,0.38932928442955017,-0.16890990734100342,0.9995296001434326,0.4407925009727478,0.3903062045574188,-0.0769806057214737,0.9992620944976807,0.5295488834381104,0.40730181336402893,-0.450717955827713,0.9995856881141663,0.5256786346435547,0.40726590156555176,0.25933870673179626,0.9984882473945618,0.37809038162231445,0.43969300389289856,-0.5847832560539246,0.9856712222099304,0.380817711353302,0.43853825330734253,0.35172566771507263,0.3561345934867859,0.23645620048046112,0.4364611506462097,-0.5152536630630493,0.9835924506187439,0.24341940879821777,0.43742820620536804,0.17131765186786652,0.5119359493255615,0.20311589539051056,0.4416519105434418,-0.5997350811958313,0.9765156507492065,0.2116350531578064,0.44174978137016296,0.1591033637523651,0.5171809792518616,0.19767804443836212,0.43808647990226746,-0.5661810040473938,0.9742070436477661,0.20714843273162842,0.4399324655532837,0.09817530959844589,0.5251060724258423,0.20950321853160858,0.4364264905452728,-0.5044277906417847,0.9598950743675232,0.21843838691711426,0.438285231590271,0.13557051122188568,0.540969967842102,0.7604057788848877,0.5028970241546631,-0.24073827266693115,0.998939037322998,0.7333511710166931,0.4960232079029083,0.24076536297798157,0.9981510639190674,0.5288477540016174,0.5275698900222778,-0.2602570354938507,0.9538123607635498,0.5236366391181946,0.523220419883728,0.29601144790649414,0.30474796891212463,0.6069638133049011,0.6371878385543823,-0.0807955339550972,0.9719215035438538,0.5883386135101318,0.6181129217147827,0.5156604051589966,0.4482942223548889,0.6365731954574585,0.6511473059654236,-0.06475619226694107,0.9619817733764648,0.6180520057678223,0.6337831616401672,0.5362644791603088,0.609490156173706,0.49879783391952515,0.6515149474143982,-0.12614759802818298,0.9588050842285156,0.5012698769569397,0.6365886926651001,0.5210837125778198,0.5941011905670166
285,squat,0,0.4278745949268341,0.38876262307167053,-0.1766795665025711,0.9995434284210205,0.42919042706489563,0.3780084550380707,-0.2176523059606552,0.9995508790016174,0.43234580755233765,0.3770405054092407,-0.21768556535243988,0.9995683431625366,0.43577250838279724,0.3760387897491455,-0.21779297292232513,0.999664843082428,0.42629390954971313,0.37848442792892456,-0.14821714162826538,0.999532163143158,0.42720478773117065,0.3778901696205139,-0.14827127754688263,0.9995070099830627,0.42831629514694214,0.3771999180316925,-0.14828887581825256,0.9996110200881958,0.46371763944625854,0.374370813369751,-0.30265721678733826,0.9992225170135498,0.4565337002277374,0.37472498416900635,0.010181066580116749,0.9994369149208069,0.4464864134788513,0.3944796621799469,-0.20344054698944092,0.9993733763694763,0.4424963891506195,0.3954736292362213,-0.11242157220840454,0.9990798830986023,0.5304998159408569,0.41274094581604004,-0.4794001281261444,0.9994971752166748,0.5258216857910156,0.4113904535770416,0.23512139916419983,0.9982612729072571,0.37988656759262085,0.4455700218677521,-0.6203293204307556,0.9844460487365723,0.38238346576690674,0.44313663244247437,0.3332403600215912,0.34103554487228394,0.23757876455783844,0.4419301748275757,-0.5597937107086182,0.9821536540985107,0.24420887231826782,0.44201892614364624,0.14839471876621246,0.4983684718608856,0.20406025648117065,0.4471421539783478,-0.6460658311843872,0.9745913743972778,0.21229396760463715,0.4460369646549225,0.136130228638649,0.5070672631263733,0.19864241778850555,0.4432964324951172,-0.613409698009491,0.9721301198005676,0.2077932506799698,0.4445863962173462,0.07465675473213196,0.5152626037597656,0.21038179099559784,0.4415290057659149,-0.5493738055229187,0.9567192196846008,0.21875576674938202,0.443049818277359,0.11247329413890839,0.5316247940063477,0.7617316246032715,0.507149875164032,-0.23886150121688843,0.9989121556282043,0.7325831651687622,0.49959853291511536,0.2388181984424591,0.9981281757354736,0.5272725820541382,0.5291929841041565,-0.24968627095222473,0.9499606490135193,0.5226901769638062,0.5248013734817505,0.29941874742507935,0.2989102900028229,0.6076217293739319,0.638328492641449,-0.05703291296958923,0.9704378247261047,0.5883675813674927,0.6187443137168884,0.52495938539505,0.43721818923950195,0.6369359493255615,0.6514541506767273,-0.040175288915634155,0.9595766067504883,0.6183171272277832,0.633974015712738,0.5454890727996826,0.6023065447807312,0.49882450699806213,0.6515900492668152,-0.10074818134307861,0.9564365148544312,0.5013123154640198,0.6367045044898987,0.5300759673118591,0.5850922465324402
286,squat,0,0.4294781982898712,0.394497275352478,-0.15244705975055695,0.999457061290741,0.42952868342399597,0.38359326124191284,-0.19343525171279907,0.9994747042655945,0.432735413312912,0.3825438618659973,-0.19346866011619568,0.9994955658912659,0.4361855983734131,0.38149064779281616,-0.19357456266880035,0.9996130466461182,0.42641696333885193,0.3841911852359772,-0.12447933107614517,0.9994555115699768,0.427293986082077,0.3836138844490051,-0.12452901154756546,0.9994240403175354,0.42851895093917847,0.38293176889419556,-0.1245359480381012,0.99954754114151,0.46473661065101624,0.3796350061893463,-0.28198862075805664,0.9990703463554382,0.456698477268219,0.38032424449920654,0.02924984320998192,0.9993525147438049,0.4483770430088043,0.4000036120414734,-0.17993207275867462,0.9992344379425049,0.44418078660964966,0.4010584354400635,-0.0896574854850769,0.9989407658576965,0.5320538282394409,0.41757023334503174,-0.46567511558532715,0.9994192719459534,0.5265783071517944,0.4164971113204956,0.24991001188755035,0.998127281665802,0.3809906244277954,0.44985711574554443,-0.5929994583129883,0.9834528565406799,0.38270509243011475,0.44746607542037964,0.34741976857185364,0.32763999700546265,0.23833975195884705,0.44516661763191223,-0.5235192179679871,0.9806687235832214,0.24546748399734497,0.44592738151550293,0.1696862280368805,0.48451924324035645,0.20475082099437714,0.4502326548099518,-0.6089858412742615,0.9725834727287292,0.2136622965335846,0.44965991377830505,0.1578138917684555,0.4964008927345276,0.19929835200309753,0.4463294446468353,-0.5731118321418762,0.9699335098266602,0.20881830155849457,0.44832026958465576,0.09858322143554688,0.5048246383666992,0.21098756790161133,0.4446372985839844,-0.5110827684402466,0.9537116885185242,0.21975374221801758,0.44684135913848877,0.13449127972126007,0.5220125317573547,0.7626391649246216,0.5118185877799988,-0.23296456038951874,0.9988875985145569,0.7353553771972656,0.5051412582397461,0.23286139965057373,0.998115599155426,0.5262698531150818,0.5296459794044495,-0.22822003066539764,0.9455689191818237,0.5223793983459473,0.5259513258934021,0.298130065202713,0.2891826033592224,0.605627179145813,0.6382365226745605,-0.00652695307508111,0.9678044319152832,0.5879496335983276,0.6194122433662415,0.5240349769592285,0.4244404435157776,0.6369284391403198,0.6514593958854675,0.014795410446822643,0.9557902216911316,0.6183462142944336,0.633988618850708,0.5407460927963257,0.5916879177093506,0.49856460094451904,0.6518460512161255,-0.017181867733597755,0.9524005055427551,0.5009382367134094,0.6383453011512756,0.5100858807563782,0.572740912437439
287,squat,0,0.4310172498226166,0.4004721939563751,-0.14011423289775848,0.999444842338562,0.43015965819358826,0.38932085037231445,-0.18322496116161346,0.9994695782661438,0.43326815962791443,0.388302206993103,-0.18330618739128113,0.9994914531707764,0.43658819794654846,0.38728997111320496,-0.18349270522594452,0.999611496925354,0.42728281021118164,0.3897334635257721,-0.11460093408823013,0.9994487762451172,0.42822062969207764,0.38900089263916016,-0.11464295536279678,0.9994166493415833,0.42943042516708374,0.38815900683403015,-0.11462598294019699,0.9995426535606384,0.4655868411064148,0.3852595090866089,-0.2773613929748535,0.9990590810775757,0.45817193388938904,0.3855303227901459,0.03277508169412613,0.999348521232605,0.4500727951526642,0.4057157337665558,-0.17374923825263977,0.9992212057113647,0.4461992681026459,0.40661951899528503,-0.08290919661521912,0.9989412426948547,0.5339678525924683,0.4225756525993347,-0.46403971314430237,0.9993969202041626,0.5304620265960693,0.4203643500804901,0.2621091604232788,0.9981136918067932,0.3817102015018463,0.45440414547920227,-0.58315509557724,0.982975959777832,0.3847676217556,0.4510616958141327,0.3484196364879608,0.31578055024147034,0.23761624097824097,0.44912388920783997,-0.5132595896720886,0.9801427721977234,0.24594944715499878,0.44994720816612244,0.1796911209821701,0.4728793799877167,0.20440997183322906,0.4544781446456909,-0.5981309413909912,0.9717982411384583,0.2145349383354187,0.45337265729904175,0.17027780413627625,0.487634539604187,0.19894133508205414,0.45059841871261597,-0.564552903175354,0.9690358638763428,0.20954453945159912,0.4520280957221985,0.1105724424123764,0.4963855743408203,0.21036554872989655,0.4487174451351166,-0.5037198662757874,0.9524544477462769,0.2204221487045288,0.4505297839641571,0.144793301820755,0.5147954225540161,0.7634302377700806,0.5177270770072937,-0.23198747634887695,0.9989309906959534,0.7380578517913818,0.5100703239440918,0.23187817633152008,0.9981929063796997,0.5268099904060364,0.5306394100189209,-0.2269793450832367,0.9433562755584717,0.5232930779457092,0.5269519090652466,0.31390273571014404,0.2804848253726959,0.6044583320617676,0.6384431719779968,0.014933869242668152,0.9658117294311523,0.587404727935791,0.6194034814834595,0.5388945937156677,0.4139070510864258,0.6369215846061707,0.6529524326324463,0.03902016580104828,0.9526406526565552,0.6181699633598328,0.6335004568099976,0.5584923028945923,0.5832299590110779,0.4985834062099457,0.652283787727356,0.015630001202225685,0.9493522644042969,0.5006548762321472,0.6392203569412231,0.5511871576309204,0.5642879009246826
288,squat,0,0.43316563963890076,0.4079752564430237,-0.13972534239292145,0.9994488954544067,0.4327177405357361,0.3977961242198944,-0.1823742836713791,0.9994797706604004,0.43587732315063477,0.39705154299736023,-0.18249915540218353,0.9995018243789673,0.43918702006340027,0.3963288366794586,-0.18275734782218933,0.9996204972267151,0.4298233091831207,0.39795589447021484,-0.11253518611192703,0.9994584321975708,0.43057775497436523,0.3974369764328003,-0.11257880926132202,0.9994253516197205,0.43161022663116455,0.3968774676322937,-0.11258906126022339,0.9995499849319458,0.4677806794643402,0.3948221504688263,-0.2734239995479584,0.9990778565406799,0.46071693301200867,0.39494431018829346,0.04115680605173111,0.999362051486969,0.4519413709640503,0.41364777088165283,-0.17056573927402496,0.9992319345474243,0.44799602031707764,0.4147014021873474,-0.07808220386505127,0.9989691376686096,0.5337501764297485,0.43225836753845215,-0.45081281661987305,0.9993963241577148,0.531655490398407,0.4284527003765106,0.2641303837299347,0.9981334805488586,0.3816934823989868,0.4624910354614258,-0.5704371929168701,0.9826703667640686,0.38555434346199036,0.4578549861907959,0.3553076684474945,0.3060724437236786,0.23766528069972992,0.45826616883277893,-0.4898952543735504,0.9797027707099915,0.24654287099838257,0.45768406987190247,0.17753265798091888,0.46347302198410034,0.2037791758775711,0.46303850412368774,-0.5755552649497986,0.9711222648620605,0.2151392549276352,0.4605421721935272,0.16347789764404297,0.4810735583305359,0.19867534935474396,0.4593576490879059,-0.5412184596061707,0.9682347774505615,0.2100854218006134,0.4594669044017792,0.10586469620466232,0.4900408983230591,0.21034057438373566,0.45775720477104187,-0.48018398880958557,0.9513205289840698,0.22096963226795197,0.45828935503959656,0.142709419131279,0.509860098361969,0.7627435922622681,0.5258392095565796,-0.2290509194135666,0.998982310295105,0.7410687208175659,0.5185439586639404,0.22894051671028137,0.9982733726501465,0.5265713334083557,0.531358003616333,-0.22384575009346008,0.9418878555297852,0.5241075158119202,0.5276312828063965,0.3409295082092285,0.26947274804115295,0.6015191078186035,0.6382720470428467,0.005867016036063433,0.9650393128395081,0.587163507938385,0.6194177865982056,0.6006686687469482,0.4034186005592346,0.6369155645370483,0.6536707282066345,0.02745909057557583,0.9509828686714172,0.6181734800338745,0.6334275007247925,0.624143123626709,0.5754021406173706,0.4991084933280945,0.6524667739868164,-0.006379148922860622,0.9476689100265503,0.5006882548332214,0.639208197593689,0.6244532465934753,0.5556493401527405
289,squat,0,0.43646782636642456,0.41550371050834656,-0.13505423069000244,0.9994452595710754,0.43617916107177734,0.4052378833293915,-0.17722001671791077,0.99948650598526,0.43945667147636414,0.4044024348258972,-0.17731153964996338,0.9995101094245911,0.4428151249885559,0.40355953574180603,-0.17751020193099976,0.9996277093887329,0.43296876549720764,0.4055294692516327,-0.10779166966676712,0.9994646310806274,0.43367403745651245,0.40493282675743103,-0.10783284157514572,0.9994301795959473,0.43466630578041077,0.40426480770111084,-0.10783309489488602,0.9995514154434204,0.47150084376335144,0.401522696018219,-0.2684701979160309,0.9990941286087036,0.46430665254592896,0.4017052948474884,0.042104050517082214,0.9993677139282227,0.4556041657924652,0.4208538234233856,-0.16528907418251038,0.9992388486862183,0.45166489481925964,0.42186716198921204,-0.07398299127817154,0.9989885091781616,0.5359699726104736,0.4376092255115509,-0.44795289635658264,0.9993865489959717,0.534072995185852,0.43559980392456055,0.2563824951648712,0.9980971217155457,0.3815857172012329,0.46872103214263916,-0.5685346722602844,0.9819539785385132,0.3859618902206421,0.4658009707927704,0.3458874225616455,0.29401472210884094,0.23601913452148438,0.4630427956581116,-0.48831725120544434,0.9790331125259399,0.24622836709022522,0.4634748697280884,0.16136614978313446,0.4499261677265167,0.20221854746341705,0.46716463565826416,-0.5728320479393005,0.9702443480491638,0.21515649557113647,0.46585798263549805,0.14575247466564178,0.4707592725753784,0.1975623071193695,0.46270090341567993,-0.5384433269500732,0.967218816280365,0.21006405353546143,0.4642648994922638,0.08843287825584412,0.48002755641937256,0.20928016304969788,0.461391806602478,-0.4779338240623474,0.949994683265686,0.22094450891017914,0.46334055066108704,0.12649200856685638,0.5011243224143982,0.763607382774353,0.5311893820762634,-0.22593219578266144,0.9990379214286804,0.7430242300033569,0.5239611864089966,0.22583477199077606,0.9983568787574768,0.5271847248077393,0.532405436038971,-0.22789232432842255,0.9410510659217834,0.5246489644050598,0.527733564376831,0.3566208779811859,0.2595532536506653,0.6016284227371216,0.6381053924560547,-0.010721932165324688,0.9642171263694763,0.5871754884719849,0.6180511713027954,0.6085771322250366,0.39395684003829956,0.6375585794448853,0.6544103026390076,0.00975731760263443,0.949224054813385,0.6178228259086609,0.6314767003059387,0.6311323642730713,0.5676008462905884,0.5009000897407532,0.6523622870445251,-0.027740400284528732,0.9459355473518372,0.500708818435669,0.6383038759231567,0.6314891576766968,0.5475264191627502
290,squat,0,0.4380817413330078,0.4208076000213623,-0.15344682335853577,0.9994292855262756,0.4375809133052826,0.410130113363266,-0.19810190796852112,0.9994848370552063,0.44068005681037903,0.4092574119567871,-0.19820372760295868,0.9995129704475403,0.4438866674900055,0.40839093923568726,-0.1983868032693863,0.9996288418769836,0.4348180592060089,0.4103225767612457,-0.12785695493221283,0.9994624853134155,0.43574267625808716,0.40955859422683716,-0.1278892457485199,0.9994286298751831,0.4369252026081085,0.4087101221084595,-0.12787139415740967,0.9995445609092712,0.472346693277359,0.4066423773765564,-0.2967113256454468,0.9991058111190796,0.4663413465023041,0.4064357578754425,0.020812422037124634,0.9993617534637451,0.45693638920783997,0.42588791251182556,-0.18495219945907593,0.9992347955703735,0.4536861777305603,0.42675483226776123,-0.09241066128015518,0.9990007877349854,0.5358966588973999,0.4444650709629059,-0.4672788083553314,0.9993770718574524,0.5388226509094238,0.4390639066696167,0.24063478410243988,0.9980646967887878,0.37940049171447754,0.4744108021259308,-0.5835309028625488,0.9814793467521667,0.38679856061935425,0.4699587821960449,0.3283204138278961,0.2816328704357147,0.2326141893863678,0.4677259624004364,-0.4955213963985443,0.9786421060562134,0.24520622193813324,0.4671599566936493,0.12591244280338287,0.4344659745693207,0.199189692735672,0.47174790501594543,-0.5832697153091431,0.9696076512336731,0.21454773843288422,0.4695909321308136,0.10591509938240051,0.4584210216999054,0.19538851082324982,0.46722620725631714,-0.5519888997077942,0.9664868116378784,0.20953041315078735,0.4683676064014435,0.044887471944093704,0.4683021008968353,0.20716522634029388,0.46595045924186707,-0.48633918166160583,0.9490921497344971,0.2204485535621643,0.46748051047325134,0.08918371796607971,0.49064508080482483,0.7631993889808655,0.5387890338897705,-0.2266915738582611,0.9991012811660767,0.7446327209472656,0.5276938676834106,0.22661249339580536,0.9984596967697144,0.525786817073822,0.5338999629020691,-0.2105148285627365,0.940086841583252,0.5244683623313904,0.5276089906692505,0.42644065618515015,0.24905093014240265,0.6017522215843201,0.637479305267334,0.08717888593673706,0.960318386554718,0.5871479511260986,0.6168786883354187,0.7162562012672424,0.3816719055175781,0.6376652717590332,0.6543927192687988,0.11618098616600037,0.9435315132141113,0.6174188852310181,0.6294922828674316,0.7425997257232666,0.5550307631492615,0.501744270324707,0.651426374912262,0.09800887107849121,0.9405612349510193,0.5010558366775513,0.6353475451469421,0.7446523904800415,0.537736713886261
291,squat,0,0.4394109845161438,0.426567405462265,-0.1519492119550705,0.9994342923164368,0.4388790726661682,0.41580405831336975,-0.19700269401073456,0.9994993805885315,0.4417587220668793,0.4149766266345978,-0.19710992276668549,0.9995298981666565,0.4447803497314453,0.41416457295417786,-0.1972898542881012,0.9996403455734253,0.4366787075996399,0.41592052578926086,-0.1268257349729538,0.9994757175445557,0.4378398060798645,0.41512197256088257,-0.1268518716096878,0.9994434118270874,0.4392987787723541,0.41424456238746643,-0.12682409584522247,0.9995517730712891,0.4730350077152252,0.4124784469604492,-0.29797330498695374,0.9991416335105896,0.46831926703453064,0.41212043166160583,0.01953916624188423,0.9993752241134644,0.4579339921474457,0.43159618973731995,-0.18404486775398254,0.9992522597312927,0.4554014801979065,0.4323669672012329,-0.09159815311431885,0.9990355968475342,0.5357730388641357,0.4507124125957489,-0.46694546937942505,0.9993767142295837,0.5430337190628052,0.443746417760849,0.23820236325263977,0.9980489015579224,0.3780648708343506,0.4802558124065399,-0.5814964771270752,0.98110032081604,0.39006155729293823,0.4749929904937744,0.3171705901622772,0.2708054184913635,0.22944654524326324,0.4725953936576843,-0.4934374690055847,0.978419840335846,0.24310080707073212,0.47146955132484436,0.1057991236448288,0.4208953380584717,0.19578933715820312,0.47623124718666077,-0.5809888243675232,0.969186007976532,0.2121250331401825,0.4739437699317932,0.08381030708551407,0.44751542806625366,0.1921699047088623,0.4714743196964264,-0.5498769879341125,0.9659876227378845,0.20771276950836182,0.47265419363975525,0.02181294746696949,0.4580584168434143,0.20407386124134064,0.4702697992324829,-0.4839078485965729,0.9485659599304199,0.21915116906166077,0.4717290997505188,0.06837150454521179,0.48166003823280334,0.762906551361084,0.5466035604476929,-0.22690428793430328,0.9991641640663147,0.7447451949119568,0.5339577794075012,0.2268475592136383,0.9985588788986206,0.5250658988952637,0.5349400639533997,-0.209167942404747,0.939292848110199,0.5244933366775513,0.5274273753166199,0.4515196979045868,0.23906852304935455,0.6032156944274902,0.6371650099754333,0.10414320230484009,0.9556543231010437,0.587364137172699,0.6165879368782043,0.7516633868217468,0.369903028011322,0.6384517550468445,0.654356837272644,0.13442178070545197,0.9370775818824768,0.6175088286399841,0.6295955777168274,0.7789753079414368,0.5429471731185913,0.5036527514457703,0.6514266133308411,0.12208524346351624,0.9344345331192017,0.5026244521141052,0.6348012685775757,0.7847076058387756,0.5282188653945923
292,squat,0,0.4411366283893585,0.4323040544986725,-0.17746691405773163,0.999419093132019,0.44057124853134155,0.42182862758636475,-0.22153033316135406,0.9995006322860718,0.4433790147304535,0.4209645986557007,-0.22164593636989594,0.9995347261428833,0.4463190734386444,0.4201016128063202,-0.22184060513973236,0.999643087387085,0.4384106993675232,0.42207950353622437,-0.15424199402332306,0.9994724988937378,0.4395786225795746,0.4213434159755707,-0.15428918600082397,0.9994404315948486,0.4410630166530609,0.4205358028411865,-0.15426583588123322,0.9995431900024414,0.4745095670223236,0.4183289408683777,-0.32020947337150574,0.9991546869277954,0.47021034359931946,0.41810110211372375,-0.0155347790569067,0.9993665814399719,0.4597797095775604,0.43731993436813354,-0.20868103206157684,0.9992415308952332,0.4574582576751709,0.43821579217910767,-0.11988763511180878,0.9990379810333252,0.5361882448196411,0.4556637704372406,-0.4782750904560089,0.9993536472320557,0.54398113489151,0.4475126266479492,0.19762161374092102,0.9979794025421143,0.3775244951248169,0.485262930393219,-0.5906871557235718,0.9806784391403198,0.39071035385131836,0.47960755228996277,0.2768845558166504,0.2602442502975464,0.22585813701152802,0.4775194525718689,-0.5103699564933777,0.9782018661499023,0.24013184010982513,0.47561949491500854,0.07526559382677078,0.4090031087398529,0.19054722785949707,0.48046135902404785,-0.5995804667472839,0.9687684774398804,0.20843683183193207,0.4772384464740753,0.05418723076581955,0.43799081444740295,0.18750987946987152,0.47551172971725464,-0.5709292888641357,0.9654932022094727,0.2041974663734436,0.47608986496925354,-0.008717888966202736,0.44910648465156555,0.20004865527153015,0.47463151812553406,-0.5027453303337097,0.9480552077293396,0.21641898155212402,0.47557660937309265,0.03799429535865784,0.47398826479911804,0.7628672122955322,0.5526232123374939,-0.21956565976142883,0.9992182850837708,0.7445077300071716,0.538409411907196,0.21952058374881744,0.9986434578895569,0.5252610445022583,0.5352950692176819,-0.20589759945869446,0.9376816749572754,0.5239239931106567,0.5273948311805725,0.42132142186164856,0.23105750977993011,0.6057232022285461,0.637161374092102,0.11154162138700485,0.9497187733650208,0.5891665816307068,0.616639256477356,0.6957367062568665,0.35936659574508667,0.6386919021606445,0.6536715626716614,0.1416609138250351,0.928495466709137,0.6182490587234497,0.6300399899482727,0.7202312350273132,0.5300287008285522,0.5052158832550049,0.6517505645751953,0.13423556089401245,0.9261305928230286,0.5037871599197388,0.6345078945159912,0.726432204246521,0.5178401470184326
293,squat,0,0.44152405858039856,0.4431527853012085,-0.168193519115448,0.999381959438324,0.44160720705986023,0.4334559440612793,-0.2117762565612793,0.9994873404502869,0.4442976415157318,0.4327380359172821,-0.21189145743846893,0.9995266199111938,0.4471803307533264,0.4319922626018524,-0.2120739370584488,0.9996351003646851,0.4395701587200165,0.43378135561943054,-0.14458011090755463,0.9994518160820007,0.4407121241092682,0.43325522541999817,-0.1446167230606079,0.9994184970855713,0.44208550453186035,0.43269428610801697,-0.14458924531936646,0.9995160102844238,0.4759047329425812,0.430512934923172,-0.31238895654678345,0.9991466403007507,0.4711177945137024,0.4304661154747009,-0.008690621703863144,0.9993284344673157,0.4599117934703827,0.44868770241737366,-0.20013479888439178,0.9992038607597351,0.45753946900367737,0.44951412081718445,-0.11144980788230896,0.9990063905715942,0.5358406901359558,0.4651636779308319,-0.47091013193130493,0.9993368983268738,0.5436847805976868,0.45692723989486694,0.19927842915058136,0.9979090690612793,0.3736324608325958,0.4910876452922821,-0.5867968797683716,0.9800981283187866,0.39084118604660034,0.487406462430954,0.2802829146385193,0.2502022385597229,0.22276939451694489,0.48623546957969666,-0.5131479501724243,0.977790117263794,0.24035152792930603,0.4845574200153351,0.0842585563659668,0.4006284773349762,0.1843479573726654,0.4886992573738098,-0.6036568880081177,0.96811842918396,0.20910833775997162,0.48517343401908875,0.0659903958439827,0.4315844476222992,0.18182504177093506,0.4837189018726349,-0.5723040699958801,0.9646903872489929,0.2044508010149002,0.4840449392795563,0.002052993979305029,0.4430497884750366,0.1950971782207489,0.4832596778869629,-0.5049001574516296,0.9470600485801697,0.21673260629177094,0.4839727282524109,0.047029100358486176,0.4691728949546814,0.7627471089363098,0.562475323677063,-0.2139885425567627,0.9992732405662537,0.7421633005142212,0.5470844507217407,0.21396861970424652,0.9987220764160156,0.5255640745162964,0.5360490083694458,-0.20873835682868958,0.9351259469985962,0.5240352749824524,0.5267836451530457,0.44827884435653687,0.2208680957555771,0.607233464717865,0.6378801465034485,0.09662700444459915,0.9432796835899353,0.5904430150985718,0.6164764165878296,0.7346138954162598,0.34831592440605164,0.6387304663658142,0.6539000272750854,0.12473000586032867,0.9197185635566711,0.6182237267494202,0.6300337910652161,0.7596771121025085,0.5163753628730774,0.505070149898529,0.6525965332984924,0.11127753555774689,0.9178171753883362,0.5046417713165283,0.6331533193588257,0.7694752216339111,0.5074288249015808
294,squat,0,0.44251400232315063,0.4484296143054962,-0.16231097280979156,0.9993097186088562,0.4428246319293976,0.4388878047466278,-0.20566777884960175,0.9994506239891052,0.4455365538597107,0.4380166232585907,-0.20578177273273468,0.9994978308677673,0.4484415650367737,0.43703383207321167,-0.20596231520175934,0.9996092915534973,0.440615177154541,0.4393038749694824,-0.13868890702724457,0.9994004964828491,0.44160181283950806,0.43884944915771484,-0.13872335851192474,0.9993656873703003,0.4427567720413208,0.4383147954940796,-0.1386982947587967,0.9994596838951111,0.47685325145721436,0.43496474623680115,-0.30510151386260986,0.9991088509559631,0.4718147814273834,0.43524113297462463,-0.003848935244604945,0.9992520213127136,0.4611109793186188,0.45364910364151,-0.19396568834781647,0.9991095066070557,0.4584895074367523,0.45481836795806885,-0.10574079304933548,0.9989344477653503,0.5358279347419739,0.47112107276916504,-0.4670577943325043,0.9992800354957581,0.544775664806366,0.46240299940109253,0.2035154551267624,0.9977410435676575,0.36763864755630493,0.49626293778419495,-0.5846189856529236,0.9787177443504333,0.3904757797718048,0.49221503734588623,0.27609527111053467,0.23585163056850433,0.2154553234577179,0.49060115218162537,-0.5093481540679932,0.9766026139259338,0.23563598096370697,0.48835620284080505,0.07830467820167542,0.3833749294281006,0.17523831129074097,0.4928916394710541,-0.5978909730911255,0.9666540026664734,0.20114962756633759,0.4887402355670929,0.05965671315789223,0.41700419783592224,0.17365281283855438,0.48812398314476013,-0.5654929876327515,0.9630297422409058,0.19734936952590942,0.4881044328212738,-0.004250363912433386,0.4287831485271454,0.1867176741361618,0.4875487685203552,-0.4998977482318878,0.9450580477714539,0.21052351593971252,0.48810410499572754,0.0407111831009388,0.4559374749660492,0.7618618607521057,0.5693235993385315,-0.2099536657333374,0.9993034601211548,0.7402432560920715,0.5540779232978821,0.20994926989078522,0.9987642765045166,0.5257039666175842,0.5357934236526489,-0.2072153091430664,0.9286137223243713,0.5249772071838379,0.5256863236427307,0.415314644575119,0.20828337967395782,0.607292890548706,0.6381626129150391,0.11666306108236313,0.9298983216285706,0.5913229584693909,0.6168648600578308,0.6837712526321411,0.33280184864997864,0.6381643414497375,0.6539775729179382,0.14661484956741333,0.9041944146156311,0.6179832816123962,0.6306699514389038,0.7086775302886963,0.4983217418193817,0.5014161467552185,0.6527042984962463,0.15168067812919617,0.9000927805900574,0.503873348236084,0.6320754289627075,0.707226574420929,0.4887625575065613
295,squat,0,0.44377848505973816,0.45331060886383057,-0.16010341048240662,0.9992813467979431,0.4442199468612671,0.443503201007843,-0.20393353700637817,0.9994416236877441,0.4470616579055786,0.44245946407318115,-0.20401276648044586,0.999492347240448,0.45007097721099854,0.44138410687446594,-0.2041671872138977,0.9996039867401123,0.4417674243450165,0.44411706924438477,-0.134809210896492,0.9993849396705627,0.4426766335964203,0.4436471164226532,-0.13484486937522888,0.9993492960929871,0.44373106956481934,0.4431019723415375,-0.13482816517353058,0.9994398951530457,0.4781739115715027,0.43910276889801025,-0.3008407950401306,0.9991021752357483,0.4730898141860962,0.43950241804122925,-0.0007472033030353487,0.9992251992225647,0.46293702721595764,0.4580620527267456,-0.19104361534118652,0.9990749359130859,0.46011340618133545,0.4593104422092438,-0.10151641070842743,0.998914361000061,0.5358086824417114,0.47508665919303894,-0.45781180262565613,0.9992582201957703,0.5475719571113586,0.46561649441719055,0.20306536555290222,0.997688889503479,0.3643867075443268,0.4992593228816986,-0.5792009234428406,0.978249192237854,0.39131250977516174,0.4942031800746918,0.28330034017562866,0.22704972326755524,0.21256977319717407,0.49410098791122437,-0.5064584016799927,0.9765041470527649,0.23661446571350098,0.49094220995903015,0.08963124454021454,0.3764667212963104,0.17350533604621887,0.4960739314556122,-0.5941988229751587,0.9665534496307373,0.20253059267997742,0.4911232888698578,0.07255719602108002,0.4127328395843506,0.17203791439533234,0.4911951720714569,-0.5618811249732971,0.9628421664237976,0.19791482388973236,0.49112850427627563,0.008080839179456234,0.424735426902771,0.1852048635482788,0.49092334508895874,-0.4968888759613037,0.9449278116226196,0.21080610156059265,0.4913841784000397,0.05234254151582718,0.4529172480106354,0.7600395083427429,0.5741362571716309,-0.20502643287181854,0.9993261694908142,0.7400716543197632,0.5577225089073181,0.20504550635814667,0.9987795948982239,0.5257881283760071,0.5360682010650635,-0.19498836994171143,0.9237543940544128,0.5274347066879272,0.524685800075531,0.40319719910621643,0.19735027849674225,0.6062450408935547,0.6385886669158936,0.11941973865032196,0.9218414425849915,0.5912537574768066,0.6168971061706543,0.6671133041381836,0.31903305649757385,0.6352900266647339,0.6548962593078613,0.14722083508968353,0.8940789699554443,0.6175981163978577,0.6307200193405151,0.6906167268753052,0.4826878607273102,0.4961682856082916,0.6526229381561279,0.14590126276016235,0.8881227970123291,0.5009905695915222,0.6307937502861023,0.6966719031333923,0.47215595841407776
296,squat,0,0.44476473331451416,0.45721712708473206,-0.1309318244457245,0.9992780685424805,0.4452763795852661,0.4472827911376953,-0.17224688827991486,0.9994478225708008,0.4481874704360962,0.44625696539878845,-0.17234714329242706,0.9994986057281494,0.45128342509269714,0.445215106010437,-0.17250534892082214,0.9996086359024048,0.4427533745765686,0.4478105902671814,-0.1095316931605339,0.9993875026702881,0.4436465799808502,0.4472977817058563,-0.10957071930170059,0.9993508458137512,0.4446891248226166,0.44670382142066956,-0.10950711369514465,0.9994401335716248,0.4791136384010315,0.442980021238327,-0.2735231816768646,0.9991114139556885,0.4742518365383148,0.4431250989437103,0.004528861027210951,0.9992222189903259,0.4644724726676941,0.46212857961654663,-0.16280771791934967,0.9990566372871399,0.46158772706985474,0.46321558952331543,-0.08021101355552673,0.9989071488380432,0.5356013178825378,0.4787595570087433,-0.420048326253891,0.9992303848266602,0.550800621509552,0.46827036142349243,0.2100629210472107,0.9976574778556824,0.36452779173851013,0.503186821937561,-0.5451061129570007,0.9779907464981079,0.3916722238063812,0.49760520458221436,0.29297176003456116,0.22121141850948334,0.21116632223129272,0.49704331159591675,-0.48309940099716187,0.9769079089164734,0.2376205027103424,0.49372807145118713,0.09918735176324844,0.3752078711986542,0.17224565148353577,0.4985283315181732,-0.5654460191726685,0.9670851230621338,0.2038920670747757,0.4932771325111389,0.08813157677650452,0.41309428215026855,0.17085781693458557,0.4939669668674469,-0.5311362147331238,0.9633573293685913,0.198444202542305,0.493312805891037,0.024176115170121193,0.4251166582107544,0.18416015803813934,0.49391207098960876,-0.4731575548648834,0.9457895755767822,0.21144960820674896,0.49396538734436035,0.06435566395521164,0.45431894063949585,0.7583547830581665,0.5792284607887268,-0.19685925543308258,0.9993431568145752,0.7399232983589172,0.5621855854988098,0.19682875275611877,0.9987882971763611,0.5258917212486267,0.5368806719779968,-0.1739361733198166,0.9195137619972229,0.5312255024909973,0.524665892124176,0.3996519446372986,0.18722358345985413,0.6061228513717651,0.6385686993598938,0.1468086540699005,0.9134261012077332,0.5916000604629517,0.6169164776802063,0.6598963141441345,0.3055548667907715,0.6351616978645325,0.6548788547515869,0.17561759054660797,0.8840619921684265,0.6191713213920593,0.6311988234519958,0.6840543150901794,0.4665829539299011,0.4962483048439026,0.650634765625,0.18182654678821564,0.8752902150154114,0.5023778676986694,0.62968510389328,0.6890495419502258,0.4548631012439728
297,squat,0,0.4446904957294464,0.463142991065979,-0.13264109194278717,0.9992730021476746,0.44515618681907654,0.4532078206539154,-0.17433002591133118,0.999451220035553,0.44806107878685,0.4524919092655182,-0.1744285374879837,0.9995042681694031,0.4511834979057312,0.4517638683319092,-0.17458771169185638,0.9996117353439331,0.4427167773246765,0.4534732699394226,-0.11024172604084015,0.9993842244148254,0.44367876648902893,0.4529212415218353,-0.11028186231851578,0.9993473291397095,0.44480741024017334,0.45237910747528076,-0.11023732274770737,0.9994328022003174,0.4791346490383148,0.44959497451782227,-0.27680689096450806,0.9991180896759033,0.47477149963378906,0.44965577125549316,0.004539488349109888,0.9992046356201172,0.46433401107788086,0.468466192483902,-0.1636964976787567,0.9990427494049072,0.4616522789001465,0.4691639840602875,-0.08124585449695587,0.998896598815918,0.5350783467292786,0.4821133017539978,-0.4266837537288666,0.9992251396179199,0.5523523092269897,0.472456693649292,0.20306695997714996,0.9976710081100464,0.3608243763446808,0.5069348216056824,-0.5507491827011108,0.978227972984314,0.39178091287612915,0.502173125743866,0.2956963777542114,0.21840298175811768,0.20794521272182465,0.5018144845962524,-0.5083655118942261,0.9774914979934692,0.2384217083454132,0.49868157505989075,0.10574648529291153,0.3799157440662384,0.16887566447257996,0.5034205317497253,-0.5953882932662964,0.967792272567749,0.2044232338666916,0.49768853187561035,0.09273132681846619,0.4190030097961426,0.16669856011867523,0.4990262985229492,-0.5594367980957031,0.9640538692474365,0.1989625096321106,0.49726274609565735,0.029604099690914154,0.43117690086364746,0.18074075877666473,0.4989282190799713,-0.49874430894851685,0.9467586874961853,0.2112937718629837,0.4981255829334259,0.07035589218139648,0.46104690432548523,0.7548990845680237,0.583501935005188,-0.19590024650096893,0.9993659257888794,0.7384317517280579,0.5668756365776062,0.19588470458984375,0.9988059401512146,0.5266377925872803,0.5378517508506775,-0.17455437779426575,0.9155862331390381,0.5332350730895996,0.5249005556106567,0.4270673394203186,0.1789381355047226,0.6070665121078491,0.638618528842926,0.1562069058418274,0.904460608959198,0.5961480140686035,0.6168402433395386,0.708281934261322,0.29569923877716064,0.6358341574668884,0.6554158926010132,0.18612177670001984,0.8741908669471741,0.6249673366546631,0.6298048496246338,0.7329099178314209,0.4539741277694702,0.49893471598625183,0.650478184223175,0.19366054236888885,0.8637612462043762,0.505582869052887,0.6300020813941956,0.7515168786048889,0.44322702288627625
298,squat,0,0.444810688495636,0.4647330939769745,-0.12657520174980164,0.9992468953132629,0.4451420307159424,0.4548364281654358,-0.16768145561218262,0.9994405508041382,0.44799384474754333,0.4541001319885254,-0.16778482496738434,0.9994978308677673,0.451094388961792,0.4532828629016876,-0.16793689131736755,0.9996059536933899,0.4428863227367401,0.45507556200027466,-0.10559392720460892,0.9993701577186584,0.4439336061477661,0.454537570476532,-0.10564129799604416,0.9993331432342529,0.44518840312957764,0.45395469665527344,-0.10559815913438797,0.9994158148765564,0.47927749156951904,0.4508204162120819,-0.27291181683540344,0.9991005659103394,0.4751746952533722,0.4510672986507416,0.006763018202036619,0.9991673231124878,0.4646940529346466,0.47006961703300476,-0.15926747024059296,0.9989972710609436,0.46247896552085876,0.47089505195617676,-0.07793129980564117,0.9988408088684082,0.5362148880958557,0.4813579022884369,-0.411151260137558,0.9991952776908875,0.552440881729126,0.4748840630054474,0.2010551542043686,0.9976524710655212,0.36181849241256714,0.5083369612693787,-0.5438963770866394,0.9779850244522095,0.39135459065437317,0.5045987963676453,0.29866278171539307,0.2148197740316391,0.20962737500667572,0.5042669177055359,-0.5070661902427673,0.9782426953315735,0.24382388591766357,0.5012108087539673,0.12758734822273254,0.38594749569892883,0.17046315968036652,0.5057488083839417,-0.592982292175293,0.9688343405723572,0.2115926295518875,0.4996941089630127,0.118134044110775,0.425755113363266,0.1683690994977951,0.5013197064399719,-0.5579472780227661,0.9651403427124023,0.20365764200687408,0.4987233281135559,0.05729617923498154,0.4377586841583252,0.1825488656759262,0.5011851787567139,-0.4977252781391144,0.9482800960540771,0.21395456790924072,0.49961522221565247,0.0938338041305542,0.46779027581214905,0.7540673017501831,0.5844016671180725,-0.18743117153644562,0.9993928074836731,0.7365915775299072,0.5693832039833069,0.18735532462596893,0.9988408088684082,0.5272548198699951,0.5378575921058655,-0.17991460859775543,0.9143940210342407,0.5332460403442383,0.5253924131393433,0.4336244761943817,0.1748722642660141,0.6071951389312744,0.6381857991218567,0.1267838329076767,0.8983704447746277,0.5997999906539917,0.6143879890441895,0.689007043838501,0.29145365953445435,0.6360101103782654,0.6550981402397156,0.15439513325691223,0.8680494427680969,0.6315594911575317,0.625645101070404,0.7116074562072754,0.445351779460907,0.5009783506393433,0.6497137546539307,0.1522023230791092,0.8562344312667847,0.5066441297531128,0.6302897334098816,0.7263323664665222,0.43756091594696045
299,squat,0,0.4449786841869354,0.46565788984298706,-0.10627766698598862,0.9992402791976929,0.4452260136604309,0.45556342601776123,-0.1464812159538269,0.9994372725486755,0.4480246901512146,0.4547320604324341,-0.14658962190151215,0.999495804309845,0.45109644532203674,0.4538162350654602,-0.1467384546995163,0.9996030330657959,0.44317370653152466,0.45578721165657043,-0.08586671203374863,0.9993650317192078,0.44432303309440613,0.4551835358142853,-0.08592355251312256,0.9993298053741455,0.4457222819328308,0.4545203447341919,-0.08588863164186478,0.9994121193885803,0.479556143283844,0.4508621394634247,-0.2506711184978485,0.9990905523300171,0.4755699336528778,0.45136091113090515,0.02269602008163929,0.9991527199745178,0.46475937962532043,0.47074323892593384,-0.1392565667629242,0.9989640712738037,0.4628068506717682,0.47152453660964966,-0.05935176461935043,0.9988113045692444,0.5367968082427979,0.48052841424942017,-0.39134418964385986,0.9991536140441895,0.5521904826164246,0.47672194242477417,0.20359830558300018,0.9976380467414856,0.3601394295692444,0.5085973143577576,-0.5295247435569763,0.9774045348167419,0.38685911893844604,0.5061637759208679,0.3030359447002411,0.2122039496898651,0.20832690596580505,0.5072506070137024,-0.49626806378364563,0.9787915349006653,0.243827223777771,0.5041978359222412,0.14895695447921753,0.3897663354873657,0.16792069375514984,0.509850025177002,-0.5752528309822083,0.9695922136306763,0.21160061657428741,0.503206729888916,0.14253373444080353,0.4295267164707184,0.1657392531633377,0.5052098631858826,-0.5382266044616699,0.9658852219581604,0.20339040458202362,0.5019615292549133,0.08149285614490509,0.4413568377494812,0.18092896044254303,0.5044876933097839,-0.4858762323856354,0.949394941329956,0.2132919877767563,0.5026301741600037,0.11518663913011551,0.47216469049453735,0.7530562877655029,0.58407062292099,-0.1836191564798355,0.9994159936904907,0.7334390878677368,0.5696024298667908,0.18349772691726685,0.998881995677948,0.5273900032043457,0.5376903414726257,-0.18361060321331024,0.915253758430481,0.5331829190254211,0.5258033871650696,0.42271608114242554,0.173099085688591,0.6071840524673462,0.6368321776390076,0.1292225420475006,0.8912205100059509,0.5999013185501099,0.6124318838119507,0.6355553865432739,0.29015693068504333,0.6373025178909302,0.6536941528320312,0.15832602977752686,0.8605868816375732,0.6323633790016174,0.6232534050941467,0.6524784564971924,0.440623015165329,0.5022520422935486,0.648678183555603,0.17679570615291595,0.8463776707649231,0.5065922737121582,0.6304893493652344,0.6722859740257263,0.4344688653945923
300,squat,0,0.4451170861721039,0.4678732454776764,-0.10076169669628143,0.9992188215255737,0.44521740078926086,0.45734426379203796,-0.14188259840011597,0.9994254112243652,0.44798338413238525,0.45647862553596497,-0.14198525249958038,0.9994855523109436,0.4510440528392792,0.4555368721485138,-0.1421261876821518,0.9995946288108826,0.44335564970970154,0.45755109190940857,-0.08082660287618637,0.999353289604187,0.44462060928344727,0.4568902552127838,-0.08087905496358871,0.9993179440498352,0.4462050497531891,0.4561843276023865,-0.08084264397621155,0.9994014501571655,0.4796382784843445,0.45215949416160583,-0.24777579307556152,0.999070942401886,0.47612765431404114,0.4526602625846863,0.028357122093439102,0.9991307854652405,0.4649995267391205,0.47280001640319824,-0.13403618335723877,0.9989243149757385,0.46345582604408264,0.4735100567340851,-0.053323306143283844,0.9987732172012329,0.5368242859840393,0.4815751314163208,-0.387617290019989,0.9991365671157837,0.5517910122871399,0.47789865732192993,0.2078200876712799,0.9976826906204224,0.36052119731903076,0.509506106376648,-0.5260074734687805,0.977005124092102,0.38690072298049927,0.507247269153595,0.32124125957489014,0.213002011179924,0.20926694571971893,0.508377194404602,-0.49109193682670593,0.9793673753738403,0.24583497643470764,0.5053127408027649,0.1685047447681427,0.401029497385025,0.16949492692947388,0.5113921165466309,-0.567780077457428,0.9703943729400635,0.2153898924589157,0.5043942928314209,0.16330218315124512,0.44063669443130493,0.16708904504776,0.5065171718597412,-0.5309706926345825,0.9666897058486938,0.20621366798877716,0.5028311610221863,0.10217121243476868,0.45233941078186035,0.1818125993013382,0.5058186054229736,-0.4802533686161041,0.9505419135093689,0.2154083102941513,0.5034449100494385,0.134821355342865,0.4832058846950531,0.7514941096305847,0.5851277709007263,-0.1841782182455063,0.9994336366653442,0.7326620817184448,0.571253776550293,0.18405167758464813,0.9989136457443237,0.527641236782074,0.537598192691803,-0.18408101797103882,0.9159792065620422,0.5330871939659119,0.5264710783958435,0.4175891876220703,0.17250996828079224,0.6058573126792908,0.6367565989494324,0.12040048092603683,0.8864723443984985,0.5996414422988892,0.6125587224960327,0.6167483925819397,0.28887706995010376,0.6359468698501587,0.6529373526573181,0.14882995188236237,0.8556625843048096,0.6316885948181152,0.6241037845611572,0.6327959895133972,0.4358293414115906,0.5020794868469238,0.6480238437652588,0.1637558490037918,0.8400636911392212,0.5063580274581909,0.6306184530258179,0.6536157131195068,0.432045042514801
301,squat,0,0.44547897577285767,0.4665655791759491,-0.09542467445135117,0.999213457107544,0.44541963934898376,0.4561982750892639,-0.13619016110897064,0.9994236826896667,0.4481988549232483,0.4552172124385834,-0.1362931877374649,0.9994839429855347,0.4512605369091034,0.45419979095458984,-0.13643310964107513,0.9995927214622498,0.44356828927993774,0.4564732313156128,-0.07468321174383163,0.9993534684181213,0.4448530972003937,0.4557616710662842,-0.07474201172590256,0.9993196725845337,0.44645747542381287,0.4549672305583954,-0.07471214234828949,0.9994028806686401,0.4799429178237915,0.4509187340736389,-0.24123775959014893,0.9990679025650024,0.4763944447040558,0.4514789283275604,0.037489574402570724,0.9991298317909241,0.4651505947113037,0.47155463695526123,-0.12879279255867004,0.9988998174667358,0.4636271297931671,0.4722702205181122,-0.047465138137340546,0.9987569451332092,0.5363386869430542,0.4820602834224701,-0.38447150588035583,0.9991136193275452,0.5517184138298035,0.4776691794395447,0.21880780160427094,0.9977166056632996,0.36104971170425415,0.5103077292442322,-0.5205038785934448,0.9763504266738892,0.3860635757446289,0.5070063471794128,0.3282005488872528,0.21325109899044037,0.21411369740962982,0.508717954158783,-0.481266051530838,0.9796664714813232,0.24669401347637177,0.5049963593482971,0.17140375077724457,0.40986520051956177,0.17328718304634094,0.5115014314651489,-0.5570706129074097,0.9707841277122498,0.2155333161354065,0.5046922564506531,0.16552211344242096,0.4486847221851349,0.169467031955719,0.5065308213233948,-0.5213296413421631,0.9670416712760925,0.20623627305030823,0.502909779548645,0.1044662743806839,0.4603305160999298,0.18440957367420197,0.5059031248092651,-0.4705488979816437,0.9510921835899353,0.21584706008434296,0.5033761262893677,0.13747601211071014,0.4914998710155487,0.7507393956184387,0.5848773717880249,-0.18520314991474152,0.9994524121284485,0.7321763038635254,0.5708631277084351,0.1850728988647461,0.9989538788795471,0.527898371219635,0.5375760793685913,-0.18949849903583527,0.9168840646743774,0.533011794090271,0.5266683101654053,0.41492536664009094,0.17239263653755188,0.6057237386703491,0.6366844773292542,0.11893322318792343,0.8808590769767761,0.5994200110435486,0.6118924021720886,0.6063516736030579,0.28930801153182983,0.6359601020812988,0.6524698138237,0.1464129537343979,0.8494630455970764,0.6311293244361877,0.6239265203475952,0.6217212080955505,0.4329846203327179,0.5021287202835083,0.6481111645698547,0.15406043827533722,0.8325548768043518,0.5056849122047424,0.6309229135513306,0.6405007839202881,0.43130698800086975
302,squat,0,0.44598379731178284,0.4663448929786682,-0.09102096408605576,0.9992247223854065,0.445618599653244,0.4560227394104004,-0.13189654052257538,0.9994362592697144,0.4483906626701355,0.45495250821113586,-0.1319936215877533,0.9994955062866211,0.4514305293560028,0.4538540840148926,-0.13212305307388306,0.9996016025543213,0.4437841475009918,0.45637476444244385,-0.06941048055887222,0.9993704557418823,0.4450821876525879,0.45561671257019043,-0.06946926563978195,0.9993382096290588,0.44669944047927856,0.4547469913959503,-0.06944351643323898,0.9994183778762817,0.48000872135162354,0.45025938749313354,-0.23790331184864044,0.9990898370742798,0.47649696469306946,0.4508666396141052,0.04551234468817711,0.9991492629051208,0.4653802812099457,0.4711802005767822,-0.1249227374792099,0.9989014267921448,0.4639124572277069,0.47198453545570374,-0.042421724647283554,0.9987647533416748,0.5352628827095032,0.4822656214237213,-0.38350147008895874,0.9990957975387573,0.5514642000198364,0.4770438075065613,0.2328771948814392,0.9977456331253052,0.3611527681350708,0.5105249881744385,-0.5133375525474548,0.9754012823104858,0.38601434230804443,0.5065217614173889,0.33653244376182556,0.2140326201915741,0.2185768038034439,0.508568525314331,-0.4662044644355774,0.9798829555511475,0.2474616914987564,0.5042584538459778,0.17524582147598267,0.41854679584503174,0.18048734962940216,0.5106596350669861,-0.5411670804023743,0.9710375070571899,0.2164461463689804,0.5042072534561157,0.16936549544334412,0.45583677291870117,0.17609582841396332,0.5060072541236877,-0.5084331035614014,0.9672698974609375,0.20730169117450714,0.5023910999298096,0.10958794504404068,0.4674665629863739,0.1893301010131836,0.5056548714637756,-0.45632559061050415,0.9514652490615845,0.21704363822937012,0.5028274655342102,0.141641303896904,0.4986259639263153,0.7503136992454529,0.5848996043205261,-0.18714378774166107,0.9994722008705139,0.7321620583534241,0.5702396035194397,0.18702584505081177,0.9989974498748779,0.5279226899147034,0.5375596880912781,-0.20939522981643677,0.918128252029419,0.5329564809799194,0.5266542434692383,0.43999719619750977,0.17342424392700195,0.6049371361732483,0.6367002725601196,0.09131763875484467,0.8748604655265808,0.5992507338523865,0.611679196357727,0.6112905740737915,0.2904270589351654,0.6356594562530518,0.6523787379264832,0.11842165142297745,0.8427599668502808,0.6307475566864014,0.6240707039833069,0.627361536026001,0.4300917983055115,0.5017721652984619,0.6481696367263794,0.1311534345149994,0.8254470229148865,0.5050600171089172,0.6311970353126526,0.6444153189659119,0.4320814311504364
303,squat,0,0.4467204511165619,0.4669624865055084,-0.09178794920444489,0.9992291331291199,0.44585269689559937,0.45650723576545715,-0.13236626982688904,0.9994432926177979,0.44858965277671814,0.45540472865104675,-0.13246433436870575,0.9995017647743225,0.45158305764198303,0.45426154136657715,-0.13259316980838776,0.9996058344841003,0.444072425365448,0.4568662643432617,-0.07019700855016708,0.9993813633918762,0.44538259506225586,0.45607101917266846,-0.07025398313999176,0.9993504285812378,0.44701188802719116,0.45514142513275146,-0.07022824883460999,0.9994282126426697,0.4800451397895813,0.4503897726535797,-0.23798048496246338,0.9991019368171692,0.47656720876693726,0.45110535621643066,0.044616904109716415,0.9991636276245117,0.46574294567108154,0.47156044840812683,-0.12562158703804016,0.9988976716995239,0.46438589692115784,0.47252291440963745,-0.043459389358758926,0.9987701177597046,0.5349734425544739,0.4816061854362488,-0.3824712038040161,0.9990764856338501,0.5511706471443176,0.4765704274177551,0.23274995386600494,0.9977800846099854,0.36131054162979126,0.5102778673171997,-0.514875054359436,0.9748623371124268,0.38610509037971497,0.5059241056442261,0.3364029824733734,0.21673491597175598,0.21877311170101166,0.5092470645904541,-0.46904027462005615,0.9802512526512146,0.24765130877494812,0.5047494769096375,0.17472656071186066,0.4297446608543396,0.18116790056228638,0.5116140842437744,-0.5449588298797607,0.9714935421943665,0.21681660413742065,0.5046237111091614,0.16921253502368927,0.4655601680278778,0.17692957818508148,0.5063230991363525,-0.5112490057945251,0.9677178263664246,0.20763501524925232,0.5025347471237183,0.1086730882525444,0.4771748185157776,0.18989409506320953,0.5061609148979187,-0.45890018343925476,0.9521121382713318,0.2172333300113678,0.503116250038147,0.14095404744148254,0.5083256959915161,0.7498201727867126,0.5845064520835876,-0.18726705014705658,0.9994940161705017,0.7319037318229675,0.5699631571769714,0.18714317679405212,0.9990422129631042,0.5279718637466431,0.537655770778656,-0.21193332970142365,0.9199467897415161,0.5321539640426636,0.526644766330719,0.4430110454559326,0.17491155862808228,0.6043992042541504,0.636506974697113,0.09187090396881104,0.8699766397476196,0.5992069840431213,0.6111616492271423,0.6146445274353027,0.29168933629989624,0.6354989409446716,0.6519098281860352,0.11901257187128067,0.8373574614524841,0.6304356455802917,0.6239033341407776,0.6347643733024597,0.4270685017108917,0.5017706155776978,0.6482052803039551,0.13534608483314514,0.819258451461792,0.5048990845680237,0.6312466263771057,0.6461856961250305,0.4327724277973175
304,squat,0,0.44696763157844543,0.46721601486206055,-0.09504561126232147,0.9992339015007019,0.44589266180992126,0.4568308889865875,-0.1356678307056427,0.9994493722915649,0.448615163564682,0.45572933554649353,-0.13577066361904144,0.9995080828666687,0.45159289240837097,0.4545621871948242,-0.13590650260448456,0.9996098279953003,0.44412538409233093,0.4571899473667145,-0.07373660057783127,0.9993880391120911,0.4454325735569,0.4563955068588257,-0.07379258424043655,0.9993594288825989,0.4470595419406891,0.4554468095302582,-0.07376594841480255,0.9994351267814636,0.48004019260406494,0.4505563974380493,-0.24056507647037506,0.9991113543510437,0.47654545307159424,0.4513203203678131,0.0428338460624218,0.999172568321228,0.46579545736312866,0.4716484844684601,-0.1286044865846634,0.9988956451416016,0.46444499492645264,0.47265684604644775,-0.04665552079677582,0.9987707138061523,0.5342354774475098,0.4817168414592743,-0.3839414119720459,0.9990496039390564,0.5510278940200806,0.4763084948062897,0.22817447781562805,0.9977641105651855,0.3604024052619934,0.5102729797363281,-0.5164685249328613,0.9743647575378418,0.3855293095111847,0.5059623122215271,0.3263244330883026,0.21441374719142914,0.2146855741739273,0.5101163387298584,-0.47150009870529175,0.980451762676239,0.24705548584461212,0.5053927898406982,0.1721584051847458,0.42984485626220703,0.17600372433662415,0.5128651857376099,-0.5486778616905212,0.9717501401901245,0.21627360582351685,0.5050086379051208,0.16868619620800018,0.46564674377441406,0.17338018119335175,0.5074272155761719,-0.5145807862281799,0.967941164970398,0.20698513090610504,0.5029370188713074,0.10824970155954361,0.4772837162017822,0.1872425228357315,0.5069958567619324,-0.46139734983444214,0.9525182843208313,0.21630840003490448,0.5036391019821167,0.13887667655944824,0.508941113948822,0.7487568259239197,0.5843989849090576,-0.18525496125221252,0.9995142221450806,0.7314679026603699,0.5698927044868469,0.18512588739395142,0.999078631401062,0.5274197459220886,0.5379529595375061,-0.21123318374156952,0.9212334752082825,0.5311222672462463,0.526652991771698,0.4372546076774597,0.17491154372692108,0.6040322780609131,0.6363205909729004,0.10176758468151093,0.864601731300354,0.5990732908248901,0.6110131740570068,0.6189326047897339,0.2917482256889343,0.6353897452354431,0.6514626741409302,0.13087105751037598,0.8317955732345581,0.6302021145820618,0.6237801313400269,0.639407753944397,0.42466676235198975,0.5017926096916199,0.6482221484184265,0.15579064190387726,0.8123069405555725,0.5048547983169556,0.6312869787216187,0.648276150226593,0.4326449930667877
305,squat,0,0.44695648550987244,0.4670500159263611,-0.0975525975227356,0.9992543458938599,0.4458852708339691,0.45690685510635376,-0.13831470906734467,0.9994648694992065,0.4486079514026642,0.45584800839424133,-0.1384170949459076,0.9995236396789551,0.45158669352531433,0.45471492409706116,-0.13855470716953278,0.9996206164360046,0.4441210627555847,0.45719772577285767,-0.07610853016376495,0.9994036555290222,0.445438951253891,0.45640528202056885,-0.07616280019283295,0.9993776679039001,0.44708725810050964,0.45546481013298035,-0.07613393664360046,0.999449610710144,0.48003318905830383,0.45093128085136414,-0.24265657365322113,0.9991389513015747,0.4765479862689972,0.45166611671447754,0.04124753549695015,0.9991938471794128,0.4655778408050537,0.4716818332672119,-0.1309163123369217,0.99891197681427,0.4643184542655945,0.47257018089294434,-0.04865635558962822,0.9987918138504028,0.533089816570282,0.48258328437805176,-0.38596111536026,0.9990434646606445,0.5493694543838501,0.47739067673683167,0.22696146368980408,0.9977769255638123,0.3578326106071472,0.5109132528305054,-0.5189518332481384,0.9742688536643982,0.38282573223114014,0.5066055059432983,0.31883925199508667,0.2148832380771637,0.20580147206783295,0.511990487575531,-0.4762694239616394,0.9809121489524841,0.24270065128803253,0.5061638951301575,0.16419966518878937,0.43418723344802856,0.16127562522888184,0.5153178572654724,-0.5554580688476562,0.9723624587059021,0.21422918140888214,0.5049036145210266,0.16162019968032837,0.4693330228328705,0.1598079353570938,0.5093594789505005,-0.5207854509353638,0.968570351600647,0.2052694410085678,0.502905011177063,0.10000517219305038,0.4810088872909546,0.17488203942775726,0.508685827255249,-0.46661028265953064,0.9534364938735962,0.21255236864089966,0.5040316581726074,0.13056832551956177,0.5128764510154724,0.7459186315536499,0.5858775973320007,-0.18449337780475616,0.9995318651199341,0.7281123399734497,0.5717418789863586,0.18437546491622925,0.9991126656532288,0.5258752703666687,0.538331151008606,-0.21815665066242218,0.9230196475982666,0.5295729041099548,0.5273062586784363,0.43397289514541626,0.17698004841804504,0.6037800312042236,0.6360861659049988,0.08865656703710556,0.8607780337333679,0.5989678502082825,0.611125648021698,0.6211532950401306,0.29496026039123535,0.6353759765625,0.650903046131134,0.11738217622041702,0.828179121017456,0.6303073167800903,0.6239410042762756,0.6393430829048157,0.4250074326992035,0.5017547011375427,0.648250162601471,0.14639581739902496,0.8076923489570618,0.5047556757926941,0.6315180659294128,0.6530556678771973,0.43595269322395325
306,squat,0,0.44673240184783936,0.4673275649547577,-0.09843083471059799,0.9992679953575134,0.4458126127719879,0.4571896493434906,-0.13881075382232666,0.9994763731956482,0.4485151171684265,0.45620909333229065,-0.1389133632183075,0.9995353817939758,0.4514743685722351,0.45514437556266785,-0.13905078172683716,0.9996287226676941,0.444112092256546,0.45735523104667664,-0.07687537372112274,0.999413251876831,0.44543132185935974,0.4565477669239044,-0.07692749798297882,0.9993892908096313,0.4471009075641632,0.4556034505367279,-0.07689312100410461,0.9994581937789917,0.4800255596637726,0.45159193873405457,-0.24188190698623657,0.9991588592529297,0.4765406548976898,0.4521826505661011,0.04030044749379158,0.9992040395736694,0.4650258421897888,0.47222352027893066,-0.131523996591568,0.9989174604415894,0.4639154374599457,0.4729689955711365,-0.04956653714179993,0.9987977743148804,0.5330482721328735,0.4823571443557739,-0.3841252326965332,0.9990165829658508,0.5467076301574707,0.478240042924881,0.22561746835708618,0.99773770570755,0.35637593269348145,0.5108129382133484,-0.5194358825683594,0.9739371538162231,0.37908515334129333,0.507348895072937,0.31252431869506836,0.21316736936569214,0.20387496054172516,0.5118818879127502,-0.47816139459609985,0.9810961484909058,0.23963993787765503,0.5065396428108215,0.15419214963912964,0.43452805280685425,0.15954113006591797,0.51517653465271,-0.5571468472480774,0.9725844264030457,0.212362140417099,0.5048174262046814,0.15154507756233215,0.4696211516857147,0.15845993161201477,0.5094672441482544,-0.522016704082489,0.9687595367431641,0.20405861735343933,0.5029382109642029,0.08953319489955902,0.48149770498275757,0.1735057383775711,0.5087391138076782,-0.46856218576431274,0.9537332057952881,0.20987960696220398,0.5042909383773804,0.12010227143764496,0.5137232542037964,0.7427157163619995,0.5864284038543701,-0.18288271129131317,0.9995392560958862,0.7232272028923035,0.5734169483184814,0.1827724725008011,0.9991286396980286,0.5253670811653137,0.5384215712547302,-0.22507788240909576,0.9240777492523193,0.5281860828399658,0.527946949005127,0.42056649923324585,0.17880406975746155,0.6035140752792358,0.6360098719596863,0.07964299619197845,0.8564255833625793,0.598909854888916,0.611141562461853,0.5909887552261353,0.2967725992202759,0.6352151036262512,0.6506920456886292,0.10801609605550766,0.8236554265022278,0.6302011013031006,0.6241145133972168,0.6055341958999634,0.42361128330230713,0.5017292499542236,0.648248553276062,0.1363489180803299,0.8018672466278076,0.5044729709625244,0.6322191953659058,0.6235647201538086,0.4370083808898926
307,squat,0,0.44654789566993713,0.4676840603351593,-0.09936917573213577,0.9992730617523193,0.4457322359085083,0.45754069089889526,-0.13979224860668182,0.999481201171875,0.44841518998146057,0.45659682154655457,-0.13989457488059998,0.9995406866073608,0.45136064291000366,0.4555602967739105,-0.14003178477287292,0.9996322393417358,0.4440922737121582,0.45767247676849365,-0.07770422101020813,0.9994186162948608,0.44542568922042847,0.4568861722946167,-0.07775460928678513,0.9993950724601746,0.4470948874950409,0.45596829056739807,-0.07771746069192886,0.9994613528251648,0.480017751455307,0.4520363509654999,-0.24297234416007996,0.9991697669029236,0.47652870416641235,0.45264726877212524,0.03970956429839134,0.9992081522941589,0.4645978510379791,0.472626268863678,-0.13244512677192688,0.9989138245582581,0.4636054039001465,0.47331446409225464,-0.05032433196902275,0.9987977743148804,0.5335510969161987,0.4825045168399811,-0.3860830068588257,0.999013364315033,0.5456130504608154,0.47869816422462463,0.22624050080776215,0.997767448425293,0.35678336024284363,0.510714054107666,-0.5215721130371094,0.9739786386489868,0.3792523741722107,0.5071772336959839,0.32057425379753113,0.21551012992858887,0.20667818188667297,0.5115881562232971,-0.4873773455619812,0.9815064668655396,0.24012909829616547,0.5065016150474548,0.16018064320087433,0.4444020390510559,0.16164417564868927,0.5145065784454346,-0.5667588114738464,0.9731026291847229,0.2126600295305252,0.5048054456710815,0.15693217515945435,0.4787132740020752,0.15907961130142212,0.508958101272583,-0.5308871865272522,0.9692988991737366,0.2042851448059082,0.503001868724823,0.09460333734750748,0.4907172918319702,0.17485974729061127,0.5082436800003052,-0.4772518575191498,0.9544185996055603,0.210002601146698,0.5042632818222046,0.125881627202034,0.5226947665214539,0.7415935397148132,0.5883809328079224,-0.18355628848075867,0.9995480179786682,0.7203139662742615,0.5746510028839111,0.18344780802726746,0.9991469383239746,0.5252870321273804,0.5386660099029541,-0.22391048073768616,0.9244881272315979,0.5271232724189758,0.5283485651016235,0.4303884506225586,0.17991149425506592,0.603310763835907,0.6362635493278503,0.0817951112985611,0.8521764874458313,0.5987827777862549,0.6114185452461243,0.6026872992515564,0.2973891496658325,0.6349486708641052,0.6507242918014526,0.11004257202148438,0.8192496299743652,0.6301468014717102,0.6243400573730469,0.6151593327522278,0.4209956228733063,0.5016420483589172,0.6482505202293396,0.13620543479919434,0.7968363761901855,0.5043215155601501,0.6323418021202087,0.6425200700759888,0.437132865190506
308,squat,0,0.4461701214313507,0.4681936502456665,-0.09997083991765976,0.9993007779121399,0.4453680217266083,0.458109587430954,-0.14032693207263947,0.9995020031929016,0.4479673206806183,0.4571727514266968,-0.14042875170707703,0.9995597004890442,0.4508412480354309,0.4561050236225128,-0.1405656784772873,0.999646782875061,0.44388753175735474,0.45827627182006836,-0.07830328494310379,0.9994418025016785,0.44526347517967224,0.4575303792953491,-0.07835302501916885,0.9994193911552429,0.4469749927520752,0.45664483308792114,-0.07831483334302902,0.9994816184043884,0.4796834886074066,0.45226168632507324,-0.24325859546661377,0.9992032051086426,0.4763963222503662,0.45302993059158325,0.03949525207281113,0.9992366433143616,0.4641713500022888,0.4728916883468628,-0.13297632336616516,0.9989486932754517,0.46334999799728394,0.4736172556877136,-0.050846364349126816,0.9988368153572083,0.5335661172866821,0.4825539290904999,-0.38422203063964844,0.9990289807319641,0.5456575155258179,0.4790940582752228,0.2241184115409851,0.9978210926055908,0.35708874464035034,0.5104050040245056,-0.520548939704895,0.9742722511291504,0.37949302792549133,0.5070256590843201,0.32009148597717285,0.21743570268154144,0.20694421231746674,0.5115153193473816,-0.4873465895652771,0.9820950627326965,0.24034114181995392,0.5063985586166382,0.1597919911146164,0.4528353810310364,0.16292156279087067,0.5142161250114441,-0.5666847229003906,0.9738830327987671,0.21265824139118195,0.5046361684799194,0.15619492530822754,0.48658639192581177,0.1606830507516861,0.508368730545044,-0.5308096408843994,0.9701422452926636,0.20425458252429962,0.5027638077735901,0.09396374970674515,0.49863260984420776,0.17612850666046143,0.5077564120292664,-0.4772097170352936,0.9556112885475159,0.2102680504322052,0.5040298104286194,0.12538358569145203,0.5305362939834595,0.7399819493293762,0.5898253917694092,-0.18274015188217163,0.9995689988136292,0.719631552696228,0.5762841701507568,0.18262524902820587,0.9991843104362488,0.5247557759284973,0.5386456847190857,-0.2175605744123459,0.9258626103401184,0.5269323587417603,0.5287156701087952,0.4384530782699585,0.18145622313022614,0.602602481842041,0.6362975835800171,0.09267601370811462,0.8504615426063538,0.5987040400505066,0.6116541028022766,0.6408052444458008,0.2998841404914856,0.6344878077507019,0.6507501006126404,0.12142929434776306,0.8175725340843201,0.6300417184829712,0.6244843006134033,0.6576005220413208,0.42068877816200256,0.5015012621879578,0.6480959057807922,0.14448969066143036,0.7953498363494873,0.5043511390686035,0.6323553323745728,0.6787905693054199,0.4405330717563629
309,squat,0,0.44488364458084106,0.46744266152381897,-0.10212929546833038,0.9993207454681396,0.44398629665374756,0.45735740661621094,-0.14394573867321014,0.9995171427726746,0.44657862186431885,0.4564141631126404,-0.14403893053531647,0.9995729327201843,0.44940832257270813,0.45534634590148926,-0.14415891468524933,0.9996566772460938,0.44278401136398315,0.45757874846458435,-0.0808836817741394,0.9994585514068604,0.44438108801841736,0.45688503980636597,-0.08094143867492676,0.9994366765022278,0.44631627202033997,0.456060528755188,-0.08090653270483017,0.9994971752166748,0.4785039722919464,0.45158758759498596,-0.24989144504070282,0.9992269277572632,0.47542092204093933,0.45237261056900024,0.03737448528409004,0.9992570877075195,0.4625574052333832,0.4721795618534088,-0.1354895532131195,0.9989780783653259,0.4618024230003357,0.47297319769859314,-0.05220665782690048,0.9988687038421631,0.531937301158905,0.482464998960495,-0.39037710428237915,0.9990233182907104,0.5457214713096619,0.4785270094871521,0.22414767742156982,0.9978621006011963,0.35683512687683105,0.5100240111351013,-0.5213481783866882,0.9741042256355286,0.379228413105011,0.5067149996757507,0.32011449337005615,0.21911074221134186,0.2070976048707962,0.5107695460319519,-0.4872543215751648,0.9821898341178894,0.23850983381271362,0.5058582425117493,0.15401142835617065,0.45735403895378113,0.16316872835159302,0.5135928392410278,-0.5666736364364624,0.9739887714385986,0.21055355668067932,0.5042970776557922,0.14569850265979767,0.4903296232223511,0.16238492727279663,0.5078725218772888,-0.5318456888198853,0.9702489972114563,0.20163844525814056,0.5023990273475647,0.08150307089090347,0.5027258396148682,0.17721395194530487,0.507149338722229,-0.47712957859039307,0.9558142423629761,0.20847806334495544,0.5035890936851501,0.11851364374160767,0.5347282886505127,0.7378416061401367,0.5886462926864624,-0.184154212474823,0.9995715022087097,0.7199655175209045,0.5751267671585083,0.18401053547859192,0.9991942644119263,0.5235803723335266,0.5387253165245056,-0.19706349074840546,0.9244295358657837,0.5268068313598633,0.5288546681404114,0.446516215801239,0.1791977435350418,0.6018168926239014,0.6363271474838257,0.14479030668735504,0.8463081121444702,0.5989255905151367,0.6119498014450073,0.6822531223297119,0.29630210995674133,0.6335866451263428,0.650833249092102,0.17647477984428406,0.8128299117088318,0.6299585103988647,0.6251940727233887,0.7029123902320862,0.4166065752506256,0.501254141330719,0.6481001377105713,0.19481194019317627,0.791134238243103,0.5043404698371887,0.6328989267349243,0.7232159376144409,0.43823757767677307
310,squat,0,0.44347110390663147,0.4670664966106415,-0.11121207475662231,0.9992983937263489,0.4420102834701538,0.4568658769130707,-0.1544087678194046,0.9995023608207703,0.4444679021835327,0.455910325050354,-0.1545097827911377,0.9995600581169128,0.447187215089798,0.45484185218811035,-0.15462970733642578,0.9996451735496521,0.44103890657424927,0.45706960558891296,-0.0908295214176178,0.9994425177574158,0.44269922375679016,0.4563477337360382,-0.09088556468486786,0.999421238899231,0.4447426199913025,0.4555070102214813,-0.09085801988840103,0.9994825124740601,0.47638341784477234,0.4511529207229614,-0.26406022906303406,0.999203622341156,0.4735688865184784,0.4518831968307495,0.02512696571648121,0.9992327690124512,0.46110907196998596,0.4717303216457367,-0.14556342363357544,0.9989494681358337,0.4603715240955353,0.47250208258628845,-0.061497658491134644,0.9988390803337097,0.5307855010032654,0.48219192028045654,-0.407164603471756,0.9989784359931946,0.5457445979118347,0.47842490673065186,0.21797724068164825,0.9978371858596802,0.35312381386756897,0.5094752311706543,-0.5408102869987488,0.9738781452178955,0.37836891412734985,0.5063276886940002,0.31336069107055664,0.21804718673229218,0.20096170902252197,0.5102837085723877,-0.49969246983528137,0.9822120666503906,0.23718363046646118,0.5055187344551086,0.14364638924598694,0.45668837428092957,0.15698806941509247,0.5131426453590393,-0.5823234915733337,0.9739906787872314,0.2096102386713028,0.5040220618247986,0.13406862318515778,0.48943427205085754,0.15622366964817047,0.507459819316864,-0.5474703907966614,0.9702291488647461,0.2000456005334854,0.5021501183509827,0.0687287375330925,0.5020227432250977,0.1724204570055008,0.5067628026008606,-0.48988693952560425,0.9558023810386658,0.20686759054660797,0.5032908916473389,0.1074967086315155,0.5343341827392578,0.7379975914955139,0.5878903269767761,-0.18504898250102997,0.9995734691619873,0.7204217314720154,0.5743833184242249,0.18490196764469147,0.9991978406906128,0.5236176252365112,0.5390843749046326,-0.19723151624202728,0.9228341579437256,0.525793194770813,0.5291574001312256,0.45040494203567505,0.17713938653469086,0.6016952395439148,0.636542022228241,0.15254124999046326,0.8394824266433716,0.5988824367523193,0.6119762659072876,0.6790480017662048,0.292635977268219,0.6333534121513367,0.6511455774307251,0.18534639477729797,0.8056480288505554,0.6299331188201904,0.6254349946975708,0.6989037990570068,0.41255778074264526,0.5010856986045837,0.6483491063117981,0.20865730941295624,0.7839656472206116,0.5043557286262512,0.6329050660133362,0.7219265699386597,0.4351486265659332
311,squat,0,0.44261419773101807,0.4660794138908386,-0.11105234175920486,0.9992955923080444,0.4406295418739319,0.45548832416534424,-0.1541004627943039,0.9995024800300598,0.44299396872520447,0.45448923110961914,-0.15420283377170563,0.999560534954071,0.4455999433994293,0.4534032344818115,-0.15432503819465637,0.99964439868927,0.4400002956390381,0.4555181860923767,-0.09049077332019806,0.9994451403617859,0.44183850288391113,0.4545922577381134,-0.09054550528526306,0.9994255900382996,0.44405397772789,0.4535496234893799,-0.09051556885242462,0.9994868040084839,0.47391167283058167,0.4500117003917694,-0.2645849883556366,0.999204695224762,0.4717083275318146,0.4502832293510437,0.025629129260778427,0.9992398619651794,0.46026942133903503,0.47063353657722473,-0.1452244371175766,0.9989520907402039,0.45986247062683105,0.4710836112499237,-0.06134718284010887,0.998846173286438,0.5285842418670654,0.482072114944458,-0.40955647826194763,0.9989480972290039,0.545106053352356,0.4756901264190674,0.2214217334985733,0.99784255027771,0.3514968752861023,0.5081982612609863,-0.5396525859832764,0.9735382199287415,0.37668928503990173,0.5045598149299622,0.31506824493408203,0.2186160832643509,0.19427110254764557,0.5100171566009521,-0.4943893849849701,0.9822304248809814,0.23416677117347717,0.5052996277809143,0.1442086100578308,0.45656824111938477,0.151462584733963,0.5131668448448181,-0.5780962109565735,0.9740407466888428,0.20823577046394348,0.5038326382637024,0.13454648852348328,0.4883248805999756,0.151579812169075,0.5076934695243835,-0.5454025268554688,0.9702906012535095,0.19888974726200104,0.5019772052764893,0.06965237110853195,0.5011817812919617,0.16702643036842346,0.5068750977516174,-0.4851079285144806,0.9559441804885864,0.20434270799160004,0.5030946731567383,0.10824274271726608,0.533615231513977,0.7376761436462402,0.5861392021179199,-0.18913176655769348,0.9995812177658081,0.7205028533935547,0.5719628930091858,0.188987135887146,0.9992139339447021,0.5219992995262146,0.5391610264778137,-0.19797328114509583,0.9229296445846558,0.523895800113678,0.5291383266448975,0.4756283164024353,0.1746799200773239,0.6013528108596802,0.6365438103675842,0.1449759155511856,0.8346093893051147,0.598486065864563,0.6115569472312927,0.717373251914978,0.28917619585990906,0.632965087890625,0.6512657999992371,0.17748160660266876,0.8004141449928284,0.6291229724884033,0.6253084540367126,0.7389684319496155,0.41037482023239136,0.5009028315544128,0.648411214351654,0.19811061024665833,0.7788920998573303,0.5042807459831238,0.6328974962234497,0.7622783184051514,0.4330914616584778
312,squat,0,0.4404582977294922,0.4615066647529602,-0.10614756494760513,0.9992609620094299,0.4383770525455475,0.45047351717948914,-0.15204334259033203,0.999480128288269,0.4407683312892914,0.4496426284313202,-0.15215164422988892,0.9995420575141907,0.44338634610176086,0.44873958826065063,-0.15227177739143372,0.9996281862258911,0.43785718083381653,0.450370728969574,-0.08575456589460373,0.9994231462478638,0.43987083435058594,0.44944149255752563,-0.08581651747226715,0.9994074702262878,0.44227612018585205,0.4483998417854309,-0.08580407500267029,0.9994714260101318,0.47181662917137146,0.44639942049980164,-0.2643016278743744,0.9991765022277832,0.4697432219982147,0.4462055265903473,0.03263816609978676,0.9992250204086304,0.4581546485424042,0.46703577041625977,-0.14249151945114136,0.9989108443260193,0.4581805467605591,0.46741336584091187,-0.05495345965027809,0.9988100528717041,0.5275705456733704,0.48139122128486633,-0.41383492946624756,0.9989228844642639,0.5449387431144714,0.4726658761501312,0.23775964975357056,0.9978418350219727,0.3500218391418457,0.5068491101264954,-0.5394638776779175,0.9732749462127686,0.37688449025154114,0.5014744400978088,0.3376152217388153,0.2183428406715393,0.19160814583301544,0.5100951194763184,-0.48978355526924133,0.982327938079834,0.23724178969860077,0.5046396255493164,0.1620546132326126,0.45568323135375977,0.1479095071554184,0.5138701796531677,-0.5739246606826782,0.9741972088813782,0.2107340395450592,0.5031747817993164,0.1544913798570633,0.4868493974208832,0.14953288435935974,0.5081430673599243,-0.540010929107666,0.9704782366752625,0.20194509625434875,0.5017561316490173,0.08786356449127197,0.5000200271606445,0.16377399861812592,0.5072583556175232,-0.4796675145626068,0.9562209844589233,0.20653989911079407,0.5028923749923706,0.12566401064395905,0.5325592160224915,0.7379249334335327,0.5831350088119507,-0.19529366493225098,0.9995785355567932,0.7219274044036865,0.5679714679718018,0.19517022371292114,0.9992151856422424,0.5217078924179077,0.5392225384712219,-0.2068840116262436,0.9218813180923462,0.5235512852668762,0.5290913581848145,0.4738563299179077,0.17260904610157013,0.6008414030075073,0.6364966630935669,0.14006255567073822,0.8279792070388794,0.5954571962356567,0.6111087799072266,0.6746999025344849,0.2862741947174072,0.6324310898780823,0.6512753963470459,0.17305660247802734,0.7931643128395081,0.6266183257102966,0.6252564191818237,0.6929121613502502,0.41005173325538635,0.5004896521568298,0.6486433744430542,0.1977439820766449,0.7707826495170593,0.5033011436462402,0.6328834891319275,0.7219557762145996,0.4310705363750458
313,squat,0,0.4354117512702942,0.45486366748809814,-0.11303344368934631,0.9991868138313293,0.4336014986038208,0.4442095160484314,-0.1587563306093216,0.9994212985038757,0.436312735080719,0.44334763288497925,-0.15886719524860382,0.9994914531707764,0.43925097584724426,0.4424176514148712,-0.15898673236370087,0.9995850920677185,0.4324430823326111,0.44436773657798767,-0.09159334003925323,0.9993664026260376,0.4344003200531006,0.443591445684433,-0.09167712181806564,0.9993600845336914,0.4367152154445648,0.4426858127117157,-0.09168000519275665,0.999431312084198,0.4680660665035248,0.4400089681148529,-0.2714599072933197,0.999065101146698,0.46473637223243713,0.4399207830429077,0.03036634996533394,0.999169647693634,0.4554360806941986,0.461512953042984,-0.14939504861831665,0.9988085627555847,0.4549703896045685,0.46252724528312683,-0.06071598455309868,0.998691201210022,0.5303431153297424,0.4714365601539612,-0.4265207052230835,0.9987994432449341,0.5425962805747986,0.46828192472457886,0.23758447170257568,0.9977171421051025,0.3503003418445587,0.5012703537940979,-0.5612019896507263,0.9723508358001709,0.376855731010437,0.49724698066711426,0.3287689983844757,0.21845273673534393,0.19192177057266235,0.5095773935317993,-0.5150788426399231,0.9816349744796753,0.23909755051136017,0.5019109845161438,0.14887835085391998,0.4477543532848358,0.14785856008529663,0.5136816501617432,-0.6001209020614624,0.9732691049575806,0.21074296534061432,0.5011023879051208,0.1405649185180664,0.4782261550426483,0.14935225248336792,0.5080556869506836,-0.5648872256278992,0.9694544076919556,0.20190541446208954,0.4999357759952545,0.07318588346242905,0.4917023479938507,0.16413143277168274,0.5070650577545166,-0.505011260509491,0.9548102617263794,0.20606812834739685,0.5016636848449707,0.11158529669046402,0.5253487229347229,0.7479219436645508,0.5721471309661865,-0.20044240355491638,0.9995197057723999,0.7245892286300659,0.5592047572135925,0.20037230849266052,0.9991303086280823,0.5218537449836731,0.5391757488250732,-0.23163269460201263,0.92043137550354,0.5205969214439392,0.5290228128433228,0.40259161591529846,0.1715712547302246,0.6008152365684509,0.6368023753166199,0.10015968978404999,0.8250798583030701,0.5907871127128601,0.6112010478973389,0.5849323272705078,0.2834244966506958,0.6322896480560303,0.6514503359794617,0.1306547224521637,0.7899067401885986,0.6216906309127808,0.6258610486984253,0.6006456613540649,0.4115639328956604,0.5001387000083923,0.6499324440956116,0.13696517050266266,0.7663713097572327,0.5001970529556274,0.6332787275314331,0.6155273914337158,0.42849335074424744
314,squat,0,0.43304699659347534,0.4492529034614563,-0.11101153492927551,0.9991467595100403,0.4318864047527313,0.43890711665153503,-0.15853707492351532,0.9993864893913269,0.43467968702316284,0.4380016028881073,-0.15864358842372894,0.9994608759880066,0.4376504421234131,0.43704143166542053,-0.15876394510269165,0.9995601773262024,0.43084877729415894,0.4389861226081848,-0.08917070925235748,0.9993358850479126,0.432894766330719,0.4381392300128937,-0.08925271034240723,0.999333918094635,0.4352318346500397,0.4371487498283386,-0.08925853669643402,0.9994121789932251,0.4669387936592102,0.43408867716789246,-0.26978519558906555,0.9990028738975525,0.4632522463798523,0.4337727129459381,0.03824956342577934,0.9991478323936462,0.454216331243515,0.455949991941452,-0.14813703298568726,0.9987541437149048,0.4537787437438965,0.4569924771785736,-0.056776292622089386,0.9986417889595032,0.5317227244377136,0.46519941091537476,-0.430277556180954,0.9987385272979736,0.5426686406135559,0.4639039635658264,0.25064125657081604,0.9976680278778076,0.35144057869911194,0.4971106946468353,-0.5643666982650757,0.9716688990592957,0.37759220600128174,0.4929564595222473,0.3464192748069763,0.21631667017936707,0.19714783132076263,0.5051849484443665,-0.5147043466567993,0.9808964729309082,0.24553745985031128,0.4965585470199585,0.15903502702713013,0.4395107924938202,0.1533193588256836,0.50904381275177,-0.5983044505119324,0.9723148345947266,0.21553878486156464,0.49530741572380066,0.14850620925426483,0.47092461585998535,0.15490324795246124,0.5034791827201843,-0.5643427968025208,0.9684001207351685,0.207478865981102,0.4939836859703064,0.08308809995651245,0.4847121834754944,0.170503169298172,0.5020605325698853,-0.5039247274398804,0.9533205628395081,0.21266278624534607,0.49529263377189636,0.12197696417570114,0.5187587141990662,0.7523466348648071,0.5654186010360718,-0.20926813781261444,0.9994227886199951,0.7291569709777832,0.5547023415565491,0.20921507477760315,0.9990061521530151,0.5212312936782837,0.5385156869888306,-0.22810515761375427,0.9192318320274353,0.5174582004547119,0.5290694832801819,0.3782061040401459,0.17010334134101868,0.6010774374008179,0.6368022561073303,0.11147420853376389,0.8249881863594055,0.5888899564743042,0.6126855611801147,0.5696691274642944,0.27946212887763977,0.6331334710121155,0.6518057584762573,0.14366593956947327,0.7885909676551819,0.6195717453956604,0.6274232864379883,0.5857475399971008,0.41159793734550476,0.5003352761268616,0.6505818963050842,0.15388531982898712,0.764306366443634,0.49900662899017334,0.6353262066841125,0.5995707511901855,0.4232741594314575
315,squat,0,0.43322592973709106,0.44467392563819885,-0.1094454824924469,0.9991036653518677,0.4320865273475647,0.4345501959323883,-0.15783759951591492,0.9993452429771423,0.43479108810424805,0.4335924983024597,-0.15793444216251373,0.9994238018989563,0.43770384788513184,0.43252426385879517,-0.15806053578853607,0.9995297193527222,0.43117228150367737,0.4345460534095764,-0.08733412623405457,0.9992982745170593,0.43318915367126465,0.4336105287075043,-0.08741140365600586,0.9993011951446533,0.4355047345161438,0.4324783384799957,-0.08741910010576248,0.9993890523910522,0.4666864573955536,0.4286586344242096,-0.26921769976615906,0.9989205598831177,0.4631946086883545,0.4282989799976349,0.043203841894865036,0.9991225600242615,0.4543508291244507,0.4506751596927643,-0.1464615911245346,0.9986885786056519,0.45392799377441406,0.45172256231307983,-0.05408839136362076,0.9985902309417725,0.5321434140205383,0.4601520597934723,-0.43010127544403076,0.9986626505851746,0.5427812337875366,0.45932266116142273,0.25440990924835205,0.9975793957710266,0.356408953666687,0.4935852289199829,-0.5655234456062317,0.9708664417266846,0.37959054112434387,0.4895690083503723,0.34848934412002563,0.2123093456029892,0.20230208337306976,0.4988546669483185,-0.5132734179496765,0.9799792170524597,0.24640285968780518,0.49183690547943115,0.16114261746406555,0.42759984731674194,0.1594381332397461,0.5033126473426819,-0.5977368354797363,0.9711994528770447,0.21618886291980743,0.49145597219467163,0.15001069009304047,0.4605478346347809,0.15987978875637054,0.4984356760978699,-0.5631247162818909,0.9671579599380493,0.20833434164524078,0.49030083417892456,0.08517342060804367,0.4745170474052429,0.17464233934879303,0.4968678057193756,-0.5034186244010925,0.9515827298164368,0.21492677927017212,0.49081116914749146,0.1241225078701973,0.5092226266860962,0.7543543577194214,0.5600973963737488,-0.212676540017128,0.9992859959602356,0.7339014410972595,0.5501737594604492,0.2126350849866867,0.998837947845459,0.5193849802017212,0.5381407737731934,-0.21542386710643768,0.9184226393699646,0.5153825879096985,0.5290937423706055,0.3505602180957794,0.16677139699459076,0.6020936369895935,0.6363610625267029,0.1302076280117035,0.82706618309021,0.5868999361991882,0.6138932704925537,0.5460360646247864,0.2746531367301941,0.6339753866195679,0.65149986743927,0.16305093467235565,0.7891008257865906,0.6193823218345642,0.6294386386871338,0.5622819662094116,0.4107106328010559,0.5019108057022095,0.650792121887207,0.17877674102783203,0.7639908194541931,0.49802857637405396,0.6364545822143555,0.5707141757011414,0.4165026545524597
316,squat,0,0.43043044209480286,0.4381079375743866,-0.10984235256910324,0.9991224408149719,0.43060722947120667,0.4275757670402527,-0.15741407871246338,0.9993528723716736,0.4332393705844879,0.426739364862442,-0.1575101912021637,0.9994293451309204,0.4362187385559082,0.42581021785736084,-0.1576366126537323,0.9995346069335938,0.4301145374774933,0.42739787697792053,-0.08733323216438293,0.9993142485618591,0.4322803020477295,0.42645999789237976,-0.08741069585084915,0.9993184804916382,0.43478837609291077,0.42537322640419006,-0.08741685003042221,0.9994075298309326,0.4650268852710724,0.42343196272850037,-0.2685748338699341,0.9989242553710938,0.4622683823108673,0.4223920404911041,0.046714384108781815,0.9991546869277954,0.45003071427345276,0.4433513283729553,-0.14618784189224243,0.998718798160553,0.4499703049659729,0.4442899227142334,-0.0540531650185585,0.9986291527748108,0.5319175720214844,0.45610567927360535,-0.4303690791130066,0.9986429810523987,0.5426613092422485,0.4536553621292114,0.25769245624542236,0.997586727142334,0.36017608642578125,0.4886941611766815,-0.564810574054718,0.9708366394042969,0.38037583231925964,0.48470431566238403,0.3483262062072754,0.2139129787683487,0.20834408700466156,0.4941639006137848,-0.5122302770614624,0.979423999786377,0.2464151382446289,0.4883476495742798,0.16078874468803406,0.4210057556629181,0.16522715985774994,0.4991898536682129,-0.5949946641921997,0.9704892635345459,0.21588735282421112,0.48896557092666626,0.14708374440670013,0.45451587438583374,0.16345053911209106,0.49494367837905884,-0.5599336624145508,0.9663769602775574,0.20824146270751953,0.487907737493515,0.08231952786445618,0.4688544273376465,0.17815053462982178,0.4930577576160431,-0.5031983256340027,0.950412392616272,0.21497562527656555,0.4877924919128418,0.12319113314151764,0.5043347477912903,0.7550455331802368,0.5554255843162537,-0.21638493239879608,0.9992175698280334,0.7349762320518494,0.5451787710189819,0.21635431051254272,0.9987495541572571,0.5190297365188599,0.5381053686141968,-0.20738062262535095,0.918947696685791,0.510915219783783,0.5290862321853638,0.36456289887428284,0.1649685502052307,0.6040458083152771,0.6363599300384521,0.1302558034658432,0.8331176042556763,0.5869258642196655,0.6149449944496155,0.5739296674728394,0.26949140429496765,0.6356874108314514,0.6520897150039673,0.16205883026123047,0.7943713068962097,0.6193627715110779,0.6301792860031128,0.5882046818733215,0.40913090109825134,0.5038336515426636,0.6510324478149414,0.1707485318183899,0.7696278095245361,0.4986549913883209,0.637173593044281,0.6061538457870483,0.41005921363830566
317,squat,0,0.42893674969673157,0.4318462312221527,-0.11876460909843445,0.9991495609283447,0.4300493896007538,0.4214208126068115,-0.16615529358386993,0.9993701577186584,0.4327335059642792,0.42059606313705444,-0.16625085473060608,0.9994451403617859,0.43577635288238525,0.4196905195713043,-0.16638433933258057,0.9995474815368652,0.4295606315135956,0.421231746673584,-0.09623879194259644,0.999338686466217,0.43171632289886475,0.4203287959098816,-0.09632166475057602,0.9993435740470886,0.43420684337615967,0.4192792773246765,-0.09632383286952972,0.9994311332702637,0.46380287408828735,0.41788557171821594,-0.2754064202308655,0.9989511966705322,0.46132850646972656,0.41683927178382874,0.04150409996509552,0.9991967082023621,0.44772762060165405,0.43707308173179626,-0.15331099927425385,0.9987730383872986,0.44723907113075256,0.43779057264328003,-0.060976993292570114,0.9986891150474548,0.525443971157074,0.45351138710975647,-0.4383563697338104,0.9986597895622253,0.5426546335220337,0.44651421904563904,0.25408774614334106,0.997609555721283,0.35815194249153137,0.4849654734134674,-0.5681425333023071,0.9712658524513245,0.38081780076026917,0.47963571548461914,0.342684268951416,0.21551844477653503,0.20758424699306488,0.49039575457572937,-0.5079238414764404,0.9789448380470276,0.2468232959508896,0.4846813678741455,0.13990099728107452,0.41145825386047363,0.16509564220905304,0.49591368436813354,-0.5914223194122314,0.9699135422706604,0.21579672396183014,0.4863642752170563,0.12208518385887146,0.44620630145072937,0.1627531200647354,0.49242153763771057,-0.5568845272064209,0.9657291769981384,0.2081102430820465,0.485521137714386,0.05657147988677025,0.4609225392341614,0.17775918543338776,0.49027103185653687,-0.4984610676765442,0.949446439743042,0.21512840688228607,0.4850238263607025,0.10199718922376633,0.4972415268421173,0.7547844648361206,0.5500504374504089,-0.21952806413173676,0.9991881847381592,0.741603672504425,0.5391557216644287,0.21954652667045593,0.9986922740936279,0.5185376405715942,0.5384517312049866,-0.19383376836776733,0.9214251637458801,0.5116927623748779,0.5290788412094116,0.3717375099658966,0.16289278864860535,0.6040121912956238,0.6363939046859741,0.13235938549041748,0.8426560163497925,0.5866773724555969,0.6152821779251099,0.662431538105011,0.2658711075782776,0.6356831789016724,0.6523338556289673,0.16291965544223785,0.8045259714126587,0.6192939877510071,0.6302310824394226,0.6878142952919006,0.40934714674949646,0.5031908750534058,0.6517632007598877,0.16017034649848938,0.7805200219154358,0.499387264251709,0.6370729207992554,0.6977133750915527,0.40654268860816956
318,squat,0,0.42805755138397217,0.41468545794487,-0.14891430735588074,0.9991288185119629,0.4302685856819153,0.40452903509140015,-0.19189487397670746,0.9993444681167603,0.43295371532440186,0.4038081169128418,-0.19200044870376587,0.9994239807128906,0.43599969148635864,0.402988076210022,-0.19213859736919403,0.9995267391204834,0.4295756220817566,0.4046471118927002,-0.12165375053882599,0.9993131160736084,0.43155637383461,0.40402525663375854,-0.12172454595565796,0.9993247389793396,0.43386298418045044,0.40324345231056213,-0.12171235680580139,0.9994187951087952,0.4634990692138672,0.40297946333885193,-0.2903839349746704,0.9989014863967896,0.46065449714660645,0.4022321403026581,0.028529908508062363,0.9991954565048218,0.4460544288158417,0.4205617606639862,-0.18079394102096558,0.9987474083900452,0.4446879029273987,0.4210362434387207,-0.08812263607978821,0.9986650347709656,0.5224681496620178,0.44368070363998413,-0.462569922208786,0.9985442757606506,0.5408070683479309,0.4359855651855469,0.23699158430099487,0.9971492290496826,0.3580445349216461,0.4747028052806854,-0.6023193597793579,0.9703957438468933,0.3809005320072174,0.47141140699386597,0.2935967445373535,0.206030935049057,0.20131321251392365,0.48402345180511475,-0.5505877733230591,0.9759912490844727,0.22540055215358734,0.48040771484375,0.09898113459348679,0.3843590021133423,0.1577519327402115,0.4899286925792694,-0.6428616642951965,0.9662895798683167,0.18318046629428864,0.4848594069480896,0.08193711936473846,0.41957446932792664,0.15211614966392517,0.4868733584880829,-0.6028776168823242,0.9617278575897217,0.17478081583976746,0.4846453368663788,0.013996853493154049,0.4340851604938507,0.16706633567810059,0.48508527874946594,-0.5392137169837952,0.9438970685005188,0.1892344057559967,0.4833770990371704,0.05956827104091644,0.47044646739959717,0.7549771666526794,0.5381720662117004,-0.22566932439804077,0.999099850654602,0.7441174387931824,0.5281099677085876,0.22577190399169922,0.998535692691803,0.5183419585227966,0.5382550358772278,-0.19738152623176575,0.9232074022293091,0.5120015144348145,0.5286123752593994,0.36804115772247314,0.15891863405704498,0.6027082204818726,0.636374294757843,0.1313151866197586,0.8494588136672974,0.5820062160491943,0.6154065728187561,0.648851215839386,0.2621093988418579,0.6356733441352844,0.6523591876029968,0.1620769053697586,0.8106635212898254,0.6156932711601257,0.6304609775543213,0.6706371903419495,0.40626290440559387,0.5023342967033386,0.6527435183525085,0.15264397859573364,0.7866755127906799,0.4992207884788513,0.6373950242996216,0.6806419491767883,0.4015082120895386
319,squat,0,0.42772436141967773,0.4062782824039459,-0.140020951628685,0.9991106986999512,0.4304625391960144,0.39603763818740845,-0.18342359364032745,0.999323308467865,0.43314608931541443,0.3953368663787842,-0.1835257112979889,0.9994028210639954,0.4361748695373535,0.3945509195327759,-0.18366016447544098,0.999509871006012,0.42962244153022766,0.3961959779262543,-0.11524973064661026,0.9992945790290833,0.4314521253108978,0.3956359028816223,-0.11532876640558243,0.9993094205856323,0.43358880281448364,0.3949207365512848,-0.11531829088926315,0.9994120001792908,0.4636066257953644,0.39482712745666504,-0.2856602370738983,0.9988586902618408,0.4603482782840729,0.39422449469566345,0.04390309005975723,0.9991962313652039,0.4455021023750305,0.41240018606185913,-0.17269669473171234,0.9987249970436096,0.443345844745636,0.4128974378108978,-0.08226580917835236,0.9986546039581299,0.5229704976081848,0.43556469678878784,-0.45646998286247253,0.9985067248344421,0.5365667343139648,0.4319298267364502,0.2539266049861908,0.9969826936721802,0.36005815863609314,0.469026118516922,-0.599824845790863,0.9701817035675049,0.3813072443008423,0.4668067395687103,0.2986670732498169,0.1975356787443161,0.20134912431240082,0.47866344451904297,-0.5444056391716003,0.9743688702583313,0.2270999699831009,0.47512856125831604,0.11366920173168182,0.3621175289154053,0.1578071266412735,0.48533502221107483,-0.6355870366096497,0.9642768502235413,0.18620362877845764,0.4803743362426758,0.09902194887399673,0.39799147844314575,0.1525546908378601,0.48283931612968445,-0.5956849455833435,0.9595497250556946,0.17813771963119507,0.48092857003211975,0.032402437180280685,0.41238629817962646,0.1677679866552353,0.480735719203949,-0.5326729416847229,0.9406378865242004,0.19193173944950104,0.4793722331523895,0.0753948986530304,0.4487970769405365,0.7562419772148132,0.5309943556785583,-0.23069427907466888,0.9990665316581726,0.7435121536254883,0.5214002728462219,0.23080052435398102,0.9984855055809021,0.5178451538085938,0.5376226305961609,-0.20713520050048828,0.9239489436149597,0.5091635584831238,0.5286102294921875,0.3666953146457672,0.1549033522605896,0.6028067469596863,0.6362764239311218,0.12784188985824585,0.8546894788742065,0.5795683860778809,0.6154279708862305,0.6311286687850952,0.2576248347759247,0.6359296441078186,0.6520619988441467,0.16013960540294647,0.8155897259712219,0.611229419708252,0.6305002570152283,0.6541873812675476,0.40228089690208435,0.5022717118263245,0.6531525254249573,0.148950457572937,0.7916824817657471,0.4982507824897766,0.6373028755187988,0.6432189345359802,0.3956924080848694
320,squat,0,0.42781373858451843,0.39134812355041504,-0.0917164534330368,0.9991618990898132,0.43088117241859436,0.3817683756351471,-0.1345893293619156,0.9993594288825989,0.4335252046585083,0.3813699185848236,-0.13468092679977417,0.9994341135025024,0.4364991784095764,0.38092684745788574,-0.13480886816978455,0.9995368123054504,0.43012186884880066,0.3819432854652405,-0.0632895901799202,0.999336302280426,0.4319681227207184,0.3816108703613281,-0.06333641707897186,0.999351441860199,0.43406185507774353,0.3811996877193451,-0.0632917732000351,0.99945068359375,0.46383747458457947,0.38147643208503723,-0.23633265495300293,0.9989168047904968,0.4613116979598999,0.3809541165828705,0.0882151648402214,0.9992520213127136,0.44592684507369995,0.39806318283081055,-0.12502020597457886,0.9987934827804565,0.4439333379268646,0.3986120820045471,-0.03139231726527214,0.9987263083457947,0.5201124548912048,0.42324098944664,-0.4269596040248871,0.9985814690589905,0.5368064641952515,0.42104434967041016,0.30342891812324524,0.9970725178718567,0.36154282093048096,0.45931267738342285,-0.5451756715774536,0.9707890152931213,0.40748435258865356,0.45826470851898193,0.3928830921649933,0.19132894277572632,0.2094281017780304,0.4706284701824188,-0.4367474913597107,0.9744630455970764,0.25863057374954224,0.46812134981155396,0.22690971195697784,0.3462207615375519,0.16958919167518616,0.4780345559120178,-0.5149281024932861,0.9645766019821167,0.22233650088310242,0.4723624885082245,0.22175967693328857,0.38301223516464233,0.1620037853717804,0.4763900637626648,-0.4723190665245056,0.9598667025566101,0.20976370573043823,0.4726461172103882,0.15725448727607727,0.3972577750682831,0.17905102670192719,0.4740324020385742,-0.42119961977005005,0.9409757256507874,0.22390606999397278,0.4714857339859009,0.1903967559337616,0.4337344169616699,0.7559605836868286,0.519216001033783,-0.23295587301254272,0.9990990161895752,0.74419105052948,0.510013222694397,0.23303905129432678,0.9985162615776062,0.5179232358932495,0.5364902019500732,-0.20594029128551483,0.9270548224449158,0.5096377730369568,0.5282597541809082,0.3729233145713806,0.15393777191638947,0.6035630106925964,0.6362527012825012,0.07962353527545929,0.8648987412452698,0.5802204608917236,0.6155580878257751,0.6300793290138245,0.2626258134841919,0.6365314722061157,0.6518558859825134,0.1065363734960556,0.8277505040168762,0.6118665933609009,0.6306881308555603,0.6526684761047363,0.4079667329788208,0.5029357075691223,0.6536341905593872,0.07618483155965805,0.805221676826477,0.4982738792896271,0.637141227722168,0.6408953666687012,0.40260881185531616
321,squat,0,0.4301636815071106,0.3748917281627655,-0.0362759530544281,0.9992106556892395,0.4322541356086731,0.364141583442688,-0.08209629356861115,0.9993852972984314,0.43490761518478394,0.36341962218284607,-0.08214475214481354,0.9994545578956604,0.4377603530883789,0.36276495456695557,-0.08223383873701096,0.9995546340942383,0.4315982460975647,0.3642975687980652,-0.010146294720470905,0.9993706941604614,0.43359386920928955,0.3636041581630707,-0.010211961343884468,0.9993870258331299,0.43580368161201477,0.3628331422805786,-0.010182748548686504,0.9994866847991943,0.46476471424102783,0.36295410990715027,-0.1916305422782898,0.9989556074142456,0.46322259306907654,0.36219704151153564,0.1333237737417221,0.999305009841919,0.4471343159675598,0.38119906187057495,-0.07199704647064209,0.99885493516922,0.44516366720199585,0.38189536333084106,0.022450514137744904,0.9987952709197998,0.5193786025047302,0.4050964415073395,-0.39020058512687683,0.9986786246299744,0.5369790196418762,0.4096541106700897,0.3573221266269684,0.9972901940345764,0.36518412828445435,0.4463081359863281,-0.5056565403938293,0.972318172454834,0.4168740212917328,0.45100000500679016,0.5082075595855713,0.20234230160713196,0.21928340196609497,0.4622165858745575,-0.3667738735675812,0.9752618670463562,0.2867772579193115,0.46243545413017273,0.42116203904151917,0.357060045003891,0.17727598547935486,0.471161425113678,-0.429232656955719,0.9656572937965393,0.2561955153942108,0.46617254614830017,0.4347718060016632,0.39211902022361755,0.17114222049713135,0.4696402847766876,-0.38279885053634644,0.9610095024108887,0.24520644545555115,0.46673011779785156,0.3772110044956207,0.4063246250152588,0.19015249609947205,0.46696650981903076,-0.3474700152873993,0.9425114989280701,0.2527724802494049,0.465951144695282,0.3896915912628174,0.4425778388977051,0.7550233602523804,0.5047169923782349,-0.23417241871356964,0.9991163611412048,0.7434682846069336,0.4984015226364136,0.23420283198356628,0.9985598921775818,0.5186366438865662,0.5341598987579346,-0.20554840564727783,0.9294484257698059,0.5114405155181885,0.5274765491485596,0.321044921875,0.156810000538826,0.6036211252212524,0.6353258490562439,0.038542672991752625,0.875155508518219,0.5803144574165344,0.6160691380500793,0.5291647911071777,0.2756235897541046,0.6368052959442139,0.651715099811554,0.06326878815889359,0.8407028317451477,0.612152636051178,0.6316707730293274,0.548202395439148,0.42277684807777405,0.5031520128250122,0.6533707976341248,0.03607654944062233,0.8197052478790283,0.4983050227165222,0.637384831905365,0.5300039052963257,0.4167015850543976
322,squat,0,0.4315952956676483,0.3651135265827179,-0.019875913858413696,0.9992679357528687,0.43492841720581055,0.355683296918869,-0.06475254148244858,0.9994205236434937,0.4378965198993683,0.3551209568977356,-0.06478648632764816,0.9994839429855347,0.4412204623222351,0.35438814759254456,-0.06486634910106659,0.9995789527893066,0.4333382546901703,0.35585513710975647,0.006601044442504644,0.9994087815284729,0.4348638355731964,0.35548171401023865,0.006542794406414032,0.9994248151779175,0.43668729066848755,0.3550318479537964,0.006576658692210913,0.9995231032371521,0.4677482843399048,0.3547026515007019,-0.16931813955307007,0.9990085363388062,0.464462548494339,0.35462695360183716,0.15228821337223053,0.9993579387664795,0.4481804072856903,0.3716106712818146,-0.05359983816742897,0.99892657995224,0.44525089859962463,0.3722035884857178,0.039970219135284424,0.9988680481910706,0.5195007920265198,0.3935506343841553,-0.35658085346221924,0.9987743496894836,0.537179172039032,0.4047144055366516,0.3701748549938202,0.9974964261054993,0.3692532777786255,0.43671754002571106,-0.4755358397960663,0.9739437103271484,0.41761723160743713,0.444423109292984,0.5126290917396545,0.22395548224449158,0.22818303108215332,0.45829543471336365,-0.3484858572483063,0.9758910536766052,0.29649844765663147,0.4582931101322174,0.40682440996170044,0.3768311142921448,0.18469439446926117,0.4673615097999573,-0.41132354736328125,0.9663088321685791,0.2682875096797943,0.46242520213127136,0.4193481504917145,0.40767142176628113,0.17986245453357697,0.4654165804386139,-0.3595641255378723,0.9617043733596802,0.25890886783599854,0.46261125802993774,0.35934486985206604,0.42207932472229004,0.19877205789089203,0.46253758668899536,-0.32769423723220825,0.9435842633247375,0.2653796076774597,0.46142643690109253,0.3743821680545807,0.45766228437423706,0.753499448299408,0.49542510509490967,-0.23257198929786682,0.9991329312324524,0.7422372102737427,0.49197670817375183,0.23253272473812103,0.9986098408699036,0.518674910068512,0.5325878262519836,-0.20653952658176422,0.9303417205810547,0.5119153261184692,0.527472198009491,0.2850084900856018,0.16011685132980347,0.6020839214324951,0.6354060173034668,0.02276603877544403,0.8834754228591919,0.580439567565918,0.617527961730957,0.4867209792137146,0.28509336709976196,0.636756181716919,0.6522476673126221,0.04752042889595032,0.8512622714042664,0.6128187775611877,0.6324900388717651,0.5063320994377136,0.4339134097099304,0.5026283860206604,0.6533902287483215,0.029880495741963387,0.8311805129051208,0.49834591150283813,0.6378304958343506,0.4930103123188019,0.4273739159107208
323,squat,0,0.43306270241737366,0.35851240158081055,0.03710067644715309,0.9993299245834351,0.436728835105896,0.3487580716609955,-0.008257479406893253,0.9994653463363647,0.4397027790546417,0.348118394613266,-0.00828793365508318,0.9995219111442566,0.4429558217525482,0.34754860401153564,-0.008351799100637436,0.999610960483551,0.4348554313182831,0.3491334915161133,0.0607401579618454,0.9994563460350037,0.4363344609737396,0.3486630916595459,0.06066231429576874,0.9994707107543945,0.4380880892276764,0.34816625714302063,0.060660216957330704,0.9995638728141785,0.469021737575531,0.34747299551963806,-0.11596476286649704,0.9990781545639038,0.4658924639225006,0.34754639863967896,0.19349724054336548,0.9994134306907654,0.45008012652397156,0.36487311124801636,0.0029647352639585733,0.9990068674087524,0.4466535449028015,0.3654191195964813,0.09304355084896088,0.9989500641822815,0.5197497606277466,0.3831309378147125,-0.30677780508995056,0.9988674521446228,0.5423359274864197,0.3957526981830597,0.4066890776157379,0.9977044463157654,0.37541818618774414,0.4267890751361847,-0.42123761773109436,0.9749559760093689,0.4308849275112152,0.4405093193054199,0.5649294853210449,0.25287139415740967,0.2448924332857132,0.4531276524066925,-0.29067593812942505,0.9764523506164551,0.3068145215511322,0.45573821663856506,0.4806919991970062,0.4083136320114136,0.20633667707443237,0.46242642402648926,-0.3439517915248871,0.9669724106788635,0.27411049604415894,0.4610159397125244,0.49849963188171387,0.4340366721153259,0.20139801502227783,0.46118199825286865,-0.2956774830818176,0.962410032749176,0.2631485164165497,0.46145790815353394,0.43911316990852356,0.44833844900131226,0.21831254661083221,0.4582599103450775,-0.2697225511074066,0.94474858045578,0.27215880155563354,0.45960044860839844,0.4497654438018799,0.4823973476886749,0.7496488094329834,0.48686549067497253,-0.23107190430164337,0.9991846680641174,0.7421374320983887,0.48552921414375305,0.231044203042984,0.9987015128135681,0.5186958909034729,0.5310053825378418,-0.2159857153892517,0.9318392276763916,0.5136719346046448,0.5274356007575989,0.286836177110672,0.16946466267108917,0.6011577248573303,0.6357296705245972,-0.01958138309419155,0.8911565542221069,0.5808468461036682,0.6175270676612854,0.4804636836051941,0.29779261350631714,0.6365793347358704,0.6522636413574219,0.0031954743899405003,0.8613550662994385,0.6129715442657471,0.6323443055152893,0.4995395541191101,0.446302592754364,0.5010097026824951,0.6536926031112671,-0.010450463742017746,0.8424510359764099,0.4984874725341797,0.6395931243896484,0.4917775094509125,0.4417452812194824
324,squat,0,0.43407100439071655,0.349363774061203,0.03069249726831913,0.9993791580200195,0.43818068504333496,0.33917540311813354,-0.01508751604706049,0.9994993805885315,0.4412664771080017,0.3384113907814026,-0.015128597617149353,0.9995495080947876,0.4446012079715729,0.3377714157104492,-0.0151928486302495,0.9996351003646851,0.4360875189304352,0.33948808908462524,0.05494723841547966,0.9994936585426331,0.4375782608985901,0.33887457847595215,0.05487262085080147,0.9995062947273254,0.4394531548023224,0.33824244141578674,0.05486429110169411,0.9995969533920288,0.4705832898616791,0.33751413226127625,-0.12320148944854736,0.999129593372345,0.4676288664340973,0.3375098705291748,0.1903623342514038,0.9994593262672424,0.4519776701927185,0.35549837350845337,-0.003477846970781684,0.9990670084953308,0.4481341242790222,0.3558947443962097,0.08792801201343536,0.9990082383155823,0.5213937759399414,0.3741070330142975,-0.32178398966789246,0.998954713344574,0.5518429279327393,0.38523560762405396,0.41442540287971497,0.9978803992271423,0.3799789547920227,0.4195132255554199,-0.44789841771125793,0.9757921099662781,0.4417892098426819,0.436527281999588,0.5724126100540161,0.27246031165122986,0.2501297891139984,0.44886884093284607,-0.33658120036125183,0.9766495823860168,0.3110460937023163,0.45235157012939453,0.4901522994041443,0.43096601963043213,0.2114175707101822,0.4593021869659424,-0.39627477526664734,0.9671870470046997,0.2782784402370453,0.45836296677589417,0.5103285908699036,0.45278283953666687,0.20710062980651855,0.4576728343963623,-0.34488633275032043,0.9625718593597412,0.26742398738861084,0.45848384499549866,0.44776374101638794,0.4669850170612335,0.22406670451164246,0.45461490750312805,-0.3151378631591797,0.9450176954269409,0.2764199674129486,0.4565037488937378,0.4582553505897522,0.49966296553611755,0.7458623051643372,0.4810924530029297,-0.2338763177394867,0.9992350339889526,0.7405458688735962,0.4800463020801544,0.23374125361442566,0.9987782835960388,0.5182969570159912,0.529216468334198,-0.24010016024112701,0.9332132339477539,0.5146315693855286,0.5264774560928345,0.29418832063674927,0.177710622549057,0.6015504598617554,0.636864423751831,-0.05953767150640488,0.8983961343765259,0.5812366008758545,0.617979884147644,0.49665170907974243,0.30903637409210205,0.6365691423416138,0.6522807478904724,-0.038574717938899994,0.870881199836731,0.6136358976364136,0.6325255036354065,0.5169880390167236,0.4584280252456665,0.4975753426551819,0.6529999375343323,-0.06150501221418381,0.8528540134429932,0.49792271852493286,0.6394435167312622,0.509096622467041,0.4549623429775238
325,squat,0,0.4374651610851288,0.33323079347610474,0.027188323438167572,0.9993981122970581,0.44169965386390686,0.32369181513786316,-0.020393801853060722,0.9994917511940002,0.44467630982398987,0.3230559527873993,-0.020440703257918358,0.9995385408401489,0.4479166269302368,0.3223772943019867,-0.020471567288041115,0.9996287226676941,0.4397735595703125,0.3240642547607422,0.05060219764709473,0.9994969367980957,0.44131454825401306,0.3235970437526703,0.050517451018095016,0.9995094537734985,0.4431290030479431,0.3230836093425751,0.0504872128367424,0.9996070265769958,0.47384804487228394,0.3216099739074707,-0.13306188583374023,0.9991070032119751,0.4716028869152069,0.3218051791191101,0.18393151462078094,0.9994797110557556,0.45487284660339355,0.33935803174972534,-0.007415656466037035,0.9990652799606323,0.4514099359512329,0.33985868096351624,0.08515439927577972,0.9989864826202393,0.521621823310852,0.35847216844558716,-0.3348942697048187,0.999033510684967,0.5583103895187378,0.3690531253814697,0.42130470275878906,0.9980291128158569,0.3866460621356964,0.40503108501434326,-0.4520251750946045,0.9769015908241272,0.4546642303466797,0.4243590831756592,0.5665982961654663,0.3037315607070923,0.26188749074935913,0.4396660029888153,-0.34717947244644165,0.9776383638381958,0.3250137269496918,0.44636133313179016,0.4758376181125641,0.464779257774353,0.2262016236782074,0.4512997567653656,-0.4108639061450958,0.968469500541687,0.2940182089805603,0.4527902901172638,0.5008753538131714,0.48075777292251587,0.2213820070028305,0.4498826563358307,-0.3546395003795624,0.9639577865600586,0.28013044595718384,0.45244428515434265,0.4355708956718445,0.49434560537338257,0.23779724538326263,0.44659024477005005,-0.32308101654052734,0.9468201398849487,0.28860488533973694,0.45040997862815857,0.44378533959388733,0.5251489877700806,0.7418421506881714,0.46821698546409607,-0.23859803378582,0.9992167353630066,0.7403712272644043,0.46600624918937683,0.23853076994419098,0.9987626075744629,0.5195505619049072,0.5283067226409912,-0.240836501121521,0.9346635937690735,0.5225399136543274,0.5245282053947449,0.3027401566505432,0.18936030566692352,0.6012468338012695,0.6373016834259033,-0.06898164749145508,0.9053544998168945,0.5824099779129028,0.6185329556465149,0.5000084042549133,0.32227247953414917,0.6342647075653076,0.652035653591156,-0.05112679302692413,0.8798193335533142,0.6139500141143799,0.6330173015594482,0.537423849105835,0.47130560874938965,0.49630656838417053,0.6522596478462219,-0.09292086958885193,0.8628434538841248,0.4979187250137329,0.6393330097198486,0.527129590511322,0.4720613360404968
326,squat,0,0.44069844484329224,0.3253493010997772,0.07919628173112869,0.9994450211524963,0.4452536106109619,0.3143559992313385,0.029980503022670746,0.9995248317718506,0.44824478030204773,0.31353262066841125,0.02992440015077591,0.9995669722557068,0.45150306820869446,0.31276237964630127,0.029922790825366974,0.999653160572052,0.44320204854011536,0.3146204352378845,0.09921064227819443,0.9995320439338684,0.44461411237716675,0.3139805197715759,0.09912107139825821,0.9995430111885071,0.44653987884521484,0.31329917907714844,0.09909254312515259,0.9996362328529358,0.47618353366851807,0.3121080696582794,-0.09119299799203873,0.999163031578064,0.4736042618751526,0.3122422993183136,0.21622221171855927,0.999518871307373,0.4584992229938507,0.3314143419265747,0.04210568591952324,0.9991235733032227,0.45518797636032104,0.331936776638031,0.13180619478225708,0.9990324974060059,0.5229350924491882,0.34952691197395325,-0.29369986057281494,0.9991177320480347,0.5641966462135315,0.3583958148956299,0.4430813491344452,0.9981792569160461,0.4007216989994049,0.3982350528240204,-0.3742366135120392,0.9782634377479553,0.4752325415611267,0.4175651967525482,0.5772101283073425,0.3329877555370331,0.2774372398853302,0.4341597259044647,-0.23218552768230438,0.9790639281272888,0.34078145027160645,0.4406643211841583,0.5044351816177368,0.4969917833805084,0.24312983453273773,0.44827502965927124,-0.28550484776496887,0.9702895283699036,0.30779144167900085,0.4478422999382019,0.5328845381736755,0.5061920881271362,0.23655463755130768,0.4460154175758362,-0.23160845041275024,0.9660014510154724,0.29610422253608704,0.4475569725036621,0.470471054315567,0.5191175937652588,0.2520418167114258,0.4419187903404236,-0.20648162066936493,0.9496789574623108,0.3036656379699707,0.44512832164764404,0.4747817814350128,0.5481589436531067,0.7334038019180298,0.46147239208221436,-0.23699188232421875,0.9992622137069702,0.7401562333106995,0.4589989483356476,0.2369198203086853,0.998830258846283,0.5230622291564941,0.5282467007637024,-0.2418203502893448,0.9379207491874695,0.5330827236175537,0.5213087797164917,0.30589038133621216,0.21092943847179413,0.6012756824493408,0.6370668411254883,-0.1074654757976532,0.9126678705215454,0.5854751467704773,0.616980254650116,0.5584113597869873,0.34502214193344116,0.6346397995948792,0.652159571647644,-0.09291616082191467,0.8890609741210938,0.6161219477653503,0.6324396729469299,0.5908041596412659,0.4893661439418793,0.5017116069793701,0.6535851955413818,-0.1334630846977234,0.8735119700431824,0.5033600926399231,0.6387844681739807,0.6012692451477051,0.4979704022407532
327,squat,0,0.4444885551929474,0.31805527210235596,0.05225803330540657,0.9994648694992065,0.4487549662590027,0.3069402575492859,0.0016846987418830395,0.9995240569114685,0.4516809582710266,0.30605149269104004,0.0016128277638927102,0.9995622038841248,0.454872727394104,0.30512213706970215,0.0015983066987246275,0.9996525645256042,0.44703418016433716,0.3072269856929779,0.0718812420964241,0.9995386600494385,0.44869571924209595,0.3065521717071533,0.07180149853229523,0.9995496273040771,0.4508379399776459,0.3057823181152344,0.07177285850048065,0.9996473789215088,0.47918981313705444,0.3038923144340515,-0.11973648518323898,0.9991604685783386,0.4776698052883148,0.30422884225845337,0.19232147932052612,0.9995347261428833,0.4625629484653473,0.32433974742889404,0.015020117163658142,0.9991331100463867,0.4601096510887146,0.32494211196899414,0.1062588021159172,0.9990113973617554,0.5241196751594543,0.3422427177429199,-0.32203343510627747,0.9991854429244995,0.5647240877151489,0.3503320813179016,0.4338187277317047,0.9982967972755432,0.40494397282600403,0.3941125273704529,-0.4088769853115082,0.9791487455368042,0.47586286067962646,0.409689724445343,0.5455243587493896,0.3496684730052948,0.280355304479599,0.43106335401535034,-0.2560010552406311,0.9796119332313538,0.3455604910850525,0.43734756112098694,0.4475063979625702,0.5171037912368774,0.2432844489812851,0.4459591507911682,-0.3158080279827118,0.9708185195922852,0.3124344050884247,0.4453432559967041,0.47234365344047546,0.5216045379638672,0.23728954792022705,0.44351986050605774,-0.25672945380210876,0.9665668606758118,0.3018922209739685,0.44484683871269226,0.4052058458328247,0.5339789390563965,0.253518670797348,0.4397140443325043,-0.22893336415290833,0.9505044221878052,0.30888983607292175,0.44225266575813293,0.4153537452220917,0.5615494251251221,0.7276811599731445,0.45660993456840515,-0.24371013045310974,0.9992502331733704,0.734721302986145,0.4539063274860382,0.2436654269695282,0.9988362193107605,0.5263652205467224,0.5278053879737854,-0.23895393311977386,0.9400593042373657,0.5393681526184082,0.5201359391212463,0.31005674600601196,0.22787199914455414,0.6004652380943298,0.6353460550308228,-0.05472996458411217,0.9192801117897034,0.5869107246398926,0.6138445734977722,0.5635603070259094,0.36881330609321594,0.6343838572502136,0.6516173481941223,-0.03548542410135269,0.8974490761756897,0.6174290776252747,0.6321832537651062,0.5938515067100525,0.5115156769752502,0.5017759203910828,0.6535762548446655,-0.0700131431221962,0.8829795122146606,0.5035527348518372,0.6386205554008484,0.5974515080451965,0.5217199921607971
328,squat,0,0.44889169931411743,0.31020423769950867,0.07987137138843536,0.9995095133781433,0.4527333080768585,0.2986607849597931,0.028259092941880226,0.9995598196983337,0.45569413900375366,0.29765745997428894,0.028210507705807686,0.9995936155319214,0.4588969349861145,0.29663577675819397,0.02824236825108528,0.9996780157089233,0.45093852281570435,0.299019455909729,0.09810677170753479,0.999574601650238,0.4525611102581024,0.29835185408592224,0.09803106635808945,0.9995844960212708,0.45464617013931274,0.2976066768169403,0.09802036732435226,0.9996762871742249,0.4831717908382416,0.29510024189949036,-0.09608139097690582,0.9992222189903259,0.4817216992378235,0.2960481345653534,0.2135581225156784,0.9995726943016052,0.4666118025779724,0.3166672885417938,0.042459942400455475,0.9991979598999023,0.464528352022171,0.3172643780708313,0.13299226760864258,0.9990758299827576,0.5266750454902649,0.3342091739177704,-0.30249568819999695,0.9992586374282837,0.5699924826622009,0.34401455521583557,0.4570160210132599,0.9984363317489624,0.40507981181144714,0.38815969228744507,-0.3666529953479767,0.9806426763534546,0.48467281460762024,0.40595537424087524,0.5684723854064941,0.37850847840309143,0.29095110297203064,0.42827144265174866,-0.2074694037437439,0.980920135974884,0.35230985283851624,0.4364578127861023,0.4798634350299835,0.5470231175422668,0.2524603009223938,0.44193994998931885,-0.26049044728279114,0.9724135994911194,0.3212369680404663,0.44360223412513733,0.5084695219993591,0.5456351041793823,0.2457980215549469,0.4393472373485565,-0.20128513872623444,0.968346893787384,0.31122854351997375,0.44280388951301575,0.4446229040622711,0.5570933222770691,0.26271066069602966,0.43570277094841003,-0.17887961864471436,0.9530925154685974,0.31824204325675964,0.4401508569717407,0.4501369893550873,0.5824226140975952,0.7195805907249451,0.4519210159778595,-0.24300438165664673,0.9992960095405579,0.7324023246765137,0.4507795572280884,0.24288606643676758,0.998910665512085,0.5296725630760193,0.5272535681724548,-0.23770122230052948,0.9434342980384827,0.547645628452301,0.5196223855018616,0.30077093839645386,0.2534821331501007,0.6004617214202881,0.6353269219398499,-0.05462406203150749,0.9257647395133972,0.5888922810554504,0.6146169304847717,0.5256968140602112,0.4004323184490204,0.6339678764343262,0.6516144275665283,-0.035822995007038116,0.9057201147079468,0.6200466156005859,0.6341548562049866,0.55008864402771,0.5387305021286011,0.501744270324707,0.6535603404045105,-0.06570401787757874,0.8923499584197998,0.5035257935523987,0.6385579705238342,0.5484252572059631,0.550266683101654
329,squat,0,0.4520423114299774,0.3101901710033417,0.08013135939836502,0.9995487928390503,0.45439183712005615,0.2992778718471527,0.029278947040438652,0.9995911121368408,0.45700058341026306,0.2984570860862732,0.02922975644469261,0.9996209740638733,0.4598974585533142,0.29754638671875,0.029261641204357147,0.9997006058692932,0.45324575901031494,0.2993890643119812,0.099390409886837,0.9996052980422974,0.45493587851524353,0.2986748218536377,0.099319688975811,0.9996139407157898,0.4570606052875519,0.29784539341926575,0.09932193160057068,0.9997013211250305,0.485078901052475,0.2953382134437561,-0.09534038603305817,0.9992756843566895,0.48432406783103943,0.295941561460495,0.21545156836509705,0.9996045827865601,0.4692157506942749,0.3167186677455902,0.04225067421793938,0.9992548227310181,0.46802935004234314,0.3175760805606842,0.13312934339046478,0.9991270899772644,0.5329650044441223,0.3339143395423889,-0.29960381984710693,0.9993225932121277,0.5710472464561462,0.3459075093269348,0.45518258213996887,0.998556911945343,0.40856319665908813,0.38814041018486023,-0.36597514152526855,0.981550395488739,0.4830852448940277,0.405936598777771,0.5669842958450317,0.40358567237854004,0.2935294508934021,0.427306205034256,-0.20908568799495697,0.9815823435783386,0.3468506634235382,0.43647071719169617,0.47732406854629517,0.5722908973693848,0.25853726267814636,0.4404519200325012,-0.26234105229377747,0.9730939269065857,0.31906449794769287,0.443475604057312,0.5047997236251831,0.5657318234443665,0.2502003312110901,0.4367080628871918,-0.20371147990226746,0.9690708518028259,0.3091961145401001,0.4420122504234314,0.44025829434394836,0.5764651298522949,0.2667199671268463,0.43336254358291626,-0.1809496432542801,0.954242467880249,0.3161413371562958,0.43908828496932983,0.44705939292907715,0.5999837517738342,0.7199721932411194,0.44980382919311523,-0.24173642694950104,0.9993347525596619,0.7296358346939087,0.45063886046409607,0.24162308871746063,0.9989744424819946,0.5335163474082947,0.5257694125175476,-0.236686110496521,0.945353090763092,0.5485783815383911,0.5188148021697998,0.2997731566429138,0.2739652693271637,0.6003352999687195,0.6353504657745361,-0.06238143891096115,0.9312204122543335,0.5903443098068237,0.6164119839668274,0.5075199604034424,0.42992520332336426,0.632777750492096,0.6516169309616089,-0.0450323224067688,0.9128915071487427,0.6203078627586365,0.6343086361885071,0.5296109318733215,0.5640144944190979,0.5012446045875549,0.6535722017288208,-0.08133434504270554,0.9005376100540161,0.5032203793525696,0.637928307056427,0.5222198963165283,0.5773718953132629
