frame,exercise_type,form_label,nose_x,nose_y,nose_z,nose_vis,left_eye_inner_x,left_eye_inner_y,left_eye_inner_z,left_eye_inner_vis,left_eye_x,left_eye_y,left_eye_z,left_eye_vis,left_eye_outer_x,left_eye_outer_y,left_eye_outer_z,left_eye_outer_vis,right_eye_inner_x,right_eye_inner_y,right_eye_inner_z,right_eye_inner_vis,right_eye_x,right_eye_y,right_eye_z,right_eye_vis,right_eye_outer_x,right_eye_outer_y,right_eye_outer_z,right_eye_outer_vis,left_ear_x,left_ear_y,left_ear_z,left_ear_vis,right_ear_x,right_ear_y,right_ear_z,right_ear_vis,mouth_left_x,mouth_left_y,mouth_left_z,mouth_left_vis,mouth_right_x,mouth_right_y,mouth_right_z,mouth_right_vis,left_shoulder_x,left_shoulder_y,left_shoulder_z,left_shoulder_vis,right_shoulder_x,right_shoulder_y,right_shoulder_z,right_shoulder_vis,left_elbow_x,left_elbow_y,left_elbow_z,left_elbow_vis,right_elbow_x,right_elbow_y,right_elbow_z,right_elbow_vis,left_wrist_x,left_wrist_y,left_wrist_z,left_wrist_vis,right_wrist_x,right_wrist_y,right_wrist_z,right_wrist_vis,left_pinky_x,left_pinky_y,left_pinky_z,left_pinky_vis,right_pinky_x,right_pinky_y,right_pinky_z,right_pinky_vis,left_index_x,left_index_y,left_index_z,left_index_vis,right_index_x,right_index_y,right_index_z,right_index_vis,left_thumb_x,left_thumb_y,left_thumb_z,left_thumb_vis,right_thumb_x,right_thumb_y,right_thumb_z,right_thumb_vis,left_hip_x,left_hip_y,left_hip_z,left_hip_vis,right_hip_x,right_hip_y,right_hip_z,right_hip_vis,left_knee_x,left_knee_y,left_knee_z,left_knee_vis,right_knee_x,right_knee_y,right_knee_z,right_knee_vis,left_ankle_x,left_ankle_y,left_ankle_z,left_ankle_vis,right_ankle_x,right_ankle_y,right_ankle_z,right_ankle_vis,left_heel_x,left_heel_y,left_heel_z,left_heel_vis,right_heel_x,right_heel_y,right_heel_z,right_heel_vis,left_foot_index_x,left_foot_index_y,left_foot_index_z,left_foot_index_vis,right_foot_index_x,right_foot_index_y,right_foot_index_z,right_foot_index_vis
0,squat,1,0.6761077046394348,0.2818450629711151,-0.6364599466323853,0.9998828172683716,0.6902320384979248,0.27133047580718994,-0.6018412709236145,0.999794065952301,0.6976906061172485,0.2708854377269745,-0.6018952131271362,0.9997918009757996,0.7034868001937866,0.2705894112586975,-0.6020536422729492,0.999783456325531,0.6635443568229675,0.27087295055389404,-0.6000044345855713,0.9997244477272034,0.6539797782897949,0.2699044346809387,-0.6000722646713257,0.9996933937072754,0.6443336009979248,0.2689967155456543,-0.6001065373420715,0.9997013211250305,0.7154781222343445,0.272277295589447,-0.3348102271556854,0.999755322933197,0.632503867149353,0.2703202962875366,-0.3231250047683716,0.9996448755264282,0.6911082863807678,0.29183071851730347,-0.5287371873855591,0.9998869895935059,0.6593894362449646,0.2913488447666168,-0.5264905095100403,0.9998658895492554,0.7662454843521118,0.31896764039993286,-0.17711952328681946,0.9998764991760254,0.5711647272109985,0.3193677067756653,-0.15263128280639648,0.99944669008255,0.8173813819885254,0.3859420716762543,-0.5021796822547913,0.9927400946617126,0.5085657238960266,0.38497138023376465,-0.4787684679031372,0.9808636903762817,0.7126727104187012,0.32371288537979126,-0.939408004283905,0.9880822896957397,0.6096911430358887,0.32507818937301636,-0.9509023427963257,0.9611229300498962,0.6872067451477051,0.3069276213645935,-1.0333584547042847,0.9610692262649536,0.642395555973053,0.3072192966938019,-1.0549238920211792,0.8931019902229309,0.6884670853614807,0.30401208996772766,-0.9953092932701111,0.956277072429657,0.6444842219352722,0.30319666862487793,-1.0141973495483398,0.8777207732200623,0.6914348602294922,0.3104588985443115,-0.9322924613952637,0.9295545816421509,0.6385307908058167,0.3115665912628174,-0.9452430009841919,0.8296611309051514,0.713020920753479,0.45189207792282104,-0.015389236621558666,0.9991625547409058,0.5922964811325073,0.4493577778339386,0.015377799049019814,0.9988090991973877,0.7449494004249573,0.5567561388015747,-0.19395796954631805,0.9966179728507996,0.5480673313140869,0.5498749017715454,-0.18878620862960815,0.9954551458358765,0.7302273511886597,0.6505492925643921,0.2621435821056366,0.9943782687187195,0.5460166931152344,0.6477839350700378,0.22524592280387878,0.99365234375,0.7203386425971985,0.660984218120575,0.2921281158924103,0.8782650232315063,0.5576804876327515,0.6567106246948242,0.2523941993713379,0.8926228284835815,0.7359209060668945,0.6862238049507141,-0.023372478783130646,0.9871292114257812,0.5420212745666504,0.6867268681526184,-0.0571419931948185,0.985858142375946
1,squat,1,0.6768479943275452,0.28944745659828186,-0.8982187509536743,0.9998875260353088,0.6910682320594788,0.27953922748565674,-0.8650630712509155,0.9998021125793457,0.6988182067871094,0.27934354543685913,-0.8650646805763245,0.9997989535331726,0.7059717774391174,0.2789765000343323,-0.8652481436729431,0.99979168176651,0.6644343733787537,0.2786807715892792,-0.8632526397705078,0.9997386336326599,0.6549056768417358,0.2778407633304596,-0.8633727431297302,0.9997093677520752,0.6455258131027222,0.2770580053329468,-0.8634676337242126,0.9997184872627258,0.7190321683883667,0.27928510308265686,-0.5869283080101013,0.9997591376304626,0.6327307224273682,0.2762487232685089,-0.5750202536582947,0.9996665120124817,0.6914408206939697,0.29939591884613037,-0.7853603959083557,0.9998881220817566,0.6601955890655518,0.2993611991405487,-0.782747209072113,0.9998711347579956,0.7666614055633545,0.3228747546672821,-0.4080582559108734,0.9998531341552734,0.5706436038017273,0.32258230447769165,-0.38812950253486633,0.9994680285453796,0.8189387917518616,0.3915001153945923,-0.7725222706794739,0.9925300478935242,0.504902720451355,0.3908690810203552,-0.7490063309669495,0.9817587733268738,0.7100950479507446,0.33038559556007385,-1.2090723514556885,0.9865947961807251,0.6114298701286316,0.32963135838508606,-1.2034004926681519,0.9608311057090759,0.6869514584541321,0.31566542387008667,-1.3054816722869873,0.9563806653022766,0.6426128149032593,0.31302985548973083,-1.3073351383209229,0.8907229900360107,0.6872321963310242,0.31329575181007385,-1.2623236179351807,0.9509121179580688,0.6445773243904114,0.3099585771560669,-1.2611202001571655,0.8741662502288818,0.6892852187156677,0.31764084100723267,-1.2017239332199097,0.9209584593772888,0.6393579244613647,0.3163113296031952,-1.1955156326293945,0.8238601088523865,0.7133550047874451,0.4543803036212921,-0.011196855455636978,0.9991195201873779,0.5923017859458923,0.4516153633594513,0.011158531531691551,0.9988185167312622,0.7450375556945801,0.5569218993186951,-0.1968597024679184,0.9963701367378235,0.5480256080627441,0.5498778820037842,-0.2628173232078552,0.9954136610031128,0.7295922636985779,0.6521916389465332,0.24338431656360626,0.994072675704956,0.5460808873176575,0.6475062966346741,0.17994636297225952,0.9935511350631714,0.7158455848693848,0.6637593507766724,0.26973265409469604,0.8792248964309692,0.5591307878494263,0.6567110419273376,0.20899777114391327,0.8921360373497009,0.7366065979003906,0.686445951461792,-0.051015593111515045,0.9866852164268494,0.5436931252479553,0.6858569383621216,-0.10768231004476547,0.9858831167221069
2,squat,1,0.6776213049888611,0.293480783700943,-0.941864013671875,0.9998958110809326,0.6917663216590881,0.2840316593647003,-0.9060341119766235,0.9998166561126709,0.6996862888336182,0.2839727997779846,-0.9060263633728027,0.9998133182525635,0.7074972987174988,0.2836971580982208,-0.9062075018882751,0.9998069405555725,0.6651803255081177,0.2831411063671112,-0.9058305621147156,0.9997592568397522,0.6555114388465881,0.28246062994003296,-0.9059637784957886,0.9997323751449585,0.6462720632553101,0.28187432885169983,-0.906040370464325,0.99974125623703,0.7204057574272156,0.28413480520248413,-0.6188985109329224,0.9997753500938416,0.6327999830245972,0.28146785497665405,-0.6143633723258972,0.9996939301490784,0.691737949848175,0.3036288917064667,-0.8262070417404175,0.9998946189880371,0.6605633497238159,0.30379989743232727,-0.8257059454917908,0.9998799562454224,0.7667168974876404,0.32758983969688416,-0.4423089623451233,0.9998388290405273,0.5695072412490845,0.32716551423072815,-0.4258876144886017,0.999491274356842,0.8210047483444214,0.39532431960105896,-0.8270304203033447,0.992569088935852,0.5040503144264221,0.3944737911224365,-0.8075239658355713,0.9826004505157471,0.709100067615509,0.33553504943847656,-1.2755804061889648,0.9855032563209534,0.6149288415908813,0.33385759592056274,-1.2719707489013672,0.9605945348739624,0.6869751811027527,0.3212675452232361,-1.3748177289962769,0.9525207281112671,0.6446030735969543,0.31812191009521484,-1.377370834350586,0.8885632753372192,0.6867650151252747,0.318885862827301,-1.3289384841918945,0.9464504718780518,0.6457489728927612,0.3151554465293884,-1.330552577972412,0.8708178997039795,0.6882817149162292,0.323077917098999,-1.2677127122879028,0.9135412573814392,0.6414279937744141,0.32104671001434326,-1.2642377614974976,0.8180645108222961,0.7136538028717041,0.4568743407726288,-0.010637687519192696,0.9990823268890381,0.5924042463302612,0.45443835854530334,0.010593323968350887,0.9988371133804321,0.7450387477874756,0.5578107237815857,-0.23921369016170502,0.9962173104286194,0.547923743724823,0.5504872798919678,-0.308921754360199,0.9954091906547546,0.7295840382575989,0.6522206664085388,0.20227304100990295,0.9938745498657227,0.5459603667259216,0.6481523513793945,0.13510242104530334,0.9935934543609619,0.7149019837379456,0.6637223362922668,0.2281980663537979,0.882125198841095,0.5600225925445557,0.6592621803283691,0.1633804589509964,0.8938432335853577,0.7372246980667114,0.6865479350090027,-0.09663009643554688,0.986474871635437,0.5432035326957703,0.685391902923584,-0.161332368850708,0.9860970973968506
3,squat,1,0.6780720949172974,0.29782068729400635,-0.9540910124778748,0.9999027848243713,0.6921956539154053,0.28850245475769043,-0.9166178107261658,0.9998283982276917,0.7001667022705078,0.2884746491909027,-0.9166135191917419,0.9998250007629395,0.7081606984138489,0.2882496416568756,-0.9168000817298889,0.9998190402984619,0.6656106114387512,0.2876355051994324,-0.9176284074783325,0.9997765421867371,0.6557154059410095,0.2868952751159668,-0.9177858233451843,0.9997521638870239,0.6465423107147217,0.2863266170024872,-0.9178541898727417,0.999760627746582,0.7207320332527161,0.28902411460876465,-0.6284716725349426,0.9997884631156921,0.6328020095825195,0.2864791452884674,-0.629910409450531,0.9997174143791199,0.6917557716369629,0.3080274164676666,-0.8390145301818848,0.9998995065689087,0.6607118248939514,0.3082271218299866,-0.8402271270751953,0.9998869299888611,0.766161322593689,0.33383849263191223,-0.45910048484802246,0.9998213052749634,0.5683364272117615,0.3334062993526459,-0.4384298324584961,0.9995088577270508,0.8232179880142212,0.39890918135643005,-0.8563708662986755,0.9925840497016907,0.5023025870323181,0.3988271951675415,-0.8259281516075134,0.9832248091697693,0.7074127793312073,0.34097832441329956,-1.3181320428848267,0.9840761423110962,0.6151900887489319,0.33862483501434326,-1.2996042966842651,0.9600692987442017,0.6861264109611511,0.3271901309490204,-1.4193434715270996,0.9477102160453796,0.6445860862731934,0.32315099239349365,-1.4049354791641235,0.8862705230712891,0.6842406392097473,0.3246598243713379,-1.3704661130905151,0.9409025311470032,0.6457306742668152,0.3207225501537323,-1.3583704233169556,0.8673880100250244,0.6859837174415588,0.328865110874176,-1.3092840909957886,0.9041343927383423,0.6413986086845398,0.32670196890830994,-1.2919859886169434,0.8114017844200134,0.7139405012130737,0.4598690867424011,-0.010624317452311516,0.9990302324295044,0.5927687883377075,0.45802557468414307,0.010578646324574947,0.9988383054733276,0.7450062036514282,0.5581281185150146,-0.3484181761741638,0.9958279132843018,0.547369658946991,0.5517899990081787,-0.4019695520401001,0.9951227307319641,0.7296664118766785,0.6526708006858826,0.06971108168363571,0.993329644203186,0.5454796552658081,0.6503310799598694,0.0265747532248497,0.993374228477478,0.7150444984436035,0.6643441915512085,0.09229888021945953,0.8829969763755798,0.5599836111068726,0.6626901626586914,0.05180969461798668,0.893520712852478,0.7366570830345154,0.6863158941268921,-0.24389418959617615,0.9857362508773804,0.542064905166626,0.6850854754447937,-0.2825264036655426,0.9858233332633972
4,squat,1,0.6778186559677124,0.30578598380088806,-1.0066783428192139,0.9999093413352966,0.6920984983444214,0.2962596118450165,-0.9689567685127258,0.9998390078544617,0.7000777125358582,0.2960599958896637,-0.9689438939094543,0.9998351335525513,0.7081146240234375,0.2959119379520416,-0.9691340923309326,0.9998293519020081,0.6654490828514099,0.2958564758300781,-0.9692912697792053,0.9997923374176025,0.6555144786834717,0.2952521741390228,-0.9694641828536987,0.9997700452804565,0.6463173031806946,0.2947510778903961,-0.9695413112640381,0.999778151512146,0.7206590175628662,0.2973744869232178,-0.6786771416664124,0.9997987747192383,0.6322753429412842,0.2951977252960205,-0.6786293983459473,0.9997391104698181,0.6909390091896057,0.3161327838897705,-0.8911897540092468,0.9999039173126221,0.6603168845176697,0.3165602385997772,-0.8918508887290955,0.9998936057090759,0.7648937702178955,0.3409043252468109,-0.5014879107475281,0.9998090267181396,0.5682739019393921,0.34010806679725647,-0.4887360632419586,0.9995340704917908,0.8256239295005798,0.4041815996170044,-0.9196099638938904,0.9926289319992065,0.5009181499481201,0.4042151868343353,-0.9016392230987549,0.9840192794799805,0.707503080368042,0.34661954641342163,-1.3843275308609009,0.9833406805992126,0.615575909614563,0.3457146883010864,-1.3722829818725586,0.9610963463783264,0.6860201954841614,0.332520455121994,-1.4849575757980347,0.9449076056480408,0.6453208327293396,0.3292233943939209,-1.4765183925628662,0.8880513310432434,0.6834662556648254,0.33024537563323975,-1.4296129941940308,0.9374333620071411,0.6460511088371277,0.3270723819732666,-1.4241554737091064,0.8685572147369385,0.6852731704711914,0.3350602388381958,-1.3729684352874756,0.8976202011108398,0.6413869261741638,0.3340938091278076,-1.362066626548767,0.8105177283287048,0.7140050530433655,0.4646237790584564,-0.007818063721060753,0.9990332126617432,0.593174397945404,0.4619618356227875,0.0077522448264062405,0.9988766312599182,0.7453267574310303,0.559660017490387,-0.41430389881134033,0.9949521422386169,0.547217071056366,0.5521380305290222,-0.4779849648475647,0.9945083856582642,0.72967129945755,0.6539188623428345,0.010729169473052025,0.9922335743904114,0.545543909072876,0.6511717438697815,-0.023712238296866417,0.9930173754692078,0.7137868404388428,0.6674983501434326,0.033912524580955505,0.883145809173584,0.561252772808075,0.6637281179428101,0.0036331573501229286,0.8928016424179077,0.7421987652778625,0.6869141459465027,-0.29907065629959106,0.9843393564224243,0.5405114889144897,0.6849701404571533,-0.32941675186157227,0.9853008389472961
5,squat,1,0.6755249500274658,0.3109506368637085,-0.996911883354187,0.9999155402183533,0.6907970309257507,0.301329642534256,-0.9616271257400513,0.9998490214347839,0.6989426016807556,0.30127692222595215,-0.9616100192070007,0.9998448491096497,0.7071906328201294,0.301265150308609,-0.9617952704429626,0.9998389482498169,0.663628339767456,0.3005712032318115,-0.9597452878952026,0.9998071789741516,0.65369713306427,0.2998868227005005,-0.959904670715332,0.999786913394928,0.6444957256317139,0.2993185818195343,-0.9599787592887878,0.9997943639755249,0.7203032970428467,0.30300188064575195,-0.6798803806304932,0.9998090863227844,0.6309751272201538,0.2994943857192993,-0.6696082353591919,0.9997597336769104,0.688608705997467,0.32160428166389465,-0.8842918872833252,0.999908447265625,0.6577669978141785,0.32176047563552856,-0.8820134401321411,0.9999002814292908,0.7633631825447083,0.34546852111816406,-0.505621612071991,0.9998014569282532,0.5680059194564819,0.3441959619522095,-0.4801567792892456,0.9995607137680054,0.8258535861968994,0.4075894355773926,-0.9224540591239929,0.9926583170890808,0.4997134506702423,0.40831971168518066,-0.8875142335891724,0.9847118854522705,0.7073830962181091,0.34935909509658813,-1.3786982297897339,0.9827264547348022,0.6155500411987305,0.35018056631088257,-1.3629295825958252,0.9621084928512573,0.6855179667472839,0.336033433675766,-1.4786089658737183,0.9428801536560059,0.6453603506088257,0.3331066966056824,-1.4671127796173096,0.8901711106300354,0.6822638511657715,0.33364447951316833,-1.4246137142181396,0.9347938895225525,0.6460813879966736,0.3311663568019867,-1.4157633781433105,0.8702015280723572,0.6844832301139832,0.33836764097213745,-1.3677374124526978,0.8923794031143188,0.6410746574401855,0.3390035033226013,-1.3534072637557983,0.8105775117874146,0.7141404151916504,0.46848294138908386,-0.007811438757926226,0.9990497827529907,0.5933347940444946,0.4660416543483734,0.007745610550045967,0.9989187717437744,0.7454628944396973,0.5616676807403564,-0.39787939190864563,0.9944370985031128,0.5462759733200073,0.5537475347518921,-0.44625774025917053,0.9942229390144348,0.7294461131095886,0.6551057696342468,0.031104255467653275,0.9916450381278992,0.5457106828689575,0.6515102386474609,0.009423029609024525,0.9929078817367554,0.7128100395202637,0.6693131327629089,0.0546124204993248,0.8848487138748169,0.5624502897262573,0.6640284061431885,0.037246011197566986,0.8941459059715271,0.7437753677368164,0.6874547600746155,-0.27286943793296814,0.983612596988678,0.5383039712905884,0.6849775910377502,-0.28474000096321106,0.9852192997932434
6,squat,1,0.674730658531189,0.3148651719093323,-1.020695447921753,0.9999207854270935,0.6902132034301758,0.3051622807979584,-0.9831092357635498,0.9998569488525391,0.6983993053436279,0.30492573976516724,-0.9830939173698425,0.9998524188995361,0.7065837383270264,0.30470994114875793,-0.9832810163497925,0.9998461604118347,0.662837028503418,0.30474933981895447,-0.9816654920578003,0.9998196959495544,0.6529301404953003,0.30410900712013245,-0.9818408489227295,0.9998014569282532,0.6437335014343262,0.30359452962875366,-0.9819228053092957,0.9998083710670471,0.7196695804595947,0.30538085103034973,-0.6969324946403503,0.9998168349266052,0.6303791403770447,0.30325847864151,-0.6885903477668762,0.9997776746749878,0.6878843307495117,0.3249475955963135,-0.907024621963501,0.9999121427536011,0.6571543216705322,0.3255183696746826,-0.905365526676178,0.9999060034751892,0.7628718614578247,0.3498247563838959,-0.5264297127723694,0.999788761138916,0.5672217011451721,0.34744858741760254,-0.5008419752120972,0.9995837211608887,0.8264071345329285,0.4105761647224426,-0.9509657025337219,0.9925958514213562,0.49965500831604004,0.41109639406204224,-0.9193459749221802,0.9853304624557495,0.7059218883514404,0.3515765070915222,-1.3961125612258911,0.9815354347229004,0.6190105080604553,0.3520279824733734,-1.3789526224136353,0.9625077843666077,0.6847683787345886,0.33816102147102356,-1.494133472442627,0.9390592575073242,0.6492873430252075,0.3351319432258606,-1.4818313121795654,0.8899876475334167,0.6812737584114075,0.33645594120025635,-1.434930443763733,0.9299013614654541,0.6481441259384155,0.33282938599586487,-1.4244717359542847,0.8686870336532593,0.6833212375640869,0.3410700857639313,-1.3829013109207153,0.883545994758606,0.6433218717575073,0.33973488211631775,-1.3667150735855103,0.8058927059173584,0.7141311168670654,0.46986913681030273,-0.007896380499005318,0.999068021774292,0.5934033393859863,0.4674612879753113,0.007837659679353237,0.9989603757858276,0.7455729246139526,0.5620421171188354,-0.4639996290206909,0.9937626719474792,0.5457145571708679,0.554063081741333,-0.5221359729766846,0.9937691688537598,0.7290594577789307,0.6553399562835693,-0.017227625474333763,0.9907386302947998,0.5457587242126465,0.6519602537155151,-0.045825228095054626,0.9927089810371399,0.7122840285301208,0.6689877510070801,0.00767978560179472,0.8841660022735596,0.5624008774757385,0.6644623875617981,-0.01646617241203785,0.8943816423416138,0.7435603737831116,0.6878283619880676,-0.33024007081985474,0.9825730323791504,0.5382578372955322,0.6849839687347412,-0.3504282236099243,0.9849605560302734
7,squat,1,0.6742347478866577,0.3190377950668335,-1.004499912261963,0.9999251961708069,0.6897200345993042,0.3093533217906952,-0.9668087959289551,0.9998632669448853,0.6979207992553711,0.3091255724430084,-0.9667874574661255,0.9998584985733032,0.7059903740882874,0.3089202642440796,-0.9669734835624695,0.9998517632484436,0.6623175144195557,0.3088420629501343,-0.9654294848442078,0.9998297691345215,0.6524106860160828,0.30819159746170044,-0.9656028747558594,0.9998134970664978,0.6431916952133179,0.3076859414577484,-0.9656874537467957,0.9998198747634888,0.7187796235084534,0.30929863452911377,-0.6837312579154968,0.9998229742050171,0.6297755241394043,0.30718058347702026,-0.675701916217804,0.9997926354408264,0.6873020529747009,0.32913267612457275,-0.8922896385192871,0.9999151229858398,0.6566604375839233,0.32950615882873535,-0.8907256722450256,0.9999107122421265,0.7622283101081848,0.35345280170440674,-0.5187918543815613,0.9997785687446594,0.5662047266960144,0.3509505093097687,-0.494859904050827,0.9996011257171631,0.8265125155448914,0.41344282031059265,-0.9421437978744507,0.9925134778022766,0.4992256760597229,0.4140096604824066,-0.9182729125022888,0.985821545124054,0.7058431506156921,0.35466939210891724,-1.3824234008789062,0.9804632067680359,0.6200955510139465,0.3548141419887543,-1.3740986585617065,0.9624717831611633,0.6847053170204163,0.3408982455730438,-1.4787540435791016,0.9356120228767395,0.6503466367721558,0.3374142646789551,-1.475466251373291,0.8887944221496582,0.6809379458427429,0.3394246995449066,-1.418540120124817,0.9254897832870483,0.6487951278686523,0.33529165387153625,-1.4168591499328613,0.8660423755645752,0.6828052401542664,0.34406957030296326,-1.3686507940292358,0.8754308819770813,0.644067108631134,0.3423381447792053,-1.361376166343689,0.7997989058494568,0.7139921188354492,0.4722297489643097,-0.007730669341981411,0.9990924000740051,0.593406617641449,0.4705657362937927,0.007678262423723936,0.9989994168281555,0.7461548447608948,0.5623471736907959,-0.5030791759490967,0.9933431148529053,0.544791579246521,0.5540621876716614,-0.5442498326301575,0.9934550523757935,0.7289676070213318,0.6552367210388184,-0.03558960556983948,0.9901387095451355,0.5457517504692078,0.6518134474754333,-0.05540083348751068,0.9925933480262756,0.7121286988258362,0.6686011552810669,-0.008136645890772343,0.8843746781349182,0.5623651742935181,0.6638815999031067,-0.024535099044442177,0.8949888944625854,0.743418276309967,0.6881486773490906,-0.3436475694179535,0.9819343686103821,0.5382750630378723,0.6849932670593262,-0.35526683926582336,0.9848458766937256
8,squat,1,0.6742382049560547,0.3219321668148041,-0.985957145690918,0.9999284744262695,0.6896054744720459,0.31216081976890564,-0.9481203556060791,0.9998676180839539,0.6977851986885071,0.31192031502723694,-0.9481003880500793,0.9998626112937927,0.7057939171791077,0.31173834204673767,-0.9482795596122742,0.9998549818992615,0.6622579097747803,0.3117838501930237,-0.9462862610816956,0.9998374581336975,0.6523938775062561,0.3111828863620758,-0.9464632868766785,0.9998230934143066,0.6431686282157898,0.3107064664363861,-0.9465459585189819,0.9998288750648499,0.718380331993103,0.3122479021549225,-0.6698153614997864,0.9998266100883484,0.6296942830085754,0.3101169466972351,-0.6595964431762695,0.9998043179512024,0.6873387694358826,0.33204299211502075,-0.8760181069374084,0.9999169707298279,0.6566937565803528,0.33231601119041443,-0.8738220930099487,0.999914288520813,0.7621321678161621,0.3567766845226288,-0.5124949216842651,0.9997660517692566,0.5655114650726318,0.35465797781944275,-0.48440852761268616,0.9996148943901062,0.8264572620391846,0.41641971468925476,-0.9306920170783997,0.9924774169921875,0.4986763596534729,0.41751939058303833,-0.9116533398628235,0.9862164855003357,0.7058785557746887,0.3577266335487366,-1.3589369058609009,0.9798914194107056,0.6202453970909119,0.35788479447364807,-1.3655798435211182,0.9625371098518372,0.6846824884414673,0.34387755393981934,-1.4534584283828735,0.9336588382720947,0.6506091356277466,0.3399707078933716,-1.4664503335952759,0.88776034116745,0.6808658838272095,0.3425973057746887,-1.3929593563079834,0.9227690696716309,0.6490010619163513,0.33781468868255615,-1.4064279794692993,0.8636026382446289,0.6824727654457092,0.3471333682537079,-1.3446308374404907,0.8699327111244202,0.6442760825157166,0.3450908064842224,-1.352217435836792,0.7942379713058472,0.7138981223106384,0.4745393395423889,-0.007728466764092445,0.9991183876991272,0.5933376550674438,0.4733104109764099,0.007681103888899088,0.9990391731262207,0.7473453879356384,0.5622786283493042,-0.5415711998939514,0.9930259585380554,0.5443706512451172,0.5538230538368225,-0.5784139037132263,0.9930740594863892,0.7292227745056152,0.6551610827445984,-0.0928867980837822,0.989581823348999,0.5457356572151184,0.6511304974555969,-0.10601234436035156,0.9924873113632202,0.7125032544136047,0.6683779954910278,-0.06748066842556,0.8835670351982117,0.5623486638069153,0.6637039184570312,-0.07690098881721497,0.8956471085548401,0.7429847121238708,0.6881426572799683,-0.40840187668800354,0.9813715815544128,0.5378202795982361,0.6849992275238037,-0.41311267018318176,0.9847742915153503
9,squat,1,0.6731925010681152,0.3297901451587677,-0.9752563834190369,0.9999309778213501,0.6885889768600464,0.31941866874694824,-0.9402535557746887,0.9998700022697449,0.696946918964386,0.31918734312057495,-0.9402117729187012,0.9998645782470703,0.7050836086273193,0.31901392340660095,-0.9404014348983765,0.9998558163642883,0.660403847694397,0.318927139043808,-0.9365527033805847,0.9998429417610168,0.6501609683036804,0.31828466057777405,-0.9367402791976929,0.999830424785614,0.6408418416976929,0.31777358055114746,-0.9368283748626709,0.999835729598999,0.7182372212409973,0.3199009299278259,-0.6730139851570129,0.9998279809951782,0.6276378631591797,0.3176879286766052,-0.6539003849029541,0.9998143315315247,0.6867698431015015,0.340178519487381,-0.8690470457077026,0.9999181628227234,0.6552157402038574,0.3404063582420349,-0.8643442392349243,0.9999167919158936,0.7619812488555908,0.3638211488723755,-0.512136697769165,0.999750554561615,0.5654233694076538,0.3603862226009369,-0.48679402470588684,0.999631404876709,0.8263949155807495,0.4225614070892334,-0.930128812789917,0.9922583103179932,0.4988633692264557,0.42099520564079285,-0.9186308979988098,0.9864534139633179,0.7087226510047913,0.3644396662712097,-1.3508456945419312,0.9780860543251038,0.6208288073539734,0.3624761700630188,-1.3628699779510498,0.961840808391571,0.6883078217506409,0.3502601981163025,-1.4409483671188354,0.9283723831176758,0.6507970094680786,0.3453488051891327,-1.4600293636322021,0.8851631283760071,0.6843957304954529,0.3485584259033203,-1.3781020641326904,0.9160248041152954,0.6493293642997742,0.3438807725906372,-1.3982160091400146,0.8592711687088013,0.685411810874939,0.35356682538986206,-1.33529531955719,0.8588430881500244,0.6447077989578247,0.35111573338508606,-1.348833441734314,0.7863803505897522,0.7134191989898682,0.4781720042228699,-0.007359602022916079,0.9991326332092285,0.5933024883270264,0.47659122943878174,0.00730145676061511,0.9990718364715576,0.7494358420372009,0.5633272528648376,-0.5790832042694092,0.9926111102104187,0.5410345792770386,0.5549246668815613,-0.5997830033302307,0.9928112030029297,0.7292197942733765,0.6548265218734741,-0.11069285124540329,0.9888254404067993,0.5459912419319153,0.6510303020477295,-0.12255927175283432,0.9923692345619202,0.7125604152679443,0.6677039861679077,-0.08232574909925461,0.8823318481445312,0.563084602355957,0.663507342338562,-0.09258290380239487,0.8960369825363159,0.7428893446922302,0.6878018975257874,-0.40725821256637573,0.9803865551948547,0.5375356078147888,0.684786856174469,-0.4143262207508087,0.9845678806304932
10,squat,1,0.6732079386711121,0.3326142132282257,-0.9659895896911621,0.9999334216117859,0.688593864440918,0.32251864671707153,-0.9307697415351868,0.9998723268508911,0.6969416737556458,0.32227733731269836,-0.9307196140289307,0.9998666048049927,0.7050753831863403,0.3221479058265686,-0.9308999180793762,0.9998565316200256,0.6604058146476746,0.32206791639328003,-0.9273539185523987,0.999848484992981,0.650176465511322,0.3214085102081299,-0.927541196346283,0.9998376965522766,0.6408354640007019,0.32083091139793396,-0.9276341199874878,0.9998424649238586,0.7182266712188721,0.32300806045532227,-0.6671410202980042,0.9998285174369812,0.6276224255561829,0.3200424313545227,-0.6498068571090698,0.9998237490653992,0.6867835521697998,0.34289291501045227,-0.8615684509277344,0.9999191164970398,0.6552543044090271,0.3425444960594177,-0.8573406338691711,0.9999193549156189,0.7619619369506836,0.3680363893508911,-0.513220489025116,0.9997297525405884,0.5654366612434387,0.3631988763809204,-0.488652765750885,0.9996459484100342,0.8262483477592468,0.4258657395839691,-0.9256538152694702,0.9920239448547363,0.4989106357097626,0.42443758249282837,-0.918237566947937,0.9866431355476379,0.7098330855369568,0.3674231767654419,-1.329921007156372,0.9767140746116638,0.6230764389038086,0.36404284834861755,-1.3483966588974,0.9611260890960693,0.6909663677215576,0.35268452763557434,-1.4182246923446655,0.9242748022079468,0.6533809900283813,0.3465363681316376,-1.4433062076568604,0.8821573257446289,0.6873506903648376,0.35112208127975464,-1.3574728965759277,0.9105497002601624,0.6518383622169495,0.3449353873729706,-1.3803409337997437,0.8543297648429871,0.6873744130134583,0.3560261130332947,-1.3141837120056152,0.8496543169021606,0.6473582983016968,0.3519742786884308,-1.3334790468215942,0.7780951261520386,0.7133809924125671,0.4802005887031555,-0.007331679109483957,0.9991376996040344,0.5932939648628235,0.478848397731781,0.007272999733686447,0.9991034269332886,0.7506592273712158,0.5640942454338074,-0.5630542039871216,0.9924152493476868,0.5389383435249329,0.5553045868873596,-0.596905529499054,0.9927158951759338,0.7292198538780212,0.6538122296333313,-0.0882411003112793,0.9883742332458496,0.5464597344398499,0.6505518555641174,-0.11216090619564056,0.992425262928009,0.7126083970069885,0.6656849384307861,-0.05907990410923958,0.8814629912376404,0.5639718174934387,0.6629571318626404,-0.08122923225164413,0.8978821635246277,0.7418881058692932,0.6872351169586182,-0.3802163898944855,0.9798644185066223,0.5362892150878906,0.6841019988059998,-0.3997529447078705,0.9846901297569275
11,squat,1,0.6732277870178223,0.3328654170036316,-0.9601527452468872,0.999937117099762,0.6885923147201538,0.32326802611351013,-0.9296942353248596,0.9998781681060791,0.696907103061676,0.3231508731842041,-0.9295600056648254,0.9998724460601807,0.7050089240074158,0.3230106830596924,-0.9297128915786743,0.9998621344566345,0.6604303121566772,0.3227919638156891,-0.9255124926567078,0.9998569488525391,0.6502925157546997,0.3221587836742401,-0.9257596135139465,0.9998474717140198,0.641112208366394,0.3216679096221924,-0.9258425235748291,0.9998515844345093,0.7177072763442993,0.3241805136203766,-0.6509279012680054,0.9998356699943542,0.6278542280197144,0.32120171189308167,-0.6365474462509155,0.9998351335525513,0.686797559261322,0.3434063494205475,-0.8486906290054321,0.9999220371246338,0.6553076505661011,0.34306514263153076,-0.845306396484375,0.9999229311943054,0.7615815997123718,0.37001901865005493,-0.49629727005958557,0.9997121095657349,0.5656585097312927,0.36559513211250305,-0.47164270281791687,0.9996563196182251,0.8261885643005371,0.4286140203475952,-0.9063730835914612,0.992072582244873,0.4997592866420746,0.4258275330066681,-0.895255446434021,0.9868683218955994,0.7098170518875122,0.3695400357246399,-1.3199903964996338,0.976265013217926,0.6266729831695557,0.3645724654197693,-1.3279449939727783,0.9608466029167175,0.6911843419075012,0.35482433438301086,-1.4117159843444824,0.9224669337272644,0.6552832126617432,0.34780746698379517,-1.425075650215149,0.8803834915161133,0.6876994967460632,0.3535851836204529,-1.3398487567901611,0.9079731106758118,0.6536956429481506,0.34601476788520813,-1.366420030593872,0.8510111570358276,0.6875178813934326,0.358438640832901,-1.3106791973114014,0.8447619080543518,0.649894654750824,0.35261672735214233,-1.3144972324371338,0.7721301913261414,0.713367223739624,0.48253604769706726,-0.007459948770701885,0.9991587400436401,0.5933278203010559,0.4813138246536255,0.007404330652207136,0.9991461634635925,0.7511687874794006,0.5653812289237976,-0.5691090226173401,0.9923253655433655,0.537592887878418,0.5554386973381042,-0.6021952033042908,0.9927639365196228,0.7292555570602417,0.654102623462677,-0.1146540641784668,0.988156795501709,0.546811044216156,0.6505964994430542,-0.1280800849199295,0.9926103949546814,0.7126525640487671,0.6657992601394653,-0.08813060820102692,0.8827816843986511,0.5647705793380737,0.6633418798446655,-0.09884554892778397,0.901118814945221,0.742060661315918,0.6872039437294006,-0.41126710176467896,0.9796345233917236,0.533903181552887,0.6840993165969849,-0.4164182245731354,0.9849841594696045
12,squat,1,0.6744397282600403,0.33508798480033875,-0.9584951996803284,0.9999405741691589,0.6895456910133362,0.32550379633903503,-0.9214996099472046,0.9998835325241089,0.6977851986885071,0.3254229426383972,-0.9214240312576294,0.9998776912689209,0.7059904336929321,0.3253484070301056,-0.9215930104255676,0.9998669028282166,0.6617588996887207,0.32492342591285706,-0.918993353843689,0.9998647570610046,0.6517438888549805,0.3243255615234375,-0.9192000031471252,0.9998565316200256,0.6427788734436035,0.32376185059547424,-0.9192712306976318,0.9998599290847778,0.7178208827972412,0.32700422406196594,-0.6484695076942444,0.9998419284820557,0.6283655166625977,0.3235732614994049,-0.6391013860702515,0.9998458623886108,0.6876112222671509,0.3457634150981903,-0.8523181080818176,0.9999250769615173,0.6564354300498962,0.34527331590652466,-0.8504768013954163,0.999926745891571,0.7613541483879089,0.3736000657081604,-0.5054100155830383,0.999695360660553,0.5656933188438416,0.36919066309928894,-0.48278284072875977,0.9996672868728638,0.8262895345687866,0.43172937631607056,-0.9282764792442322,0.9922000169754028,0.4997889995574951,0.42773085832595825,-0.9215489029884338,0.9871276617050171,0.7099077105522156,0.3729458749294281,-1.3308470249176025,0.9761375784873962,0.6270591020584106,0.3679358959197998,-1.351755142211914,0.9599960446357727,0.6917766332626343,0.3577144742012024,-1.4183290004730225,0.9215244650840759,0.6557407975196838,0.3516289293766022,-1.4460339546203613,0.8767625689506531,0.6882851719856262,0.35650789737701416,-1.3486294746398926,0.906329333782196,0.6544678807258606,0.3498528301715851,-1.3817771673202515,0.845186173915863,0.6877608299255371,0.36150386929512024,-1.3144334554672241,0.8407207131385803,0.6509461402893066,0.35628610849380493,-1.336337685585022,0.7624562382698059,0.7132861614227295,0.48513832688331604,-0.006767861545085907,0.9991839528083801,0.5932652354240417,0.48373377323150635,0.006720189470797777,0.9991888403892517,0.7516850233078003,0.5660261511802673,-0.6103490591049194,0.9921293258666992,0.5361304879188538,0.5553582906723022,-0.6596213579177856,0.992699384689331,0.7292755842208862,0.6545985341072083,-0.15989169478416443,0.9877926707267761,0.546858012676239,0.650574803352356,-0.17924843728542328,0.9927472472190857,0.7126725912094116,0.6668432354927063,-0.13411986827850342,0.883901059627533,0.5647311210632324,0.6634727120399475,-0.15012435615062714,0.9038177132606506,0.745147705078125,0.6872043013572693,-0.462929904460907,0.9792290329933167,0.5337207913398743,0.684100866317749,-0.47624701261520386,0.9851599335670471
13,squat,1,0.6744914650917053,0.33937427401542664,-0.9431301951408386,0.9999427199363708,0.6896070837974548,0.32995855808258057,-0.9031803607940674,0.9998859167098999,0.6978121995925903,0.3298407196998596,-0.9031227231025696,0.9998800754547119,0.7059997320175171,0.3297233283519745,-0.9032991528511047,0.9998683333396912,0.6617642045021057,0.32986053824424744,-0.9001932144165039,0.9998689889907837,0.6517547965049744,0.32946327328681946,-0.9004073739051819,0.9998622536659241,0.6427839398384094,0.3291623592376709,-0.9004634022712708,0.9998647570610046,0.7177908420562744,0.3316308856010437,-0.6418676376342773,0.9998443126678467,0.6284005641937256,0.3293939232826233,-0.6290073990821838,0.9998525381088257,0.6878314018249512,0.35025620460510254,-0.8439062833786011,0.9999265074729919,0.6565150022506714,0.3501455783843994,-0.8409900069236755,0.9999289512634277,0.7613102197647095,0.37872403860092163,-0.4962024688720703,0.9996775984764099,0.565704882144928,0.37391331791877747,-0.472177118062973,0.9996741414070129,0.8262580037117004,0.435852587223053,-0.9191169142723083,0.992354154586792,0.5001426935195923,0.43096327781677246,-0.9076992869377136,0.9873312711715698,0.7102475762367249,0.3765537440776825,-1.3213437795639038,0.9763213992118835,0.628660261631012,0.3717029094696045,-1.3404361009597778,0.9600365161895752,0.692557156085968,0.3609960973262787,-1.4113223552703857,0.9215573072433472,0.6571758985519409,0.3550192415714264,-1.435462474822998,0.8758695721626282,0.6890554428100586,0.3602682650089264,-1.343724250793457,0.9059410691261292,0.6556594371795654,0.3537493944168091,-1.3720844984054565,0.8429432511329651,0.6885157823562622,0.36563432216644287,-1.3062703609466553,0.8387995362281799,0.6522835493087769,0.3601781129837036,-1.325215458869934,0.7573500275611877,0.7129209637641907,0.489933043718338,-0.0060889539308846,0.9992155432701111,0.5928581357002258,0.488189160823822,0.006058129947632551,0.999230682849884,0.7523356080055237,0.5660064816474915,-0.6507336497306824,0.9919031858444214,0.5356932878494263,0.5546075105667114,-0.707891583442688,0.9925370216369629,0.7295830249786377,0.6552677154541016,-0.20890814065933228,0.9873930215835571,0.5467084050178528,0.6503042578697205,-0.23471978306770325,0.9928569197654724,0.7129037380218506,0.6681571006774902,-0.18339179456233978,0.8846132159233093,0.5637511014938354,0.6633903980255127,-0.20570193231105804,0.9058718085289001,0.7453157305717468,0.6871818900108337,-0.5132279992103577,0.9788802266120911,0.5336412191390991,0.683976411819458,-0.5360555648803711,0.9853336811065674
14,squat,1,0.6745112538337708,0.34348973631858826,-0.9390326142311096,0.9999446272850037,0.6899935007095337,0.3341776132583618,-0.898181676864624,0.9998873472213745,0.6981151103973389,0.33403927087783813,-0.8981167674064636,0.9998816847801208,0.7063408493995667,0.3339305818080902,-0.8982894420623779,0.9998680949211121,0.6619124412536621,0.3339402973651886,-0.895178496837616,0.9998725652694702,0.651903510093689,0.3334103226661682,-0.8953995108604431,0.9998675584793091,0.6429120898246765,0.3329346179962158,-0.8954607844352722,0.9998688697814941,0.7177811861038208,0.33630743622779846,-0.6392304301261902,0.9998453259468079,0.6284115314483643,0.3331349194049835,-0.6272554397583008,0.9998589158058167,0.6878596544265747,0.35451796650886536,-0.8424959778785706,0.9999274015426636,0.6564768552780151,0.3538709878921509,-0.8399600386619568,0.9999307990074158,0.7611217498779297,0.38169604539871216,-0.5031589269638062,0.9996493458747864,0.5656235218048096,0.37805983424186707,-0.47688207030296326,0.9996751546859741,0.826318621635437,0.43891641497612,-0.9269629716873169,0.9923666715621948,0.5008385181427002,0.4329870343208313,-0.920593798160553,0.9874176979064941,0.7101545929908752,0.3802007734775543,-1.3168519735336304,0.9758327603340149,0.6307058334350586,0.3730395436286926,-1.3417433500289917,0.9589195847511292,0.6925441026687622,0.3637041449546814,-1.4093750715255737,0.9198131561279297,0.6582562327384949,0.3559440076351166,-1.4347898960113525,0.8718992471694946,0.6892777681350708,0.3627535104751587,-1.3332644701004028,0.9032634496688843,0.6570777297019958,0.35469019412994385,-1.3686156272888184,0.8365926146507263,0.688572108745575,0.36835020780563354,-1.303531289100647,0.8332909345626831,0.6539837718009949,0.3620077669620514,-1.324996829032898,0.7468982338905334,0.7128528952598572,0.4926031827926636,-0.006106244400143623,0.9992372989654541,0.5927349328994751,0.4912431836128235,0.006076077464967966,0.9992669224739075,0.753513753414154,0.566789448261261,-0.65943843126297,0.991723358631134,0.533531129360199,0.5546128749847412,-0.7112804651260376,0.9925224184989929,0.729581892490387,0.6551529765129089,-0.1780618131160736,0.986991822719574,0.5467149615287781,0.6494061350822449,-0.20619694888591766,0.9929913282394409,0.7128185033798218,0.6676140427589417,-0.14843466877937317,0.8848778009414673,0.5637511610984802,0.6619485020637512,-0.17382818460464478,0.9082162976264954,0.7448108792304993,0.6871508359909058,-0.4704161584377289,0.9784010052680969,0.5337339639663696,0.6834239363670349,-0.49470633268356323,0.9854903817176819
15,squat,1,0.674521803855896,0.3461386263370514,-0.8978208899497986,0.9999460577964783,0.6900787949562073,0.3369502127170563,-0.8595996499061584,0.9998889565467834,0.6981346607208252,0.33670663833618164,-0.8595319986343384,0.999883234500885,0.7063308358192444,0.33650827407836914,-0.8596938252449036,0.9998686909675598,0.6621670722961426,0.336749404668808,-0.8553089499473572,0.9998760223388672,0.6522671580314636,0.336112380027771,-0.8555107712745667,0.999872088432312,0.6433724761009216,0.33547115325927734,-0.8555919528007507,0.9998727440834045,0.7175788879394531,0.338602215051651,-0.6144709587097168,0.9998473525047302,0.6290856599807739,0.33555924892425537,-0.5940784811973572,0.9998641014099121,0.6878678202629089,0.35673871636390686,-0.8042641878128052,0.999927818775177,0.6564931273460388,0.35650092363357544,-0.7991766929626465,0.9999319911003113,0.761189341545105,0.38381606340408325,-0.497186541557312,0.9996134638786316,0.5659944415092468,0.3803359568119049,-0.47168415784835815,0.9996748566627502,0.8262237310409546,0.4412490427494049,-0.9169760346412659,0.992350697517395,0.5005462169647217,0.4363502264022827,-0.9057374596595764,0.9873847961425781,0.7098389267921448,0.38129138946533203,-1.2652114629745483,0.9754314422607422,0.6314355134963989,0.3756825923919678,-1.3081175088882446,0.9573697447776794,0.6925084590911865,0.3640578091144562,-1.3431503772735596,0.9182342290878296,0.6584188342094421,0.3578506410121918,-1.3948674201965332,0.8662828803062439,0.6897498965263367,0.3632517457008362,-1.2716816663742065,0.9008764028549194,0.6575557589530945,0.3568352162837982,-1.3246186971664429,0.828326404094696,0.6889880299568176,0.36951911449432373,-1.2453464269638062,0.8286576271057129,0.6545463800430298,0.36457327008247375,-1.2895095348358154,0.7351203560829163,0.7126637697219849,0.4955257773399353,-0.006260032299906015,0.9992504715919495,0.592678427696228,0.49410945177078247,0.006227398291230202,0.9993001222610474,0.7540081143379211,0.5669271945953369,-0.65599125623703,0.991712212562561,0.5326670408248901,0.5554506778717041,-0.7005027532577515,0.9925987124443054,0.7295507192611694,0.655087947845459,-0.18858033418655396,0.9868552684783936,0.5468288660049438,0.6496694684028625,-0.21517807245254517,0.9931960105895996,0.7128408551216125,0.6669954657554626,-0.15936248004436493,0.885587215423584,0.5642148852348328,0.6623134613037109,-0.18399710953235626,0.9109799265861511,0.7439454793930054,0.68708336353302,-0.47419214248657227,0.9783339500427246,0.5337995886802673,0.6835150718688965,-0.49728745222091675,0.9857949614524841
16,squat,1,0.6745051145553589,0.347927987575531,-0.8959997892379761,0.9999487400054932,0.6901050806045532,0.33923566341400146,-0.8572462201118469,0.9998931288719177,0.6981511116027832,0.33896949887275696,-0.857181966304779,0.9998878836631775,0.706325888633728,0.33880457282066345,-0.8573446869850159,0.9998729825019836,0.6621858477592468,0.33905836939811707,-0.8537830710411072,0.9998813271522522,0.652332067489624,0.3384101688861847,-0.853977382183075,0.9998785257339478,0.6435450911521912,0.33776554465293884,-0.8540452718734741,0.9998785853385925,0.7174980640411377,0.34048500657081604,-0.6071184277534485,0.9998535513877869,0.6293032765388489,0.33800286054611206,-0.5898732542991638,0.9998714923858643,0.6878759860992432,0.3587360978126526,-0.7999519109725952,0.9999306201934814,0.6564733982086182,0.3584379553794861,-0.7958276271820068,0.9999350309371948,0.7609900236129761,0.386434942483902,-0.49415528774261475,0.9996101260185242,0.5663894414901733,0.3830074071884155,-0.46606209874153137,0.9996795058250427,0.8262110352516174,0.4440530836582184,-0.9131993651390076,0.9924353361129761,0.5005567669868469,0.4382625222206116,-0.9033091068267822,0.9873923063278198,0.7098321318626404,0.3847481906414032,-1.2699518203735352,0.9754731059074402,0.6311194896697998,0.37939828634262085,-1.3244397640228271,0.9558137655258179,0.6926830410957336,0.3678143322467804,-1.3556265830993652,0.9181654453277588,0.6582779288291931,0.3618769645690918,-1.4133013486862183,0.8613869547843933,0.6901204586029053,0.3668588101863861,-1.2900917530059814,0.9004610180854797,0.6574066877365112,0.3609033524990082,-1.3397958278656006,0.821116030216217,0.6893590092658997,0.3731275200843811,-1.2541476488113403,0.8266027569770813,0.6542791128158569,0.36823999881744385,-1.30620539188385,0.7243064641952515,0.7121511697769165,0.497444212436676,-0.006759916432201862,0.9992759227752686,0.5925652980804443,0.4960535168647766,0.006721078418195248,0.9993345737457275,0.7545340061187744,0.5668298006057739,-0.6776158809661865,0.9916568398475647,0.5324075222015381,0.5559173822402954,-0.7207536697387695,0.992567777633667,0.7295461893081665,0.6540648937225342,-0.200449600815773,0.9866516590118408,0.5469586849212646,0.6494019031524658,-0.22301633656024933,0.9932537078857422,0.7127176523208618,0.6648365259170532,-0.17049220204353333,0.8852750658988953,0.5642907619476318,0.6611871719360352,-0.1904064267873764,0.9127781987190247,0.7441601157188416,0.6867038607597351,-0.48965078592300415,0.9781413674354553,0.5344547629356384,0.6834235787391663,-0.5041511654853821,0.985910177230835
17,squat,1,0.6745121479034424,0.35111501812934875,-0.896683394908905,0.9999498128890991,0.690111517906189,0.34231650829315186,-0.8566240072250366,0.9998939633369446,0.6981495022773743,0.3420315682888031,-0.8565653562545776,0.9998888969421387,0.7062992453575134,0.34186118841171265,-0.8567228317260742,0.9998728036880493,0.6621922850608826,0.3421531021595001,-0.8530917167663574,0.9998834133148193,0.6523402333259583,0.34148117899894714,-0.8532928824424744,0.9998818039894104,0.6435498595237732,0.34080734848976135,-0.8533690571784973,0.9998811483383179,0.7173454761505127,0.34365665912628174,-0.6030412912368774,0.9998546242713928,0.6293193101882935,0.34128668904304504,-0.585587203502655,0.9998745322227478,0.6879866123199463,0.3618353605270386,-0.7995449900627136,0.9999306201934814,0.656527042388916,0.36171385645866394,-0.7954007387161255,0.9999358654022217,0.7609677314758301,0.39037951827049255,-0.4922996759414673,0.9995735883712769,0.5663942694664001,0.38759639859199524,-0.4602959156036377,0.9996702671051025,0.8260858058929443,0.4475220739841461,-0.9104733467102051,0.9923755526542664,0.49952706694602966,0.44243037700653076,-0.8998756408691406,0.9872172474861145,0.7096858620643616,0.3870711028575897,-1.2732267379760742,0.9752771854400635,0.6308466792106628,0.38337767124176025,-1.3239017724990845,0.9541353583335876,0.6930546760559082,0.3701748251914978,-1.3550039529800415,0.9175477027893066,0.6582030653953552,0.36530137062072754,-1.4128726720809937,0.8558527827262878,0.6907910108566284,0.369342178106308,-1.2869499921798706,0.8993720412254333,0.657492995262146,0.36463281512260437,-1.3400980234146118,0.8131809234619141,0.6897974610328674,0.3758839964866638,-1.2549585103988647,0.8236414194107056,0.6541845798492432,0.37220820784568787,-1.3056201934814453,0.7127470374107361,0.7119365334510803,0.5013588666915894,-0.0069613708183169365,0.999280571937561,0.5924252271652222,0.4999137222766876,0.006930171512067318,0.9993569850921631,0.7559099197387695,0.5672202110290527,-0.7022373676300049,0.9916123747825623,0.5322766304016113,0.5566557049751282,-0.7490856051445007,0.9924929738044739,0.7295429110527039,0.6535812616348267,-0.2102266252040863,0.9863234758377075,0.5470072627067566,0.650301992893219,-0.2462506890296936,0.9933980703353882,0.7127816677093506,0.6638383269309998,-0.178712859749794,0.8846181035041809,0.5644714832305908,0.6624267101287842,-0.21335607767105103,0.915105402469635,0.7440904378890991,0.6860895752906799,-0.4982050061225891,0.9778986573219299,0.5345318913459778,0.6835933923721313,-0.5335240960121155,0.9861435294151306
18,squat,1,0.6744892597198486,0.35474541783332825,-0.9007004499435425,0.9999517798423767,0.6902040243148804,0.34570732712745667,-0.8610921502113342,0.9998965263366699,0.6982067227363586,0.345458984375,-0.8610337376594543,0.9998920559883118,0.706317126750946,0.34532901644706726,-0.8611952662467957,0.9998750686645508,0.6621969938278198,0.34543582797050476,-0.8580006957054138,0.9998871684074402,0.6522796154022217,0.3447696566581726,-0.8581977486610413,0.9998869299888611,0.6433836221694946,0.34410467743873596,-0.8582718968391418,0.999885618686676,0.7172834277153015,0.34668052196502686,-0.6058889031410217,0.9998586177825928,0.6289075016975403,0.34433531761169434,-0.5890348553657532,0.9998804926872253,0.68799889087677,0.36635854840278625,-0.8030608296394348,0.9999327063560486,0.6563695669174194,0.365548312664032,-0.799310564994812,0.9999384880065918,0.7598309516906738,0.3935384452342987,-0.4998967945575714,0.9995646476745605,0.5660256743431091,0.39135774970054626,-0.46447041630744934,0.9996704459190369,0.8260601758956909,0.45003458857536316,-0.9355664253234863,0.9922922849655151,0.498906672000885,0.445330947637558,-0.9316002130508423,0.9870478510856628,0.710116982460022,0.3909837007522583,-1.3138623237609863,0.9746996760368347,0.6289795637130737,0.3858709931373596,-1.373090386390686,0.9519627094268799,0.694489061832428,0.374067485332489,-1.3950952291488647,0.9161773920059204,0.6576492190361023,0.3683500289916992,-1.4655429124832153,0.8502214550971985,0.6921266317367554,0.3733716309070587,-1.3222908973693848,0.8972806334495544,0.657321572303772,0.36765024065971375,-1.3915072679519653,0.8051820397377014,0.6908701062202454,0.3799617886543274,-1.2937074899673462,0.8187857270240784,0.6537474989891052,0.3757229745388031,-1.354678750038147,0.7008596062660217,0.7117677330970764,0.5035150647163391,-0.007501587271690369,0.9992867708206177,0.5923571586608887,0.5021186470985413,0.007465033791959286,0.9993753433227539,0.756938099861145,0.567933201789856,-0.7040093541145325,0.9915074706077576,0.5321735739707947,0.557136058807373,-0.748512327671051,0.9922623038291931,0.7294735908508301,0.653050422668457,-0.20012708008289337,0.9859284162521362,0.5471571683883667,0.6502920985221863,-0.23598593473434448,0.9933376312255859,0.712790310382843,0.6626284718513489,-0.16752858459949493,0.8821222186088562,0.5644727945327759,0.6623319983482361,-0.20181842148303986,0.9155516028404236,0.7440361380577087,0.6861415505409241,-0.48520180583000183,0.9773913025856018,0.5348218083381653,0.6834845542907715,-0.5166203379631042,0.9860404133796692
19,squat,1,0.6725955009460449,0.35620948672294617,-0.9145247340202332,0.999953031539917,0.6895111799240112,0.3475694954395294,-0.8746431469917297,0.9998980164527893,0.6976008415222168,0.34740304946899414,-0.8745763301849365,0.9998940825462341,0.7054529786109924,0.34731894731521606,-0.8747345805168152,0.9998759627342224,0.6606377363204956,0.3471834063529968,-0.8699530363082886,0.9998892545700073,0.6502084136009216,0.3465697765350342,-0.870157778263092,0.9998903870582581,0.641287088394165,0.34603002667427063,-0.8702248930931091,0.9998881816864014,0.7165684103965759,0.3487142324447632,-0.6239249110221863,0.9998614192008972,0.6276106238365173,0.3465263545513153,-0.6019378900527954,0.9998839497566223,0.6870207190513611,0.3683047294616699,-0.8194537162780762,0.9999342560768127,0.6532955169677734,0.36722859740257263,-0.8140138983726501,0.9999403357505798,0.7589561343193054,0.3955930173397064,-0.5156610012054443,0.9995566606521606,0.5657144784927368,0.3934996426105499,-0.47253429889678955,0.9996691346168518,0.8259110450744629,0.4521717429161072,-0.9588615298271179,0.9923661947250366,0.49875685572624207,0.4466245770454407,-0.9458765387535095,0.9868751764297485,0.710119366645813,0.39310845732688904,-1.347805142402649,0.9750372767448425,0.626551628112793,0.3903694152832031,-1.4019676446914673,0.9507671594619751,0.6946749091148376,0.3765353560447693,-1.432837963104248,0.917488694190979,0.6557247042655945,0.3725091814994812,-1.4986233711242676,0.8473213315010071,0.6924248337745667,0.37589678168296814,-1.3631846904754639,0.8985105156898499,0.6562395095825195,0.37137794494628906,-1.426657795906067,0.8005499243736267,0.6910954117774963,0.3824572265148163,-1.3287723064422607,0.8193008899688721,0.6525740027427673,0.378990113735199,-1.384677529335022,0.6931871175765991,0.7107135057449341,0.5050709247589111,-0.007657205685973167,0.9992983341217041,0.592199981212616,0.5040716528892517,0.007625245489180088,0.9993929862976074,0.7575001120567322,0.5673180222511292,-0.7324473857879639,0.9912228584289551,0.5319622159004211,0.5571891665458679,-0.7694554328918457,0.9917727112770081,0.7294779419898987,0.6530389785766602,-0.24379952251911163,0.9849937558174133,0.5473783612251282,0.6505035161972046,-0.27212807536125183,0.9931246638298035,0.712894082069397,0.6627008318901062,-0.21308964490890503,0.877653181552887,0.5644372701644897,0.6624642610549927,-0.2397378832101822,0.9151825308799744,0.7438486814498901,0.6864795684814453,-0.539017915725708,0.9763346910476685,0.5348538756370544,0.6834714412689209,-0.5617270469665527,0.9857175946235657
20,squat,1,0.6705231070518494,0.35771745443344116,-0.9736077189445496,0.9999554753303528,0.688167154788971,0.3490770161151886,-0.933873176574707,0.9999025464057922,0.6964290142059326,0.34891068935394287,-0.9338052868843079,0.9998990893363953,0.7041213512420654,0.34877485036849976,-0.933975875377655,0.9998807311058044,0.6587039232254028,0.34867537021636963,-0.9281373620033264,0.9998942017555237,0.6481530666351318,0.34815889596939087,-0.9283446669578552,0.9998961091041565,0.639447808265686,0.3476772606372833,-0.9284124970436096,0.999893307685852,0.7160742282867432,0.35005223751068115,-0.676013708114624,0.9998682141304016,0.6267029643058777,0.3485189378261566,-0.649428129196167,0.9998900890350342,0.6858736276626587,0.369891881942749,-0.8752420544624329,0.9999377131462097,0.6512591242790222,0.3690129518508911,-0.8683649301528931,0.9999436140060425,0.7586356997489929,0.39671796560287476,-0.5560919642448425,0.9995607137680054,0.5657081604003906,0.39429187774658203,-0.5085198879241943,0.9996743202209473,0.8257582783699036,0.4539737403392792,-1.0152331590652466,0.9925538897514343,0.4986167550086975,0.44753962755203247,-0.999348521232605,0.9868437051773071,0.7095573544502258,0.39438363909721375,-1.4116538763046265,0.9757726788520813,0.624830961227417,0.39342522621154785,-1.4680471420288086,0.9497766494750977,0.6943230628967285,0.37810930609703064,-1.4998623132705688,0.9200116991996765,0.6551313996315002,0.375482439994812,-1.5683681964874268,0.8449652194976807,0.6922579407691956,0.3770832121372223,-1.4298968315124512,0.9012157917022705,0.655578076839447,0.3742154538631439,-1.4951547384262085,0.7964151501655579,0.6909717917442322,0.3835159242153168,-1.3927425146102905,0.8222604393959045,0.6518345475196838,0.38153746724128723,-1.4508616924285889,0.6863524317741394,0.7098015546798706,0.505495011806488,-0.007843798957765102,0.9993181824684143,0.5919491648674011,0.504790723323822,0.007825417444109917,0.9994152188301086,0.7577007412910461,0.566605806350708,-0.762006402015686,0.9909470677375793,0.5316402316093445,0.5568601489067078,-0.7978854179382324,0.9913755059242249,0.7294734120368958,0.653044581413269,-0.2532661557197571,0.9841016530990601,0.5475125312805176,0.6506214737892151,-0.28671663999557495,0.992974579334259,0.7130658030509949,0.6627854108810425,-0.2212277501821518,0.8738226890563965,0.5643933415412903,0.6625268459320068,-0.25331777334213257,0.9152875542640686,0.743974506855011,0.687047004699707,-0.5543347001075745,0.9753825664520264,0.5348744988441467,0.6834900379180908,-0.5827630162239075,0.9854901432991028
21,squat,1,0.6683890223503113,0.3607095777988434,-0.9711719155311584,0.9999572038650513,0.6866657733917236,0.3524574637413025,-0.9307826161384583,0.9999060034751892,0.6952220797538757,0.3523592948913574,-0.9307246208190918,0.9999030828475952,0.7024737596511841,0.3523173928260803,-0.9309009313583374,0.9998846054077148,0.6566215753555298,0.35208070278167725,-0.9259539842605591,0.9998978972434998,0.6458112597465515,0.35153430700302124,-0.9261565804481506,0.9999005794525146,0.6373205184936523,0.35109907388687134,-0.9262214303016663,0.9998970627784729,0.713962972164154,0.35411304235458374,-0.6724771857261658,0.9998738765716553,0.625126838684082,0.35194939374923706,-0.6491327881813049,0.9998945593833923,0.6847410202026367,0.37271684408187866,-0.8727262020111084,0.9999403357505798,0.6485583186149597,0.37163475155830383,-0.8667497038841248,0.9999459385871887,0.757702648639679,0.3998233675956726,-0.5548199415206909,0.9995580315589905,0.5650608539581299,0.39874467253685,-0.5109794735908508,0.9996679425239563,0.8253153562545776,0.45681118965148926,-1.0116056203842163,0.9925739765167236,0.4977058172225952,0.45128878951072693,-1.003380537033081,0.9866078495979309,0.7095158696174622,0.3983460068702698,-1.400639533996582,0.9757583737373352,0.6248341798782349,0.39434024691581726,-1.459067463874817,0.9475882649421692,0.6940445303916931,0.38270196318626404,-1.4869102239608765,0.9203110337257385,0.6545594930648804,0.3769463896751404,-1.5569815635681152,0.8395956754684448,0.692158579826355,0.38124120235443115,-1.4165189266204834,0.9011551737785339,0.6550448536872864,0.37568557262420654,-1.4831886291503906,0.7886512875556946,0.6909106969833374,0.3870939314365387,-1.3816229104995728,0.8208533525466919,0.6511494517326355,0.3833543062210083,-1.441594123840332,0.6754330396652222,0.7093579173088074,0.5075570344924927,-0.008360527455806732,0.9993267059326172,0.5919240117073059,0.5073933601379395,0.008372976444661617,0.9994285702705383,0.7579155564308167,0.5660134553909302,-0.7616461515426636,0.9907494783401489,0.5307385325431824,0.5563997626304626,-0.7930053472518921,0.9909868240356445,0.7294714450836182,0.6528095602989197,-0.25674933195114136,0.9834342002868652,0.5476657748222351,0.6508077383041382,-0.29311731457710266,0.99283766746521,0.7133208513259888,0.662413477897644,-0.22448447346687317,0.8709428906440735,0.5647069215774536,0.6626198291778564,-0.26061615347862244,0.9151577353477478,0.7437188029289246,0.6868066191673279,-0.5542240738868713,0.9747079610824585,0.5349310636520386,0.6836888790130615,-0.5881900191307068,0.9852688908576965
22,squat,1,0.6666105389595032,0.36289411783218384,-0.9873971939086914,0.9999584555625916,0.6846829652786255,0.35456958413124084,-0.947023332118988,0.9999080896377563,0.6933227181434631,0.3544488251209259,-0.946962833404541,0.9999056458473206,0.700287401676178,0.3543824255466461,-0.9471407532691956,0.9998864531517029,0.6545419692993164,0.354242742061615,-0.9417187571525574,0.9999001026153564,0.6437687277793884,0.3537883460521698,-0.9419257640838623,0.9999037384986877,0.6355348229408264,0.3533882796764374,-0.9420013427734375,0.9998994469642639,0.7116655111312866,0.3557823598384857,-0.6868631839752197,0.9998775124549866,0.6237165331840515,0.3540792763233185,-0.6615191698074341,0.9998975396156311,0.6832880973815918,0.3747197687625885,-0.8881263136863708,0.9999423623085022,0.6464883089065552,0.37378913164138794,-0.881557822227478,0.9999478459358215,0.7568891644477844,0.401140421628952,-0.5645653009414673,0.9995537996292114,0.5641859173774719,0.4003696143627167,-0.5173713564872742,0.999660313129425,0.8247894048690796,0.45897677540779114,-1.018245816230774,0.9926104545593262,0.49646833539009094,0.45403599739074707,-1.0065083503723145,0.9864447712898254,0.708972692489624,0.4001992642879486,-1.4065827131271362,0.9759812355041504,0.6241044998168945,0.3969907760620117,-1.4656800031661987,0.9461817145347595,0.6934105157852173,0.3845970630645752,-1.4931247234344482,0.9213488101959229,0.6527130603790283,0.379888653755188,-1.5639028549194336,0.8361761569976807,0.6918450593948364,0.3830990791320801,-1.4224690198898315,0.9020538926124573,0.6537890434265137,0.3782331645488739,-1.4900827407836914,0.7833645939826965,0.6906170845031738,0.388942688703537,-1.3872014284133911,0.8209218978881836,0.6496299505233765,0.385699987411499,-1.4479960203170776,0.6673141717910767,0.7087258696556091,0.5087229609489441,-0.009221987798810005,0.9993273019790649,0.5916568040847778,0.5086676478385925,0.009268668480217457,0.9994337558746338,0.7578913569450378,0.5646616816520691,-0.7799407243728638,0.9904863238334656,0.5295313596725464,0.5562644004821777,-0.8064395189285278,0.9904929995536804,0.7292043566703796,0.6526358127593994,-0.25618621706962585,0.9826499819755554,0.5478023290634155,0.6509275436401367,-0.29044458270072937,0.9926444888114929,0.7134002447128296,0.6620427966117859,-0.22222472727298737,0.8672326803207397,0.5647494196891785,0.6626152396202087,-0.256423681974411,0.914698600769043,0.7424792647361755,0.6868405342102051,-0.5533450841903687,0.973872184753418,0.5349438786506653,0.6841230988502502,-0.5856123566627502,0.9848877787590027
23,squat,1,0.6657832860946655,0.36504194140434265,-0.9715591073036194,0.9999588131904602,0.6837202310562134,0.3567137122154236,-0.9315735697746277,0.9999082088470459,0.6924235820770264,0.356564998626709,-0.9315173625946045,0.9999061822891235,0.6992687582969666,0.3564470410346985,-0.9316924810409546,0.9998856782913208,0.6532350182533264,0.35641905665397644,-0.9269023537635803,0.9999001026153564,0.6422939896583557,0.35595330595970154,-0.9271038770675659,0.9999048709869385,0.6340648531913757,0.355564147233963,-0.9271772503852844,0.9998992681503296,0.7106536030769348,0.35760578513145447,-0.6725548505783081,0.9998778104782104,0.622204065322876,0.35617780685424805,-0.6498692631721497,0.9998974800109863,0.6826832294464111,0.37697720527648926,-0.8725735545158386,0.9999428391456604,0.6452673077583313,0.3761986196041107,-0.8666452169418335,0.9999483823776245,0.7564140558242798,0.40321123600006104,-0.5516006350517273,0.9995368123054504,0.5633114576339722,0.4030274748802185,-0.5068546533584595,0.9996400475502014,0.8244433403015137,0.46122369170188904,-0.9975153207778931,0.9925505518913269,0.4954211711883545,0.4573046863079071,-0.9863405227661133,0.9858952164649963,0.7087026834487915,0.40245330333709717,-1.3834909200668335,0.9760348200798035,0.6238370537757874,0.3995819389820099,-1.435394287109375,0.943863570690155,0.6933978796005249,0.386792927980423,-1.4708292484283447,0.9218143224716187,0.6523229479789734,0.3825659155845642,-1.531744360923767,0.8307017683982849,0.6917998790740967,0.3854202330112457,-1.4041451215744019,0.9022895097732544,0.6532511115074158,0.3809570372104645,-1.4594420194625854,0.7757145762443542,0.6906092166900635,0.39140379428863525,-1.365316390991211,0.8201903700828552,0.6489174365997314,0.38859960436820984,-1.4177019596099854,0.6568136811256409,0.7085087895393372,0.5103851556777954,-0.0093319620937109,0.9993287324905396,0.5912625789642334,0.5102930665016174,0.00939449854195118,0.9994351267814636,0.7582242488861084,0.5647631883621216,-0.778922975063324,0.9899798631668091,0.529235303401947,0.556245744228363,-0.8100113272666931,0.989846408367157,0.7289580702781677,0.6530435681343079,-0.25725218653678894,0.9815963506698608,0.5482417941093445,0.6509873867034912,-0.28928273916244507,0.9923993945121765,0.7133815288543701,0.662477433681488,-0.2228788137435913,0.8643574118614197,0.5651372671127319,0.6625903248786926,-0.25435006618499756,0.9141415953636169,0.7425279021263123,0.6871875524520874,-0.5479139089584351,0.9727107286453247,0.5351670980453491,0.6841951012611389,-0.5787584185600281,0.9843547940254211
24,squat,1,0.6652729511260986,0.3668912649154663,-0.9441679120063782,0.9999590516090393,0.6828881502151489,0.35856276750564575,-0.9046332836151123,0.9999090433120728,0.6915771961212158,0.35839182138442993,-0.9045993089675903,0.9999071955680847,0.6984086632728577,0.3582612872123718,-0.9047840237617493,0.9998860359191895,0.652266800403595,0.35815829038619995,-0.8983992338180542,0.9999006986618042,0.6413088440895081,0.3576757311820984,-0.8985838294029236,0.999906063079834,0.6331818103790283,0.3572612702846527,-0.8986503481864929,0.9998994469642639,0.7098790407180786,0.35933786630630493,-0.6556458473205566,0.9998786449432373,0.6213779449462891,0.357943058013916,-0.6269631385803223,0.9998975992202759,0.6823005676269531,0.37855321168899536,-0.8498373627662659,0.9999436736106873,0.6447647213935852,0.3775002062320709,-0.8421222567558289,0.9999490976333618,0.7562401294708252,0.4047592282295227,-0.5486771464347839,0.9995279312133789,0.5626769661903381,0.40486857295036316,-0.49306467175483704,0.9996265769004822,0.8239187598228455,0.4631243944168091,-0.9903486371040344,0.9925329089164734,0.49468567967414856,0.45984339714050293,-0.9718624949455261,0.9853787422180176,0.7085179686546326,0.4041895568370819,-1.3506383895874023,0.9765042066574097,0.6211493015289307,0.40377458930015564,-1.4092923402786255,0.9422316551208496,0.6932157278060913,0.3889743685722351,-1.4341788291931152,0.9234803318977356,0.6493286490440369,0.3864234685897827,-1.5015658140182495,0.8270024657249451,0.6917752027511597,0.3872324228286743,-1.3648371696472168,0.9041539430618286,0.6510599851608276,0.38468483090400696,-1.4282786846160889,0.7706047892570496,0.6905630826950073,0.3930046856403351,-1.3309482336044312,0.8225151300430298,0.6459173560142517,0.3926571011543274,-1.3907270431518555,0.6500799059867859,0.7085009813308716,0.5114715099334717,-0.009333361871540546,0.9993324875831604,0.5910046100616455,0.5114876627922058,0.00939709972590208,0.99943608045578,0.7590737342834473,0.564966082572937,-0.7691580653190613,0.9893239140510559,0.5290190577507019,0.5562297701835632,-0.8009249567985535,0.9890011548995972,0.7283525466918945,0.653555691242218,-0.27403947710990906,0.9803707003593445,0.547776997089386,0.6512265205383301,-0.29900193214416504,0.9919752478599548,0.7128407955169678,0.6634938716888428,-0.2418738752603531,0.8622457385063171,0.5641952753067017,0.6636994481086731,-0.26538026332855225,0.9128082990646362,0.7440720200538635,0.6876272559165955,-0.561449408531189,0.9713894724845886,0.535179853439331,0.6844257116317749,-0.5846961736679077,0.9835135340690613
25,squat,1,0.6647924780845642,0.36904239654541016,-0.9441781044006348,0.9999589920043945,0.6819885969161987,0.3608235716819763,-0.9045891165733337,0.9999098777770996,0.6906811594963074,0.3607307970523834,-0.9045535326004028,0.9999082684516907,0.6974013447761536,0.3606625497341156,-0.9047379493713379,0.9998865723609924,0.6517118215560913,0.36049169301986694,-0.8985214829444885,0.999901533126831,0.6406932473182678,0.36003851890563965,-0.8987072110176086,0.9999077916145325,0.6325425505638123,0.35966864228248596,-0.8987743854522705,0.999900221824646,0.7086061239242554,0.36235111951828003,-0.6550358533859253,0.9998800158500671,0.6205422282218933,0.36090803146362305,-0.6299110054969788,0.9998984932899475,0.6818385124206543,0.3806001543998718,-0.8500286340713501,0.9999447464942932,0.644430935382843,0.37921342253685,-0.8431236147880554,0.9999500513076782,0.7555006742477417,0.40870198607444763,-0.5462551116943359,0.9995077252388,0.5602390170097351,0.40928247570991516,-0.4997028410434723,0.9996106028556824,0.8233740329742432,0.46649762988090515,-0.9942167401313782,0.9925982356071472,0.492674857378006,0.4647154211997986,-0.9815258383750916,0.9850372672080994,0.7074364423751831,0.40820977091789246,-1.3606122732162476,0.9767826795578003,0.620762825012207,0.4076831638813019,-1.4161837100982666,0.941362738609314,0.6913037300109863,0.3931455612182617,-1.4436815977096558,0.9244043231010437,0.6486443281173706,0.3893965184688568,-1.5087722539901733,0.8252744674682617,0.6902158260345459,0.39152923226356506,-1.3702424764633179,0.904910683631897,0.6493618488311768,0.38786032795906067,-1.4345992803573608,0.7678263783454895,0.689244270324707,0.3967948257923126,-1.3393737077713013,0.8230882287025452,0.6443971395492554,0.39597365260124207,-1.3972634077072144,0.6459434032440186,0.7084383368492126,0.5129795074462891,-0.009361919946968555,0.999324381351471,0.5907920002937317,0.5132459402084351,0.009435489773750305,0.9994286894798279,0.7602428197860718,0.564948558807373,-0.7743096351623535,0.988649845123291,0.5284327268600464,0.5556546449661255,-0.8007227778434753,0.9879364967346191,0.7281050086021423,0.6543319225311279,-0.3056769371032715,0.9788677096366882,0.5477166175842285,0.6516290903091431,-0.327653706073761,0.9912537336349487,0.7127946019172668,0.6648120284080505,-0.275893896818161,0.8578397631645203,0.5637215375900269,0.6643911600112915,-0.2968347668647766,0.909641444683075,0.7446262836456299,0.6876729130744934,-0.5978607535362244,0.9697690010070801,0.5351830720901489,0.6844338178634644,-0.6152815222740173,0.9821546673774719
26,squat,1,0.6645192503929138,0.37134721875190735,-0.9220800995826721,0.9999589920043945,0.6815454959869385,0.3631904423236847,-0.8817126750946045,0.9999104142189026,0.690211832523346,0.3631459176540375,-0.8816739916801453,0.999908983707428,0.6968668699264526,0.3631386160850525,-0.8818504214286804,0.9998865127563477,0.6515772342681885,0.3626585602760315,-0.8771975040435791,0.9999022483825684,0.6405099630355835,0.36218416690826416,-0.8773795962333679,0.9999093413352966,0.6322686076164246,0.3617877662181854,-0.8774343132972717,0.9999008774757385,0.7077116370201111,0.36501213908195496,-0.6364986300468445,0.9998801946640015,0.6198589205741882,0.36307796835899353,-0.6164271831512451,0.9998989105224609,0.6813972592353821,0.3830470144748688,-0.829999566078186,0.9999454617500305,0.6442927718162537,0.3812530040740967,-0.8247907757759094,0.9999508261680603,0.7544354200363159,0.4114348292350769,-0.5353419184684753,0.999491274356842,0.558577299118042,0.41155919432640076,-0.49065375328063965,0.9995929598808289,0.8231280446052551,0.4696652293205261,-0.9720573425292969,0.992621660232544,0.49082183837890625,0.4683312773704529,-0.961245059967041,0.9847043752670288,0.706176221370697,0.41111278533935547,-1.329694390296936,0.9770857691764832,0.6205217242240906,0.41065964102745056,-1.3845309019088745,0.9411599040031433,0.6890498995780945,0.39645373821258545,-1.4104784727096558,0.9253689050674438,0.6480807065963745,0.39219486713409424,-1.4749507904052734,0.8250958919525146,0.6879136562347412,0.39480075240135193,-1.3366087675094604,0.9058053493499756,0.6478772163391113,0.390288382768631,-1.4006121158599854,0.7670292258262634,0.6873819828033447,0.3997807800769806,-1.3078593015670776,0.8239591121673584,0.6427596211433411,0.39839547872543335,-1.364741563796997,0.6439693570137024,0.7080299258232117,0.5144829750061035,-0.009590702131390572,0.9993125796318054,0.5902748703956604,0.5149968862533569,0.009681436233222485,0.9994179606437683,0.7609929442405701,0.5657128095626831,-0.7681595683097839,0.98775714635849,0.5265640616416931,0.5554934144020081,-0.798242449760437,0.9868585467338562,0.7280772924423218,0.6547427773475647,-0.29913216829299927,0.9772077798843384,0.5477240085601807,0.6516247987747192,-0.3202166259288788,0.9905134439468384,0.7128059267997742,0.6655725240707397,-0.26878222823143005,0.8531337380409241,0.5637102723121643,0.6643597483634949,-0.2882872521877289,0.9066150188446045,0.745292603969574,0.6878377199172974,-0.5844948291778564,0.9679239392280579,0.535190761089325,0.6843265295028687,-0.6003900766372681,0.9806824922561646
27,squat,1,0.6637981534004211,0.37370455265045166,-0.9593797326087952,0.9999603033065796,0.6807866096496582,0.36557888984680176,-0.9190622568130493,0.9999131560325623,0.6894728541374207,0.36552494764328003,-0.919018566608429,0.9999121427536011,0.6961184740066528,0.3655221164226532,-0.9191932082176208,0.9998888969421387,0.6509361267089844,0.36508285999298096,-0.9137565493583679,0.9999054670333862,0.6399111151695251,0.364651620388031,-0.9139496684074402,0.999913215637207,0.6317131519317627,0.3642925024032593,-0.9139971733093262,0.9999040365219116,0.7069295644760132,0.36743828654289246,-0.6700704097747803,0.9998836517333984,0.6192518472671509,0.3655847907066345,-0.6468930840492249,0.999902606010437,0.6808570027351379,0.38548317551612854,-0.8657718896865845,0.999947726726532,0.643821656703949,0.3835923373699188,-0.8597113490104675,0.9999530911445618,0.753862202167511,0.41384854912757874,-0.5583148002624512,0.9994861483573914,0.5575539469718933,0.4138672649860382,-0.5106268525123596,0.9995898008346558,0.822830855846405,0.47240349650382996,-1.0076844692230225,0.9927828907966614,0.4894161522388458,0.4713851511478424,-0.9922046065330505,0.9846779108047485,0.7057086229324341,0.413820743560791,-1.3770605325698853,0.9778696894645691,0.6193557977676392,0.4140152931213379,-1.4371305704116821,0.9420487284660339,0.6879469156265259,0.39914390444755554,-1.4600969552993774,0.9278096556663513,0.6454052925109863,0.395229697227478,-1.5317744016647339,0.8277239203453064,0.6869974732398987,0.3973323702812195,-1.3861238956451416,0.9085148572921753,0.6454359889030457,0.39325886964797974,-1.4555679559707642,0.7695955038070679,0.6866305470466614,0.40238291025161743,-1.3552857637405396,0.8276786208152771,0.6404483914375305,0.4015343487262726,-1.41707444190979,0.6459702849388123,0.7073483467102051,0.5162273645401001,-0.01021595299243927,0.9993166327476501,0.5891386270523071,0.5166975855827332,0.01033987756818533,0.9994239211082458,0.7609396576881409,0.5656847357749939,-0.7919814586639404,0.9872518181800842,0.5247393846511841,0.5543161630630493,-0.8278212547302246,0.9863597750663757,0.7280233502388,0.654971718788147,-0.3170388638973236,0.9763404726982117,0.5477237701416016,0.651644229888916,-0.3455698788166046,0.9902620911598206,0.7127957940101624,0.6658142805099487,-0.28671273589134216,0.8516526222229004,0.5637021064758301,0.6643179059028625,-0.31353840231895447,0.9062919616699219,0.7454861402511597,0.687890887260437,-0.611304759979248,0.9671618342399597,0.5351740717887878,0.6842943429946899,-0.6334705948829651,0.9800741672515869
28,squat,1,0.6628356575965881,0.37631213665008545,-1.0639081001281738,0.9999624490737915,0.6796966791152954,0.3680935204029083,-1.0225735902786255,0.9999175071716309,0.688453733921051,0.36796092987060547,-1.0225372314453125,0.9999170899391174,0.6952423453330994,0.3678848147392273,-1.0227229595184326,0.999893307685852,0.6497648358345032,0.367566853761673,-1.016964077949524,0.9999101758003235,0.6388828158378601,0.36710962653160095,-1.0171822309494019,0.999918520450592,0.6308274269104004,0.36674654483795166,-1.0172268152236938,0.9999090433120728,0.7063862085342407,0.3694451153278351,-0.7555686831474304,0.9998897314071655,0.618558943271637,0.3677731156349182,-0.7314087748527527,0.9999088048934937,0.6802560687065125,0.3880780041217804,-0.9628995656967163,0.9999508857727051,0.6430894732475281,0.38614964485168457,-0.9565837979316711,0.9999561309814453,0.7534641623497009,0.41518959403038025,-0.6181657314300537,0.9994974136352539,0.5565773844718933,0.41572487354278564,-0.571013331413269,0.9995982646942139,0.8222339153289795,0.4748314321041107,-1.0943523645401,0.9930411577224731,0.4878304898738861,0.47442853450775146,-1.0722347497940063,0.9849649667739868,0.7057411074638367,0.4164731502532959,-1.5006818771362305,0.9788386821746826,0.6175949573516846,0.4173467755317688,-1.550767183303833,0.9440369606018066,0.6879379749298096,0.40158507227897644,-1.5895417928695679,0.9306281208992004,0.6438114047050476,0.39823558926582336,-1.651235818862915,0.8331376910209656,0.6868622303009033,0.3995264768600464,-1.5173429250717163,0.9116706848144531,0.644177258014679,0.3961319923400879,-1.5715659856796265,0.775567352771759,0.6865194439888,0.4047171175479889,-1.4808423519134521,0.8318042159080505,0.6391372680664062,0.40457555651664734,-1.5300644636154175,0.6515346765518188,0.7070443630218506,0.5170688629150391,-0.010224458761513233,0.9993362426757812,0.588078498840332,0.5176449418067932,0.0103515749797225,0.9994440674781799,0.760912299156189,0.5656996965408325,-0.8230094909667969,0.9869846105575562,0.524437665939331,0.5529998540878296,-0.8636057376861572,0.9860303401947021,0.7279568910598755,0.6552272439002991,-0.32653409242630005,0.9757480025291443,0.547566831111908,0.6522380709648132,-0.37198325991630554,0.9903254508972168,0.712804913520813,0.6660737991333008,-0.29551342129707336,0.8523419499397278,0.5628697872161865,0.6650233864784241,-0.34030500054359436,0.9072837829589844,0.7458867430686951,0.6878938674926758,-0.6334407329559326,0.9669628143310547,0.5351794362068176,0.6845996975898743,-0.678449809551239,0.980125904083252
29,squat,1,0.6634567975997925,0.3795306384563446,-1.1459721326828003,0.9999640583992004,0.6797827482223511,0.37078091502189636,-1.1018680334091187,0.9999199509620667,0.6885232925415039,0.37045273184776306,-1.1018482446670532,0.9999205470085144,0.6952974796295166,0.37026625871658325,-1.1020417213439941,0.9998939037322998,0.6498768329620361,0.37109214067459106,-1.0981203317642212,0.9999123811721802,0.6390584111213684,0.370729923248291,-1.0983418226242065,0.9999224543571472,0.6309588551521301,0.3704400360584259,-1.09837806224823,0.9999117255210876,0.7063234448432922,0.3719174861907959,-0.8148582577705383,0.9998937249183655,0.618327260017395,0.3714655041694641,-0.7993952035903931,0.9999141097068787,0.6804269552230835,0.3903389871120453,-1.0374120473861694,0.99995356798172,0.644197404384613,0.39020824432373047,-1.0336649417877197,0.9999587535858154,0.7534942030906677,0.4181062579154968,-0.665579080581665,0.9995113611221313,0.5553407669067383,0.4176470637321472,-0.627169132232666,0.9996098875999451,0.8218991756439209,0.4790540933609009,-1.166141390800476,0.9932928681373596,0.487473726272583,0.4777103662490845,-1.148414134979248,0.9855143427848816,0.7047746181488037,0.4188518226146698,-1.5989943742752075,0.9798145890235901,0.6177237629890442,0.4160919189453125,-1.6430245637893677,0.9469375014305115,0.6871844530105591,0.4035486876964569,-1.6938790082931519,0.9335000514984131,0.6439167261123657,0.39722710847854614,-1.7467645406723022,0.8412795066833496,0.6866520047187805,0.4012896716594696,-1.6197508573532104,0.9148925542831421,0.644404411315918,0.39442500472068787,-1.6655973196029663,0.785385012626648,0.6861802935600281,0.406926691532135,-1.579513669013977,0.8359184861183167,0.6394345760345459,0.4024849236011505,-1.6217713356018066,0.6622966527938843,0.7063318490982056,0.5189716219902039,-0.009888073429465294,0.9993622899055481,0.5856919288635254,0.5200001001358032,0.01003890298306942,0.9994685053825378,0.759990930557251,0.5641314387321472,-0.8874344229698181,0.9869356751441956,0.5234768390655518,0.5515986084938049,-0.9115954637527466,0.9856151938438416,0.7279501557350159,0.6554751396179199,-0.37259170413017273,0.9755314588546753,0.5470491051673889,0.652339518070221,-0.40328559279441833,0.9904516339302063,0.7129281759262085,0.6662762761116028,-0.34121742844581604,0.8552173376083374,0.5623437166213989,0.6653186082839966,-0.37159356474876404,0.9085283279418945,0.7461914420127869,0.6878921389579773,-0.6975167393684387,0.967383861541748,0.5347663760185242,0.68523770570755,-0.7302389740943909,0.9803550243377686
30,squat,1,0.6635168194770813,0.382104754447937,-1.1483097076416016,0.9999649524688721,0.6798977851867676,0.3730858266353607,-1.1045629978179932,0.9999207258224487,0.6885830760002136,0.3727213740348816,-1.104541301727295,0.9999225735664368,0.695392370223999,0.372507244348526,-1.1047303676605225,0.9998916983604431,0.6499675512313843,0.37365272641181946,-1.1008167266845703,0.9999127388000488,0.6390894055366516,0.3733845055103302,-1.1010410785675049,0.9999250769615173,0.6308744549751282,0.37319180369377136,-1.1010850667953491,0.9999125599861145,0.7060981392860413,0.3743777871131897,-0.8191646337509155,0.9998953342437744,0.6178700923919678,0.3746400475502014,-0.8038855195045471,0.9999179840087891,0.6804654598236084,0.392834335565567,-1.0403302907943726,0.9999555349349976,0.644569456577301,0.3930817246437073,-1.036620020866394,0.999960720539093,0.7535074353218079,0.420687198638916,-0.6701916456222534,0.9995179176330566,0.554710328578949,0.4199067950248718,-0.6351896524429321,0.9996200203895569,0.821408748626709,0.4818054437637329,-1.1682343482971191,0.9934442043304443,0.4867423176765442,0.48032665252685547,-1.1554595232009888,0.9860137701034546,0.7039961218833923,0.4211679697036743,-1.5961989164352417,0.9805595874786377,0.61790531873703,0.41758713126182556,-1.6427767276763916,0.9495589137077332,0.6863558888435364,0.4056241512298584,-1.6899051666259766,0.9357207417488098,0.6441110968589783,0.39860469102859497,-1.7452350854873657,0.8486945033073425,0.686204195022583,0.4033350646495819,-1.61538565158844,0.9172662496566772,0.6445809006690979,0.39579153060913086,-1.6635818481445312,0.7942609786987305,0.6856771111488342,0.4091103672981262,-1.576413631439209,0.8385666608810425,0.6395650506019592,0.4036649167537689,-1.6210706233978271,0.6718387603759766,0.7061285972595215,0.5208843946456909,-0.009334143251180649,0.9993850588798523,0.584495484828949,0.521916925907135,0.009507476352155209,0.9994903206825256,0.7583329677581787,0.562235951423645,-0.9013481736183167,0.9868760704994202,0.5223124027252197,0.550883948802948,-0.9167073965072632,0.98515385389328,0.7277585864067078,0.6557503938674927,-0.3931887149810791,0.975446879863739,0.5467380881309509,0.6523752212524414,-0.41404348611831665,0.990562379360199,0.7128736972808838,0.6668853163719177,-0.3621525466442108,0.8588442802429199,0.5617687106132507,0.6653375029563904,-0.3828184902667999,0.9098438024520874,0.7464074492454529,0.6873842477798462,-0.7182225584983826,0.9679610729217529,0.5345832109451294,0.6851155161857605,-0.7411928772926331,0.9806060194969177
31,squat,1,0.6634841561317444,0.3842798173427582,-1.147152304649353,0.9999657273292542,0.6797576546669006,0.37520965933799744,-1.104119062423706,0.9999212622642517,0.6884350776672363,0.37482982873916626,-1.1040936708450317,0.9999244809150696,0.6953114867210388,0.3745773732662201,-1.1042855978012085,0.9998898506164551,0.6496145725250244,0.37582921981811523,-1.1003186702728271,0.9999122619628906,0.6387260556221008,0.37556418776512146,-1.1005381345748901,0.9999270439147949,0.6304544806480408,0.37538307905197144,-1.100577473640442,0.9999125599861145,0.7058507204055786,0.3764146566390991,-0.8204069137573242,0.999897301197052,0.6171644926071167,0.3768830895423889,-0.804480254650116,0.9999210238456726,0.6804389953613281,0.39495381712913513,-1.0395766496658325,0.9999574422836304,0.6446389555931091,0.39527273178100586,-1.0356802940368652,0.9999624490737915,0.7535186409950256,0.42296069860458374,-0.671862781047821,0.9995302557945251,0.554202139377594,0.4217652678489685,-0.6392988562583923,0.9996293783187866,0.8208939433097839,0.48445847630500793,-1.1746538877487183,0.993587851524353,0.48626628518104553,0.4820960462093353,-1.1655523777008057,0.9864386916160583,0.7032983303070068,0.42348402738571167,-1.605875849723816,0.9812020063400269,0.6184471249580383,0.41942116618156433,-1.653072714805603,0.9516998529434204,0.6857463717460632,0.40786129236221313,-1.7000563144683838,0.9376363754272461,0.644241988658905,0.400679349899292,-1.7551237344741821,0.8547948002815247,0.6858028173446655,0.4055961072444916,-1.6241741180419922,0.9193036556243896,0.6447227597236633,0.39790603518486023,-1.6730554103851318,0.8013820052146912,0.6851343512535095,0.4114460051059723,-1.585771918296814,0.8406395316123962,0.6396473050117493,0.40561217069625854,-1.6312923431396484,0.6787822842597961,0.7058791518211365,0.5224507451057434,-0.008723566308617592,0.9994087219238281,0.5838358998298645,0.5238234400749207,0.008916015736758709,0.999509334564209,0.7574729919433594,0.5603103637695312,-0.9173438549041748,0.9868832230567932,0.5219555497169495,0.5504066348075867,-0.9202052354812622,0.9845671653747559,0.7277986407279968,0.6553593873977661,-0.4050731062889099,0.9754335880279541,0.5464146733283997,0.6516548991203308,-0.41456031799316406,0.9905523657798767,0.7129879593849182,0.666610836982727,-0.3733329176902771,0.8619102239608765,0.5616705417633057,0.6638342142105103,-0.38279032707214355,0.9103528261184692,0.746148943901062,0.6858566403388977,-0.7299391031265259,0.9685513973236084,0.5343093276023865,0.6849506497383118,-0.7406203150749207,0.9807131886482239
32,squat,1,0.6629027724266052,0.3870794177055359,-1.1775097846984863,0.9999662637710571,0.6790936589241028,0.37783709168434143,-1.1353622674942017,0.9999210834503174,0.6878505349159241,0.3774048686027527,-1.1353379487991333,0.9999257326126099,0.6948075294494629,0.37707364559173584,-1.1355351209640503,0.9998857378959656,0.6487367153167725,0.37836703658103943,-1.1312110424041748,0.9999110698699951,0.6380224823951721,0.37805476784706116,-1.1314302682876587,0.9999285936355591,0.6298189759254456,0.3778309226036072,-1.131469488143921,0.9999117851257324,0.7053717374801636,0.3785969018936157,-0.8471841812133789,0.9998977780342102,0.6164273023605347,0.37907060980796814,-0.8302880525588989,0.9999240040779114,0.6799914240837097,0.3977268636226654,-1.0676130056381226,0.9999592900276184,0.6446304321289062,0.3979451656341553,-1.0634559392929077,0.9999642968177795,0.7534751892089844,0.4248862564563751,-0.6884617209434509,0.9995424747467041,0.5531256794929504,0.4236776530742645,-0.6540716290473938,0.999643862247467,0.820196270942688,0.4869302809238434,-1.2019445896148682,0.9937227964401245,0.48531296849250793,0.48447883129119873,-1.1835919618606567,0.986877977848053,0.7028132081031799,0.42580175399780273,-1.6484708786010742,0.9818231463432312,0.6185079216957092,0.4228813350200653,-1.6813557147979736,0.9538447856903076,0.6851089000701904,0.4107399880886078,-1.745610237121582,0.9395098686218262,0.644311249256134,0.4039008617401123,-1.785143256187439,0.8609777092933655,0.6851790547370911,0.4082406163215637,-1.6700096130371094,0.9212934374809265,0.6448052525520325,0.4012603759765625,-1.7028385400772095,0.8087378144264221,0.6845579147338867,0.41380801796913147,-1.6289814710617065,0.8426995873451233,0.6397603750228882,0.40891340374946594,-1.6593612432479858,0.686383068561554,0.7058133482933044,0.5242168307304382,-0.008351301774382591,0.9994333982467651,0.5831652879714966,0.5255836248397827,0.008562416769564152,0.9995316863059998,0.7570047378540039,0.5593611001968384,-0.9408658146858215,0.9869177937507629,0.5220262408256531,0.5496641397476196,-0.9403149485588074,0.9840403199195862,0.727813184261322,0.6550145745277405,-0.43140584230422974,0.9754096865653992,0.545808732509613,0.6516880989074707,-0.4400944411754608,0.9906176328659058,0.7129790782928467,0.666104793548584,-0.4000072777271271,0.8658360838890076,0.5606362819671631,0.6643692851066589,-0.4092768430709839,0.9116150736808777,0.7467113137245178,0.6856077909469604,-0.7612356543540955,0.9691991806030273,0.5337176322937012,0.6848501563072205,-0.7760127782821655,0.9809257388114929
33,squat,1,0.6620314717292786,0.3894265592098236,-1.1677683591842651,0.9999660849571228,0.6782263517379761,0.38025814294815063,-1.125945806503296,0.9999191164970398,0.6870649456977844,0.3797972798347473,-1.1259275674819946,0.999925434589386,0.6940282583236694,0.37943944334983826,-1.126129150390625,0.9998789429664612,0.6477409601211548,0.38063615560531616,-1.1220358610153198,0.9999076128005981,0.6372122764587402,0.38024282455444336,-1.1222370862960815,0.9999284744262695,0.6291362643241882,0.3799494504928589,-1.122270107269287,0.9999085664749146,0.7045563459396362,0.38070911169052124,-0.8378497958183289,0.9998965859413147,0.6157962679862976,0.38090571761131287,-0.8215942978858948,0.9999254941940308,0.6791032552719116,0.399915486574173,-1.0576955080032349,0.9999605417251587,0.644334614276886,0.39977091550827026,-1.0537163019180298,0.9999656081199646,0.7530267238616943,0.42686915397644043,-0.6789838671684265,0.9995501041412354,0.5520457029342651,0.4253053665161133,-0.6444404721260071,0.9996547102928162,0.8190650939941406,0.4889076054096222,-1.1980631351470947,0.9938272833824158,0.4843613803386688,0.4863756597042084,-1.1766178607940674,0.9871082305908203,0.7025662064552307,0.4280959665775299,-1.6524271965026855,0.982276976108551,0.6184774041175842,0.42564791440963745,-1.6823664903640747,0.9552368521690369,0.6848170757293701,0.413278192281723,-1.7505981922149658,0.9408707618713379,0.6444104313850403,0.40704089403152466,-1.7867231369018555,0.8652133345603943,0.6846770644187927,0.41089749336242676,-1.674859642982483,0.9226443767547607,0.6447975039482117,0.4045048654079437,-1.706324577331543,0.8135404586791992,0.6840606927871704,0.4161984324455261,-1.633368730545044,0.8436423540115356,0.6397927403450012,0.4121188521385193,-1.661526083946228,0.6904922127723694,0.7051060795783997,0.5265620350837708,-0.00811513140797615,0.9994528293609619,0.5825974345207214,0.5279266238212585,0.008337710984051228,0.9995507001876831,0.7570009231567383,0.5573522448539734,-0.9426499605178833,0.9870814085006714,0.521502673625946,0.5490303635597229,-0.9449669122695923,0.983659029006958,0.7278954386711121,0.6542533040046692,-0.45483866333961487,0.9755682349205017,0.5457704067230225,0.6516891717910767,-0.45991864800453186,0.9906811118125916,0.7129725217819214,0.6645980477333069,-0.42565280199050903,0.8700322508811951,0.5606482028961182,0.664422869682312,-0.43075987696647644,0.9134325981140137,0.7457411289215088,0.6849142909049988,-0.7894665598869324,0.9699908494949341,0.5329156517982483,0.6839861869812012,-0.7987085580825806,0.9811957478523254
34,squat,1,0.6615182161331177,0.393084317445755,-1.1841106414794922,0.999966561794281,0.6774764657020569,0.38372379541397095,-1.1427024602890015,0.9999188780784607,0.6863051652908325,0.3832515478134155,-1.1426786184310913,0.9999265670776367,0.6932048797607422,0.3828759789466858,-1.1428718566894531,0.9998751282691956,0.646833598613739,0.38409504294395447,-1.1388463973999023,0.9999064803123474,0.6364074349403381,0.3837744891643524,-1.1390588283538818,0.9999297261238098,0.6283639073371887,0.38345104455947876,-1.1390891075134277,0.9999076724052429,0.7035269141197205,0.3842819035053253,-0.8532594442367554,0.9998971819877625,0.6153922080993652,0.3845125436782837,-0.8380463123321533,0.9999281764030457,0.6782411336898804,0.4034004211425781,-1.0734243392944336,0.9999621510505676,0.6441961526870728,0.40323469042778015,-1.0697588920593262,0.9999672770500183,0.7526708245277405,0.4304333031177521,-0.690801739692688,0.999563992023468,0.550736129283905,0.42875269055366516,-0.6555141806602478,0.9996694326400757,0.8178008198738098,0.4925406277179718,-1.2151809930801392,0.9940363764762878,0.4831407964229584,0.48954445123672485,-1.1870298385620117,0.9874879121780396,0.7021682262420654,0.4323970377445221,-1.6720637083053589,0.9830312728881836,0.6184861660003662,0.4298114776611328,-1.6907446384429932,0.9570521116256714,0.6842085719108582,0.41773441433906555,-1.7699905633926392,0.943036675453186,0.6444898843765259,0.41136065125465393,-1.7947165966033936,0.8703563213348389,0.6840547919273376,0.4147760272026062,-1.6935771703720093,0.9251071810722351,0.6448609232902527,0.40871933102607727,-1.7128714323043823,0.8197031021118164,0.6835951805114746,0.4201546311378479,-1.6525300741195679,0.8469147086143494,0.6398850679397583,0.41631630063056946,-1.6689236164093018,0.6970261931419373,0.7047522664070129,0.5295459032058716,-0.00799871701747179,0.9994738101959229,0.5819000601768494,0.5307583808898926,0.008229161612689495,0.9995719194412231,0.7570202350616455,0.5575291514396667,-0.9459035396575928,0.9872236251831055,0.5206574201583862,0.5490317344665527,-0.956203818321228,0.9834442734718323,0.7279200553894043,0.654450535774231,-0.4649598300457001,0.9756932258605957,0.545660674571991,0.6519908308982849,-0.475613534450531,0.9908062219619751,0.7129916548728943,0.6649158000946045,-0.4365232288837433,0.8742696046829224,0.5604397654533386,0.6647762656211853,-0.44694751501083374,0.9155969023704529,0.7453063130378723,0.6849853992462158,-0.8002209663391113,0.9707363843917847,0.5315001606941223,0.6838042736053467,-0.8144713640213013,0.9815535545349121
35,squat,1,0.6608580350875854,0.39521217346191406,-1.1613203287124634,0.9999657273292542,0.6767599582672119,0.38598141074180603,-1.1208463907241821,0.9999151229858398,0.685589611530304,0.3854838013648987,-1.1208233833312988,0.9999246001243591,0.6924463510513306,0.38510972261428833,-1.1210216283798218,0.9998653531074524,0.6461939215660095,0.38645604252815247,-1.1169856786727905,0.9999011754989624,0.635901927947998,0.38614621758461,-1.117186427116394,0.9999280571937561,0.6279323101043701,0.38584232330322266,-1.117216944694519,0.999902606010437,0.7026242613792419,0.38670384883880615,-0.8362718224525452,0.9998931288719177,0.6150867342948914,0.38711071014404297,-0.8205569386482239,0.9999285340309143,0.6773947477340698,0.40526068210601807,-1.0523089170455933,0.9999628663063049,0.6439627408981323,0.4051881432533264,-1.0484737157821655,0.9999681115150452,0.7523906230926514,0.4325600266456604,-0.6768127083778381,0.9995743036270142,0.5501936078071594,0.43067318201065063,-0.6429941058158875,0.9996863603591919,0.8167670965194702,0.49464496970176697,-1.1979265213012695,0.9941399693489075,0.4820801913738251,0.4913356602191925,-1.1706666946411133,0.9878544211387634,0.7018327116966248,0.43446508049964905,-1.655052661895752,0.9834136962890625,0.6175757050514221,0.43211543560028076,-1.6717166900634766,0.9585891366004944,0.6838226318359375,0.41960281133651733,-1.753485918045044,0.9441387057304382,0.6436551213264465,0.41345226764678955,-1.7751599550247192,0.8747851848602295,0.6836223602294922,0.41679441928863525,-1.6764333248138428,0.9262083768844604,0.6441746354103088,0.4109325110912323,-1.6960110664367676,0.8250638246536255,0.683196485042572,0.42227116227149963,-1.6355187892913818,0.8477019667625427,0.63938969373703,0.4186724126338959,-1.651038408279419,0.7028869986534119,0.7043691277503967,0.5314779281616211,-0.007746566087007523,0.9994926452636719,0.5816190838813782,0.5325543880462646,0.007991159334778786,0.9995906352996826,0.7567059397697449,0.5574337840080261,-0.946882426738739,0.9871821999549866,0.5201758742332458,0.5488126873970032,-0.9498725533485413,0.9828845262527466,0.7279260158538818,0.654757022857666,-0.4885014295578003,0.9754608273506165,0.5456172823905945,0.6520096659660339,-0.48303622007369995,0.9906434416770935,0.7130224704742432,0.6653034090995789,-0.4620714783668518,0.8776634931564331,0.5604386925697327,0.6648107171058655,-0.45564794540405273,0.9165561199188232,0.7457641959190369,0.6850178241729736,-0.8237621188163757,0.9711608290672302,0.5314751863479614,0.6830499172210693,-0.8210967183113098,0.9814984202384949
36,squat,1,0.6592329144477844,0.39697039127349854,-1.1851739883422852,0.9999660849571228,0.6755787134170532,0.38785284757614136,-1.1441320180892944,0.999914288520813,0.6844836473464966,0.3873298466205597,-1.1441140174865723,0.9999251365661621,0.691377580165863,0.3869349956512451,-1.1443203687667847,0.999860942363739,0.644817590713501,0.3882956802845001,-1.139949083328247,0.9998986721038818,0.6348208785057068,0.3878920376300812,-1.140138030052185,0.9999282360076904,0.6270869970321655,0.3875429332256317,-1.140149712562561,0.9999004006385803,0.7016867399215698,0.38830840587615967,-0.851900041103363,0.9998929500579834,0.6145912408828735,0.38847723603248596,-0.8346548080444336,0.9999305009841919,0.6759403944015503,0.40685543417930603,-1.073149561882019,0.9999646544456482,0.6425257921218872,0.40662771463394165,-1.0688647031784058,0.9999697208404541,0.752018392086029,0.43406957387924194,-0.6826639771461487,0.9995951652526855,0.5498796105384827,0.43155428767204285,-0.6480518579483032,0.9997051358222961,0.8158828020095825,0.49667125940322876,-1.2189148664474487,0.9943073391914368,0.48146411776542664,0.49352505803108215,-1.182776927947998,0.9882377982139587,0.7015030384063721,0.43671128153800964,-1.7005008459091187,0.9839677810668945,0.6169443726539612,0.43362388014793396,-1.7004635334014893,0.9602370858192444,0.6836220026016235,0.4220474064350128,-1.8025239706039429,0.9458081722259521,0.6431086659431458,0.4148772358894348,-1.8068974018096924,0.8794881105422974,0.6833593845367432,0.4190177917480469,-1.7262409925460815,0.9281575083732605,0.6434202790260315,0.41235610842704773,-1.727084755897522,0.8309583067893982,0.6829208731651306,0.42425382137298584,-1.6818432807922363,0.8502122759819031,0.6387303471565247,0.420131117105484,-1.6797348260879517,0.709590494632721,0.7038416862487793,0.5324381589889526,-0.007591764442622662,0.9995154142379761,0.5811732411384583,0.53370600938797,0.007840773090720177,0.9996099472045898,0.7561572790145874,0.5573272109031677,-0.9701160192489624,0.9871987700462341,0.5198867917060852,0.5486350655555725,-0.9717585444450378,0.9822165369987488,0.7280868887901306,0.6546362042427063,-0.5128563642501831,0.9750725030899048,0.5452914237976074,0.6520901322364807,-0.5108191967010498,0.9904066324234009,0.7130040526390076,0.6652060747146606,-0.48738300800323486,0.8802945613861084,0.5596412420272827,0.6649166345596313,-0.48483067750930786,0.9172074198722839,0.7461474537849426,0.6850638389587402,-0.8569765090942383,0.9714920520782471,0.531641960144043,0.6830661296844482,-0.8612307906150818,0.9814616441726685
37,squat,1,0.6585822701454163,0.3983021378517151,-1.182288408279419,0.9999662041664124,0.6750771999359131,0.38954657316207886,-1.1410558223724365,0.999913215637207,0.683933675289154,0.3890952467918396,-1.1410350799560547,0.9999252557754517,0.6908390522003174,0.3887583315372467,-1.1412403583526611,0.9998568296432495,0.6443107724189758,0.3898491859436035,-1.1372997760772705,0.9998959302902222,0.6343742609024048,0.3893892765045166,-1.1374825239181519,0.9999279379844666,0.6267992854118347,0.3890340030193329,-1.1374850273132324,0.9998979568481445,0.7010399699211121,0.390197217464447,-0.8498122096061707,0.9998922348022461,0.6143163442611694,0.38992035388946533,-0.8340731859207153,0.9999318718910217,0.6751509308815002,0.4083508551120758,-1.0708919763565063,0.9999660849571228,0.6416569948196411,0.40798690915107727,-1.0670154094696045,0.9999709725379944,0.7511103749275208,0.43586987257003784,-0.6823258996009827,0.9996142387390137,0.5497556924819946,0.43301865458488464,-0.6474311947822571,0.9997220635414124,0.8146650195121765,0.49810492992401123,-1.218567132949829,0.9944530129432678,0.4812350869178772,0.49504995346069336,-1.1818842887878418,0.9885649681091309,0.7011153697967529,0.438289076089859,-1.6992355585098267,0.9844210147857666,0.6165158152580261,0.4341007471084595,-1.697596549987793,0.9617018699645996,0.6833874583244324,0.4235416650772095,-1.8015142679214478,0.9471942782402039,0.642753541469574,0.41504454612731934,-1.803560733795166,0.8837110996246338,0.6832017302513123,0.42065173387527466,-1.725723385810852,0.9297534227371216,0.6428743004798889,0.4122072458267212,-1.7249701023101807,0.8362448215484619,0.6826940178871155,0.425797700881958,-1.6809484958648682,0.8522163033485413,0.6381329298019409,0.42023593187332153,-1.6773781776428223,0.7157664895057678,0.7035670876502991,0.5327960848808289,-0.007602850906550884,0.9995378255844116,0.5810239911079407,0.534141480922699,0.007852436043322086,0.9996291995048523,0.7559055685997009,0.5569053292274475,-0.9628737568855286,0.9872870445251465,0.5196395516395569,0.5485079288482666,-0.9605030417442322,0.9816499948501587,0.7280969023704529,0.6544719934463501,-0.5229470729827881,0.9749854207038879,0.5453171730041504,0.6521649360656738,-0.5110349655151367,0.9902236461639404,0.7129999995231628,0.6651920080184937,-0.49926307797431946,0.8833956122398376,0.5599048137664795,0.6651589870452881,-0.4863682985305786,0.9182936549186707,0.745638370513916,0.6852479577064514,-0.8651068806648254,0.9720202684402466,0.5318610072135925,0.6829421520233154,-0.8583533763885498,0.9814954400062561
38,squat,1,0.6575086712837219,0.40078574419021606,-1.1885226964950562,0.9999648332595825,0.6741026043891907,0.39194658398628235,-1.1480307579040527,0.9999071359634399,0.6829437613487244,0.3914760947227478,-1.1480120420455933,0.9999215602874756,0.6898006200790405,0.3911275267601013,-1.1482173204421997,0.9998423457145691,0.6430714130401611,0.39224258065223694,-1.1441231966018677,0.9998871088027954,0.6333165764808655,0.3917846381664276,-1.1443121433258057,0.9999243021011353,0.6257402896881104,0.3913708031177521,-1.1443337202072144,0.9998897314071655,0.6999226808547974,0.3924851715564728,-0.8562387824058533,0.9998849630355835,0.6138046383857727,0.392117977142334,-0.8405989408493042,0.9999303221702576,0.6740612387657166,0.41067764163017273,-1.0763052701950073,0.9999660849571228,0.6407142877578735,0.4102064371109009,-1.0724915266036987,0.9999711513519287,0.750017523765564,0.43749845027923584,-0.6839737296104431,0.9996275901794434,0.5484935641288757,0.4348219931125641,-0.6513462066650391,0.9997350573539734,0.8137932419776917,0.5000101327896118,-1.2087645530700684,0.9945006370544434,0.48075082898139954,0.4972666800022125,-1.1791486740112305,0.988771378993988,0.6995056867599487,0.4401492476463318,-1.6787561178207397,0.9846327900886536,0.6159627437591553,0.43720152974128723,-1.6872268915176392,0.9626533389091492,0.6828237175941467,0.4250514805316925,-1.7787151336669922,0.9477568864822388,0.6426356434822083,0.41808292269706726,-1.7914214134216309,0.8863692879676819,0.6825737357139587,0.42235007882118225,-1.7026562690734863,0.9302728772163391,0.642764687538147,0.41560351848602295,-1.7120745182037354,0.8393641114234924,0.6819676756858826,0.4276750683784485,-1.6597943305969238,0.8519522547721863,0.63790363073349,0.42362579703330994,-1.666330099105835,0.7182744145393372,0.7031663060188293,0.5341007113456726,-0.007262625731527805,0.9995571374893188,0.5805453658103943,0.5356742143630981,0.007517782971262932,0.999645471572876,0.7559084296226501,0.5567551851272583,-0.9730430841445923,0.9872220158576965,0.5193215012550354,0.548538327217102,-0.9721714854240417,0.9810453653335571,0.7281441688537598,0.6544679403305054,-0.5067355036735535,0.9748343825340271,0.5452907085418701,0.6522121429443359,-0.494518905878067,0.9901424050331116,0.7130509614944458,0.665185272693634,-0.47975513339042664,0.8861045241355896,0.5599775314331055,0.6652829647064209,-0.466455340385437,0.9193239808082581,0.7448392510414124,0.685276985168457,-0.8462101221084595,0.9723778367042542,0.5318650007247925,0.6828861832618713,-0.8367858529090881,0.9815324544906616
39,squat,1,0.6575019359588623,0.40128055214881897,-1.1808894872665405,0.9999659657478333,0.6740431189537048,0.39265087246894836,-1.1389210224151611,0.9999089241027832,0.6828421354293823,0.3922441899776459,-1.1389039754867554,0.999923586845398,0.6897064447402954,0.39191702008247375,-1.1391055583953857,0.9998438358306885,0.6430951952934265,0.3927505612373352,-1.1354244947433472,0.9998886585235596,0.6332751512527466,0.3922000229358673,-1.135597825050354,0.9999262094497681,0.6256915330886841,0.391812801361084,-1.1355981826782227,0.9998912811279297,0.6996575593948364,0.39297956228256226,-0.8468780517578125,0.9998874068260193,0.6134174466133118,0.3922845423221588,-0.8322859406471252,0.999933123588562,0.6739856600761414,0.41143056750297546,-1.0693165063858032,0.9999678134918213,0.640539824962616,0.4106706380844116,-1.0658049583435059,0.9999726414680481,0.7488546371459961,0.4375021755695343,-0.6801542043685913,0.9996477961540222,0.5483664274215698,0.43568333983421326,-0.6447305083274841,0.9997498989105225,0.812643826007843,0.5003882646560669,-1.2106409072875977,0.9946634769439697,0.48048684000968933,0.4983043074607849,-1.1748641729354858,0.9890764355659485,0.6992741227149963,0.4409034550189972,-1.692861795425415,0.9851823449134827,0.6137371063232422,0.4384733736515045,-1.6918491125106812,0.9640324711799622,0.6822437047958374,0.4265086352825165,-1.7958440780639648,0.9494684338569641,0.640322744846344,0.41864925622940063,-1.7974622249603271,0.8902882933616638,0.6819495558738708,0.4238945245742798,-1.7202001810073853,0.9323464035987854,0.6400768160820007,0.4160393476486206,-1.7197552919387817,0.8443024158477783,0.6813479661941528,0.4289257228374481,-1.674606204032898,0.8549746870994568,0.6348854899406433,0.4243263900279999,-1.6719622611999512,0.7242153286933899,0.7030668258666992,0.5339658856391907,-0.007767246570438147,0.9995779395103455,0.5804600119590759,0.5355910062789917,0.008010211400687695,0.9996631145477295,0.756473958492279,0.5566719174385071,-0.9586182236671448,0.9872679710388184,0.5184907913208008,0.5493291616439819,-0.9587960839271545,0.9805539846420288,0.7283279895782471,0.6544746160507202,-0.5170011520385742,0.9747400283813477,0.5452755689620972,0.6528945565223694,-0.5007374286651611,0.9899502992630005,0.7130531072616577,0.6651896238327026,-0.4937955439090729,0.8884047865867615,0.5601187944412231,0.6659882068634033,-0.47566214203834534,0.9203076958656311,0.7449592351913452,0.6854097247123718,-0.8595620393753052,0.9727588891983032,0.5317645072937012,0.6829586029052734,-0.8441797494888306,0.9814879894256592
40,squat,1,0.6568784713745117,0.40224191546440125,-1.2016369104385376,0.9999669194221497,0.6736034750938416,0.39364391565322876,-1.1603668928146362,0.9999092817306519,0.682409405708313,0.3931879699230194,-1.160348653793335,0.9999244213104248,0.6892554759979248,0.3927929997444153,-1.1605546474456787,0.9998413324356079,0.6428494453430176,0.39374732971191406,-1.1565383672714233,0.9998888969421387,0.6329669952392578,0.3931103050708771,-1.156698226928711,0.9999275207519531,0.6252948045730591,0.39258062839508057,-1.1566940546035767,0.9998918175697327,0.6991016864776611,0.39359158277511597,-0.8663845658302307,0.9998869895935059,0.6125804781913757,0.3925483226776123,-0.8513481020927429,0.9999355673789978,0.6733734607696533,0.4127192497253418,-1.089012622833252,0.9999691247940063,0.6397436857223511,0.4119364619255066,-1.0852569341659546,0.9999739527702332,0.7479731440544128,0.4370959401130676,-0.6940159797668457,0.9996686577796936,0.5480744242668152,0.4361054599285126,-0.6562129855155945,0.9997654557228088,0.8122800588607788,0.500267744064331,-1.2231417894363403,0.9948334097862244,0.4795268177986145,0.4993043541908264,-1.1846253871917725,0.989469587802887,0.6984670758247375,0.4413338005542755,-1.704977035522461,0.9857838153839111,0.6123497486114502,0.4388464093208313,-1.6993943452835083,0.9656542539596558,0.6807971596717834,0.42628923058509827,-1.8081806898117065,0.9512367248535156,0.6396152377128601,0.4189602732658386,-1.804033637046814,0.8946558833122253,0.680337131023407,0.4238337576389313,-1.7299457788467407,0.9345230460166931,0.6393353343009949,0.41632169485092163,-1.7248841524124146,0.8499140739440918,0.6797912120819092,0.4291720390319824,-1.6854957342147827,0.8580825924873352,0.6338605880737305,0.42437636852264404,-1.678508996963501,0.7310389280319214,0.7027000784873962,0.5336793065071106,-0.007765621412545443,0.9995991587638855,0.5799014568328857,0.5355426669120789,0.008006208576261997,0.9996802806854248,0.7571918368339539,0.5565001368522644,-0.9705402255058289,0.9868268966674805,0.5176703333854675,0.5493595600128174,-0.973820149898529,0.9793541431427002,0.7282685041427612,0.6544921398162842,-0.5034448504447937,0.973762035369873,0.5451605319976807,0.6528253555297852,-0.4881066381931305,0.9894516468048096,0.7126153111457825,0.6651986241340637,-0.47690778970718384,0.8890472054481506,0.5599849224090576,0.6659709811210632,-0.46035051345825195,0.9197388291358948,0.7450999021530151,0.6855316758155823,-0.8401002883911133,0.972350537776947,0.5320757627487183,0.6829363107681274,-0.825910210609436,0.9808862805366516
41,squat,1,0.6562128067016602,0.40240901708602905,-1.1889721155166626,0.9999674558639526,0.6729912757873535,0.3938262164592743,-1.148508906364441,0.9999094009399414,0.6818200349807739,0.39341506361961365,-1.1484824419021606,0.9999247789382935,0.6886341571807861,0.39303529262542725,-1.1486859321594238,0.9998390078544617,0.6422396302223206,0.393799751996994,-1.1439764499664307,0.9998891353607178,0.6322604417800903,0.3931656777858734,-1.1441477537155151,0.9999285340309143,0.6245694160461426,0.3926582634449005,-1.1441590785980225,0.9998921751976013,0.6986600756645203,0.39382001757621765,-0.8621016144752502,0.9998859167098999,0.6116675734519958,0.39271461963653564,-0.8435037136077881,0.9999371767044067,0.6727355718612671,0.4130666255950928,-1.079088568687439,0.9999701976776123,0.6387373208999634,0.41216790676116943,-1.0744446516036987,0.9999750256538391,0.7475550174713135,0.4369511008262634,-0.6961820721626282,0.9996837973594666,0.5478267073631287,0.43679845333099365,-0.6570917367935181,0.9997783899307251,0.8120586276054382,0.4998469352722168,-1.2180745601654053,0.9949355721473694,0.4789906442165375,0.498940646648407,-1.1851389408111572,0.9897374510765076,0.6961695551872253,0.4408939778804779,-1.6825909614562988,0.9860929846763611,0.6119683384895325,0.4393547475337982,-1.6881814002990723,0.9663587212562561,0.6782335042953491,0.4259883761405945,-1.7832727432250977,0.9521160125732422,0.638555645942688,0.4202252924442291,-1.7916213274002075,0.8964048027992249,0.6776465177536011,0.42351025342941284,-1.7047979831695557,0.9354880452156067,0.6389205455780029,0.4176759123802185,-1.7119956016540527,0.8517820239067078,0.6774729490280151,0.42886626720428467,-1.662391185760498,0.8588728308677673,0.6330206394195557,0.4255981743335724,-1.6670335531234741,0.7322049736976624,0.702614426612854,0.5334764719009399,-0.007722688373178244,0.9996166229248047,0.5797607898712158,0.5355475544929504,0.007958878763020039,0.9996926188468933,0.7576727867126465,0.5562830567359924,-0.9684969186782837,0.9861211180686951,0.517376184463501,0.5493671894073486,-0.9671598672866821,0.9778738617897034,0.728269100189209,0.6546423435211182,-0.49110671877861023,0.9725257754325867,0.5447554588317871,0.6521178483963013,-0.47817373275756836,0.9886911511421204,0.7124100923538208,0.6654077172279358,-0.4641646444797516,0.8880350589752197,0.5587900280952454,0.6653525233268738,-0.445052832365036,0.9168795347213745,0.7455780506134033,0.6856886744499207,-0.8261826038360596,0.9714886546134949,0.5345576405525208,0.6829386353492737,-0.8038514852523804,0.9797866344451904
42,squat,1,0.6557594537734985,0.4013373851776123,-1.1936275959014893,0.9999685287475586,0.6725800037384033,0.3929765522480011,-1.1516637802124023,0.9999114274978638,0.6814060807228088,0.39263057708740234,-1.1516306400299072,0.9999266266822815,0.6881892085075378,0.3923107087612152,-1.1518267393112183,0.9998415112495422,0.6420285701751709,0.39275190234184265,-1.1469556093215942,0.999891459941864,0.6320294737815857,0.3921338617801666,-1.147120475769043,0.9999306201934814,0.624357283115387,0.3915805220603943,-1.1471278667449951,0.9998946785926819,0.6986132860183716,0.39317193627357483,-0.8634556531906128,0.9998878240585327,0.6115760803222656,0.39186468720436096,-0.8446848392486572,0.999939501285553,0.6724151372909546,0.41226726770401,-1.0840762853622437,0.9999715685844421,0.6381102800369263,0.4111812710762024,-1.0792632102966309,0.9999762177467346,0.7472786903381348,0.4365811347961426,-0.702013373374939,0.9996989369392395,0.5478712320327759,0.43665632605552673,-0.6625077128410339,0.9997900128364563,0.8119454383850098,0.49894025921821594,-1.2294425964355469,0.9951155185699463,0.4790649712085724,0.49749884009361267,-1.1952157020568848,0.9900615215301514,0.696018636226654,0.44011804461479187,-1.6907325983047485,0.9865713715553284,0.6117746233940125,0.43817636370658875,-1.6955654621124268,0.9671118259429932,0.6779928207397461,0.42496258020401,-1.7916758060455322,0.9534784555435181,0.6386442184448242,0.41972625255584717,-1.7993615865707397,0.898086428642273,0.677446722984314,0.4224548935890198,-1.7113525867462158,0.9371498227119446,0.6389521956443787,0.41720691323280334,-1.7194627523422241,0.8536432385444641,0.6772454380989075,0.4280812442302704,-1.6697580814361572,0.8614087104797363,0.633195161819458,0.42501863837242126,-1.6745882034301758,0.7337526679039001,0.7023071646690369,0.5330495834350586,-0.007591661531478167,0.9996361136436462,0.5796244740486145,0.5350824594497681,0.007806930225342512,0.9997065663337708,0.7581596374511719,0.5561278462409973,-0.9647730588912964,0.9855536222457886,0.5173304080963135,0.5492290258407593,-0.9675635099411011,0.9765622615814209,0.7283499240875244,0.6547609567642212,-0.4862562119960785,0.9712470173835754,0.5443355441093445,0.6519932746887207,-0.475568950176239,0.9880284667015076,0.7123971581459045,0.6656125783920288,-0.45869171619415283,0.88688063621521,0.5571817755699158,0.6651398539543152,-0.44407856464385986,0.9141727089881897,0.7459893226623535,0.6858435869216919,-0.8205235004425049,0.9707704186439514,0.5370417833328247,0.6831016540527344,-0.8033790588378906,0.9789894223213196
43,squat,1,0.6540342569351196,0.40077391266822815,-1.2050336599349976,0.9999699592590332,0.6717566251754761,0.3923954963684082,-1.164965033531189,0.9999144673347473,0.6806275248527527,0.3920772671699524,-1.1649311780929565,0.9999293684959412,0.6875386834144592,0.39179375767707825,-1.165135145187378,0.9998457431793213,0.640778660774231,0.392124205827713,-1.1592963933944702,0.9998952746391296,0.6309736371040344,0.39152830839157104,-1.1594674587249756,0.9999335408210754,0.6234297156333923,0.39100536704063416,-1.159471035003662,0.9998984932899475,0.6986163258552551,0.3926445245742798,-0.8803890943527222,0.9998912811279297,0.6113966107368469,0.3912733793258667,-0.8573561906814575,0.9999426007270813,0.6714062094688416,0.4118219017982483,-1.0962157249450684,0.9999731779098511,0.6370216608047485,0.4109072983264923,-1.0901480913162231,0.9999776482582092,0.7473174333572388,0.43600866198539734,-0.71467524766922,0.9997172355651855,0.5480083227157593,0.43578046560287476,-0.6702733039855957,0.9998035430908203,0.8119125962257385,0.4982808828353882,-1.2379088401794434,0.9953349828720093,0.478880912065506,0.4966927468776703,-1.197830080986023,0.9904481768608093,0.6960533857345581,0.4394662082195282,-1.7027945518493652,0.9871798753738403,0.6112316250801086,0.4376240670681,-1.705085277557373,0.9682635068893433,0.6781137585639954,0.42426741123199463,-1.8061364889144897,0.9553694725036621,0.6387283205986023,0.41908130049705505,-1.811535120010376,0.9012221097946167,0.6775785088539124,0.42176562547683716,-1.728850245475769,0.9395572543144226,0.6390759348869324,0.41698047518730164,-1.7321035861968994,0.8575723767280579,0.6773583889007568,0.42751815915107727,-1.6831134557724,0.8654991388320923,0.6327009201049805,0.42458438873291016,-1.6845208406448364,0.7386147975921631,0.7019929885864258,0.5328692197799683,-0.007464373484253883,0.9996548295021057,0.5795798301696777,0.5348750352859497,0.0076698800548911095,0.9997209310531616,0.7584048509597778,0.5560633540153503,-0.9622340202331543,0.9849753379821777,0.5173158645629883,0.5491724610328674,-0.9704238176345825,0.9756713509559631,0.7283723950386047,0.6547600030899048,-0.48345276713371277,0.9701451063156128,0.5442046523094177,0.6518777012825012,-0.4737842082977295,0.9875916242599487,0.7123373746871948,0.6656179428100586,-0.45593950152397156,0.8862283229827881,0.556893527507782,0.6650779843330383,-0.44324854016304016,0.9126941561698914,0.7465472221374512,0.6858801245689392,-0.8172781467437744,0.9699822068214417,0.5374637842178345,0.6831424236297607,-0.8032839298248291,0.9784099459648132
44,squat,1,0.65412837266922,0.40051931142807007,-1.1961555480957031,0.9999706149101257,0.6716878414154053,0.3922506272792816,-1.1569679975509644,0.9999157786369324,0.6804238557815552,0.3918972909450531,-1.156930685043335,0.9999305009841919,0.6874481439590454,0.39167097210884094,-1.1571409702301025,0.9998473525047302,0.6408416032791138,0.3918079733848572,-1.1520270109176636,0.999896228313446,0.6310058236122131,0.39095813035964966,-1.152222990989685,0.9999344348907471,0.6234639883041382,0.3902367055416107,-1.1522337198257446,0.9998993873596191,0.6987864971160889,0.39221009612083435,-0.8743807077407837,0.9998928904533386,0.611419141292572,0.39078423380851746,-0.8479215502738953,0.9999440908432007,0.6714786887168884,0.4117087721824646,-1.0882381200790405,0.9999741315841675,0.6371136903762817,0.4105343818664551,-1.0831995010375977,0.9999784231185913,0.7480812072753906,0.4355927109718323,-0.7139410972595215,0.9997311234474182,0.5482524633407593,0.435716450214386,-0.6670788526535034,0.9998117089271545,0.8117935657501221,0.498108834028244,-1.2274492979049683,0.9955219030380249,0.47892454266548157,0.49658170342445374,-1.1910450458526611,0.9907997250556946,0.6957272291183472,0.43858370184898376,-1.690208077430725,0.9877867698669434,0.612312912940979,0.4355691969394684,-1.6992708444595337,0.9693200588226318,0.6779283285140991,0.4228478968143463,-1.7919058799743652,0.9571799039840698,0.6395413279533386,0.4168015122413635,-1.8048382997512817,0.9035849571228027,0.6775306463241577,0.4200294017791748,-1.7145081758499146,0.9419153332710266,0.6397374868392944,0.4164208173751831,-1.7266950607299805,0.8604665994644165,0.6773799061775208,0.4266836643218994,-1.670498013496399,0.8698632121086121,0.6337376236915588,0.42438825964927673,-1.6790409088134766,0.7423447966575623,0.7020052671432495,0.5327309370040894,-0.007473295088857412,0.9996720552444458,0.5796691179275513,0.5347055792808533,0.007675951812416315,0.9997335076332092,0.7585157752037048,0.5559073686599731,-0.9594010710716248,0.984641432762146,0.5173243284225464,0.5487250089645386,-0.9666628241539001,0.974872350692749,0.7284346222877502,0.6547427177429199,-0.4855857193470001,0.969290018081665,0.5441177487373352,0.6518487930297852,-0.47283104062080383,0.9871178865432739,0.7123230695724487,0.6656191945075989,-0.45834699273109436,0.8861715197563171,0.5566760301589966,0.6650471091270447,-0.4426073431968689,0.9111720323562622,0.7468481659889221,0.685917317867279,-0.8211531639099121,0.9696822166442871,0.5378345251083374,0.6831644773483276,-0.8050381541252136,0.9779101610183716
45,squat,1,0.6540852189064026,0.39865511655807495,-1.1924415826797485,0.999971866607666,0.6715594530105591,0.38935285806655884,-1.1516362428665161,0.9999187588691711,0.6801387667655945,0.38903990387916565,-1.1516000032424927,0.9999328851699829,0.6872009038925171,0.3888709545135498,-1.1517974138259888,0.9998524188995361,0.6408579349517822,0.38897207379341125,-1.1465486288070679,0.9998998045921326,0.631020724773407,0.38814792037010193,-1.1467314958572388,0.9999368190765381,0.6234629154205322,0.38738834857940674,-1.1467424631118774,0.99990314245224,0.6989254951477051,0.3899562358856201,-0.8664475679397583,0.9998963475227356,0.6114590167999268,0.3885839581489563,-0.8439275026321411,0.9999465942382812,0.6714488863945007,0.4089909493923187,-1.083929181098938,0.999975323677063,0.6371840834617615,0.40813979506492615,-1.0782594680786133,0.9999793171882629,0.7495702505111694,0.4343007504940033,-0.7089938521385193,0.9997456669807434,0.54865562915802,0.4336661398410797,-0.6622308492660522,0.9998215436935425,0.811815083026886,0.4956952631473541,-1.234961986541748,0.9957542419433594,0.47889021039009094,0.4943736791610718,-1.1937456130981445,0.9912769198417664,0.6940426826477051,0.43276435136795044,-1.6918728351593018,0.9884731769561768,0.6123511791229248,0.43281397223472595,-1.694400429725647,0.9707351922988892,0.6770838499069214,0.4165884256362915,-1.7942824363708496,0.9592599272727966,0.6395829319953918,0.4144190549850464,-1.7995436191558838,0.9069417715072632,0.6767630577087402,0.4148592948913574,-1.715399980545044,0.944640040397644,0.639794647693634,0.41490915417671204,-1.7200279235839844,0.8647444248199463,0.6762605309486389,0.42263263463974,-1.6716426610946655,0.8751277327537537,0.6338502764701843,0.42299884557724,-1.6737242937088013,0.7486753463745117,0.7021230459213257,0.5315412878990173,-0.008170618675649166,0.9996902346611023,0.5800871253013611,0.5329461097717285,0.008324701339006424,0.9997480511665344,0.7585930228233337,0.5557515621185303,-0.9560409188270569,0.9842613339424133,0.517248809337616,0.5485957860946655,-0.9627865552902222,0.9743689894676208,0.7284668684005737,0.6547353863716125,-0.48493748903274536,0.9684206247329712,0.5441038012504578,0.6518555879592896,-0.46796324849128723,0.9867404699325562,0.7122943997383118,0.6656194925308228,-0.4574185907840729,0.8853992819786072,0.556703507900238,0.6650625467300415,-0.43732815980911255,0.9099104404449463,0.7470118999481201,0.6859894394874573,-0.8206195831298828,0.9693595170974731,0.537833034992218,0.6832327246665955,-0.7962587475776672,0.9775479435920715
46,squat,1,0.6541454195976257,0.3899853825569153,-1.1952574253082275,0.9999740123748779,0.671284556388855,0.3808854818344116,-1.152652621269226,0.9999248385429382,0.6796754598617554,0.3805803060531616,-1.1525979042053223,0.9999378323554993,0.6866121888160706,0.3803877830505371,-1.1527653932571411,0.9998634457588196,0.640970766544342,0.38089877367019653,-1.146759271621704,0.9999073147773743,0.6310974359512329,0.38029831647872925,-1.146937370300293,0.9999415278434753,0.6234742403030396,0.3797135055065155,-1.146938681602478,0.9999106526374817,0.698935329914093,0.38242360949516296,-0.8656806945800781,0.9999039769172668,0.6114707589149475,0.38179346919059753,-0.841200590133667,0.9999508857727051,0.6714708209037781,0.4000939130783081,-1.0868299007415771,0.999977171421051,0.6373128294944763,0.39877787232398987,-1.0798139572143555,0.9999808073043823,0.7504837512969971,0.42938145995140076,-0.7142401933670044,0.9997636675834656,0.5488315224647522,0.4271288812160492,-0.662118673324585,0.9998337626457214,0.8129318952560425,0.48986759781837463,-1.2493442296981812,0.996029257774353,0.47857630252838135,0.4883984327316284,-1.1995878219604492,0.9919097423553467,0.6941511631011963,0.42633217573165894,-1.7096904516220093,0.9892688393592834,0.6123664379119873,0.42534905672073364,-1.6951102018356323,0.9727663397789001,0.6766666769981384,0.4102592468261719,-1.8140689134597778,0.9617320895195007,0.6396196484565735,0.40847113728523254,-1.8009397983551025,0.9123950600624084,0.6757605671882629,0.40879106521606445,-1.7358038425445557,0.9479085206985474,0.6398249268531799,0.4090254008769989,-1.7194514274597168,0.8720567226409912,0.675144374370575,0.41678085923194885,-1.6901222467422485,0.8817645907402039,0.633897066116333,0.4177241027355194,-1.6738107204437256,0.7606093287467957,0.702447235584259,0.5262544751167297,-0.011266034096479416,0.9997102618217468,0.5816782116889954,0.5264362692832947,0.01131707988679409,0.9997657537460327,0.7586268782615662,0.5562347173690796,-0.9278225898742676,0.9838820099830627,0.5169118642807007,0.5486108660697937,-0.9448197484016418,0.9746856689453125,0.7285208702087402,0.654742419719696,-0.4509238302707672,0.9679335951805115,0.5440452694892883,0.6519255638122559,-0.4444338083267212,0.9868829250335693,0.7122608423233032,0.6656262874603271,-0.42336907982826233,0.884693443775177,0.5567309260368347,0.6651987433433533,-0.4131002724170685,0.9107680916786194,0.747155487537384,0.6861171722412109,-0.7811872959136963,0.9693393111228943,0.537319540977478,0.6833316087722778,-0.7649254202842712,0.9778681397438049
47,squat,1,0.6545489430427551,0.38383749127388,-1.1957753896713257,0.9999759793281555,0.6712958216667175,0.37473180890083313,-1.1520161628723145,0.9999305605888367,0.6796955466270447,0.3745628893375397,-1.1519606113433838,0.9999424815177917,0.6866387128829956,0.37440231442451477,-1.1521164178848267,0.9998738765716553,0.6411609053611755,0.3743079602718353,-1.146161675453186,0.9999144077301025,0.6311926245689392,0.3737926483154297,-1.1463367938995361,0.9999459385871887,0.6235098838806152,0.37345612049102783,-1.1463299989700317,0.9999176859855652,0.6993703246116638,0.3769998848438263,-0.8630646467208862,0.9999114274978638,0.6114891767501831,0.37646064162254333,-0.8401733040809631,0.9999549388885498,0.6717966198921204,0.3944190442562103,-1.0860657691955566,0.9999788999557495,0.6379934549331665,0.3929719924926758,-1.0790138244628906,0.9999822378158569,0.7517117857933044,0.4246865212917328,-0.7105333209037781,0.999779999256134,0.5500344634056091,0.4219171106815338,-0.6618483662605286,0.9998438954353333,0.8138503432273865,0.48432740569114685,-1.2449039220809937,0.9962807893753052,0.4783438742160797,0.48245179653167725,-1.1957427263259888,0.9924916625022888,0.6941636204719543,0.42183515429496765,-1.7052122354507446,0.9899154901504517,0.6135416626930237,0.4205268323421478,-1.693703055381775,0.9745205044746399,0.6766982078552246,0.4062226414680481,-1.809070348739624,0.9636107683181763,0.6423024535179138,0.4038752615451813,-1.80032217502594,0.916845977306366,0.6757993698120117,0.4050777554512024,-1.7311288118362427,0.9503390192985535,0.6412973403930664,0.40429508686065674,-1.7165559530258179,0.8779172301292419,0.6750929355621338,0.4128953516483307,-1.6857637166976929,0.886696457862854,0.635199785232544,0.4137207865715027,-1.6716232299804688,0.7701608538627625,0.7025402784347534,0.5222548246383667,-0.015957675874233246,0.999728262424469,0.5825546979904175,0.5219656229019165,0.01594313234090805,0.9997816681861877,0.7586273550987244,0.5562810301780701,-0.9155400991439819,0.9838239550590515,0.5166813135147095,0.5488382577896118,-0.9248544573783875,0.975161612033844,0.7286173105239868,0.6543999910354614,-0.45243334770202637,0.9678661227226257,0.5440444350242615,0.6522226333618164,-0.4424903392791748,0.9870538711547852,0.7121369242668152,0.6651373505592346,-0.42592331767082214,0.8846823573112488,0.5572630167007446,0.6653441190719604,-0.4129091501235962,0.9118574261665344,0.7468951940536499,0.6862896084785461,-0.7845200896263123,0.9696447849273682,0.5360207557678223,0.6833340525627136,-0.7658939957618713,0.9782276153564453
48,squat,1,0.6548090577125549,0.37613534927368164,-1.1445289850234985,0.9999776482582092,0.6713912487030029,0.3668585419654846,-1.099332571029663,0.999935507774353,0.6797757744789124,0.36675408482551575,-1.0992693901062012,0.9999464154243469,0.686845600605011,0.3667454719543457,-1.0994126796722412,0.9998828768730164,0.6413177251815796,0.3665453791618347,-1.094312071800232,0.9999206066131592,0.6313111186027527,0.3662962019443512,-1.0944801568984985,0.9999498128890991,0.6237009763717651,0.36618080735206604,-1.094456672668457,0.9999238848686218,0.6994828581809998,0.3703709542751312,-0.8160447478294373,0.9999179244041443,0.6115015149116516,0.3697611391544342,-0.7925027012825012,0.9999585151672363,0.6720360517501831,0.3875795900821686,-1.0386698246002197,0.9999803304672241,0.6382129192352295,0.386269211769104,-1.0321787595748901,0.9999834299087524,0.7517784237861633,0.41954919695854187,-0.6823911666870117,0.9997919201850891,0.5500397086143494,0.4177412986755371,-0.6298872828483582,0.9998515248298645,0.8155419826507568,0.4784940481185913,-1.2089650630950928,0.9964706301689148,0.4782734513282776,0.4778291881084442,-1.159345269203186,0.9929977059364319,0.6947872042655945,0.4177742898464203,-1.6563595533370972,0.9903354048728943,0.6140077710151672,0.41636204719543457,-1.639169454574585,0.9760897159576416,0.677113950252533,0.4022115468978882,-1.7582721710205078,0.9647290110588074,0.6433420181274414,0.3988514244556427,-1.7436587810516357,0.9210063815116882,0.6759398579597473,0.4016297161579132,-1.6803785562515259,0.9517013430595398,0.6423482894897461,0.3984801173210144,-1.6620066165924072,0.8834521770477295,0.6755261421203613,0.4096091091632843,-1.63690185546875,0.8895151019096375,0.6361055374145508,0.40909045934677124,-1.6174743175506592,0.7794000506401062,0.7027609348297119,0.5184587836265564,-0.01861099898815155,0.9997398853302002,0.5836700201034546,0.5181512832641602,0.018608631566166878,0.9997935891151428,0.7586542367935181,0.5571731925010681,-0.8968273401260376,0.9837472438812256,0.5166047215461731,0.5489929914474487,-0.8994079232215881,0.9757275581359863,0.7287659049034119,0.6540361642837524,-0.43269798159599304,0.9678813219070435,0.5441215634346008,0.6522851586341858,-0.4214530289173126,0.9872643947601318,0.7122132182121277,0.664757490158081,-0.40649738907814026,0.8828830122947693,0.5582311153411865,0.6653828024864197,-0.39252156019210815,0.9127241373062134,0.7467296719551086,0.6866704225540161,-0.7582221627235413,0.9696587920188904,0.5340670943260193,0.6833531260490417,-0.7366263270378113,0.9784709215164185
49,squat,1,0.6558314561843872,0.3693830370903015,-1.14591383934021,0.9999792575836182,0.6719945669174194,0.36014148592948914,-1.0996638536453247,0.9999400973320007,0.6802863478660583,0.3600531816482544,-1.0996050834655762,0.9999500513076782,0.6876363754272461,0.36011916399002075,-1.0997419357299805,0.9998911619186401,0.6421229243278503,0.3599223494529724,-1.09541916847229,0.9999265670776367,0.631990373134613,0.3596343696117401,-1.0955952405929565,0.9999535083770752,0.624292254447937,0.35965386033058167,-1.0955830812454224,0.9999297857284546,0.7002165913581848,0.36424049735069275,-0.8128538131713867,0.999923825263977,0.6117658019065857,0.3635854423046112,-0.7927068471908569,0.9999618530273438,0.6727853417396545,0.3812706172466278,-1.0390390157699585,0.9999815821647644,0.6388545632362366,0.38007399439811707,-1.0335941314697266,0.9999845027923584,0.7519853711128235,0.41352787613868713,-0.6783729195594788,0.9997990727424622,0.5506817698478699,0.411490261554718,-0.6315891146659851,0.9998576641082764,0.816477358341217,0.4734240472316742,-1.2029764652252197,0.9966590404510498,0.4782809019088745,0.472238153219223,-1.1611840724945068,0.9935111999511719,0.694868803024292,0.4132785499095917,-1.6473326683044434,0.9907723069190979,0.6143849492073059,0.41167622804641724,-1.634642243385315,0.9777094721794128,0.6772617697715759,0.39880430698394775,-1.7474582195281982,0.965850830078125,0.6445901393890381,0.3930450677871704,-1.738234281539917,0.9253772497177124,0.6759836077690125,0.39738553762435913,-1.669353723526001,0.9530635476112366,0.6439958214759827,0.3923993408679962,-1.6555578708648682,0.8893603682518005,0.675576388835907,0.4047667384147644,-1.6274982690811157,0.8923830986022949,0.6378825306892395,0.40337929129600525,-1.612269401550293,0.7892869114875793,0.702875018119812,0.5139967203140259,-0.018117234110832214,0.9997426271438599,0.5840675234794617,0.5137573480606079,0.01811971515417099,0.9998013973236084,0.7586756348609924,0.5593006014823914,-0.860004186630249,0.9832932353019714,0.5166082978248596,0.5496116280555725,-0.8863962292671204,0.9762148261070251,0.7288893461227417,0.6540344953536987,-0.38878628611564636,0.9669516086578369,0.5442626476287842,0.6536161303520203,-0.40587741136550903,0.9874526858329773,0.7122608423233032,0.6647032499313354,-0.36239561438560486,0.8795032501220703,0.5585467219352722,0.6672521829605103,-0.37733396887779236,0.9130575656890869,0.7467167377471924,0.6867038011550903,-0.7118574976921082,0.968957781791687,0.528444230556488,0.6841521859169006,-0.7232356071472168,0.9786180853843689
50,squat,1,0.6559579968452454,0.35803136229515076,-1.0075125694274902,0.9999792575836182,0.6722050905227661,0.34908878803253174,-0.9628761410713196,0.9999409317970276,0.6805053353309631,0.3488752543926239,-0.9628435969352722,0.9999496340751648,0.688081681728363,0.3486970067024231,-0.9629734754562378,0.9998929500579834,0.6421346068382263,0.3486742079257965,-0.9579041004180908,0.9999291896820068,0.63200443983078,0.34819045662879944,-0.9580800533294678,0.9999544620513916,0.6243278384208679,0.34810417890548706,-0.9581106901168823,0.9999325275421143,0.7008270025253296,0.3518729507923126,-0.6985695958137512,0.9999234080314636,0.6117680072784424,0.3519241213798523,-0.6747422218322754,0.9999628067016602,0.6729483008384705,0.3703688383102417,-0.9094935655593872,0.999980628490448,0.6388667821884155,0.3694954812526703,-0.9031381011009216,0.9999841451644897,0.7521414160728455,0.4046163260936737,-0.571276068687439,0.99976646900177,0.5510879158973694,0.40202197432518005,-0.5398813486099243,0.9998518228530884,0.8178948760032654,0.4635222256183624,-1.0413155555725098,0.9966461658477783,0.47908833622932434,0.46157655119895935,-1.0223110914230347,0.9938225746154785,0.6992051005363464,0.40513819456100464,-1.4349274635314941,0.9906729459762573,0.6151583194732666,0.40212780237197876,-1.45932137966156,0.97893226146698,0.6789593696594238,0.3894767463207245,-1.5214070081710815,0.9650262594223022,0.6462663412094116,0.3837197422981262,-1.5556058883666992,0.9284777641296387,0.6770907044410706,0.3878277540206909,-1.4462884664535522,0.9517741203308105,0.6455606818199158,0.3826335668563843,-1.4771041870117188,0.8935996890068054,0.6774981617927551,0.3952847421169281,-1.4142038822174072,0.8908618688583374,0.640146017074585,0.3919220268726349,-1.4376896619796753,0.7970148324966431,0.7028177380561829,0.5058993697166443,-0.01529361680150032,0.999718964099884,0.5839112401008606,0.5059822201728821,0.015264750458300114,0.9997900724411011,0.7586749196052551,0.5628656148910522,-0.7503894567489624,0.9827093482017517,0.5167219042778015,0.5526852607727051,-0.7997415065765381,0.9766188859939575,0.7287134528160095,0.655768871307373,-0.32221904397010803,0.9661130309104919,0.5442633628845215,0.6556445360183716,-0.35679689049720764,0.9876164197921753,0.7122330665588379,0.6674584746360779,-0.2993472218513489,0.8742220401763916,0.5586702227592468,0.6707779765129089,-0.33093535900115967,0.9118422269821167,0.7473390698432922,0.6868383884429932,-0.6340606808662415,0.9676690101623535,0.5228666663169861,0.6848964691162109,-0.6652087569236755,0.978604257106781
51,squat,1,0.6559932827949524,0.3501719534397125,-1.0492911338806152,0.9999803304672241,0.6722136735916138,0.341437965631485,-1.0031410455703735,0.999944269657135,0.680467963218689,0.34132349491119385,-1.0031049251556396,0.9999520182609558,0.6880848407745361,0.34124451875686646,-1.0032415390014648,0.9998993277549744,0.6421930193901062,0.3411279618740082,-0.9985633492469788,0.9999338984489441,0.6321202516555786,0.3408549726009369,-0.9987583756446838,0.9999570846557617,0.624538779258728,0.340797483921051,-0.9987986087799072,0.9999370574951172,0.7008340954780579,0.34516972303390503,-0.7265523672103882,0.9999274015426636,0.6118365526199341,0.34503352642059326,-0.7056663632392883,0.9999650716781616,0.6729780435562134,0.3630932867527008,-0.9462524056434631,0.9999811053276062,0.638970136642456,0.36162927746772766,-0.9407883286476135,0.9999846816062927,0.7521929740905762,0.39651229977607727,-0.5862905979156494,0.9997571706771851,0.551845908164978,0.39491766691207886,-0.5548964738845825,0.9998477697372437,0.8185810446739197,0.4569092392921448,-1.0519286394119263,0.9967984557151794,0.4791508913040161,0.45493727922439575,-1.040432095527649,0.9941819906234741,0.6992536783218384,0.3980114459991455,-1.449183464050293,0.9910688996315002,0.6152034401893616,0.3960322439670563,-1.4880791902542114,0.9801368117332458,0.6787511110305786,0.3840635418891907,-1.5363094806671143,0.9659101963043213,0.6461629271507263,0.3783252537250519,-1.586440920829773,0.9313556551933289,0.6767479181289673,0.3815356194972992,-1.4601961374282837,0.9528918266296387,0.6454997658729553,0.37717750668525696,-1.5047208070755005,0.8974364399909973,0.6775029301643372,0.3880487382411957,-1.4270941019058228,0.8935633301734924,0.640384316444397,0.3858625590801239,-1.4651856422424316,0.80362868309021,0.7023515701293945,0.4995731711387634,-0.012262203730642796,0.9996841549873352,0.5838937163352966,0.4993959367275238,0.012219523079693317,0.9997742772102356,0.7584993243217468,0.5654971599578857,-0.6932100057601929,0.9824681282043457,0.51670241355896,0.5568240284919739,-0.7809562683105469,0.9774237871170044,0.728381872177124,0.6557349562644958,-0.2118312120437622,0.965469241142273,0.5445330739021301,0.6562803983688354,-0.29127293825149536,0.987936794757843,0.7121363878250122,0.6674093008041382,-0.18405939638614655,0.8705834150314331,0.5592222809791565,0.6713509559631348,-0.26161202788352966,0.9108642935752869,0.7481445670127869,0.686381995677948,-0.5129197835922241,0.9661658406257629,0.5228831768035889,0.6852933764457703,-0.5994506478309631,0.9786356687545776
52,squat,1,0.6559447646141052,0.34385889768600464,-0.9570063948631287,0.9999815225601196,0.6720868945121765,0.33510181307792664,-0.9136036038398743,0.9999479055404663,0.6803300380706787,0.33488550782203674,-0.9135719537734985,0.9999547600746155,0.6880000829696655,0.33480268716812134,-0.9137060642242432,0.9999064803123474,0.6421483755111694,0.3348735570907593,-0.908862292766571,0.9999387264251709,0.632104218006134,0.3347335159778595,-0.9090413451194763,0.9999597072601318,0.6245400905609131,0.334714412689209,-0.9090948700904846,0.9999414682388306,0.700740396976471,0.33884626626968384,-0.6480023860931396,0.9999318718910217,0.6118288040161133,0.33890390396118164,-0.6256755590438843,0.9999671578407288,0.6729604005813599,0.35666221380233765,-0.8569765686988831,0.9999818801879883,0.638979434967041,0.3551467955112457,-0.8511221408843994,0.9999853372573853,0.7522543668746948,0.39086732268333435,-0.5143535733222961,0.9997591972351074,0.5524256229400635,0.39020228385925293,-0.48016804456710815,0.9998478293418884,0.8191485404968262,0.45211172103881836,-0.9414600133895874,0.9968498349189758,0.47908854484558105,0.4501865804195404,-0.9340341091156006,0.9944077134132385,0.7002289295196533,0.39337706565856934,-1.3333593606948853,0.9913139939308167,0.6144574284553528,0.39250054955482483,-1.3811824321746826,0.9808794856071472,0.6797255873680115,0.37853947281837463,-1.4190874099731445,0.9665940999984741,0.6461119055747986,0.37275034189224243,-1.4793612957000732,0.9328606724739075,0.6775017380714417,0.3764108717441559,-1.3503507375717163,0.9539266228675842,0.6455470323562622,0.3723732531070709,-1.4050837755203247,0.8995639681816101,0.6787148714065552,0.3835168182849884,-1.3136484622955322,0.8962805271148682,0.6403363347053528,0.38270795345306396,-1.3614301681518555,0.8077346682548523,0.7020694017410278,0.4972582161426544,-0.011887866072356701,0.9996551275253296,0.5838476419448853,0.49657103419303894,0.011843880638480186,0.9997592568397522,0.7585124969482422,0.5687823295593262,-0.6341449618339539,0.9825718998908997,0.5166659355163574,0.5576508045196533,-0.724726676940918,0.9786208868026733,0.7279099225997925,0.6559541821479797,-0.156227707862854,0.9658547639846802,0.5454649925231934,0.6561060547828674,-0.22591499984264374,0.9883167743682861,0.7117584943771362,0.6675034761428833,-0.1274973750114441,0.868704080581665,0.5614947080612183,0.6709080338478088,-0.19403353333473206,0.9113824367523193,0.7493373155593872,0.6873691082000732,-0.44547533988952637,0.9655552506446838,0.5230385065078735,0.6852988600730896,-0.514031708240509,0.9788915514945984
53,squat,1,0.6559244394302368,0.33674976229667664,-0.8821535110473633,0.9999819993972778,0.6719431281089783,0.3282046914100647,-0.8395095467567444,0.9999499320983887,0.6802002191543579,0.3279466927051544,-0.8394782543182373,0.9999558329582214,0.6879239678382874,0.32784250378608704,-0.8396148085594177,0.9999114871025085,0.6420896649360657,0.32813459634780884,-0.8347737789154053,0.9999417066574097,0.632051944732666,0.3280971646308899,-0.8349401950836182,0.9999606609344482,0.624509334564209,0.3282427489757538,-0.8349894285202026,0.9999441504478455,0.7006967663764954,0.3320789337158203,-0.5828767418861389,0.9999342560768127,0.611783504486084,0.33296871185302734,-0.5596885681152344,0.999967634677887,0.6729686856269836,0.34878256916999817,-0.7856044173240662,0.9999817609786987,0.6389892101287842,0.34815362095832825,-0.7794592976570129,0.9999851584434509,0.7525882124900818,0.38567906618118286,-0.4599221646785736,0.9997565150260925,0.5530540347099304,0.384909987449646,-0.4240346848964691,0.9998413324356079,0.8194150328636169,0.4488734006881714,-0.8686991333961487,0.9968313574790955,0.47823721170425415,0.44516345858573914,-0.8591904044151306,0.9944804906845093,0.7015679478645325,0.3886129856109619,-1.2547153234481812,0.9913395643234253,0.6131483316421509,0.3875127136707306,-1.297997236251831,0.9809628129005432,0.6820049285888672,0.3731774687767029,-1.3389276266098022,0.9664804339408875,0.6460527181625366,0.3676896393299103,-1.3936128616333008,0.9319697618484497,0.6798591613769531,0.371735543012619,-1.2730094194412231,0.9540292024612427,0.645513117313385,0.36809322237968445,-1.3227474689483643,0.8985335826873779,0.6815873384475708,0.37934669852256775,-1.2360371351242065,0.8973650932312012,0.6402074694633484,0.37876632809638977,-1.2793530225753784,0.8072523474693298,0.7020391225814819,0.49469923973083496,-0.01155819557607174,0.9996166825294495,0.5837919116020203,0.49354079365730286,0.011514700017869473,0.9997354745864868,0.7580143809318542,0.5680262446403503,-0.6289844512939453,0.9827502369880676,0.5167388319969177,0.5574324131011963,-0.7056337594985962,0.9795786738395691,0.7278200387954712,0.6559440493583679,-0.16889618337154388,0.9662026166915894,0.5458649396896362,0.6560595631599426,-0.22255857288837433,0.9884883761405945,0.7118479013442993,0.6674688458442688,-0.1413971334695816,0.8648871779441833,0.5624315738677979,0.6704179048538208,-0.19186466932296753,0.9104433059692383,0.749312698841095,0.687395453453064,-0.460455060005188,0.9648511409759521,0.5231878757476807,0.6854109168052673,-0.5114074349403381,0.9788404107093811
54,squat,1,0.6562724709510803,0.3244702219963074,-0.859174370765686,0.9999827146530151,0.6719587445259094,0.31636857986450195,-0.8170259594917297,0.9999528527259827,0.6801935434341431,0.3160455822944641,-0.8169898986816406,0.9999577403068542,0.6879252195358276,0.3157697319984436,-0.8171126842498779,0.9999175667762756,0.6423763632774353,0.3165777623653412,-0.8118628263473511,0.9999455809593201,0.6322713494300842,0.3164510428905487,-0.8120265603065491,0.999962568283081,0.624664306640625,0.3165023922920227,-0.8120936155319214,0.9999479055404663,0.7007049322128296,0.3192034065723419,-0.5604429244995117,0.9999376535415649,0.6120951771736145,0.32075047492980957,-0.5358183979988098,0.9999691247940063,0.6734976172447205,0.33537593483924866,-0.7627246975898743,0.9999819397926331,0.6394981741905212,0.33456510305404663,-0.7561821341514587,0.9999853372573853,0.7526216506958008,0.3741174340248108,-0.43173572421073914,0.9997456073760986,0.55519038438797,0.37340736389160156,-0.40070557594299316,0.9998390674591064,0.8195468187332153,0.43701091408729553,-0.8199474215507507,0.9967622756958008,0.4782712161540985,0.4332575798034668,-0.8152113556861877,0.9946409463882446,0.7025811076164246,0.3788519501686096,-1.2031207084655762,0.9910513162612915,0.6132524013519287,0.3778586685657501,-1.2383419275283813,0.9811733961105347,0.6832015514373779,0.36449214816093445,-1.287354826927185,0.9651952385902405,0.646251916885376,0.3599788546562195,-1.3327536582946777,0.9316914677619934,0.6807912588119507,0.3625457286834717,-1.2271910905838013,0.9527720212936401,0.6455492973327637,0.3601423501968384,-1.266495943069458,0.8987391591072083,0.6824237704277039,0.36865630745887756,-1.186955451965332,0.8966403007507324,0.640298068523407,0.36882758140563965,-1.2214000225067139,0.8094435334205627,0.701969563961029,0.4861491918563843,-0.010640210472047329,0.9995842576026917,0.5836305618286133,0.48584437370300293,0.010537700727581978,0.999715268611908,0.7567299008369446,0.5673633813858032,-0.5577402114868164,0.9830753803253174,0.517877459526062,0.5584151744842529,-0.6020292639732361,0.9806535840034485,0.7278722524642944,0.6559956073760986,-0.13223174214363098,0.9670214056968689,0.5463088154792786,0.6559469699859619,-0.17022570967674255,0.988640308380127,0.7124320864677429,0.6674793362617493,-0.10737448930740356,0.8633865118026733,0.5635768175125122,0.6701580286026001,-0.14392723143100739,0.9080910086631775,0.7494646906852722,0.687419056892395,-0.42122817039489746,0.9648202657699585,0.5234982967376709,0.6858951449394226,-0.45607301592826843,0.9787867069244385
55,squat,1,0.6564128398895264,0.3160766363143921,-0.9086639285087585,0.9999834895133972,0.6719900369644165,0.30764514207839966,-0.8643343448638916,0.9999551177024841,0.6802096366882324,0.3076193034648895,-0.8643014430999756,0.9999592900276184,0.6880098581314087,0.3075786232948303,-0.8644185662269592,0.9999224543571472,0.6425050497055054,0.30765247344970703,-0.8603342771530151,0.9999488592147827,0.6324319243431091,0.3077701926231384,-0.86052006483078,0.9999642372131348,0.6247154474258423,0.3078961968421936,-0.860582709312439,0.9999510049819946,0.7009184956550598,0.311641126871109,-0.5932011008262634,0.9999400973320007,0.6121541261672974,0.31313860416412354,-0.5738378763198853,0.9999702572822571,0.673717737197876,0.32833075523376465,-0.8066383600234985,0.9999821186065674,0.6397383809089661,0.32764342427253723,-0.8016867637634277,0.9999855160713196,0.7527927756309509,0.3677253723144531,-0.45525604486465454,0.999744713306427,0.5551643371582031,0.366972416639328,-0.4215819239616394,0.9998385310173035,0.8198612928390503,0.4325152635574341,-0.8487102389335632,0.9967352151870728,0.47821101546287537,0.42731258273124695,-0.8407648801803589,0.9948031306266785,0.7025988698005676,0.37418127059936523,-1.2572875022888184,0.9910134673118591,0.6125392913818359,0.37267255783081055,-1.292398452758789,0.9817091822624207,0.6832960844039917,0.3588857054710388,-1.3473520278930664,0.9650236368179321,0.6469576954841614,0.3550700843334198,-1.3933744430541992,0.9330180287361145,0.6808291077613831,0.356634259223938,-1.2896621227264404,0.9528990387916565,0.6464220881462097,0.3541073799133301,-1.3270368576049805,0.901117205619812,0.6824699640274048,0.36323797702789307,-1.242186427116394,0.8977695107460022,0.6405090093612671,0.36222565174102783,-1.275583028793335,0.814281165599823,0.7019706964492798,0.48196831345558167,-0.010645829141139984,0.9995522499084473,0.5835958123207092,0.48112910985946655,0.01054161973297596,0.999700665473938,0.7559577822685242,0.5673317909240723,-0.5644043684005737,0.9836985468864441,0.5198459029197693,0.5582178831100464,-0.6340465545654297,0.9818960428237915,0.7280179858207703,0.6559702157974243,-0.09976815432310104,0.9683541655540466,0.5464128255844116,0.6559051871299744,-0.152666375041008,0.989048957824707,0.7126390337944031,0.667426586151123,-0.07276250422000885,0.8631134629249573,0.5637299418449402,0.6699703931808472,-0.12283701449632645,0.9083631038665771,0.7494530081748962,0.6875283718109131,-0.40355807542800903,0.96543288230896,0.5239165425300598,0.6858880519866943,-0.4507654309272766,0.9792647361755371
56,squat,1,0.6564507484436035,0.308400422334671,-0.892778217792511,0.999984622001648,0.6720555424690247,0.29971274733543396,-0.848305344581604,0.9999583959579468,0.6803662180900574,0.2996355891227722,-0.8482723832130432,0.9999620318412781,0.6883574724197388,0.29972803592681885,-0.8483809232711792,0.9999286532402039,0.6425839066505432,0.2995373606681824,-0.844504714012146,0.9999528527259827,0.6325411796569824,0.29958516359329224,-0.8446894884109497,0.9999667406082153,0.6247335076332092,0.29976585507392883,-0.8447567820549011,0.9999548196792603,0.7015181183815002,0.30447882413864136,-0.573187530040741,0.9999440908432007,0.6124177575111389,0.3051963448524475,-0.5556691288948059,0.9999722838401794,0.673832356929779,0.320830762386322,-0.7892047762870789,0.999983012676239,0.6399151682853699,0.3201539218425751,-0.7847899794578552,0.9999862909317017,0.7541044354438782,0.3611436188220978,-0.43001991510391235,0.9997493028640747,0.5558093786239624,0.36035454273223877,-0.39602023363113403,0.9998394846916199,0.8204047083854675,0.4278292953968048,-0.8143919110298157,0.9967262744903564,0.4783896505832672,0.421101838350296,-0.7958499193191528,0.9948785901069641,0.7034345865249634,0.37130671739578247,-1.2404166460037231,0.9909928441047668,0.6070464849472046,0.37097886204719543,-1.2594107389450073,0.9817078709602356,0.6844214797019958,0.3530878722667694,-1.3326008319854736,0.9648681282997131,0.646174430847168,0.35000768303871155,-1.3617210388183594,0.9325829148292542,0.6820633411407471,0.35099688172340393,-1.2806751728057861,0.9532036781311035,0.6446727514266968,0.3498270511627197,-1.3010640144348145,0.901378870010376,0.6832340955734253,0.3590855002403259,-1.2280385494232178,0.899364173412323,0.6382533311843872,0.3588622212409973,-1.2453343868255615,0.8163734078407288,0.7023982405662537,0.4776593744754791,-0.010703581385314465,0.9995318055152893,0.5837947130203247,0.4757583737373352,0.010590828955173492,0.9996930360794067,0.7539340257644653,0.5678794384002686,-0.43802645802497864,0.9846111536026001,0.5212960243225098,0.5582611560821533,-0.5339838862419128,0.9832928776741028,0.7280426025390625,0.6561771631240845,0.03905130550265312,0.9702828526496887,0.5467122793197632,0.6550050973892212,-0.032933611422777176,0.9896103143692017,0.7127002477645874,0.6674990653991699,0.06734546273946762,0.8659003973007202,0.5645520687103271,0.6681308746337891,-0.0007824012427590787,0.9095836877822876,0.7489621043205261,0.6877908706665039,-0.258488267660141,0.9667462706565857,0.5240424871444702,0.6858797073364258,-0.3248259127140045,0.9801124334335327
57,squat,1,0.6569457650184631,0.30020871758461,-0.8500422239303589,0.9999855756759644,0.6723147630691528,0.2916945815086365,-0.8051154017448425,0.9999613165855408,0.6807345151901245,0.2916772961616516,-0.8051010966300964,0.9999645352363586,0.6889826059341431,0.29183724522590637,-0.8052154183387756,0.9999343156814575,0.6427611112594604,0.2914140522480011,-0.8017025589942932,0.9999563694000244,0.6328211426734924,0.2914888560771942,-0.8018695712089539,0.9999688863754272,0.6248120069503784,0.2917709946632385,-0.8019265532493591,0.9999581575393677,0.7024151682853699,0.29676851630210876,-0.5288205742835999,0.9999479055404663,0.6129537224769592,0.29750490188598633,-0.5131766200065613,0.9999739527702332,0.6742347478866577,0.312885046005249,-0.7460577487945557,0.9999838471412659,0.6405595541000366,0.31247207522392273,-0.7422114014625549,0.9999869465827942,0.7548409700393677,0.35367152094841003,-0.3834064304828644,0.9997593760490417,0.5569031238555908,0.3540210723876953,-0.3485860824584961,0.9998377561569214,0.821925163269043,0.421835720539093,-0.7560523748397827,0.9967628121376038,0.47872278094291687,0.41698580980300903,-0.7290642261505127,0.9947551488876343,0.7055272459983826,0.36739715933799744,-1.1957985162734985,0.9911506772041321,0.5978739261627197,0.3688903748989105,-1.2096776962280273,0.9813100099563599,0.6858405470848083,0.3497115969657898,-1.2899153232574463,0.9653779864311218,0.640821099281311,0.3466584384441376,-1.313848853111267,0.9313625693321228,0.6831045150756836,0.3475334346294403,-1.2425427436828613,0.9543485045433044,0.6402698755264282,0.34600770473480225,-1.2606656551361084,0.9009277820587158,0.6841683983802795,0.35493168234825134,-1.1851240396499634,0.902549684047699,0.6332625150680542,0.35472095012664795,-1.1990951299667358,0.8179457187652588,0.7031868100166321,0.47328171133995056,-0.01070456113666296,0.9995230436325073,0.5842136740684509,0.4710795283317566,0.010592152364552021,0.9996873736381531,0.7528163194656372,0.5675144195556641,-0.39783337712287903,0.985548734664917,0.5235146880149841,0.5580183863639832,-0.5003029704093933,0.9845674633979797,0.7281214594841003,0.6562004089355469,0.06093709170818329,0.9722110033035278,0.5467317700386047,0.6547942161560059,-0.015744522213935852,0.9901245832443237,0.7129220962524414,0.6674892902374268,0.08737508952617645,0.8686055541038513,0.5642831325531006,0.6677055954933167,0.015030724927783012,0.9101340174674988,0.7483645081520081,0.687822699546814,-0.24003805220127106,0.9681094884872437,0.5248315334320068,0.6859050393104553,-0.3100450932979584,0.9809126853942871
58,squat,1,0.6571140289306641,0.2929241359233856,-0.7326782941818237,0.999985933303833,0.6725597381591797,0.2843579947948456,-0.6884892582893372,0.999963104724884,0.6811180710792542,0.28435876965522766,-0.6885125637054443,0.9999658465385437,0.689493715763092,0.2845522463321686,-0.6886282563209534,0.999938428401947,0.6430007219314575,0.28399723768234253,-0.6849522590637207,0.9999586343765259,0.6331139206886292,0.28401991724967957,-0.6850764751434326,0.9999697804450989,0.624930202960968,0.28424033522605896,-0.6851179599761963,0.9999603033065796,0.7030745148658752,0.28926998376846313,-0.4152297079563141,0.9999502301216125,0.6138587594032288,0.28950926661491394,-0.3990841507911682,0.9999746084213257,0.6743636131286621,0.3054548501968384,-0.629274845123291,0.9999841451644897,0.6408646106719971,0.30536404252052307,-0.6252763867378235,0.9999871850013733,0.755315899848938,0.3455248773097992,-0.27039629220962524,0.9997686743736267,0.5586994290351868,0.34663331508636475,-0.2294379621744156,0.9998339414596558,0.8224433660507202,0.4167112410068512,-0.6189711093902588,0.9967021346092224,0.4793380796909332,0.41101324558258057,-0.5707656741142273,0.994139552116394,0.7066689729690552,0.36394211649894714,-1.0719448328018188,0.9911726117134094,0.5885345339775085,0.3668321967124939,-1.0672262907028198,0.9802348017692566,0.6862931251525879,0.3469846248626709,-1.1693017482757568,0.965700626373291,0.6259141564369202,0.355110228061676,-1.1748374700546265,0.9289649724960327,0.6835861802101135,0.3443797826766968,-1.1300362348556519,0.9553585648536682,0.6337025165557861,0.3443780839443207,-1.1325099468231201,0.8995479941368103,0.6850335001945496,0.35099613666534424,-1.0647637844085693,0.9056205153465271,0.6271344423294067,0.35241395235061646,-1.0612819194793701,0.8191055059432983,0.7038285732269287,0.4678282141685486,-0.012468051165342331,0.9995144605636597,0.5847471952438354,0.4656949043273926,0.012378009036183357,0.9996820688247681,0.7516514658927917,0.5658496022224426,-0.3208652138710022,0.9864868521690369,0.5260704159736633,0.5578205585479736,-0.4591161608695984,0.985795795917511,0.7286179065704346,0.6554361581802368,0.09892276674509048,0.9742509126663208,0.546731173992157,0.6543986201286316,-0.0006305214483290911,0.9907146692276001,0.7140254378318787,0.6669465899467468,0.12171468883752823,0.8714731335639954,0.5642378926277161,0.6676816940307617,0.028654441237449646,0.9126046299934387,0.7457122802734375,0.6877769827842712,-0.20373034477233887,0.9697514772415161,0.5251863598823547,0.6859108805656433,-0.2899251878261566,0.9818939566612244
59,squat,1,0.6576027274131775,0.27910909056663513,-0.740652859210968,0.999986469745636,0.6731264591217041,0.27058371901512146,-0.6970090866088867,0.999965488910675,0.6815254092216492,0.2706323266029358,-0.6970539093017578,0.9999678134918213,0.6901180148124695,0.2707468867301941,-0.6972116827964783,0.9999430179595947,0.6436470746994019,0.2704067826271057,-0.6932657361030579,0.9999613165855408,0.6341369152069092,0.2704716622829437,-0.6933754086494446,0.9999711513519287,0.6256342530250549,0.2705683410167694,-0.6933701634407043,0.9999626874923706,0.7038536071777344,0.27480363845825195,-0.412434846162796,0.9999536871910095,0.6154676675796509,0.2759256064891815,-0.3952498137950897,0.9999756813049316,0.6748314499855042,0.29094797372817993,-0.6320927143096924,0.9999847412109375,0.6414370536804199,0.29030531644821167,-0.6278659701347351,0.9999875426292419,0.7564218640327454,0.33399632573127747,-0.25082382559776306,0.9997780323028564,0.5601485371589661,0.33524104952812195,-0.21488824486732483,0.9998239278793335,0.8235258460044861,0.40668123960494995,-0.582758367061615,0.9965553879737854,0.48058199882507324,0.4002123773097992,-0.5626832842826843,0.9929190874099731,0.7070164680480957,0.355759859085083,-1.0468623638153076,0.990962564945221,0.591418981552124,0.35661959648132324,-1.093705654144287,0.9773433208465576,0.6869359612464905,0.3393237888813019,-1.1488957405090332,0.965261697769165,0.6277236342430115,0.33610600233078003,-1.2076008319854736,0.922734797000885,0.683820903301239,0.3353527784347534,-1.1167223453521729,0.9555521607398987,0.6342915892601013,0.33271247148513794,-1.1675487756729126,0.8938354849815369,0.6854130029678345,0.34181898832321167,-1.0427995920181274,0.9074105620384216,0.6279727220535278,0.34016457200050354,-1.0896201133728027,0.8146041035652161,0.7051464319229126,0.4614607095718384,-0.012627367861568928,0.9995207786560059,0.5861241221427917,0.4599898159503937,0.012554250657558441,0.9996808767318726,0.7502824068069458,0.5642391443252563,-0.20886416733264923,0.987423300743103,0.5289779305458069,0.5578693151473999,-0.2909986078739166,0.9869669079780579,0.7286444306373596,0.655009925365448,0.23816746473312378,0.9762605428695679,0.5466957092285156,0.6540057063102722,0.1658880114555359,0.9912930727005005,0.7144075632095337,0.6669384837150574,0.2646081745624542,0.876420259475708,0.5641372799873352,0.6673977375030518,0.19511659443378448,0.9148917198181152,0.7453481554985046,0.6876518130302429,-0.060066137462854385,0.9715947508811951,0.5260983109474182,0.6858360171318054,-0.12493583559989929,0.9828227162361145
60,squat,1,0.6586002707481384,0.2709781527519226,-0.7250087261199951,0.999986469745636,0.6741063594818115,0.261974960565567,-0.680081844329834,0.9999666810035706,0.6825911998748779,0.2619640827178955,-0.6801314353942871,0.9999685287475586,0.6913809180259705,0.2620949149131775,-0.6802793741226196,0.9999459981918335,0.6443893909454346,0.26229357719421387,-0.6762695908546448,0.9999628663063049,0.6350151300430298,0.26245754957199097,-0.676374614238739,0.9999715089797974,0.62629234790802,0.2628720700740814,-0.6763740181922913,0.9999640583992004,0.7050712704658508,0.2668497860431671,-0.39180344343185425,0.9999553561210632,0.6167065501213074,0.2683490812778473,-0.3743227422237396,0.9999758005142212,0.6760627031326294,0.2835497558116913,-0.6153187155723572,0.999984622001648,0.6428284049034119,0.2837090790271759,-0.6109322309494019,0.9999874234199524,0.7591590285301208,0.32664623856544495,-0.22512800991535187,0.9997824430465698,0.5610426664352417,0.3285904824733734,-0.1920788586139679,0.999812662601471,0.8250212073326111,0.40157535672187805,-0.5445115566253662,0.9962710738182068,0.4813396632671356,0.3948848843574524,-0.5263712406158447,0.9919969439506531,0.7072389721870422,0.35125482082366943,-1.010257601737976,0.9904570579528809,0.5915477871894836,0.3504406809806824,-1.0539443492889404,0.9753711819648743,0.6872768998146057,0.33610042929649353,-1.112431526184082,0.9639653563499451,0.6294642090797424,0.33140629529953003,-1.1678097248077393,0.9184221625328064,0.6839700937271118,0.3318457305431366,-1.081633448600769,0.9547710418701172,0.6347091197967529,0.3277815282344818,-1.128909707069397,0.8902714848518372,0.6857411861419678,0.33780181407928467,-1.006677269935608,0.9075059294700623,0.6300191283226013,0.3345679044723511,-1.049647331237793,0.8124951720237732,0.7071493864059448,0.45635631680488586,-0.012891860678792,0.9995207190513611,0.5868576765060425,0.45517390966415405,0.012836038134992123,0.9996757507324219,0.748960554599762,0.5609554648399353,-0.22175678610801697,0.988180935382843,0.5311911106109619,0.5571513175964355,-0.3067435920238495,0.9879764318466187,0.7282111644744873,0.6548331379890442,0.2209378331899643,0.9780096411705017,0.5460978150367737,0.6536619663238525,0.15321460366249084,0.9917631149291992,0.7143646478652954,0.6669328808784485,0.2466282844543457,0.880302369594574,0.5636427998542786,0.6672114133834839,0.182555690407753,0.916664719581604,0.7439990639686584,0.6874498724937439,-0.08480127900838852,0.9731142520904541,0.5263213515281677,0.6856234669685364,-0.14293977618217468,0.9835434556007385
61,squat,1,0.6598952412605286,0.26389479637145996,-0.6804376840591431,0.9999862909317017,0.6752436757087708,0.2547566294670105,-0.6356576681137085,0.9999674558639526,0.6836994290351868,0.25458332896232605,-0.6357131600379944,0.9999688267707825,0.6924256086349487,0.2546825408935547,-0.6358342170715332,0.9999482035636902,0.6457501649856567,0.2551169991493225,-0.6321683526039124,0.9999639391899109,0.6363816261291504,0.2552902102470398,-0.6322500705718994,0.9999715089797974,0.6278051733970642,0.2556065022945404,-0.6322330832481384,0.9999650120735168,0.7059836387634277,0.25963327288627625,-0.3505913317203522,0.9999560117721558,0.6183691620826721,0.2606680691242218,-0.33496779203414917,0.9999750852584839,0.6771440505981445,0.2765369117259979,-0.5721701979637146,0.9999842047691345,0.6443071365356445,0.27713003754615784,-0.5682892799377441,0.9999870657920837,0.7608806490898132,0.3198356628417969,-0.18481746315956116,0.9997869729995728,0.5622599124908447,0.3221595287322998,-0.15058058500289917,0.9998002052307129,0.8258811831474304,0.39626047015190125,-0.4798164665699005,0.9959343671798706,0.483286589384079,0.39051899313926697,-0.46005332469940186,0.991061270236969,0.7082182168960571,0.34872984886169434,-0.9420058727264404,0.9900031685829163,0.5919323563575745,0.34647831320762634,-0.9852811694145203,0.9739531874656677,0.687274158000946,0.33548077940940857,-1.0423548221588135,0.9628473520278931,0.6308144927024841,0.32975324988365173,-1.0974152088165283,0.9156425595283508,0.6834167242050171,0.330990195274353,-1.0146772861480713,0.9541455507278442,0.6350990533828735,0.32499057054519653,-1.0615087747573853,0.8885001540184021,0.6856217980384827,0.3354409337043762,-0.9389540553092957,0.9078032970428467,0.630952000617981,0.33053359389305115,-0.9814013838768005,0.8125042915344238,0.7094475030899048,0.4524226784706116,-0.012908777222037315,0.9995226860046387,0.5885019898414612,0.45083314180374146,0.01285631861537695,0.9996680617332458,0.7481793165206909,0.5576562881469727,-0.18784813582897186,0.9888782501220703,0.5362348556518555,0.5535878539085388,-0.25774502754211426,0.9888848662376404,0.7280420660972595,0.654835045337677,0.2346011847257614,0.9796603918075562,0.5458313822746277,0.6525663733482361,0.1768566370010376,0.9922020435333252,0.7139064073562622,0.6672183871269226,0.25850212574005127,0.8844584226608276,0.5634542107582092,0.6659784913063049,0.20376069843769073,0.9181479215621948,0.7437011003494263,0.6873573064804077,-0.07138625532388687,0.9746729731559753,0.5293816924095154,0.6853932738304138,-0.11883476376533508,0.9842590093612671
62,squat,1,0.6612946391105652,0.2577091455459595,-0.6868685483932495,0.9999864101409912,0.6762561202049255,0.24843336641788483,-0.6423117518424988,0.9999687671661377,0.6846564412117004,0.2482215315103531,-0.6423563957214355,0.9999698400497437,0.6932175159454346,0.2481679916381836,-0.6424559950828552,0.9999510049819946,0.6472018361091614,0.24850381910800934,-0.6389129161834717,0.9999653697013855,0.6377512812614441,0.24856068193912506,-0.6389867067337036,0.9999721050262451,0.6293732523918152,0.2487214207649231,-0.6389556527137756,0.9999663829803467,0.7067086696624756,0.25284215807914734,-0.3531425893306732,0.9999575614929199,0.6199192404747009,0.2540321946144104,-0.33882954716682434,0.99997478723526,0.6780073642730713,0.2700357139110565,-0.5769636034965515,0.9999844431877136,0.6459062695503235,0.2709079086780548,-0.5735239386558533,0.9999871253967285,0.762887179851532,0.3139461874961853,-0.1782883256673813,0.9997974038124084,0.5659689903259277,0.3163042366504669,-0.1387721598148346,0.999789834022522,0.8269397616386414,0.3914095461368561,-0.45326998829841614,0.995637059211731,0.4853370487689972,0.3859897255897522,-0.43035537004470825,0.9900485277175903,0.7147199511528015,0.3488847017288208,-0.9363701343536377,0.9896496534347534,0.5930096507072449,0.34451642632484436,-0.973991334438324,0.9727613925933838,0.6918864846229553,0.3367544710636139,-1.0415418148040771,0.9621077179908752,0.6314833760261536,0.3315446674823761,-1.0889132022857666,0.9138330817222595,0.6856181621551514,0.3323378562927246,-1.0196220874786377,0.9539245367050171,0.6357624530792236,0.32597672939300537,-1.0573290586471558,0.8878013491630554,0.6874462962150574,0.33548593521118164,-0.9355345964431763,0.9086864590644836,0.6315786242485046,0.33020108938217163,-0.9714283347129822,0.8135290145874023,0.7122645378112793,0.448820024728775,-0.014192433096468449,0.9995296001434326,0.5921398997306824,0.44693514704704285,0.01414136029779911,0.9996549487113953,0.7471123337745667,0.5546915531158447,-0.15581375360488892,0.9895058274269104,0.5406997203826904,0.5507370829582214,-0.18333886563777924,0.989667534828186,0.7279456853866577,0.6545354723930359,0.27151286602020264,0.9811630249023438,0.5458171367645264,0.6510069966316223,0.24454103410243988,0.992541491985321,0.7139018774032593,0.667222261428833,0.2955605089664459,0.8875762820243835,0.5634370446205139,0.6637043952941895,0.27081164717674255,0.9185266494750977,0.742656946182251,0.6868979334831238,-0.04259370267391205,0.976150393486023,0.5350143313407898,0.6852966547012329,-0.05394257977604866,0.9848331212997437
63,squat,1,0.662139356136322,0.24547964334487915,-0.71607905626297,0.9999871253967285,0.6769922971725464,0.23611727356910706,-0.6724295020103455,0.9999709129333496,0.685469925403595,0.23610606789588928,-0.6724571585655212,0.9999718070030212,0.6942963004112244,0.23612216114997864,-0.6725332736968994,0.9999546408653259,0.648004412651062,0.23647703230381012,-0.6681742668151855,0.9999677538871765,0.6388632655143738,0.23659127950668335,-0.6682571768760681,0.9999738335609436,0.630728006362915,0.23688632249832153,-0.6682204008102417,0.9999687075614929,0.7080717086791992,0.24060583114624023,-0.37722694873809814,0.9999604821205139,0.621545135974884,0.24319785833358765,-0.3591763973236084,0.9999759197235107,0.679248034954071,0.25801002979278564,-0.603205680847168,0.9999853372573853,0.6474304795265198,0.25856494903564453,-0.5987269282341003,0.9999878406524658,0.7659154534339905,0.3037228584289551,-0.18992199003696442,0.999810516834259,0.5696859955787659,0.30610066652297974,-0.14386774599552155,0.9997918605804443,0.828360915184021,0.38127487897872925,-0.445115864276886,0.9955080151557922,0.48906368017196655,0.3780655562877655,-0.4237399399280548,0.9895906448364258,0.715070366859436,0.3458637297153473,-0.9479081630706787,0.9896388649940491,0.5975284576416016,0.33935225009918213,-0.9916226863861084,0.9728368520736694,0.6918157339096069,0.33505773544311523,-1.057925820350647,0.962418258190155,0.6320793032646179,0.32805243134498596,-1.1108609437942505,0.9151734709739685,0.6856685280799866,0.32925912737846375,-1.0421241521835327,0.9548220634460449,0.6358513832092285,0.3225306570529938,-1.0819166898727417,0.8906264305114746,0.6876218318939209,0.3318061828613281,-0.9492185115814209,0.9113049507141113,0.6323836445808411,0.3258119523525238,-0.9898442625999451,0.8190411329269409,0.7181515693664551,0.44201764464378357,-0.01667223870754242,0.9995309710502625,0.5977603197097778,0.43945634365081787,0.016608433797955513,0.9996397495269775,0.7456209063529968,0.5517139434814453,-0.11481929570436478,0.9901325702667236,0.5453235507011414,0.5480248928070068,-0.10237523913383484,0.9903891086578369,0.7279494404792786,0.6541382670402527,0.3626619577407837,0.9825136065483093,0.5458075404167175,0.6505208611488342,0.33917808532714844,0.9928439855575562,0.7139534950256348,0.6669293642044067,0.3918322026729584,0.8897712826728821,0.5634171962738037,0.6630644798278809,0.36618170142173767,0.9180042743682861,0.7406414747238159,0.6867141723632812,0.04721791669726372,0.9775440692901611,0.5403271317481995,0.685244619846344,0.03037906251847744,0.9852959513664246
64,squat,1,0.663224995136261,0.23896212875843048,-0.7271294593811035,0.9999875426292419,0.6775897741317749,0.22904521226882935,-0.6846003532409668,0.999972403049469,0.6859771013259888,0.2286010980606079,-0.6846202611923218,0.9999729990959167,0.6948071122169495,0.22842945158481598,-0.6846804618835449,0.9999573230743408,0.6491329073905945,0.23005618155002594,-0.6794466376304626,0.9999695420265198,0.6400385499000549,0.23039257526397705,-0.6795364022254944,0.9999750256538391,0.632474422454834,0.23079024255275726,-0.6795054078102112,0.9999704957008362,0.7089026570320129,0.2332604080438614,-0.3929925858974457,0.9999622106552124,0.6235798001289368,0.23609331250190735,-0.370695024728775,0.9999762773513794,0.6804454326629639,0.2518382668495178,-0.615450918674469,0.9999858736991882,0.6491286754608154,0.25270602107048035,-0.6097056269645691,0.9999882578849792,0.7701259255409241,0.29840758442878723,-0.20449413359165192,0.9998189806938171,0.5712428092956543,0.30074459314346313,-0.14935581386089325,0.999792218208313,0.8319373726844788,0.378233939409256,-0.44929468631744385,0.9954339861869812,0.49350762367248535,0.37489053606987,-0.4133192002773285,0.9891653656959534,0.7173492312431335,0.34496673941612244,-0.9480094909667969,0.9895291924476624,0.5978464484214783,0.33997952938079834,-0.9859440326690674,0.9731472730636597,0.6915661096572876,0.3346964418888092,-1.0581843852996826,0.9623303413391113,0.6306757926940918,0.32932519912719727,-1.1062825918197632,0.9170313477516174,0.6850412487983704,0.32845911383628845,-1.0429404973983765,0.9552359580993652,0.6358692049980164,0.3226218819618225,-1.0801278352737427,0.8939625024795532,0.6876000165939331,0.3306536376476288,-0.948990523815155,0.9131151437759399,0.6319047808647156,0.3251835107803345,-0.9850517511367798,0.8252611756324768,0.7231432795524597,0.4377133846282959,-0.01981104351580143,0.999504566192627,0.6026623249053955,0.43517157435417175,0.01972181908786297,0.9996060729026794,0.7436679005622864,0.549038827419281,-0.06355977058410645,0.9905883073806763,0.5499268770217896,0.5462839007377625,-0.05436532199382782,0.9909582734107971,0.7280763387680054,0.6528693437576294,0.41485121846199036,0.9835564494132996,0.545805037021637,0.650421142578125,0.3823075294494629,0.9929983615875244,0.7149608135223389,0.6654407382011414,0.44415146112442017,0.8892872333526611,0.5630930662155151,0.6632153987884521,0.4087384343147278,0.9159080982208252,0.7368133068084717,0.6860333681106567,0.10453660786151886,0.9785416722297668,0.5411773920059204,0.6852086186408997,0.07561527192592621,0.9854686856269836
65,squat,1,0.6651572585105896,0.2350197285413742,-0.7410017251968384,0.9999881386756897,0.6792759895324707,0.22533616423606873,-0.6989153027534485,0.9999741911888123,0.6876984238624573,0.22503496706485748,-0.6989394426345825,0.9999745488166809,0.6968302130699158,0.22480417788028717,-0.6990009546279907,0.9999602437019348,0.6511996984481812,0.22585181891918182,-0.6931456923484802,0.9999716281890869,0.6419624090194702,0.22605659067630768,-0.6932351589202881,0.9999765157699585,0.6344600319862366,0.22619011998176575,-0.6931923031806946,0.9999724626541138,0.7111210227012634,0.22887051105499268,-0.4077097177505493,0.9999644160270691,0.6258156299591064,0.23209571838378906,-0.3831372857093811,0.999977171421051,0.6822800636291504,0.2474445104598999,-0.6295462846755981,0.9999865889549255,0.6513358950614929,0.24859370291233063,-0.6230841279029846,0.9999887943267822,0.7747161984443665,0.29325178265571594,-0.21794810891151428,0.9998292326927185,0.5732251405715942,0.2964513301849365,-0.1588081270456314,0.9997967481613159,0.8374124765396118,0.3746902346611023,-0.4510815739631653,0.9954825639724731,0.497706800699234,0.3725633919239044,-0.41315731406211853,0.9888851642608643,0.7200704216957092,0.34581539034843445,-0.9462516903877258,0.9897143244743347,0.5983111262321472,0.33996808528900146,-0.9871004223823547,0.9738451242446899,0.691733717918396,0.3367941081523895,-1.0582802295684814,0.9630757570266724,0.6306501030921936,0.3305554687976837,-1.1076273918151855,0.9199317693710327,0.6849105358123779,0.3303747773170471,-1.0454630851745605,0.9564897418022156,0.6361790895462036,0.3240966796875,-1.0858433246612549,0.8983699083328247,0.6876744031906128,0.332000195980072,-0.9476158618927002,0.9162015318870544,0.632043182849884,0.32634827494621277,-0.9877227544784546,0.8328713178634644,0.7279347777366638,0.4345885217189789,-0.020757829770445824,0.9994978308677673,0.6064375042915344,0.43208539485931396,0.02065926417708397,0.9995875954627991,0.7435204386711121,0.5489964485168457,-0.05221550166606903,0.9909732937812805,0.5534462928771973,0.5459926724433899,-0.030292395502328873,0.9914847016334534,0.7272523641586304,0.6527696251869202,0.39875510334968567,0.9845101833343506,0.5458056926727295,0.6502007842063904,0.38844332098960876,0.9931479692459106,0.7135211229324341,0.6657498478889465,0.4250427484512329,0.8915929198265076,0.5630099177360535,0.6633097529411316,0.4128552973270416,0.9145897626876831,0.7371765971183777,0.6855524778366089,0.09019657224416733,0.9794812202453613,0.5410923361778259,0.6849313974380493,0.08507701754570007,0.9856477975845337
66,squat,1,0.6666671633720398,0.2311507612466812,-0.7267681956291199,0.9999886155128479,0.681029736995697,0.22077128291130066,-0.6866220831871033,0.9999757409095764,0.689613938331604,0.22055332362651825,-0.6866599917411804,0.999975860118866,0.6989049315452576,0.22021903097629547,-0.6867120265960693,0.9999628067016602,0.6529696583747864,0.22152651846408844,-0.6796050667762756,0.9999733567237854,0.6438003182411194,0.22178813815116882,-0.6796862483024597,0.999977707862854,0.6363816261291504,0.2221211940050125,-0.679638147354126,0.9999741315841675,0.713356077671051,0.22423936426639557,-0.39658644795417786,0.9999662637710571,0.6285794973373413,0.2284376472234726,-0.36741864681243896,0.999977707862854,0.6842363476753235,0.2428663969039917,-0.6150951981544495,0.9999873042106628,0.6529595851898193,0.24430078268051147,-0.6072171330451965,0.9999893307685852,0.7796509265899658,0.2882399559020996,-0.1990354061126709,0.9998407959938049,0.5759475231170654,0.29105067253112793,-0.13363876938819885,0.9998040199279785,0.8429570198059082,0.3717714250087738,-0.4025537669658661,0.9955052733421326,0.503307044506073,0.36957404017448425,-0.36350712180137634,0.9885293245315552,0.7206829786300659,0.346871554851532,-0.9025031328201294,0.989997386932373,0.5968784689903259,0.3377106189727783,-0.9556414484977722,0.9745110273361206,0.691381573677063,0.3389054238796234,-1.0164374113082886,0.9642038345336914,0.6278117895126343,0.33147329092025757,-1.0779671669006348,0.9228830337524414,0.6843792796134949,0.332529753446579,-1.009778618812561,0.9581521153450012,0.6335698366165161,0.3241748511791229,-1.062337040901184,0.9028066992759705,0.687731146812439,0.3334008753299713,-0.9058842658996582,0.9198333024978638,0.6285898685455322,0.3252904415130615,-0.9588600397109985,0.840449333190918,0.732903778553009,0.4313299059867859,-0.020378274843096733,0.9994905591011047,0.6102263331413269,0.4293142259120941,0.020266640931367874,0.9995631575584412,0.743705153465271,0.5482443571090698,-0.040303848683834076,0.9911473393440247,0.5594847798347473,0.5439813137054443,-0.02142356149852276,0.9918093681335449,0.7270939350128174,0.6525106430053711,0.42453330755233765,0.9850711822509766,0.5456267595291138,0.6497084498405457,0.4042113125324249,0.9930304288864136,0.7128227353096008,0.6656814217567444,0.4524490237236023,0.8917462825775146,0.5612462759017944,0.6626493334770203,0.4295269548892975,0.9097869992256165,0.7374367713928223,0.6852884292602539,0.11539015918970108,0.9798858165740967,0.5430899858474731,0.6847108602523804,0.09200941771268845,0.9853596091270447
67,squat,1,0.667190670967102,0.2273389995098114,-0.6912686824798584,0.999988317489624,0.6820629239082336,0.21710260212421417,-0.6512397527694702,0.9999760985374451,0.6910597681999207,0.2167409062385559,-0.6512972712516785,0.9999758005142212,0.7002706527709961,0.21642574667930603,-0.6513450145721436,0.9999638199806213,0.6538689732551575,0.21807481348514557,-0.6449129581451416,0.9999737739562988,0.6449955105781555,0.21838682889938354,-0.6449938416481018,0.9999775886535645,0.6378433704376221,0.21877087652683258,-0.6449471712112427,0.9999746680259705,0.7154867649078369,0.22046531736850739,-0.3578929901123047,0.9999665021896362,0.6314789652824402,0.22485442459583282,-0.33011916279792786,0.9999760985374451,0.6854005455970764,0.23815831542015076,-0.5782327055931091,0.9999875426292419,0.6536234021186829,0.23970629274845123,-0.570652186870575,0.9999893307685852,0.7836958169937134,0.28336262702941895,-0.15014687180519104,0.9998493790626526,0.5840404629707336,0.2890547215938568,-0.08872760087251663,0.9998032450675964,0.8529256582260132,0.36512210965156555,-0.32645848393440247,0.9951944351196289,0.5189182758331299,0.36566829681396484,-0.27833840250968933,0.9865224361419678,0.7233904004096985,0.34923261404037476,-0.8444575667381287,0.9890631437301636,0.5905895829200745,0.3402443826198578,-0.8792715668678284,0.972663938999176,0.6903959512710571,0.3450029194355011,-0.961857795715332,0.9620596170425415,0.6100170612335205,0.33286648988723755,-1.0032254457473755,0.9211516380310059,0.6808153986930847,0.3365936279296875,-0.9613156914710999,0.9564534425735474,0.6146335005760193,0.32678771018981934,-1.003085970878601,0.9022397398948669,0.6874386668205261,0.33476322889328003,-0.8511484265327454,0.9181812405586243,0.6141817569732666,0.32867029309272766,-0.8894279599189758,0.841113805770874,0.7396103739738464,0.4276049733161926,-0.0157138891518116,0.9994748830795288,0.6193550229072571,0.42583122849464417,0.015571807511150837,0.9995163679122925,0.7437612414360046,0.5452337861061096,-0.060774579644203186,0.9912330508232117,0.5680535435676575,0.5421565771102905,-0.030138781294226646,0.9918990731239319,0.727583110332489,0.6506105661392212,0.42947667837142944,0.985483705997467,0.5450021028518677,0.6479805111885071,0.4011143743991852,0.9927861094474792,0.7133263349533081,0.6637236475944519,0.45904555916786194,0.8895040154457092,0.5568650364875793,0.6607007384300232,0.4256584942340851,0.9029136896133423,0.7376073002815247,0.6852582693099976,0.10331955552101135,0.9800994396209717,0.5445207357406616,0.6847010254859924,0.06701847165822983,0.9849762916564941
68,squat,1,0.6668248176574707,0.2269156575202942,-0.6603026986122131,0.999987781047821,0.6817721128463745,0.2173273116350174,-0.6230276823043823,0.9999759793281555,0.6909979581832886,0.21674224734306335,-0.6230850219726562,0.9999752640724182,0.7001926898956299,0.21604466438293457,-0.6231139898300171,0.9999642968177795,0.6538373231887817,0.2183750867843628,-0.6155628561973572,0.9999735355377197,0.6448554992675781,0.21866105496883392,-0.6156390309333801,0.9999767541885376,0.6376142501831055,0.219025656580925,-0.6155955791473389,0.9999744892120361,0.7156045436859131,0.21904993057250977,-0.3385802209377289,0.999966025352478,0.6327846646308899,0.22384171187877655,-0.3045620322227478,0.999972939491272,0.6854094862937927,0.2372596114873886,-0.5500825643539429,0.9999876022338867,0.6535166501998901,0.23850691318511963,-0.5405474305152893,0.9999890327453613,0.7874183654785156,0.28031349182128906,-0.12531913816928864,0.999858558177948,0.5920834541320801,0.2875438630580902,-0.06727389246225357,0.9998022317886353,0.8604975342750549,0.3605937361717224,-0.2711285650730133,0.9949145913124084,0.5320741534233093,0.3655495345592499,-0.23293781280517578,0.9846524596214294,0.7408668398857117,0.3523661494255066,-0.7724588513374329,0.9884070754051208,0.5867401361465454,0.3419078588485718,-0.8237924575805664,0.9714246392250061,0.7028253078460693,0.35342058539390564,-0.8862490653991699,0.960773766040802,0.6033009886741638,0.33354100584983826,-0.9463062286376953,0.9207351803779602,0.6946199536323547,0.34515294432640076,-0.8963015079498291,0.9556112885475159,0.6060835123062134,0.3275511860847473,-0.9518193006515503,0.9030647873878479,0.7058990597724915,0.34227070212364197,-0.782761812210083,0.9179943203926086,0.6064744591712952,0.32956600189208984,-0.8360933065414429,0.84371417760849,0.7470038533210754,0.426485538482666,-0.009794303216040134,0.9994543194770813,0.6268832087516785,0.4241234064102173,0.009637623094022274,0.9994643926620483,0.7439103126525879,0.5453758835792542,-0.05278873071074486,0.9912926554679871,0.5731254816055298,0.5420329570770264,-0.03464001789689064,0.9920425415039062,0.7285344004631042,0.6490338444709778,0.419497549533844,0.9858496189117432,0.5449082255363464,0.6480048894882202,0.370039165019989,0.9926291704177856,0.7133861780166626,0.6620475053787231,0.4470604658126831,0.8876150846481323,0.5547544360160828,0.6608704328536987,0.39212530851364136,0.8967166543006897,0.7373668551445007,0.6852636933326721,0.09366379678249359,0.9802706837654114,0.5455058217048645,0.6845542192459106,0.03347214311361313,0.9847357273101807
69,squat,1,0.6658274531364441,0.22606097161769867,-0.6091516613960266,0.9999871850013733,0.6807230710983276,0.2162492871284485,-0.5729966163635254,0.9999753832817078,0.6905720233917236,0.21566827595233917,-0.5730893015861511,0.9999744892120361,0.6997962594032288,0.21507833898067474,-0.573144793510437,0.9999645948410034,0.6536073088645935,0.21764613687992096,-0.5615214705467224,0.9999722242355347,0.6447678208351135,0.21826699376106262,-0.5615597367286682,0.9999746680259705,0.637455940246582,0.21864213049411774,-0.5615276098251343,0.9999727606773376,0.7155420780181885,0.21794787049293518,-0.2967411279678345,0.9999657869338989,0.6346945762634277,0.2227099984884262,-0.24412062764167786,0.9999674558639526,0.6852940917015076,0.2363540530204773,-0.5019006729125977,0.9999878406524658,0.6533685922622681,0.23727604746818542,-0.48715630173683167,0.9999884366989136,0.7904118895530701,0.2775134742259979,-0.09780368208885193,0.9998695850372314,0.5997094511985779,0.28518542647361755,-0.007067113183438778,0.9997987151145935,0.8673365116119385,0.35663825273513794,-0.2210090011358261,0.9949970245361328,0.5516310930252075,0.35876065492630005,-0.11678460240364075,0.9773698449134827,0.7394763827323914,0.35749587416648865,-0.6711104512214661,0.9883639216423035,0.5878835320472717,0.35431623458862305,-0.6753873825073242,0.9623985886573792,0.7013697624206543,0.365814208984375,-0.7840412259101868,0.9610897302627563,0.6030431389808655,0.3623000681400299,-0.7960526943206787,0.909978449344635,0.6941303610801697,0.35828590393066406,-0.7955586910247803,0.9564175009727478,0.6058644652366638,0.3564077913761139,-0.8213465809822083,0.893490731716156,0.703096866607666,0.35452765226364136,-0.6803996562957764,0.9201538562774658,0.6065871715545654,0.3529014587402344,-0.6967642307281494,0.8343719840049744,0.7494480609893799,0.42429324984550476,-0.010567071847617626,0.9994567632675171,0.6332334876060486,0.42140886187553406,0.0104434285312891,0.9994370937347412,0.7438753247261047,0.5454140901565552,-0.055235352367162704,0.9916103482246399,0.5756173133850098,0.5391245484352112,-0.025023652240633965,0.9922804236412048,0.7285439968109131,0.6485985517501831,0.38815781474113464,0.9865802526473999,0.5448394417762756,0.6472693681716919,0.35842427611351013,0.9927225708961487,0.7131196856498718,0.660061776638031,0.41307154297828674,0.8877112865447998,0.554611325263977,0.6595504879951477,0.37786778807640076,0.8936023116111755,0.7337724566459656,0.685046911239624,0.05740051716566086,0.9810004234313965,0.5451664328575134,0.6845437288284302,0.022690823301672935,0.9849395751953125
70,squat,1,0.6649794578552246,0.22892479598522186,-0.4556303918361664,0.9999871850013733,0.6800328493118286,0.21812672913074493,-0.42545661330223083,0.9999755024909973,0.6905283331871033,0.21713398396968842,-0.4255734980106354,0.9999746084213257,0.6996555924415588,0.216231569647789,-0.4256560206413269,0.9999659061431885,0.6534971594810486,0.21950466930866241,-0.40765851736068726,0.999971330165863,0.6447187066078186,0.21975384652614594,-0.40762776136398315,0.9999727606773376,0.6376402974128723,0.22000929713249207,-0.4075332581996918,0.9999708533287048,0.7161210179328918,0.2183263748884201,-0.17311255633831024,0.9999672174453735,0.638091504573822,0.22276388108730316,-0.09216827899217606,0.999961256980896,0.685207188129425,0.2386535257101059,-0.35669511556625366,0.9999884963035583,0.6533787250518799,0.23949889838695526,-0.33376529812812805,0.9999881386756897,0.791945219039917,0.2762663662433624,-0.022015094757080078,0.9998816847801208,0.6114206314086914,0.282237708568573,0.14606328308582306,0.999796450138092,0.8716867566108704,0.35216018557548523,-0.1489832103252411,0.9952658414840698,0.5855311751365662,0.34536898136138916,0.03979020193219185,0.959278404712677,0.7579381465911865,0.3620654344558716,-0.5604177713394165,0.9890602231025696,0.5858590602874756,0.36085107922554016,-0.5286060571670532,0.9507296085357666,0.7185148000717163,0.37399181723594666,-0.6703944802284241,0.9635342359542847,0.5865350961685181,0.3697206974029541,-0.6459380388259888,0.8991429805755615,0.70525723695755,0.3670828640460968,-0.686136782169342,0.9593394994735718,0.5880085825920105,0.3651752471923828,-0.6861687302589417,0.8843141794204712,0.7144501209259033,0.3628999590873718,-0.570542573928833,0.9257038235664368,0.5921351909637451,0.3627874255180359,-0.5593169331550598,0.8267428874969482,0.750602126121521,0.4229922890663147,-0.023265061900019646,0.9994797110557556,0.6354633569717407,0.42102816700935364,0.023351799696683884,0.9994331002235413,0.7438748478889465,0.5455045104026794,-0.09436921775341034,0.9920684099197388,0.5774573683738708,0.5382755994796753,-0.047321878373622894,0.9925892353057861,0.7283116579055786,0.6488041281700134,0.3771960735321045,0.9873459339141846,0.544866144657135,0.6459710597991943,0.3240073323249817,0.9928934574127197,0.7125933766365051,0.6603050827980042,0.3871058523654938,0.8890643119812012,0.5547000169754028,0.6580601334571838,0.3437514305114746,0.8935905694961548,0.7282581329345703,0.6849868297576904,0.033738456666469574,0.9817524552345276,0.5452697277069092,0.6841750144958496,0.0012536370195448399,0.9852178692817688
71,squat,1,0.6595381498336792,0.22939340770244598,-0.4125930368900299,0.99998539686203,0.6750480532646179,0.2187996208667755,-0.4043593108654022,0.9999707341194153,0.6848244667053223,0.21781288087368011,-0.40447795391082764,0.9999704360961914,0.6947803497314453,0.21669436991214752,-0.40457525849342346,0.9999637007713318,0.6518312096595764,0.22083412110805511,-0.3676101565361023,0.9999634027481079,0.6445758938789368,0.2211005538702011,-0.36749184131622314,0.9999617338180542,0.6378453373908997,0.2214735746383667,-0.36741015315055847,0.9999592304229736,0.7157841920852661,0.21788308024406433,-0.23706012964248657,0.9999662637710571,0.6434338688850403,0.22336474061012268,-0.07322260737419128,0.9999375939369202,0.6826610565185547,0.23818455636501312,-0.34458160400390625,0.999988317489624,0.6528730392456055,0.239048570394516,-0.2960647642612457,0.9999856948852539,0.7922671437263489,0.27295568585395813,-0.09863708913326263,0.9998927712440491,0.6258691549301147,0.2758839726448059,0.2080465853214264,0.9998000264167786,0.8766395449638367,0.34734421968460083,-0.169679194688797,0.9955996870994568,0.6107586026191711,0.33780527114868164,0.39058905839920044,0.9287691712379456,0.77562016248703,0.3795950710773468,-0.3859691023826599,0.9898302555084229,0.5805739760398865,0.3778255581855774,0.09995980560779572,0.9389994144439697,0.7524691224098206,0.3968125879764557,-0.4655103385448456,0.9661871194839478,0.5717939734458923,0.39233046770095825,0.041634321212768555,0.8887436985969543,0.7327220439910889,0.3913878798484802,-0.497572124004364,0.9624009132385254,0.5735740661621094,0.38978666067123413,-0.033692143857479095,0.8762144446372986,0.7364226579666138,0.38612547516822815,-0.3962160348892212,0.9314241409301758,0.5787391066551208,0.3856257200241089,0.06099202111363411,0.8212195634841919,0.7518110871315002,0.42094212770462036,-0.06237098574638367,0.999482274055481,0.6383742094039917,0.41826432943344116,0.06263485550880432,0.999403715133667,0.7438617944717407,0.5443116426467896,-0.1353314220905304,0.9924289584159851,0.5784313082695007,0.5379297137260437,-0.04151536151766777,0.9928800463676453,0.7284064292907715,0.6486796736717224,0.1622541844844818,0.9880995750427246,0.554105818271637,0.6451635956764221,0.24438653886318207,0.9930515289306641,0.7125539183616638,0.6599187850952148,0.1738167554140091,0.8908279538154602,0.5748497843742371,0.6579873561859131,0.2504396140575409,0.8962922096252441,0.7257500290870667,0.6847478151321411,-0.13854800164699554,0.9824774265289307,0.5406491160392761,0.6801747679710388,-0.031569596379995346,0.9855328798294067
72,squat,1,0.6517302393913269,0.23113156855106354,-0.3776342570781708,0.9999825358390808,0.667153537273407,0.2202935665845871,-0.37867724895477295,0.999963641166687,0.6783039569854736,0.21865004301071167,-0.37878358364105225,0.9999642968177795,0.6886870861053467,0.21697859466075897,-0.37886589765548706,0.9999594688415527,0.6475595831871033,0.22257530689239502,-0.33426547050476074,0.9999539852142334,0.6425442099571228,0.22272442281246185,-0.3341715931892395,0.9999493956565857,0.6367871165275574,0.22298836708068848,-0.33413684368133545,0.9999462962150574,0.7147717475891113,0.21735094487667084,-0.2569888234138489,0.9999638795852661,0.6450111269950867,0.22356539964675903,-0.05625886097550392,0.9999147653579712,0.6780703663825989,0.23898665606975555,-0.3255532681941986,0.9999870657920837,0.6494609713554382,0.24067167937755585,-0.2667129933834076,0.9999808073043823,0.7929084300994873,0.27061784267425537,-0.1696287840604782,0.9999021291732788,0.6323480606079102,0.2753135561943054,0.2212170511484146,0.9998005628585815,0.8729103207588196,0.34702268242836,-0.20657384395599365,0.9958508610725403,0.6175864934921265,0.34160616993904114,0.4268695116043091,0.8915392756462097,0.7764397859573364,0.3909003436565399,-0.37965014576911926,0.9904218316078186,0.5782014727592468,0.38529932498931885,0.18152153491973877,0.924669086933136,0.7558833956718445,0.41065362095832825,-0.4573728144168854,0.9684081077575684,0.5673030614852905,0.4018881618976593,0.13230545818805695,0.8751216530799866,0.7368830442428589,0.40532827377319336,-0.49059998989105225,0.9649680256843567,0.5691288113594055,0.39871373772621155,0.050828538835048676,0.8647490739822388,0.7385013699531555,0.39966002106666565,-0.3900180757045746,0.9362661838531494,0.5745928883552551,0.3940441310405731,0.14057019352912903,0.8121760487556458,0.7538201212882996,0.41912564635276794,-0.09206589311361313,0.9994568228721619,0.642924427986145,0.4165824353694916,0.09237131476402283,0.999376118183136,0.7438149452209473,0.5428602695465088,-0.17723524570465088,0.9927173256874084,0.5796954035758972,0.5348817706108093,-0.03355187177658081,0.9931130409240723,0.7284408211708069,0.6486946940422058,0.08043510466814041,0.9887259602546692,0.5687175989151001,0.6451466083526611,0.21029837429523468,0.9931902885437012,0.7124889492988586,0.6600706577301025,0.08786359429359436,0.8915186524391174,0.5977288484573364,0.6586252450942993,0.21408914029598236,0.9005662202835083,0.7255126237869263,0.6846916675567627,-0.21398520469665527,0.9830339550971985,0.5276353359222412,0.677809476852417,-0.04650045558810234,0.9857962727546692
73,squat,1,0.6436948180198669,0.23154589533805847,-0.4165515899658203,0.9999800324440002,0.6574443578720093,0.22037138044834137,-0.42719611525535583,0.999957263469696,0.6673125624656677,0.21874117851257324,-0.42727845907211304,0.9999588131904602,0.6782147288322449,0.2169153392314911,-0.42736315727233887,0.9999555945396423,0.6397663354873657,0.22232426702976227,-0.37619081139564514,0.9999469518661499,0.6356897950172424,0.22248277068138123,-0.3761166036128998,0.9999399185180664,0.631563127040863,0.22259195148944855,-0.3761098086833954,0.9999361038208008,0.7107242941856384,0.21670222282409668,-0.31531012058258057,0.9999624490737915,0.6443208456039429,0.221976637840271,-0.10018046945333481,0.999900221824646,0.6691082715988159,0.23906920850276947,-0.37210777401924133,0.9999858140945435,0.6447242498397827,0.24083353579044342,-0.3045414388179779,0.9999761581420898,0.7935779094696045,0.2687195837497711,-0.28774136304855347,0.9999107718467712,0.6347559690475464,0.27281326055526733,0.19447055459022522,0.9998085498809814,0.870281994342804,0.3470813035964966,-0.26758819818496704,0.9960708022117615,0.6234250068664551,0.3419591784477234,0.41327372193336487,0.8491588234901428,0.7794309854507446,0.39457932114601135,-0.40370941162109375,0.9908076524734497,0.5790324211120605,0.38973572850227356,0.18830080330371857,0.907518208026886,0.7604665160179138,0.4165961444377899,-0.4763527512550354,0.9700557589530945,0.5683869123458862,0.40914618968963623,0.14752192795276642,0.8584096431732178,0.741316556930542,0.41043078899383545,-0.5099494457244873,0.9668895602226257,0.5688230395317078,0.4061621427536011,0.061149269342422485,0.8501439690589905,0.7421438694000244,0.4040353298187256,-0.4125839173793793,0.9399804472923279,0.5748196244239807,0.4003683030605316,0.14535827934741974,0.8001295328140259,0.7555451989173889,0.4196349084377289,-0.11764317750930786,0.9994405508041382,0.646651029586792,0.4171166718006134,0.11788860708475113,0.9993765354156494,0.7444485425949097,0.5434253811836243,-0.18456915020942688,0.9930415153503418,0.5790361166000366,0.5332754850387573,0.00358495838008821,0.9933822751045227,0.7279075384140015,0.6491361856460571,0.058798644691705704,0.9893962740898132,0.5877988934516907,0.6441865563392639,0.21410547196865082,0.9933908581733704,0.711563766002655,0.6622004508972168,0.06359777599573135,0.8946935534477234,0.615942656993866,0.6588088274002075,0.23771990835666656,0.9065541625022888,0.7260178923606873,0.6846145391464233,-0.22984382510185242,0.9837686419487,0.520463764667511,0.6750122308731079,0.01572730578482151,0.9862974286079407
74,squat,1,0.6356830596923828,0.23268620669841766,-0.40243083238601685,0.9999772310256958,0.6492597460746765,0.221583291888237,-0.4198090434074402,0.9999501705169678,0.6582577228546143,0.2202301025390625,-0.4198826849460602,0.9999527931213379,0.6684585809707642,0.21857081353664398,-0.4199706017971039,0.9999513030052185,0.6326048970222473,0.22334623336791992,-0.3634008765220642,0.9999397993087769,0.629490077495575,0.22342579066753387,-0.3633214831352234,0.9999303817749023,0.6261141896247864,0.22347156703472137,-0.3633246421813965,0.9999260306358337,0.7050941586494446,0.21800926327705383,-0.33797016739845276,0.9999608397483826,0.6435707211494446,0.2225593626499176,-0.09164819121360779,0.9998853206634521,0.660666286945343,0.24079261720180511,-0.3657016158103943,0.9999842643737793,0.6390877962112427,0.24251645803451538,-0.2911558151245117,0.9999709129333496,0.7927561402320862,0.26891717314720154,-0.31703606247901917,0.999918520450592,0.6380086541175842,0.2722414433956146,0.21140457689762115,0.9998164176940918,0.8697772026062012,0.34773391485214233,-0.2812545895576477,0.996285617351532,0.6313276290893555,0.34188854694366455,0.43579667806625366,0.806824266910553,0.7798241972923279,0.39954426884651184,-0.39469802379608154,0.9911446571350098,0.5794022083282471,0.3888600170612335,0.21789129078388214,0.8916706442832947,0.7643887400627136,0.42191410064697266,-0.4641173183917999,0.9715103507041931,0.5712614059448242,0.40823090076446533,0.17979378998279572,0.8435376882553101,0.7453552484512329,0.4156617224216461,-0.4986465275287628,0.9685773253440857,0.5713073015213013,0.4052044451236725,0.0934177115559578,0.8372882604598999,0.7451854944229126,0.40886905789375305,-0.40308213233947754,0.9432587027549744,0.5773416757583618,0.3994203209877014,0.17459365725517273,0.7894666194915771,0.7570101618766785,0.42039409279823303,-0.13191311061382294,0.9994238018989563,0.6513656377792358,0.41794100403785706,0.13211694359779358,0.9993759393692017,0.7463643550872803,0.5438059568405151,-0.19379882514476776,0.9933096766471863,0.5793886780738831,0.5326951742172241,0.025410857051610947,0.9935276508331299,0.7278590798377991,0.6502265334129333,0.013389840722084045,0.9899658560752869,0.6035966873168945,0.6440670490264893,0.2284020036458969,0.9934396743774414,0.7120077610015869,0.6643895506858826,0.014806903898715973,0.8975297808647156,0.6305803060531616,0.6589243412017822,0.24638746678829193,0.9117782115936279,0.7262063026428223,0.6846089959144592,-0.2732127606868744,0.98442542552948,0.5183101892471313,0.672499418258667,0.026646677404642105,0.98659747838974
75,squat,1,0.6264956593513489,0.23306117951869965,-0.38206079602241516,0.9999738335609436,0.6365978121757507,0.22171306610107422,-0.406348317861557,0.9999432563781738,0.6442624926567078,0.22018760442733765,-0.406444251537323,0.9999480843544006,0.6527215242385864,0.2183241844177246,-0.40655022859573364,0.9999477863311768,0.6224924921989441,0.2236236333847046,-0.34397852420806885,0.9999324679374695,0.6194576621055603,0.22370168566703796,-0.34390419721603394,0.9999213814735413,0.6167042255401611,0.22377310693264008,-0.34395498037338257,0.9999152421951294,0.6891407370567322,0.21666820347309113,-0.363330215215683,0.9999600648880005,0.6408188343048096,0.2221706211566925,-0.08648942410945892,0.9998677968978882,0.6505298018455505,0.2404630184173584,-0.35817691683769226,0.9999821782112122,0.6325074434280396,0.24273723363876343,-0.27617523074150085,0.9999625086784363,0.7843829393386841,0.2685908377170563,-0.38474881649017334,0.9999257326126099,0.6408396363258362,0.2730804681777954,0.21574188768863678,0.9998136758804321,0.8517465591430664,0.34784603118896484,-0.38150790333747864,0.99652498960495,0.6371533870697021,0.3432115316390991,0.4057309925556183,0.7594696283340454,0.7745370268821716,0.40453073382377625,-0.4277820289134979,0.9916020035743713,0.5801405310630798,0.3960758447647095,0.19892051815986633,0.8678460121154785,0.7568931579589844,0.4263659715652466,-0.49012741446495056,0.9731846451759338,0.5725781917572021,0.4161861538887024,0.16827324032783508,0.8202735781669617,0.7390422821044922,0.42151087522506714,-0.5203213095664978,0.9704844951629639,0.5723611116409302,0.4128970503807068,0.089284747838974,0.8159899115562439,0.7394344210624695,0.41536596417427063,-0.4324709177017212,0.9468360543251038,0.5781614184379578,0.4064921736717224,0.1582183688879013,0.7702813744544983,0.7561469674110413,0.42015886306762695,-0.16182368993759155,0.9993967413902283,0.6523704528808594,0.4182157516479492,0.16191114485263824,0.9993461966514587,0.7462716698646545,0.5434818863868713,-0.21891090273857117,0.993346631526947,0.5842609405517578,0.5332968235015869,0.0722469910979271,0.9927728772163391,0.7280526757240295,0.6515913605690002,-0.04339152202010155,0.9903490543365479,0.6301050782203674,0.6438461542129517,0.2382931262254715,0.992756724357605,0.7170339226722717,0.6669011116027832,-0.04416981711983681,0.9004125595092773,0.6560243368148804,0.6590436100959778,0.2519701421260834,0.9148020148277283,0.7248277068138123,0.6844626665115356,-0.3156155049800873,0.9848806262016296,0.523185670375824,0.6717098355293274,0.06068317964673042,0.9860207438468933
76,squat,1,0.6197723746299744,0.2336769700050354,-0.31722772121429443,0.9999716877937317,0.6299296617507935,0.22217658162117004,-0.33936598896980286,0.9999398589134216,0.6365372538566589,0.2206835001707077,-0.3394870460033417,0.9999462366104126,0.6446952819824219,0.2188260853290558,-0.3396168649196625,0.9999468326568604,0.6155247688293457,0.22431746125221252,-0.2771991789340973,0.9999281764030457,0.6128056049346924,0.22443975508213043,-0.2770825922489166,0.9999158382415771,0.6104693412780762,0.2245502769947052,-0.27708813548088074,0.9999080896377563,0.6784288287162781,0.21668532490730286,-0.31420454382896423,0.999960720539093,0.6356930732727051,0.2232823520898819,-0.02191684953868389,0.999854326248169,0.6444910764694214,0.2409813404083252,-0.2950611412525177,0.9999811053276062,0.627803385257721,0.24354366958141327,-0.21288688480854034,0.9999560117721558,0.7735955715179443,0.2674141824245453,-0.344557523727417,0.9999327063560486,0.6423431634902954,0.2754017412662506,0.2757914662361145,0.999808669090271,0.8337003588676453,0.3474991023540497,-0.3675524592399597,0.9967744946479797,0.6433088183403015,0.3460206091403961,0.45534414052963257,0.7138597369194031,0.7666983604431152,0.4068765342235565,-0.402316153049469,0.9921857714653015,0.5806885957717896,0.4000580608844757,0.2400461733341217,0.8473192453384399,0.7525129318237305,0.4282080829143524,-0.4692375361919403,0.9751401543617249,0.573340654373169,0.4199236035346985,0.20578578114509583,0.8012189269065857,0.7380819916725159,0.424081414937973,-0.49858060479164124,0.9726773500442505,0.5728976130485535,0.41732749342918396,0.1254855990409851,0.7985931038856506,0.7369312644004822,0.41798996925354004,-0.4069587290287018,0.9508400559425354,0.5785173177719116,0.41092583537101746,0.1979757398366928,0.7545301914215088,0.7558443546295166,0.42002496123313904,-0.1726834625005722,0.9993975758552551,0.6538339853286743,0.4186933934688568,0.172853022813797,0.9993292689323425,0.7458513379096985,0.5435120463371277,-0.23700931668281555,0.9933825731277466,0.592683732509613,0.5337053537368774,0.09095285832881927,0.9914743900299072,0.7280420660972595,0.6528151035308838,-0.0702095702290535,0.9906061291694641,0.6381930708885193,0.6438574194908142,0.24891625344753265,0.991536021232605,0.7182201743125916,0.6689422130584717,-0.0712229460477829,0.9031009674072266,0.662221372127533,0.6598756909370422,0.2540365159511566,0.9160621762275696,0.7229304909706116,0.6842636466026306,-0.3405126631259918,0.9851224422454834,0.530184268951416,0.6714416742324829,0.0691966786980629,0.9847276210784912
77,squat,1,0.6081783175468445,0.2340812236070633,-0.2175726592540741,0.9999716281890869,0.6179285645484924,0.22254933416843414,-0.2520052194595337,0.9999404549598694,0.6246327757835388,0.22104205191135406,-0.252089262008667,0.9999473094940186,0.6313670873641968,0.21928337216377258,-0.2521839141845703,0.9999485015869141,0.6072810292243958,0.22473083436489105,-0.18367122113704681,0.9999291896820068,0.6057597398757935,0.22486387193202972,-0.18357203900814056,0.9999170303344727,0.6043446660041809,0.2249731868505478,-0.18358775973320007,0.9999092221260071,0.6628133058547974,0.2171422392129898,-0.2827645540237427,0.9999625086784363,0.6313596367835999,0.22366641461849213,0.030151382088661194,0.9998552203178406,0.6310053467750549,0.2414933294057846,-0.21797551214694977,0.9999808669090271,0.6172699332237244,0.24403469264507294,-0.12829893827438354,0.9999527335166931,0.7608720064163208,0.2672294080257416,-0.3617248237133026,0.9999390840530396,0.6424946188926697,0.27667099237442017,0.3010549247264862,0.9998056292533875,0.823986828327179,0.3468887209892273,-0.3994607925415039,0.9970236420631409,0.6459449529647827,0.3464865982532501,0.4693998098373413,0.6696624159812927,0.7562621235847473,0.40713366866111755,-0.4073641002178192,0.9928150773048401,0.5810844302177429,0.4024773836135864,0.2972424328327179,0.8254532814025879,0.7507714629173279,0.4284777045249939,-0.4708607494831085,0.9771676063537598,0.5733692646026611,0.42192530632019043,0.2752472162246704,0.7801965475082397,0.7308635711669922,0.4244958162307739,-0.4901435673236847,0.9749228358268738,0.5725181102752686,0.4197302460670471,0.19795016944408417,0.7793456315994263,0.7274917960166931,0.4183793365955353,-0.4069010615348816,0.9548820853233337,0.5779834389686584,0.4136575162410736,0.25690534710884094,0.7367383241653442,0.7554633021354675,0.4199444353580475,-0.17997504770755768,0.9993893504142761,0.6563120484352112,0.4192047417163849,0.18007560074329376,0.9993191361427307,0.7443607449531555,0.5435830354690552,-0.23075202107429504,0.9934089183807373,0.6033218502998352,0.5340861082077026,0.11411280184984207,0.9894747138023376,0.7279239892959595,0.6538999080657959,-0.07495170086622238,0.9906927347183228,0.6400439143180847,0.6442857384681702,0.2533421516418457,0.9897559285163879,0.7189838290214539,0.6699768900871277,-0.07555925846099854,0.9048757553100586,0.6640374064445496,0.6617339253425598,0.25659453868865967,0.9152090549468994,0.722806990146637,0.6842591166496277,-0.32459962368011475,0.9852697253227234,0.5320585370063782,0.6718636751174927,0.08431875705718994,0.9829357862472534
78,squat,1,0.5993860960006714,0.23430697619915009,-0.20287880301475525,0.9999712705612183,0.6083757281303406,0.22290413081645966,-0.23371480405330658,0.9999411106109619,0.6137242317199707,0.22144222259521484,-0.2338138222694397,0.9999483823776245,0.6201162338256836,0.21974128484725952,-0.23392030596733093,0.999950110912323,0.5986528396606445,0.2249375283718109,-0.1671423614025116,0.9999296069145203,0.5973857641220093,0.2250538021326065,-0.1670200675725937,0.9999175071716309,0.5963163375854492,0.22518987953662872,-0.1669875830411911,0.9999091625213623,0.6520389914512634,0.2177138328552246,-0.25909578800201416,0.99996417760849,0.6253830194473267,0.22417519986629486,0.04624345153570175,0.9998524785041809,0.619784951210022,0.24193072319030762,-0.20223453640937805,0.9999805092811584,0.6082814335823059,0.2443128377199173,-0.11474468559026718,0.9999486207962036,0.7512171268463135,0.26830509305000305,-0.34698206186294556,0.999944806098938,0.6415045261383057,0.2773965001106262,0.3102186322212219,0.9997885227203369,0.8119281530380249,0.34802958369255066,-0.3892761170864105,0.997244656085968,0.6484506130218506,0.3477611839771271,0.47706425189971924,0.6224380135536194,0.7417066693305969,0.40724992752075195,-0.3732025921344757,0.9933607578277588,0.5812011957168579,0.40138816833496094,0.29629388451576233,0.7963938117027283,0.7335521578788757,0.42787471413612366,-0.4340014159679413,0.9789296984672546,0.5742926597595215,0.42000827193260193,0.2711670696735382,0.7543604969978333,0.7109231948852539,0.42420414090156555,-0.44943615794181824,0.9768801331520081,0.5731227397918701,0.4171624481678009,0.1941191554069519,0.7551618814468384,0.7106088995933533,0.4180128872394562,-0.3704005479812622,0.9584280252456665,0.5784909725189209,0.41093742847442627,0.2555527091026306,0.7134581208229065,0.7498504519462585,0.42004650831222534,-0.17932093143463135,0.9993889331817627,0.6552961468696594,0.4196814298629761,0.17942018806934357,0.9992976784706116,0.7424858212471008,0.5433443188667297,-0.22226691246032715,0.9934579133987427,0.6149438619613647,0.5351732969284058,0.14341336488723755,0.9874742031097412,0.7279685735702515,0.6538333892822266,-0.06501635909080505,0.990888774394989,0.645237147808075,0.644376814365387,0.2732847034931183,0.9884737730026245,0.7209290266036987,0.6697738170623779,-0.06542445719242096,0.9076489806175232,0.6679618954658508,0.6624457836151123,0.27063408493995667,0.9145914912223816,0.7228956818580627,0.6843571066856384,-0.31280189752578735,0.9856036901473999,0.5366085767745972,0.671846866607666,0.10133117437362671,0.981885552406311
79,squat,1,0.5807371139526367,0.23500901460647583,-0.11251960694789886,0.9999701380729675,0.5885797739028931,0.2237577587366104,-0.13765890896320343,0.9999397397041321,0.5946248769760132,0.22204327583312988,-0.13777410984039307,0.9999479055404663,0.6015125513076782,0.22017192840576172,-0.13787691295146942,0.9999499917030334,0.5798001289367676,0.2260437160730362,-0.07749380171298981,0.9999282956123352,0.5788201689720154,0.22622138261795044,-0.0773555263876915,0.9999160766601562,0.5781025290489197,0.22632819414138794,-0.07734808325767517,0.999906599521637,0.6342176795005798,0.21823619306087494,-0.15516258776187897,0.9999645352363586,0.6105178594589233,0.22445809841156006,0.1198095977306366,0.9998441338539124,0.602577269077301,0.24249084293842316,-0.1098962277173996,0.99997878074646,0.5905404090881348,0.24491603672504425,-0.030993172898888588,0.9999408721923828,0.7326847910881042,0.26890838146209717,-0.28462153673171997,0.9999498128890991,0.6374384760856628,0.2776641547679901,0.3481156826019287,0.9997621774673462,0.7884935140609741,0.3486415147781372,-0.34027159214019775,0.997407078742981,0.6418905854225159,0.35234713554382324,0.48198485374450684,0.5750499963760376,0.7191481590270996,0.4078097641468048,-0.29500555992126465,0.9937856197357178,0.58136385679245,0.4052776098251343,0.3264898657798767,0.753153383731842,0.7079280018806458,0.4286557137966156,-0.34704941511154175,0.9803939461708069,0.5743833780288696,0.42520037293434143,0.3068476915359497,0.7166920304298401,0.6843163371086121,0.42535242438316345,-0.35171782970428467,0.9785228371620178,0.5727816224098206,0.42241767048835754,0.2395770102739334,0.7186583280563354,0.6847466230392456,0.41872864961624146,-0.2882695496082306,0.9614545702934265,0.5781339406967163,0.4155329167842865,0.29044899344444275,0.6789031028747559,0.741838276386261,0.41942599415779114,-0.17710472643375397,0.9993748664855957,0.6546463370323181,0.4200039803981781,0.17721329629421234,0.9992554187774658,0.7295762896537781,0.5415573120117188,-0.2164807766675949,0.9933321475982666,0.6293363571166992,0.5368010401725769,0.14147339761257172,0.9832159280776978,0.7262188792228699,0.6530859470367432,-0.09983079880475998,0.9907687902450562,0.649055540561676,0.6449782848358154,0.2321397215127945,0.9857804179191589,0.7211008071899414,0.6695080399513245,-0.10149545967578888,0.9098389744758606,0.668684184551239,0.6637181043624878,0.22491692006587982,0.9099807739257812,0.7216606736183167,0.6841496229171753,-0.32149678468704224,0.9857451915740967,0.5374472737312317,0.6721351742744446,0.07589038461446762,0.9795703291893005
80,squat,1,0.5686582922935486,0.23559728264808655,-0.07505916804075241,0.9999696016311646,0.5767236948013306,0.22438926994800568,-0.10842809826135635,0.9999393820762634,0.5822126269340515,0.2226119041442871,-0.10851525515317917,0.9999481439590454,0.5887618064880371,0.2207815945148468,-0.10856276005506516,0.9999504685401917,0.5690032243728638,0.22661326825618744,-0.04656388610601425,0.9999284744262695,0.5685869455337524,0.22670932114124298,-0.04646366089582443,0.9999169111251831,0.568462610244751,0.22666896879673004,-0.04650811851024628,0.999907374382019,0.6223035454750061,0.21833443641662598,-0.16692623496055603,0.9999648332595825,0.6016813516616821,0.2247924655675888,0.11161442846059799,0.9998432993888855,0.5906651020050049,0.24328993260860443,-0.08927112817764282,0.9999773502349854,0.5797818303108215,0.24540077149868011,-0.008581116795539856,0.9999345541000366,0.7226067781448364,0.2693859338760376,-0.2926389276981354,0.999954342842102,0.6334022879600525,0.2778252065181732,0.31165605783462524,0.9997434616088867,0.7759483456611633,0.3489823341369629,-0.34777116775512695,0.9975531101226807,0.6393072605133057,0.3554740250110626,0.43610265851020813,0.5301049947738647,0.705078125,0.4079688787460327,-0.3135031759738922,0.9941387176513672,0.5815302133560181,0.4083133339881897,0.3041258752346039,0.7074047923088074,0.6943454146385193,0.4302128255367279,-0.35803183913230896,0.9816534519195557,0.5743500590324402,0.4293688237667084,0.2904132306575775,0.6755812168121338,0.6712550520896912,0.42694973945617676,-0.36157581210136414,0.9799349904060364,0.572114109992981,0.4272445738315582,0.22778239846229553,0.6785182952880859,0.6709164977073669,0.41968056559562683,-0.3058377504348755,0.9640654921531677,0.5773817300796509,0.4201359748840332,0.2706790268421173,0.6413394808769226,0.7344307899475098,0.419482946395874,-0.17874057590961456,0.9993741512298584,0.6521354913711548,0.42022648453712463,0.17867758870124817,0.9992308020591736,0.7158973217010498,0.5406126379966736,-0.21465834975242615,0.9932100176811218,0.6300326585769653,0.5368186831474304,0.14764423668384552,0.9750980734825134,0.7258835434913635,0.6529092788696289,-0.13027983903884888,0.9907233119010925,0.6471846103668213,0.6450112462043762,0.20657660067081451,0.9811535477638245,0.7259302735328674,0.6693440675735474,-0.13423670828342438,0.912348210811615,0.6704350113868713,0.6641115546226501,0.19831356406211853,0.9032586216926575,0.7079813480377197,0.683850109577179,-0.3360421657562256,0.9860725402832031,0.5381019115447998,0.6723328232765198,0.06343702971935272,0.9765826463699341
81,squat,1,0.5610105395317078,0.23697397112846375,-0.12430311739444733,0.9999642968177795,0.569118857383728,0.22557301819324493,-0.15695394575595856,0.999929666519165,0.5747112035751343,0.2237069010734558,-0.15703639388084412,0.9999412894248962,0.581195592880249,0.22189542651176453,-0.15708598494529724,0.999944806098938,0.5611335635185242,0.22782044112682343,-0.09580344706773758,0.9999182224273682,0.560701847076416,0.22787578403949738,-0.09571322053670883,0.999906063079834,0.5606123805046082,0.2277333289384842,-0.09576936066150665,0.9998951554298401,0.6141356825828552,0.21927747130393982,-0.19973896443843842,0.9999609589576721,0.5936740040779114,0.22502072155475616,0.07496581226587296,0.9998143911361694,0.5843485593795776,0.2448340803384781,-0.1320038139820099,0.999972403049469,0.5729343295097351,0.24683409929275513,-0.05217526853084564,0.9999150037765503,0.7129624485969543,0.2697705924510956,-0.33113840222358704,0.9999582767486572,0.6284498572349548,0.278666228055954,0.3021368682384491,0.9997036457061768,0.7654880881309509,0.3492371439933777,-0.38325774669647217,0.9976835250854492,0.6377441883087158,0.3577074408531189,0.4393112063407898,0.488557904958725,0.6922038793563843,0.408477783203125,-0.3350529968738556,0.9945217370986938,0.581658661365509,0.4095368981361389,0.31325021386146545,0.6709103584289551,0.678431510925293,0.4317728579044342,-0.37787941098213196,0.9829475283622742,0.5744585990905762,0.4295145869255066,0.3026880919933319,0.6433197259902954,0.6551653742790222,0.42847946286201477,-0.3801685869693756,0.9813674092292786,0.571570098400116,0.42736873030662537,0.2387622743844986,0.6471778154373169,0.6550869941711426,0.4210980534553528,-0.3261273503303528,0.9666731953620911,0.576664924621582,0.42048540711402893,0.279342919588089,0.6120803356170654,0.7290910482406616,0.4190010726451874,-0.18336504697799683,0.9993284940719604,0.6513604521751404,0.4203697443008423,0.18319496512413025,0.999141275882721,0.6963502764701843,0.5402083992958069,-0.1749671846628189,0.9929656386375427,0.6320070028305054,0.5368373990058899,0.1670852154493332,0.9673017859458923,0.7230396270751953,0.648621678352356,-0.06885767728090286,0.9904395341873169,0.6472026109695435,0.6436840891838074,0.2390589714050293,0.9754825830459595,0.7254511117935181,0.664047122001648,-0.06884082406759262,0.910687267780304,0.6717141270637512,0.6626218557357788,0.228759303689003,0.8926742672920227,0.6898388862609863,0.6821800470352173,-0.32937514781951904,0.9859580993652344,0.5485033988952637,0.6721959114074707,0.10645538568496704,0.9725595116615295
82,squat,1,0.553602933883667,0.23925432562828064,-0.19819799065589905,0.9999567270278931,0.5608699917793274,0.2277972400188446,-0.21569138765335083,0.999914824962616,0.5662438273429871,0.22610707581043243,-0.21582002937793732,0.9999299049377441,0.57268226146698,0.2243792861700058,-0.21592390537261963,0.9999357461929321,0.5530436635017395,0.22964251041412354,-0.16432294249534607,0.9999036192893982,0.5526046752929688,0.22963860630989075,-0.1642250120639801,0.9998891353607178,0.5525707006454468,0.22942736744880676,-0.1642301231622696,0.9998775124549866,0.6056670546531677,0.2219497263431549,-0.28878480195999146,0.9999552965164185,0.585330605506897,0.2263064980506897,0.019998881965875626,0.9997724890708923,0.5776203274726868,0.2474474012851715,-0.17157723009586334,0.9999646544456482,0.5663235187530518,0.2491619884967804,-0.11163990944623947,0.9998865127563477,0.7057600617408752,0.270096093416214,-0.4184236228466034,0.9999614953994751,0.6241253018379211,0.27914342284202576,0.2904418110847473,0.9996686577796936,0.7521383762359619,0.349449098110199,-0.47188764810562134,0.9978097081184387,0.6385802030563354,0.3577635586261749,0.4031035304069519,0.4500662088394165,0.6782175302505493,0.409570574760437,-0.34738796949386597,0.9948031306266785,0.5827231407165527,0.4111122488975525,0.26571089029312134,0.6348621249198914,0.6642574071884155,0.4329467713832855,-0.42740997672080994,0.9839016795158386,0.5747382044792175,0.43116432428359985,0.25636160373687744,0.6101453900337219,0.6439518332481384,0.4296274781227112,-0.43448683619499207,0.9824221134185791,0.5716354250907898,0.42939266562461853,0.19192181527614594,0.614854633808136,0.6448321342468262,0.4221038520336151,-0.36287206411361694,0.9686170220375061,0.5766536593437195,0.42243942618370056,0.23194684088230133,0.5824793577194214,0.7267941236495972,0.4191066324710846,-0.19083133339881897,0.9992636442184448,0.6511386036872864,0.4204792380332947,0.19061654806137085,0.9990833401679993,0.6805875897407532,0.5386371612548828,-0.16846691071987152,0.9926016926765442,0.6278406381607056,0.5359727144241333,0.1721116155385971,0.9578460454940796,0.7207584977149963,0.6422998309135437,-0.04890797287225723,0.9898694157600403,0.6419388651847839,0.6440958976745605,0.26980486512184143,0.9696418642997742,0.7271699905395508,0.6560366153717041,-0.04844540357589722,0.9081177115440369,0.666577160358429,0.6628677248954773,0.26457634568214417,0.8840892314910889,0.6689280271530151,0.6781988739967346,-0.2386949360370636,0.9855237007141113,0.5385739207267761,0.6722517609596252,0.1309053897857666,0.9678490161895752
83,squat,1,0.5451720952987671,0.24155385792255402,-0.2375202625989914,0.9999507665634155,0.5507327914237976,0.22998520731925964,-0.26744505763053894,0.9999057054519653,0.5557440519332886,0.22831130027770996,-0.26750779151916504,0.9999240636825562,0.5618547797203064,0.22636373341083527,-0.26755672693252563,0.9999312162399292,0.5410546660423279,0.23202989995479584,-0.20701339840888977,0.9998932480812073,0.5398783087730408,0.2321660965681076,-0.20694397389888763,0.9998776316642761,0.5391740202903748,0.23214863240718842,-0.2069900929927826,0.9998632073402405,0.5930996537208557,0.22337789833545685,-0.30540063977241516,0.999952495098114,0.5681118965148926,0.22897768020629883,-0.022539980709552765,0.999737024307251,0.5696730017662048,0.2489827573299408,-0.2331417351961136,0.9999595284461975,0.5581347346305847,0.25107550621032715,-0.15748511254787445,0.9998626708984375,0.695883572101593,0.2699097990989685,-0.4430302679538727,0.9999650716781616,0.6163656711578369,0.2793720066547394,0.2764548361301422,0.9996211528778076,0.7244530320167542,0.3496389091014862,-0.49432072043418884,0.9979140758514404,0.6367464661598206,0.3574203550815582,0.39175400137901306,0.41241204738616943,0.6582160592079163,0.41226792335510254,-0.42817601561546326,0.9949554800987244,0.5873894691467285,0.41270795464515686,0.24899762868881226,0.5890068411827087,0.6467109322547913,0.43599799275398254,-0.48289528489112854,0.9845694303512573,0.5784327983856201,0.4327130615711212,0.24085533618927002,0.5681211948394775,0.6291103959083557,0.43372514843940735,-0.4801647663116455,0.9831774234771729,0.5737098455429077,0.4312273859977722,0.17765694856643677,0.5727589726448059,0.630236029624939,0.4262191653251648,-0.4225347936153412,0.9699863195419312,0.5784695148468018,0.42412036657333374,0.21585938334465027,0.543385922908783,0.7244237661361694,0.41865435242652893,-0.21460355818271637,0.9992876648902893,0.6519687175750732,0.4203263521194458,0.21430353820323944,0.9990197420120239,0.6644654870033264,0.5358240008354187,-0.25912410020828247,0.9912007451057434,0.6290972828865051,0.5319796800613403,0.1663472205400467,0.9242398142814636,0.709498941898346,0.6445376873016357,-0.22932009398937225,0.9889284372329712,0.6475563645362854,0.6437802314758301,0.23478861153125763,0.9472628235816956,0.7277881503105164,0.6639235019683838,-0.23679761588573456,0.9077339172363281,0.6744225025177002,0.6628420948982239,0.22795504331588745,0.86422199010849,0.5997219681739807,0.6786213517189026,-0.45058369636535645,0.9847567081451416,0.5380387902259827,0.6715095043182373,0.1054285541176796,0.954746425151825
84,squat,1,0.5394957661628723,0.24241289496421814,-0.19311155378818512,0.9999434947967529,0.544350266456604,0.2307170033454895,-0.23058901727199554,0.999900758266449,0.5490738749504089,0.22897103428840637,-0.23063141107559204,0.9999201893806458,0.5550429224967957,0.2270466387271881,-0.2306712418794632,0.9999287128448486,0.5369516015052795,0.23282817006111145,-0.1652565747499466,0.9998876452445984,0.536359429359436,0.23292872309684753,-0.1651913821697235,0.9998710751533508,0.5361036658287048,0.23285886645317078,-0.16526132822036743,0.9998568296432495,0.5870012044906616,0.22389750182628632,-0.2946215271949768,0.9999500513076782,0.5668937563896179,0.22942332923412323,-0.007786235772073269,0.9997219443321228,0.5635458827018738,0.24969884753227234,-0.20682591199874878,0.9999536871910095,0.5530497431755066,0.2517971694469452,-0.12360388040542603,0.9998409152030945,0.6919299364089966,0.27007541060447693,-0.4460321068763733,0.9999681115150452,0.616491436958313,0.2796856760978699,0.26668962836265564,0.9995677471160889,0.7101137638092041,0.35008129477500916,-0.5022311806678772,0.9979979991912842,0.638840913772583,0.35695984959602356,0.3845735192298889,0.3779744803905487,0.6448010802268982,0.4134671092033386,-0.43248599767684937,0.9951154589653015,0.5964654088020325,0.4120904803276062,0.24971453845500946,0.5453317761421204,0.6353190541267395,0.4377243220806122,-0.48427045345306396,0.9852166771888733,0.585637092590332,0.4328141212463379,0.24787499010562897,0.527888834476471,0.6171817779541016,0.43564772605895996,-0.4789625108242035,0.9838955402374268,0.5806357264518738,0.4300152361392975,0.18748839199543,0.5323378443717957,0.6178433299064636,0.4280014932155609,-0.42260727286338806,0.9713189005851746,0.5847874879837036,0.42300379276275635,0.21843430399894714,0.5056390166282654,0.7215800881385803,0.4182339608669281,-0.21772247552871704,0.9992883205413818,0.6533316969871521,0.41977086663246155,0.2174944430589676,0.9988495111465454,0.6539629101753235,0.5336300730705261,-0.261447548866272,0.9868856072425842,0.6366102695465088,0.5275073051452637,0.19815067946910858,0.8662360310554504,0.689774215221405,0.6452156901359558,-0.23295912146568298,0.9842109680175781,0.659758448600769,0.6391898393630981,0.23670314252376556,0.8969758749008179,0.7246278524398804,0.6666896939277649,-0.2391415387392044,0.9064341187477112,0.6875399947166443,0.6609072089195251,0.23133227229118347,0.8279734253883362,0.5771890878677368,0.6747979521751404,-0.4193686544895172,0.9803059697151184,0.5464285016059875,0.6662845611572266,0.11884142458438873,0.9178591966629028
85,squat,1,0.5357564091682434,0.24336163699626923,-0.13736650347709656,0.999937117099762,0.5400369763374329,0.2314358353614807,-0.17588701844215393,0.9998970627784729,0.5447820425033569,0.22962787747383118,-0.17596328258514404,0.9999169111251831,0.5506761074066162,0.22771123051643372,-0.17603571712970734,0.9999269843101501,0.5336907505989075,0.2335980236530304,-0.10697827488183975,0.9998831748962402,0.5333320498466492,0.23365546762943268,-0.10690650343894958,0.9998653531074524,0.5332385301589966,0.23353952169418335,-0.10696811228990555,0.9998520016670227,0.5821326971054077,0.22433337569236755,-0.25946518778800964,0.9999485611915588,0.5643749833106995,0.22976194322109222,0.04936199262738228,0.9997084736824036,0.5594605803489685,0.2506379187107086,-0.15789104998111725,0.9999484419822693,0.5496376156806946,0.25276991724967957,-0.06935112923383713,0.9998219013214111,0.6860921382904053,0.26989248394966125,-0.43236634135246277,0.9999709129333496,0.6166826486587524,0.2797965109348297,0.30716472864151,0.9994974136352539,0.7080576419830322,0.34992483258247375,-0.4980917274951935,0.9980943202972412,0.646184504032135,0.35688289999961853,0.40721985697746277,0.34502288699150085,0.6381562948226929,0.41342756152153015,-0.43250158429145813,0.9952839612960815,0.6046612858772278,0.41319289803504944,0.27827218174934387,0.5002681016921997,0.6315754055976868,0.4377427399158478,-0.48697203397750854,0.9858178496360779,0.5946206450462341,0.4347243309020996,0.2802102267742157,0.48560631275177,0.6132923364639282,0.43580469489097595,-0.47783246636390686,0.9845477342605591,0.5882582068443298,0.4325006902217865,0.21699994802474976,0.48968908190727234,0.6128173470497131,0.4280138909816742,-0.4217033088207245,0.972509503364563,0.5919123291969299,0.4243009388446808,0.2457650899887085,0.46575263142585754,0.7171281576156616,0.4171193242073059,-0.22471526265144348,0.9992752075195312,0.6555337905883789,0.41911303997039795,0.22459061443805695,0.9986253380775452,0.6524973511695862,0.5325406193733215,-0.25961196422576904,0.981229305267334,0.6397989392280579,0.5270359516143799,0.2122095376253128,0.8075771927833557,0.667337954044342,0.6476148366928101,-0.22146400809288025,0.9764296412467957,0.6621447801589966,0.6396725177764893,0.2375819832086563,0.8448688387870789,0.7029775977134705,0.6708166599273682,-0.22713284194469452,0.9018954634666443,0.6895429491996765,0.6629129648208618,0.23216159641742706,0.7899048924446106,0.5495663285255432,0.6728879809379578,-0.4075804054737091,0.9726572036743164,0.5514448285102844,0.6635469198226929,0.11101896315813065,0.8757998943328857
86,squat,1,0.5311422944068909,0.2439011186361313,-0.10910163819789886,0.9999281167984009,0.5347957611083984,0.23178167641162872,-0.14867854118347168,0.9998902082443237,0.5390069484710693,0.22997641563415527,-0.14875750243663788,0.9999110102653503,0.5442847609519958,0.22812581062316895,-0.1488233208656311,0.9999232888221741,0.5296624898910522,0.233917698264122,-0.07853304594755173,0.9998741745948792,0.5297664403915405,0.23390018939971924,-0.07846865057945251,0.9998550415039062,0.5301690101623535,0.23370596766471863,-0.07852915674448013,0.9998434782028198,0.5755167603492737,0.22448012232780457,-0.24085627496242523,0.9999452233314514,0.5616620779037476,0.22976648807525635,0.07169154286384583,0.9996863603591919,0.5536153316497803,0.251039057970047,-0.13447245955467224,0.9999414086341858,0.545720100402832,0.2530914545059204,-0.04422610253095627,0.9997974634170532,0.6796271204948425,0.26912957429885864,-0.42959997057914734,0.999973475933075,0.6167832612991333,0.27986305952072144,0.3235619366168976,0.9994125962257385,0.7044095396995544,0.3484870195388794,-0.49381107091903687,0.9981892704963684,0.6532034873962402,0.35577812790870667,0.42094212770462036,0.3148599863052368,0.6332013010978699,0.4134996235370636,-0.4319985806941986,0.9954607486724854,0.611193835735321,0.41395166516304016,0.29579290747642517,0.4577389061450958,0.6254099011421204,0.43784967064857483,-0.48684221506118774,0.986423671245575,0.6008533835411072,0.43617793917655945,0.30047041177749634,0.44543492794036865,0.6083229780197144,0.4361782371997833,-0.4735948145389557,0.9852038025856018,0.5946012735366821,0.43415918946266174,0.23569859564304352,0.44915446639060974,0.6084519624710083,0.42850595712661743,-0.4172690510749817,0.9736761450767517,0.5983524918556213,0.4255429208278656,0.2628651261329651,0.4277176558971405,0.7152247428894043,0.41558313369750977,-0.22694732248783112,0.9992426633834839,0.6599946618080139,0.41806063055992126,0.2268655151128769,0.9982849359512329,0.6518263220787048,0.5314924120903015,-0.2517164647579193,0.9752610325813293,0.6404062509536743,0.5254480242729187,0.21436074376106262,0.7497501969337463,0.6561000347137451,0.6509943008422852,-0.20339389145374298,0.9676807522773743,0.6608830690383911,0.6383119225502014,0.23933300375938416,0.7913954257965088,0.6857234835624695,0.6743234992027283,-0.20835384726524353,0.895060658454895,0.6851320266723633,0.6628008484840393,0.23311792314052582,0.7496964931488037,0.5367633104324341,0.6736637353897095,-0.387896865606308,0.9643246531486511,0.5578732490539551,0.6609815359115601,0.11352406442165375,0.8321893215179443
87,squat,1,0.5240545272827148,0.24380941689014435,-0.12786149978637695,0.9999234676361084,0.5286084413528442,0.2316926270723343,-0.16864027082920074,0.9998880624771118,0.532719612121582,0.22993239760398865,-0.1686970591545105,0.9999086856842041,0.538005530834198,0.22815653681755066,-0.168754443526268,0.9999223947525024,0.5230059623718262,0.2338281273841858,-0.0979987308382988,0.9998721480369568,0.523123562335968,0.23380565643310547,-0.09793587028980255,0.9998524188995361,0.5234971642494202,0.2336156815290451,-0.09799837321043015,0.999842643737793,0.5699509382247925,0.22457095980644226,-0.24380986392498016,0.9999439120292664,0.5559131503105164,0.22973494231700897,0.055458541959524155,0.9996837377548218,0.5467535257339478,0.25109803676605225,-0.15242567658424377,0.9999388456344604,0.5389972925186157,0.2530861794948578,-0.061896730214357376,0.9997915625572205,0.6673483848571777,0.26924654841423035,-0.4580743610858917,0.9999758005142212,0.6168932914733887,0.2795349359512329,0.31861913204193115,0.9993533492088318,0.6927663087844849,0.34857043623924255,-0.5062816143035889,0.9982350468635559,0.6566986441612244,0.3550141751766205,0.4123823940753937,0.28784313797950745,0.6267510056495667,0.41615942120552063,-0.42010921239852905,0.9954602122306824,0.6165867447853088,0.4174294173717499,0.28407520055770874,0.41822847723960876,0.6225698590278625,0.43955889344215393,-0.47629767656326294,0.9866083264350891,0.6065531373023987,0.4390701353549957,0.2903054654598236,0.40782129764556885,0.6058430075645447,0.4382679760456085,-0.4567174017429352,0.9853986501693726,0.6013430953025818,0.437387079000473,0.22643885016441345,0.41113975644111633,0.604902446269989,0.4316857159137726,-0.40205490589141846,0.9741184711456299,0.6036849617958069,0.4296000897884369,0.25160643458366394,0.3919925391674042,0.7081581354141235,0.41571328043937683,-0.23241519927978516,0.9992286562919617,0.6624613404273987,0.4181416630744934,0.23234060406684875,0.9980059862136841,0.6497881412506104,0.5321601629257202,-0.24568979442119598,0.9705461263656616,0.638650119304657,0.5263643860816956,0.2640451490879059,0.6959270238876343,0.6456930041313171,0.6601369976997375,-0.2030392438173294,0.9614903926849365,0.6579225063323975,0.638731837272644,0.35195642709732056,0.7419702410697937,0.6740731596946716,0.6796054840087891,-0.21043533086776733,0.8899544477462769,0.6830111145973206,0.6627973914146423,0.3524686396121979,0.7131456732749939,0.5255409479141235,0.6775175929069519,-0.39781635999679565,0.9578959941864014,0.5505938529968262,0.6617946624755859,0.22989578545093536,0.7935855984687805
88,squat,1,0.521856963634491,0.2438989132642746,-0.1267334371805191,0.9999189376831055,0.5252429246902466,0.23181483149528503,-0.1693875640630722,0.9998853802680969,0.5296188592910767,0.23007965087890625,-0.16945208609104156,0.9999058842658997,0.535103976726532,0.2283538430929184,-0.16952167451381683,0.9999210834503174,0.5201089978218079,0.2339622527360916,-0.09688746184110641,0.9998694062232971,0.5202139019966125,0.23390977084636688,-0.09678315371274948,0.9998483657836914,0.5205294489860535,0.23370559513568878,-0.09685413539409637,0.999840259552002,0.5660718083381653,0.2247162014245987,-0.24631734192371368,0.9999426603317261,0.5517834424972534,0.2297760397195816,0.059798095375299454,0.9996781349182129,0.5449668169021606,0.25128382444381714,-0.15173865854740143,0.9999362230300903,0.536957859992981,0.2531925141811371,-0.05858822166919708,0.9997861385345459,0.6606348156929016,0.26933029294013977,-0.4654882252216339,0.9999778866767883,0.6166198253631592,0.27884146571159363,0.33397287130355835,0.9993206262588501,0.6848223805427551,0.34876665472984314,-0.5138643383979797,0.9982394576072693,0.6573585271835327,0.35364580154418945,0.42111191153526306,0.2636462450027466,0.623346745967865,0.41633862257003784,-0.4088699221611023,0.995343804359436,0.6162566542625427,0.4176182746887207,0.28925222158432007,0.38289451599121094,0.6204362511634827,0.43971288204193115,-0.4658152461051941,0.9865577220916748,0.6069492697715759,0.4394834041595459,0.29610714316368103,0.3742809295654297,0.6049652099609375,0.43865418434143066,-0.44612452387809753,0.9853454828262329,0.6029152274131775,0.4380861818790436,0.23165376484394073,0.37729597091674805,0.6041040420532227,0.4323832392692566,-0.3907388150691986,0.9741408824920654,0.6051492094993591,0.43055906891822815,0.2559947073459625,0.36023983359336853,0.7045350670814514,0.4158002734184265,-0.23906178772449493,0.9992157220840454,0.6622424125671387,0.41799354553222656,0.23902764916419983,0.9977842569351196,0.6521508693695068,0.5325098633766174,-0.24447815120220184,0.9667319655418396,0.6378827095031738,0.5267202258110046,0.28034111857414246,0.6512686014175415,0.6439034938812256,0.661877453327179,-0.20368465781211853,0.9563694596290588,0.6574394106864929,0.6397374272346497,0.3798128664493561,0.700761616230011,0.6736273765563965,0.6814224123954773,-0.21118739247322083,0.8843333721160889,0.6803619861602783,0.6636042594909668,0.38136571645736694,0.6823287010192871,0.5276291966438293,0.6808891892433167,-0.402127206325531,0.9521356225013733,0.5458951592445374,0.6632663607597351,0.25613418221473694,0.760676920413971
89,squat,1,0.5188021659851074,0.24445994198322296,-0.09392471611499786,0.9999133944511414,0.5211779475212097,0.23224709928035736,-0.13893261551856995,0.9998810887336731,0.5253430604934692,0.23054760694503784,-0.13898374140262604,0.9999012351036072,0.5304405689239502,0.22887948155403137,-0.13903358578681946,0.9999182820320129,0.5169523358345032,0.2342728227376938,-0.0646442100405693,0.9998651146888733,0.5172874331474304,0.23414716124534607,-0.06455353647470474,0.9998430013656616,0.5178839564323425,0.233883798122406,-0.06465475261211395,0.9998375177383423,0.5608842372894287,0.2250637412071228,-0.2433931827545166,0.999938428401947,0.5486949682235718,0.229828879237175,0.0790083035826683,0.9996690154075623,0.5415093898773193,0.2517853379249573,-0.12650004029273987,0.9999319314956665,0.5346023440361023,0.25351032614707947,-0.03130939230322838,0.9997785091400146,0.6541441082954407,0.26934197545051575,-0.45751962065696716,0.9999796152114868,0.6166922450065613,0.27838456630706787,0.3430863320827484,0.9992802739143372,0.6798281669616699,0.3488846719264984,-0.5060828328132629,0.9981995224952698,0.6580670475959778,0.3527902364730835,0.4239746928215027,0.24143564701080322,0.6208260655403137,0.41638198494911194,-0.3928179144859314,0.9950490593910217,0.6164034008979797,0.4174666106700897,0.2985931932926178,0.34957626461982727,0.6186563968658447,0.43952682614326477,-0.44772619009017944,0.9861128926277161,0.6071194410324097,0.43905356526374817,0.30838364362716675,0.34248489141464233,0.6037723422050476,0.4385145604610443,-0.42775869369506836,0.9848751425743103,0.603445827960968,0.4377695620059967,0.24652568995952606,0.3451981544494629,0.6031537055969238,0.4321794807910919,-0.3749746084213257,0.9734853506088257,0.6058744788169861,0.4303464889526367,0.2664869725704193,0.3300275504589081,0.7015296816825867,0.41585686802864075,-0.23909015953540802,0.9991973638534546,0.6652757525444031,0.4178576171398163,0.23904147744178772,0.9975816607475281,0.6488117575645447,0.5328739285469055,-0.24174776673316956,0.963083803653717,0.6376302242279053,0.5271884799003601,0.30165573954582214,0.6070197820663452,0.6451672315597534,0.6629431843757629,-0.19601206481456757,0.9517139792442322,0.656466007232666,0.639902651309967,0.43560343980789185,0.660178005695343,0.6741623878479004,0.6827250123023987,-0.2029813826084137,0.8816370964050293,0.6789707541465759,0.6633020043373108,0.44079017639160156,0.6518378257751465,0.5267571806907654,0.6819977760314941,-0.39053958654403687,0.9471806287765503,0.5438357591629028,0.6639012098312378,0.3204975128173828,0.728445291519165
90,squat,1,0.5152459144592285,0.2444685399532318,-0.08787748962640762,0.9999107122421265,0.5175883769989014,0.2322450876235962,-0.13410404324531555,0.9998801946640015,0.5217040777206421,0.23059099912643433,-0.13415247201919556,0.9998995065689087,0.5265899300575256,0.22898609936237335,-0.13420185446739197,0.9999176859855652,0.5137794613838196,0.2342146933078766,-0.058800168335437775,0.9998644590377808,0.5142986178398132,0.23410622775554657,-0.0587180033326149,0.9998418688774109,0.515134334564209,0.23386333882808685,-0.05882709100842476,0.9998388290405273,0.5571004748344421,0.22509337961673737,-0.24526216089725494,0.9999362826347351,0.5463625192642212,0.2296404093503952,0.08227542787790298,0.9996706247329712,0.5379971265792847,0.2517719268798828,-0.12250880151987076,0.9999299645423889,0.5317779779434204,0.2534628212451935,-0.026053840294480324,0.999777615070343,0.6479543447494507,0.268975168466568,-0.46198132634162903,0.9999812245368958,0.61683189868927,0.27726462483406067,0.3476358652114868,0.9992626905441284,0.674111008644104,0.3489556610584259,-0.5076411962509155,0.998171329498291,0.657503068447113,0.3525297939777374,0.4263957440853119,0.2218475341796875,0.617021918296814,0.41639435291290283,-0.3940918743610382,0.9948081970214844,0.6158804893493652,0.41765913367271423,0.3040824830532074,0.31981125473976135,0.6153149604797363,0.43981537222862244,-0.44978272914886475,0.9857524633407593,0.6072064638137817,0.43951526284217834,0.31564444303512573,0.31392940878868103,0.6009945869445801,0.4389404058456421,-0.4313880503177643,0.9844926595687866,0.6034493446350098,0.4384409487247467,0.2544690668582916,0.31634005904197693,0.6004084348678589,0.4325704276561737,-0.3771161735057831,0.9729470014572144,0.6056787371635437,0.43099865317344666,0.27253401279449463,0.3028682768344879,0.6980142593383789,0.4159514009952545,-0.240713968873024,0.9991879463195801,0.6673990488052368,0.4179078936576843,0.24064800143241882,0.997443675994873,0.6447486877441406,0.5339410305023193,-0.2351011484861374,0.9595950245857239,0.6377228498458862,0.5280492901802063,0.31582698225975037,0.5668150782585144,0.6479658484458923,0.6662958860397339,-0.18647746741771698,0.947332501411438,0.6548550724983215,0.6422454714775085,0.46774524450302124,0.6232241988182068,0.6737328767776489,0.6844455003738403,-0.19277237355709076,0.8801144361495972,0.6782747507095337,0.6658362746238708,0.4747563302516937,0.624585747718811,0.5284863114356995,0.6825586557388306,-0.38313519954681396,0.942481279373169,0.5438161492347717,0.6640157103538513,0.35376185178756714,0.6988368630409241
91,squat,1,0.5147920846939087,0.2449762523174286,-0.08869977295398712,0.9999074339866638,0.5167933106422424,0.2325654923915863,-0.1349664181470871,0.9998782873153687,0.5211960077285767,0.23095263540744781,-0.1350124478340149,0.9998970031738281,0.5259128212928772,0.22940853238105774,-0.13504919409751892,0.9999161958694458,0.5126360058784485,0.23437711596488953,-0.0599827878177166,0.99986332654953,0.5131889581680298,0.2341846078634262,-0.05991565063595772,0.9998401999473572,0.5141382217407227,0.23388303816318512,-0.06003989651799202,0.9998394846916199,0.5557108521461487,0.2252807766199112,-0.24596549570560455,0.9999328255653381,0.5452669858932495,0.2296060472726822,0.08191987127065659,0.9996694922447205,0.5375911593437195,0.2521195411682129,-0.12255813181400299,0.9999265670776367,0.5313795804977417,0.25366178154945374,-0.02649977244436741,0.9997742176055908,0.6406969428062439,0.26889875531196594,-0.46393170952796936,0.9999825358390808,0.6186274886131287,0.2756166160106659,0.3479821979999542,0.9992446899414062,0.6621421575546265,0.3490504026412964,-0.5095148682594299,0.9980660080909729,0.6565799713134766,0.35189464688301086,0.42191070318222046,0.20412763953208923,0.6116496324539185,0.4166674315929413,-0.3882927894592285,0.9941132664680481,0.615440845489502,0.41711604595184326,0.29715922474861145,0.2919970154762268,0.6101134419441223,0.4394250214099884,-0.44159814715385437,0.9845069646835327,0.6071547269821167,0.4385337233543396,0.3088146448135376,0.28715115785598755,0.5957165360450745,0.438285768032074,-0.42356568574905396,0.9831657409667969,0.6029437184333801,0.4374184012413025,0.25054511427879333,0.28928783535957336,0.5952542424201965,0.43198248744010925,-0.37174057960510254,0.9709381461143494,0.6051884889602661,0.42977648973464966,0.2664823830127716,0.27731868624687195,0.6974349021911621,0.4158875644207001,-0.24346370995044708,0.9991868734359741,0.6713994741439819,0.4178042411804199,0.24336892366409302,0.9973481297492981,0.6357010006904602,0.5339644551277161,-0.23785525560379028,0.9578298926353455,0.6351064443588257,0.528508722782135,0.3364405333995819,0.5327313542366028,0.6505270600318909,0.6673550009727478,-0.2186446487903595,0.9458951354026794,0.6543647646903992,0.6426194906234741,0.49809327721595764,0.5947639346122742,0.6749210953712463,0.6850891709327698,-0.22720971703529358,0.8817108273506165,0.675037145614624,0.6657679080963135,0.5060172080993652,0.6036511659622192,0.5290718674659729,0.6826540231704712,-0.4130651354789734,0.941013514995575,0.5395160913467407,0.6641975045204163,0.38827013969421387,0.6776267290115356
92,squat,1,0.5131728649139404,0.24579255282878876,-0.07757562398910522,0.9999033808708191,0.5144165754318237,0.23342475295066833,-0.12583094835281372,0.9998751282691956,0.5185994505882263,0.23185378313064575,-0.12586775422096252,0.9998932480812073,0.5230127573013306,0.23032121360301971,-0.12588880956172943,0.9999135136604309,0.510583221912384,0.2349523901939392,-0.04916892200708389,0.9998610019683838,0.5112468600273132,0.23461008071899414,-0.049102868884801865,0.9998375773429871,0.5123544335365295,0.23414963483810425,-0.049241870641708374,0.9998396635055542,0.5523759722709656,0.22568029165267944,-0.24607515335083008,0.9999276399612427,0.5430793762207031,0.2296050786972046,0.08896080404520035,0.9996662139892578,0.5359561443328857,0.25263267755508423,-0.11527784168720245,0.9999217391014099,0.5301260948181152,0.2539857029914856,-0.01694474183022976,0.9997689127922058,0.6336655020713806,0.2687222361564636,-0.46532225608825684,0.999983549118042,0.6194743514060974,0.2743041217327118,0.34947624802589417,0.9992402791976929,0.6549928784370422,0.34910255670547485,-0.5085196495056152,0.9978450536727905,0.6563843488693237,0.3512038588523865,0.4194883704185486,0.18832892179489136,0.6099452376365662,0.41638708114624023,-0.3723095655441284,0.9926261901855469,0.6147072911262512,0.41667887568473816,0.2946491241455078,0.2666461169719696,0.6088367700576782,0.4390133023262024,-0.422116756439209,0.9818198084831238,0.6067095398902893,0.4381052851676941,0.3073957860469818,0.2627156376838684,0.5945613384246826,0.4377448856830597,-0.40474453568458557,0.9803054928779602,0.6023427248001099,0.43635863065719604,0.25037339329719543,0.2646217346191406,0.5941659808158875,0.43139907717704773,-0.35624781250953674,0.9666411280632019,0.6046295762062073,0.42970824241638184,0.26439064741134644,0.2540172040462494,0.6966736316680908,0.4156668186187744,-0.24726185202598572,0.9991839528083801,0.6738105416297913,0.4174937307834625,0.24714501202106476,0.9972826242446899,0.6309729218482971,0.534121036529541,-0.23947036266326904,0.9572464823722839,0.6327916383743286,0.5285427570343018,0.351731538772583,0.5042539238929749,0.6501898765563965,0.6665663123130798,-0.2233934998512268,0.9460154175758362,0.6537778973579407,0.6416773796081543,0.5208339691162109,0.5730080008506775,0.6756159663200378,0.6844319701194763,-0.23163153231143951,0.8845237493515015,0.6749326586723328,0.6647037267684937,0.5293799042701721,0.5876911282539368,0.5292599201202393,0.6837043166160583,-0.41724732518196106,0.9409417510032654,0.5387739539146423,0.6646720170974731,0.4140287935733795,0.6620379090309143
93,squat,1,0.5105989575386047,0.24611888825893402,-0.04510471597313881,0.9999001026153564,0.5115286111831665,0.23379328846931458,-0.09336817264556885,0.9998729825019836,0.5157476663589478,0.232234388589859,-0.0934339314699173,0.9998904466629028,0.5201482772827148,0.2306981384754181,-0.09346567839384079,0.9999114274978638,0.507614016532898,0.2352125346660614,-0.015224731527268887,0.9998595714569092,0.5082315802574158,0.2348099946975708,-0.015137260779738426,0.9998354911804199,0.5092742443084717,0.2342907041311264,-0.01528058759868145,0.9998399019241333,0.5494787096977234,0.22577941417694092,-0.21866318583488464,0.9999244213104248,0.5403789281845093,0.2295721471309662,0.1258370578289032,0.9996662735939026,0.533536970615387,0.25281113386154175,-0.08383554220199585,0.9999175667762756,0.5278847813606262,0.2541162669658661,0.01641380786895752,0.9997662901878357,0.6268916130065918,0.26789990067481995,-0.45764392614364624,0.9999845027923584,0.6203435063362122,0.2724572420120239,0.38902413845062256,0.9992411732673645,0.6498956680297852,0.34912586212158203,-0.5043467283248901,0.9976497292518616,0.6562909483909607,0.350210964679718,0.4487819969654083,0.17366500198841095,0.6079806685447693,0.41615545749664307,-0.3556479513645172,0.9911516904830933,0.6149144172668457,0.4164991080760956,0.32433369755744934,0.24315041303634644,0.6077330112457275,0.4388415515422821,-0.40644821524620056,0.9791374206542969,0.6069537401199341,0.43718427419662476,0.34159547090530396,0.24006734788417816,0.5934928059577942,0.437620609998703,-0.3866274058818817,0.9774052500724792,0.6023160815238953,0.4348728060722351,0.2831711173057556,0.24178606271743774,0.5928159952163696,0.43134286999702454,-0.3389800786972046,0.9622945785522461,0.6044124364852905,0.42830759286880493,0.29332616925239563,0.23245006799697876,0.6954138278961182,0.4156123399734497,-0.2532680928707123,0.999160647392273,0.6768873929977417,0.41735538840293884,0.25316092371940613,0.997168242931366,0.6275122165679932,0.5341671109199524,-0.24154619872570038,0.9563469886779785,0.6321008205413818,0.5289472937583923,0.33316490054130554,0.4795891046524048,0.6462618708610535,0.6660595536231995,-0.2174956053495407,0.9448294043540955,0.6517935395240784,0.6422458291053772,0.47842034697532654,0.5511283278465271,0.6749778985977173,0.6843169331550598,-0.22448883950710297,0.885653555393219,0.6744673848152161,0.6664122939109802,0.48438510298728943,0.5711385011672974,0.5277606248855591,0.6841784119606018,-0.4068605601787567,0.9393147230148315,0.5377123951911926,0.6648774147033691,0.363186776638031,0.6434251666069031
94,squat,1,0.5078086256980896,0.24609851837158203,-0.022998103871941566,0.9998947381973267,0.509026825428009,0.23379498720169067,-0.07196740806102753,0.9998677372932434,0.5133151412010193,0.23225393891334534,-0.072044238448143,0.9998842477798462,0.5176530480384827,0.23074159026145935,-0.07207406312227249,0.9999063014984131,0.5051431655883789,0.23518045246601105,0.0056520551443099976,0.9998555779457092,0.5058693885803223,0.23478437960147858,0.005735525395721197,0.9998305439949036,0.5070648193359375,0.23427879810333252,0.0055749923922121525,0.99983811378479,0.5471441149711609,0.22578521072864532,-0.20145034790039062,0.99991774559021,0.538612425327301,0.22930897772312164,0.13993769884109497,0.9996634721755981,0.5307156443595886,0.2527961730957031,-0.06350801885128021,0.9999109506607056,0.5254032611846924,0.2540940046310425,0.03592495992779732,0.9997618198394775,0.6225834488868713,0.26708030700683594,-0.450016587972641,0.9999850392341614,0.6208522915840149,0.27113446593284607,0.3965708613395691,0.9992508292198181,0.6457972526550293,0.3489404320716858,-0.49312981963157654,0.9974117279052734,0.6556829214096069,0.34912726283073425,0.45824724435806274,0.16084304451942444,0.6041873693466187,0.4160459637641907,-0.3282017707824707,0.9892277121543884,0.6153053641319275,0.41565006971359253,0.3429364860057831,0.22207410633563995,0.6044635772705078,0.4379706382751465,-0.37658658623695374,0.9756532311439514,0.6069912910461426,0.43562397360801697,0.36334970593452454,0.21974603831768036,0.5913415551185608,0.43630823493003845,-0.3556048274040222,0.9736648201942444,0.6022517085075378,0.43259382247924805,0.3053710162639618,0.2213122546672821,0.5907646417617798,0.43044039607048035,-0.3113061785697937,0.9568580389022827,0.6043181419372559,0.4266413748264313,0.3124667704105377,0.21310992538928986,0.6927779316902161,0.4151723384857178,-0.25131163001060486,0.9990952014923096,0.6782318949699402,0.4167548418045044,0.2511870861053467,0.9970170855522156,0.6271156072616577,0.533959686756134,-0.2290743738412857,0.9550315141677856,0.6313241720199585,0.5290377736091614,0.31191712617874146,0.4570387899875641,0.6440259218215942,0.6654819846153259,-0.18950246274471283,0.9426026940345764,0.6474329233169556,0.6429442763328552,0.44844627380371094,0.5309023857116699,0.6732545495033264,0.6839014291763306,-0.19311454892158508,0.8863644003868103,0.6719611883163452,0.6666267514228821,0.453230082988739,0.5562219023704529,0.5307753682136536,0.684116780757904,-0.3499281406402588,0.9367091059684753,0.5356626510620117,0.6654452681541443,0.32793915271759033,0.6253589391708374
95,squat,1,0.5050796866416931,0.24597600102424622,-0.020422013476490974,0.9998881816864014,0.5065184831619263,0.23364470899105072,-0.07065756618976593,0.9998612999916077,0.5107302069664001,0.2321719378232956,-0.07072490453720093,0.9998772144317627,0.5148879289627075,0.23071998357772827,-0.07075183093547821,0.9999004602432251,0.5030250549316406,0.23477734625339508,0.009182523004710674,0.9998486042022705,0.5040650963783264,0.23426398634910583,0.009260051883757114,0.999823272228241,0.5056042075157166,0.23365387320518494,0.009104788303375244,0.9998341798782349,0.544747531414032,0.22568809986114502,-0.2076389193534851,0.9999105930328369,0.5371608734130859,0.22861604392528534,0.14090847969055176,0.9996564388275146,0.5277101397514343,0.25262120366096497,-0.0650942400097847,0.9999043941497803,0.5232106447219849,0.253795862197876,0.03700495511293411,0.999755859375,0.621660053730011,0.26661625504493713,-0.4496859908103943,0.9999855756759644,0.6211766004562378,0.27057984471321106,0.39422303438186646,0.999259889125824,0.6433824896812439,0.3488604724407196,-0.49797531962394714,0.9972954988479614,0.6548989415168762,0.3483865261077881,0.46303701400756836,0.14948448538780212,0.6023615598678589,0.41594770550727844,-0.34687864780426025,0.9882497787475586,0.6151831150054932,0.41499823331832886,0.3423810303211212,0.20362140238285065,0.6026283502578735,0.43790772557258606,-0.39816656708717346,0.9737447500228882,0.6068989038467407,0.4342574179172516,0.3616431951522827,0.20207186043262482,0.5891503691673279,0.4362071454524994,-0.3792794644832611,0.9716094136238098,0.6019856929779053,0.43088266253471375,0.30035826563835144,0.20351378619670868,0.5887894034385681,0.4302147626876831,-0.3307488262653351,0.9537746906280518,0.6040288209915161,0.4253913164138794,0.31064310669898987,0.19631460309028625,0.6907541751861572,0.414136677980423,-0.25170475244522095,0.9990130066871643,0.6776094436645508,0.41506245732307434,0.2515539228916168,0.996854841709137,0.6266922354698181,0.5338661670684814,-0.21503901481628418,0.9534961581230164,0.6311602592468262,0.5290598273277283,0.3061486482620239,0.4368263781070709,0.6436889171600342,0.6651461124420166,-0.14076028764247894,0.9399729371070862,0.6465077996253967,0.6434000134468079,0.4259575307369232,0.5120159387588501,0.6730637550354004,0.6837199926376343,-0.141250342130661,0.8862862586975098,0.6716886162757874,0.6669297218322754,0.42927753925323486,0.5410636067390442,0.531876802444458,0.6844545006752014,-0.2995160222053528,0.9332563281059265,0.5357528924942017,0.6670536398887634,0.29352718591690063,0.6077617406845093
96,squat,1,0.5023317337036133,0.24563759565353394,-0.02167050912976265,0.9998874664306641,0.5037937164306641,0.23334325850009918,-0.0717586949467659,0.9998611211776733,0.507779598236084,0.2319667637348175,-0.07182059437036514,0.9998760223388672,0.5118342638015747,0.23058874905109406,-0.07185003906488419,0.9998995661735535,0.5009169578552246,0.23422043025493622,0.008812673389911652,0.9998475909233093,0.5022143721580505,0.2336210161447525,0.008900223299860954,0.999822735786438,0.5040139555931091,0.23294411599636078,0.008763838559389114,0.9998354911804199,0.5415934324264526,0.22556933760643005,-0.21139226853847504,0.9999086260795593,0.5349555015563965,0.22803084552288055,0.14027200639247894,0.9996592402458191,0.5244486331939697,0.25214967131614685,-0.06755707412958145,0.9999029040336609,0.5206296443939209,0.25318318605422974,0.03544798865914345,0.9997581243515015,0.6195383071899414,0.26599496603012085,-0.45321643352508545,0.9999864101409912,0.6214324235916138,0.2704166769981384,0.39454418420791626,0.9992798566818237,0.6436535120010376,0.348772257566452,-0.5074072480201721,0.9972914457321167,0.6547768712043762,0.3482950031757355,0.46327608823776245,0.13980485498905182,0.601317286491394,0.41604211926460266,-0.3600711226463318,0.9881675839424133,0.6140057444572449,0.41490432620048523,0.34034740924835205,0.18781302869319916,0.6015757322311401,0.437776654958725,-0.42001456022262573,0.9734792113304138,0.606240451335907,0.4339853525161743,0.35969871282577515,0.18692179024219513,0.5877412557601929,0.4361024796962738,-0.3916896879673004,0.9713238477706909,0.6002254486083984,0.43061238527297974,0.29589757323265076,0.1882413625717163,0.5874017477035522,0.43010762333869934,-0.34139183163642883,0.9532615542411804,0.6023030877113342,0.4251391291618347,0.30772432684898376,0.1819944828748703,0.6885255575180054,0.4129441976547241,-0.2525910437107086,0.9989538788795471,0.678358256816864,0.4139188230037689,0.2524179518222809,0.9967688918113708,0.6268799304962158,0.5339028835296631,-0.20137158036231995,0.9516308307647705,0.6311907768249512,0.5303313732147217,0.28603172302246094,0.4189181923866272,0.6432589292526245,0.664889931678772,-0.1002013087272644,0.9364924430847168,0.6459918022155762,0.6447691321372986,0.39318177103996277,0.4958696961402893,0.6728447675704956,0.6837164759635925,-0.09847872704267502,0.885378897190094,0.671295166015625,0.6684023141860962,0.39513084292411804,0.5289398431777954,0.5326448678970337,0.6845480799674988,-0.2541203200817108,0.9288713335990906,0.5356025099754333,0.669687807559967,0.2558753788471222,0.5920251607894897
97,squat,1,0.5008447766304016,0.24557027220726013,-0.03767513483762741,0.9998860359191895,0.5023118853569031,0.23327766358852386,-0.08688384294509888,0.9998601078987122,0.5062373876571655,0.2319364845752716,-0.08693964034318924,0.9998742938041687,0.5102770328521729,0.23056994378566742,-0.08697178959846497,0.9998984336853027,0.49961233139038086,0.23407882452011108,-0.006663697771728039,0.9998459219932556,0.5009992718696594,0.2334526926279068,-0.00658687436953187,0.9998216032981873,0.5029069781303406,0.23275351524353027,-0.0067178234457969666,0.9998361468315125,0.5401262640953064,0.22556504607200623,-0.2203425019979477,0.9999063611030579,0.5336617231369019,0.2278624176979065,0.12991847097873688,0.9996591210365295,0.5230112671852112,0.25203752517700195,-0.0803719237446785,0.9999009966850281,0.5192998647689819,0.25303220748901367,0.02150833234190941,0.9997580051422119,0.6203290820121765,0.2659022808074951,-0.4696696698665619,0.9999871253967285,0.6210249662399292,0.27063801884651184,0.38769668340682983,0.9992921948432922,0.6470946669578552,0.3487723171710968,-0.5267207026481628,0.9973292350769043,0.6543142795562744,0.3483867943286896,0.45910072326660156,0.13155142962932587,0.6019732356071472,0.4159794747829437,-0.3925033509731293,0.9883351922035217,0.6107909679412842,0.414798766374588,0.33293673396110535,0.1743137091398239,0.6021085977554321,0.437673956155777,-0.45619139075279236,0.9736841917037964,0.6040884852409363,0.43389150500297546,0.3503449261188507,0.17395085096359253,0.5876458883285522,0.43599528074264526,-0.4303458333015442,0.9715442657470703,0.5965484380722046,0.4306026101112366,0.285719096660614,0.17519444227218628,0.5872499942779541,0.42998772859573364,-0.37452390789985657,0.9534825682640076,0.5995223522186279,0.42506587505340576,0.2999413013458252,0.1698165386915207,0.688254714012146,0.41292181611061096,-0.2541593313217163,0.9988603591918945,0.677994966506958,0.4139767289161682,0.2539902627468109,0.9966054558753967,0.6281601786613464,0.534067690372467,-0.19715516269207,0.9494251608848572,0.6315695643424988,0.5311587452888489,0.2817130982875824,0.4019709825515747,0.6435889601707458,0.6646556854248047,-0.08678413182497025,0.9324582815170288,0.6456423997879028,0.6458078622817993,0.39083242416381836,0.4804021716117859,0.6729558110237122,0.6835495233535767,-0.08488332480192184,0.8832332491874695,0.6706429719924927,0.6691192388534546,0.3929326832294464,0.5175991058349609,0.5329554080963135,0.6846416592597961,-0.24668163061141968,0.9239656329154968,0.5355035066604614,0.6707150936126709,0.2527417540550232,0.5775432586669922
98,squat,1,0.500199019908905,0.24554003775119781,-0.046375639736652374,0.9998853206634521,0.5020511746406555,0.23319238424301147,-0.09219645708799362,0.9998599886894226,0.5061569213867188,0.23186653852462769,-0.09226077049970627,0.9998732209205627,0.5101861953735352,0.23053452372550964,-0.09228785336017609,0.9998980164527893,0.49899595975875854,0.2339661568403244,-0.015815097838640213,0.9998459219932556,0.5003593564033508,0.23332643508911133,-0.015734504908323288,0.9998219609260559,0.5022410750389099,0.232622891664505,-0.015860313549637794,0.9998379945755005,0.5398391485214233,0.22555989027023315,-0.23829083144664764,0.9999051690101624,0.5329369902610779,0.22777685523033142,0.12532728910446167,0.9996625185012817,0.5226154327392578,0.25200745463371277,-0.08157748728990555,0.9998996257781982,0.5186944007873535,0.2529813051223755,0.014561261050403118,0.9997593760490417,0.6218112707138062,0.2659514546394348,-0.47910910844802856,0.9999876022338867,0.6201021075248718,0.27084866166114807,0.3821285367012024,0.9993019104003906,0.6494665741920471,0.34878405928611755,-0.5343072414398193,0.9973611831665039,0.6531822681427002,0.34843215346336365,0.45524337887763977,0.12405778467655182,0.6020528078079224,0.415950208902359,-0.399362176656723,0.988393247127533,0.6089492440223694,0.4147022068500519,0.32792243361473083,0.16189464926719666,0.6023303270339966,0.43761247396469116,-0.4614907205104828,0.9736088514328003,0.6028493642807007,0.4339088797569275,0.344011515378952,0.1619316041469574,0.587236225605011,0.435964971780777,-0.43746137619018555,0.9714565873146057,0.5946557521820068,0.430725634098053,0.2798788845539093,0.1631140559911728,0.5866759419441223,0.429988831281662,-0.381645530462265,0.9532468318939209,0.5980092883110046,0.4249975085258484,0.2952161133289337,0.15851107239723206,0.6876066327095032,0.4129810631275177,-0.2528323531150818,0.9987388849258423,0.6776620149612427,0.41408368945121765,0.25267601013183594,0.9964244365692139,0.6289981603622437,0.5345369577407837,-0.19256609678268433,0.9468110799789429,0.6321771144866943,0.5321499705314636,0.27445921301841736,0.38742512464523315,0.6437289118766785,0.6644978523254395,-0.07601790875196457,0.9276624917984009,0.6454773545265198,0.648253321647644,0.38420209288597107,0.4668477177619934,0.6724931597709656,0.6834200024604797,-0.07363045960664749,0.8809658288955688,0.6701366305351257,0.6709640026092529,0.38609960675239563,0.507459819316864,0.5329564809799194,0.684268593788147,-0.23428109288215637,0.9182751178741455,0.5349692106246948,0.6711931228637695,0.24382728338241577,0.5635700821876526
99,squat,1,0.49976012110710144,0.24551254510879517,-0.0593118816614151,0.9998832941055298,0.5022050142288208,0.23303663730621338,-0.11054642498493195,0.9998584389686584,0.5064980387687683,0.2317076176404953,-0.11059364676475525,0.9998711943626404,0.5104974508285522,0.23041899502277374,-0.11063876003026962,0.9998968243598938,0.4984884560108185,0.23385511338710785,-0.02809027023613453,0.9998443126678467,0.49966949224472046,0.23322153091430664,-0.028027823194861412,0.9998204708099365,0.5013423562049866,0.23253227770328522,-0.02815760299563408,0.9998376965522766,0.5397531986236572,0.2255479395389557,-0.25601115822792053,0.9999035000801086,0.5318979024887085,0.2277364432811737,0.11314262449741364,0.9996610283851624,0.5223854780197144,0.25199830532073975,-0.10257477313280106,0.9998977780342102,0.5178259611129761,0.2529637813568115,0.0018051019869744778,0.9997578263282776,0.6228664517402649,0.2661933898925781,-0.49036863446235657,0.9999880194664001,0.61734539270401,0.2708778381347656,0.37959960103034973,0.9993042349815369,0.6510581970214844,0.34879010915756226,-0.5445255637168884,0.9973978400230408,0.6501958966255188,0.34842196106910706,0.4548741281032562,0.1171787902712822,0.6022462844848633,0.4159902036190033,-0.4075290560722351,0.988521158695221,0.6072908639907837,0.41463059186935425,0.3262333273887634,0.1509380042552948,0.6027789115905762,0.43758103251457214,-0.4693036377429962,0.9737172722816467,0.6018428206443787,0.43389132618904114,0.3431345224380493,0.1513775885105133,0.5871179699897766,0.43596503138542175,-0.44724026322364807,0.9715606570243835,0.5939241051673889,0.4307807385921478,0.27675169706344604,0.15251268446445465,0.5864204168319702,0.4300888478755951,-0.39021041989326477,0.9533172249794006,0.5968904495239258,0.42494750022888184,0.2922125458717346,0.1486121565103531,0.6876607537269592,0.4128652513027191,-0.25243884325027466,0.9986358880996704,0.6770439147949219,0.41408130526542664,0.2522977590560913,0.9962478876113892,0.6288394331932068,0.5345638394355774,-0.19422362744808197,0.9449365139007568,0.6321470141410828,0.5324479937553406,0.2704276740550995,0.3744790256023407,0.6438177227973938,0.6644111275672913,-0.08236292749643326,0.9242830276489258,0.645392119884491,0.6488385796546936,0.3779902756214142,0.4552796185016632,0.6725049018859863,0.6833444833755493,-0.08085928857326508,0.87884122133255,0.6700671911239624,0.6713334321975708,0.3795512616634369,0.49849820137023926,0.5332276821136475,0.6842490434646606,-0.24546697735786438,0.9137538075447083,0.5347548723220825,0.6716064214706421,0.23728854954242706,0.5518008470535278
100,squat,1,0.49910926818847656,0.24647948145866394,-0.05990675464272499,0.9998811483383179,0.5009840130805969,0.23425471782684326,-0.11053405702114105,0.9998560547828674,0.5052492618560791,0.23277060687541962,-0.11058451980352402,0.9998683333396912,0.5093652009963989,0.23126986622810364,-0.1106310710310936,0.9998948574066162,0.49721765518188477,0.23529602587223053,-0.028690064325928688,0.9998422265052795,0.4982193410396576,0.23473620414733887,-0.028629383072257042,0.9998182654380798,0.4996766149997711,0.2340134233236313,-0.02875617705285549,0.9998365044593811,0.5386162996292114,0.22630511224269867,-0.25455257296562195,0.9999011158943176,0.5303254723548889,0.22871550917625427,0.11351455748081207,0.9996569752693176,0.5218604803085327,0.2530083954334259,-0.10252216458320618,0.9998952746391296,0.5170342326164246,0.2540571093559265,0.0015240316279232502,0.9997547268867493,0.6226154565811157,0.26666125655174255,-0.48229485750198364,0.9999884963035583,0.6142697930335999,0.27196821570396423,0.37859243154525757,0.9993080496788025,0.6523876786231995,0.34880030155181885,-0.5372494459152222,0.9974423050880432,0.6488319635391235,0.34859341382980347,0.45479241013526917,0.11092889308929443,0.6026108264923096,0.4159631133079529,-0.4053969979286194,0.9886960387229919,0.6066334247589111,0.4145852029323578,0.32453301548957825,0.14081250131130219,0.6031253337860107,0.4375426173210144,-0.46638762950897217,0.9739646315574646,0.6013572216033936,0.4338727295398712,0.3406420052051544,0.1416427344083786,0.5868539214134216,0.43592411279678345,-0.444580078125,0.971808910369873,0.5935598611831665,0.4306875467300415,0.27491503953933716,0.14271345734596252,0.5860517621040344,0.4300355911254883,-0.38815969228744507,0.9535934329032898,0.596278727054596,0.42481645941734314,0.2907913625240326,0.13944846391677856,0.6881267428398132,0.41259297728538513,-0.25196200609207153,0.9985672831535339,0.6768341660499573,0.414079487323761,0.25183388590812683,0.9961271286010742,0.6281828284263611,0.5341354012489319,-0.19646543264389038,0.9432582259178162,0.6321216821670532,0.532372236251831,0.25960126519203186,0.36091309785842896,0.6432751417160034,0.6643683314323425,-0.09675785154104233,0.9205935597419739,0.645077645778656,0.6489861011505127,0.35594427585601807,0.4433404803276062,0.6719072461128235,0.68324214220047,-0.0964006632566452,0.8761800527572632,0.6698049306869507,0.6712952852249146,0.35626938939094543,0.4883786141872406,0.5325456857681274,0.6841856241226196,-0.2620055675506592,0.9093132019042969,0.5345390439033508,0.671795129776001,0.21266748011112213,0.5391544699668884
101,squat,1,0.4976116716861725,0.24671924114227295,-0.07477770000696182,0.9998780488967896,0.4995684325695038,0.23454509675502777,-0.12392088025808334,0.9998525977134705,0.5039222836494446,0.23299944400787354,-0.12396642565727234,0.9998646378517151,0.5081416964530945,0.23145082592964172,-0.12401721626520157,0.9998924732208252,0.49558186531066895,0.23573555052280426,-0.04400273784995079,0.9998393058776855,0.496446818113327,0.2352185845375061,-0.04394246265292168,0.9998149871826172,0.49773651361465454,0.234520822763443,-0.04405461996793747,0.9998339414596558,0.5372747182846069,0.22664207220077515,-0.2540767192840576,0.9998987913131714,0.5280773043632507,0.22932064533233643,0.10120002180337906,0.9996500611305237,0.520645022392273,0.25340789556503296,-0.1139129251241684,0.9998926520347595,0.5153615474700928,0.25456324219703674,-0.012054597027599812,0.9997485280036926,0.6233463287353516,0.2674439251422882,-0.48022472858428955,0.999988853931427,0.607560932636261,0.27374011278152466,0.3701973557472229,0.9992979764938354,0.6533657908439636,0.3488048315048218,-0.534781813621521,0.997483491897583,0.647352397441864,0.3487442433834076,0.44847333431243896,0.10539721697568893,0.6031274795532227,0.4159415662288666,-0.40380391478538513,0.9889578819274902,0.6054006218910217,0.4145640730857849,0.31269142031669617,0.13237619400024414,0.6035585403442383,0.43752729892730713,-0.463837593793869,0.9744185209274292,0.6004570126533508,0.433839350938797,0.32526472210884094,0.13359829783439636,0.5869710445404053,0.43588489294052124,-0.4426627457141876,0.9722912311553955,0.5921840071678162,0.430680513381958,0.25978174805641174,0.13461175560951233,0.5861197113990784,0.4300135374069214,-0.3866410553455353,0.9543266892433167,0.5951972007751465,0.4247771203517914,0.2788216471672058,0.13192346692085266,0.688533365726471,0.4125294089317322,-0.25165748596191406,0.9985239505767822,0.6762251853942871,0.41411954164505005,0.2515202760696411,0.9960375428199768,0.6276960372924805,0.5341024398803711,-0.19898521900177002,0.9418952465057373,0.6312631368637085,0.5323584079742432,0.25546836853027344,0.34927839040756226,0.6431686878204346,0.663693904876709,-0.10223180055618286,0.9174762964248657,0.6451026201248169,0.6485163569450378,0.34288325905799866,0.43211978673934937,0.6719200611114502,0.6830490231513977,-0.10260051488876343,0.872851550579071,0.6695823073387146,0.6712679266929626,0.3421216905117035,0.4786621630191803,0.5311108827590942,0.6841601729393005,-0.27063536643981934,0.905687153339386,0.5345358848571777,0.6717211008071899,0.20095477998256683,0.5276381373405457
102,squat,1,0.49628323316574097,0.2466851770877838,-0.0856422707438469,0.9998769760131836,0.4988255798816681,0.23448611795902252,-0.1333494484424591,0.9998513460159302,0.5032942295074463,0.2329472452402115,-0.13339582085609436,0.9998632073402405,0.5074208974838257,0.2314058393239975,-0.13345399498939514,0.9998919367790222,0.49431079626083374,0.23570013046264648,-0.054717179387807846,0.9998382329940796,0.4950311481952667,0.2351963371038437,-0.05464203655719757,0.9998136162757874,0.4961386024951935,0.23452293872833252,-0.05474776774644852,0.9998328685760498,0.5361133813858032,0.22666454315185547,-0.25460970401763916,0.9998984336853027,0.5260114073753357,0.22950756549835205,0.09347078949213028,0.9996461868286133,0.5194255709648132,0.25343233346939087,-0.1221420094370842,0.9998921751976013,0.5137471556663513,0.2546737790107727,-0.02167479693889618,0.9997457265853882,0.6237614154815674,0.2675812244415283,-0.4807998836040497,0.9999893307685852,0.6013602018356323,0.27547118067741394,0.3667459487915039,0.9992927312850952,0.6546939015388489,0.3486860692501068,-0.5361198782920837,0.9975277185440063,0.6453061103820801,0.34901347756385803,0.44765129685401917,0.10057520866394043,0.6035913228988647,0.4156167805194855,-0.40805208683013916,0.989304780960083,0.6037165522575378,0.4145503044128418,0.30856382846832275,0.1254919022321701,0.6039126515388489,0.43740639090538025,-0.4678618311882019,0.9751025438308716,0.5994030833244324,0.4340113401412964,0.31957605481147766,0.12710723280906677,0.5872793197631836,0.43577539920806885,-0.4475887417793274,0.9730265140533447,0.5909284949302673,0.4308273196220398,0.2541351616382599,0.12806516885757446,0.5864011645317078,0.4298856854438782,-0.39071494340896606,0.9554520845413208,0.5938814282417297,0.42483657598495483,0.27458590269088745,0.12587790191173553,0.6889751553535461,0.4122106432914734,-0.25129368901252747,0.998515248298645,0.6740415692329407,0.41411420702934265,0.25116392970085144,0.9960192441940308,0.6275531053543091,0.5340524911880493,-0.20023828744888306,0.9414771199226379,0.6309124827384949,0.5323150157928467,0.2562444508075714,0.34084224700927734,0.6431827545166016,0.6636195182800293,-0.10633116960525513,0.9158686995506287,0.6450329422950745,0.6484842896461487,0.346703439950943,0.424187570810318,0.6719748377799988,0.6829805970191956,-0.10686178505420685,0.8698417544364929,0.6695701479911804,0.6712895035743713,0.3463289439678192,0.47073662281036377,0.5307478308677673,0.6846625208854675,-0.2742425501346588,0.9033065438270569,0.5346000790596008,0.6722606420516968,0.20451173186302185,0.5191694498062134
103,squat,1,0.4939383864402771,0.24669483304023743,-0.08660630881786346,0.9998769164085388,0.49655088782310486,0.23444858193397522,-0.13433443009853363,0.9998514652252197,0.501093864440918,0.23290638625621796,-0.13438335061073303,0.9998630285263062,0.5052214860916138,0.2313717156648636,-0.13444483280181885,0.9998922944068909,0.49186503887176514,0.23570707440376282,-0.05526392534375191,0.9998385310173035,0.49251824617385864,0.2352161705493927,-0.05518370866775513,0.9998137354850769,0.4935276508331299,0.2345641702413559,-0.05529184639453888,0.9998329877853394,0.5337015390396118,0.22665879130363464,-0.2545064091682434,0.9998989105224609,0.5231318473815918,0.22958460450172424,0.09368050843477249,0.9996450543403625,0.5172082781791687,0.2534482777118683,-0.12329811602830887,0.9998925924301147,0.5112326145172119,0.2547329366207123,-0.022261369973421097,0.9997457265853882,0.6231119632720947,0.267602801322937,-0.4828767478466034,0.9999898076057434,0.5990948677062988,0.2758888304233551,0.36692142486572266,0.9992883801460266,0.6555115580558777,0.34866759181022644,-0.5402974486351013,0.9975809454917908,0.644684910774231,0.3490893244743347,0.44783538579940796,0.09603884816169739,0.6038782000541687,0.41555172204971313,-0.4114048480987549,0.9896759390830994,0.6033381223678589,0.4145529568195343,0.3087502717971802,0.11881060153245926,0.6041692495346069,0.4373786449432373,-0.47191235423088074,0.9758354425430298,0.5993493795394897,0.43420708179473877,0.319632887840271,0.12076511234045029,0.5874860882759094,0.4357496201992035,-0.45116737484931946,0.9738150238990784,0.5906441807746887,0.4309903383255005,0.25449085235595703,0.1216772124171257,0.5865989923477173,0.42986059188842773,-0.39375174045562744,0.9566326141357422,0.593452513217926,0.4249251186847687,0.2746322453022003,0.11996930837631226,0.6890444755554199,0.4120998978614807,-0.2512861490249634,0.998491108417511,0.6735838055610657,0.4140946567058563,0.2511705756187439,0.9959724545478821,0.6277020573616028,0.5340598225593567,-0.20135822892189026,0.9412596225738525,0.6308821439743042,0.5322968363761902,0.25711631774902344,0.33447933197021484,0.6430726647377014,0.6636539697647095,-0.10339704900979996,0.914411187171936,0.6447281837463379,0.6487373113632202,0.3533676266670227,0.41779500246047974,0.6718146204948425,0.6829571723937988,-0.10322649776935577,0.8681743741035461,0.6693863272666931,0.6713622212409973,0.35367482900619507,0.46456411480903625,0.5302839875221252,0.6847088932991028,-0.27217087149620056,0.9008721709251404,0.5346092581748962,0.6722269058227539,0.21260832250118256,0.511580228805542
104,squat,1,0.49145808815956116,0.2469908744096756,-0.08623164892196655,0.999870777130127,0.4930724799633026,0.23472198843955994,-0.13537880778312683,0.9998437762260437,0.4974128305912018,0.23313599824905396,-0.13543136417865753,0.9998556971549988,0.5016341805458069,0.23155805468559265,-0.13549718260765076,0.9998869299888611,0.4889086186885834,0.23602107167243958,-0.05466005951166153,0.9998294711112976,0.4896254241466522,0.2355177104473114,-0.05458463355898857,0.9998034238815308,0.49072203040122986,0.23484811186790466,-0.05470304191112518,0.9998244047164917,0.5301861763000488,0.22668854892253876,-0.2632206082344055,0.9998945593833923,0.5204564332962036,0.2296323925256729,0.09414227306842804,0.9996290802955627,0.5148215889930725,0.2536547780036926,-0.12525750696659088,0.9998888969421387,0.5092442035675049,0.2549630105495453,-0.02187919430434704,0.9997388124465942,0.6205379962921143,0.2675839960575104,-0.49300509691238403,0.9999902248382568,0.5991626977920532,0.2753618359565735,0.36687350273132324,0.9992950558662415,0.655353307723999,0.34867173433303833,-0.5579133629798889,0.9976435303688049,0.6424252390861511,0.3488280773162842,0.447605162858963,0.09243620187044144,0.604077935218811,0.4158976972103119,-0.43576163053512573,0.9900164604187012,0.6029401421546936,0.414703905582428,0.3066651225090027,0.1128450259566307,0.6043511629104614,0.43799880146980286,-0.5016312003135681,0.9764697551727295,0.5992717146873474,0.43509364128112793,0.31806448101997375,0.11498246341943741,0.587657630443573,0.43657758831977844,-0.48059597611427307,0.9744871854782104,0.5906397104263306,0.43221285939216614,0.2512066960334778,0.11585719883441925,0.5868185758590698,0.4307268261909485,-0.41857489943504333,0.9575952887535095,0.5933926701545715,0.42576560378074646,0.27206161618232727,0.1146388053894043,0.689158022403717,0.4121163487434387,-0.25116729736328125,0.9984430074691772,0.6733593344688416,0.4141068160533905,0.25106188654899597,0.9958978295326233,0.6283205151557922,0.5343002080917358,-0.1987636238336563,0.9402074217796326,0.6319559812545776,0.5326113700866699,0.2578449547290802,0.32819488644599915,0.6431159973144531,0.6634771227836609,-0.08429677039384842,0.9105448126792908,0.6445207595825195,0.6499566435813904,0.35885128378868103,0.4093147814273834,0.6718843579292297,0.6829342246055603,-0.08221510797739029,0.8649905920028687,0.6693511009216309,0.6716992855072021,0.35961493849754333,0.45685839653015137,0.5305821299552917,0.6848524808883667,-0.24968332052230835,0.8955068588256836,0.5354036092758179,0.6728862524032593,0.2168007493019104,0.5012408494949341
105,squat,1,0.48891761898994446,0.24728664755821228,-0.09734189510345459,0.9998589754104614,0.4897681176662445,0.2350296527147293,-0.14791592955589294,0.9998303651809692,0.49396270513534546,0.233407124876976,-0.1479645073413849,0.9998430013656616,0.4983314275741577,0.23177993297576904,-0.1480318307876587,0.999877393245697,0.4857800602912903,0.23632709681987762,-0.06577417254447937,0.9998137950897217,0.48637405037879944,0.2358018457889557,-0.06570024788379669,0.9997852444648743,0.4873337149620056,0.2351176142692566,-0.06584583222866058,0.9998093843460083,0.5271361470222473,0.22669710218906403,-0.2767775058746338,0.9998859763145447,0.5176346302032471,0.22964636981487274,0.08514008671045303,0.9995992183685303,0.5121996402740479,0.253798246383667,-0.13713116943836212,0.9998805522918701,0.5064985156059265,0.255079984664917,-0.03193292394280434,0.9997230172157288,0.6168610453605652,0.2674630582332611,-0.506775438785553,0.9999904036521912,0.5988188982009888,0.2742137014865875,0.3619133532047272,0.9992951154708862,0.6522466540336609,0.34879201650619507,-0.5706717371940613,0.997637152671814,0.6381107568740845,0.347424179315567,0.43830224871635437,0.0888160839676857,0.6038170456886292,0.4166419804096222,-0.44100528955459595,0.9899426698684692,0.6026731729507446,0.4150991141796112,0.29935744404792786,0.10666800290346146,0.6045036315917969,0.4394562244415283,-0.5054907202720642,0.9762295484542847,0.5992780923843384,0.4360053539276123,0.3137025833129883,0.10895694047212601,0.5878326296806335,0.43848150968551636,-0.48377278447151184,0.9742296934127808,0.5906617045402527,0.43374285101890564,0.24660933017730713,0.1097777858376503,0.586956262588501,0.4326046109199524,-0.4236423075199127,0.9570697546005249,0.5934047102928162,0.42701470851898193,0.26507607102394104,0.10895082354545593,0.6891692876815796,0.41212207078933716,-0.2523791491985321,0.9983921647071838,0.6732897758483887,0.41407832503318787,0.2522859573364258,0.9958006143569946,0.6286622881889343,0.5345300436019897,-0.19916552305221558,0.9397607445716858,0.6327299475669861,0.5326967835426331,0.26614752411842346,0.3232667148113251,0.6431839466094971,0.6634427309036255,-0.08450499922037125,0.9094188809394836,0.6444620490074158,0.6498517394065857,0.3779996335506439,0.40447118878364563,0.6719372868537903,0.6829164624214172,-0.08241518586874008,0.8647928833961487,0.6691955327987671,0.6716011166572571,0.3802460730075836,0.45254120230674744,0.5308090448379517,0.6854350566864014,-0.24848484992980957,0.8932189345359802,0.537443220615387,0.6728717684745789,0.23668938875198364,0.4952625334262848
106,squat,1,0.48765456676483154,0.24786724150180817,-0.09641053527593613,0.9998482465744019,0.4879983961582184,0.23566937446594238,-0.14540891349315643,0.9998166561126709,0.4920561611652374,0.23402361571788788,-0.14546498656272888,0.9998293519020081,0.49633973836898804,0.2323286533355713,-0.1455315202474594,0.9998668432235718,0.48419439792633057,0.23687948286533356,-0.06534745544195175,0.9997993111610413,0.48480695486068726,0.23630039393901825,-0.06528979539871216,0.9997699856758118,0.48581942915916443,0.23554745316505432,-0.06548070907592773,0.9997982382774353,0.5249099731445312,0.22687558829784393,-0.27612054347991943,0.9998753666877747,0.5159834623336792,0.22976024448871613,0.08648859709501266,0.9995786547660828,0.5108324289321899,0.25420042872428894,-0.13410218060016632,0.9998714327812195,0.5052750110626221,0.25538790225982666,-0.030733829364180565,0.999708890914917,0.6136682033538818,0.26751676201820374,-0.506464958190918,0.9999903440475464,0.5989431142807007,0.27362826466560364,0.3597133159637451,0.9993047118186951,0.648970901966095,0.3494200110435486,-0.5650761723518372,0.9975667595863342,0.6365717649459839,0.34748685359954834,0.4355328679084778,0.08618608862161636,0.6037817597389221,0.41807422041893005,-0.43380436301231384,0.9896352887153625,0.6024276614189148,0.4159352779388428,0.30006876587867737,0.10156075656414032,0.6046290993690491,0.44089117646217346,-0.49674084782600403,0.9755294322967529,0.5992706418037415,0.43687355518341064,0.31529349088668823,0.10391222685575485,0.5879667401313782,0.44012391567230225,-0.4752858281135559,0.9734779000282288,0.5906262397766113,0.43507474660873413,0.2473498433828354,0.10468735545873642,0.5870752334594727,0.43418601155281067,-0.41656431555747986,0.9558213949203491,0.5933253169059753,0.4282408654689789,0.2658979594707489,0.10424624383449554,0.6892596483230591,0.4122416079044342,-0.2526538074016571,0.9983205795288086,0.6736189126968384,0.41408780217170715,0.2525530457496643,0.9957268834114075,0.6289198994636536,0.535575270652771,-0.19518236815929413,0.9392594695091248,0.6333082318305969,0.5331474542617798,0.27516186237335205,0.31696635484695435,0.6430831551551819,0.6633680462837219,-0.06944219022989273,0.9075589179992676,0.6442610025405884,0.6499496698379517,0.3968731164932251,0.3973332345485687,0.6719576716423035,0.6828891038894653,-0.0655355229973793,0.8640831112861633,0.6690323352813721,0.6715382933616638,0.3998606503009796,0.4463966488838196,0.5309426784515381,0.6858358979225159,-0.2244553416967392,0.8904035091400146,0.5380398035049438,0.6729637980461121,0.25708144903182983,0.48736467957496643
107,squat,1,0.4847864806652069,0.2481270581483841,-0.0807853490114212,0.9998394250869751,0.48506999015808105,0.2358403354883194,-0.1318553239107132,0.9998070001602173,0.48899903893470764,0.234254851937294,-0.13191473484039307,0.9998189806938171,0.4933713376522064,0.23260954022407532,-0.13196487724781036,0.999858558177948,0.4814222753047943,0.23695296049118042,-0.04873127117753029,0.9997889995574951,0.4820457696914673,0.23634858429431915,-0.04868881404399872,0.9997593760490417,0.4831026792526245,0.2355816513299942,-0.04889329522848129,0.9997914433479309,0.522688090801239,0.22710850834846497,-0.2741824984550476,0.9998651742935181,0.5140947103500366,0.22977274656295776,0.09500304609537125,0.9995647072792053,0.5076133012771606,0.25450947880744934,-0.12597689032554626,0.9998624920845032,0.5018763542175293,0.25557374954223633,-0.019086813554167747,0.9996984601020813,0.6071953773498535,0.26786673069000244,-0.5025707483291626,0.9999900460243225,0.5990437269210815,0.2734863758087158,0.3627159893512726,0.9993155598640442,0.6386562585830688,0.3513723909854889,-0.5623391270637512,0.9973751902580261,0.6366903185844421,0.3494766056537628,0.434260755777359,0.08299949765205383,0.6026123762130737,0.4225141406059265,-0.4300979673862457,0.9885572195053101,0.6027817130088806,0.4191068708896637,0.29955941438674927,0.09581310302019119,0.6039354205131531,0.4450596570968628,-0.49227190017700195,0.9733567833900452,0.5995234847068787,0.438709020614624,0.3153703510761261,0.09830722212791443,0.5874539017677307,0.4452132284641266,-0.4723658561706543,0.9711201786994934,0.5905734300613403,0.437823086977005,0.24819794297218323,0.09901571273803711,0.5862587690353394,0.4388997256755829,-0.4129825234413147,0.9521245360374451,0.593332827091217,0.43124744296073914,0.26550209522247314,0.09891270101070404,0.6896817684173584,0.41229650378227234,-0.2551931142807007,0.9982578754425049,0.678464412689209,0.41414275765419006,0.2550753355026245,0.9956549406051636,0.6261413097381592,0.5355762243270874,-0.1956610083580017,0.939384400844574,0.6310500502586365,0.5331248641014099,0.2847849130630493,0.31109750270843506,0.6426586508750916,0.6633524298667908,-0.06990639865398407,0.9079938530921936,0.6441086530685425,0.6499239802360535,0.411821573972702,0.39382168650627136,0.6711331605911255,0.6830101013183594,-0.06583938002586365,0.8667848110198975,0.6682358980178833,0.6714786887168884,0.4154050648212433,0.4450492560863495,0.53011554479599,0.6837050914764404,-0.21906442940235138,0.8903104066848755,0.5379548668861389,0.6706402897834778,0.27741044759750366,0.48358771204948425
108,squat,1,0.48244890570640564,0.24813775718212128,-0.07849171757698059,0.9998372197151184,0.48295196890830994,0.23582713305950165,-0.1300792247056961,0.9998049736022949,0.48683345317840576,0.2342631071805954,-0.1301237791776657,0.9998164176940918,0.49114885926246643,0.2326497882604599,-0.1301562786102295,0.9998564720153809,0.4794294238090515,0.2369316667318344,-0.04660383611917496,0.9997881650924683,0.4801124930381775,0.2363334596157074,-0.04656137153506279,0.9997596740722656,0.4812551438808441,0.23557457327842712,-0.04677223786711693,0.9997934103012085,0.5206478834152222,0.22720138728618622,-0.27199050784111023,0.9998602271080017,0.5125029683113098,0.2297714203596115,0.094936802983284,0.999567985534668,0.5048974752426147,0.2545231878757477,-0.12588603794574738,0.9998606443405151,0.4992668926715851,0.25558361411094666,-0.018429987132549286,0.9996992349624634,0.6042806506156921,0.2680404782295227,-0.5045023560523987,0.999989926815033,0.5994026064872742,0.2735297381877899,0.36209169030189514,0.9993317127227783,0.6299842596054077,0.35286736488342285,-0.5599040389060974,0.9971079230308533,0.6343534588813782,0.35226479172706604,0.429656058549881,0.08081871271133423,0.6001578569412231,0.4252223074436188,-0.4276350736618042,0.9874186515808105,0.6017165780067444,0.4223184287548065,0.2980416417121887,0.09163431823253632,0.6012294292449951,0.44834139943122864,-0.48836320638656616,0.9712103605270386,0.5970416069030762,0.4418002963066101,0.31578725576400757,0.09413078427314758,0.5850852131843567,0.4486022889614105,-0.4665643572807312,0.9688078165054321,0.5880528092384338,0.44252464175224304,0.2488395720720291,0.09475710988044739,0.5835738778114319,0.4416867196559906,-0.410970002412796,0.9485006332397461,0.5901603698730469,0.43523135781288147,0.26449111104011536,0.0949740782380104,0.6905985474586487,0.41230320930480957,-0.25654685497283936,0.9982513785362244,0.6803218722343445,0.4141784608364105,0.25640982389450073,0.9956662654876709,0.6242578029632568,0.5355949997901917,-0.19581279158592224,0.9403107762336731,0.6262890100479126,0.5329813361167908,0.3189522624015808,0.3056724965572357,0.6422410607337952,0.6644829511642456,-0.08414517343044281,0.9101908802986145,0.6424595713615417,0.6497544050216675,0.4743858575820923,0.38996580243110657,0.6695260405540466,0.6837148070335388,-0.08300074934959412,0.8698793649673462,0.6656294465065002,0.6704161167144775,0.48095348477363586,0.44248872995376587,0.5271220803260803,0.6833135485649109,-0.24928715825080872,0.8922483325004578,0.5331320762634277,0.6699213981628418,0.3500806391239166,0.4819827973842621
109,squat,1,0.4817706346511841,0.24861741065979004,-0.0892593190073967,0.9998378753662109,0.48288148641586304,0.23633037507534027,-0.1410035640001297,0.9998058676719666,0.4868205189704895,0.23483218252658844,-0.14101877808570862,0.9998167753219604,0.49089980125427246,0.2332935482263565,-0.14103154838085175,0.9998566508293152,0.47910740971565247,0.23729050159454346,-0.05777312442660332,0.999789834022522,0.4798245131969452,0.23663517832756042,-0.057728059589862823,0.999763011932373,0.4810153543949127,0.23582376539707184,-0.05793475732207298,0.9997978806495667,0.5199115872383118,0.2280733287334442,-0.28468573093414307,0.9998576045036316,0.5118440389633179,0.23025314509868622,0.08026784658432007,0.999576985836029,0.5042441487312317,0.25507935881614685,-0.1369895040988922,0.9998612403869629,0.49882468581199646,0.2560243606567383,-0.030218198895454407,0.9997044205665588,0.6030637621879578,0.268480122089386,-0.5192445516586304,0.9999900460243225,0.5983701944351196,0.2738761007785797,0.34868940711021423,0.9993634819984436,0.6230639815330505,0.3542788624763489,-0.5708091855049133,0.9969155788421631,0.629697322845459,0.3550637364387512,0.4163941740989685,0.08109442889690399,0.5971408486366272,0.42715731263160706,-0.4386986792087555,0.986842930316925,0.5977001786231995,0.4247187674045563,0.2833999991416931,0.0908556878566742,0.5982600450515747,0.45038068294525146,-0.5015087127685547,0.970167338848114,0.5915873050689697,0.44454696774482727,0.30300119519233704,0.09315428882837296,0.5819519758224487,0.4505116045475006,-0.4797629415988922,0.9677097797393799,0.5825763940811157,0.4460459351539612,0.23462261259555817,0.09373148530721664,0.5802313089370728,0.44375982880592346,-0.42292147874832153,0.946706235408783,0.5848070979118347,0.43919506669044495,0.2495705634355545,0.0942290797829628,0.6925225257873535,0.41237106919288635,-0.25882959365844727,0.9982770681381226,0.6806410551071167,0.4142169654369354,0.25867152214050293,0.995776891708374,0.6229701638221741,0.5356014370918274,-0.19347843527793884,0.9418408274650574,0.6219907999038696,0.5327396392822266,0.3326193392276764,0.30266591906547546,0.6412248015403748,0.6639845967292786,-0.07588617503643036,0.9133493900299072,0.6401397585868835,0.6482688188552856,0.4939647912979126,0.3903369605541229,0.6693315505981445,0.6837045550346375,-0.07357297837734222,0.8737342953681946,0.6639106869697571,0.6676259636878967,0.5011107921600342,0.4436540901660919,0.5270949006080627,0.6833354830741882,-0.24048252403736115,0.8954582810401917,0.5318545699119568,0.6694743633270264,0.3711978495121002,0.48527634143829346
110,squat,1,0.48011305928230286,0.248959481716156,-0.08901519328355789,0.9998440742492676,0.481638640165329,0.2367144525051117,-0.14070472121238708,0.9998131394386292,0.48566776514053345,0.23526078462600708,-0.14071978628635406,0.9998229146003723,0.4896274209022522,0.23379769921302795,-0.14072975516319275,0.9998613595962524,0.47770339250564575,0.2375735491514206,-0.057439323514699936,0.9997982382774353,0.47847968339920044,0.23687881231307983,-0.05738899111747742,0.9997732043266296,0.4797549545764923,0.23605020344257355,-0.05758645012974739,0.9998078942298889,0.5185930728912354,0.22886446118354797,-0.2850838303565979,0.9998601675033569,0.5107985734939575,0.23073723912239075,0.08091524988412857,0.9995974898338318,0.502934992313385,0.2555369436740875,-0.13675391674041748,0.9998664259910583,0.4977264404296875,0.2564356029033661,-0.029844539240002632,0.9997186064720154,0.6003611087799072,0.2694164216518402,-0.5195743441581726,0.9999902844429016,0.5985015034675598,0.27439308166503906,0.347797691822052,0.99940425157547,0.6157196760177612,0.35611456632614136,-0.5695966482162476,0.9966998100280762,0.6267921328544617,0.3578633964061737,0.4132770299911499,0.0824868232011795,0.592576801776886,0.4280052185058594,-0.4361003041267395,0.9860883355140686,0.5909345149993896,0.4259284436702728,0.274858295917511,0.09150386601686478,0.593837559223175,0.4525755047798157,-0.49942392110824585,0.9688265323638916,0.5835666060447693,0.4473229944705963,0.29387766122817993,0.09350664168596268,0.5774691700935364,0.4533020257949829,-0.47789859771728516,0.9663189053535461,0.574358344078064,0.44939979910850525,0.22380812466144562,0.09404033422470093,0.5755085349082947,0.44598034024238586,-0.42059874534606934,0.9444798827171326,0.5772883892059326,0.44169411063194275,0.2402219921350479,0.0948176309466362,0.6954191327095032,0.4129824936389923,-0.2607646584510803,0.9983367919921875,0.685253918170929,0.41459953784942627,0.2606056034564972,0.9959685206413269,0.6225952506065369,0.5358180403709412,-0.19308583438396454,0.9435629844665527,0.621065616607666,0.5326390862464905,0.3503502309322357,0.30136722326278687,0.6405208110809326,0.6636187434196472,-0.07216796278953552,0.9167593717575073,0.6378661394119263,0.6480923891067505,0.5243162512779236,0.3933979272842407,0.6693622469902039,0.683610200881958,-0.0689086839556694,0.8784214854240417,0.6624568700790405,0.6673482656478882,0.5326522588729858,0.44739216566085815,0.5270729660987854,0.6835260391235352,-0.2322026640176773,0.8993896842002869,0.5313580632209778,0.6694767475128174,0.40537765622138977,0.4913143515586853
111,squat,1,0.48079708218574524,0.2517244219779968,-0.11250914633274078,0.9998489618301392,0.48234009742736816,0.2395608127117157,-0.1652335673570633,0.9998183250427246,0.48638835549354553,0.23827631771564484,-0.16523119807243347,0.9998272657394409,0.49038729071617126,0.2368503361940384,-0.16520386934280396,0.999864399433136,0.47819745540618896,0.24063940346240997,-0.0829394981265068,0.9998061656951904,0.4788481295108795,0.24022318422794342,-0.08292256295681,0.9997830390930176,0.47990426421165466,0.23962125182151794,-0.08312176913022995,0.9998172521591187,0.5193655490875244,0.23253071308135986,-0.304252564907074,0.9998606443405151,0.5109874606132507,0.23453818261623383,0.05708816275000572,0.9996180534362793,0.5036525130271912,0.25835639238357544,-0.15756475925445557,0.999870240688324,0.49837881326675415,0.2592830955982208,-0.05207664519548416,0.9997310638427734,0.6012189984321594,0.27446240186691284,-0.5274035334587097,0.9999900460243225,0.5984049439430237,0.27837392687797546,0.32773733139038086,0.9994460344314575,0.6097756028175354,0.36185961961746216,-0.5679900646209717,0.9962849617004395,0.6156882047653198,0.3637356162071228,0.39837446808815,0.08917747437953949,0.5704732537269592,0.43450650572776794,-0.4181310534477234,0.9840742349624634,0.5662097334861755,0.43425777554512024,0.2608200013637543,0.09717489778995514,0.5701050162315369,0.4576902985572815,-0.4743005633354187,0.9652574062347412,0.557235062122345,0.454969584941864,0.2772088944911957,0.09762399643659592,0.5576325058937073,0.45794448256492615,-0.462380588054657,0.9625316858291626,0.5530304908752441,0.45602697134017944,0.21089865267276764,0.09814385324716568,0.5567794442176819,0.4507448673248291,-0.4061034321784973,0.9389427900314331,0.5564817190170288,0.44912052154541016,0.2276822179555893,0.09903258830308914,0.7026737332344055,0.41498222947120667,-0.26070940494537354,0.9983646273612976,0.6900442838668823,0.41668301820755005,0.26055675745010376,0.996141254901886,0.6222132444381714,0.5362420082092285,-0.20675408840179443,0.9449006915092468,0.6177109479904175,0.5332472920417786,0.34322789311408997,0.3035660982131958,0.6404066681861877,0.6635540127754211,-0.10628890246152878,0.9200965166091919,0.6357291340827942,0.6489410996437073,0.4973664879798889,0.4021220803260803,0.6692659258842468,0.6836016774177551,-0.10594736784696579,0.8826724290847778,0.6608854532241821,0.6681903600692749,0.5032053589820862,0.4538224935531616,0.527030348777771,0.683529794216156,-0.27395686507225037,0.9034252166748047,0.5307287573814392,0.66998690366745,0.3744080364704132,0.5015345215797424
112,squat,1,0.4810844659805298,0.25459909439086914,-0.12603886425495148,0.9998501539230347,0.4825798273086548,0.24247950315475464,-0.17958909273147583,0.9998184442520142,0.4866202473640442,0.2411779761314392,-0.17957961559295654,0.9998266100883484,0.49047744274139404,0.23972323536872864,-0.17954549193382263,0.9998633861541748,0.4780854880809784,0.24367481470108032,-0.0964505523443222,0.9998087882995605,0.4786556661128998,0.2433193325996399,-0.09645327925682068,0.999787449836731,0.47958436608314514,0.24273480474948883,-0.09665915369987488,0.9998224377632141,0.5192222595214844,0.235276997089386,-0.3224610984325409,0.9998570084571838,0.5102012753486633,0.23751531541347504,0.04241115599870682,0.9996312856674194,0.5041057467460632,0.260976105928421,-0.1727171689271927,0.9998701214790344,0.49875396490097046,0.2619673013687134,-0.06626980006694794,0.9997368454933167,0.601613461971283,0.27744054794311523,-0.5452767014503479,0.9999894499778748,0.5953898429870605,0.2815128266811371,0.3137507140636444,0.9994832277297974,0.6062914729118347,0.36556896567344666,-0.5806151628494263,0.9958558082580566,0.6082356572151184,0.3674520254135132,0.3867373764514923,0.097555972635746,0.564102053642273,0.4366617798805237,-0.4182564318180084,0.9818244576454163,0.5549209117889404,0.43699923157691956,0.25228187441825867,0.10343878716230392,0.5638048052787781,0.4601757228374481,-0.474746435880661,0.9610790014266968,0.5451852679252625,0.45804721117019653,0.2692539095878601,0.101873017847538,0.5509093999862671,0.45972052216529846,-0.46294355392456055,0.9580895900726318,0.5414958596229553,0.45828020572662354,0.2045924812555313,0.10241607576608658,0.5500010848045349,0.4526064395904541,-0.406790554523468,0.9326366186141968,0.5448324680328369,0.45156028866767883,0.2198486477136612,0.10346995294094086,0.7089128494262695,0.4168379008769989,-0.2604271173477173,0.9983484148979187,0.6913835406303406,0.41875532269477844,0.2602856457233429,0.9962811470031738,0.6218238472938538,0.5366565585136414,-0.21080079674720764,0.94500732421875,0.6135563850402832,0.5339008569717407,0.31825873255729675,0.3058624565601349,0.6399122476577759,0.6636125445365906,-0.09889943152666092,0.9215124845504761,0.633243978023529,0.6513906121253967,0.444794625043869,0.40871933102607727,0.6685454845428467,0.6835763454437256,-0.09590321034193039,0.8849742412567139,0.6581978797912598,0.6709169149398804,0.44703295826911926,0.4589655101299286,0.5271004438400269,0.6835351586341858,-0.25399553775787354,0.9052215218544006,0.5293338894844055,0.6720092296600342,0.31769487261772156,0.507378339767456
113,squat,1,0.4799848198890686,0.2568542957305908,-0.141121506690979,0.9998489618301392,0.48149746656417847,0.24476328492164612,-0.19380170106887817,0.9998152852058411,0.4855882227420807,0.2433824986219406,-0.19379964470863342,0.9998226165771484,0.48936015367507935,0.24189408123493195,-0.19375385344028473,0.9998598694801331,0.476671427488327,0.24592676758766174,-0.1114194467663765,0.9998079538345337,0.4771338403224945,0.24545228481292725,-0.11143180727958679,0.9997878670692444,0.47799399495124817,0.24474412202835083,-0.11165868490934372,0.999824583530426,0.5179200768470764,0.23730652034282684,-0.33431723713874817,0.9998509287834167,0.508931577205658,0.23934341967105865,0.027617497369647026,0.9996401071548462,0.5034367442131042,0.263436883687973,-0.18727336823940277,0.9998680353164673,0.4977234899997711,0.2645393908023834,-0.08160602301359177,0.9997392892837524,0.5986394882202148,0.28016868233680725,-0.5614039897918701,0.9999889135360718,0.5931670069694519,0.2828907370567322,0.3013468384742737,0.9995157122612,0.5987104773521423,0.3700419068336487,-0.6004704236984253,0.9953981637954712,0.6042571663856506,0.3696708679199219,0.3559405207633972,0.10714350640773773,0.5532268285751343,0.44016680121421814,-0.4286247491836548,0.9790056943893433,0.5478049516677856,0.4382554590702057,0.20277424156665802,0.10850369930267334,0.5523443222045898,0.4639688730239868,-0.48719650506973267,0.9560148119926453,0.536182165145874,0.4599328935146332,0.21573492884635925,0.10496709495782852,0.5424922108650208,0.4640650749206543,-0.47781872749328613,0.9528387188911438,0.5353156924247742,0.46010276675224304,0.1498478502035141,0.10549699515104294,0.5424600839614868,0.4564354717731476,-0.4182894229888916,0.9251054525375366,0.5400426387786865,0.4529939889907837,0.1693659871816635,0.10674706846475601,0.7162193059921265,0.4201109707355499,-0.2625018358230591,0.998348593711853,0.6959733963012695,0.4210548400878906,0.262334942817688,0.9964200854301453,0.6211974024772644,0.5369833707809448,-0.21971149742603302,0.9462222456932068,0.6125295758247375,0.533926248550415,0.31616318225860596,0.31302568316459656,0.6380423903465271,0.6632251143455505,-0.0948072224855423,0.9249411225318909,0.6318405866622925,0.65125972032547,0.4568012058734894,0.4203469157218933,0.6675246357917786,0.6832823157310486,-0.0901767835021019,0.889248788356781,0.6560755372047424,0.6709004044532776,0.4614422023296356,0.46878182888031006,0.5271291136741638,0.6839848160743713,-0.24699869751930237,0.909297525882721,0.5293718576431274,0.6728330254554749,0.33700475096702576,0.517685055732727
114,squat,1,0.4775960147380829,0.25835999846458435,-0.13329516351222992,0.9998525381088257,0.479684442281723,0.24612347781658173,-0.18508604168891907,0.999818742275238,0.4840485751628876,0.24469774961471558,-0.18509246408939362,0.9998252391815186,0.4879373610019684,0.24332012236118317,-0.18505805730819702,0.9998622536659241,0.4742976427078247,0.2473083734512329,-0.1031697690486908,0.9998129606246948,0.4746125042438507,0.24680830538272858,-0.10317011177539825,0.9997938871383667,0.4753705859184265,0.2461511641740799,-0.10338503867387772,0.9998307228088379,0.5165598392486572,0.23879730701446533,-0.3245726525783539,0.9998521208763123,0.5074516534805298,0.24076399207115173,0.0349484346807003,0.9996549487113953,0.5017601251602173,0.2653922438621521,-0.17923396825790405,0.9998714327812195,0.49511176347732544,0.2665661871433258,-0.07423288375139236,0.9997488856315613,0.5951418280601501,0.2828453779220581,-0.5591952204704285,0.9999890327453613,0.5930044651031494,0.2844351828098297,0.3113003075122833,0.9995449781417847,0.5961228609085083,0.3731057941913605,-0.5962932109832764,0.9952786564826965,0.6040042042732239,0.37142452597618103,0.36821430921554565,0.11378952115774155,0.5484002828598022,0.44395166635513306,-0.4187696874141693,0.9781098961830139,0.548032820224762,0.4391651451587677,0.22022980451583862,0.11136885732412338,0.5460470914840698,0.466800332069397,-0.479545921087265,0.9541598558425903,0.5358145236968994,0.46113353967666626,0.23423641920089722,0.10636556148529053,0.537497341632843,0.46729403734207153,-0.4699893593788147,0.9509363174438477,0.5350385904312134,0.46148067712783813,0.16831718385219574,0.10686129331588745,0.5383788347244263,0.4594862759113312,-0.4078320264816284,0.9220520257949829,0.540772557258606,0.4539843797683716,0.18685877323150635,0.10828154534101486,0.7233753204345703,0.4238767623901367,-0.2640727162361145,0.9983906149864197,0.7051759958267212,0.42426496744155884,0.2638920545578003,0.9965755939483643,0.6204331517219543,0.5375061631202698,-0.2170155644416809,0.9478650093078613,0.6120390295982361,0.5342109799385071,0.3332277536392212,0.32060906291007996,0.6380224227905273,0.6631621718406677,-0.0639447495341301,0.9285897612571716,0.6310200095176697,0.6513592004776001,0.5071226358413696,0.43285611271858215,0.667555570602417,0.6831473112106323,-0.05735897272825241,0.8939799666404724,0.6548431515693665,0.6714387536048889,0.5145304799079895,0.4799196720123291,0.5290949940681458,0.6839883923530579,-0.20632299780845642,0.913855254650116,0.5294008255004883,0.6734670400619507,0.3994973599910736,0.5299288034439087
115,squat,1,0.4752579629421234,0.2593272030353546,-0.14969976246356964,0.9998534321784973,0.4785504937171936,0.24725376069545746,-0.20014764368534088,0.999818742275238,0.48287808895111084,0.24594053626060486,-0.20014265179634094,0.9998244047164917,0.48683252930641174,0.24455927312374115,-0.20010362565517426,0.9998623728752136,0.4725393056869507,0.24846011400222778,-0.12005609273910522,0.9998155236244202,0.47270435094833374,0.24799801409244537,-0.12006337195634842,0.9997973442077637,0.4732501804828644,0.2473876178264618,-0.12027718871831894,0.9998345971107483,0.5155882835388184,0.24031847715377808,-0.3330884277820587,0.9998505711555481,0.5052467584609985,0.24279716610908508,0.018083680421113968,0.9996668100357056,0.49931004643440247,0.26645323634147644,-0.19313453137874603,0.9998733401298523,0.4918140470981598,0.26754724979400635,-0.09054788947105408,0.9997550845146179,0.5936625003814697,0.28508275747299194,-0.5647876858711243,0.9999890327453613,0.5904848575592041,0.28743642568588257,0.30501213669776917,0.9995709657669067,0.5961719155311584,0.37585505843162537,-0.6003857254981995,0.9951249957084656,0.6025516986846924,0.37358036637306213,0.36306044459342957,0.12001345306634903,0.5454868674278259,0.4471582770347595,-0.42374515533447266,0.977266788482666,0.5444232821464539,0.442471981048584,0.21412214636802673,0.11568863689899445,0.5419779419898987,0.46951353549957275,-0.48643988370895386,0.9524044990539551,0.5321857929229736,0.4643172323703766,0.22671686112880707,0.108945831656456,0.5313351154327393,0.47008389234542847,-0.47508788108825684,0.9491173028945923,0.5299496054649353,0.46451473236083984,0.16123667359352112,0.10934338718652725,0.5321754813194275,0.4625959098339081,-0.41226276755332947,0.9191102981567383,0.5355480909347534,0.45726945996284485,0.181081160902977,0.11084511131048203,0.7290053963661194,0.42553800344467163,-0.2640218138694763,0.9984280467033386,0.7083122730255127,0.4258269667625427,0.26383039355278015,0.9967098832130432,0.6203547120094299,0.537945032119751,-0.2165229320526123,0.9486364722251892,0.6105672121047974,0.5342007875442505,0.33082830905914307,0.32503774762153625,0.6380494832992554,0.6633354425430298,-0.06761319935321808,0.9315043091773987,0.6311991214752197,0.6511933207511902,0.5007482171058655,0.4399420917034149,0.6677738428115845,0.6831393837928772,-0.06213735416531563,0.897111713886261,0.6550307273864746,0.6714004874229431,0.5078186988830566,0.48662927746772766,0.5301881432533264,0.6840183138847351,-0.21411412954330444,0.9173280596733093,0.5295299887657166,0.6734617948532104,0.396170049905777,0.5376327633857727
116,squat,1,0.4716058671474457,0.2646320164203644,-0.1673690229654312,0.9998486042022705,0.47418493032455444,0.2525235414505005,-0.21310624480247498,0.9998124241828918,0.47889307141304016,0.2510725259780884,-0.21312527358531952,0.9998168349266052,0.48315873742103577,0.24964860081672668,-0.21310687065124512,0.9998581409454346,0.46774056553840637,0.25369396805763245,-0.13595908880233765,0.9998126029968262,0.4673336446285248,0.2532868981361389,-0.1359543800354004,0.9997933506965637,0.46715834736824036,0.25278353691101074,-0.13617098331451416,0.9998323321342468,0.5116831064224243,0.24614585936069489,-0.3298836946487427,0.9998445510864258,0.4988487958908081,0.24878938496112823,0.010772723704576492,0.9996687173843384,0.49579352140426636,0.2718425989151001,-0.2044571340084076,0.9998722076416016,0.4867038130760193,0.27271223068237305,-0.10551321506500244,0.9997559785842896,0.5865814685821533,0.29137593507766724,-0.5678609609603882,0.9999890327453613,0.5880763530731201,0.292361855506897,0.3075277805328369,0.9995859265327454,0.5929946303367615,0.38319042325019836,-0.6158334016799927,0.9947056770324707,0.6041796803474426,0.3776979446411133,0.3515697419643402,0.12011619657278061,0.5455556511878967,0.45559126138687134,-0.43677401542663574,0.9744138121604919,0.5496716499328613,0.44726279377937317,0.19123587012290955,0.11189928650856018,0.5391849279403687,0.4777853488922119,-0.5025511384010315,0.9472389221191406,0.5365175008773804,0.47056007385253906,0.20223049819469452,0.10503154247999191,0.5305543541908264,0.4790341854095459,-0.48669126629829407,0.9437425136566162,0.5338149070739746,0.4716333746910095,0.13871453702449799,0.10533686727285385,0.5322831869125366,0.47159287333488464,-0.4238864481449127,0.9110616445541382,0.5405804514884949,0.46265485882759094,0.15831013023853302,0.10701612383127213,0.7363576889038086,0.4285304844379425,-0.2666153311729431,0.9984788298606873,0.7192001938819885,0.4278821051120758,0.26642200350761414,0.9968133568763733,0.6198071241378784,0.538000762462616,-0.21814315021038055,0.9495701193809509,0.6102524399757385,0.533890962600708,0.35376328229904175,0.33140110969543457,0.6380611658096313,0.6632752418518066,-0.07004871219396591,0.9346221089363098,0.6313310265541077,0.650754988193512,0.555377721786499,0.4457475244998932,0.6697385907173157,0.6827738881111145,-0.06505592912435532,0.8992517590522766,0.6554951071739197,0.6703876852989197,0.5658833980560303,0.4902385473251343,0.5302400588989258,0.6839746832847595,-0.21998172998428345,0.9210734367370605,0.5295844674110413,0.673370361328125,0.45987221598625183,0.5436217188835144
117,squat,1,0.46720486879348755,0.2689149081707001,-0.19541138410568237,0.9998396039009094,0.4697595238685608,0.257272869348526,-0.23906168341636658,0.9998025894165039,0.4745458960533142,0.25586122274398804,-0.23908498883247375,0.9998059868812561,0.47900858521461487,0.2544167935848236,-0.23909178376197815,0.9998519420623779,0.4632270634174347,0.2583759129047394,-0.1639099419116974,0.9998076558113098,0.46277371048927307,0.2578844428062439,-0.16391995549201965,0.9997875094413757,0.462551087141037,0.25725632905960083,-0.16414250433444977,0.9998285174369812,0.5081468224525452,0.25111472606658936,-0.3441970646381378,0.9998361468315125,0.49474653601646423,0.25328660011291504,-0.014199800789356232,0.9996715784072876,0.4908539950847626,0.2757856845855713,-0.2288954108953476,0.9998692870140076,0.48155152797698975,0.27664145827293396,-0.13252989947795868,0.9997532367706299,0.5834990739822388,0.2961820662021637,-0.5754628777503967,0.9999887347221375,0.5847514271736145,0.29677069187164307,0.2883279025554657,0.9995922446250916,0.5926983952522278,0.38744252920150757,-0.6201942563056946,0.9940654635429382,0.6052272915840149,0.379637211561203,0.3326854705810547,0.11840833723545074,0.5474336743354797,0.46036991477012634,-0.44154804944992065,0.9703971743583679,0.5525836944580078,0.450287789106369,0.17503328621387482,0.1071770191192627,0.5400887727737427,0.48193415999412537,-0.5069248676300049,0.9405351281166077,0.5385323762893677,0.47455763816833496,0.1847766637802124,0.10045163333415985,0.5312472581863403,0.48322951793670654,-0.48976653814315796,0.9368147253990173,0.5352640151977539,0.47574225068092346,0.12390568852424622,0.100691057741642,0.5329347848892212,0.47628211975097656,-0.4280492663383484,0.9009343981742859,0.5426077842712402,0.4675019681453705,0.14333674311637878,0.10252710431814194,0.7457002997398376,0.43122681975364685,-0.26629430055618286,0.9985253810882568,0.7226879596710205,0.42953652143478394,0.2661094069480896,0.9968892931938171,0.6194864511489868,0.5386452078819275,-0.22193974256515503,0.9484968185424805,0.6098996996879578,0.5334459543228149,0.36023199558258057,0.33267223834991455,0.638313889503479,0.6630978584289551,-0.07495572417974472,0.9362971782684326,0.6313584446907043,0.6498535871505737,0.5828439593315125,0.442546546459198,0.670112133026123,0.6827154755592346,-0.06976837664842606,0.8988564610481262,0.6557844877243042,0.6679389476776123,0.5965300798416138,0.48778143525123596,0.5302318334579468,0.683673083782196,-0.22293321788311005,0.9230568408966064,0.5306181311607361,0.6717787981033325,0.5075190663337708,0.5418197512626648
118,squat,1,0.46070829033851624,0.27472686767578125,-0.2566685974597931,0.999834418296814,0.46283167600631714,0.2629333436489105,-0.2942645251750946,0.9997970461845398,0.4676244854927063,0.26149845123291016,-0.2942979633808136,0.9997987747192383,0.4724552035331726,0.26000067591667175,-0.2943093180656433,0.9998481273651123,0.4566875994205475,0.26406145095825195,-0.22410878539085388,0.9998083710670471,0.4561593532562256,0.26359111070632935,-0.22412163019180298,0.9997861981391907,0.4557986557483673,0.26300984621047974,-0.22435571253299713,0.9998270273208618,0.5026311278343201,0.25688260793685913,-0.367425799369812,0.9998304843902588,0.48798713088035583,0.2588268518447876,-0.059551939368247986,0.9996761083602905,0.48384585976600647,0.28085219860076904,-0.2781478762626648,0.9998674392700195,0.4746803939342499,0.28184884786605835,-0.18805742263793945,0.999753475189209,0.5787186622619629,0.30146175622940063,-0.5859248638153076,0.9999881386756897,0.5794944763183594,0.3022361099720001,0.2626486122608185,0.9995861053466797,0.5943805575370789,0.39241355657577515,-0.6326497197151184,0.9927449822425842,0.605318009853363,0.38382816314697266,0.3035406470298767,0.11518418043851852,0.5549362897872925,0.46565383672714233,-0.4669583737850189,0.9639610052108765,0.573062539100647,0.4523255527019501,0.1346120536327362,0.10258083790540695,0.544589638710022,0.48753291368484497,-0.5314955115318298,0.9311156868934631,0.5603800415992737,0.47665277123451233,0.14439094066619873,0.09625362604856491,0.5376259088516235,0.4885843098163605,-0.513613224029541,0.9271380305290222,0.5550745725631714,0.4777120053768158,0.08544141799211502,0.09639331698417664,0.5408154129981995,0.48208674788475037,-0.4531744122505188,0.8873882293701172,0.5636154413223267,0.4699117839336395,0.10412973165512085,0.09828063100576401,0.7526029944419861,0.43343842029571533,-0.266816645860672,0.9986034035682678,0.7256112694740295,0.4309854805469513,0.2666567265987396,0.9969892501831055,0.6212549805641174,0.5388100147247314,-0.2513524293899536,0.9489784240722656,0.6102167963981628,0.5326629877090454,0.4128335416316986,0.33648255467414856,0.638869047164917,0.6616730690002441,-0.14953801035881042,0.9396811723709106,0.6314250826835632,0.6464763283729553,0.6834434270858765,0.4438837170600891,0.6705282926559448,0.6826420426368713,-0.15001264214515686,0.9018391966819763,0.6552443504333496,0.6614267230033875,0.7022366523742676,0.4895554184913635,0.5308051705360413,0.6837915778160095,-0.31460127234458923,0.927068829536438,0.5308407545089722,0.6711264848709106,0.6288858652114868,0.5457020401954651
119,squat,1,0.4566551744937897,0.2796134948730469,-0.27334025502204895,0.9998291730880737,0.45945224165916443,0.26705554127693176,-0.30938705801963806,0.9997909069061279,0.4642486274242401,0.26569584012031555,-0.30939537286758423,0.9997904300689697,0.4689194858074188,0.2642766833305359,-0.3094145655632019,0.9998438954353333,0.4520445168018341,0.26843535900115967,-0.24357840418815613,0.999809741973877,0.4513179659843445,0.2680879235267639,-0.24360650777816772,0.9997857213020325,0.45070797204971313,0.26756802201271057,-0.2438492327928543,0.9998264312744141,0.49865713715553284,0.2616695761680603,-0.37584513425827026,0.999822735786438,0.4833889603614807,0.2632788419723511,-0.08830783516168594,0.9996834397315979,0.4801269471645355,0.2859913110733032,-0.29172566533088684,0.9998654723167419,0.4702182412147522,0.2870703935623169,-0.2073335498571396,0.9997545480728149,0.574830949306488,0.30764785408973694,-0.5784720182418823,0.9999876022338867,0.5761209726333618,0.30633631348609924,0.22431012988090515,0.9995850324630737,0.5951132774353027,0.3970072269439697,-0.6233453154563904,0.9913807511329651,0.6073735356330872,0.38719838857650757,0.27457374334335327,0.11316107213497162,0.5784140825271606,0.4742978811264038,-0.4642468988895416,0.9595438838005066,0.6018333435058594,0.4575355350971222,0.13912326097488403,0.10060182213783264,0.5835808515548706,0.4959007799625397,-0.5268101692199707,0.924759566783905,0.5994183421134949,0.48175159096717834,0.15293125808238983,0.09411830455064774,0.5812154412269592,0.4980558454990387,-0.5098504424095154,0.9204288721084595,0.5975559949874878,0.4842871129512787,0.09702736139297485,0.0940382182598114,0.581909716129303,0.49185046553611755,-0.4510396718978882,0.878169596195221,0.6008667349815369,0.476214200258255,0.11188167333602905,0.09601117670536041,0.7581449151039124,0.435325562953949,-0.2582104802131653,0.9986886978149414,0.7313160300254822,0.43205228447914124,0.25805431604385376,0.9971196055412292,0.6239814758300781,0.5400960445404053,-0.24428845942020416,0.950029730796814,0.6138646602630615,0.531083881855011,0.42423608899116516,0.33663028478622437,0.6412572264671326,0.6622065305709839,-0.13419316709041595,0.9423351287841797,0.6315926909446716,0.643798828125,0.7017579674720764,0.4389137923717499,0.6722104549407959,0.6835838556289673,-0.13409149646759033,0.90361487865448,0.6553375124931335,0.658021867275238,0.7226807475090027,0.4833073318004608,0.5307478904724121,0.6836539506912231,-0.29191526770591736,0.9297962784767151,0.5305428504943848,0.6684398055076599,0.6630162596702576,0.544224739074707
120,squat,1,0.45303452014923096,0.28115934133529663,-0.15467102825641632,0.9998201131820679,0.45700201392173767,0.26850658655166626,-0.19641947746276855,0.99977707862854,0.4613533318042755,0.26739221811294556,-0.19643689692020416,0.9997758865356445,0.46595776081085205,0.2661196291446686,-0.19646255671977997,0.9998350739479065,0.45068132877349854,0.2694155275821686,-0.12692001461982727,0.9998013973236084,0.45042675733566284,0.2689847946166992,-0.12693406641483307,0.9997783899307251,0.45035773515701294,0.26840928196907043,-0.12716464698314667,0.9998216032981873,0.49518510699272156,0.26361405849456787,-0.3050219416618347,0.9998048543930054,0.48225152492523193,0.26527321338653564,-0.006277150008827448,0.9996848702430725,0.47710490226745605,0.2882624864578247,-0.19103547930717468,0.9998592138290405,0.46825024485588074,0.2889746427536011,-0.10245831310749054,0.9997488260269165,0.5674782395362854,0.31044816970825195,-0.5142802000045776,0.9999868869781494,0.5748279094696045,0.3085617125034332,0.2404480129480362,0.9995797872543335,0.5942441821098328,0.398921936750412,-0.541815996170044,0.990328311920166,0.6094452738761902,0.38849225640296936,0.28614363074302673,0.11029387265443802,0.5844368934631348,0.47689568996429443,-0.37312501668930054,0.9569276571273804,0.6047871708869934,0.4591234624385834,0.21055784821510315,0.09688754379749298,0.5913943648338318,0.4965088367462158,-0.43068310618400574,0.920909583568573,0.6034591197967529,0.4837157130241394,0.23544703423976898,0.09024873375892639,0.5900442600250244,0.4987718164920807,-0.4076504111289978,0.9162166118621826,0.6043139100074768,0.4858182370662689,0.1833200752735138,0.08998904377222061,0.5899351239204407,0.49273648858070374,-0.3582904636859894,0.8718188405036926,0.6090548634529114,0.47694140672683716,0.18665505945682526,0.09212245792150497,0.7604634761810303,0.43566104769706726,-0.25253134965896606,0.9987538456916809,0.7406282424926758,0.43246009945869446,0.2524655759334564,0.9972577691078186,0.6264219284057617,0.5400435328483582,-0.2399146407842636,0.9507799744606018,0.6180542707443237,0.530690610408783,0.34693318605422974,0.33440732955932617,0.6415956020355225,0.6621277332305908,-0.11321627348661423,0.9446766376495361,0.6316763758659363,0.6438753008842468,0.6048374176025391,0.4353228509426117,0.6727669835090637,0.6833128929138184,-0.10774116963148117,0.906693696975708,0.6553938388824463,0.6580251455307007,0.6306272745132446,0.4811314642429352,0.5311455130577087,0.6836519837379456,-0.22224201261997223,0.9323227405548096,0.5281853079795837,0.6685654520988464,0.5628091096878052,0.5421567559242249
121,squat,1,0.4521085023880005,0.28218719363212585,-0.13601671159267426,0.9998098015785217,0.4569585919380188,0.26961636543273926,-0.18029502034187317,0.9997639656066895,0.4613429009914398,0.268466979265213,-0.1803341805934906,0.9997621774673462,0.46594569087028503,0.2671618163585663,-0.1803741306066513,0.9998257756233215,0.45027947425842285,0.27061542868614197,-0.10791780799627304,0.9997939467430115,0.4500148296356201,0.27018246054649353,-0.10792315006256104,0.9997732639312744,0.44993090629577637,0.26963281631469727,-0.10814987123012543,0.9998185634613037,0.49435338377952576,0.26479586958885193,-0.2957867681980133,0.9997866749763489,0.47985345125198364,0.26711535453796387,0.01565476693212986,0.9996861219406128,0.47596991062164307,0.2892673909664154,-0.17496313154697418,0.9998549222946167,0.46739012002944946,0.2903805673122406,-0.08272625505924225,0.9997456073760986,0.5682408809661865,0.3098406195640564,-0.5045462846755981,0.9999860525131226,0.5722628235816956,0.31045326590538025,0.2527889013290405,0.9995828866958618,0.5947844982147217,0.3980753421783447,-0.5225504636764526,0.9894064664840698,0.61137855052948,0.3903666138648987,0.30102571845054626,0.10742589086294174,0.5882916450500488,0.47477632761001587,-0.34510329365730286,0.9536037445068359,0.6044975519180298,0.4617055058479309,0.20976895093917847,0.09355655312538147,0.5931522846221924,0.4943637549877167,-0.40330496430397034,0.9161069989204407,0.6009081602096558,0.4832591116428375,0.2315620630979538,0.08703326433897018,0.5890775322914124,0.49641063809394836,-0.3827034533023834,0.9110738635063171,0.6005404591560364,0.48467087745666504,0.17609286308288574,0.0866539403796196,0.5887613892555237,0.4902282953262329,-0.3310399055480957,0.8646327257156372,0.6056733727455139,0.47590455412864685,0.184088796377182,0.08882471919059753,0.763315737247467,0.4349052906036377,-0.24627311527729034,0.9988205432891846,0.7440390586853027,0.4327670931816101,0.24632850289344788,0.9973948001861572,0.6273548007011414,0.5409790873527527,-0.22675025463104248,0.9508166313171387,0.6188242435455322,0.531735360622406,0.3370431661605835,0.33005332946777344,0.6416383385658264,0.6629253625869751,-0.10597513616085052,0.9472293853759766,0.6312860250473022,0.6457514762878418,0.5564414858818054,0.43755513429641724,0.6726568937301636,0.6840949654579163,-0.10040175169706345,0.911275327205658,0.6545273065567017,0.6590309143066406,0.5731368660926819,0.48428332805633545,0.5318354368209839,0.6841982007026672,-0.21632228791713715,0.935655415058136,0.5282769203186035,0.6696392893791199,0.5254754424095154,0.5471726059913635
122,squat,1,0.4535948634147644,0.282169371843338,-0.1686113178730011,0.9998118281364441,0.4580930471420288,0.26889294385910034,-0.2119336575269699,0.9997666478157043,0.4625246226787567,0.2676089406013489,-0.2119579166173935,0.9997638463973999,0.46715062856674194,0.26628100872039795,-0.21197974681854248,0.9998270869255066,0.4513040781021118,0.27016201615333557,-0.14229702949523926,0.9998012185096741,0.4508334994316101,0.26988160610198975,-0.14234881103038788,0.9997815489768982,0.450454980134964,0.26955729722976685,-0.14260950684547424,0.9998253583908081,0.4956781268119812,0.264200359582901,-0.30666792392730713,0.999783456325531,0.47824764251708984,0.2675229609012604,-0.008054440841078758,0.9997015595436096,0.47745341062545776,0.28882429003715515,-0.1996314525604248,0.9998577833175659,0.4684545397758484,0.2903769910335541,-0.11112259328365326,0.9997548460960388,0.5689854621887207,0.3094944953918457,-0.5159013867378235,0.999984622001648,0.5687031149864197,0.31152692437171936,0.2604650855064392,0.999596893787384,0.5954773426055908,0.3980115056037903,-0.5362668037414551,0.9880569577217102,0.6110467314720154,0.3921366035938263,0.30189526081085205,0.10759954899549484,0.590999960899353,0.4724310338497162,-0.3682498633861542,0.9472312331199646,0.6006914973258972,0.4623485207557678,0.15623776614665985,0.0936010554432869,0.5973334908485413,0.49206826090812683,-0.4268730580806732,0.9077020883560181,0.5968834757804871,0.485016405582428,0.1648862361907959,0.0868648961186409,0.5916033387184143,0.4943321645259857,-0.41102227568626404,0.9024626016616821,0.5978714227676392,0.48542866110801697,0.10947476327419281,0.08634757250547409,0.591398298740387,0.48795875906944275,-0.3557266592979431,0.8538538813591003,0.6027864217758179,0.47666144371032715,0.12870925664901733,0.08837336301803589,0.7664211988449097,0.4342135488986969,-0.24525132775306702,0.9989010691642761,0.7452022433280945,0.4329589009284973,0.24533061683177948,0.9975665807723999,0.6272943019866943,0.5409073829650879,-0.2543428838253021,0.9509758353233337,0.6188328266143799,0.5320237278938293,0.34529703855514526,0.32920339703559875,0.6422016024589539,0.6643372178077698,-0.18846240639686584,0.950415313243866,0.6322270035743713,0.6468192338943481,0.5775020122528076,0.44112429022789,0.6727764010429382,0.6854265928268433,-0.18949277698993683,0.9172199368476868,0.6552566289901733,0.6629791855812073,0.5937460660934448,0.4886229932308197,0.5324178338050842,0.6847348809242249,-0.32028716802597046,0.939842939376831,0.5293620228767395,0.6698217988014221,0.5355706810951233,0.5537998080253601
123,squat,1,0.4542366862297058,0.27999812364578247,-0.17638666927814484,0.9998208284378052,0.4582115411758423,0.2670110762119293,-0.22156435251235962,0.9997788071632385,0.46318310499191284,0.26572924852371216,-0.22159042954444885,0.9997757077217102,0.46790820360183716,0.26438483595848083,-0.2216123640537262,0.9998360276222229,0.45259374380111694,0.26822444796562195,-0.1489218920469284,0.9998124837875366,0.45230019092559814,0.26789551973342896,-0.14898253977298737,0.999794065952301,0.45192036032676697,0.2674978971481323,-0.14923527836799622,0.9998357892036438,0.4959026277065277,0.26189976930618286,-0.32803699374198914,0.9997926950454712,0.4786185324192047,0.2648555338382721,-0.01241295225918293,0.9997220039367676,0.478588730096817,0.2866896986961365,-0.2112637609243393,0.9998658895492554,0.4706469774246216,0.2880837321281433,-0.11837822198867798,0.999769389629364,0.5845340490341187,0.3070167005062103,-0.5261368155479431,0.999984860420227,0.568120002746582,0.3099822998046875,0.2609049081802368,0.9996147751808167,0.5995109677314758,0.3956318199634552,-0.5407120585441589,0.9883325099945068,0.608028769493103,0.391083300113678,0.309006929397583,0.1121845617890358,0.589875340461731,0.46980583667755127,-0.4078836143016815,0.9479916095733643,0.5906150937080383,0.4619227945804596,0.15312227606773376,0.09816774725914001,0.5933681726455688,0.49004632234573364,-0.4764821231365204,0.9085779190063477,0.5871604681015015,0.48556429147720337,0.1606767326593399,0.08997762203216553,0.5904703140258789,0.4919646978378296,-0.45764288306236267,0.9035234451293945,0.5913063287734985,0.48496443033218384,0.0967666283249855,0.0894356220960617,0.5906520485877991,0.48556479811668396,-0.3949054479598999,0.8551625609397888,0.593988835811615,0.477260559797287,0.12174063175916672,0.09127747267484665,0.7656583189964294,0.4337189793586731,-0.24605916440486908,0.9989808797836304,0.7414127588272095,0.43305549025535583,0.24613571166992188,0.9977262616157532,0.6272056102752686,0.5408833622932434,-0.24763599038124084,0.9493317604064941,0.6164664626121521,0.5320308804512024,0.34642213582992554,0.3257748484611511,0.6431690454483032,0.6658534407615662,-0.15660616755485535,0.9521601796150208,0.6323167681694031,0.6473276615142822,0.6153925657272339,0.4335784614086151,0.6727735996246338,0.6861021518707275,-0.15576617419719696,0.9209932088851929,0.6550880074501038,0.6640464067459106,0.6355876922607422,0.4843716025352478,0.5320553779602051,0.6855711936950684,-0.30172279477119446,0.9424111247062683,0.528930127620697,0.6688643097877502,0.5686777234077454,0.5511099696159363
124,squat,1,0.46062761545181274,0.27870920300483704,-0.19807647168636322,0.9998266100883484,0.4624646306037903,0.26653704047203064,-0.24408826231956482,0.9997866153717041,0.46740826964378357,0.2652413249015808,-0.2441144585609436,0.999782919883728,0.472270667552948,0.26396140456199646,-0.24414044618606567,0.9998416900634766,0.4569132626056671,0.26754993200302124,-0.16982609033584595,0.9998201131820679,0.45632725954055786,0.2672731578350067,-0.16989979147911072,0.9998024702072144,0.4556560814380646,0.26708880066871643,-0.17014417052268982,0.999843180179596,0.5031696557998657,0.2615385055541992,-0.3497248888015747,0.9997974038124084,0.48123642802238464,0.2639912962913513,-0.026567423716187477,0.9997375011444092,0.48425400257110596,0.2862900495529175,-0.23199720680713654,0.9998718500137329,0.4764171540737152,0.2876359820365906,-0.1368633210659027,0.9997796416282654,0.5952322483062744,0.30654749274253845,-0.54262775182724,0.9999849796295166,0.5692436099052429,0.3083076477050781,0.2559211552143097,0.9996313452720642,0.6038298010826111,0.39504924416542053,-0.568773090839386,0.988823652267456,0.6070156693458557,0.389575332403183,0.3135446310043335,0.11902633309364319,0.5793600082397461,0.4673471748828888,-0.4475027620792389,0.9501753449440002,0.5779956579208374,0.46009522676467896,0.15429523587226868,0.10748611390590668,0.5835856795310974,0.48921579122543335,-0.5187780261039734,0.9119048714637756,0.5707353949546814,0.4835822582244873,0.16110798716545105,0.09724073857069016,0.5721748471260071,0.4904441237449646,-0.49721479415893555,0.9071083068847656,0.5753516554832458,0.4834018349647522,0.09312200546264648,0.09674043953418732,0.573072075843811,0.4837142825126648,-0.43336179852485657,0.8600574731826782,0.5806669592857361,0.47567427158355713,0.12105659395456314,0.09827401489019394,0.7644855380058289,0.43360862135887146,-0.2456100881099701,0.9990520477294922,0.7401312589645386,0.4327739179134369,0.24568693339824677,0.997869610786438,0.627680242061615,0.5408638119697571,-0.24342863261699677,0.9472196102142334,0.6161360740661621,0.53196781873703,0.3325241506099701,0.3234074115753174,0.6444337368011475,0.6665711402893066,-0.1487862765789032,0.953301727771759,0.6333726048469543,0.6473336815834045,0.6006155610084534,0.42485511302948,0.6727835536003113,0.6861403584480286,-0.15022966265678406,0.9235750436782837,0.6552467942237854,0.6641733646392822,0.6179819703102112,0.478952020406723,0.5336681008338928,0.6858308911323547,-0.27348002791404724,0.944110095500946,0.5293195843696594,0.6688860654830933,0.5462448000907898,0.5463756322860718
125,squat,1,0.4674377739429474,0.2739896774291992,-0.19996760785579681,0.9998301863670349,0.46958088874816895,0.2620047926902771,-0.24461765587329865,0.9997913837432861,0.4746687412261963,0.2605229318141937,-0.24464993178844452,0.9997861981391907,0.4801333248615265,0.25913265347480774,-0.24467825889587402,0.9998448491096497,0.46226081252098083,0.26355963945388794,-0.17024053633213043,0.9998253583908081,0.4612267017364502,0.2633635699748993,-0.17030426859855652,0.9998076558113098,0.4602888822555542,0.26331186294555664,-0.17052488029003143,0.9998480081558228,0.5131548047065735,0.2570020854473114,-0.34571534395217896,0.9997987747192383,0.48935744166374207,0.26063957810401917,-0.022075075656175613,0.9997467398643494,0.49172458052635193,0.2828531563282013,-0.23142482340335846,0.9998756051063538,0.48212769627571106,0.2839154303073883,-0.13614371418952942,0.9997859597206116,0.6022408604621887,0.30036643147468567,-0.5425924062728882,0.999984860420227,0.569609522819519,0.3074384927749634,0.2565920054912567,0.9996423721313477,0.6100625395774841,0.3893284201622009,-0.5772291421890259,0.9893401861190796,0.6078550815582275,0.3887457251548767,0.33088988065719604,0.12208971381187439,0.5704189538955688,0.45798709988594055,-0.4551154673099518,0.9524872899055481,0.5681542754173279,0.45538201928138733,0.16180162131786346,0.11411178112030029,0.5708054900169373,0.4816907048225403,-0.5250778794288635,0.9153655767440796,0.5576328635215759,0.4799692630767822,0.1699644774198532,0.1029413715004921,0.5554342269897461,0.48157304525375366,-0.5006844997406006,0.9107848405838013,0.558755099773407,0.47775763273239136,0.10167497396469116,0.10255790501832962,0.5553926825523376,0.47425785660743713,-0.43952617049217224,0.8650957942008972,0.564744770526886,0.4699535369873047,0.12899236381053925,0.10403922945261002,0.7627829313278198,0.43166375160217285,-0.24599117040634155,0.9991137981414795,0.7368689179420471,0.4323728084564209,0.24604298174381256,0.9979860186576843,0.6281411647796631,0.5407795906066895,-0.2446713000535965,0.9443003535270691,0.6169835925102234,0.5320097208023071,0.31269896030426025,0.3196449279785156,0.6449072957038879,0.6666516661643982,-0.1404910385608673,0.9535665512084961,0.6335828900337219,0.6475910544395447,0.5531282424926758,0.415116548538208,0.6727644801139832,0.6860673427581787,-0.13955913484096527,0.9254082441329956,0.655197024345398,0.6645867824554443,0.5702648162841797,0.4727274477481842,0.5336906909942627,0.6860419511795044,-0.26293283700942993,0.9446657299995422,0.5288875102996826,0.6689415574073792,0.5009638071060181,0.5389447212219238
126,squat,1,0.4706585109233856,0.2712450623512268,-0.19615398347377777,0.999835193157196,0.472623348236084,0.2595159113407135,-0.24098016321659088,0.9997982382774353,0.477473646402359,0.2580167055130005,-0.24101223051548004,0.999792218208313,0.4827369451522827,0.2566213011741638,-0.24103865027427673,0.9998498558998108,0.4657866656780243,0.2608732283115387,-0.16633644700050354,0.9998318552970886,0.46498093008995056,0.26055821776390076,-0.16638855636119843,0.9998144507408142,0.46430617570877075,0.26035863161087036,-0.16661019623279572,0.9998538494110107,0.5161798000335693,0.25435328483581543,-0.3439590036869049,0.9998034834861755,0.49507197737693787,0.25777074694633484,-0.0209041815251112,0.9997574687004089,0.49446406960487366,0.28030988574028015,-0.22871488332748413,0.9998806118965149,0.48551908135414124,0.28100651502609253,-0.13308802247047424,0.9997939467430115,0.6043353080749512,0.2975336015224457,-0.5427506566047668,0.9999850392341614,0.5701274871826172,0.30610528588294983,0.2579750418663025,0.9996541738510132,0.6128519773483276,0.3864247798919678,-0.5842604041099548,0.9898673295974731,0.6078982949256897,0.3872174024581909,0.33875083923339844,0.1247415617108345,0.5666666030883789,0.454729288816452,-0.4632168114185333,0.9549331068992615,0.5642871856689453,0.4532151222229004,0.16560916602611542,0.12041734904050827,0.5664242506027222,0.47831639647483826,-0.535108208656311,0.919089674949646,0.5534576773643494,0.4778202176094055,0.17362584173679352,0.1082148551940918,0.5502204895019531,0.47803664207458496,-0.5105993747711182,0.9147000312805176,0.5537585020065308,0.4750864505767822,0.10320628434419632,0.10794847458600998,0.5502264499664307,0.4706631898880005,-0.44771602749824524,0.8704348802566528,0.5601732730865479,0.4672761559486389,0.1322111040353775,0.10943670570850372,0.7617999315261841,0.4301605224609375,-0.24618054926395416,0.9991750121116638,0.7345421314239502,0.43184104561805725,0.24621859192848206,0.9981040954589844,0.6290123462677002,0.5405837297439575,-0.2427455484867096,0.9424600005149841,0.6192342042922974,0.5320166349411011,0.3192276358604431,0.31735891103744507,0.6449583768844604,0.6665834188461304,-0.13688065111637115,0.9543078541755676,0.6343823075294495,0.6475961208343506,0.5557928681373596,0.4088697135448456,0.6728768944740295,0.6861020922660828,-0.1364295780658722,0.9276820421218872,0.655628502368927,0.6647322773933411,0.5725850462913513,0.46852654218673706,0.5337334871292114,0.6860281825065613,-0.2569824457168579,0.9456632733345032,0.5293737053871155,0.6689837574958801,0.49971961975097656,0.5346671938896179
127,squat,1,0.48563992977142334,0.2612899839878082,-0.17698527872562408,0.9998265504837036,0.48985782265663147,0.24908395111560822,-0.21936728060245514,0.9997867345809937,0.494850754737854,0.24777154624462128,-0.219454824924469,0.9997760057449341,0.500260055065155,0.24633489549160004,-0.21950405836105347,0.9998396039009094,0.4824502468109131,0.2501055598258972,-0.14797213673591614,0.9998272061347961,0.48205339908599854,0.24953126907348633,-0.14796610176563263,0.9998071789741516,0.48199084401130676,0.24884270131587982,-0.14815150201320648,0.9998490810394287,0.5324722528457642,0.24409359693527222,-0.3056234121322632,0.9997865557670593,0.5149102807044983,0.24648809432983398,0.004563043359667063,0.9997469186782837,0.5100860595703125,0.26948392391204834,-0.20370924472808838,0.9998769760131836,0.5003648996353149,0.2702725827693939,-0.11240386962890625,0.9997915625572205,0.6168793439865112,0.28949907422065735,-0.5031594634056091,0.9999828934669495,0.5782010555267334,0.2997509837150574,0.2822360396385193,0.999653697013855,0.617445707321167,0.37346151471138,-0.5396095514297485,0.9899600744247437,0.6125730872154236,0.37817782163619995,0.3564477860927582,0.1261439025402069,0.5668479800224304,0.43785741925239563,-0.3911115527153015,0.9547836184501648,0.5655635595321655,0.4389883577823639,0.17918355762958527,0.12440178543329239,0.5665798187255859,0.45982760190963745,-0.4517070949077606,0.9185212254524231,0.5561622381210327,0.46276071667671204,0.18104416131973267,0.11233308166265488,0.5522702932357788,0.45868390798568726,-0.429949015378952,0.9140524864196777,0.5554887056350708,0.4611908197402954,0.11223617196083069,0.11219631880521774,0.5522688031196594,0.4507162570953369,-0.3757244050502777,0.8698925375938416,0.5601681470870972,0.45272526144981384,0.14507268369197845,0.11364807933568954,0.7573823928833008,0.42745447158813477,-0.23974153399467468,0.9992190599441528,0.7247053980827332,0.43021517992019653,0.23973718285560608,0.9981820583343506,0.6307910680770874,0.5401909947395325,-0.24140304327011108,0.9413344264030457,0.6235374212265015,0.5328338742256165,0.3121172785758972,0.31846025586128235,0.6449991464614868,0.6665477156639099,-0.15531356632709503,0.9551495909690857,0.6343685388565063,0.6477454304695129,0.5077244639396667,0.40911388397216797,0.6728338003158569,0.6861437559127808,-0.15470418334007263,0.9301304221153259,0.6552198529243469,0.6650921106338501,0.5199305415153503,0.46903347969055176,0.5336528420448303,0.6860149502754211,-0.2816615700721741,0.9465207457542419,0.5293711423873901,0.6690311431884766,0.43580514192581177,0.5354674458503723
128,squat,1,0.49539604783058167,0.2551213800907135,-0.21117819845676422,0.9998013973236084,0.49971508979797363,0.24290643632411957,-0.2525704801082611,0.999758243560791,0.5049171447753906,0.24163667857646942,-0.25267741084098816,0.9997393488883972,0.5104144215583801,0.2402726411819458,-0.2527711093425751,0.9998151063919067,0.4918791949748993,0.2439146488904953,-0.18346133828163147,0.9998108148574829,0.4914238154888153,0.24335187673568726,-0.18342897295951843,0.9997843503952026,0.49133625626564026,0.24263672530651093,-0.1836138665676117,0.9998326301574707,0.541802704334259,0.23813477158546448,-0.32177260518074036,0.9997556209564209,0.5255944132804871,0.23987466096878052,-0.024296607822179794,0.9997156262397766,0.5190557837486267,0.26254257559776306,-0.23173612356185913,0.9998631477355957,0.5094051957130432,0.26357048749923706,-0.14358603954315186,0.9997764229774475,0.6221262216567993,0.2843371331691742,-0.512454092502594,0.9999783635139465,0.5824465751647949,0.29305118322372437,0.2607196569442749,0.9996374249458313,0.622822642326355,0.3667478561401367,-0.5466822981834412,0.9896588325500488,0.6189596652984619,0.36841291189193726,0.32663899660110474,0.12323880940675735,0.5718551874160767,0.4325402081012726,-0.37758588790893555,0.9508230686187744,0.5738905668258667,0.4295412302017212,0.14338359236717224,0.12115966528654099,0.571536660194397,0.45413100719451904,-0.43515676259994507,0.9119403958320618,0.5652621388435364,0.45414188504219055,0.1423935890197754,0.11020059883594513,0.5562439560890198,0.45457759499549866,-0.4174390435218811,0.9072737097740173,0.5622331500053406,0.45417964458465576,0.07662154734134674,0.1102205291390419,0.5570135712623596,0.4467902183532715,-0.3633398115634918,0.8619425296783447,0.565384566783905,0.4469984471797943,0.10955830663442612,0.11182432621717453,0.7519242763519287,0.4255448877811432,-0.23287498950958252,0.9992291331291199,0.7141188979148865,0.4270883798599243,0.23287853598594666,0.9981638789176941,0.6311070919036865,0.540097177028656,-0.21895675361156464,0.9398167133331299,0.6245071291923523,0.5330540537834167,0.32364076375961304,0.318347692489624,0.6443330645561218,0.6658638119697571,-0.13657522201538086,0.9550168514251709,0.633272647857666,0.6477411389350891,0.5226483941078186,0.4095582962036133,0.6726804971694946,0.6860982775688171,-0.13712920248508453,0.930695116519928,0.6545678377151489,0.6643587946891785,0.5345628261566162,0.46758973598480225,0.5332996249198914,0.6862960457801819,-0.26706892251968384,0.9460432529449463,0.5282496213912964,0.6696964502334595,0.44532501697540283,0.5354489684104919
129,squat,1,0.5047439932823181,0.2516668736934662,-0.20693551003932953,0.9998018145561218,0.509755551815033,0.23932452499866486,-0.2362496703863144,0.9997596144676208,0.515189528465271,0.23793575167655945,-0.2363838404417038,0.9997384548187256,0.520997941493988,0.23641124367713928,-0.2365114539861679,0.9998155236244202,0.5011810660362244,0.24080874025821686,-0.1769266128540039,0.9998154640197754,0.5001723766326904,0.24050042033195496,-0.17673173546791077,0.9997860193252563,0.4993423819541931,0.24006575345993042,-0.17681849002838135,0.9998332262039185,0.5499696731567383,0.2345038205385208,-0.27917370200157166,0.9997569918632507,0.530299961566925,0.23762017488479614,-0.0001013821893138811,0.9997140169143677,0.5288878083229065,0.2592867910861969,-0.2097753882408142,0.9998629093170166,0.5175378918647766,0.26054051518440247,-0.13005216419696808,0.9997766017913818,0.6247694492340088,0.2793617248535156,-0.46498921513557434,0.9999773502349854,0.5909414887428284,0.28827211260795593,0.29237642884254456,0.9996182322502136,0.6321892142295837,0.3598107695579529,-0.4982245862483978,0.9896692037582397,0.6282922625541687,0.3641859292984009,0.37527090311050415,0.11904067546129227,0.5905332565307617,0.4287400543689728,-0.33257222175598145,0.9500117301940918,0.5950523018836975,0.43058544397354126,0.2261561006307602,0.11784257739782333,0.5900672674179077,0.45056506991386414,-0.38038134574890137,0.9105271697044373,0.5884430408477783,0.45328599214553833,0.2290182262659073,0.10786627978086472,0.5744463205337524,0.45046064257621765,-0.36458784341812134,0.9057367444038391,0.5855836868286133,0.45409613847732544,0.17437851428985596,0.1079050600528717,0.576970100402832,0.44231295585632324,-0.31738826632499695,0.8603787422180176,0.5881521701812744,0.4471965432167053,0.19698743522167206,0.10948573052883148,0.7463808655738831,0.4239669740200043,-0.2285555899143219,0.9992600083351135,0.710345983505249,0.4253050982952118,0.22854074835777283,0.9981504678726196,0.6314953565597534,0.5403494238853455,-0.22224333882331848,0.9406084418296814,0.6248094439506531,0.5329175591468811,0.3538888990879059,0.320191890001297,0.6441546082496643,0.6653607487678528,-0.18181923031806946,0.9547296166419983,0.6332001090049744,0.6469831466674805,0.5471181273460388,0.4064593017101288,0.6727620363235474,0.6860626339912415,-0.18579821288585663,0.9301984310150146,0.6545208692550659,0.6625282168388367,0.558476448059082,0.4636930823326111,0.5330960154533386,0.6853603720664978,-0.3154385983943939,0.9447795748710632,0.5267894268035889,0.6693247556686401,0.4836857318878174,0.5306560397148132
130,squat,1,0.508176326751709,0.24890944361686707,-0.1713918149471283,0.9997973442077637,0.5132408738136292,0.23638132214546204,-0.2129342406988144,0.9997560381889343,0.5181884169578552,0.2350541204214096,-0.2130359411239624,0.9997352361679077,0.5236642360687256,0.23363351821899414,-0.21313151717185974,0.9998140931129456,0.5058130621910095,0.23775579035282135,-0.1444976031780243,0.9998131990432739,0.5053285956382751,0.23738110065460205,-0.144383504986763,0.9997819662094116,0.5049811601638794,0.23696453869342804,-0.14452199637889862,0.9998304843902588,0.554620087146759,0.23154525458812714,-0.29091382026672363,0.9997573494911194,0.5371180176734924,0.23445990681648254,0.012934909202158451,0.9997078776359558,0.5322356820106506,0.2567668855190277,-0.19229432940483093,0.9998622536659241,0.5216249227523804,0.2576410174369812,-0.10317214578390121,0.9997729659080505,0.6290264129638672,0.27716121077537537,-0.48098471760749817,0.9999772310256958,0.5978538393974304,0.2841830849647522,0.29301151633262634,0.9996002912521362,0.6428967118263245,0.35703244805336,-0.5182076692581177,0.9899287819862366,0.6363313794136047,0.3604171574115753,0.37418341636657715,0.11418549716472626,0.6065897941589355,0.4271682798862457,-0.36162465810775757,0.9505773186683655,0.615622341632843,0.4269615411758423,0.22543692588806152,0.11362588405609131,0.6079147458076477,0.44776177406311035,-0.4176364541053772,0.9111567139625549,0.6100227236747742,0.44798752665519714,0.2286444455385208,0.10466576367616653,0.5932029485702515,0.4480073153972626,-0.39967262744903564,0.9061981439590454,0.6076969504356384,0.4496577978134155,0.16896094381809235,0.10476607084274292,0.595940887928009,0.4407249093055725,-0.3468582034111023,0.8611266016960144,0.6100338697433472,0.44296175241470337,0.1942700296640396,0.1064487025141716,0.7401711940765381,0.4236157238483429,-0.22819188237190247,0.9992778897285461,0.7035868167877197,0.42422837018966675,0.22818642854690552,0.9981033205986023,0.6314622163772583,0.5404760837554932,-0.22131142020225525,0.9412997364997864,0.6247324347496033,0.5328899025917053,0.35311606526374817,0.32292497158050537,0.6443641781806946,0.664249062538147,-0.16757594048976898,0.9549639225006104,0.6330196857452393,0.6462422013282776,0.5429612994194031,0.40501731634140015,0.6733736991882324,0.6859835982322693,-0.17003872990608215,0.929645836353302,0.6539753079414368,0.6606435179710388,0.5537934899330139,0.46272993087768555,0.5330188274383545,0.6844902038574219,-0.31136423349380493,0.9441972374916077,0.5263277888298035,0.6687527894973755,0.4685603380203247,0.5292444229125977
131,squat,1,0.5142526030540466,0.25039002299308777,-0.14460498094558716,0.9998018741607666,0.5178669095039368,0.23802576959133148,-0.1928577721118927,0.9997631907463074,0.5221519470214844,0.23678480088710785,-0.19289276003837585,0.9997447729110718,0.5269076228141785,0.23544541001319885,-0.19294995069503784,0.9998211860656738,0.5122500061988831,0.23907959461212158,-0.11823329329490662,0.999816358089447,0.5122856497764587,0.23868097364902496,-0.11814631521701813,0.9997856020927429,0.5124291777610779,0.2381923794746399,-0.11827663332223892,0.9998329877853394,0.5589756369590759,0.23272597789764404,-0.296384334564209,0.9997690916061401,0.5439087748527527,0.23522613942623138,0.026404909789562225,0.9997113347053528,0.5372458100318909,0.25794947147369385,-0.17744016647338867,0.9998669028282166,0.5292445421218872,0.2588891386985779,-0.081549733877182,0.9997752904891968,0.6301853656768799,0.275107741355896,-0.4894588887691498,0.9999787211418152,0.6063045263290405,0.2821970283985138,0.298087477684021,0.9995814561843872,0.6547805070877075,0.3527342677116394,-0.5278123617172241,0.9906161427497864,0.6511463522911072,0.3581048250198364,0.3869933784008026,0.10913202911615372,0.6253570318222046,0.4238426685333252,-0.3899625241756439,0.9538683891296387,0.6376070976257324,0.4223359227180481,0.25582271814346313,0.1095070019364357,0.6314462423324585,0.4470411241054535,-0.44813182950019836,0.9162654876708984,0.631527841091156,0.44409990310668945,0.26429662108421326,0.10143948346376419,0.6135283708572388,0.44662758708000183,-0.42508697509765625,0.9114185571670532,0.6259488463401794,0.44514337182044983,0.20068921148777008,0.10152360796928406,0.6125954985618591,0.43940237164497375,-0.37288016080856323,0.8682795763015747,0.6286801695823669,0.43954962491989136,0.22385166585445404,0.10322042554616928,0.7288896441459656,0.42272934317588806,-0.22987228631973267,0.999301552772522,0.696439802646637,0.4232923090457916,0.22986504435539246,0.998051106929779,0.6307179927825928,0.5403374433517456,-0.22805270552635193,0.9430763721466064,0.6217712759971619,0.5325241088867188,0.35098403692245483,0.32579490542411804,0.644661009311676,0.6639033555984497,-0.19142381846904755,0.9557526707649231,0.6329331398010254,0.6451660394668579,0.525044322013855,0.40192580223083496,0.6744668483734131,0.6857900023460388,-0.197197824716568,0.9297139048576355,0.6539931297302246,0.6604341268539429,0.5350131392478943,0.4610351622104645,0.5339384078979492,0.6841293573379517,-0.359055757522583,0.9442412853240967,0.526349663734436,0.6685192584991455,0.4404314160346985,0.5275039672851562
132,squat,1,0.5180278420448303,0.2461329847574234,-0.15090161561965942,0.9998075366020203,0.5226476192474365,0.2337469607591629,-0.1984749436378479,0.9997713565826416,0.5267964005470276,0.23267699778079987,-0.19849751889705658,0.9997556209564209,0.531208336353302,0.23154371976852417,-0.19855287671089172,0.9998292922973633,0.5173160433769226,0.23470443487167358,-0.12409429997205734,0.9998184442520142,0.5176648497581482,0.23439852893352509,-0.12402058392763138,0.9997878670692444,0.5181353092193604,0.2339887171983719,-0.1241505816578865,0.999834418296814,0.5628017783164978,0.2299363762140274,-0.30196669697761536,0.9997820854187012,0.5502908229827881,0.23180575668811798,0.021725380793213844,0.9997140765190125,0.5404698252677917,0.2534821629524231,-0.1841263622045517,0.9998717308044434,0.5329792499542236,0.2547004520893097,-0.08900995552539825,0.9997771382331848,0.6306573152542114,0.2729768753051758,-0.49344614148139954,0.9999801516532898,0.6141946911811829,0.2774462103843689,0.28627681732177734,0.9995525479316711,0.6685231328010559,0.35245218873023987,-0.5301515460014343,0.9913546442985535,0.6610185503959656,0.3547784090042114,0.3774910271167755,0.10601476579904556,0.6418748497962952,0.4235643446445465,-0.426921546459198,0.9574618339538574,0.646567165851593,0.41717424988746643,0.257133811712265,0.10698669403791428,0.6530199646949768,0.4461113214492798,-0.48965194821357727,0.9220577478408813,0.6420917510986328,0.4397710859775543,0.26726463437080383,0.09949459135532379,0.6311802268028259,0.44583600759506226,-0.4678615629673004,0.9174430966377258,0.635992169380188,0.43872153759002686,0.20274031162261963,0.0996001735329628,0.6271648406982422,0.4394012689590454,-0.41134464740753174,0.8769252300262451,0.637336254119873,0.4322572350502014,0.2252906709909439,0.10127182304859161,0.7162314057350159,0.42210301756858826,-0.2297029197216034,0.999306321144104,0.6880818605422974,0.42112377285957336,0.22968696057796478,0.9979472756385803,0.6258243918418884,0.540245532989502,-0.22023895382881165,0.9428184032440186,0.6192939877510071,0.5323867797851562,0.30528151988983154,0.3252076208591461,0.6434276103973389,0.6623576283454895,-0.17520497739315033,0.9542048573493958,0.632296085357666,0.6440946459770203,0.4628491699695587,0.39142364263534546,0.6736145615577698,0.6847202181816101,-0.18415707349777222,0.9278766512870789,0.6534464955329895,0.6597431302070618,0.4711829423904419,0.45431458950042725,0.5336139798164368,0.6841419339179993,-0.33026421070098877,0.9413379430770874,0.5271996855735779,0.6685442328453064,0.3654060661792755,0.5170455574989319
133,squat,1,0.521300733089447,0.24479958415031433,-0.146441251039505,0.9998180866241455,0.5263268947601318,0.23204414546489716,-0.1939438283443451,0.999784529209137,0.5309064984321594,0.2309110164642334,-0.19395452737808228,0.9997709393501282,0.5354686975479126,0.22976407408714294,-0.19401422142982483,0.9998401403427124,0.5200126767158508,0.23324884474277496,-0.11854012310504913,0.9998259544372559,0.5199843645095825,0.23305869102478027,-0.11844206601381302,0.9997962713241577,0.5201714634895325,0.23275652527809143,-0.11852817982435226,0.9998399615287781,0.5664138197898865,0.22847364842891693,-0.30129197239875793,0.9997982382774353,0.5511537194252014,0.23076190054416656,0.02666659839451313,0.9997237324714661,0.543251097202301,0.2519340515136719,-0.1800641566514969,0.9998791813850403,0.5349799990653992,0.25332942605018616,-0.08390378952026367,0.9997854828834534,0.6312116980552673,0.2714965343475342,-0.4970341920852661,0.9999817609786987,0.6195319890975952,0.2764250338077545,0.298757940530777,0.9995426535606384,0.6731663346290588,0.35097578167915344,-0.5481554269790649,0.9920917749404907,0.6654855012893677,0.354701966047287,0.3926612436771393,0.10364580154418945,0.6442419290542603,0.4219110906124115,-0.4570154845714569,0.9611983895301819,0.6446889042854309,0.4177500009536743,0.2769395411014557,0.10659001767635345,0.6544701457023621,0.4446910321712494,-0.5233673453330994,0.9284166693687439,0.6399007439613342,0.4416964054107666,0.2875080108642578,0.09961593896150589,0.6324998736381531,0.4441930651664734,-0.5019891858100891,0.9241090416908264,0.6340222358703613,0.4397921860218048,0.22105467319488525,0.0997377410531044,0.6290251016616821,0.43777361512184143,-0.4414149522781372,0.8865556120872498,0.6355332136154175,0.4327049255371094,0.2439074069261551,0.10139382630586624,0.7089555263519287,0.42133837938308716,-0.22995781898498535,0.999314546585083,0.6857064366340637,0.4208855628967285,0.2299182415008545,0.9979081749916077,0.621343195438385,0.5402157306671143,-0.21606610715389252,0.9430703520774841,0.6191040873527527,0.5323996543884277,0.27449995279312134,0.3276578187942505,0.6430640816688538,0.662358820438385,-0.14371414482593536,0.9525555372238159,0.6324570178985596,0.6443158388137817,0.39091044664382935,0.3875970244407654,0.6737065315246582,0.684503972530365,-0.14752011001110077,0.9266794323921204,0.6547068357467651,0.6626463532447815,0.3944157361984253,0.45283111929893494,0.5323168039321899,0.6835938692092896,-0.3083471953868866,0.9385531544685364,0.5280483365058899,0.6684284806251526,0.27899909019470215,0.5114631056785583
134,squat,1,0.5254061818122864,0.2428646832704544,-0.15026915073394775,0.9998257756233215,0.5311678051948547,0.230102077126503,-0.1973533034324646,0.9997936487197876,0.5358510613441467,0.22901390492916107,-0.19737835228443146,0.9997822046279907,0.5403807759284973,0.22780142724514008,-0.19743557274341583,0.9998482465744019,0.5240679383277893,0.23132894933223724,-0.12283969670534134,0.9998300671577454,0.5236995220184326,0.23115725815296173,-0.12276440113782883,0.999800443649292,0.5235198140144348,0.23086032271385193,-0.12288839370012283,0.9998417496681213,0.5702933073043823,0.22660952806472778,-0.3019375205039978,0.9998113512992859,0.5528388023376465,0.2292792946100235,0.025199169293045998,0.9997240304946899,0.5464596748352051,0.2500881254673004,-0.1836858093738556,0.9998840093612671,0.5375584959983826,0.25137004256248474,-0.08829925954341888,0.9997881054878235,0.6336647272109985,0.27079302072525024,-0.5013993978500366,0.9999831318855286,0.6225218772888184,0.2762622833251953,0.30914250016212463,0.999519407749176,0.6763185262680054,0.35083022713661194,-0.5762122869491577,0.9927796125411987,0.6669280529022217,0.3542306125164032,0.40209290385246277,0.10127388685941696,0.6476702690124512,0.42145439982414246,-0.49280375242233276,0.9647185802459717,0.6440969109535217,0.4175255596637726,0.27597400546073914,0.1067933663725853,0.6559194922447205,0.4446716010570526,-0.5618658661842346,0.9345290064811707,0.6377384662628174,0.4406886696815491,0.28580114245414734,0.10036175698041916,0.633882999420166,0.443656325340271,-0.5403544902801514,0.9305453300476074,0.6324536204338074,0.43853992223739624,0.21794787049293518,0.10053957253694534,0.6306068301200867,0.43724948167800903,-0.47696536779403687,0.8958927989006042,0.6341192722320557,0.4317309558391571,0.24202348291873932,0.1021551638841629,0.7061244249343872,0.4206376373767853,-0.23410697281360626,0.9993153810501099,0.6844053268432617,0.4203945994377136,0.23401667177677155,0.9978734850883484,0.6165304780006409,0.5382962822914124,-0.2164764404296875,0.9434495568275452,0.6176517605781555,0.5318591594696045,0.2605438530445099,0.3314990997314453,0.6410771012306213,0.6618128418922424,-0.1340540498495102,0.9513269066810608,0.6318963766098022,0.644398033618927,0.3687875270843506,0.38881027698516846,0.6735365390777588,0.683505654335022,-0.13486447930335999,0.9253531098365784,0.6546894907951355,0.6644322276115417,0.37087252736091614,0.4536524713039398,0.5320793390274048,0.6835401654243469,-0.30016592144966125,0.9372013807296753,0.5280789136886597,0.6690245270729065,0.2499030977487564,0.511559784412384
135,squat,1,0.529065728187561,0.2406618893146515,-0.15708990395069122,0.9998335242271423,0.5351736545562744,0.22791320085525513,-0.20036259293556213,0.999802827835083,0.5400761961936951,0.2267981916666031,-0.2003716081380844,0.9997933506965637,0.5446503162384033,0.22554868459701538,-0.2004214972257614,0.9998562335968018,0.5274662971496582,0.22927485406398773,-0.12663088738918304,0.9998352527618408,0.5268872976303101,0.22913992404937744,-0.126532644033432,0.9998052716255188,0.5264907479286194,0.228868767619133,-0.1265735775232315,0.9998437166213989,0.5743589401245117,0.22427617013454437,-0.298675537109375,0.999824047088623,0.5543776154518127,0.22762440145015717,0.023911133408546448,0.9997239708900452,0.549947202205658,0.24776403605937958,-0.18473729491233826,0.99988853931427,0.5404583215713501,0.24900268018245697,-0.08868038654327393,0.9997912049293518,0.6367248296737671,0.2697167992591858,-0.5020751357078552,0.9999843835830688,0.6235175132751465,0.2756856083869934,0.31989341974258423,0.9994964003562927,0.6759876012802124,0.3502574563026428,-0.5854037404060364,0.9934123158454895,0.6653301119804382,0.3538109064102173,0.4119023084640503,0.09994855523109436,0.6438273787498474,0.4204418659210205,-0.5051079988479614,0.9679723978042603,0.6405490636825562,0.4177198112010956,0.28174227476119995,0.10824074596166611,0.6515269875526428,0.44366592168807983,-0.5737837553024292,0.9402628540992737,0.6341862082481384,0.44044965505599976,0.2920263111591339,0.10206662118434906,0.6296860575675964,0.4423956573009491,-0.5539444088935852,0.9365979433059692,0.6295738816261292,0.4382018744945526,0.2254534214735031,0.10232197493314743,0.6264688372612,0.43580278754234314,-0.48947709798812866,0.9047147631645203,0.6311771869659424,0.43113675713539124,0.24818839132785797,0.10384223610162735,0.703645646572113,0.4198692739009857,-0.23829253017902374,0.9992951154708862,0.6829770803451538,0.42025285959243774,0.2381887435913086,0.9977918863296509,0.6126869320869446,0.5372592210769653,-0.22354984283447266,0.9435209631919861,0.6174004673957825,0.5318619608879089,0.2571076452732086,0.33531537652015686,0.6387067437171936,0.6618441343307495,-0.13478520512580872,0.9496328234672546,0.6319159865379333,0.6459206342697144,0.35043659806251526,0.3908127248287201,0.6707180738449097,0.6831422448158264,-0.13527420163154602,0.9237769246101379,0.6546986699104309,0.6672609448432922,0.35037845373153687,0.4547516405582428,0.5315239429473877,0.6828166842460632,-0.2991411089897156,0.9357969760894775,0.5290430784225464,0.6690302491188049,0.22302934527397156,0.5117167234420776
136,squat,1,0.5310990214347839,0.2391034960746765,-0.16490931808948517,0.9998414516448975,0.5375111103057861,0.22647276520729065,-0.20751090347766876,0.9998118877410889,0.5427312254905701,0.22535283863544464,-0.207502081990242,0.9998041391372681,0.5475126504898071,0.22418668866157532,-0.20753268897533417,0.9998637437820435,0.5298146605491638,0.2276839315891266,-0.13432128727436066,0.9998409748077393,0.5291998982429504,0.22751641273498535,-0.13420839607715607,0.9998114109039307,0.5287637114524841,0.2272161841392517,-0.13423214852809906,0.9998471736907959,0.5774298906326294,0.22302713990211487,-0.29993048310279846,0.9998354911804199,0.5568169951438904,0.22615306079387665,0.023737072944641113,0.9997270703315735,0.5514694452285767,0.24622032046318054,-0.18833623826503754,0.9998933672904968,0.5420685410499573,0.2472633421421051,-0.09405268728733063,0.9997961521148682,0.6400138139724731,0.26937827467918396,-0.5072016716003418,0.9999855160713196,0.6239519119262695,0.2755580544471741,0.3182004988193512,0.9994873404502869,0.6746581196784973,0.3507450222969055,-0.5827429294586182,0.9939727783203125,0.6624477505683899,0.35332030057907104,0.4114418923854828,0.09937018901109695,0.6410381197929382,0.420145183801651,-0.49285951256752014,0.9708942174911499,0.6361296772956848,0.4179762601852417,0.2803921401500702,0.11162099987268448,0.647469162940979,0.44414767622947693,-0.5593942999839783,0.9454295635223389,0.6298256516456604,0.440448135137558,0.29078277945518494,0.10561412572860718,0.6268041729927063,0.4429628849029541,-0.5405197739601135,0.9420576691627502,0.6255139708518982,0.4383125603199005,0.22470279037952423,0.10592922568321228,0.6239975690841675,0.43607112765312195,-0.47725221514701843,0.9126808047294617,0.6274215579032898,0.4310356378555298,0.24721960723400116,0.10729075968265533,0.7041553258895874,0.4194526672363281,-0.2401520162820816,0.9992890954017639,0.6805700063705444,0.42014992237091064,0.24001994729042053,0.9977672696113586,0.6134817600250244,0.5367793440818787,-0.22274714708328247,0.9442498087882996,0.6174055933952332,0.5318678021430969,0.25860196352005005,0.33877789974212646,0.6367760300636292,0.6618577241897583,-0.1281658411026001,0.9491558074951172,0.6316450834274292,0.6467511057853699,0.36024710536003113,0.39504414796829224,0.6688663363456726,0.6828349828720093,-0.12829306721687317,0.9229370951652527,0.654399037361145,0.6676861643791199,0.3613119125366211,0.4580203890800476,0.5311232805252075,0.6829041838645935,-0.2956410050392151,0.9356063008308411,0.5292384624481201,0.6695296168327332,0.23699083924293518,0.5154581665992737
137,squat,1,0.53221195936203,0.23652032017707825,-0.16395144164562225,0.9998483061790466,0.5393098592758179,0.22416159510612488,-0.20698703825473785,0.9998200535774231,0.5446431636810303,0.22313301265239716,-0.2069815844297409,0.9998140335083008,0.5495873689651489,0.22207894921302795,-0.20701131224632263,0.9998704791069031,0.5319362282752991,0.22513720393180847,-0.13368025422096252,0.9998458027839661,0.531464159488678,0.22493954002857208,-0.13356643915176392,0.9998167157173157,0.5311923027038574,0.22460134327411652,-0.13360345363616943,0.9998498558998108,0.5795004963874817,0.22150684893131256,-0.2977687120437622,0.9998460412025452,0.5595248341560364,0.22403128445148468,0.02384374290704727,0.9997295141220093,0.5524125695228577,0.2438829094171524,-0.18797767162322998,0.999897837638855,0.5430251955986023,0.2446923851966858,-0.09412204474210739,0.9998006820678711,0.6404880285263062,0.26884445548057556,-0.5073843598365784,0.9999865889549255,0.624283492565155,0.27495479583740234,0.3238438367843628,0.9994732141494751,0.6733327507972717,0.3503369987010956,-0.579203724861145,0.9944750666618347,0.6606379151344299,0.3523748517036438,0.4189886450767517,0.09738410264253616,0.6388667225837708,0.4196317493915558,-0.4812999665737152,0.9735302329063416,0.6336768865585327,0.4171884059906006,0.2932531535625458,0.11296336352825165,0.644646167755127,0.4439923167228699,-0.547125518321991,0.9501104950904846,0.6272452473640442,0.4395970106124878,0.30505266785621643,0.10754971951246262,0.6238349676132202,0.44276148080825806,-0.5279660224914551,0.9470012187957764,0.6231623888015747,0.4373932480812073,0.238753080368042,0.10791074484586716,0.6212102770805359,0.4358053505420685,-0.46559131145477295,0.9199082255363464,0.6253589987754822,0.4299587905406952,0.2601814866065979,0.10915666073560715,0.703440248966217,0.419182151556015,-0.24143774807453156,0.9992759823799133,0.6796836853027344,0.42012161016464233,0.2413017898797989,0.9976986646652222,0.6136476993560791,0.5368043780326843,-0.21890611946582794,0.9446938633918762,0.618645429611206,0.531970739364624,0.2676648497581482,0.33863067626953125,0.6363324522972107,0.6636213064193726,-0.12630388140678406,0.948390543460846,0.631650984287262,0.6481999754905701,0.36787500977516174,0.3965911865234375,0.6675116419792175,0.6828402280807495,-0.12713275849819183,0.9221935272216797,0.6543718576431274,0.6681098937988281,0.3685053884983063,0.46097782254219055,0.529041051864624,0.6832476258277893,-0.2955318093299866,0.9349880814552307,0.5292259454727173,0.6697080135345459,0.2454456239938736,0.517919659614563
138,squat,1,0.5318157076835632,0.23603124916553497,-0.14994442462921143,0.9998530149459839,0.5395817160606384,0.2237546294927597,-0.1957964450120926,0.9998263716697693,0.5447554588317871,0.222829207777977,-0.19579115509986877,0.9998221397399902,0.5500010848045349,0.2218555212020874,-0.1958305984735489,0.9998757839202881,0.5329989790916443,0.22446724772453308,-0.11930627375841141,0.9998487830162048,0.5328511595726013,0.2242128998041153,-0.11919670552015305,0.9998205304145813,0.532974898815155,0.22383198142051697,-0.11925922334194183,0.999851644039154,0.5802240371704102,0.22165025770664215,-0.29663652181625366,0.9998548626899719,0.5619992613792419,0.22333523631095886,0.03516838699579239,0.9997311234474182,0.5518972873687744,0.2433885633945465,-0.17966586351394653,0.9999006390571594,0.5428609848022461,0.24397525191307068,-0.08242625743150711,0.9998025894165039,0.640692412853241,0.26925626397132874,-0.5088603496551514,0.9999874830245972,0.626746654510498,0.27475959062576294,0.33121469616889954,0.9994621872901917,0.6727237105369568,0.3507539927959442,-0.5776897072792053,0.9949153065681458,0.6595556139945984,0.3515617549419403,0.42601338028907776,0.0950348898768425,0.6374331712722778,0.41994911432266235,-0.47833168506622314,0.9758447408676147,0.632912814617157,0.41635915637016296,0.30266404151916504,0.11243849247694016,0.6436023116111755,0.44461166858673096,-0.5455881953239441,0.9541743993759155,0.6261471509933472,0.4383503198623657,0.3162815272808075,0.10771264880895615,0.6227801442146301,0.44374674558639526,-0.5246021747589111,0.9512826204299927,0.6220077872276306,0.43631336092948914,0.24832430481910706,0.10812586545944214,0.6198685765266418,0.4369196593761444,-0.46206533908843994,0.9261098504066467,0.624174177646637,0.42892172932624817,0.2691485285758972,0.10937125235795975,0.7015812993049622,0.4188085198402405,-0.24405528604984283,0.9992566108703613,0.679906964302063,0.41987520456314087,0.2439354658126831,0.99765545129776,0.6148075461387634,0.5370357632637024,-0.20813658833503723,0.9452828168869019,0.6222610473632812,0.5329024195671082,0.2727469801902771,0.3350850045681,0.6365357041358948,0.6638916730880737,-0.10001204162836075,0.9476030468940735,0.6326993703842163,0.6483567357063293,0.38930264115333557,0.39686113595962524,0.6676028966903687,0.6828657984733582,-0.09940168261528015,0.9221389293670654,0.6558083295822144,0.6682266592979431,0.39168110489845276,0.46301987767219543,0.5289753079414368,0.6832529306411743,-0.26373952627182007,0.9338914752006531,0.5296189188957214,0.6696678400039673,0.26753076910972595,0.5185262560844421
139,squat,1,0.5315693020820618,0.2354646772146225,-0.1501833200454712,0.9998540878295898,0.5392031073570251,0.22335146367549896,-0.19603341817855835,0.999829113483429,0.544141411781311,0.22251220047473907,-0.19603148102760315,0.999826967716217,0.5495662689208984,0.22155843675136566,-0.19607309997081757,0.9998788237571716,0.5328988432884216,0.224063903093338,-0.12007548660039902,0.9998476505279541,0.5328992009162903,0.2237992286682129,-0.11997295171022415,0.9998193383216858,0.5332010984420776,0.22341620922088623,-0.12004342675209045,0.9998490214347839,0.5802155137062073,0.2214108109474182,-0.29691725969314575,0.999861478805542,0.5628213286399841,0.22271497547626495,0.03316414728760719,0.9997249841690063,0.5519474148750305,0.242764413356781,-0.17994138598442078,0.9999013543128967,0.5432133078575134,0.2433040887117386,-0.08342377096414566,0.9997993111610413,0.6396708488464355,0.26848310232162476,-0.5117974281311035,0.999988317489624,0.6296955347061157,0.2734776735305786,0.32989197969436646,0.9994400143623352,0.6714757680892944,0.3505361080169678,-0.5781208276748657,0.9953103065490723,0.6594862937927246,0.3498618006706238,0.4225113093852997,0.09206900745630264,0.6360573768615723,0.4203421473503113,-0.47773417830467224,0.9779033660888672,0.6333985924720764,0.4155803322792053,0.3003074824810028,0.11048509925603867,0.6424484848976135,0.4450061619281769,-0.5443933606147766,0.9577723145484924,0.6258934140205383,0.4378446340560913,0.31416377425193787,0.10658451914787292,0.6226537227630615,0.44446253776550293,-0.5226556062698364,0.955071210861206,0.6231124401092529,0.435805082321167,0.24690036475658417,0.1070147156715393,0.6195391416549683,0.4377043545246124,-0.4609927833080292,0.9316108226776123,0.6247931718826294,0.4284047782421112,0.2670747935771942,0.10823598504066467,0.6989466547966003,0.41852638125419617,-0.2459457367658615,0.999251127243042,0.6797919869422913,0.4194320738315582,0.2458110898733139,0.9976117610931396,0.6163995265960693,0.5375038385391235,-0.2025761902332306,0.9452818632125854,0.6240448355674744,0.5330525636672974,0.2769339084625244,0.3293073773384094,0.639931857585907,0.6641453504562378,-0.09622682631015778,0.9466094374656677,0.6370132565498352,0.6469950079917908,0.4006846845149994,0.3927222788333893,0.6685651540756226,0.6828875541687012,-0.09578032791614532,0.9214746356010437,0.6601452827453613,0.6670886874198914,0.40437495708465576,0.4614296555519104,0.5294243693351746,0.6832870841026306,-0.2601541578769684,0.9326744675636292,0.5322996377944946,0.6687514781951904,0.28534194827079773,0.5159357786178589
140,squat,1,0.5305044651031494,0.23542797565460205,-0.1179397776722908,0.9998562335968018,0.5384984016418457,0.22355468571186066,-0.16579222679138184,0.9998321533203125,0.5431700944900513,0.22276489436626434,-0.16578783094882965,0.9998319745063782,0.5485033988952637,0.22184254229068756,-0.16580988466739655,0.9998815655708313,0.5325652956962585,0.224188432097435,-0.08959054946899414,0.999847412109375,0.532906711101532,0.22391091287136078,-0.08948631584644318,0.9998201131820679,0.5336382985115051,0.22350618243217468,-0.08956985920667648,0.999848484992981,0.5797209739685059,0.22164127230644226,-0.2829103171825409,0.9998672008514404,0.5646030306816101,0.22283847630023956,0.048910122364759445,0.9997227191925049,0.5510895252227783,0.2428293228149414,-0.15479154884815216,0.9999021291732788,0.5427919030189514,0.24332518875598907,-0.05784932151436806,0.9997971653938293,0.6390356421470642,0.26862773299217224,-0.5035483241081238,0.9999889731407166,0.6345186233520508,0.2735399007797241,0.32950684428215027,0.9994049072265625,0.6705285310745239,0.350832462310791,-0.5555949807167053,0.9956406950950623,0.6601399183273315,0.34941497445106506,0.41882604360580444,0.08823496848344803,0.6353120803833008,0.42043519020080566,-0.4389607310295105,0.9795748591423035,0.6353260278701782,0.41525283455848694,0.301749050617218,0.10573308169841766,0.6417655944824219,0.44532689452171326,-0.5019505620002747,0.9605711698532104,0.6291669011116028,0.4363257884979248,0.31617972254753113,0.10272713005542755,0.6245946288108826,0.4449254870414734,-0.4797254502773285,0.957996129989624,0.6272664666175842,0.4353177547454834,0.2499556690454483,0.10317139327526093,0.6215514540672302,0.4381440579891205,-0.4222699999809265,0.9358314275741577,0.6298099756240845,0.42780986428260803,0.26909708976745605,0.10445830971002579,0.6987337470054626,0.4185273051261902,-0.24499522149562836,0.9992393255233765,0.6801818013191223,0.41927701234817505,0.24484577775001526,0.9975682497024536,0.6169091463088989,0.5374894738197327,-0.1981325000524521,0.9456728100776672,0.6239156126976013,0.5330151915550232,0.2740742564201355,0.32212793827056885,0.6413449645042419,0.6641855239868164,-0.0995771661400795,0.9458563327789307,0.6374536156654358,0.6469969153404236,0.38181328773498535,0.3886657953262329,0.6691753268241882,0.6828941702842712,-0.09934188425540924,0.9205657839775085,0.6600943207740784,0.6670732498168945,0.383365660905838,0.4589802324771881,0.5292840003967285,0.6836848258972168,-0.2610613703727722,0.9319803714752197,0.5319933295249939,0.6687636375427246,0.2603307068347931,0.5138013362884521
141,squat,1,0.5296600461006165,0.2355334758758545,-0.11316338181495667,0.9998572468757629,0.5379571318626404,0.2237107902765274,-0.15991687774658203,0.9998339414596558,0.5426086783409119,0.2229369729757309,-0.15992218255996704,0.9998354911804199,0.5479306578636169,0.22198401391506195,-0.15994316339492798,0.9998832941055298,0.5319523811340332,0.22426049411296844,-0.08536972850561142,0.999846875667572,0.5323798656463623,0.22398445010185242,-0.08526153862476349,0.9998201727867126,0.5332019925117493,0.22358034551143646,-0.0853462815284729,0.9998473525047302,0.5796069502830505,0.22177840769290924,-0.2723923325538635,0.999871551990509,0.5647562742233276,0.2230425626039505,0.05264431983232498,0.9997190237045288,0.5504076480865479,0.24314677715301514,-0.1481759250164032,0.9999019503593445,0.54216468334198,0.24351531267166138,-0.05326837673783302,0.9997934699058533,0.6385350823402405,0.2690165638923645,-0.49185803532600403,0.99998939037323,0.636978805065155,0.2738626301288605,0.3291829824447632,0.9993590712547302,0.6697250604629517,0.35110729932785034,-0.5384007692337036,0.9958898425102234,0.6612169146537781,0.3496699035167694,0.415921151638031,0.08435223996639252,0.6348680257797241,0.42021769285202026,-0.4118795394897461,0.9808337092399597,0.6392948031425476,0.41544294357299805,0.2972337305545807,0.10051480680704117,0.641328752040863,0.4454719126224518,-0.4708392918109894,0.9625510573387146,0.6322567462921143,0.43634864687919617,0.31108033657073975,0.09832417964935303,0.625255823135376,0.4452784061431885,-0.44895246624946594,0.9600360989570618,0.6304048299789429,0.4357112646102905,0.2466617226600647,0.09874168038368225,0.6222795248031616,0.4385049641132355,-0.3952725827693939,0.9387469291687012,0.6338819265365601,0.4286254644393921,0.26512637734413147,0.10009310394525528,0.6995669603347778,0.4186059832572937,-0.2429879605770111,0.9992349743843079,0.6807061433792114,0.4192866086959839,0.24283401668071747,0.9975276589393616,0.617215633392334,0.5374847650527954,-0.2003408521413803,0.9464315176010132,0.62346351146698,0.5329070091247559,0.27608007192611694,0.3164387345314026,0.6418613791465759,0.6642472147941589,-0.12219780683517456,0.9458649158477783,0.6375119686126709,0.6463664174079895,0.38119006156921387,0.38561347126960754,0.6698400974273682,0.6830465793609619,-0.12430143356323242,0.9206030964851379,0.6599745750427246,0.6664972305297852,0.3823312520980835,0.4571038782596588,0.5289778113365173,0.6841305494308472,-0.28827112913131714,0.9322546720504761,0.5311733484268188,0.668266236782074,0.26276034116744995,0.5125255584716797
142,squat,1,0.5290616750717163,0.23553939163684845,-0.09635406732559204,0.999858558177948,0.5374128222465515,0.2236296683549881,-0.1433088332414627,0.9998358488082886,0.5420283079147339,0.22286206483840942,-0.14331819117069244,0.9998391270637512,0.5472744703292847,0.2218896597623825,-0.1433369517326355,0.999885082244873,0.5314006805419922,0.2241487354040146,-0.06804639101028442,0.9998461604118347,0.5318579077720642,0.22385939955711365,-0.0679357573390007,0.9998199939727783,0.532686173915863,0.22344709932804108,-0.06802626699209213,0.9998459219932556,0.5789793133735657,0.22157806158065796,-0.25989386439323425,0.9998758435249329,0.5643073916435242,0.2228527069091797,0.06778164952993393,0.9997153878211975,0.5499609708786011,0.24319644272327423,-0.13328035175800323,0.9999018311500549,0.5418274402618408,0.24349403381347656,-0.037509892135858536,0.9997900724411011,0.638471782207489,0.26868969202041626,-0.48625361919403076,0.9999898672103882,0.6382846236228943,0.27364835143089294,0.3396417498588562,0.9993159770965576,0.6695889830589294,0.3507364094257355,-0.5343158841133118,0.9961437582969666,0.6614634990692139,0.3491421937942505,0.42072823643684387,0.08091496676206589,0.6347984075546265,0.4196411073207855,-0.4070110321044922,0.9821168780326843,0.6415891647338867,0.41449418663978577,0.3093801438808441,0.09554807841777802,0.6415529251098633,0.44514524936676025,-0.4668850600719452,0.9646652340888977,0.6343229413032532,0.4351603388786316,0.3255976140499115,0.09405937790870667,0.6259825825691223,0.4452771842479706,-0.44423991441726685,0.9622321724891663,0.6331895589828491,0.43473178148269653,0.2622177004814148,0.09446496516466141,0.6228910684585571,0.438525915145874,-0.39017385244369507,0.9419018626213074,0.6349874138832092,0.42774608731269836,0.2777557075023651,0.09589759260416031,0.7002577185630798,0.41862401366233826,-0.24290695786476135,0.9992169737815857,0.682619035243988,0.4192173182964325,0.2427513599395752,0.997454822063446,0.6173508763313293,0.5374964475631714,-0.20116864144802094,0.9468135237693787,0.6231825947761536,0.532903790473938,0.274139940738678,0.3104172646999359,0.6418648362159729,0.6642150282859802,-0.12207292020320892,0.9450550675392151,0.6376486420631409,0.6462173461914062,0.37767353653907776,0.3805413544178009,0.6700489521026611,0.683156430721283,-0.12411554902791977,0.9200975894927979,0.6602844595909119,0.6664547324180603,0.3788772523403168,0.4537045359611511,0.5289874076843262,0.6840994954109192,-0.2877911329269409,0.9313944578170776,0.53056800365448,0.6681586503982544,0.2585698962211609,0.5080053806304932
143,squat,1,0.5286256670951843,0.23568777740001678,-0.0996992290019989,0.9998587965965271,0.5369130373001099,0.22373034060001373,-0.14605630934238434,0.9998364448547363,0.5415289402008057,0.2229665219783783,-0.14607307314872742,0.9998413920402527,0.5467168092727661,0.22198337316513062,-0.1461016982793808,0.9998859763145447,0.530884861946106,0.22419387102127075,-0.07098672538995743,0.9998442530632019,0.5313630700111389,0.223855122923851,-0.07087986916303635,0.9998181462287903,0.5322009325027466,0.22339193522930145,-0.07097286731004715,0.9998428821563721,0.5784083604812622,0.22154121100902557,-0.2594234347343445,0.9998793601989746,0.5637760758399963,0.2227688431739807,0.06729013472795486,0.9997097253799438,0.5495891571044922,0.24333752691745758,-0.13530172407627106,0.9999012351036072,0.5414961576461792,0.24353350698947906,-0.03983025997877121,0.9997862577438354,0.6382237672805786,0.26860395073890686,-0.4869343936443329,0.9999902844429016,0.6381911635398865,0.2734220027923584,0.34280192852020264,0.9992790818214417,0.6693231463432312,0.3506088852882385,-0.5376395583152771,0.9963824152946472,0.6616150736808777,0.3487128019332886,0.4227980673313141,0.07811004668474197,0.6353639364242554,0.41964036226272583,-0.41288501024246216,0.9833622574806213,0.642754077911377,0.4145333766937256,0.31271234154701233,0.09148021042346954,0.6424924731254578,0.44511809945106506,-0.4740804433822632,0.9667730331420898,0.6356871724128723,0.43520388007164,0.33005768060684204,0.09058516472578049,0.6274001002311707,0.44538745284080505,-0.45134803652763367,0.964431643486023,0.6347973942756653,0.43481841683387756,0.2661532163619995,0.09097640961408615,0.6242268681526184,0.4386424124240875,-0.3959754407405853,0.9450782537460327,0.6359820365905762,0.4277849495410919,0.28098317980766296,0.09251494705677032,0.7008262872695923,0.418592631816864,-0.2428148090839386,0.9991812705993652,0.6848097443580627,0.4190000593662262,0.24266046285629272,0.9973475933074951,0.6174611449241638,0.5376179814338684,-0.195090651512146,0.9465308785438538,0.6231374740600586,0.5329396724700928,0.2699940800666809,0.3045884370803833,0.6418697834014893,0.664053738117218,-0.10597438365221024,0.9430661201477051,0.6384484767913818,0.6457725167274475,0.3694196343421936,0.37457045912742615,0.6701216697692871,0.6833726763725281,-0.1064918115735054,0.9184428453445435,0.6610082387924194,0.6664376854896545,0.3702864348888397,0.4491991400718689,0.5286679863929749,0.6840887069702148,-0.26550695300102234,0.9290372729301453,0.5305564403533936,0.6677880883216858,0.24673675000667572,0.5014905333518982
144,squat,1,0.528351366519928,0.2360505908727646,-0.10706205666065216,0.9998586177825928,0.5366029739379883,0.2240784913301468,-0.15022234618663788,0.9998366832733154,0.541242241859436,0.22329270839691162,-0.15024550259113312,0.999842643737793,0.5463801026344299,0.22229750454425812,-0.15029415488243103,0.9998865723609924,0.530464231967926,0.22458718717098236,-0.07741723209619522,0.9998428225517273,0.530904233455658,0.22426360845565796,-0.07730130851268768,0.9998160004615784,0.5316928029060364,0.22380764782428741,-0.0773792490363121,0.9998397827148438,0.5781049728393555,0.22173652052879333,-0.2647000253200531,0.9998821020126343,0.5631599426269531,0.22305110096931458,0.06465048342943192,0.9997023940086365,0.5494388341903687,0.24369043111801147,-0.13641785085201263,0.9999005198478699,0.5412634015083313,0.24395602941513062,-0.04251087084412575,0.9997827410697937,0.6379654407501221,0.2686907947063446,-0.48875588178634644,0.9999906420707703,0.6370671987533569,0.2734719514846802,0.3402206599712372,0.9992508888244629,0.6691092848777771,0.3504980802536011,-0.5388397574424744,0.9965881705284119,0.6613783240318298,0.3485177755355835,0.4208652377128601,0.07552178204059601,0.6370784640312195,0.4195963442325592,-0.41569581627845764,0.9844596982002258,0.6432481408119202,0.41395869851112366,0.30724605917930603,0.08783480525016785,0.6445409059524536,0.44457393884658813,-0.4779449701309204,0.9686110019683838,0.6371161341667175,0.4345131516456604,0.32330113649368286,0.08747801929712296,0.6290884613990784,0.4450759291648865,-0.45697152614593506,0.9663594961166382,0.6353926658630371,0.4343215823173523,0.25938183069229126,0.08785445243120193,0.625738799571991,0.43822476267814636,-0.3998635709285736,0.9478471875190735,0.6361678242683411,0.42710158228874207,0.27533629536628723,0.08948671817779541,0.7012040019035339,0.41842567920684814,-0.24279159307479858,0.9991266131401062,0.6857625842094421,0.41872158646583557,0.24263925850391388,0.9971944093704224,0.6205781698226929,0.537764310836792,-0.18211965262889862,0.9458079934120178,0.6246384382247925,0.533164918422699,0.2716117799282074,0.3009203374385834,0.6418842673301697,0.6626386642456055,-0.07821892201900482,0.9405786991119385,0.6386383175849915,0.6451531648635864,0.3768753111362457,0.37006717920303345,0.6705537438392639,0.6833951473236084,-0.07739857584238052,0.9162093997001648,0.661271870136261,0.6662439703941345,0.3785347640514374,0.44614937901496887,0.5286818146705627,0.6841228604316711,-0.23862138390541077,0.9259111881256104,0.5304575562477112,0.6674396395683289,0.2573464512825012,0.496160089969635
145,squat,1,0.5281633138656616,0.23623202741146088,-0.13575376570224762,0.9998506903648376,0.5363543629646301,0.2242884337902069,-0.1725861132144928,0.9998282790184021,0.5410294532775879,0.22351022064685822,-0.17267464101314545,0.999835193157196,0.5461462140083313,0.22251303493976593,-0.17276689410209656,0.9998812079429626,0.530243456363678,0.22474898397922516,-0.10511396080255508,0.9998340010643005,0.5307669639587402,0.2244558334350586,-0.10499019175767899,0.9998024702072144,0.5316194891929626,0.22402741014957428,-0.10505817085504532,0.9998255968093872,0.5779343247413635,0.22183428704738617,-0.2611615061759949,0.9998801946640015,0.5627053380012512,0.22327081859111786,0.05946371704339981,0.9996733069419861,0.5494561195373535,0.24393250048160553,-0.1488753855228424,0.9998946189880371,0.5410872101783752,0.24423733353614807,-0.06375236064195633,0.9997695088386536,0.6376111507415771,0.2687858045101166,-0.48381713032722473,0.9999904632568359,0.6370483040809631,0.2732815742492676,0.3434883952140808,0.9991825819015503,0.6688674092292786,0.35047370195388794,-0.5380574464797974,0.9966782331466675,0.6613689661026001,0.34762290120124817,0.4197627007961273,0.07181421667337418,0.6383110284805298,0.4193706810474396,-0.4064474105834961,0.9848918318748474,0.6451536417007446,0.412198007106781,0.30077114701271057,0.08263661712408066,0.6458489894866943,0.44380560517311096,-0.4630527198314667,0.969095766544342,0.639397144317627,0.4324125051498413,0.3172794580459595,0.08286105841398239,0.6303262114524841,0.4443869888782501,-0.44008663296699524,0.9668205976486206,0.6370283365249634,0.4325054883956909,0.25730735063552856,0.08319706469774246,0.6270478367805481,0.43747812509536743,-0.3888128101825714,0.9484997987747192,0.6374385356903076,0.425114244222641,0.2706320285797119,0.08492789417505264,0.7011491060256958,0.418332040309906,-0.2427120953798294,0.9990611672401428,0.6874547004699707,0.4184195101261139,0.2425633817911148,0.9969388842582703,0.6223002076148987,0.5377985835075378,-0.17906513810157776,0.9442906975746155,0.6257164478302002,0.5331628918647766,0.2797202169895172,0.29811379313468933,0.6419776678085327,0.6619985103607178,-0.08156653493642807,0.9371549487113953,0.639451801776886,0.6444386839866638,0.3977788984775543,0.36508244276046753,0.6706517934799194,0.6834028959274292,-0.08146238327026367,0.9131858944892883,0.6616451144218445,0.665662407875061,0.40144532918930054,0.4425760507583618,0.5286789536476135,0.6839019656181335,-0.2420693188905716,0.9218547940254211,0.5307775139808655,0.6661264896392822,0.2802894115447998,0.4889114499092102
146,squat,1,0.5280800461769104,0.2364187240600586,-0.14722463488578796,0.9998414516448975,0.5362043380737305,0.2244676798582077,-0.18130557239055634,0.999817967414856,0.5409330725669861,0.2236858755350113,-0.1814320981502533,0.9998257756233215,0.5460613965988159,0.22268131375312805,-0.1815541833639145,0.999874472618103,0.5300630331039429,0.22482872009277344,-0.11550583690404892,0.9998231530189514,0.5306941866874695,0.22453059256076813,-0.11536935716867447,0.9997854232788086,0.5314151048660278,0.22409804165363312,-0.11542945355176926,0.9998075366020203,0.5779407620429993,0.221816286444664,-0.2508585751056671,0.9998773336410522,0.5619455575942993,0.22342552244663239,0.056771378964185715,0.9996371269226074,0.5497437119483948,0.24412210285663605,-0.1531924158334732,0.9998869299888611,0.5410770773887634,0.2444477081298828,-0.07221876084804535,0.9997530579566956,0.6374650001525879,0.26884782314300537,-0.47546160221099854,0.9999901056289673,0.6370852589607239,0.27316367626190186,0.35198014974594116,0.9991104602813721,0.6686824560165405,0.3503528833389282,-0.5338354706764221,0.9967193603515625,0.6612727642059326,0.3471614122390747,0.41908007860183716,0.068092480301857,0.6389663815498352,0.4191818833351135,-0.3928607404232025,0.9850413799285889,0.6462637782096863,0.41143202781677246,0.2959303855895996,0.07742851227521896,0.6466079354286194,0.44318345189094543,-0.44701847434043884,0.9690684676170349,0.6405221819877625,0.4311957061290741,0.31187933683395386,0.07819365710020065,0.6312828063964844,0.4437732398509979,-0.4238928258419037,0.9667483568191528,0.6383872032165527,0.43114978075027466,0.25588953495025635,0.078495092689991,0.6279904842376709,0.4367741048336029,-0.37481382489204407,0.9484429359436035,0.638606071472168,0.423976868391037,0.2667423486709595,0.08033422380685806,0.7011210918426514,0.41826048493385315,-0.24271979928016663,0.9989758133888245,0.6893101930618286,0.41823092103004456,0.24257785081863403,0.9966383576393127,0.6247158646583557,0.5378080010414124,-0.17247402667999268,0.9422463178634644,0.6284332871437073,0.5331157445907593,0.2799648642539978,0.29578861594200134,0.6422639489173889,0.6614400744438171,-0.0641918033361435,0.9328792095184326,0.6406916975975037,0.6437163352966309,0.3977869749069214,0.3610522449016571,0.670721173286438,0.6833986639976501,-0.06221771240234375,0.9101325273513794,0.6624521613121033,0.6653194427490234,0.4014311134815216,0.4402198791503906,0.5288242697715759,0.6833057999610901,-0.21191170811653137,0.9167999029159546,0.5315973162651062,0.6652547121047974,0.28032416105270386,0.4811832308769226
147,squat,1,0.5279357433319092,0.23647499084472656,-0.13407790660858154,0.9998336434364319,0.5356140732765198,0.224516361951828,-0.17215067148208618,0.9998099207878113,0.540533721446991,0.22374999523162842,-0.17226403951644897,0.9998184442520142,0.5456371903419495,0.22275550663471222,-0.17237074673175812,0.9998689293861389,0.5294845104217529,0.22489063441753387,-0.1037718802690506,0.9998142123222351,0.5300595164299011,0.22457516193389893,-0.10364697128534317,0.9997727870941162,0.5308027863502502,0.2241889387369156,-0.10372842103242874,0.9997952580451965,0.577549934387207,0.22188794612884521,-0.24755042791366577,0.9998747706413269,0.5614977478981018,0.22353151440620422,0.06150754913687706,0.9996153116226196,0.5496890544891357,0.24424777925014496,-0.14812034368515015,0.9998805522918701,0.5410400629043579,0.2445846050977707,-0.06172482669353485,0.999739944934845,0.6363427639007568,0.26881447434425354,-0.4721560776233673,0.9999899864196777,0.6371615529060364,0.2731335759162903,0.35880008339881897,0.9990732669830322,0.6682120561599731,0.34998008608818054,-0.5332674384117126,0.9967728853225708,0.6611797213554382,0.3467409610748291,0.42214345932006836,0.06541816145181656,0.639225959777832,0.41898271441459656,-0.39657309651374817,0.9853028059005737,0.646537721157074,0.41113024950027466,0.2957221567630768,0.07331123948097229,0.64692622423172,0.4428449869155884,-0.453128844499588,0.9692835807800293,0.6409705877304077,0.43075302243232727,0.3114149868488312,0.07452399283647537,0.6317456960678101,0.44347402453422546,-0.4292759895324707,0.9669200778007507,0.6390803456306458,0.43044766783714294,0.253983736038208,0.07479996234178543,0.6285030841827393,0.43639665842056274,-0.37859994173049927,0.9486362934112549,0.6391769051551819,0.42336779832839966,0.2659209966659546,0.07672573626041412,0.7011246085166931,0.4181496202945709,-0.24274176359176636,0.9988974332809448,0.690248966217041,0.4180435240268707,0.2426062375307083,0.9964130520820618,0.6263899207115173,0.5378052592277527,-0.17386777698993683,0.9411707520484924,0.6300380229949951,0.5330390930175781,0.2800358533859253,0.29447564482688904,0.6426666975021362,0.6610232591629028,-0.06848663836717606,0.9296157360076904,0.6413141489028931,0.6431366801261902,0.3971426486968994,0.35652199387550354,0.6713079214096069,0.6833616495132446,-0.06703692674636841,0.9075483083724976,0.6631529331207275,0.6649910807609558,0.40073955059051514,0.43721333146095276,0.5293675661087036,0.683205783367157,-0.21889176964759827,0.9127370119094849,0.5321563482284546,0.664948582649231,0.2795877754688263,0.4737360179424286
148,squat,1,0.5277905464172363,0.23695871233940125,-0.13192018866539001,0.9998314380645752,0.5347722172737122,0.22505532205104828,-0.17202648520469666,0.9998088479042053,0.539880096912384,0.22405943274497986,-0.17212291061878204,0.9998181462287903,0.5450235605239868,0.22294899821281433,-0.17221994698047638,0.999868631362915,0.5286833047866821,0.22567147016525269,-0.10172273963689804,0.9998108744621277,0.5290914177894592,0.22533553838729858,-0.1016053631901741,0.9997676014900208,0.529711127281189,0.22493252158164978,-0.1016925722360611,0.999789834022522,0.576697051525116,0.22195127606391907,-0.2514323592185974,0.9998764395713806,0.5604007840156555,0.22359636425971985,0.060311753302812576,0.9996059536933899,0.5496318936347961,0.24432273209095,-0.15001709759235382,0.9998788833618164,0.5410065054893494,0.2447325587272644,-0.0608270987868309,0.9997348189353943,0.6360024213790894,0.2684657871723175,-0.47543618083000183,0.9999904036521912,0.6369566321372986,0.2730969190597534,0.3589714467525482,0.999067485332489,0.6675316095352173,0.3495641350746155,-0.5486222505569458,0.9969223737716675,0.6606020331382751,0.3467833995819092,0.4247737228870392,0.06373262405395508,0.6390570402145386,0.41904667019844055,-0.42402735352516174,0.9860377907752991,0.6465011239051819,0.4114578366279602,0.2988896667957306,0.07028394937515259,0.646723210811615,0.4429320693016052,-0.48574525117874146,0.9704864621162415,0.6412403583526611,0.431296169757843,0.31596532464027405,0.07179326564073563,0.6314327120780945,0.4435671865940094,-0.4596266746520996,0.9681782722473145,0.6393611431121826,0.43093961477279663,0.25649330019950867,0.07205310463905334,0.6282103061676025,0.43651407957077026,-0.40523603558540344,0.9503559470176697,0.6392130851745605,0.42383766174316406,0.26824015378952026,0.07402955740690231,0.6998291611671448,0.4177682399749756,-0.24513643980026245,0.9988574981689453,0.6902920603752136,0.41784316301345825,0.24502317607402802,0.9962875843048096,0.6263880729675293,0.5377987027168274,-0.17651069164276123,0.9405375123023987,0.629980742931366,0.5330360531806946,0.2835124433040619,0.29406341910362244,0.6426772475242615,0.6606922745704651,-0.06765613704919815,0.927040696144104,0.6414265632629395,0.6427924036979675,0.40424084663391113,0.35344943404197693,0.6713899374008179,0.6833165287971497,-0.06588812917470932,0.9055041074752808,0.6632198691368103,0.6648774147033691,0.40850135684013367,0.4352608025074005,0.5293802618980408,0.6831960082054138,-0.2195366621017456,0.9093432426452637,0.532284677028656,0.664966344833374,0.2856329083442688,0.4679845869541168
149,squat,1,0.527574896812439,0.237751767039299,-0.13075803220272064,0.9998309016227722,0.533837616443634,0.22603359818458557,-0.17230743169784546,0.9998095035552979,0.5390263795852661,0.22480328381061554,-0.17239323258399963,0.9998194575309753,0.5442235469818115,0.22351181507110596,-0.17248378694057465,0.9998693466186523,0.5280326008796692,0.22678425908088684,-0.10073795914649963,0.9998093247413635,0.5283971428871155,0.22636902332305908,-0.10062482208013535,0.9997655153274536,0.5290175676345825,0.2258802056312561,-0.10071448981761932,0.9997877478599548,0.5753591060638428,0.2219812124967575,-0.25795429944992065,0.9998785853385925,0.559748649597168,0.2237481325864792,0.05874168872833252,0.9996026754379272,0.5494499206542969,0.24459528923034668,-0.15122511982917786,0.9998780488967896,0.5409398674964905,0.2450641244649887,-0.06103172153234482,0.9997323155403137,0.6355263590812683,0.2685050964355469,-0.4854547381401062,0.9999907612800598,0.6368951797485352,0.27311691641807556,0.35618695616722107,0.9990689754486084,0.6651080250740051,0.34973037242889404,-0.5592906475067139,0.9970529675483704,0.6601593494415283,0.3469260632991791,0.42458638548851013,0.06231548637151718,0.6384127736091614,0.41936466097831726,-0.4362218976020813,0.98663330078125,0.6463221311569214,0.4120098650455475,0.2983490526676178,0.06748688220977783,0.6457441449165344,0.44340816140174866,-0.49915874004364014,0.9713937640190125,0.6408277750015259,0.4315076470375061,0.3154989182949066,0.06919821351766586,0.630911648273468,0.4441068172454834,-0.4727323055267334,0.9691262245178223,0.6388981938362122,0.4311244785785675,0.2551739811897278,0.06944157928228378,0.6277011036872864,0.43721967935562134,-0.4175151288509369,0.9515901207923889,0.6388846039772034,0.42447859048843384,0.2674964666366577,0.07144530862569809,0.6978698968887329,0.41773343086242676,-0.24614541232585907,0.9988271594047546,0.6902185678482056,0.4178245961666107,0.24604322016239166,0.996209442615509,0.6263813376426697,0.5378122925758362,-0.178058460354805,0.9402061104774475,0.6300123333930969,0.5330429077148438,0.2861146032810211,0.2928057909011841,0.642670214176178,0.6606382131576538,-0.06683743000030518,0.9254799485206604,0.6413372755050659,0.6428387761116028,0.40940961241722107,0.35145696997642517,0.6714835166931152,0.6833205819129944,-0.06476162374019623,0.9048161506652832,0.6631535291671753,0.6649264097213745,0.413783460855484,0.43426957726478577,0.5294036269187927,0.6831834316253662,-0.2182055562734604,0.9072187542915344,0.5322388410568237,0.6650156378746033,0.2900805175304413,0.4642769694328308
150,squat,1,0.52706378698349,0.2384045422077179,-0.10660254210233688,0.9998308420181274,0.5326367616653442,0.22677162289619446,-0.15272051095962524,0.9998100399971008,0.5376632213592529,0.22547854483127594,-0.15278562903404236,0.9998205304145813,0.5428683161735535,0.22409889101982117,-0.15286272764205933,0.999869704246521,0.5273550748825073,0.22744768857955933,-0.07677451521158218,0.9998082518577576,0.5277896523475647,0.22693732380867004,-0.07667218893766403,0.999764621257782,0.5285332798957825,0.22634440660476685,-0.07677575200796127,0.9997872114181519,0.5735710263252258,0.222186878323555,-0.2570050358772278,0.9998801350593567,0.5594474077224731,0.22384105622768402,0.07284238189458847,0.9996030330657959,0.548701286315918,0.2449132651090622,-0.13776437938213348,0.9998765587806702,0.5406942367553711,0.24535305798053741,-0.04142424091696739,0.9997305274009705,0.6332485675811768,0.26853492856025696,-0.4857354760169983,0.9999909996986389,0.637436032295227,0.2730100452899933,0.35952556133270264,0.9990748763084412,0.661836564540863,0.34990018606185913,-0.5582041144371033,0.9971606135368347,0.6601080894470215,0.34700000286102295,0.4264696538448334,0.06123612821102142,0.6359900236129761,0.41949233412742615,-0.43507570028305054,0.9870638251304626,0.6460447311401367,0.4121764898300171,0.3053600490093231,0.06487882137298584,0.6430158615112305,0.44388094544410706,-0.4970914423465729,0.97194904088974,0.6405527591705322,0.4318053424358368,0.3245760202407837,0.0667346715927124,0.6292356848716736,0.4446159899234772,-0.471800833940506,0.9696831703186035,0.6386152505874634,0.4313705563545227,0.26247483491897583,0.06697410345077515,0.6259678602218628,0.4378139078617096,-0.4167376160621643,0.9522348046302795,0.6386474967002869,0.42463698983192444,0.2739950716495514,0.06899824738502502,0.695597767829895,0.41773825883865356,-0.24665188789367676,0.998779296875,0.6902414560317993,0.4178330600261688,0.24656148254871368,0.9961274266242981,0.6263634562492371,0.5378406643867493,-0.17911425232887268,0.9398744702339172,0.6306105852127075,0.533197820186615,0.28531327843666077,0.29086658358573914,0.6426711082458496,0.6607547998428345,-0.06810436397790909,0.9235802292823792,0.6413080096244812,0.6438846588134766,0.4075765907764435,0.3491820991039276,0.6715144515037537,0.6833407282829285,-0.06577547639608383,0.9043226838111877,0.6631403565406799,0.6661761403083801,0.4116341173648834,0.4329572319984436,0.5294035077095032,0.6831609606742859,-0.2164791375398636,0.9047841429710388,0.5320882201194763,0.6653730273246765,0.28452613949775696,0.45985034108161926
151,squat,1,0.5268862843513489,0.23891516029834747,-0.09622173756361008,0.9998319745063782,0.5320999622344971,0.22730861604213715,-0.14406462013721466,0.9998119473457336,0.5370365977287292,0.22597971558570862,-0.14411701261997223,0.9998229146003723,0.5421873331069946,0.22455230355262756,-0.14417828619480133,0.9998709559440613,0.5271360278129578,0.22791846096515656,-0.06693549454212189,0.9998082518577576,0.5276387929916382,0.2273273915052414,-0.06682495027780533,0.9997648596763611,0.5284785032272339,0.22664636373519897,-0.06692872941493988,0.9997877478599548,0.5726757049560547,0.22234924137592316,-0.25619032979011536,0.999882161617279,0.5593546628952026,0.22387398779392242,0.07930562645196915,0.9996045231819153,0.5484405755996704,0.2451631724834442,-0.13063307106494904,0.9998759627342224,0.5406391024589539,0.2455955445766449,-0.03237109258770943,0.9997304677963257,0.632271409034729,0.26855745911598206,-0.4859079122543335,0.999991238117218,0.6384762525558472,0.272743821144104,0.36223575472831726,0.999083399772644,0.6580036282539368,0.3501344323158264,-0.5576136708259583,0.997256875038147,0.6600216627120972,0.34681105613708496,0.4306239187717438,0.06009362265467644,0.6336642503738403,0.41989701986312866,-0.4342533051967621,0.987424373626709,0.6459335684776306,0.4120309352874756,0.3138645589351654,0.06273099780082703,0.6410745978355408,0.4447777271270752,-0.4957977533340454,0.9724153876304626,0.6399681568145752,0.4318750500679016,0.3341832458972931,0.0648001953959465,0.6278496384620667,0.4457227289676666,-0.4712137281894684,0.9701492190361023,0.6383820176124573,0.43134382367134094,0.27082666754722595,0.06505600363016129,0.6242876648902893,0.43919193744659424,-0.4161164164543152,0.952765166759491,0.6384686827659607,0.4245164096355438,0.2821565866470337,0.06708009541034698,0.6934856176376343,0.4177286624908447,-0.24732966721057892,0.9987666010856628,0.6899608969688416,0.4177994430065155,0.24724091589450836,0.9961228966712952,0.6263533234596252,0.5378111600875854,-0.17938849329948425,0.940099835395813,0.6311273574829102,0.5331965684890747,0.28477048873901367,0.2909877896308899,0.6426350474357605,0.6608471870422363,-0.07026739418506622,0.9234488010406494,0.6411399841308594,0.644292414188385,0.4057731330394745,0.35074087977409363,0.6716567277908325,0.6833949685096741,-0.06838464736938477,0.9051503539085388,0.6631189584732056,0.6664748191833496,0.409697562456131,0.43544644117355347,0.5294057726860046,0.6832577586174011,-0.2200535535812378,0.9044773578643799,0.5312378406524658,0.665812611579895,0.2829672694206238,0.4601839482784271
152,squat,1,0.5267781615257263,0.23961001634597778,-0.08307348936796188,0.9998317360877991,0.531707227230072,0.22804942727088928,-0.13265050947666168,0.9998123049736023,0.5364701151847839,0.22674085199832916,-0.13269740343093872,0.9998237490653992,0.5414882898330688,0.22529780864715576,-0.132751002907753,0.9998709559440613,0.5271084904670715,0.22852717339992523,-0.05457088351249695,0.9998064637184143,0.5275419354438782,0.22783540189266205,-0.054467715322971344,0.9997636079788208,0.5283340215682983,0.22704137861728668,-0.05458149313926697,0.9997873902320862,0.5716129541397095,0.22277198731899261,-0.2549690008163452,0.9998828768730164,0.5592217445373535,0.22403603792190552,0.08491750061511993,0.9996063113212585,0.5481014847755432,0.24567793309688568,-0.12155637890100479,0.9998742341995239,0.5405611991882324,0.24605649709701538,-0.021977484226226807,0.9997289180755615,0.6305678486824036,0.26880407333374023,-0.48509129881858826,0.9999914169311523,0.6396681070327759,0.27247828245162964,0.3613572418689728,0.9990940093994141,0.6554698348045349,0.3507719933986664,-0.555911660194397,0.9973351955413818,0.6597859859466553,0.34662047028541565,0.4309752583503723,0.05929091200232506,0.6298206448554993,0.4202389121055603,-0.43331414461135864,0.9876797795295715,0.6412848830223083,0.41187354922294617,0.3178727626800537,0.06083032488822937,0.6372824311256409,0.4452841281890869,-0.4953821301460266,0.97267746925354,0.6361983418464661,0.43185681104660034,0.33865436911582947,0.06304139643907547,0.6248032450675964,0.44627851247787476,-0.47090062499046326,0.9703898429870605,0.6340192556381226,0.431287944316864,0.2744211256504059,0.06331445276737213,0.6212141513824463,0.43982216715812683,-0.41550734639167786,0.9529845714569092,0.6360757350921631,0.42425572872161865,0.28603747487068176,0.06534714996814728,0.6912250518798828,0.4179283678531647,-0.2473028302192688,0.998750627040863,0.6894371509552002,0.4178145229816437,0.24721339344978333,0.9961125254631042,0.6252566576004028,0.5379230976104736,-0.18001510202884674,0.9400544762611389,0.631083607673645,0.533492922782898,0.282982736825943,0.2885672152042389,0.6425826549530029,0.6614089608192444,-0.0719241350889206,0.9226663112640381,0.6405274271965027,0.645709753036499,0.4030563533306122,0.34879493713378906,0.6719810366630554,0.6834028959274292,-0.07017394155263901,0.9057689905166626,0.6631007790565491,0.6673435568809509,0.4067741930484772,0.4350435733795166,0.5294082164764404,0.6836094856262207,-0.2203831672668457,0.9033262133598328,0.5311989784240723,0.6666999459266663,0.28014540672302246,0.4574255645275116
153,squat,1,0.5265840291976929,0.24002085626125336,-0.07053527235984802,0.9998313784599304,0.531347930431366,0.2284838706254959,-0.11963184177875519,0.9998120069503784,0.5360047221183777,0.22718581557273865,-0.11968205124139786,0.999824047088623,0.5409611463546753,0.2257324457168579,-0.11973254382610321,0.9998705387115479,0.5269902348518372,0.22891664505004883,-0.041600245982408524,0.9998044967651367,0.5275005102157593,0.22818109393119812,-0.04149669036269188,0.9997617602348328,0.5282565355300903,0.22733376920223236,-0.04161160811781883,0.9997862577438354,0.570885181427002,0.22304151952266693,-0.24256955087184906,0.9998835325241089,0.5591337084770203,0.22417514026165009,0.09916903078556061,0.9996064901351929,0.547711968421936,0.24600721895694733,-0.10844118148088455,0.9998726844787598,0.5405116677284241,0.24634699523448944,-0.00883444957435131,0.9997274279594421,0.6292002201080322,0.2688373923301697,-0.47746652364730835,0.9999916553497314,0.6397669315338135,0.27241456508636475,0.3738865554332733,0.9991099238395691,0.6540927290916443,0.350956529378891,-0.5493087768554688,0.9974101781845093,0.6589999198913574,0.3466188907623291,0.4450360834598541,0.058704644441604614,0.6275470852851868,0.42025837302207947,-0.4263351261615753,0.9879956841468811,0.6375324130058289,0.41219738125801086,0.3346998691558838,0.059199921786785126,0.634723961353302,0.44535577297210693,-0.4888627529144287,0.9731330275535583,0.6329568028450012,0.4319099187850952,0.35602420568466187,0.06150902807712555,0.6223816275596619,0.4463435709476471,-0.4632473289966583,0.9708402156829834,0.6304636001586914,0.4313490688800812,0.2922515273094177,0.06179320067167282,0.6188439130783081,0.4398508369922638,-0.408586710691452,0.9535233378410339,0.6333869099617004,0.42435377836227417,0.3029351234436035,0.06385292112827301,0.6901965141296387,0.4179326593875885,-0.24755749106407166,0.998738706111908,0.688772976398468,0.4178226590156555,0.2474679946899414,0.9961198568344116,0.6241346001625061,0.5379175543785095,-0.18350571393966675,0.940223753452301,0.6310544610023499,0.5336153507232666,0.27838876843452454,0.28677085041999817,0.6425278782844543,0.6616652011871338,-0.07622852921485901,0.9218277931213379,0.6402828693389893,0.6472051739692688,0.3932877480983734,0.34713155031204224,0.6725184321403503,0.6834032535552979,-0.07399310171604156,0.9054069519042969,0.6633787155151367,0.6686763763427734,0.39629611372947693,0.4342297911643982,0.5291935205459595,0.6846919655799866,-0.22050628066062927,0.9022703766822815,0.5304796695709229,0.6682655811309814,0.2680353820323944,0.4546857178211212
154,squat,1,0.5263615250587463,0.2401360124349594,-0.08138687908649445,0.999828040599823,0.5311049222946167,0.22860975563526154,-0.1290629506111145,0.9998088479042053,0.5357668399810791,0.22729651629924774,-0.12911218404769897,0.9998217821121216,0.5407342910766602,0.2258247584104538,-0.1291661560535431,0.9998683929443359,0.5267831683158875,0.22906921803951263,-0.052283283323049545,0.999799907207489,0.5273074507713318,0.22833064198493958,-0.05217954143881798,0.9997562766075134,0.5281010270118713,0.22747240960597992,-0.05228773131966591,0.9997814297676086,0.5706064701080322,0.22307215631008148,-0.24520297348499298,0.999882698059082,0.5589593648910522,0.22419162094593048,0.09177190810441971,0.9995993971824646,0.5473994016647339,0.24608682096004486,-0.11645219475030899,0.9998691082000732,0.5403054356575012,0.24641549587249756,-0.018421383574604988,0.9997211694717407,0.6290301084518433,0.26888272166252136,-0.4778077006340027,0.9999918341636658,0.6392595767974854,0.27239659428596497,0.3711279034614563,0.9991176724433899,0.6535478234291077,0.3511408269405365,-0.5509334206581116,0.9974820017814636,0.6575976610183716,0.3466566503047943,0.44334763288497925,0.05831075832247734,0.625630795955658,0.4203583598136902,-0.4279104769229889,0.9883717894554138,0.6320928335189819,0.41327014565467834,0.3310309946537018,0.05807921662926674,0.6328970193862915,0.4454803168773651,-0.49043482542037964,0.9737474322319031,0.6281557083129883,0.432699590921402,0.3516251742839813,0.0604623518884182,0.6205832362174988,0.44643470644950867,-0.46479031443595886,0.9714787006378174,0.6267842650413513,0.43204477429389954,0.2882554531097412,0.0607520192861557,0.6172127723693848,0.43994593620300293,-0.41006091237068176,0.9543628096580505,0.6301232576370239,0.4255818724632263,0.29935792088508606,0.06282959878444672,0.6900599598884583,0.41792136430740356,-0.24781164526939392,0.9987132549285889,0.6862755417823792,0.417811781167984,0.2477255016565323,0.9960868954658508,0.6230913400650024,0.5378729701042175,-0.18663136661052704,0.9401346445083618,0.6303567886352539,0.5336199402809143,0.27652233839035034,0.2854820191860199,0.6425986289978027,0.6616201400756836,-0.07658686488866806,0.9206503033638,0.6402732729911804,0.6473162770271301,0.3897794485092163,0.34562161564826965,0.6731379628181458,0.6833180785179138,-0.07413704693317413,0.904798686504364,0.6639707684516907,0.6688222289085388,0.3926638066768646,0.43336305022239685,0.529194712638855,0.6848329901695251,-0.2220682054758072,0.900781512260437,0.5304303765296936,0.6687712073326111,0.2645392417907715,0.45163917541503906
155,squat,1,0.5261768698692322,0.2402161955833435,-0.08658973127603531,0.99982088804245,0.5309457778930664,0.22876188158988953,-0.13379231095314026,0.9998015761375427,0.5356327891349792,0.22743476927280426,-0.13383951783180237,0.999815821647644,0.5406109690666199,0.2259422093629837,-0.1338939517736435,0.9998638033866882,0.5265454649925232,0.2292613834142685,-0.05737802013754845,0.9997910261154175,0.527030885219574,0.2285311222076416,-0.057275913655757904,0.9997444748878479,0.5277940034866333,0.2276727855205536,-0.057382408529520035,0.9997702240943909,0.5704622268676758,0.2231481373310089,-0.24480144679546356,0.9998804926872253,0.5585596561431885,0.22431088984012604,0.08872997760772705,0.9995807409286499,0.5472468733787537,0.2461756020784378,-0.12031526863574982,0.99986332654953,0.5401116609573364,0.24649369716644287,-0.02303897961974144,0.9997086524963379,0.6288381218910217,0.26894882321357727,-0.47835731506347656,0.9999919533729553,0.6390783190727234,0.2723962664604187,0.37532100081443787,0.9991042613983154,0.6531218886375427,0.35121843218803406,-0.5515124201774597,0.9975323677062988,0.6569056510925293,0.3466293513774872,0.4471875727176666,0.05685105919837952,0.623346209526062,0.4204700291156769,-0.4258072078227997,0.9885687828063965,0.6301229596138,0.41323575377464294,0.3312302529811859,0.0561012327671051,0.6301629543304443,0.4454953968524933,-0.4870849847793579,0.9740076661109924,0.626296877861023,0.4327434003353119,0.35071882605552673,0.05867781862616539,0.6179623603820801,0.44643479585647583,-0.4612595736980438,0.9717289805412292,0.6248825192451477,0.43206435441970825,0.28781548142433167,0.05897626280784607,0.6150225400924683,0.43994638323783875,-0.40753641724586487,0.9546547532081604,0.6284984350204468,0.42544636130332947,0.2993728816509247,0.061063673347234726,0.6896175146102905,0.41797173023223877,-0.24857674539089203,0.9987058639526367,0.6832103729248047,0.41781556606292725,0.24849137663841248,0.9960493445396423,0.6225378513336182,0.5378174781799316,-0.1888614296913147,0.9401460289955139,0.6295544505119324,0.5336130857467651,0.27631962299346924,0.2859678864479065,0.642777144908905,0.6612557172775269,-0.0820208340883255,0.9202079176902771,0.6402295827865601,0.6473132967948914,0.3871384561061859,0.3462323844432831,0.6746160984039307,0.6831254959106445,-0.08004827052354813,0.9035664796829224,0.6643441319465637,0.6688501238822937,0.38980337977409363,0.43354806303977966,0.5294716358184814,0.6851807236671448,-0.22954237461090088,0.9001894593238831,0.5301505327224731,0.6693535447120667,0.2631046772003174,0.4509274363517761
156,squat,1,0.5260782837867737,0.23983553051948547,-0.12613935768604279,0.9998169541358948,0.531025230884552,0.22834016382694244,-0.17082847654819489,0.9997958540916443,0.5358230471611023,0.22707031667232513,-0.17085836827754974,0.9998107552528381,0.5408142805099487,0.22568131983280182,-0.1708989441394806,0.9998601675033569,0.5264778137207031,0.22883862257003784,-0.09716305881738663,0.9997856020927429,0.5269697904586792,0.22814597189426422,-0.097076915204525,0.9997376203536987,0.5277591347694397,0.22732797265052795,-0.09719038754701614,0.9997644424438477,0.5711800456047058,0.2231450378894806,-0.2624623477458954,0.9998772740364075,0.558525800704956,0.22431834042072296,0.058757148683071136,0.9995680451393127,0.5471853017807007,0.24608735740184784,-0.15150301158428192,0.9998603463172913,0.5397456288337708,0.24636703729629517,-0.058014124631881714,0.9997026920318604,0.6288980841636658,0.269239217042923,-0.489797979593277,0.9999920129776001,0.634458601474762,0.27245011925697327,0.36075371503829956,0.9991196990013123,0.6517926454544067,0.3517764210700989,-0.559191107749939,0.9975854158401489,0.6536590456962585,0.34739547967910767,0.4426838755607605,0.057622458785772324,0.6178030371665955,0.42146822810173035,-0.44177788496017456,0.9891251921653748,0.6199600100517273,0.41482144594192505,0.3216911852359772,0.05848049372434616,0.6220125555992126,0.44678595662117004,-0.5028862357139587,0.9751482605934143,0.6114374399185181,0.43459615111351013,0.33720552921295166,0.06123149022459984,0.6082993149757385,0.44722479581832886,-0.4812963604927063,0.972960889339447,0.6102132797241211,0.43385520577430725,0.27273672819137573,0.06156402826309204,0.6059112548828125,0.44071152806282043,-0.42469578981399536,0.9564936757087708,0.614089846611023,0.42786818742752075,0.2892673909664154,0.06363122165203094,0.6899895071983337,0.41781359910964966,-0.2482457160949707,0.9986760020256042,0.6794877648353577,0.41754409670829773,0.24814704060554504,0.9960159659385681,0.6213556528091431,0.5373275876045227,-0.18947526812553406,0.9398579001426697,0.6270864605903625,0.5332344174385071,0.2686535120010376,0.28814011812210083,0.6427946090698242,0.6606431603431702,-0.08199778199195862,0.9195755124092102,0.640372097492218,0.6472949385643005,0.3754176199436188,0.3475079834461212,0.6747392416000366,0.6827290058135986,-0.08006106317043304,0.9011279344558716,0.6654512882232666,0.6688204407691956,0.3774659037590027,0.4336039125919342,0.5294733643531799,0.6851974725723267,-0.23164081573486328,0.8997109532356262,0.530525267124176,0.6696724891662598,0.24747271835803986,0.45196881890296936
157,squat,1,0.5256102681159973,0.23899953067302704,-0.12398957461118698,0.9998102188110352,0.531013011932373,0.22755689918994904,-0.16912835836410522,0.9997866749763489,0.5358233451843262,0.22640040516853333,-0.16917212307453156,0.99980229139328,0.5408197641372681,0.22517625987529755,-0.1692184954881668,0.9998534321784973,0.5263578295707703,0.22802551090717316,-0.09414582699537277,0.9997791647911072,0.526831865310669,0.22739288210868835,-0.09406425058841705,0.9997316598892212,0.5275986194610596,0.22663353383541107,-0.09418424963951111,0.9997599124908447,0.5713529586791992,0.2231244295835495,-0.2626722753047943,0.9998701810836792,0.5583809614181519,0.22422485053539276,0.0604398287832737,0.9995546936988831,0.5464847087860107,0.24576209485530853,-0.15059983730316162,0.9998534321784973,0.5386794209480286,0.24590283632278442,-0.05557691305875778,0.999691903591156,0.6286219358444214,0.26932287216186523,-0.49387386441230774,0.9999915361404419,0.629597544670105,0.2729787528514862,0.369005024433136,0.9991385340690613,0.64687180519104,0.3518662452697754,-0.5590687990188599,0.9974333643913269,0.6485289931297302,0.34894484281539917,0.44851943850517273,0.057715073227882385,0.6048423647880554,0.42148298025131226,-0.428872287273407,0.9888354539871216,0.6054468750953674,0.41829314827919006,0.31926795840263367,0.05971966311335564,0.6036023497581482,0.446743905544281,-0.48660826683044434,0.974611759185791,0.5931310653686523,0.43719378113746643,0.33198168873786926,0.06279975175857544,0.585035502910614,0.4457467496395111,-0.4693792760372162,0.972354531288147,0.5862025022506714,0.43526482582092285,0.26672741770744324,0.06319569051265717,0.585229218006134,0.43875786662101746,-0.4130409061908722,0.955512285232544,0.5909736752510071,0.429823637008667,0.28565678000450134,0.06530746072530746,0.6916539669036865,0.4171791076660156,-0.25168201327323914,0.9986035227775574,0.6786333918571472,0.41757383942604065,0.25153663754463196,0.9959471821784973,0.6213340759277344,0.5369488000869751,-0.2004586011171341,0.9394963979721069,0.6259081959724426,0.5332353711128235,0.2693524658679962,0.2904244065284729,0.6427510976791382,0.6601618528366089,-0.09618605673313141,0.91996169090271,0.640361487865448,0.647834837436676,0.3735533058643341,0.3530375063419342,0.674692690372467,0.6823877096176147,-0.09561727195978165,0.8983747363090515,0.6658651232719421,0.6694543957710266,0.37472331523895264,0.4358122646808624,0.5293818712234497,0.6848952174186707,-0.262153297662735,0.9002359509468079,0.5305225849151611,0.6706193089485168,0.2423713058233261,0.45785853266716003
158,squat,1,0.524779736995697,0.23846560716629028,-0.12249580025672913,0.999807596206665,0.5309767127037048,0.2269672304391861,-0.16601963341236115,0.9997825622558594,0.5358157157897949,0.22588083148002625,-0.16610179841518402,0.9997971653938293,0.5408186316490173,0.22477950155735016,-0.16613952815532684,0.9998490810394287,0.5259005427360535,0.22747547924518585,-0.09121008217334747,0.9997796416282654,0.5262258052825928,0.22691567242145538,-0.09115105122327805,0.9997330904006958,0.5268141031265259,0.22623805701732635,-0.09129297733306885,0.9997625946998596,0.5714478492736816,0.22311323881149292,-0.2486390471458435,0.999863862991333,0.5574319958686829,0.22423455119132996,0.07732231169939041,0.9995547533035278,0.5457310080528259,0.24557465314865112,-0.14408637583255768,0.9998492002487183,0.5371564030647278,0.24562478065490723,-0.04912582039833069,0.9996891021728516,0.6277541518211365,0.26958736777305603,-0.4812376797199249,0.9999903440475464,0.6289206147193909,0.27407166361808777,0.3893645405769348,0.9991731643676758,0.6340989470481873,0.35209596157073975,-0.5212543606758118,0.9968727231025696,0.6418554186820984,0.3512001037597656,0.47203364968299866,0.058534685522317886,0.5738475918769836,0.42051222920417786,-0.3397980034351349,0.9869717359542847,0.5822067856788635,0.41954976320266724,0.3240662217140198,0.0633961632847786,0.5732012987136841,0.44407951831817627,-0.3855084180831909,0.9715576767921448,0.5699189305305481,0.43755781650543213,0.33344629406929016,0.0670260563492775,0.5551010966300964,0.44150620698928833,-0.37490788102149963,0.9690557718276978,0.5618779063224792,0.435691237449646,0.26969414949417114,0.06754887104034424,0.5571768283843994,0.4337961673736572,-0.325421005487442,0.9508615136146545,0.5663753151893616,0.43000319600105286,0.2902810275554657,0.06964100897312164,0.6949656009674072,0.4171503484249115,-0.25252100825309753,0.9985599517822266,0.6787663102149963,0.41765886545181274,0.25235241651535034,0.9959668517112732,0.6213462352752686,0.5368314981460571,-0.20912034809589386,0.9383466839790344,0.6255804896354675,0.5332781076431274,0.27716803550720215,0.2951495349407196,0.6425106525421143,0.6601794362068176,-0.11867183446884155,0.9203120470046997,0.6403524875640869,0.6483684182167053,0.374977707862854,0.36172938346862793,0.6742244362831116,0.6823620796203613,-0.11963929235935211,0.895135760307312,0.6658750772476196,0.6699931621551514,0.3769281506538391,0.43908941745758057,0.5292250514030457,0.6848577260971069,-0.2912266254425049,0.9013657569885254,0.5308920741081238,0.6712724566459656,0.24477188289165497,0.4667761027812958
159,squat,1,0.522339940071106,0.23759950697422028,-0.15961800515651703,0.999809205532074,0.5301592350006104,0.2259872555732727,-0.21094805002212524,0.9997830986976624,0.5350937247276306,0.2250419557094574,-0.2109650820493698,0.9997972249984741,0.5400863885879517,0.2241029441356659,-0.2109566479921341,0.9998469948768616,0.5250462889671326,0.22635182738304138,-0.12801700830459595,0.9997836351394653,0.5255712270736694,0.22582381963729858,-0.12800772488117218,0.9997421503067017,0.5263577103614807,0.22517535090446472,-0.1281711906194687,0.9997724294662476,0.5711557865142822,0.22306890785694122,-0.33030271530151367,0.9998579025268555,0.5573092699050903,0.2240666300058365,0.034844353795051575,0.9995712637901306,0.5425623059272766,0.245223268866539,-0.19629493355751038,0.9998500347137451,0.5345739126205444,0.24518804252147675,-0.09035716950893402,0.9996962547302246,0.6279435157775879,0.2714494466781616,-0.5358294248580933,0.9999885559082031,0.6199859976768494,0.27629512548446655,0.31544381380081177,0.9992340207099915,0.6206915974617004,0.35470566153526306,-0.5383360385894775,0.996468186378479,0.6159400343894958,0.3586726784706116,0.4025198519229889,0.06856317073106766,0.5423418879508972,0.41986164450645447,-0.36194461584091187,0.9854189157485962,0.5466445684432983,0.42270025610923767,0.22012881934642792,0.08006075769662857,0.5310723781585693,0.4418022334575653,-0.41633158922195435,0.9688634872436523,0.5290613770484924,0.44028547406196594,0.21380622684955597,0.0824635773897171,0.5167368650436401,0.4382607936859131,-0.40547794103622437,0.9662613868713379,0.5214968919754028,0.4385943114757538,0.14370526373386383,0.08342616260051727,0.5219936966896057,0.4304890036582947,-0.34972265362739563,0.946690559387207,0.5297595262527466,0.43323129415512085,0.18327535688877106,0.08504024147987366,0.7001174092292786,0.4174874722957611,-0.2524009048938751,0.9985194206237793,0.6782047748565674,0.4181640148162842,0.2522362172603607,0.9960632920265198,0.6213041543960571,0.5368342995643616,-0.2204526662826538,0.9386676549911499,0.6242145299911499,0.5332853198051453,0.31600674986839294,0.29576432704925537,0.6423112750053406,0.6601888537406921,-0.1248842403292656,0.922878086566925,0.6405600309371948,0.6484308838844299,0.44266486167907715,0.3713810443878174,0.6739377975463867,0.6822646260261536,-0.12545150518417358,0.895653247833252,0.6662083268165588,0.6699939966201782,0.4451638162136078,0.4435262084007263,0.5291929244995117,0.6850895881652832,-0.30924880504608154,0.9049205183982849,0.5327956676483154,0.6721230745315552,0.31148290634155273,0.48079922795295715
160,squat,1,0.5211970210075378,0.23580127954483032,-0.17220136523246765,0.9998119473457336,0.5301428437232971,0.2241661548614502,-0.21859930455684662,0.9997847080230713,0.5350898504257202,0.22340425848960876,-0.21862389147281647,0.999798059463501,0.540087878704071,0.22256311774253845,-0.21859046816825867,0.9998463988304138,0.5246042013168335,0.22464801371097565,-0.13823577761650085,0.9997879862785339,0.525029182434082,0.22428882122039795,-0.13821667432785034,0.9997497797012329,0.5256817936897278,0.2237965613603592,-0.13836151361465454,0.9997801780700684,0.5712324380874634,0.22260871529579163,-0.31940990686416626,0.99985271692276,0.5566511154174805,0.223691925406456,0.03265102952718735,0.999580442905426,0.5416463017463684,0.24409714341163635,-0.20258007943630219,0.999852180480957,0.533082127571106,0.24408824741840363,-0.10027197748422623,0.9997032880783081,0.6274272799491882,0.27161547541618347,-0.5409190654754639,0.9999881982803345,0.6150410771369934,0.2774973511695862,0.3264874219894409,0.9992896914482117,0.6074711084365845,0.35534408688545227,-0.5724296569824219,0.9964421391487122,0.6092678308486938,0.36146193742752075,0.4111662209033966,0.0785541757941246,0.5065950155258179,0.4159674346446991,-0.42309609055519104,0.985857367515564,0.533595085144043,0.42287424206733704,0.22115935385227203,0.10248193144798279,0.48834991455078125,0.4379372298717499,-0.48964929580688477,0.9698067903518677,0.5170983672142029,0.44084376096725464,0.21397636830806732,0.10376439243555069,0.47478845715522766,0.4351108968257904,-0.48319756984710693,0.9673294425010681,0.5023844838142395,0.43864262104034424,0.1431187391281128,0.1051516905426979,0.4823444187641144,0.42664289474487305,-0.4128826856613159,0.9480318427085876,0.5111079216003418,0.43280839920043945,0.18369083106517792,0.10558517277240753,0.7050729393959045,0.41749146580696106,-0.2557016611099243,0.9985519051551819,0.6783273220062256,0.4182446300983429,0.25546571612358093,0.9962216019630432,0.6214048266410828,0.5368652939796448,-0.2222464233636856,0.9401232004165649,0.6220408082008362,0.5332921743392944,0.3445580005645752,0.30033233761787415,0.6423110961914062,0.6594539284706116,-0.11957691609859467,0.9267857074737549,0.6406761407852173,0.6465713977813721,0.48970168828964233,0.38717496395111084,0.6738308668136597,0.6819758415222168,-0.11929696798324585,0.8986961841583252,0.6662052273750305,0.667868435382843,0.494009405374527,0.4549502432346344,0.5294153690338135,0.6859598159790039,-0.29978135228157043,0.9102499485015869,0.5355491042137146,0.6719170808792114,0.36703187227249146,0.501375138759613
161,squat,1,0.5178291201591492,0.2352837175130844,-0.021080821752548218,0.9998242855072021,0.5284856557846069,0.22386538982391357,-0.07117056846618652,0.999799370765686,0.5334311127662659,0.22323690354824066,-0.0712381973862648,0.9998115301132202,0.5384243726730347,0.22251109778881073,-0.07121258229017258,0.9998565912246704,0.5233879089355469,0.2240547239780426,0.013207545503973961,0.9998026490211487,0.5241993069648743,0.22366666793823242,0.013252202421426773,0.9997676610946655,0.5252184867858887,0.2231617122888565,0.013138195499777794,0.9997962713241577,0.5694229602813721,0.22309182584285736,-0.19865451753139496,0.9998607635498047,0.5566203594207764,0.22370664775371552,0.17144857347011566,0.9996117949485779,0.5373168587684631,0.24401554465293884,-0.060875631868839264,0.9998607635498047,0.5303446054458618,0.24393339455127716,0.04675360769033432,0.9997208118438721,0.6136948466300964,0.2727716863155365,-0.4592951536178589,0.9999889135360718,0.6166420578956604,0.280312716960907,0.46689942479133606,0.9993483424186707,0.5755670070648193,0.3548872172832489,-0.5290210247039795,0.9966443181037903,0.5999335050582886,0.3628375828266144,0.5804890990257263,0.09480804949998856,0.43648645281791687,0.3959572911262512,-0.39136677980422974,0.9869588017463684,0.49832600355148315,0.41746801137924194,0.4112171232700348,0.13693934679031372,0.4100106954574585,0.41694605350494385,-0.46282759308815,0.972080409526825,0.4809032678604126,0.4376586675643921,0.41450828313827515,0.1348056048154831,0.4045480489730835,0.41488441824913025,-0.4450662136077881,0.9697703719139099,0.46639588475227356,0.433951199054718,0.3456890285015106,0.13649733364582062,0.41679778695106506,0.405975341796875,-0.37557464838027954,0.9516411423683167,0.4717891216278076,0.42539042234420776,0.37536007165908813,0.1360081285238266,0.708318829536438,0.4174947142601013,-0.2649684548377991,0.9986172914505005,0.6943225264549255,0.418753981590271,0.2646782696247101,0.9964441061019897,0.6215384602546692,0.5371049046516418,-0.21892958879470825,0.9423790574073792,0.6220057010650635,0.5338347554206848,0.3323887586593628,0.3099755644798279,0.6424074172973633,0.6597718000411987,-0.09574029594659805,0.9298744797706604,0.6405235528945923,0.6465596556663513,0.45729824900627136,0.4020178020000458,0.6734658479690552,0.6820306181907654,-0.09084037691354752,0.9026840925216675,0.6653572916984558,0.6678776741027832,0.4605429172515869,0.4707968235015869,0.5307949781417847,0.6851858496665955,-0.22909599542617798,0.9136158227920532,0.5375190377235413,0.6708824038505554,0.34422188997268677,0.5169417262077332
162,squat,1,0.5159496068954468,0.23529523611068726,0.022439977154135704,0.9998230338096619,0.5277784466743469,0.22390013933181763,-0.02935277670621872,0.9997997879981995,0.5324328541755676,0.22330372035503387,-0.029451584443449974,0.999811053276062,0.5373056530952454,0.22257091104984283,-0.02945631928741932,0.99985671043396,0.5230764150619507,0.2240685671567917,0.05473531410098076,0.9998037815093994,0.5240547060966492,0.22370509803295135,0.054745398461818695,0.9997709393501282,0.5251976847648621,0.2232232540845871,0.05462474748492241,0.999801516532898,0.56721031665802,0.22412969172000885,-0.16664530336856842,0.9998548626899719,0.5565868020057678,0.2241419553756714,0.20385204255580902,0.9996227025985718,0.5341171026229858,0.24404951930046082,-0.020694071426987648,0.9998565912246704,0.5285784602165222,0.24395336210727692,0.08721653372049332,0.999710738658905,0.6030787229537964,0.2735700309276581,-0.4271987974643707,0.9999890923500061,0.6188848614692688,0.28240689635276794,0.49385496973991394,0.9993887543678284,0.5538341403007507,0.3512950539588928,-0.4923684597015381,0.9967517852783203,0.5949680209159851,0.36469027400016785,0.6239836812019348,0.10855691134929657,0.4069249927997589,0.3821413516998291,-0.35339316725730896,0.987821638584137,0.4812832176685333,0.40816688537597656,0.4851819574832916,0.1653088927268982,0.38128671050071716,0.40018266439437866,-0.41919565200805664,0.9739254713058472,0.45888179540634155,0.42831557989120483,0.4970431923866272,0.16036023199558258,0.3768445551395416,0.39677417278289795,-0.3931897282600403,0.9717311263084412,0.4496748745441437,0.4255466163158417,0.42854851484298706,0.16226711869239807,0.3900773227214813,0.3890053331851959,-0.33433446288108826,0.954500138759613,0.455282986164093,0.41687577962875366,0.4501490294933319,0.16153647005558014,0.7108867168426514,0.4176991283893585,-0.26849743723869324,0.9986345171928406,0.7061483860015869,0.4199741780757904,0.26822423934936523,0.9965242147445679,0.6217265725135803,0.537591278553009,-0.21676336228847504,0.9440730214118958,0.6220406889915466,0.5340249538421631,0.32578662037849426,0.31290194392204285,0.6419592499732971,0.6598780155181885,-0.09577874839305878,0.9323470592498779,0.6415735483169556,0.6459307074546814,0.4542827606201172,0.4105909466743469,0.6727434992790222,0.6819165945053101,-0.09079507738351822,0.9060272574424744,0.6657015681266785,0.6665565967559814,0.4581312835216522,0.483599990606308,0.5309494137763977,0.6852207779884338,-0.22569891810417175,0.9161341190338135,0.543245255947113,0.6704335808753967,0.3311666250228882,0.5282298922538757
163,squat,1,0.5149330496788025,0.23534788191318512,-0.02582923322916031,0.9997947216033936,0.5276618003845215,0.22397859394550323,-0.07596524804830551,0.9997736215591431,0.5322628617286682,0.2233581244945526,-0.07605880498886108,0.9997817277908325,0.5371412634849548,0.2226005643606186,-0.07608559727668762,0.9998354315757751,0.5230145454406738,0.22415153682231903,0.0055746412836015224,0.999778687953949,0.5240281820297241,0.22379572689533234,0.005597287323325872,0.9997465014457703,0.5251702666282654,0.22331243753433228,0.005481560714542866,0.9997856020927429,0.566144585609436,0.2253907173871994,-0.1999814510345459,0.9998177289962769,0.5564242005348206,0.22502495348453522,0.15857434272766113,0.9995927214622498,0.5316383242607117,0.24417853355407715,-0.06457698345184326,0.9998272061347961,0.5261263847351074,0.24399487674236298,0.039990074932575226,0.9996587634086609,0.5955401659011841,0.27738791704177856,-0.44581592082977295,0.9999868273735046,0.619543731212616,0.2840571105480194,0.4488399922847748,0.9994102716445923,0.533153772354126,0.351365327835083,-0.4847709834575653,0.99652498960495,0.5729720592498779,0.3640047013759613,0.5565121173858643,0.1254580169916153,0.39127588272094727,0.37541937828063965,-0.296121746301651,0.9877834320068359,0.4548729360103607,0.39630016684532166,0.40959131717681885,0.19392140209674835,0.3661770522594452,0.39045003056526184,-0.360432893037796,0.9741166234016418,0.42302045226097107,0.41127288341522217,0.4234412610530853,0.1863957941532135,0.35982397198677063,0.38515186309814453,-0.3373010456562042,0.9719581604003906,0.41723525524139404,0.4087944030761719,0.36407098174095154,0.18877430260181427,0.37107470631599426,0.3798072040081024,-0.27867698669433594,0.9546589255332947,0.4262792766094208,0.4018665850162506,0.3770371377468109,0.18835194408893585,0.7154775857925415,0.41960278153419495,-0.26889652013778687,0.9985994100570679,0.7101069092750549,0.42104727029800415,0.26869529485702515,0.9965337514877319,0.6217674016952515,0.5377365350723267,-0.22469474375247955,0.9455957412719727,0.6213582158088684,0.5342978835105896,0.34814125299453735,0.3107009530067444,0.6413297057151794,0.6598928570747375,-0.10602698475122452,0.9355480074882507,0.6381551623344421,0.6464335322380066,0.4567658603191376,0.41893696784973145,0.6716733574867249,0.6817756295204163,-0.09979100525379181,0.9108414649963379,0.6611316800117493,0.6668055057525635,0.4599619507789612,0.49491041898727417,0.5309446454048157,0.6852184534072876,-0.23252016305923462,0.9196853637695312,0.5408522486686707,0.6707524657249451,0.3631647229194641,0.5399500131607056
164,squat,1,0.5133047103881836,0.2353958785533905,-0.04009139910340309,0.9997118711471558,0.5272850394248962,0.22425702214241028,-0.08447190374135971,0.9997009634971619,0.5318060517311096,0.22382119297981262,-0.08468321710824966,0.9996949434280396,0.5365435481071472,0.22330035269260406,-0.08493510633707047,0.999770998954773,0.5229158401489258,0.22433218359947205,-0.012304791249334812,0.9997144937515259,0.5239871144294739,0.22407715022563934,-0.012485837563872337,0.9996841549873352,0.5251504778862,0.22369781136512756,-0.012616578489542007,0.9997501373291016,0.5643603801727295,0.22820590436458588,-0.2108777016401291,0.999710202217102,0.5563230514526367,0.22736023366451263,0.13817629218101501,0.9995316863059998,0.5272190570831299,0.24502599239349365,-0.07356008887290955,0.9997165203094482,0.5218857526779175,0.2447807341814041,0.021316424012184143,0.9995239973068237,0.5903880000114441,0.28400275111198425,-0.43677982687950134,0.999959409236908,0.6192144155502319,0.2867308259010315,0.3963826298713684,0.9993666410446167,0.5148433446884155,0.354499489068985,-0.4161844253540039,0.9945181608200073,0.5450883507728577,0.36395004391670227,0.435759574174881,0.13652536273002625,0.38063451647758484,0.3624160885810852,-0.16747790575027466,0.9821093082427979,0.4172794818878174,0.371062308549881,0.20933286845684052,0.20561930537223816,0.3587646782398224,0.3670032024383545,-0.2206321507692337,0.9664390683174133,0.39141497015953064,0.373695433139801,0.20591242611408234,0.19793035089969635,0.3583362400531769,0.361137330532074,-0.18900306522846222,0.9639913439750671,0.38468220829963684,0.3701111674308777,0.14005696773529053,0.20082278549671173,0.3666246831417084,0.35992830991744995,-0.1473071575164795,0.9440665245056152,0.391536146402359,0.36886611580848694,0.17315621674060822,0.20140761137008667,0.7263235449790955,0.4249788522720337,-0.26558929681777954,0.9984136819839478,0.7200429439544678,0.4245619475841522,0.2656354010105133,0.9963778257369995,0.6215794086456299,0.5379032492637634,-0.22773684561252594,0.9478451609611511,0.6197282671928406,0.5343133807182312,0.3458347022533417,0.30294498801231384,0.6393958330154419,0.6590397357940674,-0.1057937890291214,0.9394100308418274,0.6368658542633057,0.6464366912841797,0.4857512414455414,0.4256393611431122,0.6694409251213074,0.6815142631530762,-0.09834031760692596,0.9163647890090942,0.6580229997634888,0.666867733001709,0.49297064542770386,0.504225492477417,0.5297529697418213,0.684604823589325,-0.22430633008480072,0.9240602254867554,0.5381576418876648,0.6709542274475098,0.406945139169693,0.5487364530563354
165,squat,1,0.5117964744567871,0.23711234331130981,-0.05223023146390915,0.9997028112411499,0.5271284580230713,0.2260834276676178,-0.09797457605600357,0.9996981620788574,0.5314087867736816,0.22603626549243927,-0.09812135249376297,0.9996895790100098,0.5357706546783447,0.22598306834697723,-0.0982585921883583,0.9997667670249939,0.5229021906852722,0.22592419385910034,-0.02283060923218727,0.9997151494026184,0.5240024328231812,0.2257395088672638,-0.02291170135140419,0.9996874928474426,0.525240957736969,0.22548362612724304,-0.023040475323796272,0.9997568726539612,0.5629231929779053,0.2325531244277954,-0.2176278531551361,0.9997039437294006,0.556394100189209,0.23094184696674347,0.1300821751356125,0.99954754114151,0.522932767868042,0.2478332668542862,-0.08604384958744049,0.9996966123580933,0.5182656645774841,0.2475244253873825,0.011774903163313866,0.9995086193084717,0.5852023363113403,0.28867045044898987,-0.43499407172203064,0.9999393224716187,0.618452787399292,0.29000815749168396,0.3956606090068817,0.9993564486503601,0.5037384033203125,0.3562133312225342,-0.3707239031791687,0.9923582077026367,0.529069721698761,0.3633754551410675,0.41278019547462463,0.15092645585536957,0.37866079807281494,0.3593060076236725,-0.03723997622728348,0.9732476472854614,0.40422478318214417,0.36143073439598083,0.16545937955379486,0.21869821846485138,0.35746392607688904,0.36199989914894104,-0.07694773375988007,0.954609215259552,0.3776490092277527,0.3604319393634796,0.16017264127731323,0.20900781452655792,0.35767585039138794,0.35590648651123047,-0.051611896604299545,0.9515625238418579,0.37256330251693726,0.3564469516277313,0.10112563520669937,0.2123742401599884,0.3663676381111145,0.35509952902793884,-0.016869856044650078,0.928778350353241,0.38306427001953125,0.3567715883255005,0.1311754435300827,0.21401041746139526,0.7319915294647217,0.4287013113498688,-0.2644079923629761,0.998389482498169,0.7282665371894836,0.4277745485305786,0.26464182138442993,0.9964669942855835,0.6202871203422546,0.5379036068916321,-0.24669402837753296,0.9512222409248352,0.6196147799491882,0.5339739918708801,0.38281193375587463,0.3055712580680847,0.6389805674552917,0.6590559482574463,-0.14231257140636444,0.9438723921775818,0.6362813711166382,0.6463168263435364,0.5465551018714905,0.44250741600990295,0.6694765090942383,0.681751549243927,-0.1377553790807724,0.9219757318496704,0.6576659083366394,0.6669501066207886,0.5564010143280029,0.5195384621620178,0.5308364629745483,0.6834316849708557,-0.26146402955055237,0.9290980100631714,0.5380257964134216,0.670733630657196,0.48540541529655457,0.5643222332000732
166,squat,1,0.5097948312759399,0.23851878941059113,-0.07009747624397278,0.999722421169281,0.5266292095184326,0.22807130217552185,-0.12307433784008026,0.9997199177742004,0.5306755304336548,0.2282397747039795,-0.12313232570886612,0.9997121691703796,0.5349430441856384,0.22848893702030182,-0.1232583075761795,0.9997832775115967,0.5228739380836487,0.22780458629131317,-0.04356949403882027,0.9997369050979614,0.5239879488945007,0.22769764065742493,-0.04364435747265816,0.9997121095657349,0.52531498670578,0.2275906354188919,-0.04367104917764664,0.9997766017913818,0.561689555644989,0.23576924204826355,-0.24232898652553558,0.9997256994247437,0.5563749670982361,0.23387207090854645,0.114275261759758,0.9995853900909424,0.5193771719932556,0.2500624656677246,-0.1076865941286087,0.9997138381004333,0.5153330564498901,0.249881774187088,-0.00521899713203311,0.9995409250259399,0.5812911987304688,0.29372769594192505,-0.44175130128860474,0.9999242424964905,0.6147615313529968,0.29331186413764954,0.3718712627887726,0.9993764758110046,0.4927760064601898,0.3572660982608795,-0.3136586546897888,0.9894462823867798,0.5089718699455261,0.36438098549842834,0.33762767910957336,0.17382921278476715,0.3943287432193756,0.35298407077789307,0.14545205235481262,0.9591843485832214,0.40655022859573364,0.35374313592910767,0.05742144584655762,0.24025486409664154,0.3657325506210327,0.35267993807792664,0.12805543839931488,0.9372369647026062,0.3750475347042084,0.35150882601737976,0.04196835681796074,0.22729095816612244,0.3691631853580475,0.34742382168769836,0.13108094036579132,0.933476984500885,0.37356191873550415,0.34770166873931885,0.0011166344629600644,0.2310560792684555,0.379176527261734,0.34772512316703796,0.16029204428195953,0.9089183807373047,0.3839678466320038,0.3486979901790619,0.028777142986655235,0.23283085227012634,0.7389366030693054,0.43133723735809326,-0.2526889741420746,0.9984481334686279,0.728512167930603,0.42957764863967896,0.25308817625045776,0.9966890811920166,0.6181427240371704,0.5384286642074585,-0.26017582416534424,0.9549810886383057,0.6177154779434204,0.5336450338363647,0.3736514747142792,0.3263821303844452,0.6389595866203308,0.6592407822608948,-0.19525961577892303,0.9482547044754028,0.6342780590057373,0.6460374593734741,0.5362388491630554,0.46781399846076965,0.6717091798782349,0.6822652816772461,-0.19495269656181335,0.9271305203437805,0.6568267345428467,0.6664848923683167,0.5467687249183655,0.5371822118759155,0.5307541489601135,0.6834980249404907,-0.31894823908805847,0.9340741038322449,0.5359594821929932,0.6705749034881592,0.4872194826602936,0.5846161842346191
167,squat,1,0.5070488452911377,0.2415211796760559,-0.0798184797167778,0.9997483491897583,0.5246835350990295,0.23191595077514648,-0.1331845223903656,0.999746561050415,0.5283465385437012,0.2320578396320343,-0.13320273160934448,0.9997397065162659,0.5322034955024719,0.23229582607746124,-0.13333791494369507,0.999803900718689,0.5219289660453796,0.23165632784366608,-0.05239047855138779,0.9997620582580566,0.5233722925186157,0.23157064616680145,-0.05245279520750046,0.9997397065162659,0.5249444246292114,0.23149287700653076,-0.0524388812482357,0.9997979998588562,0.5573515295982361,0.23958472907543182,-0.2457691878080368,0.9997519850730896,0.5550576448440552,0.23803971707820892,0.10991136729717255,0.9996252059936523,0.5149528384208679,0.25296640396118164,-0.11633358895778656,0.9997398853302002,0.512128472328186,0.25292378664016724,-0.013475782237946987,0.9995832443237305,0.5751564502716064,0.2991316020488739,-0.4408230483531952,0.9999243021011353,0.6143401265144348,0.2984567880630493,0.37212419509887695,0.9994043111801147,0.47548606991767883,0.3651769161224365,-0.33722737431526184,0.9884065389633179,0.5056292414665222,0.366044819355011,0.23090963065624237,0.18682390451431274,0.3739793300628662,0.3428340554237366,0.11403816938400269,0.9560388922691345,0.397452712059021,0.34515148401260376,-0.17666307091712952,0.25370490550994873,0.3480217754840851,0.3387335240840912,0.10265528410673141,0.933219313621521,0.36496829986572266,0.3383018672466278,-0.20521345734596252,0.23853053152561188,0.3554241359233856,0.3336804211139679,0.10749094188213348,0.9289676547050476,0.3684934377670288,0.3351038098335266,-0.21867938339710236,0.2409391701221466,0.3669801950454712,0.33523258566856384,0.1317497342824936,0.9031543731689453,0.38000524044036865,0.3373025059700012,-0.1973390281200409,0.2418965846300125,0.7418384552001953,0.4329970180988312,-0.24477338790893555,0.9985828995704651,0.7342217564582825,0.43082395195961,0.24531549215316772,0.9969848394393921,0.6148172616958618,0.5395628213882446,-0.2815817892551422,0.9590439796447754,0.6159021854400635,0.5334475636482239,0.42029666900634766,0.34792986512184143,0.638891875743866,0.6594581604003906,-0.2678070366382599,0.952853262424469,0.6331753730773926,0.6459649205207825,0.6434895396232605,0.4970274269580841,0.6723156571388245,0.682393491268158,-0.2724096477031708,0.9331163763999939,0.6569913029670715,0.6651672124862671,0.6602185368537903,0.5574609637260437,0.529364287853241,0.6835067272186279,-0.40130919218063354,0.9396983981132507,0.5342290997505188,0.669705331325531,0.6071303486824036,0.6088079810142517
168,squat,1,0.5021366477012634,0.2494579553604126,-0.07983329892158508,0.9997730851173401,0.5198191404342651,0.23962078988552094,-0.13366083800792694,0.9997715950012207,0.5232895612716675,0.2395804077386856,-0.13364778459072113,0.9997654557228088,0.526910662651062,0.23965990543365479,-0.13376273214817047,0.999823272228241,0.5182626247406006,0.23931457102298737,-0.052393101155757904,0.9997855424880981,0.5203564167022705,0.23904114961624146,-0.05244915187358856,0.9997653961181641,0.5225465893745422,0.23878687620162964,-0.05242341756820679,0.9998179078102112,0.5518211126327515,0.2460390329360962,-0.24687336385250092,0.9997764229774475,0.5512130856513977,0.2446727752685547,0.10981712490320206,0.9996622204780579,0.5094979405403137,0.2600005269050598,-0.1165907010436058,0.9997650384902954,0.5074330568313599,0.26000115275382996,-0.01347124483436346,0.9996238946914673,0.567751407623291,0.3043510913848877,-0.4400564730167389,0.9999287128448486,0.6064414978027344,0.30776819586753845,0.37496888637542725,0.9994444847106934,0.4329703450202942,0.36468228697776794,-0.3079819083213806,0.9882572889328003,0.4805891811847687,0.3687349855899811,0.27890336513519287,0.21527479588985443,0.3771611452102661,0.33196282386779785,0.19532957673072815,0.9562049508094788,0.3877190053462982,0.3350488245487213,-0.033268414437770844,0.2723221182823181,0.35585030913352966,0.32377904653549194,0.18868336081504822,0.9331621527671814,0.3590586483478546,0.32487809658050537,-0.048397816717624664,0.25073570013046265,0.3703775107860565,0.32090869545936584,0.1779397875070572,0.9287226796150208,0.36972689628601074,0.3219882845878601,-0.056473925709724426,0.2517203390598297,0.38018131256103516,0.3237565755844116,0.20732754468917847,0.9028407335281372,0.3834383487701416,0.32558929920196533,-0.04860452190041542,0.25172457098960876,0.7440316677093506,0.4351245164871216,-0.24381408095359802,0.9987101554870605,0.743859589099884,0.43400031328201294,0.2443481981754303,0.9972657561302185,0.612175703048706,0.5400932431221008,-0.280585914850235,0.9627221822738647,0.6145042777061462,0.5334075689315796,0.407758891582489,0.3757873773574829,0.6379988789558411,0.6595641374588013,-0.27031928300857544,0.9570297598838806,0.6323385834693909,0.6458203792572021,0.6080188155174255,0.5269255042076111,0.6705273389816284,0.6828762888908386,-0.2748750150203705,0.938662052154541,0.6561301946640015,0.6645690202713013,0.6220343112945557,0.5793988704681396,0.5284799933433533,0.6820381283760071,-0.39308303594589233,0.9449052810668945,0.532131016254425,0.6678024530410767,0.5693569779396057,0.6331098675727844
169,squat,1,0.4956621825695038,0.252188116312027,-0.08278346806764603,0.9997952580451965,0.513644814491272,0.24275146424770355,-0.13690148293972015,0.999794065952301,0.5169052481651306,0.24274881184101105,-0.13684044778347015,0.9997885823249817,0.5203757286071777,0.24279946088790894,-0.13693411648273468,0.9998406767845154,0.5126678943634033,0.24229364097118378,-0.05646815523505211,0.9998066425323486,0.5151001214981079,0.24198734760284424,-0.056504733860492706,0.9997884631156921,0.5176950693130493,0.24168749153614044,-0.05642297863960266,0.9998357892036438,0.546603262424469,0.24928486347198486,-0.24716803431510925,0.9997982978820801,0.5471832752227783,0.24802137911319733,0.10500746965408325,0.999695360660553,0.5033283233642578,0.26346373558044434,-0.118463434278965,0.9997872710227966,0.5015682578086853,0.26316505670547485,-0.01629701256752014,0.9996601939201355,0.5635263323783875,0.3093109130859375,-0.4420680105686188,0.9999330043792725,0.6021676063537598,0.31618747115135193,0.37616854906082153,0.9994780421257019,0.41197893023490906,0.36365050077438354,-0.3203226327896118,0.9883989691734314,0.4686155915260315,0.3707837164402008,0.31444817781448364,0.23647794127464294,0.36988139152526855,0.32540363073349,0.16536493599414825,0.9562205076217651,0.3941522538661957,0.33600208163261414,0.03387921676039696,0.28032833337783813,0.35182422399520874,0.31532809138298035,0.14915995299816132,0.9328376650810242,0.3688030242919922,0.32278624176979065,0.02168910577893257,0.25390157103538513,0.36818626523017883,0.31374767422676086,0.13960900902748108,0.9282848834991455,0.3790384531021118,0.3210384249687195,0.011056739836931229,0.2535964548587799,0.37796446681022644,0.31759893894195557,0.1763216257095337,0.9021475315093994,0.39074593782424927,0.32475513219833374,0.019278328865766525,0.25213196873664856,0.7464075684547424,0.4370412528514862,-0.2452748715877533,0.9988295435905457,0.7489644289016724,0.43696191906929016,0.2459789663553238,0.9975229501724243,0.609073281288147,0.5409473180770874,-0.2913013994693756,0.9660089015960693,0.612531840801239,0.5337846279144287,0.4129158854484558,0.39591994881629944,0.6380079388618469,0.659734308719635,-0.28009459376335144,0.9608692526817322,0.6319848895072937,0.6455763578414917,0.6304737329483032,0.5526103973388672,0.6705319285392761,0.6830856800079346,-0.28319743275642395,0.9438149333000183,0.6539172530174255,0.6625770926475525,0.6471335887908936,0.5988026857376099,0.5283860564231873,0.6819012761116028,-0.4018871784210205,0.9497479200363159,0.531130313873291,0.6673412322998047,0.5977620482444763,0.6549944281578064
170,squat,1,0.49184736609458923,0.2547486424446106,-0.05976606160402298,0.9998154044151306,0.5096187591552734,0.24641093611717224,-0.1134357675909996,0.9998143911361694,0.5130351781845093,0.24661463499069214,-0.11329780519008636,0.9998095035552979,0.516568660736084,0.24682527780532837,-0.11336074769496918,0.9998564124107361,0.5088096857070923,0.24568700790405273,-0.03687947243452072,0.9998257160186768,0.5114831328392029,0.24549762904644012,-0.03691685199737549,0.9998093843460083,0.5144375562667847,0.24535980820655823,-0.03680703416466713,0.9998520016670227,0.543401300907135,0.25361278653144836,-0.21882179379463196,0.9998181462287903,0.5447739958763123,0.25229060649871826,0.11516920477151871,0.9997255802154541,0.4996395409107208,0.2666706442832947,-0.09409640729427338,0.999807596206665,0.49795177578926086,0.2656606435775757,0.0031960448250174522,0.9996934533119202,0.555324912071228,0.31557244062423706,-0.4141348898410797,0.9999374747276306,0.5936957001686096,0.32123368978500366,0.37848323583602905,0.9995177388191223,0.40658771991729736,0.36571019887924194,-0.27852708101272583,0.9889286756515503,0.4673473536968231,0.37357011437416077,0.3612442910671234,0.274538516998291,0.3763487637042999,0.3281340003013611,0.22051389515399933,0.9563314318656921,0.4031405746936798,0.3384706974029541,0.2106752097606659,0.2931199073791504,0.35862094163894653,0.31735286116600037,0.2103775143623352,0.9321712255477905,0.37656477093696594,0.32423660159111023,0.21561355888843536,0.25886768102645874,0.3741389214992523,0.315604567527771,0.20137900114059448,0.9273760914802551,0.3879215121269226,0.3230811655521393,0.2196827381849289,0.25713300704956055,0.3842189908027649,0.3197154700756073,0.2310217022895813,0.90156090259552,0.39842671155929565,0.32690146565437317,0.2057146430015564,0.254866361618042,0.7499240040779114,0.43997108936309814,-0.2472425103187561,0.9989378452301025,0.7515016794204712,0.43921756744384766,0.24806159734725952,0.9977577328681946,0.6038558483123779,0.5418746471405029,-0.29501429200172424,0.96904456615448,0.6086163520812988,0.5347049236297607,0.38355863094329834,0.4128020703792572,0.635051965713501,0.6618800759315491,-0.2831878662109375,0.9643415212631226,0.6281773447990417,0.6460676789283752,0.5875527858734131,0.5744645595550537,0.6696787476539612,0.6838346123695374,-0.2830126881599426,0.9486493468284607,0.6521313786506653,0.6627596020698547,0.6124225854873657,0.6162078976631165,0.5271291732788086,0.6824648976325989,-0.37284958362579346,0.9541257619857788,0.5270784497261047,0.6673739552497864,0.5352431535720825,0.6731085181236267
171,squat,1,0.4886244237422943,0.25951525568962097,0.013787164352834225,0.9998337030410767,0.5054610371589661,0.2510511875152588,-0.03790043666958809,0.999832808971405,0.5088222622871399,0.2513892948627472,-0.03773331642150879,0.9998283982276917,0.5125845670700073,0.25169092416763306,-0.03778918460011482,0.9998706579208374,0.505544126033783,0.2503426969051361,0.03929188475012779,0.9998430013656616,0.5085748434066772,0.25029101967811584,0.039270032197237015,0.9998282790184021,0.5121041536331177,0.250284343957901,0.0393524132668972,0.9998667240142822,0.5398296117782593,0.2583687901496887,-0.14633166790008545,0.9998360276222229,0.5427946448326111,0.2570659816265106,0.19187968969345093,0.9997528791427612,0.49509134888648987,0.2710065543651581,-0.022762157022953033,0.9998260140419006,0.4945153295993805,0.2703603208065033,0.07607512176036835,0.9997235536575317,0.5522487163543701,0.32031384110450745,-0.33874815702438354,0.9999418258666992,0.5938672423362732,0.32700249552726746,0.45389482378959656,0.9995571970939636,0.40091291069984436,0.3656170070171356,-0.20402297377586365,0.9892330765724182,0.46962687373161316,0.3750897943973541,0.5314486026763916,0.31549587845802307,0.37688297033309937,0.3270339071750641,0.28560152649879456,0.9546282887458801,0.407808393239975,0.3392106592655182,0.47244322299957275,0.3094313144683838,0.35998573899269104,0.31450167298316956,0.2810545265674591,0.9289800524711609,0.38310936093330383,0.3250401020050049,0.4902239143848419,0.2653304636478424,0.37590211629867554,0.3128530979156494,0.2744653522968292,0.9233254790306091,0.3934611678123474,0.3229013979434967,0.4941836893558502,0.26167309284210205,0.3862176835536957,0.3176654279232025,0.29662877321243286,0.8975872993469238,0.4034881889820099,0.327248752117157,0.4693608582019806,0.2578546106815338,0.7521905303001404,0.4419105052947998,-0.2545902729034424,0.9990403056144714,0.75700843334198,0.441872775554657,0.2553079128265381,0.997974693775177,0.6007115840911865,0.5417977571487427,-0.3723689317703247,0.9718358516693115,0.6086467504501343,0.5348889231681824,0.3694341778755188,0.4274772107601166,0.6348392963409424,0.6637524366378784,-0.43340641260147095,0.9675395488739014,0.6283519268035889,0.6474711894989014,0.5238989591598511,0.5924955010414124,0.6682801842689514,0.6850827932357788,-0.43673262000083923,0.9532402157783508,0.6523807048797607,0.6643180847167969,0.5406650900840759,0.6312023997306824,0.5271397829055786,0.6847900152206421,-0.5101137161254883,0.9582197070121765,0.5271223187446594,0.6691403388977051,0.5329389572143555,0.6883672475814819
172,squat,1,0.48571065068244934,0.2663606107234955,0.003320828778669238,0.9998501539230347,0.5022374391555786,0.25785550475120544,-0.0477634035050869,0.9998493790626526,0.5058250427246094,0.25807279348373413,-0.04760070517659187,0.9998453855514526,0.5098473429679871,0.25819146633148193,-0.047654662281274796,0.9998834729194641,0.5020132660865784,0.2570868730545044,0.027784323319792747,0.999858558177948,0.5049884915351868,0.25693023204803467,0.02774999290704727,0.9998452663421631,0.5085567235946655,0.2567608952522278,0.02780824899673462,0.9998799562454224,0.5371960401535034,0.26442950963974,-0.15321557223796844,0.9998520612716675,0.5397002100944519,0.26320740580558777,0.1777666062116623,0.9997774362564087,0.4921781122684479,0.27739596366882324,-0.03231780230998993,0.9998425841331482,0.4916140139102936,0.2769584059715271,0.06446722894906998,0.9997506737709045,0.5523290634155273,0.32536759972572327,-0.33887621760368347,0.9999458193778992,0.5914515852928162,0.33344507217407227,0.43522077798843384,0.9995920658111572,0.3911230266094208,0.36580783128738403,-0.2070392519235611,0.989619255065918,0.46094945073127747,0.37793684005737305,0.49093639850616455,0.35332971811294556,0.37604179978370667,0.3257608711719513,0.2799593210220337,0.9520777463912964,0.4059971570968628,0.3406052887439728,0.4161495864391327,0.31862810254096985,0.3609883487224579,0.31394973397254944,0.27697840332984924,0.9243602156639099,0.38355711102485657,0.32624319195747375,0.42982757091522217,0.2665553390979767,0.37782132625579834,0.31178587675094604,0.2692749798297882,0.9177443981170654,0.39440590143203735,0.3229351043701172,0.43878278136253357,0.26129117608070374,0.38765984773635864,0.3162582516670227,0.2899882197380066,0.8924723267555237,0.4038780927658081,0.3271971642971039,0.414453387260437,0.256612092256546,0.7573850750923157,0.44545790553092957,-0.25485000014305115,0.9991335868835449,0.759190559387207,0.4455872178077698,0.25552642345428467,0.9981719851493835,0.5972716808319092,0.5417625904083252,-0.366768479347229,0.9742757678031921,0.6054480075836182,0.5348928570747375,0.35138818621635437,0.43730318546295166,0.6351597905158997,0.66469806432724,-0.42341575026512146,0.9703624844551086,0.6268510818481445,0.6474342346191406,0.5018928647041321,0.6052922010421753,0.6684825420379639,0.6850312352180481,-0.4263782501220703,0.9572986364364624,0.6523650288581848,0.6645655632019043,0.5163888931274414,0.6429916024208069,0.5281082987785339,0.6859636306762695,-0.49818605184555054,0.9618550539016724,0.5273162722587585,0.6691712141036987,0.5229588150978088,0.7001242637634277
173,squat,1,0.4839676022529602,0.2712443470954895,0.0020388925913721323,0.9998649954795837,0.4996979534626007,0.2622593343257904,-0.047036848962306976,0.9998643398284912,0.5033693909645081,0.2624163031578064,-0.04686037451028824,0.9998607635498047,0.5074830651283264,0.2625334858894348,-0.046919334679841995,0.9998950362205505,0.4987068772315979,0.2617649734020233,0.02572060562670231,0.999872624874115,0.5012080669403076,0.2616001069545746,0.025681577622890472,0.9998606443405151,0.5043092370033264,0.26140597462654114,0.025760548189282417,0.9998918771743774,0.5347737669944763,0.2683362662792206,-0.14574359357357025,0.9998666644096375,0.5351241230964661,0.26702651381492615,0.17293895781040192,0.9997996091842651,0.49105197191238403,0.2819538712501526,-0.031928591430187225,0.9998577833175659,0.48988017439842224,0.28160956501960754,0.06137353926897049,0.999775230884552,0.5533801317214966,0.32849615812301636,-0.322018563747406,0.9999499320983887,0.5841606855392456,0.339877188205719,0.42584097385406494,0.9996246695518494,0.3918907344341278,0.3678162395954132,-0.19071753323078156,0.989987313747406,0.45503801107406616,0.3825266659259796,0.4587891399860382,0.390717476606369,0.3770771026611328,0.32552868127822876,0.2904157042503357,0.9478561878204346,0.4088658094406128,0.34292370080947876,0.3406928479671478,0.3227967917919159,0.36224856972694397,0.3146635591983795,0.28958573937416077,0.917107105255127,0.38394778966903687,0.32591259479522705,0.3479120433330536,0.26366645097732544,0.3792268931865692,0.31216171383857727,0.28334513306617737,0.9092116951942444,0.39539551734924316,0.3225821554660797,0.36437010765075684,0.25661200284957886,0.38909032940864563,0.3160512447357178,0.3008086383342743,0.8845399022102356,0.4059125483036041,0.32771849632263184,0.3405310809612274,0.25124454498291016,0.7605831027030945,0.44828206300735474,-0.25442975759506226,0.9992189407348633,0.7583404183387756,0.4492439925670624,0.25507327914237976,0.9983517527580261,0.5927436947822571,0.5417115092277527,-0.3703688681125641,0.9764987826347351,0.5998452305793762,0.5347940921783447,0.34712356328964233,0.44155532121658325,0.6355234384536743,0.6649373769760132,-0.4425765573978424,0.9729845523834229,0.6269854307174683,0.646004855632782,0.49765580892562866,0.6129936575889587,0.6686765551567078,0.6849831342697144,-0.4468272626399994,0.9610830545425415,0.6528904438018799,0.6645997762680054,0.511557400226593,0.6510524153709412,0.5270556211471558,0.6865996718406677,-0.5210036635398865,0.9652299284934998,0.5274319052696228,0.6678890585899353,0.5191233158111572,0.7086044549942017
174,squat,1,0.4826302230358124,0.2736457884311676,-0.004667546134442091,0.9998782277107239,0.4981065094470978,0.2648673355579376,-0.05291292071342468,0.9998777508735657,0.5017358064651489,0.26493600010871887,-0.05272914841771126,0.9998745322227478,0.5059536695480347,0.26506945490837097,-0.05279403552412987,0.9999054074287415,0.4966772496700287,0.2645277976989746,0.018003610894083977,0.9998852014541626,0.4988398849964142,0.2643124759197235,0.01797473058104515,0.9998744130134583,0.5015882849693298,0.2640785276889801,0.01805778406560421,0.9999025464057922,0.5326413512229919,0.2706585228443146,-0.14710727334022522,0.9998796582221985,0.5324186086654663,0.2692538797855377,0.16413596272468567,0.9998195171356201,0.49007460474967957,0.2841669023036957,-0.03698190674185753,0.9998711943626404,0.4883400797843933,0.2837578356266022,0.05403668433427811,0.9997971653938293,0.5526101589202881,0.3315678536891937,-0.3142736852169037,0.9999536275863647,0.5810681581497192,0.34064918756484985,0.4139825403690338,0.9996518492698669,0.390315979719162,0.37026315927505493,-0.18135815858840942,0.9904337525367737,0.4526263475418091,0.3846561312675476,0.45935022830963135,0.425911545753479,0.3761257827281952,0.32655346393585205,0.29578736424446106,0.9421279430389404,0.40860286355018616,0.34143948554992676,0.41721826791763306,0.31982508301734924,0.36010685563087463,0.3158365488052368,0.29616251587867737,0.907322108745575,0.3825020492076874,0.3244670331478119,0.43014585971832275,0.25576677918434143,0.37959176301956177,0.3135085105895996,0.2891310751438141,0.8980072736740112,0.3946245610713959,0.3214970827102661,0.4529165029525757,0.24770113825798035,0.3894536793231964,0.31744641065597534,0.305101603269577,0.8742547035217285,0.4061930477619171,0.32692626118659973,0.42127931118011475,0.2422359138727188,0.7624566555023193,0.4508265256881714,-0.25049352645874023,0.9992954730987549,0.7599684000015259,0.45048439502716064,0.25107330083847046,0.9985126256942749,0.5882744789123535,0.5418858528137207,-0.3503110706806183,0.9785363078117371,0.595207929611206,0.5348109602928162,0.32548514008522034,0.44531896710395813,0.6355355381965637,0.6649004220962524,-0.41471055150032043,0.9753531813621521,0.6266809105873108,0.6452298760414124,0.45264244079589844,0.6189601421356201,0.6687057018280029,0.6848422884941101,-0.4171184003353119,0.9645079970359802,0.6530004143714905,0.6641131043434143,0.46509048342704773,0.6570453643798828,0.5263013243675232,0.6870846748352051,-0.4800242781639099,0.9682536125183105,0.5275163054466248,0.6679796576499939,0.4540500044822693,0.7150697708129883
175,squat,1,0.48127660155296326,0.27643218636512756,-0.0034308682661503553,0.999890148639679,0.49706292152404785,0.2677000164985657,-0.05245461314916611,0.9998897910118103,0.5006579160690308,0.26775848865509033,-0.052253417670726776,0.9998869299888611,0.5048890709877014,0.2679215371608734,-0.05231660604476929,0.9999147057533264,0.49541541934013367,0.2674577534198761,0.018119730055332184,0.9998965263366699,0.49739450216293335,0.26727914810180664,0.01809418946504593,0.9998867511749268,0.499969482421875,0.2670837640762329,0.018186304718255997,0.9999121427536011,0.5305712819099426,0.27359312772750854,-0.14882704615592957,0.9998914003372192,0.5301305651664734,0.2720993757247925,0.16175627708435059,0.9998374581336975,0.4885954260826111,0.28703030943870544,-0.03595511242747307,0.999883234500885,0.48663491010665894,0.2868184745311737,0.054554469883441925,0.99981689453125,0.5521272420883179,0.3349817395210266,-0.32432159781455994,0.9999570250511169,0.5764633417129517,0.34466472268104553,0.4127240478992462,0.9996768832206726,0.38852617144584656,0.37321019172668457,-0.19823454320430756,0.9908980131149292,0.44938308000564575,0.38781455159187317,0.47254839539527893,0.4567210376262665,0.37246403098106384,0.32858243584632874,0.2785787880420685,0.9373257160186768,0.40478312969207764,0.3427170217037201,0.4365348219871521,0.3164384961128235,0.3581213057041168,0.3174152374267578,0.27717411518096924,0.8991314172744751,0.3807357847690582,0.32550084590911865,0.45181509852409363,0.24820247292518616,0.3792113959789276,0.3150361180305481,0.2702537775039673,0.888719379901886,0.39235350489616394,0.3222222328186035,0.4773871898651123,0.2392565757036209,0.3885299861431122,0.31889083981513977,0.288039892911911,0.8654324412345886,0.40303611755371094,0.32731738686561584,0.44155365228652954,0.23369643092155457,0.7642671465873718,0.45272907614707947,-0.25194963812828064,0.9993637204170227,0.760613739490509,0.45267772674560547,0.25255489349365234,0.9986566305160522,0.5871226191520691,0.5419961214065552,-0.35112810134887695,0.9803683161735535,0.5927749872207642,0.5351124405860901,0.32488206028938293,0.4491768479347229,0.6349508762359619,0.6648229360580444,-0.41476449370384216,0.9775189757347107,0.6264538764953613,0.6447033882141113,0.4667525291442871,0.6255338191986084,0.6674889326095581,0.6848067045211792,-0.4164649546146393,0.967633843421936,0.6530925035476685,0.6634485125541687,0.4806172251701355,0.6639321446418762,0.522491455078125,0.6878028512001038,-0.48082390427589417,0.9710274934768677,0.5275962948799133,0.6679889559745789,0.4594988524913788,0.7221082448959351
176,squat,1,0.4813355505466461,0.2801876366138458,0.0023466991260647774,0.9999008178710938,0.49730801582336426,0.27128762006759644,-0.0471033938229084,0.9999006390571594,0.5009325742721558,0.27144572138786316,-0.04688652232289314,0.9998980760574341,0.5051159262657166,0.27169930934906006,-0.046946119517087936,0.9999231100082397,0.4956699311733246,0.2710561752319336,0.023130111396312714,0.9999066591262817,0.4976990818977356,0.27096277475357056,0.023112444207072258,0.999897837638855,0.5003284811973572,0.2708556056022644,0.023218844085931778,0.9999207854270935,0.5304121375083923,0.27767685055732727,-0.14520397782325745,0.9999018907546997,0.5303052663803101,0.2762211859226227,0.16418495774269104,0.9998535513877869,0.48804858326911926,0.2910694479942322,-0.030969759449362755,0.9998939633369446,0.4862181544303894,0.2912362515926361,0.05925336852669716,0.9998345375061035,0.5514270067214966,0.339363157749176,-0.3228245973587036,0.99996018409729,0.5769444704055786,0.34768596291542053,0.4129464030265808,0.9996971487998962,0.38563206791877747,0.37553101778030396,-0.2021348923444748,0.9913164377212524,0.44755658507347107,0.38912275433540344,0.5023910999298096,0.4817022979259491,0.37279289960861206,0.3305588364601135,0.27589643001556396,0.9312324523925781,0.40295466780662537,0.34394970536231995,0.49964356422424316,0.30880048871040344,0.3597128391265869,0.3198423981666565,0.2754799425601959,0.8887295126914978,0.38008955121040344,0.3277791440486908,0.5199578404426575,0.23857462406158447,0.3796628415584564,0.3176768720149994,0.26815271377563477,0.8771699070930481,0.39132893085479736,0.3247704803943634,0.5456105470657349,0.22928383946418762,0.38877004384994507,0.32137763500213623,0.2847469449043274,0.8545211553573608,0.4016912579536438,0.3295588493347168,0.5051671266555786,0.2238113135099411,0.7662604451179504,0.45555710792541504,-0.25418123602867126,0.999424934387207,0.7617265582084656,0.4548371434211731,0.2547774314880371,0.998785674571991,0.5863008499145508,0.5423385500907898,-0.36053627729415894,0.98199462890625,0.5923013687133789,0.5355122685432434,0.3131398558616638,0.4541172981262207,0.634602963924408,0.6647344827651978,-0.4347366392612457,0.9794825315475464,0.6259551644325256,0.6447107195854187,0.4393168091773987,0.6319041848182678,0.666890025138855,0.6847776770591736,-0.43643975257873535,0.9704740047454834,0.6531685590744019,0.6635870933532715,0.45210766792297363,0.6704384684562683,0.5220998525619507,0.6882525086402893,-0.49875301122665405,0.9735473990440369,0.5280594229698181,0.6681262850761414,0.43302538990974426,0.7285457253456116
177,squat,1,0.4770107865333557,0.28806930780410767,0.010379448533058167,0.9999104738235474,0.4929178059101105,0.2787812650203705,-0.04007994756102562,0.9999104142189026,0.4966317117214203,0.2790544331073761,-0.039848316460847855,0.9999080896377563,0.5008161664009094,0.27923262119293213,-0.03990449383854866,0.9999306797981262,0.49133050441741943,0.27826422452926636,0.030440669506788254,0.9999157786369324,0.4934621751308441,0.27817678451538086,0.030426565557718277,0.9999078512191772,0.4961782991886139,0.27805691957473755,0.030532464385032654,0.9999285340309143,0.52623450756073,0.28471410274505615,-0.1401408165693283,0.999911367893219,0.5258015394210815,0.2832011580467224,0.1708110123872757,0.9998680353164673,0.48370903730392456,0.29873502254486084,-0.023452874273061752,0.999903678894043,0.48221272230148315,0.2987014651298523,0.06729742884635925,0.9998503923416138,0.5525469779968262,0.3431313633918762,-0.3152390420436859,0.9999629259109497,0.5778510570526123,0.352782279253006,0.418189138174057,0.9997146725654602,0.3831900954246521,0.38067612051963806,-0.2009386420249939,0.9916092753410339,0.4436671733856201,0.39270079135894775,0.5247786045074463,0.5045612454414368,0.3739899694919586,0.3322102129459381,0.2697322368621826,0.925428569316864,0.40392690896987915,0.34527185559272766,0.5329133868217468,0.3030414581298828,0.3609611690044403,0.3219482898712158,0.2702915072441101,0.8798828125,0.3813096284866333,0.329768568277359,0.5526965856552124,0.23091256618499756,0.37991923093795776,0.3195981979370117,0.26123276352882385,0.8671935796737671,0.39224183559417725,0.3265220820903778,0.5807567238807678,0.22111544013023376,0.38925620913505554,0.32227301597595215,0.2778400480747223,0.8455967307090759,0.402599960565567,0.3296769857406616,0.5394327640533447,0.21554307639598846,0.7693381309509277,0.45916399359703064,-0.25686660408973694,0.9994803071022034,0.7657392621040344,0.45887690782546997,0.257392019033432,0.9989023208618164,0.583302915096283,0.5423835515975952,-0.3775700628757477,0.9834291338920593,0.5909203886985779,0.5358671545982361,0.3191235661506653,0.4575546979904175,0.6344974637031555,0.6652096509933472,-0.46043044328689575,0.9812765121459961,0.6260166764259338,0.6448424458503723,0.44646725058555603,0.6382811665534973,0.6668928861618042,0.6847609281539917,-0.46242886781692505,0.9730916619300842,0.6540789604187012,0.6635990738868713,0.4594917595386505,0.6772573590278625,0.5207643508911133,0.6883206963539124,-0.5227242112159729,0.9758573174476624,0.5281144976615906,0.6679746508598328,0.4399125277996063,0.7351340651512146
178,squat,1,0.4748867154121399,0.29263606667518616,0.007780700456351042,0.999919056892395,0.49101540446281433,0.28309890627861023,-0.04446423053741455,0.9999191761016846,0.49476000666618347,0.28339144587516785,-0.0441250316798687,0.9999170899391174,0.4989222586154938,0.2835753560066223,-0.044178836047649384,0.9999374747276306,0.4894680082798004,0.28261810541152954,0.02278733067214489,0.9999239444732666,0.49164146184921265,0.28256741166114807,0.022787954658269882,0.9999167919158936,0.4943542778491974,0.28249794244766235,0.022950906306505203,0.999935507774353,0.5243197679519653,0.2891659140586853,-0.14529770612716675,0.9999198317527771,0.5236241221427917,0.2877199649810791,0.15809257328510284,0.9998810291290283,0.48163166642189026,0.30362555384635925,-0.02731931209564209,0.9999123215675354,0.48049479722976685,0.3036802411079407,0.060002222657203674,0.9998646378517151,0.5533251166343689,0.34650465846061707,-0.3281230926513672,0.9999654293060303,0.5771356821060181,0.3560377359390259,0.4036184251308441,0.9997298121452332,0.3838762640953064,0.38408130407333374,-0.21387797594070435,0.9919449687004089,0.4405740201473236,0.3942009508609772,0.5154608488082886,0.5230059623718262,0.37522092461586,0.33629271388053894,0.24564136564731598,0.9212175607681274,0.40223896503448486,0.34678176045417786,0.5305731296539307,0.2961258888244629,0.3626832365989685,0.3221253752708435,0.24229489266872406,0.8728261590003967,0.38123318552970886,0.3300730884075165,0.5527026653289795,0.22303733229637146,0.38114115595817566,0.32029280066490173,0.2350229173898697,0.8595345616340637,0.39226070046424866,0.3266441524028778,0.5773741006851196,0.21315006911754608,0.3899233043193817,0.32499760389328003,0.25453850626945496,0.8384433388710022,0.4027371108531952,0.33198684453964233,0.5359019041061401,0.2078854888677597,0.7731835246086121,0.4626118838787079,-0.25883543491363525,0.9995297789573669,0.7658259272575378,0.4615580141544342,0.2593209445476532,0.9990069270133972,0.5821946263313293,0.5425852537155151,-0.3690144419670105,0.9846692085266113,0.5893017649650574,0.5361474752426147,0.3224189579486847,0.46062082052230835,0.6347618103027344,0.6655651330947876,-0.43388739228248596,0.9828611612319946,0.6257767081260681,0.6447616815567017,0.4559447169303894,0.6440624594688416,0.6669479012489319,0.6847063899040222,-0.4353964030742645,0.9753913879394531,0.6541203260421753,0.6629814505577087,0.4739970564842224,0.6836697459220886,0.5195927023887634,0.6882922649383545,-0.5012854337692261,0.9778950214385986,0.5277272462844849,0.6656738519668579,0.46985623240470886,0.7411136031150818
179,squat,1,0.4738326072692871,0.2962820827960968,-0.0041384100914001465,0.9999264478683472,0.4899897277355194,0.28706368803977966,-0.05650348588824272,0.9999268054962158,0.493667870759964,0.2873587906360626,-0.05618122220039368,0.9999249577522278,0.4977412223815918,0.28752952814102173,-0.056244708597660065,0.9999434351921082,0.4885651469230652,0.2866174280643463,0.011570779606699944,0.9999309778213501,0.4907429814338684,0.286618173122406,0.011587238870561123,0.9999244809150696,0.4934070110321045,0.28659293055534363,0.011749111115932465,0.9999415278434753,0.5230022668838501,0.2930346429347992,-0.15806697309017181,0.9999269843101501,0.5223374962806702,0.2917730212211609,0.15021812915802002,0.99989253282547,0.4800364673137665,0.30733487010002136,-0.03945361077785492,0.9999191761016846,0.47934749722480774,0.30766361951828003,0.049465812742710114,0.9998767375946045,0.5536967515945435,0.34884145855903625,-0.3341265320777893,0.9999671578407288,0.5777958035469055,0.35890379548072815,0.397288054227829,0.999737560749054,0.38499924540519714,0.3874269425868988,-0.2253667265176773,0.9921577572822571,0.4411156475543976,0.39607954025268555,0.5274698734283447,0.5356892347335815,0.3760879933834076,0.3397786617279053,0.22352014482021332,0.9173377752304077,0.40331751108169556,0.34896335005760193,0.5611073970794678,0.28922438621520996,0.36455023288726807,0.3240969777107239,0.2206147313117981,0.8666968941688538,0.38190940022468567,0.33162403106689453,0.5854552984237671,0.21580767631530762,0.382318377494812,0.32247430086135864,0.21453019976615906,0.8528836369514465,0.392414391040802,0.328332781791687,0.6082327961921692,0.20594266057014465,0.3909306526184082,0.32811760902404785,0.2304113507270813,0.8322135806083679,0.402964323759079,0.33475926518440247,0.5659520626068115,0.20101070404052734,0.7752476334571838,0.4648974537849426,-0.25885656476020813,0.9995731711387634,0.7669287323951721,0.46382391452789307,0.2593269944190979,0.9990989565849304,0.5806425213813782,0.5427634716033936,-0.3636765480041504,0.9857157468795776,0.5877702832221985,0.5368436574935913,0.3205057382583618,0.46329525113105774,0.6348859071731567,0.6655028462409973,-0.41097185015678406,0.9842680096626282,0.6244215965270996,0.644766628742218,0.4640251696109772,0.6501993536949158,0.6669784188270569,0.6835489869117737,-0.4076809287071228,0.9774217009544373,0.6536070704460144,0.6627902984619141,0.4800412654876709,0.6903243064880371,0.51859050989151,0.6869418025016785,-0.4588863253593445,0.9796933531761169,0.5272427201271057,0.6647851467132568,0.470064252614975,0.7475319504737854
180,squat,1,0.4716271162033081,0.3015730082988739,-0.018349837511777878,0.9999321699142456,0.4879125654697418,0.29220205545425415,-0.0696452260017395,0.999933123588562,0.49157994985580444,0.2924824059009552,-0.06936831027269363,0.9999315738677979,0.4956076145172119,0.2926079332828522,-0.06944037973880768,0.9999483823776245,0.48651745915412903,0.29162442684173584,0.000868353876285255,0.999936580657959,0.4887508451938629,0.2915375232696533,0.0008871646714396775,0.9999305605888367,0.49143409729003906,0.2914083003997803,0.001032830448821187,0.9999464154243469,0.5214305520057678,0.29765596985816956,-0.170471653342247,0.9999324679374695,0.5201877951622009,0.29625508189201355,0.14610101282596588,0.9999024868011475,0.47833698987960815,0.312081515789032,-0.05331910401582718,0.9999231696128845,0.4775979816913605,0.3122708797454834,0.03870369866490364,0.9998860359191895,0.5538445711135864,0.3518262207508087,-0.3359840214252472,0.9999675750732422,0.5766260027885437,0.3621057868003845,0.393224835395813,0.9997355937957764,0.38540324568748474,0.39015790820121765,-0.25477930903434753,0.9922727942466736,0.4365052282810211,0.39843806624412537,0.5289543867111206,0.547639012336731,0.3766845762729645,0.34290167689323425,0.1894124150276184,0.9115197658538818,0.4019012153148651,0.3514786958694458,0.5606605410575867,0.28099381923675537,0.3664265275001526,0.3268277645111084,0.185217946767807,0.8574521541595459,0.3823568522930145,0.3345049023628235,0.5853289365768433,0.2077089101076126,0.3838009536266327,0.32558906078338623,0.180003359913826,0.8428959250450134,0.39283517003059387,0.3315955400466919,0.6075956225395203,0.19811749458312988,0.3917747139930725,0.3314453363418579,0.1966942399740219,0.8227282166481018,0.4031701683998108,0.33813127875328064,0.5649999380111694,0.19364547729492188,0.7780923843383789,0.46726763248443604,-0.25898274779319763,0.9996078610420227,0.7681398987770081,0.46638810634613037,0.2594355344772339,0.9991759061813354,0.5792654752731323,0.5430976152420044,-0.340471476316452,0.9863921999931335,0.5847526788711548,0.537887692451477,0.2834415137767792,0.46737140417099,0.6351943612098694,0.6654567718505859,-0.34954020380973816,0.9852871894836426,0.6236593723297119,0.6455336809158325,0.40014609694480896,0.6526387333869934,0.6675230264663696,0.6823986172676086,-0.34414657950401306,0.978952169418335,0.6535539627075195,0.6629077792167664,0.41271740198135376,0.6933590769767761,0.5187310576438904,0.6863499283790588,-0.39711472392082214,0.9809958338737488,0.5267666578292847,0.665976345539093,0.3894314467906952,0.7495535016059875
181,squat,1,0.469866007566452,0.30683204531669617,-0.03431720286607742,0.9999377131462097,0.48682478070259094,0.29768112301826477,-0.08481166511774063,0.9999390244483948,0.4905076324939728,0.2979292869567871,-0.08457380533218384,0.9999377727508545,0.49442774057388306,0.2981138229370117,-0.08464924991130829,0.9999529719352722,0.4849928319454193,0.2970788776874542,-0.014829284511506557,0.9999420046806335,0.4871375560760498,0.2969808876514435,-0.014830293133854866,0.9999364614486694,0.489709734916687,0.29687169194221497,-0.014708620496094227,0.9999510049819946,0.5199001431465149,0.3037625551223755,-0.1863870918750763,0.9999377727508545,0.5176974534988403,0.3021557033061981,0.12632380425930023,0.9999116659164429,0.4765896499156952,0.31779882311820984,-0.06814492493867874,0.9999274015426636,0.47546759247779846,0.3175145089626312,0.022839661687612534,0.999894917011261,0.5538410544395447,0.3594137132167816,-0.3476094603538513,0.9999683499336243,0.5752406716346741,0.3669968545436859,0.376292884349823,0.9997373819351196,0.3858632445335388,0.3962342143058777,-0.2653617560863495,0.9923666715621948,0.435798317193985,0.4022582769393921,0.5682056546211243,0.555121660232544,0.37710070610046387,0.348736047744751,0.17405818402767181,0.9078841209411621,0.40258756279945374,0.35771018266677856,0.6951296329498291,0.27214357256889343,0.36713242530822754,0.3343687057495117,0.16846591234207153,0.8518555760383606,0.38253480195999146,0.3411034047603607,0.7349210381507874,0.19989417493343353,0.3845014274120331,0.33261191844940186,0.16047972440719604,0.8370484709739685,0.3940710425376892,0.3386616110801697,0.7580096125602722,0.19055965542793274,0.3926422894001007,0.33808383345603943,0.1803244948387146,0.816554605960846,0.404902845621109,0.34517398476600647,0.7030285596847534,0.1865200698375702,0.7834261655807495,0.4728623032569885,-0.25925660133361816,0.9996376633644104,0.7682497501373291,0.46978509426116943,0.25971323251724243,0.9992437958717346,0.5761797428131104,0.5444613099098206,-0.32118135690689087,0.9869430065155029,0.5806484818458557,0.5380807518959045,0.2978783845901489,0.46941810846328735,0.6353282332420349,0.6658454537391663,-0.3208538293838501,0.9860948920249939,0.6235960125923157,0.6450185775756836,0.41180479526519775,0.6530665755271912,0.6682693958282471,0.6825280785560608,-0.3149328827857971,0.9801994562149048,0.653612494468689,0.6620765328407288,0.4377029836177826,0.6945284008979797,0.5186134576797485,0.6863398551940918,-0.3614930212497711,0.9820234179496765,0.5268096923828125,0.6658595204353333,0.45118972659111023,0.7497568130493164
182,squat,1,0.4695589542388916,0.3113914132118225,-0.04416370019316673,0.9999418258666992,0.4862491190433502,0.30259042978286743,-0.09360085427761078,0.999943733215332,0.4898815453052521,0.3027821481227875,-0.09337863326072693,0.9999428391456604,0.49373242259025574,0.30287450551986694,-0.09345386177301407,0.9999566674232483,0.48421069979667664,0.3021221458911896,-0.023229144513607025,0.9999461770057678,0.4862714111804962,0.3020867705345154,-0.02323647402226925,0.9999409914016724,0.4887526035308838,0.30200183391571045,-0.023112548515200615,0.9999546408653259,0.5193592309951782,0.30791816115379333,-0.19311869144439697,0.9999415278434753,0.5167036056518555,0.3066304922103882,0.12072916328907013,0.9999195337295532,0.4765684902667999,0.3220098614692688,-0.07716688513755798,0.9999291896820068,0.4751913249492645,0.32198747992515564,0.014037263579666615,0.9999014735221863,0.5539306998252869,0.3627399802207947,-0.35279929637908936,0.9999673962593079,0.5721176862716675,0.37172168493270874,0.3690432012081146,0.9997338056564331,0.38741227984428406,0.39992809295654297,-0.27335068583488464,0.9923670291900635,0.4318997859954834,0.4067973792552948,0.5410146117210388,0.5686817765235901,0.3772521913051605,0.3538585603237152,0.16885893046855927,0.9011327624320984,0.4028142988681793,0.36339086294174194,0.6044772863388062,0.26577508449554443,0.36862629652023315,0.33957910537719727,0.16485758125782013,0.8411622643470764,0.3827112019062042,0.34740665555000305,0.636249303817749,0.19344210624694824,0.3861302435398102,0.3377983570098877,0.1589461863040924,0.8258365988731384,0.3947947323322296,0.3448888659477234,0.6622748374938965,0.18435582518577576,0.3943004012107849,0.3431526720523834,0.17622676491737366,0.805500864982605,0.40581339597702026,0.35123974084854126,0.6118993163108826,0.18055477738380432,0.785506546497345,0.4756145179271698,-0.25922712683677673,0.9996569752693176,0.7688692212104797,0.4732191860675812,0.2596782147884369,0.9993007183074951,0.573693573474884,0.545172929763794,-0.284699022769928,0.9873036742210388,0.5751907229423523,0.53846675157547,0.2645309865474701,0.4758663475513458,0.6343138217926025,0.6652241945266724,-0.23691675066947937,0.9866382479667664,0.6226401329040527,0.6450192928314209,0.36812955141067505,0.654059112071991,0.6679176092147827,0.6823302507400513,-0.22590111196041107,0.9810640215873718,0.6519869565963745,0.6620845794677734,0.38160422444343567,0.6958407759666443,0.5184261202812195,0.6863983273506165,-0.26833921670913696,0.9826917052268982,0.5258995294570923,0.6667181849479675,0.36625179648399353,0.7500577569007874
183,squat,1,0.46875378489494324,0.31632816791534424,-0.050343144685029984,0.9999449253082275,0.48461389541625977,0.30729854106903076,-0.09845701605081558,0.9999474883079529,0.48817506432533264,0.30746516585350037,-0.09824127703905106,0.9999470710754395,0.4919288456439972,0.3074958324432373,-0.09831530600786209,0.9999596476554871,0.4825630784034729,0.30672773718833923,-0.029355671256780624,0.9999493956565857,0.48458096385002136,0.30662521719932556,-0.029360227286815643,0.9999445080757141,0.4870096445083618,0.3064679801464081,-0.02924465760588646,0.9999575018882751,0.5177890658378601,0.3117412328720093,-0.19380493462085724,0.9999439120292664,0.5150298476219177,0.3106013536453247,0.11477315425872803,0.9999263286590576,0.47604241967201233,0.3266271948814392,-0.0814225897192955,0.9999291896820068,0.47459208965301514,0.3267604410648346,0.00816949363797903,0.9999061822891235,0.554029107093811,0.36580410599708557,-0.3515433371067047,0.9999658465385437,0.571357011795044,0.37494808435440063,0.36000457406044006,0.9997257590293884,0.3879176080226898,0.403651624917984,-0.27025285363197327,0.9923482537269592,0.43026506900787354,0.410618394613266,0.5330533385276794,0.5834224820137024,0.37822234630584717,0.3571082353591919,0.1652086079120636,0.8939523100852966,0.4030754566192627,0.36765801906585693,0.5815726518630981,0.2610471844673157,0.37116315960884094,0.3425465524196625,0.16199052333831787,0.830213189125061,0.3832121789455414,0.35186275839805603,0.6112281084060669,0.18814072012901306,0.3885689079761505,0.3415420353412628,0.15670165419578552,0.8142886161804199,0.3960842192173004,0.3498145639896393,0.6390004754066467,0.17918692529201508,0.39628440141677856,0.34686610102653503,0.1726011484861374,0.7944697737693787,0.40689441561698914,0.3559405505657196,0.5895172953605652,0.1755770891904831,0.7870594263076782,0.4779350757598877,-0.256865918636322,0.999670684337616,0.7702096700668335,0.47542983293533325,0.25726601481437683,0.999345064163208,0.5720593333244324,0.5462716221809387,-0.2784392833709717,0.9876421093940735,0.573169469833374,0.5390710234642029,0.2658939063549042,0.47847023606300354,0.6334378719329834,0.6644865870475769,-0.24126814305782318,0.9871505498886108,0.6220811009407043,0.6450244188308716,0.37828078866004944,0.6531732082366943,0.6677554249763489,0.6823432445526123,-0.23152197897434235,0.9818985462188721,0.6508694887161255,0.6621284484863281,0.39172595739364624,0.6957642436027527,0.5186784863471985,0.6868412494659424,-0.26965630054473877,0.9832786321640015,0.5263646841049194,0.6665496230125427,0.37945133447647095,0.7490362524986267
184,squat,1,0.46880972385406494,0.3206893503665924,-0.048026084899902344,0.9999479651451111,0.4839146137237549,0.31173932552337646,-0.09549079835414886,0.9999509453773499,0.4873153269290924,0.31184178590774536,-0.09528405964374542,0.9999508857727051,0.49095821380615234,0.31182393431663513,-0.09535219520330429,0.9999623894691467,0.48212960362434387,0.3111349642276764,-0.027322886511683464,0.999952495098114,0.484205961227417,0.3109566271305084,-0.027324901893734932,0.9999477863311768,0.4866873323917389,0.31073155999183655,-0.027226805686950684,0.9999602437019348,0.5174919366836548,0.3157251477241516,-0.18892252445220947,0.9999459385871887,0.5150035619735718,0.3144538700580597,0.11477590352296829,0.999932587146759,0.47621527314186096,0.33072221279144287,-0.07856465131044388,0.9999294281005859,0.4749419093132019,0.33084142208099365,0.009665112011134624,0.999910831451416,0.554263710975647,0.36999404430389404,-0.3344932794570923,0.9999642968177795,0.5718716979026794,0.3771595358848572,0.3534875512123108,0.9997172951698303,0.38734176754951477,0.4072171449661255,-0.2671271562576294,0.9924116134643555,0.43280115723609924,0.4130666255950928,0.5123233795166016,0.5973506569862366,0.37830233573913574,0.3613642752170563,0.15042179822921753,0.8909635543823242,0.4033229947090149,0.37133029103279114,0.5611452460289001,0.2596782147884369,0.37174859642982483,0.34668388962745667,0.14486880600452423,0.8253763914108276,0.3847446143627167,0.3559340238571167,0.586030900478363,0.18531332910060883,0.38949644565582275,0.3456494212150574,0.1372215449810028,0.8089930415153503,0.39796948432922363,0.3538757562637329,0.6125319600105286,0.17635509371757507,0.39729946851730347,0.3507976531982422,0.15573179721832275,0.7902116775512695,0.40852856636047363,0.3595886528491974,0.5680642127990723,0.17297881841659546,0.7871741056442261,0.48090285062789917,-0.24805809557437897,0.9996854662895203,0.7727155685424805,0.4778765141963959,0.24835087358951569,0.9993834495544434,0.570331871509552,0.5470343232154846,-0.2847747802734375,0.98788982629776,0.5740211606025696,0.5393912196159363,0.26917561888694763,0.4776609241962433,0.6332206130027771,0.6647153496742249,-0.2723661959171295,0.9875556826591492,0.622251570224762,0.6453840136528015,0.38093510270118713,0.6501191258430481,0.6677603721618652,0.683432400226593,-0.26562198996543884,0.9826750159263611,0.6517590284347534,0.6625332236289978,0.3938899338245392,0.6951997876167297,0.5189959406852722,0.6872807145118713,-0.3059939444065094,0.9837745428085327,0.5270974636077881,0.6660730242729187,0.3842461407184601,0.7469903826713562
185,squat,1,0.4688478708267212,0.32503268122673035,-0.04885246604681015,0.9999514818191528,0.4841846227645874,0.3162217140197754,-0.09628123044967651,0.9999547600746155,0.48756644129753113,0.3162919580936432,-0.09607618302106857,0.999954879283905,0.49124979972839355,0.3163731098175049,-0.09613902866840363,0.9999653697013855,0.48237186670303345,0.31567245721817017,-0.028087042272090912,0.9999560713768005,0.4844193458557129,0.3154686391353607,-0.02809792570769787,0.9999517202377319,0.4868941307067871,0.31527358293533325,-0.027999386191368103,0.9999632835388184,0.5177890062332153,0.3210369944572449,-0.1890660673379898,0.9999493360519409,0.5152867436408997,0.3195813298225403,0.11476114392280579,0.9999386072158813,0.47628992795944214,0.3351344168186188,-0.07935401052236557,0.9999321103096008,0.4749159812927246,0.3348540961742401,0.008913412690162659,0.9999167919158936,0.5544462203979492,0.37595948576927185,-0.3348577320575714,0.9999638795852661,0.5718633532524109,0.3836638331413269,0.35739198327064514,0.9997155070304871,0.3876435160636902,0.4131971001625061,-0.26648402214050293,0.9923006296157837,0.431496262550354,0.4189712107181549,0.5156776905059814,0.603872537612915,0.3788425922393799,0.3666829764842987,0.15958678722381592,0.8856731653213501,0.40341293811798096,0.37619462609291077,0.587990939617157,0.2540762424468994,0.3730517625808716,0.3529484272003174,0.15414480865001678,0.8173643946647644,0.3849487602710724,0.3606403172016144,0.6192623972892761,0.1802908033132553,0.38994741439819336,0.3516918122768402,0.14734052121639252,0.8006039261817932,0.3981564939022064,0.358751118183136,0.646816074848175,0.17155927419662476,0.3978007137775421,0.35689955949783325,0.1660485416650772,0.7820115685462952,0.40878522396087646,0.36469361186027527,0.5959545969963074,0.16836543381214142,0.7894343137741089,0.48538488149642944,-0.2484845221042633,0.9997038841247559,0.7757759094238281,0.4837653636932373,0.24879345297813416,0.9994271993637085,0.5702072978019714,0.5470442175865173,-0.2914259433746338,0.9882957935333252,0.5748624801635742,0.5397293567657471,0.2836274802684784,0.4803309142589569,0.6332418918609619,0.6648507714271545,-0.29381808638572693,0.9881410598754883,0.6225022077560425,0.6450430154800415,0.39411410689353943,0.6548873782157898,0.6677552461624146,0.684715211391449,-0.28854215145111084,0.9835745096206665,0.6518911123275757,0.6622741222381592,0.40808212757110596,0.7009593844413757,0.5190127491950989,0.6865483522415161,-0.32875561714172363,0.9845596551895142,0.5267541408538818,0.6625239849090576,0.3876556158065796,0.7513433694839478
186,squat,1,0.4691501259803772,0.3271980583667755,-0.06702329963445663,0.9999539256095886,0.48447445034980774,0.3188914954662323,-0.11391613632440567,0.999957799911499,0.4878542423248291,0.31906813383102417,-0.11371366679668427,0.9999581575393677,0.4915456175804138,0.3191418945789337,-0.11377520114183426,0.9999677538871765,0.482687771320343,0.31836143136024475,-0.04601770639419556,0.999958872795105,0.48473602533340454,0.3182975947856903,-0.046034764498472214,0.9999547600746155,0.4872124493122101,0.3181781470775604,-0.04593910276889801,0.9999657273292542,0.5178953409194946,0.32396605610847473,-0.20391160249710083,0.9999516606330872,0.5154298543930054,0.3222893178462982,0.09866636246442795,0.999943733215332,0.4765913486480713,0.3376527428627014,-0.09693680703639984,0.9999331831932068,0.4752101004123688,0.33751174807548523,-0.008956149220466614,0.9999211430549622,0.556690514087677,0.37822261452674866,-0.34772878885269165,0.9999609589576721,0.571550726890564,0.3873489201068878,0.33826175332069397,0.9996981620788574,0.3877444863319397,0.4164373278617859,-0.2762705683708191,0.992120087146759,0.4295699894428253,0.422632098197937,0.47352439165115356,0.6074177622795105,0.38054490089416504,0.36943408846855164,0.15121285617351532,0.8785018920898438,0.40352946519851685,0.37817996740341187,0.5285850763320923,0.24573387205600739,0.37584900856018066,0.35522377490997314,0.14754076302051544,0.8070678114891052,0.38568633794784546,0.3624199330806732,0.5576654672622681,0.17334410548210144,0.39242497086524963,0.3539036512374878,0.14156340062618256,0.790075421333313,0.39972251653671265,0.3606914281845093,0.5988349914550781,0.1647859364748001,0.3998918831348419,0.3588092029094696,0.1578775942325592,0.771787703037262,0.40967774391174316,0.3658301830291748,0.5410259962081909,0.1617421954870224,0.7909880876541138,0.4883725643157959,-0.24810828268527985,0.9997167587280273,0.7750378251075745,0.4871349632740021,0.24843749403953552,0.9994609951972961,0.56868976354599,0.5472816824913025,-0.3021792471408844,0.9885834455490112,0.5724408626556396,0.5406504273414612,0.29662370681762695,0.4813327193260193,0.6338871717453003,0.6651096343994141,-0.31377387046813965,0.9885839223861694,0.6226921081542969,0.6449846625328064,0.4258410334587097,0.656379222869873,0.6692937016487122,0.6846875548362732,-0.31009143590927124,0.9842354655265808,0.6527495980262756,0.661745011806488,0.4411461353302002,0.7037105560302734,0.5190458297729492,0.6864514946937561,-0.35856837034225464,0.9851413369178772,0.5265672206878662,0.6620580554008484,0.43352532386779785,0.7530645132064819
187,squat,1,0.4703410565853119,0.3285999596118927,-0.06889287382364273,0.9999563097953796,0.4853348731994629,0.3206181526184082,-0.11405570060014725,0.9999606013298035,0.48875442147254944,0.3208205997943878,-0.11385900527238846,0.9999611377716064,0.492472380399704,0.32092273235321045,-0.11391501128673553,0.9999698996543884,0.4832434058189392,0.320152223110199,-0.04666712507605553,0.9999614953994751,0.485138863325119,0.3201828598976135,-0.046681564301252365,0.9999575614929199,0.4874802827835083,0.3201434314250946,-0.04659373685717583,0.9999679923057556,0.5180610418319702,0.3261423408985138,-0.20099253952503204,0.9999536871910095,0.5156310200691223,0.32459744811058044,0.10072348266839981,0.9999484419822693,0.4771104156970978,0.3397112786769867,-0.09741362929344177,0.9999341368675232,0.4757043719291687,0.33950749039649963,-0.010097556747496128,0.9999253153800964,0.5589375495910645,0.3807583451271057,-0.3470800518989563,0.9999579787254333,0.5714461803436279,0.389193058013916,0.33686864376068115,0.9996817708015442,0.3884211778640747,0.41922295093536377,-0.27663812041282654,0.9920335412025452,0.42867985367774963,0.42483818531036377,0.4625369906425476,0.6135855913162231,0.38228368759155273,0.37160524725914,0.13449080288410187,0.8730232119560242,0.40358707308769226,0.38029009103775024,0.5020978450775146,0.2407209277153015,0.377618670463562,0.35719335079193115,0.129588320851326,0.7989329695701599,0.386088103055954,0.3643352687358856,0.5269141793251038,0.16855818033218384,0.3948795795440674,0.35587841272354126,0.12410160154104233,0.7816940546035767,0.4009084105491638,0.36212486028671265,0.5650315880775452,0.16011950373649597,0.40254995226860046,0.36051973700523376,0.14067819714546204,0.763908326625824,0.41089919209480286,0.3677400052547455,0.5132095217704773,0.15718184411525726,0.7917441129684448,0.4911908805370331,-0.2448393702507019,0.9997258186340332,0.7745246887207031,0.4891389012336731,0.2451704889535904,0.9994878172874451,0.5664821267127991,0.5474813580513,-0.30413955450057983,0.9886879324913025,0.5702707171440125,0.5412929654121399,0.2950843274593353,0.48129934072494507,0.6340798139572144,0.6655735373497009,-0.32133835554122925,0.9887919425964355,0.6226003766059875,0.6455014944076538,0.4223884344100952,0.6543318629264832,0.6690571308135986,0.6846630573272705,-0.3184513747692108,0.9845976233482361,0.6527723670005798,0.6625005006790161,0.43718141317367554,0.7039444446563721,0.5190038084983826,0.686216413974762,-0.3668385148048401,0.9853829741477966,0.5254217982292175,0.6621474027633667,0.433357834815979,0.7518121004104614
188,squat,1,0.47138041257858276,0.3313535451889038,-0.06786340475082397,0.9999580383300781,0.48622071743011475,0.32332152128219604,-0.11286436766386032,0.9999629259109497,0.4897579252719879,0.32348906993865967,-0.11267552524805069,0.9999635815620422,0.4935861825942993,0.32357874512672424,-0.11273501813411713,0.9999716877937317,0.48375189304351807,0.32295307517051697,-0.04543771222233772,0.9999635815620422,0.48550528287887573,0.3230232000350952,-0.04545207694172859,0.9999597668647766,0.48772668838500977,0.3230457603931427,-0.04536459594964981,0.9999697804450989,0.5188601613044739,0.32900524139404297,-0.19955651462078094,0.9999550580978394,0.5158005952835083,0.3276243209838867,0.10198383778333664,0.999952495098114,0.4778241515159607,0.34274205565452576,-0.09656783193349838,0.9999340176582336,0.4762813448905945,0.34245583415031433,-0.009204595349729061,0.99992835521698,0.5606825947761536,0.38376694917678833,-0.34719035029411316,0.9999547600746155,0.5708855986595154,0.3917222023010254,0.3364432752132416,0.9996669888496399,0.3893207311630249,0.42223307490348816,-0.27769485116004944,0.991926908493042,0.42726314067840576,0.4269079267978668,0.4709346890449524,0.6183397173881531,0.3834054470062256,0.3739910423755646,0.13403987884521484,0.8676882386207581,0.4033031463623047,0.3819776475429535,0.5135210156440735,0.2361595183610916,0.3789946436882019,0.3596685528755188,0.1289253532886505,0.790865421295166,0.3863671123981476,0.36643514037132263,0.540747344493866,0.16434788703918457,0.39643576741218567,0.3583638370037079,0.12278260290622711,0.7734641432762146,0.4015134572982788,0.36413875222206116,0.5788863301277161,0.15609359741210938,0.4040176272392273,0.36265528202056885,0.13998082280158997,0.7562735080718994,0.41142457723617554,0.36964672803878784,0.526002824306488,0.15335124731063843,0.7929656505584717,0.4945122301578522,-0.24404297769069672,0.9997318387031555,0.7741488814353943,0.4926491677761078,0.24438752233982086,0.9995105266571045,0.5638017654418945,0.5483236908912659,-0.305495023727417,0.9885578751564026,0.568559467792511,0.5425063967704773,0.29472795128822327,0.4799923896789551,0.6350275278091431,0.6661020517349243,-0.3169323801994324,0.98875892162323,0.6229928135871887,0.6471806764602661,0.4212505519390106,0.6506578326225281,0.6690681576728821,0.6845263242721558,-0.3132326900959015,0.9847123622894287,0.6542767286300659,0.6650837063789368,0.43578463792800903,0.7035243511199951,0.5205915570259094,0.6859570741653442,-0.360989511013031,0.9853453040122986,0.5254891514778137,0.6623170375823975,0.43271392583847046,0.7491075396537781
189,squat,1,0.4717038571834564,0.3374091684818268,-0.07998279482126236,0.9999589323997498,0.4864576756954193,0.3292946219444275,-0.12503086030483246,0.9999646544456482,0.4899803400039673,0.3293994069099426,-0.12484163045883179,0.9999655485153198,0.4939218759536743,0.3295043110847473,-0.12490949779748917,0.9999730587005615,0.48401230573654175,0.3287946581840515,-0.057772405445575714,0.9999650120735168,0.4857315421104431,0.3286788761615753,-0.05780142545700073,0.9999613165855408,0.4879562258720398,0.32856622338294983,-0.05771199241280556,0.9999710321426392,0.519842267036438,0.3347303569316864,-0.21144437789916992,0.9999560713768005,0.516141951084137,0.33290520310401917,0.08858587592840195,0.9999558925628662,0.4781935513019562,0.3483309745788574,-0.10882215946912766,0.9999329447746277,0.4766371250152588,0.3479165732860565,-0.021788502112030983,0.9999302625656128,0.5616680383682251,0.39032480120658875,-0.3648117184638977,0.9999502897262573,0.5692340135574341,0.39554184675216675,0.3191743493080139,0.9996469020843506,0.38945865631103516,0.4260310232639313,-0.2773747742176056,0.9916934967041016,0.4224451780319214,0.4284065067768097,0.4552707374095917,0.6171953678131104,0.3855280578136444,0.3776668310165405,0.15318194031715393,0.8586018085479736,0.40176212787628174,0.3854828476905823,0.499820739030838,0.22764335572719574,0.3805091083049774,0.36333170533180237,0.15076187252998352,0.7782902717590332,0.3864315152168274,0.37009119987487793,0.5256858468055725,0.1583539992570877,0.39866507053375244,0.36211785674095154,0.14016905426979065,0.7612705826759338,0.401568740606308,0.3679107427597046,0.557638943195343,0.15053056180477142,0.4063321650028229,0.36672502756118774,0.15791693329811096,0.7447345852851868,0.41144561767578125,0.37345319986343384,0.5094240307807922,0.14805561304092407,0.7944796681404114,0.5006251335144043,-0.24455271661281586,0.9997274279594421,0.7736954689025879,0.49657079577445984,0.2448992282152176,0.9995260834693909,0.5616475343704224,0.5493547916412354,-0.30230462551116943,0.9881024360656738,0.5654885768890381,0.543736457824707,0.2950213849544525,0.47747382521629333,0.6381845474243164,0.6662245988845825,-0.28746405243873596,0.988364040851593,0.6231570839881897,0.6471202969551086,0.43038392066955566,0.6450825333595276,0.6709717512130737,0.6843511462211609,-0.2809121310710907,0.9842768907546997,0.6561169624328613,0.6650208830833435,0.44645294547080994,0.7015672326087952,0.524583637714386,0.6852796673774719,-0.32161250710487366,0.9848350882530212,0.5261016488075256,0.6624492406845093,0.45574691891670227,0.7444614171981812
190,squat,1,0.4733045995235443,0.3409341275691986,-0.08156479150056839,0.9999604225158691,0.4876124858856201,0.33267542719841003,-0.12570856511592865,0.9999666810035706,0.4911772906780243,0.3326696753501892,-0.12553302943706512,0.9999676942825317,0.4952687621116638,0.3327104151248932,-0.12559950351715088,0.9999746680259705,0.48501747846603394,0.33240586519241333,-0.058983366936445236,0.9999668002128601,0.48661690950393677,0.33232682943344116,-0.05900699645280838,0.9999631643295288,0.48876187205314636,0.3322431147098541,-0.058916665613651276,0.9999725222587585,0.5213037729263306,0.33811768889427185,-0.21018196642398834,0.9999576210975647,0.5166870951652527,0.33653712272644043,0.08773946762084961,0.9999591708183289,0.4799150824546814,0.35203632712364197,-0.10984455049037933,0.9999333620071411,0.47812968492507935,0.3516782522201538,-0.023471619933843613,0.9999329447746277,0.5658613443374634,0.3924716114997864,-0.36329737305641174,0.999947726726532,0.5693342089653015,0.39887455105781555,0.31551867723464966,0.999625563621521,0.38974928855895996,0.4282859265804291,-0.2825511395931244,0.9916180372238159,0.4215923547744751,0.43131139874458313,0.442557156085968,0.6160532832145691,0.38651782274246216,0.378986120223999,0.13175320625305176,0.8542170524597168,0.40134093165397644,0.3873586058616638,0.4724608063697815,0.22186912596225739,0.3817748725414276,0.36529913544654846,0.12639127671718597,0.7716551423072815,0.38750407099723816,0.3724287450313568,0.49580439925193787,0.15403200685977936,0.39987912774086,0.36468306183815,0.11832543462514877,0.7548500895500183,0.4028049111366272,0.3701643645763397,0.5263009071350098,0.14650797843933105,0.4073638617992401,0.36838868260383606,0.13703112304210663,0.7386285662651062,0.41186287999153137,0.3752303421497345,0.48080912232398987,0.1442144513130188,0.7949867248535156,0.5035015940666199,-0.24211947619915009,0.9997344613075256,0.7712712287902832,0.49950698018074036,0.24246038496494293,0.9995453953742981,0.5591957569122314,0.5496528148651123,-0.303087055683136,0.9877093434333801,0.5597796440124512,0.5440405011177063,0.29963693022727966,0.4741816520690918,0.63954097032547,0.6665999889373779,-0.29719436168670654,0.9881674647331238,0.6225564479827881,0.6452232003211975,0.4484880864620209,0.6401114463806152,0.6713554263114929,0.6843418478965759,-0.2938504219055176,0.9840835928916931,0.6561048626899719,0.6640220284461975,0.4652582108974457,0.7004184722900391,0.5284711718559265,0.6847012639045715,-0.3397895097732544,0.9845720529556274,0.5275894999504089,0.6625499129295349,0.4770691990852356,0.7413341403007507
191,squat,1,0.4741002917289734,0.3434518873691559,-0.07752899825572968,0.9999615550041199,0.48835670948028564,0.3348148465156555,-0.12210460752248764,0.9999685287475586,0.49201834201812744,0.3347432613372803,-0.12192872911691666,0.9999696016311646,0.49616485834121704,0.3346719443798065,-0.12199709564447403,0.9999760985374451,0.485401451587677,0.33459100127220154,-0.054752860218286514,0.999968409538269,0.48685210943222046,0.3345241844654083,-0.05477477237582207,0.9999647736549377,0.4888424277305603,0.334421843290329,-0.05468032509088516,0.9999738335609436,0.5219777822494507,0.33981797099113464,-0.2080865502357483,0.9999592304229736,0.5167699456214905,0.3386416733264923,0.09180761873722076,0.9999620318412781,0.4812132716178894,0.3547154366970062,-0.1063542515039444,0.9999338984489441,0.4789417088031769,0.3544280230998993,-0.019172053784132004,0.9999353289604187,0.5694190859794617,0.39382222294807434,-0.362809956073761,0.9999459385871887,0.5694830417633057,0.401634156703949,0.3234977424144745,0.9996103048324585,0.3905177116394043,0.4311702251434326,-0.28457799553871155,0.9914520382881165,0.42218104004859924,0.433992862701416,0.43606439232826233,0.6100308895111084,0.3877434730529785,0.38263770937919617,0.13827817142009735,0.847678542137146,0.40061748027801514,0.3915167450904846,0.42964455485343933,0.21374967694282532,0.3822571933269501,0.36876505613327026,0.1330382525920868,0.7621122002601624,0.38756972551345825,0.3756946623325348,0.44812798500061035,0.14848031103610992,0.40050309896469116,0.3679579794406891,0.12556661665439606,0.7454215288162231,0.4029024839401245,0.37319719791412354,0.4765593409538269,0.141326442360878,0.408061683177948,0.37162354588508606,0.14412705600261688,0.7298870086669922,0.4119359850883484,0.37823066115379333,0.43576064705848694,0.13929235935211182,0.7949289083480835,0.5060061812400818,-0.24259643256664276,0.9997432231903076,0.7702491879463196,0.5020516514778137,0.24293768405914307,0.9995660781860352,0.5547217130661011,0.5502476692199707,-0.31136253476142883,0.9868394136428833,0.5537330508232117,0.5441496968269348,0.3013598918914795,0.4655245542526245,0.6396913528442383,0.6670985221862793,-0.306265652179718,0.9875785112380981,0.6224637031555176,0.6450290679931641,0.4462476372718811,0.6283046007156372,0.6724788546562195,0.6842843890190125,-0.3032861053943634,0.9834856390953064,0.6562052369117737,0.6639881134033203,0.46204832196235657,0.6938323974609375,0.530766487121582,0.6847123503684998,-0.3541760742664337,0.9838863015174866,0.5283534526824951,0.6633017659187317,0.46793049573898315,0.7322221994400024
192,squat,1,0.4743597209453583,0.3463399410247803,-0.08819783478975296,0.9999616146087646,0.488582581281662,0.3376360237598419,-0.13235577940940857,0.9999697804450989,0.4922954738140106,0.3375328481197357,-0.13219627737998962,0.9999709725379944,0.496487557888031,0.3373907804489136,-0.13227900862693787,0.9999771118164062,0.4854412078857422,0.3374081254005432,-0.0642438679933548,0.9999693632125854,0.4869595170021057,0.33732733130455017,-0.06427361816167831,0.9999657273292542,0.4889943301677704,0.3372073173522949,-0.06416293233633041,0.9999745488166809,0.5222574472427368,0.34228333830833435,-0.21555903553962708,0.99996018409729,0.516943633556366,0.34122925996780396,0.08671857416629791,0.99996417760849,0.4819025695323944,0.3574517071247101,-0.11663002520799637,0.9999328255653381,0.479264497756958,0.3570902645587921,-0.02885117009282112,0.9999362230300903,0.5703522562980652,0.3965809643268585,-0.37574195861816406,0.9999427795410156,0.5691809058189392,0.40359407663345337,0.3188735246658325,0.9995865821838379,0.3909431993961334,0.4341821074485779,-0.2943713068962097,0.9909874200820923,0.4205605089664459,0.4361058175563812,0.38249099254608154,0.5970494747161865,0.38824811577796936,0.38559865951538086,0.1411253958940506,0.8397630453109741,0.3985174298286438,0.3934711515903473,0.3070642650127411,0.20512033998966217,0.38238728046417236,0.3714938759803772,0.13620223104953766,0.7519580721855164,0.38757920265197754,0.37804755568504333,0.3190403878688812,0.14309105277061462,0.4006938338279724,0.37073636054992676,0.12861566245555878,0.7355241179466248,0.40289556980133057,0.3757055401802063,0.34689295291900635,0.13625559210777283,0.40838587284088135,0.3744591176509857,0.14728647470474243,0.7202858924865723,0.4118335545063019,0.3798624277114868,0.31152281165122986,0.13434429466724396,0.795253574848175,0.5079264044761658,-0.2429172694683075,0.9997497200965881,0.768158495426178,0.5030887722969055,0.24326147139072418,0.99958336353302,0.5526769161224365,0.5501633882522583,-0.32576629519462585,0.9856932759284973,0.5509600639343262,0.5439802408218384,0.3022591173648834,0.4561769366264343,0.6396704316139221,0.6670942306518555,-0.3333054780960083,0.9868279695510864,0.6226209998130798,0.6445688605308533,0.446020245552063,0.6166455149650574,0.6730256676673889,0.6842685341835022,-0.33186987042427063,0.9826977849006653,0.6573557257652283,0.6635900735855103,0.4610901176929474,0.6865978240966797,0.531237006187439,0.6845762133598328,-0.392864853143692,0.983075737953186,0.5285797715187073,0.6633564829826355,0.4625411629676819,0.7237327694892883
193,squat,1,0.47422006726264954,0.352283239364624,-0.0888034775853157,0.9999622106552124,0.48834577202796936,0.3437581956386566,-0.1334373950958252,0.9999711513519287,0.4919644892215729,0.3437654376029968,-0.13326716423034668,0.9999724626541138,0.4961240589618683,0.343807578086853,-0.13334068655967712,0.9999781847000122,0.4854411482810974,0.34326907992362976,-0.06410424411296844,0.9999704957008362,0.4869985580444336,0.34303775429725647,-0.06413803994655609,0.9999669194221497,0.48906388878822327,0.3428439497947693,-0.06402331590652466,0.9999754428863525,0.5223000645637512,0.3484496474266052,-0.21816395223140717,0.9999614953994751,0.5170767307281494,0.34664812684059143,0.08890151977539062,0.9999662637710571,0.4818167984485626,0.36259230971336365,-0.11807888001203537,0.9999328851699829,0.4792865812778473,0.36225345730781555,-0.028741342946887016,0.9999377131462097,0.570044219493866,0.40246373414993286,-0.3814662992954254,0.9999397993087769,0.5684415698051453,0.40723177790641785,0.3207460343837738,0.9995687007904053,0.39108604192733765,0.4373493194580078,-0.3021537959575653,0.9906328320503235,0.41742074489593506,0.4387754797935486,0.3945166766643524,0.5881702899932861,0.388325959444046,0.3880957365036011,0.14084623754024506,0.8328080773353577,0.39663565158843994,0.3952237069606781,0.3374018669128418,0.19820259511470795,0.38242021203041077,0.3741621971130371,0.13646748661994934,0.7430398464202881,0.38754767179489136,0.3808631896972656,0.3527716100215912,0.13874594867229462,0.4009508788585663,0.3735034167766571,0.12863971292972565,0.7267200350761414,0.40286386013031006,0.37893933057785034,0.3806300461292267,0.1321869045495987,0.4084359109401703,0.37741032242774963,0.1472243219614029,0.7116676568984985,0.4116681218147278,0.3837215006351471,0.3423854112625122,0.13045531511306763,0.7958856821060181,0.5126898288726807,-0.24423448741436005,0.9997546076774597,0.7674727439880371,0.5071123242378235,0.24455782771110535,0.9995983839035034,0.5519485473632812,0.550314724445343,-0.3454837203025818,0.9849109053611755,0.5488634705543518,0.5439950823783875,0.30231913924217224,0.4512504041194916,0.6396966576576233,0.6677592992782593,-0.3663857877254486,0.9864614009857178,0.6220114827156067,0.6455667018890381,0.4348987638950348,0.6101740598678589,0.6731849312782288,0.6847887635231018,-0.3659273386001587,0.9823216199874878,0.6571031212806702,0.664757251739502,0.44796639680862427,0.6835021376609802,0.5312975645065308,0.6846317648887634,-0.4312814772129059,0.9827103018760681,0.5283931493759155,0.6643900871276855,0.45264923572540283,0.7192337512969971
194,squat,1,0.47387224435806274,0.3556734025478363,-0.09246554225683212,0.9999597072601318,0.48791417479515076,0.3468226194381714,-0.13929793238639832,0.999971330165863,0.4913863241672516,0.3467603325843811,-0.13914218544960022,0.9999728202819824,0.495394766330719,0.3467257618904114,-0.13922902941703796,0.9999784231185913,0.48521238565444946,0.34636175632476807,-0.06758730858564377,0.9999701976776123,0.4867733120918274,0.3461082875728607,-0.06761892884969711,0.9999663233757019,0.4887979030609131,0.3458925783634186,-0.06751099228858948,0.9999749064445496,0.5221549272537231,0.35150057077407837,-0.23361268639564514,0.9999610185623169,0.5168687701225281,0.3495338261127472,0.08625781536102295,0.9999667406082153,0.4816628098487854,0.36602768301963806,-0.12499619275331497,0.9999289512634277,0.47928059101104736,0.36554670333862305,-0.0323931910097599,0.9999354481697083,0.5706202983856201,0.4053398370742798,-0.4014742076396942,0.9999352693557739,0.5684958100318909,0.40930601954460144,0.31943973898887634,0.9995284676551819,0.39140447974205017,0.43981412053108215,-0.3214902877807617,0.9898854494094849,0.41661739349365234,0.4409158229827881,0.409823477268219,0.5654328465461731,0.38920167088508606,0.3911086916923523,0.13378453254699707,0.8229535818099976,0.3963640630245209,0.3978443443775177,0.3712843656539917,0.18799367547035217,0.3827662765979767,0.37755855917930603,0.1274716705083847,0.7317949533462524,0.3875691294670105,0.38389453291893005,0.38958877325057983,0.13246598839759827,0.4013558328151703,0.37689265608787537,0.11913815140724182,0.7157583832740784,0.4028646647930145,0.38184723258018494,0.4136849343776703,0.12636418640613556,0.40881332755088806,0.3806580603122711,0.14012329280376434,0.700482964515686,0.41157862544059753,0.3858216404914856,0.3753003776073456,0.12483823299407959,0.7981966733932495,0.5148656368255615,-0.24966904520988464,0.9997642040252686,0.7671298384666443,0.5088426470756531,0.24998317658901215,0.9996147155761719,0.5521791577339172,0.5502805709838867,-0.37536922097206116,0.9839179515838623,0.5493630766868591,0.5439255833625793,0.33904844522476196,0.44296538829803467,0.6396906971931458,0.6677776575088501,-0.41159072518348694,0.9862619638442993,0.6214930415153503,0.6454831957817078,0.4705906808376312,0.6031256318092346,0.6738573908805847,0.6849888563156128,-0.4131196141242981,0.9819717407226562,0.6565784811973572,0.6643659472465515,0.48356541991233826,0.6793874502182007,0.5310739874839783,0.6848199367523193,-0.4942617416381836,0.9825664162635803,0.5281463265419006,0.6645722985267639,0.48245474696159363,0.7144027352333069
195,squat,1,0.4729849398136139,0.3586101830005646,-0.08954083919525146,0.9999569654464722,0.48705780506134033,0.3493940532207489,-0.1365772932767868,0.9999710321426392,0.49042192101478577,0.34931421279907227,-0.13643531501293182,0.9999727606773376,0.49421724677085876,0.3491864800453186,-0.1365320235490799,0.9999784231185913,0.48459717631340027,0.3488646447658539,-0.06520149111747742,0.9999695420265198,0.48621225357055664,0.3485799729824066,-0.0652293786406517,0.9999651908874512,0.48823967576026917,0.3483009934425354,-0.06512851268053055,0.9999740719795227,0.5214983820915222,0.35355424880981445,-0.2339829057455063,0.9999596476554871,0.5164608955383301,0.35165882110595703,0.08621528744697571,0.9999665021896362,0.481196790933609,0.36873897910118103,-0.12244806438684464,0.9999236464500427,0.4790056645870209,0.3683128356933594,-0.03000522218644619,0.9999318718910217,0.5703651309013367,0.40793362259864807,-0.3978535830974579,0.9999309182167053,0.5697617530822754,0.4108722507953644,0.3205248713493347,0.9994834661483765,0.39153069257736206,0.443206250667572,-0.313238263130188,0.9888535141944885,0.4167104959487915,0.44386976957321167,0.43860846757888794,0.5406399369239807,0.3887210488319397,0.3956671953201294,0.13624538481235504,0.8165185451507568,0.39496204257011414,0.4021346867084503,0.4320949912071228,0.1792754977941513,0.3824467658996582,0.38157185912132263,0.12977269291877747,0.7250648736953735,0.38659247756004333,0.38778144121170044,0.4559837877750397,0.12739792466163635,0.400969535112381,0.38044464588165283,0.12106725573539734,0.7095691561698914,0.40171992778778076,0.3851269781589508,0.4651944637298584,0.12184308469295502,0.40853753685951233,0.3845229148864746,0.1425265669822693,0.6937835216522217,0.41026315093040466,0.38900813460350037,0.4314064383506775,0.12049717456102371,0.7987987995147705,0.5172847509384155,-0.24966132640838623,0.999775230884552,0.7675238847732544,0.51043701171875,0.24997735023498535,0.9996327757835388,0.5524510145187378,0.55045485496521,-0.3599337041378021,0.982988178730011,0.5504202842712402,0.5438970923423767,0.38925325870513916,0.4332289695739746,0.6399138569831848,0.6689038276672363,-0.3825337588787079,0.9858947396278381,0.621704638004303,0.6452142596244812,0.5658639073371887,0.5957453846931458,0.6743199229240417,0.6857707500457764,-0.38195815682411194,0.9813954830169678,0.656929075717926,0.6636780500411987,0.5838123559951782,0.6741465926170349,0.5311126112937927,0.6849762797355652,-0.455565482378006,0.9822618365287781,0.528140127658844,0.6644564867019653,0.5872982740402222,0.7097804546356201
196,squat,1,0.47142720222473145,0.3617675006389618,-0.08057184517383575,0.9999529123306274,0.4852850139141083,0.35257530212402344,-0.12903018295764923,0.9999702572822571,0.4885973334312439,0.3525052070617676,-0.12893594801425934,0.9999721646308899,0.4922081530094147,0.3523516058921814,-0.12906935811042786,0.9999781847000122,0.4831167459487915,0.351957768201828,-0.0563015379011631,0.9999681711196899,0.4848540425300598,0.35162633657455444,-0.056327685713768005,0.999963104724884,0.48695820569992065,0.35127973556518555,-0.05625050142407417,0.9999727010726929,0.5201703310012817,0.3562113344669342,-0.23049592971801758,0.9999573826789856,0.5155344605445862,0.3543483018875122,0.09229982644319534,0.9999654293060303,0.4803057909011841,0.3716509938240051,-0.11719829589128494,0.9999169707298279,0.4783600866794586,0.3712710440158844,-0.022536540403962135,0.9999266862869263,0.5693832039833069,0.410230427980423,-0.39248794317245483,0.9999260306358337,0.571384072303772,0.4134173095226288,0.3251108229160309,0.9994301795959473,0.39157676696777344,0.44525712728500366,-0.30950820446014404,0.9878275990486145,0.4192146956920624,0.44624054431915283,0.4543844163417816,0.5164774060249329,0.3870999813079834,0.3977743089199066,0.14109766483306885,0.8098534941673279,0.39360448718070984,0.40521857142448425,0.43966078758239746,0.17101003229618073,0.38129696249961853,0.3833967447280884,0.13336622714996338,0.7177515029907227,0.385500967502594,0.3908980190753937,0.4603661298751831,0.12255558371543884,0.3990460932254791,0.3822975754737854,0.1219051256775856,0.7025562524795532,0.3999949097633362,0.3879943788051605,0.4656454622745514,0.11750584095716476,0.40629270672798157,0.3863378167152405,0.14606733620166779,0.6868405342102051,0.4082738161087036,0.3918342888355255,0.43749213218688965,0.11633402854204178,0.7986299395561218,0.5190844535827637,-0.24964888393878937,0.999786913394928,0.7678799629211426,0.5120170712471008,0.24996688961982727,0.9996505379676819,0.5518131256103516,0.5505726337432861,-0.3542238473892212,0.9820215106010437,0.5508583188056946,0.5440822243690491,0.3953709602355957,0.42307576537132263,0.6403849124908447,0.6694725155830383,-0.37726110219955444,0.9855237603187561,0.6217349767684937,0.6452116966247559,0.5656951069831848,0.588045060634613,0.6756306886672974,0.6862974166870117,-0.37720951437950134,0.9808738827705383,0.6570642590522766,0.6633289456367493,0.5826616287231445,0.6684392094612122,0.5314268469810486,0.6848517060279846,-0.45632603764533997,0.9820082783699036,0.5280904769897461,0.6635577082633972,0.5812940001487732,0.7053056955337524
197,squat,1,0.4706788659095764,0.3638956546783447,-0.0784127414226532,0.9999516606330872,0.4844081401824951,0.3547610342502594,-0.12739522755146027,0.999970555305481,0.48771679401397705,0.3547036945819855,-0.12731732428073883,0.9999725818634033,0.491244375705719,0.35455307364463806,-0.1274663656949997,0.9999786019325256,0.4822380244731903,0.35414937138557434,-0.054199472069740295,0.9999682307243347,0.48398005962371826,0.3538278639316559,-0.05422476306557655,0.9999628663063049,0.4860740900039673,0.35348251461982727,-0.054149992763996124,0.9999725818634033,0.5191842317581177,0.3582923114299774,-0.22755663096904755,0.9999572038650513,0.5147271156311035,0.3564909100532532,0.09345632046461105,0.9999658465385437,0.4797807037830353,0.37383145093917847,-0.1164221540093422,0.999914824962616,0.477864533662796,0.3735135495662689,-0.020685965195298195,0.999925434589386,0.5681647658348083,0.41317734122276306,-0.3898864686489105,0.9999233484268188,0.5713815093040466,0.41523176431655884,0.3252509832382202,0.9994063377380371,0.39168575406074524,0.4484195113182068,-0.3079758882522583,0.9869697690010071,0.41962170600891113,0.44840365648269653,0.4594009816646576,0.4983631670475006,0.3866966962814331,0.40070614218711853,0.14987759292125702,0.8033830523490906,0.39183101058006287,0.4069545567035675,0.4508613348007202,0.164413720369339,0.3808879852294922,0.385937362909317,0.14205214381217957,0.7108851671218872,0.38423487544059753,0.3925861418247223,0.472168892621994,0.11878067255020142,0.3987169563770294,0.384988009929657,0.12899120151996613,0.6960770487785339,0.39834219217300415,0.3896234631538391,0.4807130992412567,0.11416910588741302,0.4060140550136566,0.389189749956131,0.15442371368408203,0.6802736520767212,0.4068279266357422,0.3941669166088104,0.45002803206443787,0.11311764270067215,0.7987167835235596,0.5212999582290649,-0.24968072772026062,0.9997963905334473,0.7678941488265991,0.5136054754257202,0.2500002384185791,0.9996666312217712,0.5517280101776123,0.5508722066879272,-0.35480406880378723,0.9813476204872131,0.5510876774787903,0.5447820425033569,0.3977735936641693,0.41509944200515747,0.6406003832817078,0.6699678301811218,-0.37884441018104553,0.9851943850517273,0.6216124892234802,0.64548259973526,0.5714874267578125,0.5813316702842712,0.6757655739784241,0.6871748566627502,-0.37893038988113403,0.9804224967956543,0.6569932699203491,0.6635068655014038,0.5891513228416443,0.6637791395187378,0.5369248986244202,0.6852809190750122,-0.45744338631629944,0.9817029237747192,0.5273887515068054,0.662849485874176,0.5917572379112244,0.700711190700531
198,squat,1,0.46987292170524597,0.3677310347557068,-0.07423422485589981,0.9999510049819946,0.4838753342628479,0.35878005623817444,-0.12265786528587341,0.9999710917472839,0.4871380925178528,0.3587090075016022,-0.12257400900125504,0.9999731779098511,0.49061065912246704,0.35863399505615234,-0.12272059917449951,0.9999791383743286,0.481772780418396,0.35816535353660583,-0.050277091562747955,0.9999685287475586,0.48351943492889404,0.3577948212623596,-0.05030204728245735,0.9999629259109497,0.4855881631374359,0.35741299390792847,-0.05022704601287842,0.9999727010726929,0.5186475515365601,0.3626140356063843,-0.22495552897453308,0.9999575614929199,0.5140555500984192,0.36063966155052185,0.0964137390255928,0.9999664425849915,0.478853702545166,0.37757375836372375,-0.11179947853088379,0.9999139308929443,0.4770061671733856,0.3772154748439789,-0.01705552637577057,0.9999252557754517,0.5681259036064148,0.41676807403564453,-0.389537513256073,0.9999209642410278,0.5713611245155334,0.41913706064224243,0.3256828486919403,0.9993783831596375,0.3917635381221771,0.45154672861099243,-0.3059244155883789,0.9863377213478088,0.4150616228580475,0.45191115140914917,0.45843860507011414,0.48214617371559143,0.38666778802871704,0.4032256007194519,0.1497335135936737,0.7977157831192017,0.390654593706131,0.4083981513977051,0.4420354962348938,0.15743553638458252,0.38050463795661926,0.38918596506118774,0.1415245532989502,0.7048424482345581,0.38321661949157715,0.39491233229637146,0.46073734760284424,0.11446559429168701,0.3982290029525757,0.3878619074821472,0.12882086634635925,0.6903786659240723,0.39760375022888184,0.39256030321121216,0.4724920392036438,0.1102471575140953,0.4054316282272339,0.3922123908996582,0.1541586071252823,0.6746720671653748,0.40592777729034424,0.39670997858047485,0.44123849272727966,0.10935509204864502,0.7992154359817505,0.5246264338493347,-0.24964334070682526,0.9998056292533875,0.7681870460510254,0.5171794295310974,0.24995985627174377,0.9996819496154785,0.5512601733207703,0.5514665246009827,-0.35499611496925354,0.9810070991516113,0.5511355400085449,0.546053946018219,0.39708614349365234,0.406642347574234,0.6406285166740417,0.6706015467643738,-0.38084810972213745,0.9850985407829285,0.621512234210968,0.6466366052627563,0.5666303634643555,0.5754138827323914,0.6762065887451172,0.6875603795051575,-0.3812057077884674,0.9801733493804932,0.6569094657897949,0.6636914014816284,0.5836032629013062,0.65924072265625,0.5400126576423645,0.6868512034416199,-0.4611072540283203,0.9815826416015625,0.5262747406959534,0.6628448963165283,0.5831688046455383,0.6961120963096619
199,squat,1,0.46957361698150635,0.3702780604362488,-0.07188884168863297,0.9999495148658752,0.4836176931858063,0.36144283413887024,-0.11959478259086609,0.999971330165863,0.4868616759777069,0.36136239767074585,-0.11950258910655975,0.9999734163284302,0.4902936518192291,0.3612558841705322,-0.1196419894695282,0.9999794363975525,0.48145806789398193,0.36083653569221497,-0.048035476356744766,0.9999685883522034,0.4831623136997223,0.36049211025238037,-0.048066478222608566,0.9999626874923706,0.48515206575393677,0.3601338565349579,-0.04799510911107063,0.9999727010726929,0.5181863307952881,0.36513960361480713,-0.22063817083835602,0.9999575614929199,0.5133765339851379,0.36335161328315735,0.09850624948740005,0.9999668002128601,0.4785224497318268,0.3802095651626587,-0.10873492062091827,0.9999128580093384,0.4766361713409424,0.37980160117149353,-0.015180656686425209,0.9999253749847412,0.5680718421936035,0.4191279411315918,-0.38914528489112854,0.9999188780784607,0.5704953074455261,0.42123910784721375,0.32609373331069946,0.9993646144866943,0.3921312391757965,0.45401257276535034,-0.30572476983070374,0.9857832193374634,0.41058680415153503,0.45432668924331665,0.4438283145427704,0.46789461374282837,0.3865678310394287,0.40627890825271606,0.150283083319664,0.7918194532394409,0.3898189663887024,0.41105741262435913,0.40223509073257446,0.15134325623512268,0.3800179064273834,0.39198753237724304,0.14213187992572784,0.6980762481689453,0.3825927674770355,0.3973940908908844,0.416446715593338,0.11074097454547882,0.3974445164203644,0.3904840052127838,0.12900760769844055,0.683911144733429,0.39672964811325073,0.394614040851593,0.43461525440216064,0.10683442652225494,0.4047280251979828,0.39471709728240967,0.15451514720916748,0.6682846546173096,0.4050534963607788,0.3991084098815918,0.4030994176864624,0.10609561204910278,0.7997586727142334,0.5271787643432617,-0.24953459203243256,0.999815046787262,0.7683663368225098,0.5190444588661194,0.24983853101730347,0.9996976256370544,0.550654411315918,0.5515068769454956,-0.35296642780303955,0.980640172958374,0.5514063239097595,0.5462294816970825,0.4091487228870392,0.3958473801612854,0.6399706602096558,0.6707556843757629,-0.377062052488327,0.9849110841751099,0.6210588216781616,0.6466636657714844,0.5707258582115173,0.5675583481788635,0.6756753325462341,0.687468409538269,-0.3770831525325775,0.9798357486724854,0.6565027832984924,0.6633638143539429,0.5864617824554443,0.6531010866165161,0.5298501253128052,0.6845632791519165,-0.45362305641174316,0.98140549659729,0.5249006152153015,0.662785530090332,0.5858243107795715,0.6902769207954407
200,squat,1,0.4691193997859955,0.37247952818870544,-0.05727588012814522,0.9999492764472961,0.4832322597503662,0.36393705010414124,-0.10196560621261597,0.9999720454216003,0.4865097105503082,0.36389321088790894,-0.10186270624399185,0.9999740719795227,0.4899369180202484,0.363790899515152,-0.10199009627103806,0.999980092048645,0.48086321353912354,0.36331647634506226,-0.03435669466853142,0.9999691247940063,0.48249101638793945,0.3630192279815674,-0.03439011052250862,0.999963104724884,0.48440447449684143,0.3627007007598877,-0.034317340701818466,0.9999732375144958,0.5176012516021729,0.36775699257850647,-0.19493144750595093,0.999958336353302,0.5126106142997742,0.3660106062889099,0.10710947215557098,0.9999679923057556,0.47809386253356934,0.38250234723091125,-0.09141343832015991,0.9999138116836548,0.47596070170402527,0.38200220465660095,-0.003453813260421157,0.999926745891571,0.5676589012145996,0.42219528555870056,-0.3523450195789337,0.999916672706604,0.5683508515357971,0.42284101247787476,0.32211118936538696,0.9993481636047363,0.3922003209590912,0.4566510021686554,-0.26079896092414856,0.9853048324584961,0.40815019607543945,0.45654237270355225,0.4262091815471649,0.4600159823894501,0.38651371002197266,0.40845951437950134,0.17040911316871643,0.7822923064231873,0.38921165466308594,0.413407564163208,0.3954484462738037,0.14521682262420654,0.3797568380832672,0.3937467932701111,0.1661181002855301,0.6870160698890686,0.3823390007019043,0.3986877202987671,0.40641891956329346,0.10663139075040817,0.3973042070865631,0.3929359018802643,0.14876487851142883,0.6730913519859314,0.39655619859695435,0.396520733833313,0.4283365309238434,0.10302183032035828,0.4045166075229645,0.39712265133857727,0.17234884202480316,0.6589325070381165,0.4048632085323334,0.4012606143951416,0.39790603518486023,0.10242396593093872,0.7999576926231384,0.5293219089508057,-0.23616988956928253,0.9998210668563843,0.7683995962142944,0.52037113904953,0.2364189326763153,0.9997084736824036,0.5497026443481445,0.551915168762207,-0.3362758159637451,0.9801970720291138,0.5513598322868347,0.5467872023582458,0.3833034634590149,0.3869803249835968,0.6398593783378601,0.6707577109336853,-0.3675316572189331,0.9843711853027344,0.6194266080856323,0.6462613344192505,0.5026352405548096,0.5564344525337219,0.6752495765686035,0.6864403486251831,-0.36819079518318176,0.9791044592857361,0.6549827456474304,0.6618832349777222,0.5142589211463928,0.6423324346542358,0.5265781283378601,0.6833058595657349,-0.4351048767566681,0.9806351065635681,0.5240097641944885,0.6626302003860474,0.5149588584899902,0.6804355978965759
201,squat,1,0.46814966201782227,0.37570860981941223,-0.04647142067551613,0.9999489188194275,0.482114315032959,0.3671470284461975,-0.08988597244024277,0.9999724626541138,0.48547282814979553,0.3671073019504547,-0.08977153152227402,0.9999744296073914,0.4889017343521118,0.36699017882347107,-0.08988673239946365,0.9999805688858032,0.47950485348701477,0.366472989320755,-0.024215662851929665,0.9999693632125854,0.48107272386550903,0.36614444851875305,-0.024241836741566658,0.9999631643295288,0.482945054769516,0.365811288356781,-0.024172328412532806,0.9999736547470093,0.5163384675979614,0.3707166612148285,-0.1787247210741043,0.9999582767486572,0.5113118290901184,0.36897894740104675,0.1149560809135437,0.9999687671661377,0.4773500859737396,0.3856258988380432,-0.07900458574295044,0.9999136924743652,0.47498059272766113,0.3850148022174835,0.006271375343203545,0.9999273419380188,0.5660049319267273,0.4252607226371765,-0.32899659872055054,0.9999142289161682,0.5680051445960999,0.4245142936706543,0.32234933972358704,0.9993283748626709,0.3919743597507477,0.4591902792453766,-0.23670372366905212,0.9847666025161743,0.4086850881576538,0.45863276720046997,0.42394188046455383,0.45340636372566223,0.38614606857299805,0.41065528988838196,0.18352855741977692,0.7739982604980469,0.38875439763069153,0.4147017300128937,0.3978522717952728,0.1400233954191208,0.37938687205314636,0.39583927392959595,0.1799018383026123,0.6775780320167542,0.38200828433036804,0.40019798278808594,0.40665584802627563,0.10316772013902664,0.3968922793865204,0.3953853249549866,0.16164064407348633,0.6636549234390259,0.3962157964706421,0.3985532224178314,0.4295389950275421,0.09977144002914429,0.40420904755592346,0.3993046283721924,0.18456736207008362,0.6511263251304626,0.4043218791484833,0.4031398594379425,0.4005250334739685,0.09925450384616852,0.7998942136764526,0.531206488609314,-0.22824713587760925,0.9998254776000977,0.7705740332603455,0.5220439434051514,0.22845998406410217,0.9997150897979736,0.5485836863517761,0.5522536039352417,-0.3286410868167877,0.9800077676773071,0.5515121817588806,0.5473634600639343,0.36631518602371216,0.37837982177734375,0.6395094990730286,0.6712772846221924,-0.36591044068336487,0.9841034412384033,0.6187490224838257,0.6462494730949402,0.4809505343437195,0.5473570823669434,0.6739541292190552,0.6863037943840027,-0.36721742153167725,0.9787434935569763,0.6545773148536682,0.6617041826248169,0.4923569858074188,0.633582592010498,0.5244176387786865,0.6827189922332764,-0.4292457401752472,0.980196475982666,0.5237485766410828,0.6626428365707397,0.4931015968322754,0.6728399991989136
202,squat,1,0.46746641397476196,0.3816854953765869,-0.04728978872299194,0.99994957447052,0.48152488470077515,0.37279215455055237,-0.090117909014225,0.9999732375144958,0.4849054217338562,0.37273237109184265,-0.09000828117132187,0.9999750852584839,0.48845940828323364,0.3727354109287262,-0.09012395888566971,0.9999812245368958,0.47912871837615967,0.37220531702041626,-0.02507977932691574,0.9999700784683228,0.48079678416252136,0.3717959523200989,-0.025105856359004974,0.9999637603759766,0.48278728127479553,0.3713815212249756,-0.025045476853847504,0.9999743700027466,0.5162323117256165,0.3768062889575958,-0.17730571329593658,0.9999588131904602,0.511069118976593,0.3744664192199707,0.11405449360609055,0.9999699592590332,0.4764493703842163,0.39152032136917114,-0.07892981916666031,0.9999150037765503,0.47429633140563965,0.3910282850265503,0.005658188369125128,0.9999293684959412,0.5629339814186096,0.4309019446372986,-0.32317501306533813,0.9999132752418518,0.5680289268493652,0.4288494288921356,0.31752878427505493,0.9993284940719604,0.39081522822380066,0.46524253487586975,-0.23203055560588837,0.9843907952308655,0.4078731834888458,0.4633769392967224,0.42210784554481506,0.45086756348609924,0.38555148243904114,0.4157949388027191,0.17749153077602386,0.7728122472763062,0.38826948404312134,0.4183914065361023,0.40211787819862366,0.13870814442634583,0.37762701511383057,0.4016581177711487,0.17473331093788147,0.6766736507415771,0.38092464208602905,0.4051052927970886,0.4107425808906555,0.10262893885374069,0.39529886841773987,0.40091243386268616,0.15943661332130432,0.6629514694213867,0.39514774084091187,0.4036932587623596,0.4309810996055603,0.09946384280920029,0.4030321538448334,0.40556594729423523,0.18056701123714447,0.6513124108314514,0.4031082093715668,0.408912718296051,0.40419721603393555,0.09904804825782776,0.7995087504386902,0.5366644859313965,-0.22352170944213867,0.9998334646224976,0.7722853422164917,0.5267067551612854,0.2237091213464737,0.9997276067733765,0.546868622303009,0.5533621311187744,-0.31733325123786926,0.9800494313240051,0.5516256093978882,0.5485782623291016,0.38340771198272705,0.37062323093414307,0.6387590169906616,0.671495795249939,-0.3487861454486847,0.9840402007102966,0.6171738505363464,0.6456091403961182,0.5312631726264954,0.5415557026863098,0.6727713346481323,0.6860780119895935,-0.3493240773677826,0.9785973429679871,0.6527013778686523,0.6603917479515076,0.5462258458137512,0.6287034749984741,0.5232617259025574,0.682201087474823,-0.4074850380420685,0.97999107837677,0.5236076712608337,0.6625081896781921,0.5554913878440857,0.6684626936912537
203,squat,1,0.46690982580184937,0.38340431451797485,-0.047760188579559326,0.9999498724937439,0.4813571572303772,0.3749051094055176,-0.08970434218645096,0.9999739527702332,0.48475682735443115,0.3748526871204376,-0.08958752453327179,0.9999758005142212,0.48832377791404724,0.3748316168785095,-0.08970069885253906,0.9999818801879883,0.4786275625228882,0.37426334619522095,-0.02562241442501545,0.9999707937240601,0.4801488220691681,0.3739320635795593,-0.025654355064034462,0.9999644160270691,0.48196637630462646,0.373587965965271,-0.02559053525328636,0.9999750256538391,0.5159707069396973,0.3792889714241028,-0.17425362765789032,0.9999597072601318,0.5099377632141113,0.377165824174881,0.11304587870836258,0.9999712109565735,0.47594672441482544,0.3937785029411316,-0.07881280034780502,0.9999163150787354,0.47324320673942566,0.3929205536842346,0.004631395917385817,0.9999311566352844,0.5628073215484619,0.4342518746852875,-0.32116493582725525,0.9999096989631653,0.5645018219947815,0.43229159712791443,0.3074769079685211,0.9993099570274353,0.3911501169204712,0.46799901127815247,-0.22550369799137115,0.9835992455482483,0.40391409397125244,0.4664398431777954,0.4107024073600769,0.44475066661834717,0.38555142283439636,0.41891539096832275,0.18782177567481995,0.7611792087554932,0.3868030309677124,0.42100557684898376,0.40135183930397034,0.13313190639019012,0.3775472640991211,0.4043225347995758,0.1846189647912979,0.6641783714294434,0.3799414038658142,0.40702158212661743,0.40974822640419006,0.09890216588973999,0.3952157497406006,0.4035031795501709,0.16519345343112946,0.6508011221885681,0.39458152651786804,0.4058888554573059,0.4320509433746338,0.09601902961730957,0.40292805433273315,0.40804943442344666,0.18840467929840088,0.6408753395080566,0.40260615944862366,0.4107903242111206,0.4042869210243225,0.09577027708292007,0.7994816303253174,0.5387224555015564,-0.220398411154747,0.9998356103897095,0.7722333073616028,0.5289672017097473,0.22056944668293,0.9997336864471436,0.547093391418457,0.5537465810775757,-0.31516021490097046,0.9798544645309448,0.5511769652366638,0.5493178963661194,0.36091646552085876,0.3634207546710968,0.6380588412284851,0.6714453101158142,-0.3435353636741638,0.9836812615394592,0.6161435842514038,0.6454691886901855,0.48144274950027466,0.5333694219589233,0.6708277463912964,0.6852142810821533,-0.343496710062027,0.978105366230011,0.6515325307846069,0.659931480884552,0.49306052923202515,0.620101809501648,0.5216749906539917,0.6821912527084351,-0.40159961581230164,0.9792937636375427,0.5227913856506348,0.6629467010498047,0.49674850702285767,0.6601160764694214
204,squat,1,0.46583566069602966,0.386744886636734,-0.049303337931632996,0.99994957447052,0.48046988248825073,0.378073513507843,-0.09236177057027817,0.9999743103981018,0.48397096991539,0.3780466616153717,-0.09224171936511993,0.9999760985374451,0.48755282163619995,0.3779774606227875,-0.09235308319330215,0.9999822378158569,0.4774564504623413,0.377276748418808,-0.027005601674318314,0.9999711513519287,0.4789518117904663,0.3769215941429138,-0.027034172788262367,0.9999646544456482,0.4807452857494354,0.376564085483551,-0.026966460049152374,0.9999754428863525,0.5150519013404846,0.38229551911354065,-0.17777274549007416,0.9999596476554871,0.5086554884910583,0.3801057040691376,0.1128874272108078,0.9999721050262451,0.47529059648513794,0.39709144830703735,-0.080936498939991,0.9999161958694458,0.4724051058292389,0.39621701836586,0.004522586241364479,0.9999322295188904,0.5627278685569763,0.43716397881507874,-0.3218322992324829,0.9999046325683594,0.5644683837890625,0.4337513744831085,0.3022591471672058,0.9993000030517578,0.39111682772636414,0.47111812233924866,-0.22343431413173676,0.98284512758255,0.40263018012046814,0.4687138795852661,0.4110460877418518,0.44111883640289307,0.3859127163887024,0.4216029942035675,0.19286565482616425,0.7481041550636292,0.38678058981895447,0.42355960607528687,0.4028588831424713,0.12824676930904388,0.37759047746658325,0.40674087405204773,0.18862499296665192,0.6499922871589661,0.3798632025718689,0.40918299555778503,0.41296419501304626,0.09561723470687866,0.3953908681869507,0.4063262641429901,0.16977721452713013,0.6367801427841187,0.3946143686771393,0.4082172214984894,0.4335801601409912,0.09293489158153534,0.40367257595062256,0.4105188846588135,0.19307240843772888,0.6287844777107239,0.4026491343975067,0.41301172971725464,0.4069799482822418,0.09281633049249649,0.7994340062141418,0.5403502583503723,-0.21956415474414825,0.9998353719711304,0.7742907404899597,0.5305631756782532,0.2197016030550003,0.9997368454933167,0.5471710562705994,0.5538814663887024,-0.31064218282699585,0.9797182679176331,0.5499425530433655,0.5492805242538452,0.34468644857406616,0.35505127906799316,0.6372275352478027,0.6712273955345154,-0.32496169209480286,0.9834915995597839,0.6158254742622375,0.6454706788063049,0.4575503170490265,0.5256022214889526,0.6700040698051453,0.6848590970039368,-0.32281970977783203,0.9777886867523193,0.6513702869415283,0.6599615216255188,0.468508243560791,0.6123508214950562,0.5209575295448303,0.6815325021743774,-0.37211495637893677,0.9787596464157104,0.5227637887001038,0.6634905934333801,0.4717835485935211,0.6520498394966125
205,squat,1,0.46530771255493164,0.3900865316390991,-0.05007898434996605,0.9999497532844543,0.4796132445335388,0.38111093640327454,-0.09287374466657639,0.99997478723526,0.4831656515598297,0.3811083137989044,-0.09274714440107346,0.9999764561653137,0.4867401421070099,0.38100215792655945,-0.09285864979028702,0.9999826550483704,0.47658905386924744,0.3803190588951111,-0.027843546122312546,0.9999716877937317,0.47811511158943176,0.379972368478775,-0.027872871607542038,0.9999651908874512,0.4799499809741974,0.37961238622665405,-0.027801895514130592,0.9999760389328003,0.5138227939605713,0.384753555059433,-0.17808537185192108,0.9999598264694214,0.5078070759773254,0.3826700747013092,0.11223742365837097,0.9999731183052063,0.474974662065506,0.40014272928237915,-0.0814266949892044,0.9999169111251831,0.47213664650917053,0.3994660973548889,0.003540104255080223,0.9999339580535889,0.5614780783653259,0.4396567642688751,-0.3217568099498749,0.9999024271965027,0.5645959973335266,0.4349514842033386,0.3035281002521515,0.9993107914924622,0.38948649168014526,0.4744158685207367,-0.21780294179916382,0.9826363325119019,0.4031524360179901,0.4713726043701172,0.4120391011238098,0.44327211380004883,0.3862330913543701,0.42574191093444824,0.20982085168361664,0.7362594604492188,0.386829674243927,0.4268292486667633,0.4044901132583618,0.12495460361242294,0.37771978974342346,0.41148167848587036,0.20580995082855225,0.6362806558609009,0.37988635897636414,0.4131619930267334,0.4139311611652374,0.09333387017250061,0.39603015780448914,0.41084927320480347,0.1881382316350937,0.6232560873031616,0.39480215311050415,0.4118751883506775,0.43569815158843994,0.09082906693220139,0.40451300144195557,0.4154408872127533,0.21054553985595703,0.6173396706581116,0.4030211567878723,0.4162907004356384,0.40834835171699524,0.09082008898258209,0.798600435256958,0.5420936942100525,-0.22003315389156342,0.9998374581336975,0.7759932279586792,0.5317190885543823,0.220162034034729,0.9997429847717285,0.5459234714508057,0.554438054561615,-0.30162039399147034,0.9795159697532654,0.5488840341567993,0.5494982004165649,0.3546438217163086,0.3459722697734833,0.6367706656455994,0.6711839437484741,-0.3036222755908966,0.9832492470741272,0.6155633330345154,0.6454905867576599,0.4757738411426544,0.5176997780799866,0.6695765852928162,0.6848529577255249,-0.2997700273990631,0.9774758815765381,0.6511354446411133,0.6599602699279785,0.48779433965682983,0.6055575013160706,0.5209583640098572,0.681607723236084,-0.3402958810329437,0.9781922698020935,0.5227910280227661,0.6642804145812988,0.5051835179328918,0.644651472568512
206,squat,1,0.4646663963794708,0.3951987624168396,-0.04988976567983627,0.9999505877494812,0.47899067401885986,0.3864200711250305,-0.09250396490097046,0.9999755620956421,0.4825514256954193,0.3863151967525482,-0.09237509220838547,0.9999771118164062,0.4862334430217743,0.38626816868782043,-0.09248574078083038,0.9999831914901733,0.47595158219337463,0.3857736885547638,-0.02796611748635769,0.9999725818634033,0.4774360954761505,0.3853769898414612,-0.02800093963742256,0.9999661445617676,0.479236900806427,0.38496026396751404,-0.027932481840252876,0.9999768137931824,0.5135615468025208,0.39056846499443054,-0.17850874364376068,0.9999608397483826,0.5072836875915527,0.38827332854270935,0.11211909353733063,0.9999741911888123,0.47410476207733154,0.40556252002716064,-0.08130533993244171,0.9999185800552368,0.4711748957633972,0.4046420753002167,0.0030266568064689636,0.9999363422393799,0.5604043006896973,0.44490721821784973,-0.32358530163764954,0.9999018311500549,0.564469575881958,0.44021716713905334,0.3027004897594452,0.9993270039558411,0.38954925537109375,0.4793753921985626,-0.2167738676071167,0.982002854347229,0.4016399383544922,0.476841539144516,0.40457266569137573,0.44065767526626587,0.3862864375114441,0.4304320514202118,0.2086290717124939,0.7293372750282288,0.3868303596973419,0.43209490180015564,0.39149168133735657,0.12226131558418274,0.3777226507663727,0.41629287600517273,0.20319585502147675,0.6291519999504089,0.3797045946121216,0.41813603043556213,0.39872393012046814,0.09175398200750351,0.3960338830947876,0.4154072105884552,0.18494321405887604,0.6162862181663513,0.39479419589042664,0.4169634282588959,0.4207843244075775,0.08941051363945007,0.40451154112815857,0.4198233485221863,0.20922814309597015,0.6117277145385742,0.40306010842323303,0.4217332899570465,0.39479967951774597,0.08955216407775879,0.798549473285675,0.5456563234329224,-0.22071513533592224,0.9998423457145691,0.7778641581535339,0.5353237986564636,0.22084221243858337,0.9997532367706299,0.5457996129989624,0.5546420216560364,-0.30547916889190674,0.9792975187301636,0.5483427047729492,0.5495817065238953,0.38658544421195984,0.334410697221756,0.6357410550117493,0.6706715822219849,-0.31003713607788086,0.9826726913452148,0.6146761775016785,0.645487904548645,0.527480959892273,0.508428692817688,0.6691863536834717,0.6848544478416443,-0.3067784905433655,0.9767592549324036,0.6496352553367615,0.659542441368103,0.5410457253456116,0.5981160402297974,0.52074134349823,0.6816638112068176,-0.3528318703174591,0.9773313403129578,0.5227355360984802,0.6651888489723206,0.5516864657402039,0.6361944675445557
207,squat,1,0.4641856253147125,0.3987214267253876,-0.05049653723835945,0.9999517202377319,0.47802484035491943,0.38955727219581604,-0.09317589551210403,0.9999763369560242,0.4815730154514313,0.3895014524459839,-0.09304651618003845,0.9999778270721436,0.4851977229118347,0.3894062340259552,-0.09315502643585205,0.9999837875366211,0.4751605689525604,0.38883131742477417,-0.02842731960117817,0.9999735355377197,0.4767260253429413,0.388456255197525,-0.028459150344133377,0.9999672174453735,0.4785853326320648,0.3880653977394104,-0.02838767319917679,0.999977707862854,0.5124626159667969,0.3932275176048279,-0.17829649150371552,0.9999617338180542,0.5065295100212097,0.39100396633148193,0.11024085432291031,0.999975323677063,0.47393426299095154,0.40853166580200195,-0.08198070526123047,0.9999203681945801,0.4711417555809021,0.40785321593284607,0.002661974634975195,0.9999386072158813,0.5602847933769226,0.4472195506095886,-0.32003599405288696,0.9998998641967773,0.5648217797279358,0.4415096938610077,0.29664742946624756,0.9993373155593872,0.38945144414901733,0.48217445611953735,-0.21373537182807922,0.9814284443855286,0.401801198720932,0.47896745800971985,0.40658968687057495,0.4403964877128601,0.38628891110420227,0.4349038600921631,0.20289529860019684,0.7211335897445679,0.3867664337158203,0.4351094663143158,0.4071808159351349,0.12005117535591125,0.3775504231452942,0.4206889569759369,0.19689594209194183,0.6202815175056458,0.3793676495552063,0.4214380979537964,0.4142617881298065,0.09045641869306564,0.3959443271160126,0.4195537269115448,0.17935223877429962,0.6076303720474243,0.3946003019809723,0.4202921688556671,0.434552937746048,0.0882648304104805,0.40450555086135864,0.424378365278244,0.2036207765340805,0.6044772863388062,0.40279635787010193,0.4243467152118683,0.41059184074401855,0.08854813873767853,0.7985118627548218,0.5477614998817444,-0.21926933526992798,0.9998437166213989,0.7789735794067383,0.536738395690918,0.2193801999092102,0.9997581243515015,0.544857382774353,0.5547774434089661,-0.304514616727829,0.9790376424789429,0.5473770499229431,0.5495976209640503,0.38565370440483093,0.3246275782585144,0.6351012587547302,0.6705042719841003,-0.30697712302207947,0.9821484088897705,0.6142477989196777,0.6454151272773743,0.531025767326355,0.4986185133457184,0.6689065098762512,0.6851125359535217,-0.3037562072277069,0.9760727882385254,0.6488531827926636,0.6593977808952332,0.5451945066452026,0.5904441475868225,0.5208617448806763,0.6816883087158203,-0.34748557209968567,0.9764201045036316,0.5228012800216675,0.6651780009269714,0.5572962164878845,0.6269856691360474
208,squat,1,0.4631195366382599,0.4023439288139343,-0.05235013738274574,0.9999535083770752,0.4758385121822357,0.3929930329322815,-0.09365729242563248,0.9999772906303406,0.47938910126686096,0.39298543334007263,-0.09352407604455948,0.9999786615371704,0.48298877477645874,0.39287540316581726,-0.09362484514713287,0.9999844431877136,0.4735291302204132,0.3921847343444824,-0.030194737017154694,0.99997478723526,0.475345641374588,0.3917728662490845,-0.03024340607225895,0.9999687075614929,0.47743281722068787,0.39134931564331055,-0.030184241011738777,0.99997878074646,0.5106159448623657,0.39603713154792786,-0.179268017411232,0.9999626874923706,0.505815863609314,0.393873393535614,0.10725896060466766,0.9999765753746033,0.47340813279151917,0.41180625557899475,-0.08287034183740616,0.9999220371246338,0.4709795117378235,0.4112502634525299,7.302338781300932e-05,0.9999414086341858,0.558199942111969,0.45101097226142883,-0.3183286190032959,0.9998982548713684,0.5671781301498413,0.44258391857147217,0.2979623079299927,0.9993613958358765,0.3857974708080292,0.48462721705436707,-0.2057802677154541,0.9804053902626038,0.402643084526062,0.4805202782154083,0.41542547941207886,0.442867249250412,0.38558968901634216,0.43720054626464844,0.2075011134147644,0.71854567527771,0.3867824077606201,0.43741968274116516,0.45087090134620667,0.12192898243665695,0.3769344687461853,0.422002375125885,0.19970065355300903,0.6186754703521729,0.379387229681015,0.4234989285469055,0.46215948462486267,0.09238358587026596,0.39502865076065063,0.4216049611568451,0.18123239278793335,0.6058701872825623,0.3945681154727936,0.4224802851676941,0.48286205530166626,0.0901423841714859,0.40343451499938965,0.42650991678237915,0.20738853514194489,0.6033779978752136,0.40270090103149414,0.42661044001579285,0.45500433444976807,0.0904775857925415,0.7982468008995056,0.5495390295982361,-0.21955613791942596,0.9998452663421631,0.7822876572608948,0.5378730893135071,0.2196662873029709,0.9997631907463074,0.5443578362464905,0.55499267578125,-0.3052000403404236,0.9787517189979553,0.5475937724113464,0.5495476126670837,0.4092358350753784,0.3137338161468506,0.6336715221405029,0.6704985499382019,-0.3077276647090912,0.9812475442886353,0.6142650246620178,0.6456520557403564,0.5782948732376099,0.4882749617099762,0.6685639023780823,0.6856301426887512,-0.30476975440979004,0.9750945568084717,0.648611307144165,0.6594149470329285,0.5951197147369385,0.5838727355003357,0.5209242701530457,0.6817195415496826,-0.34819281101226807,0.975223958492279,0.5228685736656189,0.6651579141616821,0.6116159558296204,0.6181215047836304
209,squat,1,0.46198421716690063,0.40471550822257996,-0.05245094746351242,0.9999553561210632,0.47411230206489563,0.3952379524707794,-0.09412918239831924,0.9999781847000122,0.47770267724990845,0.3953090310096741,-0.0939960777759552,0.9999794363975525,0.481336385011673,0.3952674865722656,-0.09409679472446442,0.9999849796295166,0.4720195233821869,0.3943897485733032,-0.030287859961390495,0.9999759793281555,0.47393015027046204,0.3939686715602875,-0.030329005792737007,0.9999701380729675,0.4761199653148651,0.39354532957077026,-0.030263548716902733,0.9999798536300659,0.5090479254722595,0.3981510400772095,-0.17893114686012268,0.9999635815620422,0.5048646926879883,0.3959832191467285,0.10664831101894379,0.9999778866767883,0.47282904386520386,0.4141227900981903,-0.08324281126260757,0.9999236464500427,0.4706617295742035,0.4135386049747467,-0.00019598337530624121,0.9999441504478455,0.5562912225723267,0.452955961227417,-0.3129335343837738,0.9998974800109863,0.5691089034080505,0.4434809386730194,0.29914402961730957,0.9993900060653687,0.38330915570259094,0.4872729480266571,-0.20114679634571075,0.9794792532920837,0.40498268604278564,0.4824434816837311,0.42137449979782104,0.4470610022544861,0.3846099078655243,0.439979612827301,0.20609405636787415,0.719343364238739,0.38715654611587524,0.43927881121635437,0.4628392159938812,0.12596212327480316,0.37605881690979004,0.42401716113090515,0.19785527884960175,0.620864748954773,0.3794339597225189,0.42559146881103516,0.47511282563209534,0.0959322452545166,0.3938901424407959,0.4241182208061218,0.17963367700576782,0.6078656315803528,0.39450374245643616,0.42477235198020935,0.4960864782333374,0.09355359524488449,0.40224841237068176,0.42939499020576477,0.20595496892929077,0.6057497262954712,0.4026307165622711,0.42911675572395325,0.46720531582832336,0.09398208558559418,0.7982341647148132,0.550381600856781,-0.21885564923286438,0.999847412109375,0.7877758741378784,0.5388612151145935,0.21894840896129608,0.9997699856758118,0.5443215370178223,0.5551626682281494,-0.2975277602672577,0.9785305857658386,0.5490468740463257,0.5495164394378662,0.41969749331474304,0.30409738421440125,0.63112872838974,0.6695570349693298,-0.2901351749897003,0.9801357984542847,0.6142987012863159,0.6456782221794128,0.5935381054878235,0.4798148572444916,0.6677594184875488,0.6857436299324036,-0.2862809896469116,0.9738581776618958,0.6473546624183655,0.6594400405883789,0.6108638644218445,0.5790981650352478,0.5215058922767639,0.6817406415939331,-0.32402995228767395,0.97388756275177,0.5232068300247192,0.6642923355102539,0.6281661987304688,0.6115889549255371
210,squat,1,0.4599591791629791,0.40738287568092346,-0.05257798731327057,0.9999572038650513,0.47179797291755676,0.3979880213737488,-0.09393025934696198,0.9999791383743286,0.47553080320358276,0.39810696244239807,-0.0937962755560875,0.9999803304672241,0.4793429672718048,0.39810580015182495,-0.09389249980449677,0.9999856352806091,0.46985211968421936,0.3970237374305725,-0.03040364570915699,0.9999771118164062,0.4719061255455017,0.3965485990047455,-0.030449582263827324,0.9999715685844421,0.47426995635032654,0.3960723876953125,-0.030386999249458313,0.9999808669090271,0.507499635219574,0.4011750817298889,-0.17768578231334686,0.9999647736549377,0.5034514665603638,0.39871421456336975,0.10660990327596664,0.9999790787696838,0.47138550877571106,0.41694602370262146,-0.0831347107887268,0.9999257326126099,0.46947842836380005,0.41629767417907715,-0.00034594707540236413,0.9999468326568604,0.5559871196746826,0.4549800157546997,-0.31175968050956726,0.9998981356620789,0.569207489490509,0.44594883918762207,0.29939812421798706,0.9994149804115295,0.3833639621734619,0.48989608883857727,-0.2014176994562149,0.9787096977233887,0.40509551763534546,0.48511654138565063,0.4227469563484192,0.44875723123550415,0.38432371616363525,0.4417688250541687,0.2037757933139801,0.7214575409889221,0.38717204332351685,0.4425519108772278,0.4628615081310272,0.12823061645030975,0.3754470646381378,0.4261677861213684,0.19637320935726166,0.6246704459190369,0.37910574674606323,0.4286682903766632,0.4757165014743805,0.09810018539428711,0.39306768774986267,0.4262726902961731,0.17895109951496124,0.611493706703186,0.3939425051212311,0.4279870390892029,0.4965260326862335,0.09560700505971909,0.40166544914245605,0.43142011761665344,0.20433254539966583,0.6096174120903015,0.4022159278392792,0.43238726258277893,0.46716955304145813,0.09618743509054184,0.7988381385803223,0.5515648722648621,-0.21830232441425323,0.9998500943183899,0.7887258529663086,0.5401785373687744,0.21839483082294464,0.9997764825820923,0.5443082451820374,0.5552261471748352,-0.29690900444984436,0.9784890413284302,0.5485885143280029,0.5491381883621216,0.4103875160217285,0.29534849524497986,0.6303399205207825,0.6692654490470886,-0.2920176386833191,0.9792832732200623,0.6143208146095276,0.645772397518158,0.5707577466964722,0.4714025557041168,0.6677704453468323,0.6858548521995544,-0.28862279653549194,0.9728032946586609,0.6472825407981873,0.6594717502593994,0.5864442586898804,0.5731985569000244,0.5218883752822876,0.6817613244056702,-0.32800722122192383,0.9727571606636047,0.5233808159828186,0.6637804508209229,0.5992568135261536,0.6043121218681335
211,squat,1,0.45934221148490906,0.4081777334213257,-0.05266319960355759,0.9999599456787109,0.4710390567779541,0.398481547832489,-0.09380067884922028,0.9999804496765137,0.47482526302337646,0.3985845148563385,-0.09366574883460999,0.9999814629554749,0.47881045937538147,0.3986137807369232,-0.09375539422035217,0.999986469745636,0.46891117095947266,0.39777204394340515,-0.030494078993797302,0.9999786615371704,0.4707905352115631,0.3973751962184906,-0.03053434193134308,0.9999735355377197,0.47301387786865234,0.3969802260398865,-0.03046688809990883,0.9999822378158569,0.5068564414978027,0.4016372561454773,-0.17166315019130707,0.9999665021896362,0.5023776292800903,0.399454265832901,0.10652776062488556,0.999980628490448,0.47114136815071106,0.41784629225730896,-0.08307971805334091,0.9999293684959412,0.4690629243850708,0.41709232330322266,-0.000716428505256772,0.9999504685401917,0.5563082695007324,0.4552742540836334,-0.29723796248435974,0.9998989105224609,0.5698679089546204,0.44693005084991455,0.2961229085922241,0.9994465708732605,0.38281288743019104,0.4905213713645935,-0.19664552807807922,0.9783282279968262,0.4050511121749878,0.4860697388648987,0.40428000688552856,0.46056386828422546,0.38363659381866455,0.4423027038574219,0.19092018902301788,0.725854754447937,0.3874179422855377,0.4424365162849426,0.44751888513565063,0.13523143529891968,0.3746769428253174,0.42620766162872314,0.18062050640583038,0.6306034326553345,0.3790990710258484,0.42903804779052734,0.4547985792160034,0.10263234376907349,0.39218366146087646,0.42649388313293457,0.1617700457572937,0.6169025897979736,0.3937878906726837,0.4280238747596741,0.48368188738822937,0.09972790628671646,0.4010838270187378,0.4314992427825928,0.1893302947282791,0.6154122948646545,0.40208372473716736,0.4325452744960785,0.4554051160812378,0.10032999515533447,0.7992732524871826,0.5522387623786926,-0.21296276152133942,0.9998562932014465,0.78998202085495,0.5409662127494812,0.21303224563598633,0.9997864365577698,0.5442585349082947,0.5553569197654724,-0.29764223098754883,0.9788925647735596,0.5486233830451965,0.5490608215332031,0.40924271941185,0.28934985399246216,0.6299103498458862,0.668573796749115,-0.2942054569721222,0.9788498282432556,0.6143825054168701,0.6456531286239624,0.5659932494163513,0.46630725264549255,0.6678497791290283,0.6858991980552673,-0.28919631242752075,0.9722846150398254,0.6471725106239319,0.659519612789154,0.581032931804657,0.5703354477882385,0.5219197869300842,0.6817783713340759,-0.3349534273147583,0.9722493290901184,0.5230324864387512,0.663138210773468,0.591620147228241,0.600523054599762
212,squat,1,0.45905014872550964,0.40764114260673523,-0.06861352920532227,0.9999621510505676,0.47078001499176025,0.3979530334472656,-0.10672272741794586,0.9999815225601196,0.4744962155818939,0.39800775051116943,-0.10658976435661316,0.9999824166297913,0.4785545766353607,0.3980865180492401,-0.10666988044977188,0.9999871253967285,0.46869903802871704,0.3973388969898224,-0.04550563916563988,0.9999799728393555,0.47050803899765015,0.3969407379627228,-0.04557887837290764,0.9999752044677734,0.4726469814777374,0.39656516909599304,-0.04552888125181198,0.9999833703041077,0.506420373916626,0.4012870192527771,-0.1784694343805313,0.9999678730964661,0.5018613934516907,0.3992629945278168,0.09402409195899963,0.9999819397926331,0.4709152579307556,0.4175269603729248,-0.09576591104269028,0.9999321699142456,0.4688689410686493,0.4167758822441101,-0.015931764617562294,0.99995356798172,0.5566588640213013,0.45610523223876953,-0.3026038110256195,0.9998978972434998,0.5698766112327576,0.4477749764919281,0.2831740379333496,0.9994723796844482,0.38054773211479187,0.4907861053943634,-0.19970528781414032,0.9780696630477905,0.40243545174598694,0.48606836795806885,0.37907910346984863,0.4688032269477844,0.3828558921813965,0.4421217143535614,0.16220329701900482,0.7301780581474304,0.387374609708786,0.44206926226615906,0.40649282932281494,0.1396702378988266,0.37350407242774963,0.4263199269771576,0.14802302420139313,0.6364388465881348,0.37785303592681885,0.42866092920303345,0.41446036100387573,0.10557102411985397,0.39090803265571594,0.4266605079174042,0.13018888235092163,0.6224232912063599,0.3926451504230499,0.4277094602584839,0.4424465596675873,0.1023310124874115,0.40038737654685974,0.43154770135879517,0.1604406088590622,0.6208762526512146,0.40165990591049194,0.4324454963207245,0.41368141770362854,0.1030266284942627,0.7997910380363464,0.5525408983230591,-0.2113192230463028,0.9998592734336853,0.7897028923034668,0.5409299731254578,0.21141187846660614,0.9997931122779846,0.5443387031555176,0.5554444789886475,-0.29191020131111145,0.9789877533912659,0.5486467480659485,0.5490023493766785,0.40573570132255554,0.2839871048927307,0.6291687488555908,0.6685789823532104,-0.2865743935108185,0.9782324433326721,0.6145564913749695,0.6455758810043335,0.562603235244751,0.4608897864818573,0.6678610444068909,0.6860456466674805,-0.2830469012260437,0.9714916944503784,0.647154688835144,0.6594489812850952,0.5777358412742615,0.5666785836219788,0.5224810838699341,0.6817031502723694,-0.32618069648742676,0.9714205861091614,0.5232511758804321,0.6626586318016052,0.5880350470542908,0.5954278111457825
213,squat,1,0.4583665132522583,0.40732455253601074,-0.0737997442483902,0.9999639987945557,0.47060468792915344,0.3977411389350891,-0.11169330775737762,0.9999824166297913,0.47425180673599243,0.39775702357292175,-0.11156325042247772,0.9999832510948181,0.4783693552017212,0.3978373408317566,-0.1116473600268364,0.9999876618385315,0.46862053871154785,0.3971215784549713,-0.05062852054834366,0.9999810457229614,0.4704045057296753,0.3967238962650299,-0.05070680379867554,0.9999765753746033,0.4725090265274048,0.39635422825813293,-0.05065746232867241,0.9999843239784241,0.506119966506958,0.4012208580970764,-0.183301642537117,0.9999690055847168,0.5015409588813782,0.39930039644241333,0.08919624984264374,0.9999830722808838,0.46988674998283386,0.4175713062286377,-0.10080256313085556,0.9999345541000366,0.46816006302833557,0.4166964888572693,-0.021176405251026154,0.9999562501907349,0.5576022267341614,0.45547837018966675,-0.30370649695396423,0.9998984932899475,0.568969190120697,0.4485642611980438,0.2772182524204254,0.9994960427284241,0.3802798092365265,0.4894436001777649,-0.22066016495227814,0.9783353209495544,0.39939212799072266,0.48542845249176025,0.3687007427215576,0.47573816776275635,0.38217347860336304,0.4416626989841461,0.12948603928089142,0.737366795539856,0.38734695315361023,0.44183626770973206,0.38740694522857666,0.14326807856559753,0.37287336587905884,0.4258703291416168,0.11332656443119049,0.6451680064201355,0.3772214353084564,0.4286682903766632,0.3958445191383362,0.1076274961233139,0.3900737762451172,0.4261894226074219,0.09635169059038162,0.6308777332305908,0.3922046720981598,0.42754998803138733,0.42375218868255615,0.10405907779932022,0.39974427223205566,0.4312189817428589,0.12768200039863586,0.6289403438568115,0.4016437530517578,0.4321267902851105,0.39395877718925476,0.10491641610860825,0.8000033497810364,0.5523731708526611,-0.2103591114282608,0.9998626112937927,0.7896406650543213,0.5408192873001099,0.21046631038188934,0.9997991919517517,0.5444484949111938,0.5554520487785339,-0.28671735525131226,0.9791002869606018,0.5484780669212341,0.5487464666366577,0.3954704701900482,0.27899637818336487,0.6292335987091064,0.668319821357727,-0.27660611271858215,0.9778075814247131,0.6146519184112549,0.6449284553527832,0.5403867959976196,0.45519644021987915,0.6682273745536804,0.6860334873199463,-0.2728530466556549,0.9708256721496582,0.6472441554069519,0.6589760184288025,0.5537163019180298,0.5618789196014404,0.5228884220123291,0.6817104816436768,-0.31336158514022827,0.9707656502723694,0.523278534412384,0.662477970123291,0.5608624815940857,0.5899033546447754
214,squat,1,0.4584331810474396,0.4066658616065979,-0.0719243660569191,0.9999653100967407,0.4707355201244354,0.3972320258617401,-0.11039528995752335,0.999983012676239,0.47437813878059387,0.3972054421901703,-0.11026428639888763,0.9999837875366211,0.4784703552722931,0.3972765803337097,-0.11035014688968658,0.9999880194664001,0.4687322974205017,0.39680781960487366,-0.0489327535033226,0.9999818205833435,0.47050756216049194,0.3964906334877014,-0.04900560900568962,0.9999775290489197,0.47259393334388733,0.3961979150772095,-0.04895530641078949,0.9999849796295166,0.5061274766921997,0.4009383022785187,-0.18314360082149506,0.9999696016311646,0.5015820264816284,0.3991299271583557,0.09009815007448196,0.9999839067459106,0.46989792585372925,0.4171891510486603,-0.09946266561746597,0.9999357461929321,0.46816667914390564,0.4165133535861969,-0.01948590762913227,0.9999580979347229,0.5588017702102661,0.45429277420043945,-0.3063351511955261,0.9998989701271057,0.5688730478286743,0.44860631227493286,0.2788606584072113,0.9995117783546448,0.38049131631851196,0.4886642396450043,-0.22582131624221802,0.9786378741264343,0.3989770710468292,0.4851749837398529,0.3765398859977722,0.4799034595489502,0.3815979063510895,0.4403003752231598,0.1228824257850647,0.7446824312210083,0.38789427280426025,0.4406295120716095,0.395908921957016,0.14488059282302856,0.37254536151885986,0.42515066266059875,0.10814569890499115,0.6537878513336182,0.3771642744541168,0.42769119143486023,0.4048754572868347,0.10806792229413986,0.3896981179714203,0.42514246702194214,0.09189423173666,0.6392204761505127,0.39225807785987854,0.42642393708229065,0.4254285395145416,0.10427486896514893,0.39951786398887634,0.43002060055732727,0.12147058546543121,0.6368778944015503,0.4023113548755646,0.4308396875858307,0.4003177285194397,0.10537517070770264,0.8000347018241882,0.5519677996635437,-0.2093852013349533,0.9998660683631897,0.7895752191543579,0.5406681895256042,0.2094724029302597,0.9998043179512024,0.5444588661193848,0.5554500222206116,-0.2836478352546692,0.9790713787078857,0.5481246113777161,0.5481392741203308,0.39183324575424194,0.2731708288192749,0.6293054819107056,0.668194055557251,-0.27543768286705017,0.9772562384605408,0.6151431202888489,0.6446740031242371,0.5323784947395325,0.4486132860183716,0.6687317490577698,0.6860372424125671,-0.2720985412597656,0.9700900316238403,0.6478211283683777,0.6587338447570801,0.5451033711433411,0.5567016005516052,0.5236504077911377,0.6819132566452026,-0.31406059861183167,0.9700444936752319,0.5242215991020203,0.662512481212616,0.5507718324661255,0.5842050313949585
215,squat,1,0.45879894495010376,0.4054616391658783,-0.07179610431194305,0.9999663829803467,0.4707636535167694,0.3960844576358795,-0.10931506007909775,0.9999834299087524,0.47445186972618103,0.3960478901863098,-0.1091916412115097,0.9999841451644897,0.478560209274292,0.39609280228614807,-0.10928094387054443,0.999988317489624,0.46881747245788574,0.3956681489944458,-0.04865802824497223,0.9999825358390808,0.47056567668914795,0.3953491151332855,-0.04873033985495567,0.9999783039093018,0.47262489795684814,0.3950347900390625,-0.048684753477573395,0.9999855756759644,0.5060489773750305,0.3997246026992798,-0.1817825734615326,0.9999698400497437,0.5016227960586548,0.39784637093544006,0.09029917418956757,0.9999845623970032,0.4703172743320465,0.4158393144607544,-0.09873660653829575,0.9999361634254456,0.4685569107532501,0.41517919301986694,-0.019269753247499466,0.9999594688415527,0.5578798055648804,0.4533352255821228,-0.30663490295410156,0.999898374080658,0.5727942585945129,0.4478081464767456,0.2839973270893097,0.9995238780975342,0.3805529475212097,0.487701416015625,-0.22885341942310333,0.9789397716522217,0.4112980365753174,0.48427289724349976,0.38035714626312256,0.4821609556674957,0.37921831011772156,0.4395800828933716,0.12394726276397705,0.7528481483459473,0.39038386940956116,0.4401824176311493,0.41513264179229736,0.14615996181964874,0.3699532151222229,0.42422083020210266,0.1083197295665741,0.6631609201431274,0.37709495425224304,0.42679837346076965,0.424092561006546,0.1083294153213501,0.38668566942214966,0.4243353605270386,0.09446070343255997,0.6483164429664612,0.39228296279907227,0.42561325430870056,0.45072269439697266,0.10431139916181564,0.39729395508766174,0.42923611402511597,0.12337321788072586,0.6453560590744019,0.4029960334300995,0.4300462305545807,0.4207148849964142,0.10555609315633774,0.79998379945755,0.5515449643135071,-0.20997735857963562,0.9998691082000732,0.7892661094665527,0.5404983758926392,0.21006743609905243,0.9998083710670471,0.5443950295448303,0.5555978417396545,-0.28482985496520996,0.9792246222496033,0.5488459467887878,0.5478807687759399,0.40797939896583557,0.26929837465286255,0.6293439865112305,0.6682249307632446,-0.2778862416744232,0.9770150780677795,0.6164717078208923,0.6445432901382446,0.5710178017616272,0.44640547037124634,0.6689749956130981,0.6860647201538086,-0.2746845781803131,0.969704270362854,0.6487836837768555,0.6585114598274231,0.586194634437561,0.5556377172470093,0.5241518020629883,0.6819196343421936,-0.3199399709701538,0.9698553681373596,0.5269258618354797,0.6624144911766052,0.5896499156951904,0.5833597183227539
216,squat,1,0.4595266878604889,0.40507763624191284,-0.0760948657989502,0.9999669194221497,0.4708110988140106,0.3957439064979553,-0.11320201307535172,0.999983549118042,0.47452494502067566,0.3955623209476471,-0.11308828741312027,0.9999842047691345,0.47863325476646423,0.3954011797904968,-0.11318332701921463,0.9999883770942688,0.46886786818504333,0.39546677470207214,-0.05306829512119293,0.9999828934669495,0.47063547372817993,0.3950367271900177,-0.05312810093164444,0.9999787211418152,0.4726965129375458,0.3946804702281952,-0.05308542028069496,0.999985933303833,0.5060839653015137,0.39852210879325867,-0.1834205836057663,0.9999693632125854,0.5016552209854126,0.39700305461883545,0.08668128401041031,0.9999849796295166,0.4714425802230835,0.41510045528411865,-0.1019885465502739,0.9999356269836426,0.4695607125759125,0.41501063108444214,-0.023195305839180946,0.9999603033065796,0.5579147338867188,0.4508037269115448,-0.30742859840393066,0.999896228313446,0.5748496651649475,0.4460802376270294,0.28354281187057495,0.9995303153991699,0.38115328550338745,0.48718923330307007,-0.24105148017406464,0.9794901013374329,0.4150839149951935,0.48383110761642456,0.36500290036201477,0.4876386523246765,0.37463441491127014,0.4389342963695526,0.10300090909004211,0.7621819376945496,0.39028704166412354,0.43987053632736206,0.36931583285331726,0.14839054644107819,0.36404702067375183,0.4238751530647278,0.08615191280841827,0.6740078330039978,0.3760300576686859,0.4264237582683563,0.3749913275241852,0.10890088230371475,0.38103196024894714,0.4237062931060791,0.07413390278816223,0.6589518189430237,0.39163029193878174,0.4252341687679291,0.40368396043777466,0.10462416708469391,0.39237111806869507,0.4283442199230194,0.10293666273355484,0.655407190322876,0.4029185175895691,0.42991000413894653,0.3746916949748993,0.1060447171330452,0.7999751567840576,0.5501009821891785,-0.20877131819725037,0.9998684525489807,0.7891875505447388,0.5388702154159546,0.2088722437620163,0.9998067021369934,0.5444096922874451,0.5558942556381226,-0.2757795751094818,0.9794255495071411,0.5489183068275452,0.5479230284690857,0.3961683213710785,0.26578792929649353,0.6293938755989075,0.6682280898094177,-0.25600114464759827,0.9770143628120422,0.6170429587364197,0.6445322632789612,0.5607985258102417,0.4426947236061096,0.6691039204597473,0.6860613226890564,-0.2518433630466461,0.969571590423584,0.649355411529541,0.6585082411766052,0.5758776664733887,0.5521796941757202,0.5246251821517944,0.6819251179695129,-0.296260267496109,0.9697806239128113,0.5282286405563354,0.6624109745025635,0.5761039853096008,0.5797825455665588
217,squat,1,0.45986208319664,0.39732179045677185,-0.07568985223770142,0.9999672770500183,0.47087639570236206,0.3892315924167633,-0.11186027526855469,0.9999836087226868,0.4746007025241852,0.38910865783691406,-0.11175907403230667,0.9999841451644897,0.47875651717185974,0.3890102505683899,-0.11185408383607864,0.9999883770942688,0.46900826692581177,0.38932156562805176,-0.05226965621113777,0.9999831318855286,0.47081655263900757,0.38919222354888916,-0.05233248323202133,0.9999790191650391,0.4729014039039612,0.3890422284603119,-0.05228039249777794,0.9999862313270569,0.5062032341957092,0.3928297460079193,-0.1787080615758896,0.9999686479568481,0.5016837120056152,0.39168572425842285,0.08789458125829697,0.9999853372573853,0.47208791971206665,0.4082237780094147,-0.10009133815765381,0.99993497133255,0.47010213136672974,0.4081503748893738,-0.022407658398151398,0.9999610185623169,0.5585588216781616,0.44395720958709717,-0.3056717813014984,0.9998941421508789,0.5747833251953125,0.4434211552143097,0.2844564616680145,0.999535858631134,0.3862473964691162,0.48431989550590515,-0.2393229603767395,0.9800174236297607,0.41546830534935,0.48287859559059143,0.35106709599494934,0.4961141347885132,0.36930733919143677,0.4357369840145111,0.1056000143289566,0.7707642316818237,0.3858456015586853,0.43903231620788574,0.3357788026332855,0.15193025767803192,0.3585865795612335,0.4223639965057373,0.09060461074113846,0.6840184330940247,0.37052908539772034,0.4254438281059265,0.3398400843143463,0.11005506664514542,0.37503719329833984,0.4206326901912689,0.0777774304151535,0.6687355637550354,0.3863142728805542,0.42337390780448914,0.37018775939941406,0.10548765957355499,0.38568031787872314,0.4247380793094635,0.1056007444858551,0.6647050976753235,0.39885610342025757,0.42791348695755005,0.3412509262561798,0.10703841596841812,0.7998306751251221,0.5460474491119385,-0.2068813592195511,0.9998657703399658,0.7877485156059265,0.5360094308853149,0.20702899992465973,0.9998013973236084,0.544713020324707,0.5559344291687012,-0.27399519085884094,0.9798935651779175,0.5472363233566284,0.5478489995002747,0.38910290598869324,0.262690007686615,0.6294484734535217,0.6682312488555908,-0.26009202003479004,0.9772886037826538,0.617108166217804,0.6445385813713074,0.5385231375694275,0.43833306431770325,0.6690938472747803,0.6860436201095581,-0.256562739610672,0.9697927832603455,0.6493790745735168,0.6585348844528198,0.5519534349441528,0.5468016862869263,0.5246961712837219,0.6819297075271606,-0.30228886008262634,0.9700039029121399,0.5283312797546387,0.66241455078125,0.5521237850189209,0.5752052068710327
218,squat,1,0.46087080240249634,0.39056769013404846,-0.07086531817913055,0.9999672174453735,0.4713888466358185,0.38212254643440247,-0.10707350075244904,0.9999834895133972,0.4751705229282379,0.3817858397960663,-0.10697963088750839,0.9999839663505554,0.47939538955688477,0.3815270960330963,-0.10708238929510117,0.999988317489624,0.4694458246231079,0.3823642432689667,-0.04800383001565933,0.9999831318855286,0.47128579020500183,0.38217151165008545,-0.04806790500879288,0.9999790191650391,0.47335296869277954,0.38189733028411865,-0.048020269721746445,0.9999862313270569,0.5079286098480225,0.38531652092933655,-0.174796462059021,0.9999680519104004,0.5024054050445557,0.38416993618011475,0.09105509519577026,0.99998539686203,0.4744422733783722,0.4010508358478546,-0.0947294756770134,0.9999338388442993,0.4717746078968048,0.4007863402366638,-0.01765158586204052,0.9999609589576721,0.5594184994697571,0.4389015734195709,-0.30926281213760376,0.999893844127655,0.5775553584098816,0.43840286135673523,0.2968631386756897,0.999534547328949,0.3908206820487976,0.4802519381046295,-0.2510899305343628,0.9807472229003906,0.4275672137737274,0.47904402017593384,0.3617176115512848,0.49638405442237854,0.3624946177005768,0.43420493602752686,0.09672243893146515,0.7828837037086487,0.38144904375076294,0.4383087158203125,0.35267722606658936,0.15256834030151367,0.3499414026737213,0.4219802916049957,0.07937011122703552,0.6987970471382141,0.36390912532806396,0.4249403178691864,0.3578498661518097,0.1097254753112793,0.3675990104675293,0.41917484998703003,0.0676177591085434,0.6836177110671997,0.38002145290374756,0.421501100063324,0.38397863507270813,0.10495761036872864,0.37725889682769775,0.42264506220817566,0.09728950262069702,0.6786699891090393,0.3927728533744812,0.42631974816322327,0.3559739589691162,0.1066921278834343,0.7998307943344116,0.5420889258384705,-0.20838341116905212,0.9998630285263062,0.7870891094207764,0.5325227379798889,0.20862449705600739,0.9997936487197876,0.5454906225204468,0.5559630990028381,-0.2766374945640564,0.980457603931427,0.5481098294258118,0.5479565262794495,0.3910761773586273,0.26146700978279114,0.6293814182281494,0.6677649617195129,-0.26561832427978516,0.9776828289031982,0.6172362565994263,0.6446125507354736,0.5370750427246094,0.43548959493637085,0.6687774658203125,0.6857710480690002,-0.26202160120010376,0.9701357483863831,0.6494336724281311,0.6589019894599915,0.5501608848571777,0.5420982241630554,0.5247431397438049,0.6819296479225159,-0.30831044912338257,0.9704751372337341,0.5283438563346863,0.6624910831451416,0.5490401983261108,0.5719925165176392
219,squat,1,0.4628939926624298,0.3771688640117645,-0.06992805749177933,0.9999659657478333,0.47370147705078125,0.36803147196769714,-0.10386240482330322,0.9999824166297913,0.4777304232120514,0.36797645688056946,-0.10378511250019073,0.9999828934669495,0.4819939434528351,0.368013471364975,-0.10388202220201492,0.9999876618385315,0.4716169238090515,0.36798328161239624,-0.04687753692269325,0.9999822378158569,0.47371259331703186,0.36776769161224365,-0.046941127628088,0.9999779462814331,0.47602173686027527,0.3674939274787903,-0.04689104110002518,0.9999855160713196,0.5097172260284424,0.3728374242782593,-0.16551780700683594,0.9999650716781616,0.5045596361160278,0.37130385637283325,0.09112151712179184,0.9999845027923584,0.4775427281856537,0.3875627815723419,-0.09137708693742752,0.9999289512634277,0.4746752083301544,0.38719266653060913,-0.01695389673113823,0.9999581575393677,0.5599768757820129,0.4285745322704315,-0.30958855152130127,0.9998862147331238,0.577695369720459,0.4287579655647278,0.2979516088962555,0.9994938373565674,0.401664137840271,0.47455498576164246,-0.26093947887420654,0.9813559651374817,0.43400678038597107,0.4732311964035034,0.34818416833877563,0.4976297616958618,0.34431201219558716,0.42885610461235046,0.04823509603738785,0.7977383136749268,0.36106276512145996,0.4328073263168335,0.30498117208480835,0.15819363296031952,0.3209397792816162,0.4212452173233032,0.02219972014427185,0.7185389399528503,0.334233820438385,0.42221805453300476,0.3023092746734619,0.11357998102903366,0.34041914343833923,0.41661685705184937,0.013353491201996803,0.7038439512252808,0.3512478470802307,0.41850122809410095,0.31664779782295227,0.10852059721946716,0.3513646423816681,0.41802626848220825,0.048899225890636444,0.6980871558189392,0.3634674847126007,0.42050299048423767,0.3014397919178009,0.11056524515151978,0.7996276617050171,0.5332065224647522,-0.20866264402866364,0.9998515248298645,0.785041868686676,0.5231560468673706,0.20889976620674133,0.9997641444206238,0.546573281288147,0.5552002787590027,-0.29155784845352173,0.9808034300804138,0.5481299161911011,0.5474892854690552,0.37619268894195557,0.26019352674484253,0.6284902095794678,0.6674562692642212,-0.3045750558376312,0.9778397679328918,0.6167579889297485,0.6440078616142273,0.5014283061027527,0.42822661995887756,0.6673184633255005,0.6851625442504883,-0.30413663387298584,0.9703059196472168,0.6483055353164673,0.6578955054283142,0.5127769708633423,0.5330831408500671,0.5243123173713684,0.6816824674606323,-0.3690442740917206,0.9705403447151184,0.5272337198257446,0.6621479392051697,0.5031299591064453,0.5647232532501221
220,squat,1,0.46591323614120483,0.368908554315567,-0.04809717461466789,0.9999637007713318,0.476985901594162,0.3591848909854889,-0.08300063014030457,0.9999808669090271,0.48108774423599243,0.35910525918006897,-0.08293569833040237,0.9999814033508301,0.48529794812202454,0.359035462141037,-0.0830305963754654,0.9999867677688599,0.4749949872493744,0.35917559266090393,-0.025186702609062195,0.9999803900718689,0.47736918926239014,0.3589930236339569,-0.02524488978087902,0.9999758005142212,0.4799748361110687,0.3586920201778412,-0.025179797783493996,0.9999842643737793,0.5128606557846069,0.3637058734893799,-0.14916642010211945,0.9999619126319885,0.5082880258560181,0.3621472120285034,0.10956639051437378,0.9999827742576599,0.4803906977176666,0.3788270354270935,-0.07199975103139877,0.9999250173568726,0.4775184392929077,0.37858495116233826,0.003011032473295927,0.9999539852142334,0.562382698059082,0.42042651772499084,-0.30592161417007446,0.9998845458030701,0.5798517465591431,0.4234784245491028,0.3133639097213745,0.9994466304779053,0.41039496660232544,0.47092205286026,-0.25883591175079346,0.9821082949638367,0.4523802697658539,0.47008171677589417,0.3696778118610382,0.48682308197021484,0.33746933937072754,0.4292912781238556,0.06238197907805443,0.8134840726852417,0.3582172989845276,0.4348047375679016,0.33083784580230713,0.1599496752023697,0.30689024925231934,0.4224502742290497,0.03901441767811775,0.7395227551460266,0.32977429032325745,0.4253975450992584,0.3301178514957428,0.11608624458312988,0.326602965593338,0.4167627692222595,0.030756907537579536,0.7255921363830566,0.34659332036972046,0.4219367206096649,0.33504030108451843,0.11125382035970688,0.3394832909107208,0.4184916913509369,0.06375472247600555,0.7191359996795654,0.3590291142463684,0.42383652925491333,0.3240930736064911,0.11392413079738617,0.7979395389556885,0.5250870585441589,-0.20865175127983093,0.9998314380645752,0.784218966960907,0.5174106955528259,0.20891641080379486,0.9997067451477051,0.5465735793113708,0.5547710061073303,-0.2966533601284027,0.9805756211280823,0.5481187701225281,0.5474774837493896,0.32393303513526917,0.2551655173301697,0.6282315254211426,0.6670851707458496,-0.30585557222366333,0.9769816994667053,0.6167242527008057,0.64637690782547,0.4150995910167694,0.41457614302635193,0.6671667695045471,0.6850337386131287,-0.3045864403247833,0.9693374037742615,0.6483165621757507,0.6607549786567688,0.42261433601379395,0.517293393611908,0.5239564180374146,0.6816494464874268,-0.36546462774276733,0.9695141911506653,0.5267540216445923,0.6627334356307983,0.40352863073349,0.5518745183944702
221,squat,1,0.4688398838043213,0.3610973358154297,-0.053197357803583145,0.9999574422836304,0.47985830903053284,0.3508170545101166,-0.08658494800329208,0.9999765753746033,0.48400163650512695,0.35069262981414795,-0.08658487349748611,0.9999772906303406,0.4881805181503296,0.3505833148956299,-0.08668224513530731,0.9999838471412659,0.47810858488082886,0.3508647382259369,-0.0284053273499012,0.999975860118866,0.48073610663414,0.35069069266319275,-0.028482597321271896,0.9999710917472839,0.48353832960128784,0.3504098653793335,-0.028421854600310326,0.9999813437461853,0.5159037709236145,0.3550644516944885,-0.14960666000843048,0.9999529719352722,0.5113691091537476,0.3533139228820801,0.10765716433525085,0.9999786019325256,0.4834887385368347,0.37084341049194336,-0.07701073586940765,0.9999164342880249,0.4807990789413452,0.3707539141178131,-0.0015741760144010186,0.9999444484710693,0.5681644678115845,0.4110257923603058,-0.3203272819519043,0.999870240688324,0.5796816945075989,0.4156928062438965,0.31128227710723877,0.9993599057197571,0.4332810640335083,0.47032126784324646,-0.2811495363712311,0.9817408323287964,0.45625388622283936,0.468679815530777,0.36623629927635193,0.46912881731987,0.332414448261261,0.431963175535202,0.017663385719060898,0.8270934820175171,0.3455943167209625,0.4371109902858734,0.280407577753067,0.1649365872144699,0.30424967408180237,0.4296805262565613,-0.010523076169192791,0.7583921551704407,0.3185085952281952,0.4327406585216522,0.274482786655426,0.12354269623756409,0.3141566514968872,0.42277607321739197,-0.013119138777256012,0.7453371286392212,0.3252948224544525,0.4273357093334198,0.2625129222869873,0.11909368634223938,0.32706883549690247,0.42247503995895386,0.021488366648554802,0.7377445101737976,0.33927738666534424,0.42779994010925293,0.26518183946609497,0.12224255502223969,0.7971521615982056,0.5182218551635742,-0.20905451476573944,0.9997956156730652,0.7821045517921448,0.5117447376251221,0.20935651659965515,0.9996324777603149,0.5465742349624634,0.553627610206604,-0.29624491930007935,0.9796503186225891,0.5462626814842224,0.5474492311477661,0.30525344610214233,0.2491864413022995,0.6279603838920593,0.666910707950592,-0.2725442945957184,0.9756358861923218,0.6157235503196716,0.6463177800178528,0.42994314432144165,0.4017505645751953,0.6669495105743408,0.6849369406700134,-0.26750555634498596,0.9676641225814819,0.6482284069061279,0.6608876585960388,0.44127199053764343,0.5049231648445129,0.5237482190132141,0.6816468834877014,-0.3240569829940796,0.9676324129104614,0.5267462730407715,0.6628500819206238,0.4265485405921936,0.5405214428901672
222,squat,1,0.4705364406108856,0.3520517647266388,-0.06073552742600441,0.9999455809593201,0.4816496968269348,0.34190329909324646,-0.09374943375587463,0.9999676942825317,0.4858976900577545,0.3417662978172302,-0.09380287677049637,0.999968945980072,0.49013087153434753,0.3416418135166168,-0.09388650208711624,0.9999774098396301,0.4796074330806732,0.34194886684417725,-0.03534599393606186,0.9999670386314392,0.48209601640701294,0.3417990207672119,-0.03543541207909584,0.9999626278877258,0.48479053378105164,0.3415459096431732,-0.035389598459005356,0.9999757409095764,0.5181529521942139,0.346028596162796,-0.15572111308574677,0.9999345541000366,0.5129847526550293,0.34467852115631104,0.1010361984372139,0.9999704957008362,0.4850308895111084,0.36181673407554626,-0.08406472206115723,0.9999017119407654,0.4820024073123932,0.3618505001068115,-0.008323772810399532,0.9999245405197144,0.5705270767211914,0.4015420079231262,-0.33335763216018677,0.9998475313186646,0.5795432925224304,0.4038192927837372,0.3036428689956665,0.9992126822471619,0.4550694227218628,0.46819546818733215,-0.3184491693973541,0.9802968502044678,0.4663919508457184,0.46514037251472473,0.3601367473602295,0.44594666361808777,0.3299228549003601,0.43850812315940857,-0.08465244621038437,0.839209258556366,0.33999690413475037,0.44125959277153015,0.23522399365901947,0.1731976866722107,0.3003983199596405,0.4392567276954651,-0.12293868511915207,0.7757834792137146,0.30965378880500793,0.4401587247848511,0.22594697773456573,0.13741189241409302,0.30487391352653503,0.43297043442726135,-0.11739809811115265,0.763592541217804,0.3118504285812378,0.43552184104919434,0.19396527111530304,0.13380376994609833,0.3187624216079712,0.43251657485961914,-0.07867762446403503,0.7548036575317383,0.3245035707950592,0.43518394231796265,0.2120627760887146,0.13732892274856567,0.7966724038124084,0.5112163424491882,-0.21138441562652588,0.9997396469116211,0.7782954573631287,0.5052507519721985,0.21170467138290405,0.9995123147964478,0.5464254021644592,0.5524384379386902,-0.2974582612514496,0.9788610339164734,0.5449458956718445,0.547082245349884,0.2757611870765686,0.24640882015228271,0.6315223574638367,0.6675284504890442,-0.2571064531803131,0.9752572178840637,0.6156880855560303,0.6464408040046692,0.41201159358024597,0.39389970898628235,0.6674709320068359,0.684863269329071,-0.2511787712574005,0.9670483469963074,0.6485410928726196,0.6614270806312561,0.424040824174881,0.4989544153213501,0.5227569341659546,0.6816598176956177,-0.3056184649467468,0.9665467739105225,0.5265601873397827,0.6641988158226013,0.40756356716156006,0.5341168642044067
223,squat,1,0.47518470883369446,0.3323306739330292,0.010207449086010456,0.9999437928199768,0.4879860579967499,0.3236547112464905,-0.031099187210202217,0.9999634623527527,0.49181339144706726,0.32367920875549316,-0.03114183247089386,0.9999648332595825,0.4960470199584961,0.32374128699302673,-0.031211094930768013,0.9999737739562988,0.4860105812549591,0.32338011264801025,0.0363217294216156,0.9999637603759766,0.48825299739837646,0.32322248816490173,0.03620253875851631,0.9999603629112244,0.4907837212085724,0.3229615390300751,0.03618618845939636,0.9999744296073914,0.5243160128593445,0.32931655645370483,-0.12254376709461212,0.9999234676361084,0.5192914605140686,0.3272606432437897,0.17370647192001343,0.9999685287475586,0.4891529083251953,0.34426113963127136,-0.021162573248147964,0.9998940825462341,0.48603177070617676,0.3434021472930908,0.06563133746385574,0.9999126195907593,0.5708481073379517,0.3830498158931732,-0.314956396818161,0.9998174905776978,0.5874981880187988,0.38193655014038086,0.3716931641101837,0.9991694092750549,0.49495595693588257,0.4580053687095642,-0.3101053237915039,0.9781051278114319,0.5093553066253662,0.45332348346710205,0.4589559733867645,0.43079251050949097,0.33146414160728455,0.45144930481910706,-0.12746350467205048,0.8514021635055542,0.3464384973049164,0.45204946398735046,0.3140699565410614,0.19535595178604126,0.3092215061187744,0.45766347646713257,-0.173394113779068,0.7936837077140808,0.3180343210697174,0.4575439691543579,0.3169108033180237,0.16510888934135437,0.31000185012817383,0.45306113362312317,-0.15277881920337677,0.7823119163513184,0.3167448937892914,0.4545031785964966,0.27596572041511536,0.1637464165687561,0.3236981928348541,0.45054346323013306,-0.11587658524513245,0.7727913856506348,0.32979151606559753,0.45205235481262207,0.2311861664056778,0.16938388347625732,0.789770245552063,0.4973427951335907,-0.22246398031711578,0.9996790289878845,0.7784081697463989,0.49179884791374207,0.22272062301635742,0.9994256496429443,0.544947624206543,0.5514642596244812,-0.29296788573265076,0.9781869649887085,0.5461769700050354,0.5459917187690735,0.2872883975505829,0.24402768909931183,0.6322775483131409,0.6683123707771301,-0.19765184819698334,0.9749926924705505,0.6165385842323303,0.6464015245437622,0.4798290729522705,0.3882403075695038,0.6675044298171997,0.6841830015182495,-0.18581953644752502,0.966712474822998,0.6514548659324646,0.6615400910377502,0.5040236711502075,0.49119505286216736,0.5219139456748962,0.681633710861206,-0.2316003143787384,0.965666651725769,0.5264968276023865,0.6640990376472473,0.4719013273715973,0.5305231213569641
224,squat,1,0.48152244091033936,0.32361313700675964,0.006236215587705374,0.9999386668205261,0.49476587772369385,0.31448814272880554,-0.03483733534812927,0.999955952167511,0.4988205134868622,0.31446126103401184,-0.03493255004286766,0.9999581575393677,0.5030736327171326,0.3143434524536133,-0.03501949831843376,0.9999683499336243,0.49157342314720154,0.3143342137336731,0.033584848046302795,0.9999573230743408,0.4932756721973419,0.31430140137672424,0.03348740190267563,0.9999555349349976,0.49514108896255493,0.31413567066192627,0.03347661346197128,0.9999709725379944,0.5300912261009216,0.31972357630729675,-0.12835070490837097,0.999908447265625,0.5234763026237488,0.31850719451904297,0.1722051054239273,0.9999637603759766,0.49448075890541077,0.33420538902282715,-0.02623691037297249,0.999884843826294,0.49040138721466064,0.3338313102722168,0.06182533875107765,0.9998912215232849,0.5738683342933655,0.37329307198524475,-0.3149898648262024,0.9998112916946411,0.5865464210510254,0.3789393901824951,0.3719395697116852,0.9991071820259094,0.5148488283157349,0.4521591365337372,-0.3362138271331787,0.977329432964325,0.5215644836425781,0.4511527419090271,0.4621974229812622,0.4149494171142578,0.35667315125465393,0.45817968249320984,-0.20625367760658264,0.8637629747390747,0.367726594209671,0.460004597902298,0.33451199531555176,0.21411140263080597,0.3244197964668274,0.4683170020580292,-0.26141753792762756,0.8111394643783569,0.32871878147125244,0.4687816798686981,0.3430369794368744,0.18729914724826813,0.3192303776741028,0.4634552597999573,-0.23641890287399292,0.8006027340888977,0.3270043432712555,0.46597975492477417,0.29152122139930725,0.18764585256576538,0.33180081844329834,0.4595714211463928,-0.19402270019054413,0.790536642074585,0.3394649028778076,0.4623648524284363,0.2663067579269409,0.19524556398391724,0.7884899377822876,0.49064305424690247,-0.22316382825374603,0.9996426701545715,0.7703498601913452,0.4878503680229187,0.22349496185779572,0.999332070350647,0.5456454157829285,0.5515919327735901,-0.3043825030326843,0.9771891236305237,0.5455388426780701,0.5452263951301575,0.2825494706630707,0.24808157980442047,0.6356438398361206,0.6695473790168762,-0.21961219608783722,0.9752144813537598,0.6195265054702759,0.6469482183456421,0.47268322110176086,0.3893439471721649,0.6716616749763489,0.6868837475776672,-0.2117530256509781,0.9670388102531433,0.6548975706100464,0.6641525626182556,0.493233859539032,0.49041441082954407,0.5242738723754883,0.6830467581748962,-0.29309284687042236,0.9660065770149231,0.5277033448219299,0.6641218066215515,0.4595177173614502,0.5359055995941162
225,squat,1,0.48573386669158936,0.3154846429824829,0.0026854481548070908,0.9999318718910217,0.49915677309036255,0.3061854839324951,-0.03974353149533272,0.9999459981918335,0.503171980381012,0.30601412057876587,-0.03987034037709236,0.9999490976333618,0.5075011849403381,0.305961936712265,-0.03997228294610977,0.9999613165855408,0.4959106743335724,0.3061155080795288,0.030483443289995193,0.9999487400054932,0.4976164996623993,0.30588415265083313,0.03040824830532074,0.9999484419822693,0.4994071125984192,0.30559590458869934,0.030424632132053375,0.9999659061431885,0.5352504849433899,0.3111032545566559,-0.13578742742538452,0.9998922348022461,0.5288200974464417,0.3101699948310852,0.17184191942214966,0.9999573230743408,0.4984588623046875,0.32571303844451904,-0.031026538461446762,0.9998747706413269,0.4943895637989044,0.3253128230571747,0.05982149764895439,0.9998682737350464,0.576487123966217,0.36471137404441833,-0.3259827494621277,0.9998171925544739,0.5925431847572327,0.3710886240005493,0.38539180159568787,0.9990999698638916,0.5271012783050537,0.4463251531124115,-0.3649950623512268,0.9779553413391113,0.5374546051025391,0.4464506506919861,0.48834359645843506,0.40655678510665894,0.3759729564189911,0.4607575237751007,-0.23930880427360535,0.8758032321929932,0.4046030640602112,0.4625805616378784,0.36790114641189575,0.23738138377666473,0.3462311625480652,0.4730704724788666,-0.2970612943172455,0.8277318477630615,0.3707525432109833,0.4711107015609741,0.3821376860141754,0.2115338146686554,0.33329537510871887,0.46963921189308167,-0.2632640600204468,0.818011462688446,0.3584769666194916,0.46992334723472595,0.2930883765220642,0.21310129761695862,0.3439946174621582,0.46500498056411743,-0.22312898933887482,0.8076222538948059,0.3692273795604706,0.46648359298706055,0.3154555857181549,0.22243404388427734,0.7837047576904297,0.4853684604167938,-0.22465527057647705,0.9996059536933899,0.7652174830436707,0.4825097620487213,0.2250203639268875,0.9992523789405823,0.548173725605011,0.5510753393173218,-0.2813688814640045,0.9755648970603943,0.5482272505760193,0.543766438961029,0.26610615849494934,0.25055792927742004,0.6355313062667847,0.6685835719108582,-0.16704167425632477,0.9749020934104919,0.6202524304389954,0.6457335948944092,0.46493443846702576,0.38761505484580994,0.6714955568313599,0.6865758299827576,-0.15590544044971466,0.9668242335319519,0.6552615761756897,0.6639251112937927,0.4840571880340576,0.48968708515167236,0.5251377820968628,0.6835404634475708,-0.2222609668970108,0.9655243158340454,0.5281082391738892,0.6643553972244263,0.45434483885765076,0.5380120873451233
226,squat,1,0.49079135060310364,0.3057917654514313,0.007386989425867796,0.9999277591705322,0.5042458176612854,0.2972392141819,-0.03602210059762001,0.9999380707740784,0.5085046291351318,0.29718491435050964,-0.03613617643713951,0.999941349029541,0.5131223797798157,0.29723671078681946,-0.03618960455060005,0.9999552965164185,0.5008643865585327,0.2971028983592987,0.03626319020986557,0.9999420642852783,0.5025128722190857,0.29697519540786743,0.03618357330560684,0.9999427199363708,0.5044131875038147,0.29677948355674744,0.036187950521707535,0.9999621510505676,0.5403046011924744,0.30247217416763306,-0.13866692781448364,0.9998794794082642,0.5342035889625549,0.30172479152679443,0.17852436006069183,0.9999527335166931,0.5033954977989197,0.316379576921463,-0.028369110077619553,0.9998708963394165,0.4991668462753296,0.31614190340042114,0.06540482491254807,0.9998530745506287,0.5808073878288269,0.35589084029197693,-0.33338919281959534,0.9998288154602051,0.5980950593948364,0.364101767539978,0.3966805040836334,0.9991265535354614,0.5412640571594238,0.43642428517341614,-0.3982224464416504,0.9790785908699036,0.5514353513717651,0.438650518655777,0.5150759220123291,0.40740126371383667,0.39667749404907227,0.46378952264785767,-0.3209676742553711,0.8870885372161865,0.43121346831321716,0.46617066860198975,0.4167594611644745,0.26702991127967834,0.36376717686653137,0.4777177572250366,-0.3830319046974182,0.8431791067123413,0.4009076654911041,0.4767417013645172,0.4355229139328003,0.23973141610622406,0.35277795791625977,0.4753240942955017,-0.3420265018939972,0.8342065811157227,0.3899060785770416,0.4770173132419586,0.3592841327190399,0.24205414950847626,0.3659917712211609,0.4701415002346039,-0.3023277521133423,0.8235548734664917,0.4007827937602997,0.47269880771636963,0.3786279857158661,0.25195884704589844,0.780855655670166,0.48081672191619873,-0.22850985825061798,0.9995890259742737,0.7632675766944885,0.4782070815563202,0.22877947986125946,0.9992048740386963,0.5509741306304932,0.5503416061401367,-0.2815367877483368,0.9749072194099426,0.5515992641448975,0.5432731509208679,0.24054782092571259,0.2630007863044739,0.6357104778289795,0.6683577299118042,-0.15445010364055634,0.9753586053848267,0.6202108860015869,0.6453635692596436,0.4376164376735687,0.39560744166374207,0.6714159846305847,0.6859316825866699,-0.14053522050380707,0.9673442244529724,0.6551225781440735,0.6642041802406311,0.4554811120033264,0.49938568472862244,0.5256029963493347,0.6837332844734192,-0.19941885769367218,0.966012716293335,0.527736246585846,0.6647475957870483,0.4277138113975525,0.5489676594734192
227,squat,1,0.4981687366962433,0.29161977767944336,0.003320774994790554,0.9999215006828308,0.510992705821991,0.2818063497543335,-0.04318030923604965,0.9999269247055054,0.5149217247962952,0.2816292345523834,-0.043271299451589584,0.9999305605888367,0.5190513730049133,0.28144529461860657,-0.043323762714862823,0.9999468326568604,0.5085583329200745,0.281812459230423,0.0312933586537838,0.9999330639839172,0.5106492638587952,0.28158387541770935,0.03123132325708866,0.9999352693557739,0.5129810571670532,0.2812862694263458,0.031223824247717857,0.9999572038650513,0.5458998084068298,0.28590723872184753,-0.1592918485403061,0.9998660683631897,0.5421528220176697,0.28492021560668945,0.17299708724021912,0.9999449253082275,0.5109502673149109,0.30167320370674133,-0.03466090187430382,0.9998689293861389,0.507689893245697,0.30175599455833435,0.062188029289245605,0.9998410940170288,0.5848779678344727,0.33933600783348083,-0.3738144338130951,0.9998425841331482,0.6114196181297302,0.3480134904384613,0.4107668697834015,0.9991724491119385,0.5619564652442932,0.42113855481147766,-0.3973294794559479,0.9807386994361877,0.5843566060066223,0.4244202971458435,0.5294313430786133,0.39481818675994873,0.43787887692451477,0.4659903943538666,-0.22756147384643555,0.8975845575332642,0.48199447989463806,0.4667769968509674,0.43680596351623535,0.28015124797821045,0.41299378871917725,0.4823843836784363,-0.27987873554229736,0.857382595539093,0.46176573634147644,0.4788813292980194,0.45681115984916687,0.2527640461921692,0.40428435802459717,0.4815800189971924,-0.2423035204410553,0.8491387963294983,0.4515444040298462,0.4785444438457489,0.38606858253479004,0.25563767552375793,0.41501063108444214,0.4756922721862793,-0.2066543996334076,0.8383618593215942,0.4588780701160431,0.4739762544631958,0.4024120271205902,0.26536503434181213,0.7674867510795593,0.47018250823020935,-0.24069643020629883,0.9995876550674438,0.7599852681159973,0.46856412291526794,0.2408592849969864,0.9992032051086426,0.5546442270278931,0.549444854259491,-0.22897495329380035,0.9751713871955872,0.5554086565971375,0.5423719882965088,0.2605840265750885,0.28273290395736694,0.6356187462806702,0.6677023768424988,-0.044533900916576385,0.9763457179069519,0.6201073527336121,0.6453572511672974,0.47650784254074097,0.4177391827106476,0.6698178648948669,0.6838045716285706,-0.02449803613126278,0.9682413339614868,0.6543004512786865,0.6641526222229004,0.49893808364868164,0.5185337662696838,0.5262398719787598,0.6838179230690002,-0.07058540731668472,0.9671858549118042,0.5275684595108032,0.6649823188781738,0.4682537317276001,0.569229781627655
228,squat,1,0.5013933777809143,0.28100675344467163,-0.028097158297896385,0.9999147057533264,0.5150731205940247,0.2724148631095886,-0.07726513594388962,0.999916672706604,0.5187846422195435,0.27239423990249634,-0.07743401825428009,0.9999203681945801,0.5226151943206787,0.2724752426147461,-0.07750801742076874,0.999939501285553,0.5126198530197144,0.27240896224975586,0.004523733165115118,0.9999248385429382,0.5146052837371826,0.2723534405231476,0.004488011822104454,0.9999286532402039,0.5166832804679871,0.27226752042770386,0.0044366298243403435,0.9999527335166931,0.5484292507171631,0.2781176269054413,-0.1997448056936264,0.9998554587364197,0.5445301532745361,0.2773497402667999,0.1590542048215866,0.9999358057975769,0.5132285952568054,0.2921826243400574,-0.06880197674036026,0.9998690485954285,0.5101521611213684,0.2918005585670471,0.03734834864735603,0.9998335242271423,0.586874783039093,0.33034276962280273,-0.41611191630363464,0.9998565316200256,0.6157867312431335,0.33817189931869507,0.3988429009914398,0.9992262721061707,0.5773711204528809,0.41255903244018555,-0.4309924840927124,0.9823724031448364,0.6047393083572388,0.41759803891181946,0.5081382393836975,0.3834463655948639,0.46191275119781494,0.4672582745552063,-0.2580793499946594,0.9072567820549011,0.506431519985199,0.4646923840045929,0.4208187162876129,0.29400816559791565,0.4411230981349945,0.4840475916862488,-0.31761303544044495,0.870475709438324,0.48986226320266724,0.47623422741889954,0.4258214235305786,0.2651718556880951,0.4335431754589081,0.48396602272987366,-0.2805205285549164,0.8629348278045654,0.48109352588653564,0.4761900305747986,0.34413209557533264,0.26853591203689575,0.4423261284828186,0.4780564308166504,-0.23631760478019714,0.8521106839179993,0.48691216111183167,0.4719492197036743,0.37837642431259155,0.27716320753097534,0.7572650909423828,0.4638056457042694,-0.24414116144180298,0.9995969533920288,0.7558558583259583,0.46121302247047424,0.2443409115076065,0.9992154836654663,0.5610677003860474,0.5495924353599548,-0.17902378737926483,0.9755856394767761,0.5664369463920593,0.5420710444450378,0.26265034079551697,0.3040994703769684,0.6355043053627014,0.6672381162643433,0.019588934257626534,0.9770835041999817,0.6199635863304138,0.645892322063446,0.5336820483207703,0.44198447465896606,0.6716341972351074,0.6840075254440308,0.037845805287361145,0.9683915972709656,0.6528794169425964,0.6596226096153259,0.5556007027626038,0.5382729172706604,0.5275516510009766,0.6835880875587463,-0.034353453665971756,0.9681233763694763,0.5274134278297424,0.6656433343887329,0.5181906223297119,0.5902274250984192
229,squat,1,0.5051177144050598,0.272909015417099,-0.05542273819446564,0.9999069571495056,0.5191015005111694,0.2641412615776062,-0.10325536876916885,0.9999058842658997,0.5228828191757202,0.2641866207122803,-0.10341200977563858,0.9999099969863892,0.5270127058029175,0.2643207907676697,-0.1035015732049942,0.9999318718910217,0.5167760252952576,0.2641581892967224,-0.025360893458127975,0.9999155402183533,0.5185684561729431,0.2641710638999939,-0.02538903057575226,0.9999209642410278,0.5207933783531189,0.2641664147377014,-0.025457389652729034,0.9999469518661499,0.5519840121269226,0.2701038420200348,-0.21725153923034668,0.9998453855514526,0.5488024353981018,0.26914358139038086,0.12222829461097717,0.9999253749847412,0.5162469744682312,0.2839134633541107,-0.09269628673791885,0.9998677372932434,0.5136303305625916,0.283496618270874,0.007550831418484449,0.9998229742050171,0.5929113626480103,0.3213708996772766,-0.42942941188812256,0.9998688101768494,0.6147876977920532,0.32997485995292664,0.3877507150173187,0.9992642402648926,0.5900097489356995,0.40317726135253906,-0.42323312163352966,0.9836236238479614,0.6120349168777466,0.4103008806705475,0.49186915159225464,0.3654327988624573,0.487492173910141,0.4660877585411072,-0.2137843668460846,0.9152123928070068,0.5188955068588257,0.46337395906448364,0.3462538719177246,0.2889360189437866,0.4721582531929016,0.4842270016670227,-0.26583948731422424,0.880772590637207,0.5011399388313293,0.4786369502544403,0.3586137294769287,0.26067477464675903,0.46213650703430176,0.48327934741973877,-0.23666898906230927,0.8737630844116211,0.494714617729187,0.47811901569366455,0.28397512435913086,0.2641604244709015,0.46922463178634644,0.4764677882194519,-0.19465990364551544,0.8621188402175903,0.5015432238578796,0.4720267951488495,0.3084001839160919,0.27236485481262207,0.7537996768951416,0.45791053771972656,-0.2433362603187561,0.9995974898338318,0.7499417662620544,0.45688164234161377,0.24352295696735382,0.9992055892944336,0.561617374420166,0.5486029386520386,-0.16940006613731384,0.9752048254013062,0.566405713558197,0.5412745475769043,0.27397656440734863,0.3184957206249237,0.6340494751930237,0.6641283631324768,0.02527638152241707,0.9775562882423401,0.6180959939956665,0.6459006667137146,0.530880331993103,0.46036359667778015,0.6709564924240112,0.68304842710495,0.041763778775930405,0.9683888554573059,0.6498005390167236,0.6596560478210449,0.5509083271026611,0.5512822270393372,0.5241926908493042,0.6819868087768555,-0.039525944739580154,0.9689161777496338,0.5193608403205872,0.6654604077339172,0.5117612481117249,0.6064261198043823
230,squat,1,0.509322464466095,0.2655676603317261,-0.09361492097377777,0.9999061822891235,0.5241460204124451,0.2566620111465454,-0.13896861672401428,0.9999024868011475,0.5280671119689941,0.25679802894592285,-0.13911820948123932,0.9999068975448608,0.532476007938385,0.2569144666194916,-0.13917891681194305,0.9999298453330994,0.5218242406845093,0.2564166188240051,-0.06145009398460388,0.9999129176139832,0.5237992405891418,0.2563195824623108,-0.0614679791033268,0.9999186396598816,0.5262590050697327,0.25622978806495667,-0.06158886104822159,0.999944806098938,0.5576925873756409,0.2618619203567505,-0.24419760704040527,0.9998448491096497,0.5544637441635132,0.260960191488266,0.09321430325508118,0.9999204874038696,0.5207957625389099,0.275991827249527,-0.1280227154493332,0.9998720288276672,0.5183656215667725,0.2756611406803131,-0.028798257932066917,0.9998236894607544,0.5993182063102722,0.31393298506736755,-0.46140995621681213,0.9998807907104492,0.6134585738182068,0.32043418288230896,0.3705100417137146,0.9993049502372742,0.5979773998260498,0.3976874053478241,-0.47793570160865784,0.984865128993988,0.6153815984725952,0.40248584747314453,0.4373262822628021,0.34969374537467957,0.5110689401626587,0.46410611271858215,-0.31349602341651917,0.9227203130722046,0.5279543995857239,0.4619615375995636,0.2723957598209381,0.28598475456237793,0.49915042519569397,0.48232582211494446,-0.3781401216983795,0.8907084465026855,0.5088436007499695,0.47813698649406433,0.27721071243286133,0.2575226426124573,0.4899096190929413,0.48280277848243713,-0.35450106859207153,0.8842463493347168,0.5058532357215881,0.47864222526550293,0.20541028678417206,0.2608385384082794,0.49633604288101196,0.47568807005882263,-0.29691705107688904,0.8721400499343872,0.5145952105522156,0.47186991572380066,0.2359345704317093,0.2683534026145935,0.7524904608726501,0.4540570378303528,-0.24715198576450348,0.9996158480644226,0.7418355941772461,0.4516858756542206,0.24731220304965973,0.9992185235023499,0.5635647773742676,0.5480865836143494,-0.19181178510189056,0.9752495884895325,0.5656991004943848,0.5391879677772522,0.31839272379875183,0.3323782682418823,0.6350225210189819,0.6642797589302063,-0.03598853945732117,0.9784038662910461,0.6181328296661377,0.6447668671607971,0.6143021583557129,0.47384968400001526,0.6710401773452759,0.6827738881111145,-0.025464793667197227,0.9689503908157349,0.6499581933021545,0.6588202714920044,0.6381195783615112,0.562521755695343,0.5245864391326904,0.6828380823135376,-0.1172727718949318,0.9702050089836121,0.5194581747055054,0.6655070781707764,0.5913337469100952,0.6198936104774475
231,squat,1,0.5190410017967224,0.25215497612953186,-0.17378775775432587,0.9998989701271057,0.5342333912849426,0.24317219853401184,-0.2183316946029663,0.9998902082443237,0.5381448268890381,0.2432563155889511,-0.2184816151857376,0.9998958706855774,0.54264235496521,0.24340344965457916,-0.2185693383216858,0.9999223947525024,0.5313733220100403,0.2430734485387802,-0.13994751870632172,0.9999039769172668,0.532934844493866,0.2430696189403534,-0.1399286985397339,0.9999106526374817,0.5348601341247559,0.24296438694000244,-0.14005304872989655,0.9999386072158813,0.5674682259559631,0.2490822672843933,-0.32139134407043457,0.9998376369476318,0.5618420243263245,0.2477930337190628,0.020887549966573715,0.9999104738235474,0.5302045941352844,0.26328006386756897,-0.20766954123973846,0.9998704195022583,0.5266136527061462,0.26293352246284485,-0.1071222722530365,0.9998177289962769,0.603204071521759,0.30318737030029297,-0.5188348293304443,0.999890923500061,0.6142889857292175,0.30784687399864197,0.2878264784812927,0.9993253350257874,0.6161173582077026,0.39015793800354004,-0.5425033569335938,0.9857190251350403,0.6386259198188782,0.39172542095184326,0.33529579639434814,0.3257350027561188,0.5462145805358887,0.46366316080093384,-0.38404467701911926,0.9284079074859619,0.5626788139343262,0.4619057774543762,0.1829913854598999,0.26850947737693787,0.5352358818054199,0.48053786158561707,-0.4521014988422394,0.8977634906768799,0.5486850142478943,0.47983986139297485,0.18654786050319672,0.2418876439332962,0.5274449586868286,0.48164981603622437,-0.4261295795440674,0.8916625380516052,0.5450023412704468,0.4801614582538605,0.11701076477766037,0.24470612406730652,0.531575083732605,0.4748245179653168,-0.36785489320755005,0.877747654914856,0.5497525334358215,0.4731375575065613,0.1482197791337967,0.2515588700771332,0.7477593421936035,0.4471317529678345,-0.2461932748556137,0.9996262788772583,0.7387011647224426,0.44452354311943054,0.24638119339942932,0.9991855621337891,0.5670132637023926,0.5479258894920349,-0.19827233254909515,0.9756105542182922,0.5714705586433411,0.5385928153991699,0.353970468044281,0.3414238691329956,0.6382184028625488,0.6644040942192078,-0.046067796647548676,0.9792727828025818,0.624007523059845,0.6452232599258423,0.6592738032341003,0.4820949137210846,0.6722114086151123,0.6827641129493713,-0.03703882917761803,0.9695197343826294,0.654096782207489,0.659884512424469,0.683293342590332,0.5687138438224792,0.5302329063415527,0.6835730075836182,-0.1402357667684555,0.9711848497390747,0.5260019898414612,0.6658849120140076,0.6308784484863281,0.6272854208946228
232,squat,1,0.5226396322250366,0.2477095127105713,-0.16567958891391754,0.9998911619186401,0.5378162264823914,0.23812882602214813,-0.21058543026447296,0.9998761415481567,0.5418477654457092,0.23830309510231018,-0.21073202788829803,0.9998826384544373,0.5465020537376404,0.23848344385623932,-0.21082259714603424,0.9999131560325623,0.5345153212547302,0.23774480819702148,-0.13229522109031677,0.9998922944068909,0.5360665917396545,0.23765194416046143,-0.13225923478603363,0.9999000430107117,0.5380356311798096,0.2375587522983551,-0.13237427175045013,0.9999305605888367,0.5728585124015808,0.2430591732263565,-0.31690946221351624,0.9998282790184021,0.5659646391868591,0.24223460257053375,0.025136999785900116,0.9998989105224609,0.5339720249176025,0.2581387460231781,-0.20142793655395508,0.9998676776885986,0.5302180051803589,0.25762030482292175,-0.10089121013879776,0.9998094439506531,0.6073737144470215,0.2961072623729706,-0.5157201886177063,0.9999001622200012,0.6141440868377686,0.3023194372653961,0.28302210569381714,0.9993444085121155,0.6282526850700378,0.3825855553150177,-0.548125147819519,0.9865256547927856,0.6438460350036621,0.3845981955528259,0.3296436369419098,0.3039298951625824,0.5690345168113708,0.45910733938217163,-0.40791240334510803,0.933444619178772,0.5844879746437073,0.45584636926651,0.17505288124084473,0.2522822320461273,0.5610553026199341,0.4781557023525238,-0.47733718156814575,0.9038740992546082,0.5694333910942078,0.4774109721183777,0.17809663712978363,0.2273452877998352,0.5489771366119385,0.4790710508823395,-0.45158013701438904,0.8981066942214966,0.5608018040657043,0.47842729091644287,0.10989277809858322,0.2297266572713852,0.5499114394187927,0.47236332297325134,-0.3926481008529663,0.8825846314430237,0.5684359073638916,0.4710571765899658,0.1406324952840805,0.23615172505378723,0.7454040050506592,0.4409971833229065,-0.24490004777908325,0.9996383190155029,0.7313615679740906,0.4395518898963928,0.24509675800800323,0.999170184135437,0.5733153223991394,0.546095073223114,-0.20800113677978516,0.9751131534576416,0.5731794238090515,0.5369654893875122,0.32559552788734436,0.3428064286708832,0.6419286131858826,0.6642281413078308,-0.06469959765672684,0.9794657230377197,0.6257066130638123,0.6444548964500427,0.5976092219352722,0.47790879011154175,0.6745287775993347,0.6828778982162476,-0.055544618517160416,0.9688740968704224,0.654281735420227,0.6603203415870667,0.6184486150741577,0.5654523968696594,0.5315943956375122,0.6837508082389832,-0.16435258090496063,0.9711758494377136,0.5270169377326965,0.6657496094703674,0.6047977805137634,0.6228921413421631
233,squat,1,0.5264235138893127,0.24160845577716827,-0.15263426303863525,0.9998809695243835,0.5417581796646118,0.2327711284160614,-0.1978386640548706,0.9998604655265808,0.5459243059158325,0.2330179512500763,-0.1979692429304123,0.9998674988746643,0.550425112247467,0.2332308441400528,-0.19808146357536316,0.9999022483825684,0.5384320616722107,0.2322029173374176,-0.12106624990701675,0.9998787045478821,0.5401409864425659,0.23208150267601013,-0.1209997907280922,0.9998875856399536,0.5422495007514954,0.23197360336780548,-0.12111110240221024,0.9999215006828308,0.5773785710334778,0.23786599934101105,-0.30675074458122253,0.9998193383216858,0.569700300693512,0.2369687408208847,0.028110332787036896,0.9998874068260193,0.5374947786331177,0.2527037560939789,-0.18880824744701385,0.9998626112937927,0.5337458848953247,0.2518133819103241,-0.09041760116815567,0.9997989535331726,0.6105136275291443,0.29126501083374023,-0.49656641483306885,0.9999076724052429,0.6143499612808228,0.2960070073604584,0.27445241808891296,0.999363362789154,0.6373029947280884,0.3752692639827728,-0.5176525712013245,0.9872204661369324,0.6453733444213867,0.3759281039237976,0.32273462414741516,0.2848023474216461,0.5868546366691589,0.45297202467918396,-0.3609493672847748,0.9378092288970947,0.5956618785858154,0.4485189914703369,0.18673455715179443,0.23693203926086426,0.5789334774017334,0.4765967130661011,-0.42498400807380676,0.9090153574943542,0.5804546475410461,0.47644510865211487,0.19356068968772888,0.21363265812397003,0.5645958185195923,0.4768512547016144,-0.3980847895145416,0.9034728407859802,0.5758557915687561,0.4777980446815491,0.12694068253040314,0.2156171202659607,0.5658491253852844,0.4711829721927643,-0.3451169729232788,0.8865335583686829,0.5814943313598633,0.46831098198890686,0.15373748540878296,0.2218061238527298,0.7426375150680542,0.4367484152317047,-0.23832809925079346,0.9996177554130554,0.7258821725845337,0.4357300102710724,0.23851610720157623,0.9990878701210022,0.5815575122833252,0.5452684760093689,-0.1772100031375885,0.9738738536834717,0.580903172492981,0.5371964573860168,0.27514010667800903,0.3405165374279022,0.641961932182312,0.6640850305557251,0.00034483399940654635,0.9782525897026062,0.6262733340263367,0.6442092061042786,0.49643179774284363,0.4676934778690338,0.6745240092277527,0.682900607585907,0.012080380693078041,0.9672022461891174,0.6544442772865295,0.6619957089424133,0.5105589628219604,0.5570930242538452,0.5322800874710083,0.6837368011474609,-0.09710998833179474,0.968673050403595,0.5275633931159973,0.6657398343086243,0.4402730166912079,0.6087327599525452
234,squat,1,0.5295918583869934,0.23541563749313354,-0.1431853473186493,0.9998816251754761,0.5452234745025635,0.2274652123451233,-0.19021259248256683,0.9998592734336853,0.5491321086883545,0.22773601114749908,-0.1903199851512909,0.9998664855957031,0.5533097982406616,0.22796665132045746,-0.1904233694076538,0.9999011158943176,0.5432291626930237,0.22694632411003113,-0.11086959391832352,0.9998779296875,0.5455209016799927,0.22689791023731232,-0.11078587919473648,0.9998869895935059,0.5481025576591492,0.22683578729629517,-0.11089512705802917,0.999920666217804,0.5806947350502014,0.23308397829532623,-0.30589643120765686,0.9998242259025574,0.575413703918457,0.23214343190193176,0.040750693529844284,0.9998874664306641,0.539360523223877,0.24690020084381104,-0.1814790517091751,0.9998669028282166,0.5368569493293762,0.24591918289661407,-0.07981760799884796,0.9998038411140442,0.6130287051200867,0.28662219643592834,-0.49979060888290405,0.9999154210090637,0.6189827919006348,0.29275551438331604,0.29046955704689026,0.9993960857391357,0.6435763239860535,0.3683587908744812,-0.5275837182998657,0.9879732131958008,0.6540354490280151,0.3724702000617981,0.3485735058784485,0.26661983132362366,0.5993563532829285,0.44608694314956665,-0.3864966332912445,0.9421815276145935,0.6107689142227173,0.44506916403770447,0.21658943593502045,0.22368666529655457,0.5915929675102234,0.47225865721702576,-0.4541034400463104,0.9144104719161987,0.5955848693847656,0.47433456778526306,0.22579312324523926,0.20191961526870728,0.5764802694320679,0.47385087609291077,-0.4237092435359955,0.9090765714645386,0.5869463086128235,0.47762393951416016,0.15742021799087524,0.2035517543554306,0.5801290273666382,0.4653584957122803,-0.36958664655685425,0.8912104368209839,0.5963830351829529,0.4655839502811432,0.18286506831645966,0.20948205888271332,0.7364408373832703,0.4326865077018738,-0.23873157799243927,0.9996030926704407,0.7224642038345337,0.43288305401802063,0.23889636993408203,0.9990319013595581,0.5881070494651794,0.5447641611099243,-0.18773995339870453,0.9733460545539856,0.5871368050575256,0.5374206304550171,0.2656690776348114,0.3407057821750641,0.64268559217453,0.6652211546897888,-0.018180441111326218,0.977770209312439,0.6269770264625549,0.6485223174095154,0.4616187512874603,0.461307555437088,0.6746280789375305,0.6833152770996094,-0.007431945763528347,0.966162919998169,0.6544691324234009,0.6672646999359131,0.47279664874076843,0.5509156584739685,0.5321357846260071,0.6852065324783325,-0.12134461849927902,0.9671549797058105,0.5274131894111633,0.670232355594635,0.3847348988056183,0.5989805459976196
235,squat,1,0.5348348617553711,0.2278909534215927,-0.16300135850906372,0.999887228012085,0.5502761006355286,0.21924959123134613,-0.21074645221233368,0.9998654723167419,0.5542157292366028,0.2195585072040558,-0.21082083880901337,0.9998725652694702,0.5583634972572327,0.21981827914714813,-0.21093328297138214,0.9999055862426758,0.5480964779853821,0.21856902539730072,-0.1288052648305893,0.9998824000358582,0.5502939820289612,0.21845343708992004,-0.12870681285858154,0.9998907446861267,0.552818238735199,0.21834465861320496,-0.1287965178489685,0.9999226927757263,0.5862948894500732,0.22470542788505554,-0.3285161852836609,0.9998362064361572,0.5807004570960999,0.22365543246269226,0.028192801401019096,0.9998904466629028,0.5449660420417786,0.23907671868801117,-0.20191285014152527,0.9998750686645508,0.5419986248016357,0.23823457956314087,-0.09727094322443008,0.9998135566711426,0.6189077496528625,0.2780361771583557,-0.528031051158905,0.9999231100082397,0.6226450204849243,0.28325536847114563,0.28737297654151917,0.9994223713874817,0.6565248966217041,0.36039018630981445,-0.5625143647193909,0.988976776599884,0.6579275727272034,0.36516550183296204,0.3521277904510498,0.25209924578666687,0.6212629079818726,0.4378555417060852,-0.4394964277744293,0.9472837448120117,0.6304339170455933,0.4344148635864258,0.22589972615242004,0.2139221876859665,0.6183526515960693,0.46466490626335144,-0.5118570923805237,0.9212966561317444,0.6151590347290039,0.4615841805934906,0.23638352751731873,0.1927390694618225,0.5986284613609314,0.4660670757293701,-0.4837134778499603,0.9163321852684021,0.606629490852356,0.463853120803833,0.16603265702724457,0.19408747553825378,0.6003350615501404,0.45794677734375,-0.42262792587280273,0.8989043831825256,0.6134944558143616,0.45453500747680664,0.19135306775569916,0.19975240528583527,0.7212530970573425,0.4264867305755615,-0.24197731912136078,0.9995788335800171,0.7093157768249512,0.42663317918777466,0.24208849668502808,0.9989356398582458,0.594703197479248,0.5435574650764465,-0.1940537840127945,0.9718824028968811,0.5986716747283936,0.5372999906539917,0.2731587886810303,0.3385474383831024,0.6434125900268555,0.6657053232192993,-0.03062119148671627,0.9758394360542297,0.6284704208374023,0.650012731552124,0.46407732367515564,0.4486372172832489,0.6745342016220093,0.6833878755569458,-0.02157296985387802,0.9637681841850281,0.654533863067627,0.6679760217666626,0.474398136138916,0.5405325293540955,0.5325658321380615,0.6856021881103516,-0.13839934766292572,0.9632927179336548,0.5284854173660278,0.6711656451225281,0.3746669888496399,0.582230269908905
236,squat,1,0.5412980914115906,0.22182154655456543,-0.17492274940013885,0.9998921751976013,0.5557149648666382,0.21349257230758667,-0.22284269332885742,0.9998710751533508,0.5592196583747864,0.213734433054924,-0.2229110598564148,0.9998780488967896,0.5631851553916931,0.2139657884836197,-0.22302593290805817,0.9999094605445862,0.5543543100357056,0.21287767589092255,-0.14115288853645325,0.999886691570282,0.5566757917404175,0.21273872256278992,-0.14109013974666595,0.9998944997787476,0.5595210790634155,0.21254566311836243,-0.14117729663848877,0.9999247789382935,0.5911300182342529,0.2196551114320755,-0.3391154408454895,0.9998471140861511,0.587331235408783,0.21813349425792694,0.01658761501312256,0.9998928904533386,0.5502756237983704,0.2331589311361313,-0.21308307349681854,0.9998819231987,0.547585666179657,0.23221991956233978,-0.10883715748786926,0.9998222589492798,0.6255274415016174,0.27453216910362244,-0.5300651788711548,0.999929666519165,0.6269151568412781,0.27965158224105835,0.2754324972629547,0.9994447231292725,0.661544680595398,0.3582548499107361,-0.5559378266334534,0.9898239970207214,0.6621277332305908,0.36139804124832153,0.3429054617881775,0.23840034008026123,0.6310035586357117,0.4333222806453705,-0.42299988865852356,0.9514081478118896,0.638668417930603,0.42877742648124695,0.217616468667984,0.2032940536737442,0.6291767358779907,0.45886754989624023,-0.4904170334339142,0.9264636635780334,0.6244367957115173,0.4540082812309265,0.2282043844461441,0.18304073810577393,0.6106466054916382,0.4596095085144043,-0.4679740071296692,0.9217192530632019,0.6169351935386658,0.45492497086524963,0.15753160417079926,0.18416467308998108,0.6115323305130005,0.45268741250038147,-0.40780165791511536,0.9041571021080017,0.6228342056274414,0.4470916986465454,0.18325963616371155,0.1895652711391449,0.7150812745094299,0.42397284507751465,-0.24182622134685516,0.9995508193969727,0.7026641964912415,0.4235011637210846,0.24197468161582947,0.9988547563552856,0.5995927453041077,0.5427438020706177,-0.19709360599517822,0.9713160991668701,0.6052032113075256,0.5354865789413452,0.2776508033275604,0.3375365436077118,0.6432451605796814,0.6657016277313232,-0.04118184745311737,0.9748243689537048,0.6304122805595398,0.649877667427063,0.4399661719799042,0.443955659866333,0.6745020151138306,0.683484673500061,-0.0315590463578701,0.9625125527381897,0.6547490358352661,0.6679221391677856,0.4456891715526581,0.5334922671318054,0.5316241383552551,0.6841707229614258,-0.17487463355064392,0.9612112045288086,0.5282836556434631,0.6707279086112976,0.3288255035877228,0.5734102129936218
237,squat,1,0.546975314617157,0.22074195742607117,-0.16704720258712769,0.9998952746391296,0.5610262751579285,0.21111908555030823,-0.2142098844051361,0.9998748302459717,0.564363956451416,0.21127530932426453,-0.2142602950334549,0.9998818635940552,0.5681607127189636,0.21156153082847595,-0.21435734629631042,0.9999122619628906,0.5586097836494446,0.21063081920146942,-0.13461598753929138,0.999888002872467,0.5602028965950012,0.21040977537631989,-0.13457030057907104,0.9998953342437744,0.5622966289520264,0.2102467566728592,-0.1346283107995987,0.9999245405197144,0.5952463746070862,0.21680015325546265,-0.32876983284950256,0.9998560547828674,0.5903199315071106,0.2155151218175888,0.017283039167523384,0.9998914003372192,0.5573465824127197,0.23242272436618805,-0.20453020930290222,0.9998871088027954,0.5529788732528687,0.23175187408924103,-0.10307896137237549,0.9998270869255066,0.6286053657531738,0.2723132073879242,-0.5217714905738831,0.9999361038208008,0.6316830515861511,0.27672693133354187,0.27633270621299744,0.9994558691978455,0.6660871505737305,0.35574135184288025,-0.5558534860610962,0.9906817674636841,0.6645241379737854,0.35754871368408203,0.35262802243232727,0.2244981825351715,0.6363860368728638,0.43030065298080444,-0.44506874680519104,0.9555440545082092,0.638782799243927,0.4240230321884155,0.235950767993927,0.19089727103710175,0.6352401971817017,0.45504581928253174,-0.5097009539604187,0.9319643378257751,0.6273093223571777,0.4487864673137665,0.25785839557647705,0.17180880904197693,0.6157099008560181,0.45572537183761597,-0.4853854477405548,0.9274991154670715,0.6205206513404846,0.44942620396614075,0.18766853213310242,0.17269490659236908,0.6162852048873901,0.4496473968029022,-0.4288763403892517,0.9102474451065063,0.6259682774543762,0.4415060579776764,0.2033325582742691,0.177834615111351,0.706146240234375,0.4204846918582916,-0.24094192683696747,0.9995521306991577,0.6930925250053406,0.42017480731010437,0.2409740537405014,0.9988259673118591,0.6061587333679199,0.5425637364387512,-0.19879214465618134,0.9694480299949646,0.6108007431030273,0.533564031124115,0.26916688680648804,0.32775142788887024,0.6434207558631897,0.6653781533241272,-0.05544915795326233,0.9729880094528198,0.6305605173110962,0.6493587493896484,0.42630407214164734,0.4302341938018799,0.675815999507904,0.6843903660774231,-0.0509733147919178,0.9607157707214355,0.6536428928375244,0.6678064465522766,0.433048278093338,0.5198096036911011,0.5329235792160034,0.6838271021842957,-0.208717480301857,0.9588869214057922,0.5284554958343506,0.6704164147377014,0.3184855282306671,0.5599415302276611
238,squat,1,0.5484049320220947,0.22122198343276978,-0.1557982712984085,0.9998957514762878,0.5620763301849365,0.2108088731765747,-0.20237357914447784,0.9998748302459717,0.565969705581665,0.21080195903778076,-0.20245154201984406,0.9998825192451477,0.5701483488082886,0.2107943892478943,-0.2025522142648697,0.999912679195404,0.5587624311447144,0.21034489572048187,-0.12355199456214905,0.9998853206634521,0.5601302981376648,0.21001611649990082,-0.12351542711257935,0.999891459941864,0.5618900656700134,0.20970425009727478,-0.12357970327138901,0.9999201893806458,0.5976027846336365,0.21483281254768372,-0.31426188349723816,0.9998624920845032,0.5915461778640747,0.21379782259464264,0.025478076189756393,0.9998834729194641,0.55994713306427,0.23208706080913544,-0.19272741675376892,0.9998899102210999,0.5552449822425842,0.23191684484481812,-0.09211205691099167,0.9998266100883484,0.6315457820892334,0.26982101798057556,-0.5075927376747131,0.9999418258666992,0.634398341178894,0.27377593517303467,0.27968892455101013,0.9994438290596008,0.6697831749916077,0.3535967767238617,-0.5407974123954773,0.9914974570274353,0.663661777973175,0.35410991311073303,0.3546926975250244,0.2117895632982254,0.6420887112617493,0.426230788230896,-0.44537222385406494,0.9595543146133423,0.6381686329841614,0.4188497066497803,0.2738417387008667,0.18014559149742126,0.6444694399833679,0.45093703269958496,-0.5101422071456909,0.9375919699668884,0.6302635073661804,0.44301480054855347,0.2951411008834839,0.16207663714885712,0.6224551200866699,0.45178404450416565,-0.48682916164398193,0.9334540367126465,0.6241124868392944,0.44423189759254456,0.22979004681110382,0.1627904623746872,0.6212933659553528,0.4464739263057709,-0.42960935831069946,0.9169620275497437,0.6279307007789612,0.43613937497138977,0.24359488487243652,0.16771990060806274,0.7033121585845947,0.41933467984199524,-0.23347802460193634,0.9995263814926147,0.6880385279655457,0.4196169376373291,0.23341955244541168,0.9987398982048035,0.6125058531761169,0.5400974154472351,-0.18856947124004364,0.9673762321472168,0.6137058734893799,0.5325625538825989,0.24573694169521332,0.3193152844905853,0.6430791616439819,0.6633695960044861,-0.05267038568854332,0.9700021743774414,0.6324682831764221,0.6484318375587463,0.3933166265487671,0.4170650839805603,0.6750326752662659,0.6841591000556946,-0.04818474501371384,0.9577178955078125,0.653948962688446,0.6675407290458679,0.39905956387519836,0.5065612196922302,0.5339656472206116,0.6828310489654541,-0.1999618411064148,0.9553716778755188,0.5317169427871704,0.670272707939148,0.2755812406539917,0.5460963249206543
239,squat,1,0.5525311827659607,0.2179122418165207,-0.15055622160434723,0.999898374080658,0.5658190250396729,0.2073887586593628,-0.1970379799604416,0.9998776912689209,0.5699068307876587,0.2073570042848587,-0.19709767401218414,0.9998857975006104,0.574352502822876,0.20730876922607422,-0.19719256460666656,0.9999150037765503,0.5624179840087891,0.20687510073184967,-0.11923598498106003,0.9998855590820312,0.5638479590415955,0.20646019279956818,-0.11917459964752197,0.9998903870582581,0.5656245350837708,0.20607538521289825,-0.11923176795244217,0.9999179244041443,0.6025497913360596,0.21110166609287262,-0.30902427434921265,0.9998707175254822,0.5962711572647095,0.2101864069700241,0.02689450979232788,0.9998781681060791,0.5647692680358887,0.22872143983840942,-0.1870935708284378,0.9998949766159058,0.560206413269043,0.22862035036087036,-0.08773648738861084,0.9998311400413513,0.6350740194320679,0.2649669647216797,-0.5036953687667847,0.9999472498893738,0.6363523602485657,0.2693183720111847,0.2825443148612976,0.9994499087333679,0.6731334328651428,0.34961816668510437,-0.5440993309020996,0.9922568202018738,0.6604024171829224,0.3510695993900299,0.36160004138946533,0.20019006729125977,0.6482911705970764,0.4226834774017334,-0.461353600025177,0.9632618427276611,0.6453062295913696,0.4153388440608978,0.2854938507080078,0.17132729291915894,0.6502196788787842,0.44767311215400696,-0.5290992259979248,0.9429041743278503,0.6373473405838013,0.43810388445854187,0.3040555715560913,0.15431515872478485,0.6329858303070068,0.4488983750343323,-0.5088657736778259,0.9390848875045776,0.6336500644683838,0.44003698229789734,0.23800507187843323,0.15497906506061554,0.6315410733222961,0.44284284114837646,-0.44679588079452515,0.9234656095504761,0.6363750696182251,0.43106889724731445,0.25460129976272583,0.15970371663570404,0.6932323575019836,0.41545993089675903,-0.23144635558128357,0.9995104074478149,0.6808807253837585,0.41678211092948914,0.23139913380146027,0.9986783266067505,0.6214090585708618,0.53805011510849,-0.18331891298294067,0.964572548866272,0.6229762434959412,0.5318664312362671,0.25344836711883545,0.3090231716632843,0.6399341821670532,0.6626219749450684,-0.05310862511396408,0.9662379622459412,0.6324349641799927,0.6482921838760376,0.3898264169692993,0.40472397208213806,0.6725322604179382,0.6836382746696472,-0.05232326313853264,0.9529533386230469,0.654042661190033,0.6673323512077332,0.39363893866539,0.4943599998950958,0.5340076684951782,0.683354914188385,-0.22339823842048645,0.9512232542037964,0.5327845215797424,0.6705664992332458,0.2601305842399597,0.5352050065994263
240,squat,1,0.5552513003349304,0.2153569459915161,-0.16025996208190918,0.9999019503593445,0.5687581300735474,0.20486870408058167,-0.20774763822555542,0.999882161617279,0.5730096101760864,0.20478472113609314,-0.20776177942752838,0.9998907446861267,0.577579140663147,0.20472988486289978,-0.20784913003444672,0.9999185800552368,0.5647605061531067,0.20461902022361755,-0.12902556359767914,0.9998875260353088,0.5659763813018799,0.20434166491031647,-0.12892475724220276,0.999891459941864,0.567467987537384,0.2040116786956787,-0.1289588063955307,0.999917209148407,0.6057111024856567,0.20948158204555511,-0.3231314718723297,0.9998795986175537,0.5977736711502075,0.20833350718021393,0.018893655389547348,0.9998747110366821,0.566988468170166,0.22656171023845673,-0.1967630237340927,0.9999008774757385,0.5620352625846863,0.22653745114803314,-0.09650833904743195,0.999837338924408,0.6361247301101685,0.264386385679245,-0.5262357592582703,0.9999522566795349,0.6375826001167297,0.26935145258903503,0.28510481119155884,0.9994491338729858,0.6753565073013306,0.3487203121185303,-0.5749156475067139,0.992952287197113,0.6606749892234802,0.35014232993125916,0.3786691725254059,0.18726380169391632,0.651138961315155,0.42106255888938904,-0.4974268972873688,0.9666630625724792,0.6469565033912659,0.41374579071998596,0.29419413208961487,0.16244906187057495,0.6546331644058228,0.4460398554801941,-0.5693720579147339,0.9478505849838257,0.641360342502594,0.4361630380153656,0.3136844038963318,0.14699089527130127,0.6379429697990417,0.44734513759613037,-0.5471189618110657,0.9443359375,0.6379815936088562,0.4379376471042633,0.244082510471344,0.14765720069408417,0.6355578899383545,0.44146984815597534,-0.48178431391716003,0.9295912384986877,0.6396231651306152,0.42933353781700134,0.26171326637268066,0.15211831033229828,0.6865262985229492,0.41533422470092773,-0.2340848594903946,0.9994844198226929,0.6784036159515381,0.41665953397750854,0.23398302495479584,0.9985650777816772,0.6267822980880737,0.5376564860343933,-0.17618829011917114,0.9626017212867737,0.6315275430679321,0.5320011973381042,0.27540168166160583,0.30038905143737793,0.6402745246887207,0.6628148555755615,-0.04947006702423096,0.9640318751335144,0.6360082030296326,0.6479096412658691,0.4183860421180725,0.3969399034976959,0.6725288033485413,0.6833341717720032,-0.049331679940223694,0.9488375782966614,0.6567745804786682,0.6670946478843689,0.4256376028060913,0.4863985478878021,0.5336598753929138,0.6833961606025696,-0.22617559134960175,0.9485706686973572,0.5334987044334412,0.6698691248893738,0.2998705506324768,0.5312553644180298
241,squat,1,0.555129885673523,0.21478058397769928,-0.1592971533536911,0.9999043941497803,0.5688838958740234,0.20395852625370026,-0.20706363022327423,0.9998849630355835,0.5729331970214844,0.20394299924373627,-0.20707085728645325,0.9998942613601685,0.5772913694381714,0.20396475493907928,-0.20715291798114777,0.9999210238456726,0.5652636885643005,0.20376010239124298,-0.12811066210269928,0.9998875856399536,0.5665299892425537,0.20357860624790192,-0.12801013886928558,0.9998904466629028,0.5680767893791199,0.20337402820587158,-0.12805217504501343,0.999914824962616,0.6060525178909302,0.2091803401708603,-0.3239036500453949,0.9998868107795715,0.5978596210479736,0.20827752351760864,0.02009711228311062,0.9998682737350464,0.566633939743042,0.2256792187690735,-0.19602568447589874,0.9999055862426758,0.5617471933364868,0.22579729557037354,-0.09544176608324051,0.9998416304588318,0.6369125843048096,0.2638014554977417,-0.5273520350456238,0.9999567270278931,0.6381514668464661,0.2697412371635437,0.2864552438259125,0.9994421601295471,0.6764402389526367,0.34567949175834656,-0.5797814130783081,0.9935747981071472,0.6603454351425171,0.3498139977455139,0.38841548562049866,0.17477211356163025,0.6590143442153931,0.4173424243927002,-0.5175169706344604,0.9697676301002502,0.6476565599441528,0.4133123755455017,0.29814672470092773,0.154593825340271,0.6613219380378723,0.4430328607559204,-0.592406153678894,0.9524374604225159,0.6423206925392151,0.43636590242385864,0.31653305888175964,0.14090998470783234,0.6431444883346558,0.44480180740356445,-0.5716965198516846,0.9492121338844299,0.6403872966766357,0.4380849301815033,0.24483802914619446,0.1416696012020111,0.641595184803009,0.43844732642173767,-0.5031099319458008,0.9353640675544739,0.6414960622787476,0.4303315281867981,0.26468437910079956,0.1459529846906662,0.6827526092529297,0.41336703300476074,-0.23430240154266357,0.9994387030601501,0.67596834897995,0.415779709815979,0.2341829240322113,0.9984269738197327,0.6307874917984009,0.537033200263977,-0.15744879841804504,0.9602501392364502,0.6338175535202026,0.532119870185852,0.2770434617996216,0.2925640344619751,0.6420390605926514,0.6628398299217224,-0.02575947903096676,0.9614608883857727,0.6371480226516724,0.6479194760322571,0.4272725284099579,0.39062926173210144,0.673093318939209,0.6829357743263245,-0.024713760241866112,0.9436288475990295,0.6582274436950684,0.6669657826423645,0.43406572937965393,0.47954320907592773,0.5323224663734436,0.6840461492538452,-0.21549741923809052,0.9457201361656189,0.5334382057189941,0.6697971224784851,0.29914507269859314,0.5292028784751892
242,squat,1,0.5561309456825256,0.21342407166957855,-0.156004399061203,0.9999090433120728,0.570186972618103,0.20288412272930145,-0.2033398151397705,0.9998906254768372,0.5742139220237732,0.20275379717350006,-0.203361377120018,0.9999000430107117,0.5784659385681152,0.2026083767414093,-0.20344583690166473,0.9999252557754517,0.5664626359939575,0.20281726121902466,-0.12483895570039749,0.9998913407325745,0.5675963163375854,0.20266234874725342,-0.12475460022687912,0.999893307685852,0.5690202713012695,0.20240351557731628,-0.12480371445417404,0.9999158978462219,0.6072746515274048,0.20751570165157318,-0.3189595341682434,0.9998952746391296,0.5990617871284485,0.20681308209896088,0.02356158010661602,0.9998689889907837,0.5673274993896484,0.22368404269218445,-0.19261708855628967,0.9999117255210876,0.5621853470802307,0.22404539585113525,-0.09252073615789413,0.9998496174812317,0.6373828649520874,0.2619326114654541,-0.5221019387245178,0.9999608397483826,0.6381019949913025,0.26758748292922974,0.29016900062561035,0.9994462132453918,0.676565945148468,0.3432859778404236,-0.572995662689209,0.9941484332084656,0.6606630682945251,0.34760838747024536,0.39408084750175476,0.16384421288967133,0.6624816656112671,0.41613441705703735,-0.5049399137496948,0.9726081490516663,0.6505057215690613,0.4128701686859131,0.2974855899810791,0.14812931418418884,0.6659342050552368,0.44191059470176697,-0.5795854330062866,0.9566696882247925,0.6476900577545166,0.4361667037010193,0.3134380578994751,0.13603578507900238,0.6448813080787659,0.444134920835495,-0.5597619414329529,0.953711211681366,0.6443421244621277,0.4380098283290863,0.24187538027763367,0.13686172664165497,0.6427375674247742,0.43775874376296997,-0.49050185084342957,0.9407680034637451,0.6446453928947449,0.43072643876075745,0.26369404792785645,0.1409548670053482,0.6776357293128967,0.4111168384552002,-0.23425692319869995,0.9994133710861206,0.6714938282966614,0.4134736657142639,0.23414117097854614,0.9983446598052979,0.6336241960525513,0.5367439389228821,-0.1531877964735031,0.9582536220550537,0.638323187828064,0.5323225855827332,0.27664896845817566,0.287535697221756,0.6422284841537476,0.6632433533668518,-0.02033250592648983,0.9583511352539062,0.6374233961105347,0.6484067440032959,0.423557311296463,0.38405781984329224,0.6730769276618958,0.6828609108924866,-0.01897064782679081,0.9377874135971069,0.6594609022140503,0.6671746969223022,0.4292410910129547,0.47225189208984375,0.5307833552360535,0.6862047910690308,-0.21032671630382538,0.9419364333152771,0.5333391427993774,0.6713226437568665,0.28803959488868713,0.5251604318618774
243,squat,1,0.5580848455429077,0.21393105387687683,-0.15493252873420715,0.9999133944511414,0.5723289251327515,0.20303039252758026,-0.20241929590702057,0.9998959302902222,0.5763153433799744,0.20289617776870728,-0.20246253907680511,0.9999053478240967,0.580690324306488,0.20276446640491486,-0.2025541365146637,0.9999290704727173,0.5690086483955383,0.2029138058423996,-0.12389758229255676,0.9998948574066162,0.5703439116477966,0.20266708731651306,-0.12384238839149475,0.9998959898948669,0.5720669627189636,0.20236767828464508,-0.123905248939991,0.9999169111251831,0.6106091141700745,0.20721405744552612,-0.31616753339767456,0.9999027252197266,0.6035012006759644,0.2065236121416092,0.02522754855453968,0.9998698234558105,0.5693743824958801,0.2239151895046234,-0.1923350989818573,0.9999172687530518,0.5641740560531616,0.22412772476673126,-0.09222041815519333,0.99985671043396,0.6401283144950867,0.2611692249774933,-0.517911970615387,0.9999645352363586,0.6384467482566833,0.26710501313209534,0.2902281880378723,0.9994486570358276,0.6790801286697388,0.3429335951805115,-0.5629910826683044,0.9946417212486267,0.6612443327903748,0.34599950909614563,0.3935234844684601,0.15341860055923462,0.6691606640815735,0.41571852564811707,-0.4908168315887451,0.9751192331314087,0.6525852084159851,0.4125145673751831,0.29569071531295776,0.1428682953119278,0.6775942444801331,0.44083958864212036,-0.5628257393836975,0.9603853225708008,0.6509974002838135,0.4353751838207245,0.3105373978614807,0.13249510526657104,0.6515352725982666,0.44386565685272217,-0.544273853302002,0.9576619267463684,0.6466659903526306,0.43714118003845215,0.2393965870141983,0.1333947628736496,0.6476834416389465,0.43715062737464905,-0.47700515389442444,0.9455161690711975,0.6462349891662598,0.4292011260986328,0.26202189922332764,0.137309730052948,0.6756852269172668,0.4107099175453186,-0.2324056178331375,0.9994016289710999,0.6657244563102722,0.41249996423721313,0.2322777509689331,0.9983104467391968,0.6418995261192322,0.5364511609077454,-0.14977577328681946,0.9548568725585938,0.6423258781433105,0.5323546528816223,0.27302873134613037,0.28078433871269226,0.6425222754478455,0.6633063554763794,-0.021194327622652054,0.9543699622154236,0.6402782201766968,0.6477874517440796,0.41390183568000793,0.3763643801212311,0.6729342341423035,0.6828216910362244,-0.01958933286368847,0.9305233955383301,0.6634131073951721,0.6671043634414673,0.419490784406662,0.4644971489906311,0.5307341814041138,0.6861566305160522,-0.20859792828559875,0.9375083446502686,0.5349505543708801,0.6711956262588501,0.28041648864746094,0.5208060145378113
244,squat,1,0.5608126521110535,0.2143309861421585,-0.13674655556678772,0.9999188184738159,0.5755510926246643,0.2029845416545868,-0.18517141044139862,0.9999023079872131,0.5798082947731018,0.20279085636138916,-0.18519099056720734,0.9999114871025085,0.5845327973365784,0.20256221294403076,-0.1852746605873108,0.9999335408210754,0.5716584920883179,0.2028595358133316,-0.10885314643383026,0.9999004006385803,0.5727662444114685,0.20259389281272888,-0.10870835930109024,0.9999008774757385,0.5743076205253601,0.20221713185310364,-0.10873357206583023,0.9999200701713562,0.6148048639297485,0.20686829090118408,-0.30058252811431885,0.9999102354049683,0.6061119437217712,0.2059869021177292,0.03196525573730469,0.9998742938041687,0.5731126666069031,0.2243110090494156,-0.17315088212490082,0.9999231696128845,0.5667301416397095,0.22443777322769165,-0.07608266919851303,0.9998654723167419,0.646100640296936,0.26099085807800293,-0.4937867820262909,0.9999678730964661,0.6377767324447632,0.2674766480922699,0.2910221517086029,0.9994559288024902,0.6794348955154419,0.3431151509284973,-0.5348804593086243,0.9950636029243469,0.659675657749176,0.34640637040138245,0.3951987624168396,0.14426599442958832,0.6740096211433411,0.4159454107284546,-0.4771433472633362,0.9772784113883972,0.6511216163635254,0.4129750430583954,0.29570841789245605,0.13818010687828064,0.6836634874343872,0.44052690267562866,-0.5500643253326416,0.9635071158409119,0.6520698666572571,0.4345356523990631,0.3084513247013092,0.1294563114643097,0.6562931537628174,0.44317713379859924,-0.5242890119552612,0.9609749913215637,0.6463914513587952,0.4361504316329956,0.23879189789295197,0.13038621842861176,0.6508913040161133,0.4363228380680084,-0.46101194620132446,0.9494335651397705,0.6448986530303955,0.4282182455062866,0.2626788020133972,0.13405661284923553,0.6752932667732239,0.4108363687992096,-0.22745709121227264,0.9993953108787537,0.6593003869056702,0.4117981791496277,0.22738325595855713,0.9982931613922119,0.6466888785362244,0.5353532433509827,-0.15631909668445587,0.9530763626098633,0.6425797939300537,0.5325067639350891,0.2552071213722229,0.2757754325866699,0.6425108313560486,0.6633507609367371,-0.06871777027845383,0.9513832330703735,0.6403416991233826,0.6478292942047119,0.3751334846019745,0.3692416846752167,0.6728171110153198,0.6828382015228271,-0.07200741767883301,0.9240962862968445,0.6637459993362427,0.6673204302787781,0.37852466106414795,0.4565448462963104,0.529130220413208,0.686104953289032,-0.26927974820137024,0.9340493083000183,0.5341303944587708,0.6712279319763184,0.23753926157951355,0.5160065293312073
245,squat,1,0.5608144402503967,0.21307703852653503,-0.13622668385505676,0.9999231100082397,0.5760027766227722,0.2016836553812027,-0.18461062014102936,0.9999075531959534,0.5800865888595581,0.20147013664245605,-0.18463186919689178,0.9999165534973145,0.5847603678703308,0.20115286111831665,-0.18471761047840118,0.9999371767044067,0.5723161697387695,0.20156994462013245,-0.10845912992954254,0.9999048113822937,0.5735982656478882,0.20128220319747925,-0.10830763727426529,0.9999046921730042,0.575330376625061,0.20082809031009674,-0.10833089053630829,0.9999223947525024,0.6161838173866272,0.2056220918893814,-0.3002247214317322,0.999916672706604,0.6076300740242004,0.20466654002666473,0.03218298777937889,0.9998776912689209,0.5734332799911499,0.2230115830898285,-0.17269913852214813,0.9999279975891113,0.5673015117645264,0.22311024367809296,-0.07579812407493591,0.9998724460601807,0.6490007042884827,0.2607956528663635,-0.4893445670604706,0.9999707341194153,0.6373028755187988,0.2671475112438202,0.285448282957077,0.9994515180587769,0.6824496388435364,0.34296315908432007,-0.5300189852714539,0.9954076409339905,0.6599997282028198,0.34610721468925476,0.3830280303955078,0.13520874083042145,0.6775871515274048,0.41653722524642944,-0.46780136227607727,0.9790962338447571,0.6519906520843506,0.41358697414398193,0.2755734324455261,0.13230085372924805,0.6867912411689758,0.44096362590789795,-0.5389460325241089,0.9660158753395081,0.6542856097221375,0.43541616201400757,0.2823321223258972,0.12518395483493805,0.6599887013435364,0.44329628348350525,-0.5150415897369385,0.9636245369911194,0.6481654644012451,0.4368566870689392,0.21190674602985382,0.12613262236118317,0.6538142561912537,0.43629899621009827,-0.45194005966186523,0.9524728059768677,0.6457391977310181,0.4288136661052704,0.24175354838371277,0.1297512799501419,0.6747450828552246,0.41149091720581055,-0.2219208925962448,0.9993740320205688,0.6573472619056702,0.41242194175720215,0.22189940512180328,0.9982292056083679,0.648280143737793,0.5354357361793518,-0.15946966409683228,0.9504930973052979,0.6440310478210449,0.5327461957931519,0.25444960594177246,0.2697174549102783,0.6420755386352539,0.6630285382270813,-0.07117784023284912,0.9468684196472168,0.6420817971229553,0.6476848125457764,0.3793243169784546,0.35907551646232605,0.6721526980400085,0.6828410029411316,-0.07398565113544464,0.9170427918434143,0.6656277775764465,0.6672717928886414,0.38327956199645996,0.44624313712120056,0.5251410007476807,0.6860306262969971,-0.2680947780609131,0.9283216595649719,0.5340948700904846,0.6709346771240234,0.244252011179924,0.506874680519104
246,squat,1,0.5607750415802002,0.212604358792305,-0.15079833567142487,0.9999279379844666,0.5761639475822449,0.20177312195301056,-0.1991981416940689,0.9999134540557861,0.5800766348838806,0.20163755118846893,-0.19923250377178192,0.9999220371246338,0.584556519985199,0.20143501460552216,-0.19932977855205536,0.9999411702156067,0.5728919506072998,0.20163989067077637,-0.12285297363996506,0.9999101161956787,0.5744184255599976,0.20139217376708984,-0.12268603593111038,0.9999096393585205,0.5764121413230896,0.2009919434785843,-0.12269309908151627,0.9999257326126099,0.6163742542266846,0.20639701187610626,-0.3123195767402649,0.9999231100082397,0.6084993481636047,0.20544634759426117,0.020000550895929337,0.9998828172683716,0.5732610821723938,0.2227185219526291,-0.186438649892807,0.9999330043792725,0.5677773952484131,0.22269730269908905,-0.08946873247623444,0.999880313873291,0.6479642391204834,0.26068761944770813,-0.49446341395378113,0.9999733567237854,0.6375604271888733,0.267410010099411,0.2681620419025421,0.9994585514068604,0.6831638813018799,0.34286072850227356,-0.5394492149353027,0.9957419037818909,0.6614623665809631,0.3470304608345032,0.34910714626312256,0.1275472342967987,0.6773988604545593,0.41642338037490845,-0.48376286029815674,0.980850338935852,0.653123676776886,0.4147086441516876,0.22410248219966888,0.12818434834480286,0.6859661340713501,0.4408217966556549,-0.5576775670051575,0.9685373306274414,0.6576439738273621,0.4365309476852417,0.22621072828769684,0.12267207354307175,0.6616877317428589,0.44310230016708374,-0.5436445474624634,0.9663028717041016,0.6519988179206848,0.43789947032928467,0.15282830595970154,0.12368675321340561,0.6558669805526733,0.4359915554523468,-0.47265809774398804,0.9556502103805542,0.6485644578933716,0.42997175455093384,0.1885049194097519,0.12723255157470703,0.6725931763648987,0.41219866275787354,-0.2188960611820221,0.9993554949760437,0.6574134826660156,0.4132962226867676,0.2189147174358368,0.9981765151023865,0.6480286121368408,0.5355304479598999,-0.15788805484771729,0.9482760429382324,0.6438881754875183,0.5335987210273743,0.24876783788204193,0.26548218727111816,0.6421633958816528,0.6635264754295349,-0.06884144246578217,0.9427435398101807,0.6425117254257202,0.6479499340057373,0.36817851662635803,0.3515724837779999,0.6721311807632446,0.6834101676940918,-0.0690007284283638,0.9123274683952332,0.6661422252655029,0.6681135296821594,0.37113478779792786,0.4392487108707428,0.5251244306564331,0.6853750944137573,-0.2558838427066803,0.9228415489196777,0.5340337157249451,0.6706361174583435,0.2302066534757614,0.4993287920951843
247,squat,1,0.5611862540245056,0.21318241953849792,-0.15023578703403473,0.9999294281005859,0.5761906504631042,0.2025664895772934,-0.1983913630247116,0.9999151229858398,0.5801289081573486,0.20237888395786285,-0.19842422008514404,0.999923825263977,0.5845646858215332,0.20216195285320282,-0.1985163390636444,0.9999421834945679,0.5728157758712769,0.20251277089118958,-0.12155549973249435,0.9999110102653503,0.5742937922477722,0.20227643847465515,-0.12140130251646042,0.9999098181724548,0.5762069225311279,0.20190271735191345,-0.12141323834657669,0.999924898147583,0.6163737177848816,0.20689980685710907,-0.31136268377304077,0.9999265670776367,0.608071506023407,0.20622283220291138,0.02156878262758255,0.9998806715011597,0.5741344094276428,0.223229318857193,-0.18599233031272888,0.999934732913971,0.5686139464378357,0.22316016256809235,-0.08859071135520935,0.9998821020126343,0.6477283835411072,0.2604798376560211,-0.48818761110305786,0.9999753832817078,0.6374620199203491,0.2676329016685486,0.26706385612487793,0.9994497895240784,0.6831864714622498,0.3421937823295593,-0.5316528677940369,0.9959626197814941,0.6620045304298401,0.34715500473976135,0.3460831642150879,0.12063892185688019,0.6795408129692078,0.415371835231781,-0.47632238268852234,0.9821908473968506,0.6548511981964111,0.41497108340263367,0.22717420756816864,0.12393375486135483,0.688498854637146,0.4403620958328247,-0.5492745637893677,0.970279335975647,0.6602368950843811,0.43702447414398193,0.23166145384311676,0.11986568570137024,0.6662089228630066,0.4424699544906616,-0.5309277176856995,0.9681419730186462,0.6552351713180542,0.43821293115615845,0.16145199537277222,0.12092151492834091,0.6603432893753052,0.4352013170719147,-0.4632415473461151,0.9576653242111206,0.6513491868972778,0.4303337633609772,0.19325853884220123,0.12438029050827026,0.6710641980171204,0.4123539924621582,-0.2162346988916397,0.9992768168449402,0.6567873358726501,0.4138154983520508,0.21626415848731995,0.9980323910713196,0.646959662437439,0.5356400012969971,-0.15650199353694916,0.9453648328781128,0.6434122920036316,0.5347620248794556,0.23601607978343964,0.26081639528274536,0.6420281529426575,0.663543701171875,-0.0619119256734848,0.9375600218772888,0.6423611640930176,0.6487095952033997,0.34806039929389954,0.3439792990684509,0.6717618703842163,0.6834203600883484,-0.06327875703573227,0.9069507122039795,0.6661297678947449,0.6698467135429382,0.3501896858215332,0.43142277002334595,0.5251830220222473,0.6850898861885071,-0.24850213527679443,0.9165312647819519,0.5344696044921875,0.6705952882766724,0.20621246099472046,0.49039003252983093
248,squat,1,0.5611532926559448,0.2134757786989212,-0.13490554690361023,0.9999262094497681,0.5757734179496765,0.2027444690465927,-0.1828416883945465,0.9999109506607056,0.5798366665840149,0.20247434079647064,-0.18288058042526245,0.9999207258224487,0.5843136310577393,0.20218177139759064,-0.18297666311264038,0.9999393224716187,0.5721147060394287,0.20280922949314117,-0.10762225836515427,0.999904990196228,0.5735266804695129,0.2025831639766693,-0.1074940636754036,0.9999028444290161,0.5753948092460632,0.20222949981689453,-0.10754773765802383,0.9999176263809204,0.6157886981964111,0.20653867721557617,-0.2967216372489929,0.9999261498451233,0.6070805788040161,0.20617839694023132,0.03035764768719673,0.999866247177124,0.5745592713356018,0.2234053909778595,-0.1704430729150772,0.9999323487281799,0.568576455116272,0.2233349084854126,-0.07490994781255722,0.9998751878738403,0.6469393968582153,0.25938403606414795,-0.4809936285018921,0.9999771118164062,0.6372691988945007,0.26707419753074646,0.27068477869033813,0.9994217157363892,0.6826504468917847,0.3399963974952698,-0.5220349431037903,0.9961313605308533,0.662111222743988,0.3461742699146271,0.3466128706932068,0.11372765153646469,0.6805440783500671,0.41476142406463623,-0.4607831537723541,0.9833217859268188,0.6581995487213135,0.4141738712787628,0.23680013418197632,0.11894289404153824,0.6892214417457581,0.4403174817562103,-0.5270022749900818,0.9717185497283936,0.6635475158691406,0.43646228313446045,0.24454650282859802,0.11619453877210617,0.6674777269363403,0.4422239363193512,-0.5122436881065369,0.9696562886238098,0.657988429069519,0.43759942054748535,0.17993269860744476,0.11721870303153992,0.6617978811264038,0.434849351644516,-0.44867587089538574,0.9592390656471252,0.6543887853622437,0.42963144183158875,0.20591837167739868,0.12054526805877686,0.6701101064682007,0.41218075156211853,-0.2172623723745346,0.9991945624351501,0.6565752029418945,0.41368964314460754,0.21728944778442383,0.9978610277175903,0.6455153226852417,0.5345126986503601,-0.15755850076675415,0.9420583844184875,0.6433660984039307,0.5345062017440796,0.2401275634765625,0.2538168430328369,0.642545223236084,0.6633539199829102,-0.06032459810376167,0.9325757622718811,0.6442241072654724,0.6484254598617554,0.36049219965934753,0.3341984152793884,0.6717886924743652,0.6830833554267883,-0.06196347996592522,0.9004693627357483,0.6670242547988892,0.6697471141815186,0.36380109190940857,0.4211614727973938,0.5250795483589172,0.684974730014801,-0.24390655755996704,0.9110802412033081,0.5349612236022949,0.6705265045166016,0.22504784166812897,0.48050734400749207
249,squat,1,0.5610939264297485,0.21389421820640564,-0.13422717154026031,0.9999246001243591,0.5754732489585876,0.20315062999725342,-0.18162108957767487,0.9999088048934937,0.5796276926994324,0.20283369719982147,-0.18166722357273102,0.9999191164970398,0.5841779708862305,0.20250044763088226,-0.18176722526550293,0.9999377727508545,0.5716339945793152,0.20324961841106415,-0.10684934258460999,0.9999017715454102,0.5729991793632507,0.20301291346549988,-0.10673496127128601,0.9998984932899475,0.5748348236083984,0.20265783369541168,-0.10679411888122559,0.9999129772186279,0.6154987812042236,0.20663923025131226,-0.2929663062095642,0.9999269843101501,0.6064094305038452,0.2064093053340912,0.03149181231856346,0.9998569488525391,0.5748088955879211,0.22373373806476593,-0.16898837685585022,0.9999313950538635,0.5685378909111023,0.2236512452363968,-0.07400016486644745,0.9998719692230225,0.6463173627853394,0.2589796483516693,-0.47946083545684814,0.9999786615371704,0.6371638774871826,0.26713863015174866,0.2723093330860138,0.9994025826454163,0.6828698515892029,0.33953481912612915,-0.5225005745887756,0.996309220790863,0.662670910358429,0.34619882702827454,0.35218778252601624,0.10780941694974899,0.6806625723838806,0.4147687256336212,-0.46003973484039307,0.9844086766242981,0.6604740619659424,0.4144175350666046,0.24173514544963837,0.11451654136180878,0.6885490417480469,0.44061246514320374,-0.5266810059547424,0.9731255173683167,0.666257917881012,0.43683457374572754,0.2500971555709839,0.1128842905163765,0.6677777767181396,0.44256696105003357,-0.5114445686340332,0.9711360335350037,0.660879909992218,0.43790146708488464,0.18379609286785126,0.113896943628788,0.6624988913536072,0.43521830439567566,-0.4476573169231415,0.9608443975448608,0.6569318771362305,0.4300505220890045,0.20995937287807465,0.11714167147874832,0.6688272953033447,0.41234979033470154,-0.21748951077461243,0.9991088509559631,0.6564993858337402,0.4140768349170685,0.21749067306518555,0.9977097511291504,0.6453243494033813,0.534608006477356,-0.1561051458120346,0.9391967058181763,0.6450233459472656,0.5354980230331421,0.23942725360393524,0.249424010515213,0.6425244212150574,0.6627421975135803,-0.04637426510453224,0.9273488521575928,0.6446406841278076,0.6485671997070312,0.3614547848701477,0.3268369436264038,0.6710522174835205,0.6824590563774109,-0.04592320695519447,0.8940179347991943,0.6672783493995667,0.6699029803276062,0.36479881405830383,0.4125036299228668,0.5250999331474304,0.6841272115707397,-0.2312319129705429,0.9054300785064697,0.5361131429672241,0.6704930663108826,0.22142086923122406,0.47186532616615295
250,squat,1,0.5607224106788635,0.21433115005493164,-0.11683885753154755,0.9999237656593323,0.575221836566925,0.2036551684141159,-0.16299255192279816,0.9999077320098877,0.5793927907943726,0.20335669815540314,-0.16305533051490784,0.9999183416366577,0.5839594602584839,0.20303232967853546,-0.16315071284770966,0.9999367594718933,0.5713210701942444,0.20371854305267334,-0.08778271824121475,0.999899685382843,0.5726615786552429,0.20346824824810028,-0.08769769221544266,0.9998956918716431,0.5744682550430298,0.2031039297580719,-0.08777055889368057,0.9999096989631653,0.615106463432312,0.20713980495929718,-0.2756214141845703,0.9999279379844666,0.6059592366218567,0.2069307416677475,0.05110171064734459,0.9998499155044556,0.5743077993392944,0.22410936653614044,-0.15273383259773254,0.9999306797981262,0.5681699514389038,0.2240447700023651,-0.05721691995859146,0.9998699426651001,0.6435720920562744,0.2592196762561798,-0.4707901179790497,0.9999801516532898,0.6379572153091431,0.26718810200691223,0.28947415947914124,0.9993857145309448,0.6819716095924377,0.3396458923816681,-0.5203623175621033,0.9965034127235413,0.663282036781311,0.3463606834411621,0.35478150844573975,0.10244166105985641,0.6785996556282043,0.414845734834671,-0.46011272072792053,0.9855293035507202,0.6621488928794861,0.4146530330181122,0.24531978368759155,0.1100485622882843,0.6869093179702759,0.4404835104942322,-0.5289592146873474,0.9747076630592346,0.6685706973075867,0.43702059984207153,0.2541014552116394,0.10940824449062347,0.6665595769882202,0.44262173771858215,-0.513352632522583,0.9728060960769653,0.6623625755310059,0.4380020201206207,0.18699698150157928,0.1103803887963295,0.6615816354751587,0.4352763593196869,-0.44795578718185425,0.9627580046653748,0.6583111882209778,0.4303297698497772,0.21313834190368652,0.11356907337903976,0.6665623188018799,0.4124044179916382,-0.21793630719184875,0.999024510383606,0.6579115986824036,0.4143449068069458,0.21793314814567566,0.9975383281707764,0.6444432735443115,0.5347429513931274,-0.15683160722255707,0.9356638193130493,0.6455249190330505,0.5358822345733643,0.23340223729610443,0.24241824448108673,0.6424225568771362,0.6628937125205994,-0.04660409688949585,0.9206014275550842,0.6446701884269714,0.6497331261634827,0.35164710879325867,0.31727126240730286,0.6704210042953491,0.6824127435684204,-0.04605672135949135,0.8883216977119446,0.6672819256782532,0.6711235046386719,0.35427355766296387,0.40324321389198303,0.5249708890914917,0.6830980181694031,-0.23046861588954926,0.8987914323806763,0.5360798239707947,0.6705070734024048,0.2080966681241989,0.46095773577690125
251,squat,1,0.5599694848060608,0.21466538310050964,-0.11961383372545242,0.9999245405197144,0.5742443799972534,0.20403139293193817,-0.16629457473754883,0.9999085664749146,0.5783886909484863,0.2037499099969864,-0.1663522869348526,0.9999192953109741,0.5828253626823425,0.20344215631484985,-0.16644802689552307,0.9999371767044067,0.5702579021453857,0.20407378673553467,-0.09064725041389465,0.9998999238014221,0.5716181993484497,0.20382298529148102,-0.09055309742689133,0.9998955726623535,0.573425829410553,0.20346032083034515,-0.09062068164348602,0.9999089241027832,0.6129470467567444,0.20755285024642944,-0.27926114201545715,0.9999298453330994,0.6038755774497986,0.20732299983501434,0.049453604966402054,0.9998475313186646,0.5736582279205322,0.22439628839492798,-0.15554620325565338,0.9999315142631531,0.5677251219749451,0.2243059277534485,-0.059372223913669586,0.999870777130127,0.6379634737968445,0.25984469056129456,-0.4732866585254669,0.9999815821647644,0.6378634572029114,0.2673425078392029,0.28843945264816284,0.9993811845779419,0.680222749710083,0.3404887616634369,-0.5212003588676453,0.9966641068458557,0.6629327535629272,0.34656381607055664,0.3560234308242798,0.09758994728326797,0.6764610409736633,0.4150944948196411,-0.4594895839691162,0.9864407181739807,0.662550151348114,0.4146905243396759,0.24607105553150177,0.10563170909881592,0.6851385831832886,0.4406847059726715,-0.5284175276756287,0.9759165644645691,0.6686757206916809,0.43720459938049316,0.2557121515274048,0.1058783158659935,0.6637668013572693,0.44283121824264526,-0.5126081109046936,0.9740813970565796,0.6618832349777222,0.43828096985816956,0.18806813657283783,0.106815867125988,0.6588302254676819,0.43553829193115234,-0.4473095238208771,0.9641283750534058,0.6579277515411377,0.4304846227169037,0.21369986236095428,0.10994235426187515,0.6665221452713013,0.4122869074344635,-0.21827228367328644,0.9989679455757141,0.6588743329048157,0.414125919342041,0.21826715767383575,0.9974246025085449,0.6439602375030518,0.5345391035079956,-0.15744701027870178,0.9332677125930786,0.6457228064537048,0.5356632471084595,0.23569029569625854,0.23623216152191162,0.6424158811569214,0.6629163026809692,-0.04577023535966873,0.9162230491638184,0.644548237323761,0.6496570110321045,0.35753899812698364,0.30949345231056213,0.6704267859458923,0.6823773980140686,-0.04494122415781021,0.8834052681922913,0.6672546863555908,0.6709721684455872,0.3606836497783661,0.39549490809440613,0.5250052213668823,0.6825556755065918,-0.22870992124080658,0.8943541646003723,0.5360323190689087,0.6703315377235413,0.21809621155261993,0.45304253697395325
252,squat,1,0.5583499670028687,0.21485503017902374,-0.12067049741744995,0.9999262690544128,0.572420060634613,0.20428228378295898,-0.16648736596107483,0.9999105334281921,0.5765783190727234,0.20401158928871155,-0.16655756533145905,0.9999212026596069,0.5809476375579834,0.20371147990226746,-0.1666639894247055,0.9999383687973022,0.5683786273002625,0.20431409776210785,-0.09136766195297241,0.9999016523361206,0.5697515606880188,0.20406079292297363,-0.09129597991704941,0.9998972415924072,0.5715951323509216,0.20369817316532135,-0.09136058390140533,0.9999098181724548,0.6101435422897339,0.2078050822019577,-0.2810536026954651,0.9999322891235352,0.6009765267372131,0.2075788974761963,0.04885302484035492,0.9998485445976257,0.5720348954200745,0.22455336153507233,-0.15578363835811615,0.9999332427978516,0.5663168430328369,0.2244196981191635,-0.060454633086919785,0.9998733997344971,0.6348872780799866,0.2602367103099823,-0.47476211190223694,0.9999828934669495,0.6376693248748779,0.2676166594028473,0.2875787019729614,0.9993825554847717,0.6764183044433594,0.34101995825767517,-0.5217620730400085,0.9968239665031433,0.6610264182090759,0.34688660502433777,0.3572433590888977,0.09366430342197418,0.6750849485397339,0.4152168035507202,-0.4597876965999603,0.9873080849647522,0.6610068082809448,0.4147854745388031,0.24746227264404297,0.10184746980667114,0.6834139823913574,0.4408186972141266,-0.5289790630340576,0.9771079421043396,0.6664775609970093,0.43733611702919006,0.2567752003669739,0.10276178270578384,0.6619468927383423,0.44297701120376587,-0.5127290487289429,0.9753434658050537,0.6597992777824402,0.438475638628006,0.18837222456932068,0.1036543920636177,0.6572328805923462,0.4356989860534668,-0.44760987162590027,0.9655238389968872,0.6562339663505554,0.4305880069732666,0.21491307020187378,0.10675250738859177,0.6674039363861084,0.41233983635902405,-0.2185167670249939,0.9989171028137207,0.6594237089157104,0.4141123294830322,0.21851123869419098,0.9973345994949341,0.6436865329742432,0.5342580080032349,-0.15665237605571747,0.9316609501838684,0.6456204652786255,0.5352748036384583,0.23739178478717804,0.23102550208568573,0.6424066424369812,0.6629076600074768,-0.04308800399303436,0.9131850004196167,0.6444864869117737,0.6493604779243469,0.36064672470092773,0.30297034978866577,0.6702312231063843,0.682193398475647,-0.04187342897057533,0.8801321387290955,0.6669228672981262,0.6708534955978394,0.36392098665237427,0.3890247046947479,0.5251942873001099,0.6822221279144287,-0.22490175068378448,0.8914355635643005,0.5361170768737793,0.6702813506126404,0.2226284295320511,0.4466656446456909
253,squat,1,0.5571188926696777,0.2149987369775772,-0.11120796203613281,0.999928891658783,0.5709565281867981,0.20445993542671204,-0.1554224193096161,0.9999136924743652,0.5751998424530029,0.20419637858867645,-0.15546248853206635,0.9999240636825562,0.5796111226081848,0.20390133559703827,-0.15553328394889832,0.9999404549598694,0.5665631890296936,0.20448534190654755,-0.08108038455247879,0.999904990196228,0.5677637457847595,0.20423097908496857,-0.08101382851600647,0.9999004602432251,0.5694460868835449,0.20386885106563568,-0.0810660719871521,0.9999122619628906,0.6081381440162659,0.20800231397151947,-0.26321813464164734,0.9999353885650635,0.5983308553695679,0.2077646553516388,0.06032045558094978,0.9998521208763123,0.5708081126213074,0.2247040718793869,-0.14514601230621338,0.9999356269836426,0.5650073885917664,0.22453755140304565,-0.05081755295395851,0.999877393245697,0.632623016834259,0.26051774621009827,-0.46473097801208496,0.9999841451644897,0.6375994086265564,0.26763519644737244,0.30793261528015137,0.9993801116943359,0.6742921471595764,0.3412303924560547,-0.5170742869377136,0.9970006942749023,0.6605491042137146,0.34708017110824585,0.3797259032726288,0.08980458974838257,0.6726648807525635,0.415914386510849,-0.4588151276111603,0.9881766438484192,0.6603423357009888,0.4148459732532501,0.27585262060165405,0.0978669673204422,0.681605875492096,0.4409133791923523,-0.5282038450241089,0.9783608913421631,0.665013313293457,0.4374214708805084,0.28989148139953613,0.09929978847503662,0.6593507528305054,0.4432539939880371,-0.5105817914009094,0.9766626954078674,0.6590403318405151,0.4385741353034973,0.22299973666667938,0.1001221090555191,0.6540149450302124,0.43593427538871765,-0.4461681842803955,0.9670420289039612,0.6560609340667725,0.4306959807872772,0.24403224885463715,0.10321708023548126,0.6678354144096375,0.4124360680580139,-0.2185804396867752,0.9988722205162048,0.6611949801445007,0.41420555114746094,0.2185904085636139,0.9972518682479858,0.6434468626976013,0.5343225002288818,-0.15697823464870453,0.9300121068954468,0.6471859812736511,0.5352745652198792,0.23354920744895935,0.22641554474830627,0.6422299742698669,0.6629166007041931,-0.04883343353867531,0.9100207686424255,0.6445537209510803,0.6494942903518677,0.3459029793739319,0.29630815982818604,0.6694777011871338,0.6821333765983582,-0.048354294151067734,0.8776125311851501,0.6668650507926941,0.6710753440856934,0.34782397747039795,0.3822331428527832,0.5249344110488892,0.6820054054260254,-0.22959892451763153,0.8886842727661133,0.5363453030586243,0.670281171798706,0.2046729028224945,0.43942615389823914
254,squat,1,0.5551321506500244,0.21509864926338196,-0.10304518043994904,0.9999321699142456,0.568645715713501,0.20453491806983948,-0.1464865654706955,0.9999175667762756,0.5729697346687317,0.2042781561613083,-0.1465131640434265,0.9999275207519531,0.5774674415588379,0.2039887011051178,-0.14656294882297516,0.9999430775642395,0.5640502572059631,0.2045542150735855,-0.07253479957580566,0.9999092817306519,0.5651764869689941,0.2043098658323288,-0.0724773183465004,0.9999046921730042,0.5668184757232666,0.20395846664905548,-0.07252547144889832,0.9999157190322876,0.6060243844985962,0.20814234018325806,-0.25252923369407654,0.9999388456344604,0.5958029627799988,0.20789530873298645,0.06795082986354828,0.9998578429222107,0.5690956711769104,0.22483141720294952,-0.1367746740579605,0.9999386072158813,0.5632576942443848,0.22466138005256653,-0.04310891404747963,0.999882698059082,0.6311731934547424,0.26073798537254333,-0.4592542350292206,0.9999853372573853,0.637549877166748,0.267569363117218,0.3208990693092346,0.9993836879730225,0.6707295775413513,0.3418581485748291,-0.5125253796577454,0.9971875548362732,0.6594644784927368,0.34721285104751587,0.39573654532432556,0.08726172149181366,0.6620000004768372,0.418138325214386,-0.4553857445716858,0.9890463352203369,0.6549823880195618,0.4149130880832672,0.29718032479286194,0.09483789652585983,0.6669230461120605,0.44232210516929626,-0.5251374840736389,0.9796834588050842,0.6552392244338989,0.4374983608722687,0.313734769821167,0.09644347429275513,0.6480107307434082,0.44451904296875,-0.5062790513038635,0.9780651926994324,0.6495538949966431,0.43873631954193115,0.24773918092250824,0.09718851745128632,0.6440767049789429,0.4372316300868988,-0.44203901290893555,0.9687264561653137,0.6475741267204285,0.43088260293006897,0.2659033536911011,0.1002715528011322,0.6682454943656921,0.4125238060951233,-0.2187574952840805,0.9988303780555725,0.664192795753479,0.41430482268333435,0.21875716745853424,0.9971933960914612,0.6433865427970886,0.5343658328056335,-0.1582612544298172,0.9282777309417725,0.6480886340141296,0.5352504849433899,0.2242729216814041,0.22227193415164948,0.6421858668327332,0.6629276275634766,-0.05653558671474457,0.9072104692459106,0.6452373266220093,0.6496829986572266,0.32656747102737427,0.2914750576019287,0.6688662767410278,0.6820732355117798,-0.056676626205444336,0.8763740062713623,0.6669358015060425,0.6712379455566406,0.3271366059780121,0.37732458114624023,0.5245504975318909,0.6819424033164978,-0.23567673563957214,0.8868664503097534,0.5373425483703613,0.6702765822410583,0.181094691157341,0.43414074182510376
255,squat,1,0.5527014136314392,0.21519222855567932,-0.1259862631559372,0.9999321103096008,0.5659788250923157,0.20464570820331573,-0.17127478122711182,0.999917209148407,0.5703439712524414,0.20439216494560242,-0.17127959430217743,0.9999272227287292,0.5749965310096741,0.2041042447090149,-0.17130841314792633,0.9999428391456604,0.5614115595817566,0.20466235280036926,-0.09654509276151657,0.9999091029167175,0.5625189542770386,0.2044171541929245,-0.0965370386838913,0.9999046325683594,0.5641470551490784,0.20406487584114075,-0.09662419557571411,0.9999154806137085,0.603859007358551,0.2082533836364746,-0.28532782196998596,0.999939501285553,0.5932849049568176,0.20799893140792847,0.03842529281973839,0.9998576045036316,0.5669630765914917,0.2249051034450531,-0.16219031810760498,0.9999390244483948,0.5611494779586792,0.2247145026922226,-0.06756989657878876,0.9998826384544373,0.6305611729621887,0.2615145444869995,-0.4894648790359497,0.9999861717224121,0.637520968914032,0.26757389307022095,0.30143481492996216,0.9993782639503479,0.6693570613861084,0.3449776768684387,-0.5353102087974548,0.99733966588974,0.6586284637451172,0.3473149836063385,0.38563263416290283,0.08555388450622559,0.6342225074768066,0.4225052297115326,-0.4654943645000458,0.9897865056991577,0.6333262920379639,0.41586077213287354,0.29004329442977905,0.09335484355688095,0.6324432492256165,0.445522278547287,-0.5351299047470093,0.9807535409927368,0.622205913066864,0.4377007484436035,0.30372169613838196,0.09484154731035233,0.6154442429542542,0.44671502709388733,-0.5149034261703491,0.9792025685310364,0.6187230348587036,0.43876567482948303,0.2369370311498642,0.09551218152046204,0.6155050992965698,0.43940460681915283,-0.4511609375476837,0.9700222015380859,0.6212811470031738,0.43144556879997253,0.258184552192688,0.09861758351325989,0.6715602278709412,0.4129595458507538,-0.21878719329833984,0.998758852481842,0.6654766798019409,0.4148564636707306,0.2188023030757904,0.9970875382423401,0.6433662176132202,0.534842848777771,-0.15314553678035736,0.926645815372467,0.6480987071990967,0.5352500677108765,0.23283329606056213,0.2190103381872177,0.6419617533683777,0.6623332500457764,-0.03735643997788429,0.9061923623085022,0.6454700231552124,0.6495171785354614,0.34040606021881104,0.2903832197189331,0.6683339476585388,0.6815671920776367,-0.036134034395217896,0.8772507905960083,0.6669886112213135,0.6710517406463623,0.340155690908432,0.3766436278820038,0.5244882106781006,0.6818405389785767,-0.21299903094768524,0.8868420720100403,0.5381684899330139,0.6702098846435547,0.1924220323562622,0.4341159164905548
256,squat,1,0.550331175327301,0.2152099758386612,-0.14171333611011505,0.9999312162399292,0.5636555552482605,0.2047300487756729,-0.1890861541032791,0.999916136264801,0.5679134130477905,0.2044823169708252,-0.18910324573516846,0.9999262690544128,0.572571337223053,0.20419827103614807,-0.1891319900751114,0.9999420046806335,0.5594444870948792,0.20474128425121307,-0.11355166137218475,0.9999076128005981,0.5606735944747925,0.20449256896972656,-0.11353500932455063,0.9999033808708191,0.5624113082885742,0.20413723587989807,-0.1136196106672287,0.9999142289161682,0.6019052863121033,0.2083338499069214,-0.30911239981651306,0.9999396204948425,0.5915820598602295,0.20806875824928284,0.018775898963212967,0.9998552203178406,0.5645523071289062,0.2249409258365631,-0.1797352135181427,0.9999393224716187,0.5591228008270264,0.22474205493927002,-0.08392994850873947,0.9998815059661865,0.6299131512641907,0.26241084933280945,-0.5101194381713867,0.999987006187439,0.6378365755081177,0.2676393687725067,0.28408998250961304,0.9993752241134644,0.6663649082183838,0.3471464514732361,-0.5470589995384216,0.9974743127822876,0.6581555008888245,0.3473430573940277,0.37143462896347046,0.0830436646938324,0.6172622442245483,0.42345574498176575,-0.46465253829956055,0.9904806017875671,0.6206257343292236,0.41709643602371216,0.26594382524490356,0.0930534079670906,0.6067162752151489,0.44741091132164,-0.534070611000061,0.9818023443222046,0.6054225564002991,0.4383643865585327,0.27906176447868347,0.09472879022359848,0.589394748210907,0.44709932804107666,-0.514289379119873,0.9803276062011719,0.596468448638916,0.43883034586906433,0.20713362097740173,0.0953274741768837,0.5917794108390808,0.439714640378952,-0.45040565729141235,0.9713670015335083,0.6027207374572754,0.43173322081565857,0.23212726414203644,0.09842589497566223,0.6740557551383972,0.4139406681060791,-0.220308318734169,0.998769223690033,0.6654344201087952,0.4159785509109497,0.2202267199754715,0.9970852136611938,0.6447504758834839,0.5362087488174438,-0.1462644636631012,0.9254375100135803,0.6483460068702698,0.5350854396820068,0.2662040591239929,0.21515366435050964,0.641823947429657,0.6622957587242126,-0.023663291707634926,0.9075260162353516,0.6461043953895569,0.64814293384552,0.39761045575141907,0.29152849316596985,0.6681367754936218,0.6815411448478699,-0.022206975147128105,0.879347562789917,0.6671438217163086,0.6690137982368469,0.40103113651275635,0.3791818916797638,0.5240920782089233,0.6818087697029114,-0.2010459154844284,0.8893510103225708,0.5400828123092651,0.6690880656242371,0.27080631256103516,0.44005826115608215
257,squat,1,0.5481885075569153,0.21524231135845184,-0.13719162344932556,0.9999265670776367,0.5616326332092285,0.20479130744934082,-0.18590685725212097,0.9999098777770996,0.5657442808151245,0.2045365571975708,-0.18594694137573242,0.9999208450317383,0.570366382598877,0.20423737168312073,-0.1859428584575653,0.9999374151229858,0.5577442646026611,0.20480510592460632,-0.11001545935869217,0.9999008774757385,0.5590753555297852,0.2045540064573288,-0.11002012342214584,0.9998969435691833,0.5609099864959717,0.2041965126991272,-0.11016176640987396,0.9999083280563354,0.5996749401092529,0.20845012366771698,-0.3046742081642151,0.999936580657959,0.5897755026817322,0.20809976756572723,0.022602831944823265,0.9998447299003601,0.5624333620071411,0.224989652633667,-0.17814619839191437,0.999937117099762,0.5573067665100098,0.2247873693704605,-0.08189021795988083,0.9998751282691956,0.6291247606277466,0.26249217987060547,-0.5087386965751648,0.999987781047821,0.6378700137138367,0.2675189971923828,0.2877560257911682,0.9993759393692017,0.660695493221283,0.3475896716117859,-0.5496195554733276,0.9975823760032654,0.6541872620582581,0.34737950563430786,0.3743383586406708,0.0811428427696228,0.5985113382339478,0.4232296943664551,-0.4639696180820465,0.991077721118927,0.6075736880302429,0.4174814820289612,0.2627880275249481,0.09411502629518509,0.5840867757797241,0.44746413826942444,-0.5326113104820251,0.9827024340629578,0.5891432166099548,0.4391239881515503,0.272789865732193,0.0960303395986557,0.5656513571739197,0.446972131729126,-0.5138384699821472,0.9812861084938049,0.580898642539978,0.4390905499458313,0.19987931847572327,0.09660149365663528,0.5683556199073792,0.4396136403083801,-0.4493427872657776,0.9724807739257812,0.5874050855636597,0.4317723512649536,0.22813469171524048,0.09964817017316818,0.678052544593811,0.4138876795768738,-0.22269420325756073,0.9987846612930298,0.6636268496513367,0.4161072075366974,0.22252677381038666,0.997107744216919,0.6454570293426514,0.5363465547561646,-0.15637092292308807,0.9251601099967957,0.6481560468673706,0.5339003205299377,0.26336753368377686,0.21383096277713776,0.6420721411705017,0.6623785495758057,-0.04821872338652611,0.908812940120697,0.6463320851325989,0.6474775075912476,0.39720121026039124,0.29457706212997437,0.6683294773101807,0.681585431098938,-0.048837412148714066,0.8797563910484314,0.6671648025512695,0.667949914932251,0.39676880836486816,0.38261738419532776,0.5240979194641113,0.6817484498023987,-0.23351682722568512,0.8919082880020142,0.5406686067581177,0.6683892607688904,0.2644408047199249,0.44736799597740173
258,squat,1,0.5447823405265808,0.2153046876192093,-0.12445362657308578,0.9999253153800964,0.5588083863258362,0.2049611359834671,-0.17337298393249512,0.9999082684516907,0.5627918839454651,0.20471635460853577,-0.17342744767665863,0.9999193549156189,0.5673344731330872,0.20443689823150635,-0.173412024974823,0.9999359846115112,0.5550209283828735,0.20497335493564606,-0.09597428143024445,0.9998995661735535,0.5563891530036926,0.2047225385904312,-0.09596654772758484,0.9998964667320251,0.5582341551780701,0.20437465608119965,-0.0961117371916771,0.9999080300331116,0.5967081189155579,0.20870131254196167,-0.29787254333496094,0.9999353885650635,0.5870285630226135,0.20825526118278503,0.03780597075819969,0.9998429417610168,0.5592162609100342,0.22508539259433746,-0.1661340296268463,0.9999368190765381,0.5540705323219299,0.22486580908298492,-0.06797444075345993,0.9998728632926941,0.6280697584152222,0.2634338438510895,-0.5047611594200134,0.9999884366989136,0.6372621655464172,0.26854386925697327,0.3045051693916321,0.9993951320648193,0.6525553464889526,0.34836432337760925,-0.5412238240242004,0.9976071119308472,0.6474113464355469,0.3497770130634308,0.3858126103878021,0.08033183217048645,0.5801361799240112,0.42193344235420227,-0.4284439980983734,0.9914636015892029,0.5854712128639221,0.41785770654678345,0.2567915618419647,0.09771887958049774,0.5631466507911682,0.4450851380825043,-0.49320217967033386,0.9832161664962769,0.5642532706260681,0.43930646777153015,0.2594296336174011,0.09986712783575058,0.5445067286491394,0.44225531816482544,-0.4823094308376312,0.9818323850631714,0.554513692855835,0.43843716382980347,0.18765990436077118,0.10048148036003113,0.5483795404434204,0.43595054745674133,-0.4163346290588379,0.9729959964752197,0.561495304107666,0.4314612150192261,0.22106997668743134,0.10334634780883789,0.6844869256019592,0.4138616621494293,-0.22643926739692688,0.9988114833831787,0.6621904373168945,0.41616493463516235,0.22621306777000427,0.997157096862793,0.645483136177063,0.5363538861274719,-0.1796444058418274,0.9241684079170227,0.6456041932106018,0.5322476029396057,0.26151829957962036,0.21242505311965942,0.6421393156051636,0.6630118489265442,-0.08907898515462875,0.9100061058998108,0.6468275785446167,0.646652102470398,0.37599319219589233,0.2975894808769226,0.6683278679847717,0.682106077671051,-0.09163304418325424,0.8783755302429199,0.6673535108566284,0.6670583486557007,0.3734342157840729,0.38551434874534607,0.5235611796379089,0.6818576455116272,-0.28261542320251465,0.8945543766021729,0.5418631434440613,0.6680730581283569,0.25075942277908325,0.45520907640457153
259,squat,1,0.540745735168457,0.2176905870437622,-0.06489091366529465,0.9999254941940308,0.555355429649353,0.2077454924583435,-0.11418759822845459,0.9999082088470459,0.5592114925384521,0.2075171023607254,-0.11420586705207825,0.9999184608459473,0.5636228919029236,0.20724914968013763,-0.11413875967264175,0.9999347925186157,0.5521434545516968,0.20752394199371338,-0.03608289361000061,0.9999011754989624,0.5538003444671631,0.20716802775859833,-0.03607076033949852,0.9998987913131714,0.5559956431388855,0.20672579109668732,-0.036212097853422165,0.9999111294746399,0.5925948619842529,0.21103599667549133,-0.242826446890831,0.9999323487281799,0.5854976177215576,0.21031466126441956,0.0965808779001236,0.9998465180397034,0.5551568865776062,0.22713401913642883,-0.10699518024921417,0.9999358654022217,0.5507562756538391,0.22682464122772217,-0.008187136612832546,0.9998732805252075,0.625177800655365,0.2665942311286926,-0.4625672996044159,0.999987781047821,0.6375066041946411,0.2697213292121887,0.3534245193004608,0.9994349479675293,0.6257458329200745,0.35259923338890076,-0.455290824174881,0.9971195459365845,0.6294012665748596,0.3537934124469757,0.43848755955696106,0.08606673777103424,0.5349684953689575,0.41969987750053406,-0.26287874579429626,0.9899369478225708,0.5361460447311401,0.41524454951286316,0.30227214097976685,0.11146591603755951,0.5121921896934509,0.4408724009990692,-0.30884864926338196,0.9803882837295532,0.5076646208763123,0.4317001402378082,0.3003782033920288,0.11257924139499664,0.4994305968284607,0.43693801760673523,-0.3078230023384094,0.978777289390564,0.5005785822868347,0.4278096854686737,0.2345665693283081,0.11354387551546097,0.5065432190895081,0.42967888712882996,-0.25396522879600525,0.9685614705085754,0.5101631879806519,0.42312324047088623,0.26769116520881653,0.11614356935024261,0.6916614174842834,0.4140065312385559,-0.231406569480896,0.9988166093826294,0.673763632774353,0.41613104939460754,0.23108986020088196,0.9972442984580994,0.6447680592536926,0.5363543629646301,-0.2052065134048462,0.9226609468460083,0.6450080871582031,0.5316826105117798,0.2599503993988037,0.21421845257282257,0.6421266198158264,0.6628615260124207,-0.13579776883125305,0.9114629626274109,0.6468889713287354,0.6455022096633911,0.3385032117366791,0.3048272728919983,0.6687718629837036,0.6819202899932861,-0.13878761231899261,0.8780021667480469,0.6683385372161865,0.6647085547447205,0.33511653542518616,0.3929731547832489,0.5229280591011047,0.6818529367446899,-0.31768137216567993,0.8978363275527954,0.5429712533950806,0.6669154167175293,0.2233927696943283,0.46691247820854187
260,squat,1,0.5357178449630737,0.2200668454170227,-0.06637782603502274,0.99992436170578,0.5510848164558411,0.21022048592567444,-0.11509953439235687,0.9999064207077026,0.5551437735557556,0.2099534273147583,-0.11498989164829254,0.999915599822998,0.5597538352012634,0.2096170336008072,-0.114637091755867,0.9999322295188904,0.5477113723754883,0.20995347201824188,-0.03993437439203262,0.999901294708252,0.5494226813316345,0.20952846109867096,-0.039707913994789124,0.9998999238014221,0.5516852140426636,0.20899951457977295,-0.03970037400722504,0.9999135136604309,0.5891913771629333,0.2128456085920334,-0.2551206946372986,0.9999265074729919,0.5825103521347046,0.21218378841876984,0.0942334458231926,0.9998486638069153,0.5515246391296387,0.22933243215084076,-0.11430162936449051,0.9999343752861023,0.5470230579376221,0.22901642322540283,-0.01215505599975586,0.999873161315918,0.6234927177429199,0.2698075771331787,-0.4780368506908417,0.9999868869781494,0.6371386647224426,0.2716050446033478,0.3423449397087097,0.9994750022888184,0.6053868532180786,0.357613205909729,-0.47730791568756104,0.9968331456184387,0.6073711514472961,0.36116042733192444,0.42170318961143494,0.09597383439540863,0.49945855140686035,0.41815993189811707,-0.3072681128978729,0.9890719652175903,0.504675567150116,0.41478103399276733,0.27957478165626526,0.1291264146566391,0.47679534554481506,0.437119722366333,-0.3618508279323578,0.9786087870597839,0.47760841250419617,0.43112730979919434,0.2727586328983307,0.12802809476852417,0.4676012396812439,0.43333858251571655,-0.356065958738327,0.9768915772438049,0.47097647190093994,0.42690765857696533,0.20509901642799377,0.12928266823291779,0.4737258553504944,0.4268423020839691,-0.2975166440010071,0.9655476808547974,0.47997555136680603,0.4218961000442505,0.2437162697315216,0.13150890171527863,0.6961843371391296,0.4140416979789734,-0.23237164318561554,0.9987919330596924,0.6816263794898987,0.41584959626197815,0.23201991617679596,0.9973017573356628,0.6441739201545715,0.5363485813140869,-0.19741584360599518,0.9205197095870972,0.6432640552520752,0.5317243933677673,0.26284435391426086,0.21270109713077545,0.6415109038352966,0.6631423234939575,-0.11028899252414703,0.9121740460395813,0.6449463367462158,0.6455264091491699,0.3392193019390106,0.30933883786201477,0.6680110692977905,0.6820124387741089,-0.11151867359876633,0.8778036832809448,0.6670701503753662,0.6648616790771484,0.3376944065093994,0.3979586958885193,0.5225938558578491,0.6821602582931519,-0.2911410331726074,0.9003080725669861,0.5427115559577942,0.6669347882270813,0.22687935829162598,0.4766642451286316
261,squat,1,0.5312647223472595,0.221898153424263,-0.08666335791349411,0.9999198317527771,0.5470386743545532,0.21193388104438782,-0.13456949591636658,0.9999009966850281,0.5513865351676941,0.21161851286888123,-0.134425550699234,0.999908983707428,0.5563082098960876,0.21121659874916077,-0.1340942233800888,0.9999270439147949,0.5428738594055176,0.21173469722270966,-0.05734976381063461,0.9998968839645386,0.5443321466445923,0.21130917966365814,-0.05731640011072159,0.9998965263366699,0.5462939739227295,0.21077333390712738,-0.05738888308405876,0.999912440776825,0.5862594246864319,0.21418190002441406,-0.2697411775588989,0.9999157786369324,0.5782839059829712,0.21372699737548828,0.07983232289552689,0.9998436570167542,0.548822820186615,0.23142826557159424,-0.1327570527791977,0.9999303817749023,0.5433816313743591,0.23107703030109406,-0.030719468370079994,0.9998679161071777,0.623197615146637,0.2705288827419281,-0.49547380208969116,0.9999864101409912,0.6317691802978516,0.2725846469402313,0.3328012228012085,0.9995109438896179,0.600468635559082,0.358171671628952,-0.4873989522457123,0.9967315196990967,0.5952838659286499,0.36136576533317566,0.4187854826450348,0.1102571114897728,0.47980308532714844,0.4126993417739868,-0.3186902403831482,0.9888741374015808,0.47990134358406067,0.41064178943634033,0.27792373299598694,0.15232938528060913,0.45078006386756897,0.42994093894958496,-0.37653693556785583,0.9780235290527344,0.45050492882728577,0.4260300099849701,0.27037474513053894,0.14851900935173035,0.4405040740966797,0.4258807301521301,-0.3670381009578705,0.9763166904449463,0.4435165524482727,0.4209910035133362,0.2006055861711502,0.15025553107261658,0.45078831911087036,0.4191053807735443,-0.30713701248168945,0.9643582105636597,0.45359426736831665,0.41621893644332886,0.2406247854232788,0.1518591046333313,0.6992687582969666,0.41404619812965393,-0.23871423304080963,0.9987646341323853,0.6840327978134155,0.4152257442474365,0.23833587765693665,0.9973441362380981,0.6414070129394531,0.5363959074020386,-0.19633004069328308,0.9195691347122192,0.6412250995635986,0.5317744612693787,0.28538382053375244,0.21017958223819733,0.6402990818023682,0.6631778478622437,-0.07829998433589935,0.9137927889823914,0.6427211761474609,0.6457168459892273,0.40618953108787537,0.31466925144195557,0.6669270396232605,0.6819930672645569,-0.074149489402771,0.8787714838981628,0.6650978326797485,0.6649116277694702,0.40912795066833496,0.403389036655426,0.522432267665863,0.6829297542572021,-0.24059425294399261,0.9031627178192139,0.5426170229911804,0.6670958995819092,0.2899981737136841,0.48689326643943787
262,squat,1,0.5277194380760193,0.22253824770450592,-0.08630948513746262,0.9999145269393921,0.5438252091407776,0.21269047260284424,-0.13399671018123627,0.9998959302902222,0.5482359528541565,0.21240228414535522,-0.1339467465877533,0.9999029040336609,0.5532663464546204,0.21203266084194183,-0.13381190598011017,0.9999222159385681,0.5397399067878723,0.21244537830352783,-0.05566653981804848,0.9998925924301147,0.5413044095039368,0.21200533211231232,-0.05566350743174553,0.999893069267273,0.5434929728507996,0.21145550906658173,-0.05576397851109505,0.9999109506607056,0.5836032629013062,0.21534325182437897,-0.262006938457489,0.9999051094055176,0.5758252143859863,0.21470345556735992,0.08429981023073196,0.9998382925987244,0.5461685657501221,0.2325132191181183,-0.12876658141613007,0.9999258518218994,0.5407399535179138,0.23210890591144562,-0.027827197685837746,0.9998608827590942,0.6230154633522034,0.2717368006706238,-0.4860418438911438,0.9999854564666748,0.6266108155250549,0.27334243059158325,0.3479290306568146,0.9995394349098206,0.5981326699256897,0.35726645588874817,-0.4697205722332001,0.9965167045593262,0.5898057222366333,0.3603234589099884,0.44850343465805054,0.12247765064239502,0.4613904654979706,0.39993414282798767,-0.26663291454315186,0.9884171485900879,0.4674121141433716,0.40414249897003174,0.2902713418006897,0.17383433878421783,0.4241025447845459,0.41691818833351135,-0.32083192467689514,0.9770984649658203,0.43407896161079407,0.41846832633018494,0.2849126160144806,0.1678469479084015,0.4155721962451935,0.4111045300960541,-0.3115006983280182,0.9753832817077637,0.42483052611351013,0.4133976697921753,0.21515116095542908,0.1700076311826706,0.4285327196121216,0.40524429082870483,-0.25434020161628723,0.9626547694206238,0.436224102973938,0.4090101420879364,0.2536129653453827,0.171285942196846,0.7035062313079834,0.41406702995300293,-0.24347111582756042,0.9987488389015198,0.6864224672317505,0.414745956659317,0.24313002824783325,0.9973697066307068,0.6372096538543701,0.5366461277008057,-0.19547203183174133,0.9207189083099365,0.6391363739967346,0.5318135619163513,0.30542412400245667,0.2092331498861313,0.6390578150749207,0.663150429725647,-0.09166770428419113,0.9169784188270569,0.6418045163154602,0.6459749341011047,0.4328644871711731,0.3209570348262787,0.6666561961174011,0.6820064783096313,-0.08904026448726654,0.881635844707489,0.6649675369262695,0.6655761003494263,0.436735063791275,0.40961387753486633,0.5218373537063599,0.6833678483963013,-0.25557562708854675,0.9070021510124207,0.5421283841133118,0.6671199202537537,0.32150742411613464,0.49787628650665283
263,squat,1,0.5235653519630432,0.22623884677886963,-0.08278102427721024,0.9998500347137451,0.5403950810432434,0.21628610789775848,-0.13104595243930817,0.9998247027397156,0.5449954867362976,0.21612648665905,-0.13106761872768402,0.9998271465301514,0.5501811504364014,0.21594752371311188,-0.1310184746980667,0.999862551689148,0.5362533926963806,0.2160290777683258,-0.052508603781461716,0.9998266696929932,0.5379000902175903,0.21565796434879303,-0.05254079028964043,0.9998301863670349,0.5401297211647034,0.2152065634727478,-0.052668146789073944,0.9998676776885986,0.5796574950218201,0.22006088495254517,-0.255092591047287,0.9998090863227844,0.5716177225112915,0.2190222144126892,0.09096656739711761,0.9997540712356567,0.5416528582572937,0.23734785616397858,-0.12317630648612976,0.9998656511306763,0.5362234711647034,0.2367202788591385,-0.022247690707445145,0.9997661709785461,0.6188453435897827,0.27636557817459106,-0.4723600149154663,0.9999765157699585,0.6219873428344727,0.2769826650619507,0.3562818169593811,0.9995421767234802,0.5773618221282959,0.35829243063926697,-0.4612638056278229,0.9956294298171997,0.5738207101821899,0.3597709834575653,0.45982176065444946,0.13734936714172363,0.426321804523468,0.3854129910469055,-0.27110612392425537,0.9861399531364441,0.43327319622039795,0.38867998123168945,0.28929561376571655,0.199493408203125,0.3934764266014099,0.3950837552547455,-0.3261617422103882,0.9736394286155701,0.4010545015335083,0.3976510763168335,0.28610193729400635,0.1905028522014618,0.3866698145866394,0.38885074853897095,-0.31379827857017517,0.9718256592750549,0.39488455653190613,0.3920978605747223,0.21720676124095917,0.19314076006412506,0.3986288607120514,0.38567066192626953,-0.2586386501789093,0.9572535753250122,0.40456706285476685,0.3893927037715912,0.2531197965145111,0.1944512277841568,0.7096214294433594,0.41793346405029297,-0.2468794584274292,0.9985424876213074,0.693095326423645,0.4162931442260742,0.24660556018352509,0.9971215724945068,0.632300078868866,0.5370069146156311,-0.2112509310245514,0.9216718673706055,0.6365886926651001,0.5322709679603577,0.32022824883461,0.20679397881031036,0.6390261650085449,0.6631515622138977,-0.1167500764131546,0.9200096130371094,0.641706109046936,0.646168053150177,0.44046515226364136,0.32515689730644226,0.6664763689041138,0.682226300239563,-0.1144818514585495,0.885421633720398,0.6640366911888123,0.6668405532836914,0.44374048709869385,0.41598403453826904,0.5228846669197083,0.683313250541687,-0.2752455770969391,0.9099758267402649,0.5420714616775513,0.6671378016471863,0.33504417538642883,0.5048918724060059
264,squat,1,0.5210291743278503,0.23041974008083344,-0.06336583942174911,0.9997829794883728,0.5377489328384399,0.22034335136413574,-0.11108806729316711,0.9997589588165283,0.5423343181610107,0.22022534906864166,-0.11118052899837494,0.9997528195381165,0.5474626421928406,0.22008953988552094,-0.11121927946805954,0.9998092651367188,0.5336641073226929,0.2200731635093689,-0.03271457552909851,0.9997685551643372,0.5353105068206787,0.21972905099391937,-0.0327579602599144,0.9997668266296387,0.537496030330658,0.2193078249692917,-0.03290698304772377,0.9998248219490051,0.5752466917037964,0.2243586778640747,-0.22641310095787048,0.999721348285675,0.5675132870674133,0.2233177125453949,0.11910024285316467,0.999670147895813,0.5387097001075745,0.24141991138458252,-0.10000697523355484,0.9997968077659607,0.5333988070487976,0.24066463112831116,0.000748230901081115,0.9996593594551086,0.6100888848304749,0.2793014943599701,-0.44580402970314026,0.999968409538269,0.6217168569564819,0.2816973626613617,0.395230770111084,0.999533474445343,0.5561568140983582,0.3586609661579132,-0.445164293050766,0.9946455359458923,0.5695679187774658,0.3624178469181061,0.5013900399208069,0.14786767959594727,0.4139552414417267,0.3757985532283783,-0.23751936852931976,0.9840610027313232,0.43805059790611267,0.3854656219482422,0.324436753988266,0.21971949934959412,0.38615652918815613,0.38376396894454956,-0.288216233253479,0.9705463647842407,0.4059293568134308,0.3905542492866516,0.324408620595932,0.20876075327396393,0.3800904452800751,0.3777262568473816,-0.27182045578956604,0.9685954451560974,0.39983928203582764,0.3863154947757721,0.258971244096756,0.21173886954784393,0.3909006714820862,0.3749347925186157,-0.22243782877922058,0.9522159099578857,0.40979042649269104,0.38427889347076416,0.2891511619091034,0.2132905274629593,0.7147414088249207,0.421563982963562,-0.2520771026611328,0.9984220266342163,0.7068431377410889,0.42054083943367004,0.2519090175628662,0.9969323873519897,0.629457950592041,0.5376775860786438,-0.23703591525554657,0.9243409037590027,0.63167405128479,0.5333098769187927,0.3492024540901184,0.20842361450195312,0.6411336660385132,0.6640357375144958,-0.158400759100914,0.9234973788261414,0.6413164734840393,0.6481850743293762,0.46929630637168884,0.33185315132141113,0.6682775616645813,0.6823930740356445,-0.15640853345394135,0.8902085423469543,0.6640481352806091,0.6688440442085266,0.47340166568756104,0.42260950803756714,0.5277352333068848,0.6840324997901917,-0.3061584234237671,0.9132592678070068,0.5397660732269287,0.6705974340438843,0.37747153639793396,0.5108532309532166
265,squat,1,0.5197513103485107,0.23265434801578522,-0.07327769696712494,0.999700665473938,0.5355801582336426,0.22321583330631256,-0.12016108632087708,0.9996880888938904,0.5402086973190308,0.2231348305940628,-0.12025249004364014,0.99967360496521,0.5452256798744202,0.2230263203382492,-0.12030991911888123,0.9997552633285522,0.5317575931549072,0.22277957201004028,-0.04281372204422951,0.9997052550315857,0.5333033204078674,0.22242248058319092,-0.042836274951696396,0.9996957778930664,0.5353140830993652,0.22197213768959045,-0.042972128838300705,0.9997750520706177,0.5717393755912781,0.22775258123874664,-0.22532543540000916,0.9996302127838135,0.5640469789505005,0.22629158198833466,0.10965334624052048,0.9995667934417725,0.5361701846122742,0.24360200762748718,-0.10861121118068695,0.9997085332870483,0.5306583642959595,0.2427346110343933,-0.009947066195309162,0.9995167851448059,0.6013128757476807,0.2818777561187744,-0.4340508282184601,0.9999561905860901,0.6211044192314148,0.2868828773498535,0.3884892165660858,0.9994499087333679,0.5389054417610168,0.3608846366405487,-0.4283144176006317,0.9935557842254639,0.5623040199279785,0.3679545819759369,0.4800645411014557,0.15113691985607147,0.3962024748325348,0.36709922552108765,-0.20453977584838867,0.9817085862159729,0.4349065124988556,0.37901583313941956,0.32290711998939514,0.22704975306987762,0.37064704298973083,0.3705115020275116,-0.2551552653312683,0.967031717300415,0.4020160734653473,0.3783935308456421,0.31747040152549744,0.21634458005428314,0.3679696023464203,0.3643580675125122,-0.23030683398246765,0.9649028182029724,0.3958103060722351,0.37419599294662476,0.25422924757003784,0.21968410909175873,0.3769133388996124,0.3634902536869049,-0.18580105900764465,0.9464689493179321,0.40378281474113464,0.3737879991531372,0.2876650393009186,0.22151106595993042,0.7201395630836487,0.4243455231189728,-0.2518983483314514,0.9983079433441162,0.7152707576751709,0.4249890148639679,0.2518511414527893,0.9966152310371399,0.6280933618545532,0.53775554895401,-0.25046393275260925,0.9279444813728333,0.6267328262329102,0.5337919592857361,0.3945578634738922,0.20914825797080994,0.6448892951011658,0.6642863750457764,-0.18773218989372253,0.927852988243103,0.6401532888412476,0.6490022540092468,0.5376957058906555,0.34261608123779297,0.6724527478218079,0.6831081509590149,-0.18758432567119598,0.8965318202972412,0.6637428402900696,0.6699255108833313,0.544479250907898,0.4317444860935211,0.5282176733016968,0.6840255260467529,-0.3414478003978729,0.9176796078681946,0.5363187789916992,0.6706321239471436,0.45711755752563477,0.520416259765625
266,squat,1,0.5165853500366211,0.23485475778579712,-0.053687166422605515,0.9997050166130066,0.5329280495643616,0.2258286029100418,-0.10121075809001923,0.9996971487998962,0.5374472141265869,0.22594496607780457,-0.10130993276834488,0.9996818900108337,0.5419678688049316,0.22609908878803253,-0.10142035037279129,0.999761700630188,0.5290823578834534,0.22529473900794983,-0.02403983473777771,0.9997153282165527,0.5305224657058716,0.22504976391792297,-0.024082379415631294,0.9997062683105469,0.5322611331939697,0.2247985452413559,-0.024212589487433434,0.9997842311859131,0.5672656297683716,0.23149055242538452,-0.20845699310302734,0.9996423125267029,0.5611429810523987,0.22996826469898224,0.12854613363742828,0.9995853304862976,0.5301231145858765,0.2456546127796173,-0.0882897600531578,0.9997044205665588,0.5247862339019775,0.24490350484848022,0.01032966747879982,0.9995142817497253,0.5955630540847778,0.2853318154811859,-0.40576016902923584,0.9999428987503052,0.6199021935462952,0.2890510559082031,0.3929981291294098,0.9994103908538818,0.5270797610282898,0.3617548644542694,-0.36063283681869507,0.9920670986175537,0.5471348166465759,0.36799007654190063,0.4102489650249481,0.15871836245059967,0.3980744183063507,0.3601321578025818,-0.06412645429372787,0.9770038723945618,0.4226585626602173,0.3676603138446808,0.14824561774730682,0.23529595136642456,0.37533771991729736,0.3623097538948059,-0.09771047532558441,0.9601531624794006,0.3959188759326935,0.3667773902416229,0.13972918689250946,0.2232004851102829,0.3735460937023163,0.3562789857387543,-0.07331233471632004,0.9575527310371399,0.3885181248188019,0.36219844222068787,0.09024176746606827,0.22647373378276825,0.38185107707977295,0.3556075394153595,-0.043153803795576096,0.9367680549621582,0.3970678150653839,0.36186516284942627,0.11693301051855087,0.22890181839466095,0.7287289500236511,0.4276464879512787,-0.25072798132896423,0.9982690811157227,0.7236184477806091,0.42828530073165894,0.2505892217159271,0.9966121912002563,0.6249604225158691,0.5380598902702332,-0.24781255424022675,0.9327678680419922,0.6222849488258362,0.5342820286750793,0.3642256557941437,0.21753326058387756,0.643494188785553,0.6640986204147339,-0.1792856752872467,0.9327587485313416,0.6373782753944397,0.649649441242218,0.5044421553611755,0.36060506105422974,0.6711131930351257,0.683163583278656,-0.1791233867406845,0.9033612012863159,0.6592372059822083,0.6701120138168335,0.5111855864524841,0.44741320610046387,0.5273865461349487,0.6833410859107971,-0.3273463249206543,0.922627329826355,0.5321654677391052,0.6706035733222961,0.42848536372184753,0.5336452126502991
267,squat,1,0.5103227496147156,0.24227069318294525,-0.06566783785820007,0.9997318387031555,0.5267082452774048,0.2326001524925232,-0.11945386230945587,0.9997254610061646,0.5310742259025574,0.2326658070087433,-0.11946645379066467,0.999711811542511,0.5352628827095032,0.2328103929758072,-0.11963768303394318,0.9997839331626892,0.5234874486923218,0.23222897946834564,-0.033284157514572144,0.9997422099113464,0.5251922011375427,0.23202569782733917,-0.033393364399671555,0.9997340440750122,0.5271145701408386,0.2318231612443924,-0.033315882086753845,0.999804675579071,0.5614393949508667,0.23894666135311127,-0.22669333219528198,0.9996764659881592,0.5568392872810364,0.23756594955921173,0.11651552468538284,0.9996246099472046,0.522337019443512,0.25301098823547363,-0.1030605211853981,0.9997304081916809,0.5176543593406677,0.2524498701095581,0.009481892921030521,0.9995580911636353,0.588132381439209,0.2942465841770172,-0.4232400357723236,0.9999375343322754,0.6107833981513977,0.29648610949516296,0.38160789012908936,0.9994404315948486,0.4991612434387207,0.36967939138412476,-0.32231569290161133,0.9908222556114197,0.5151176452636719,0.37099024653434753,0.24649645388126373,0.180099219083786,0.3954821825027466,0.34807369112968445,0.14715681970119476,0.9717888236045837,0.4119424521923065,0.3529897630214691,-0.15650895237922668,0.25253647565841675,0.3693372309207916,0.34331974387168884,0.1397712528705597,0.952576756477356,0.3828108608722687,0.3455778956413269,-0.18630757927894592,0.23577946424484253,0.37415722012519836,0.337334007024765,0.14157937467098236,0.9494265913963318,0.3838512897491455,0.34038689732551575,-0.20416703820228577,0.23792582750320435,0.38460156321525574,0.3390060365200043,0.163895845413208,0.9267089366912842,0.3943725526332855,0.3426480293273926,-0.1792614459991455,0.23979105055332184,0.7356268763542175,0.43328210711479187,-0.24154482781887054,0.9983672499656677,0.7308798432350159,0.43261080980300903,0.24186371266841888,0.9968647956848145,0.6177018880844116,0.5380959510803223,-0.2428797334432602,0.9384917616844177,0.6172125339508057,0.534030556678772,0.36186301708221436,0.241471529006958,0.6397771239280701,0.6634693741798401,-0.17424161732196808,0.938017725944519,0.6350222826004028,0.6496717929840088,0.5179777145385742,0.3897233009338379,0.6706507802009583,0.683121383190155,-0.17337654531002045,0.9103768467903137,0.6577611565589905,0.6702451705932617,0.5263455510139465,0.4666569232940674,0.5286803841590881,0.6830209493637085,-0.3154170513153076,0.9282625913619995,0.5323899984359741,0.6711488962173462,0.4494587779045105,0.5542021989822388
268,squat,1,0.5030016899108887,0.252854585647583,-0.07037080079317093,0.9997566938400269,0.519950270652771,0.24137793481349945,-0.12769068777561188,0.999751627445221,0.5240994691848755,0.24124941229820251,-0.1276811957359314,0.9997395277023315,0.5281487703323364,0.24125942587852478,-0.12788788974285126,0.9998046159744263,0.5168940424919128,0.24111393094062805,-0.038371119648218155,0.9997667670249939,0.5185752511024475,0.24081532657146454,-0.03846993297338486,0.9997593760490417,0.5203723907470703,0.2404928356409073,-0.03822802007198334,0.9998231530189514,0.555683970451355,0.24773015081882477,-0.236915722489357,0.9997077584266663,0.549807071685791,0.24622230231761932,0.11082994937896729,0.9996602535247803,0.5133393406867981,0.2628725469112396,-0.10947456955909729,0.9997545480728149,0.5088055729866028,0.26229164004325867,0.008082796819508076,0.9995981454849243,0.5816133618354797,0.3034552037715912,-0.4297373592853546,0.9999359846115112,0.6050324440002441,0.3053668439388275,0.3799722492694855,0.9994483590126038,0.47285106778144836,0.37344661355018616,-0.32401785254478455,0.9898779988288879,0.5019245743751526,0.37438222765922546,0.19586141407489777,0.18585292994976044,0.3905366063117981,0.33996278047561646,0.141854390501976,0.9694580435752869,0.4102177917957306,0.345053106546402,-0.22487390041351318,0.2540886700153351,0.36130067706108093,0.33015745878219604,0.13630938529968262,0.9493909478187561,0.37819021940231323,0.33228403329849243,-0.2539013922214508,0.2355698198080063,0.3758911192417145,0.3252294063568115,0.13515284657478333,0.9458703398704529,0.3863314092159271,0.32815709710121155,-0.2571919560432434,0.2364087700843811,0.38771921396255493,0.32826340198516846,0.15759648382663727,0.9221562743186951,0.3985652029514313,0.33193156123161316,-0.24196860194206238,0.23783788084983826,0.7438875436782837,0.4392051696777344,-0.22768719494342804,0.9984935522079468,0.7389540076255798,0.4371354877948761,0.22829648852348328,0.9971193075180054,0.6101725101470947,0.5390751957893372,-0.2394694983959198,0.9438115358352661,0.6122766733169556,0.5337504744529724,0.38273856043815613,0.2633019685745239,0.6384890675544739,0.6620389819145203,-0.18064254522323608,0.942677915096283,0.6336109638214111,0.6469617486000061,0.5678394436836243,0.41487565636634827,0.6705522537231445,0.6831222176551819,-0.18156510591506958,0.9166373610496521,0.656356155872345,0.6668506860733032,0.5803967714309692,0.4835396111011505,0.5279300808906555,0.6810214519500732,-0.3097098469734192,0.933174729347229,0.5316264629364014,0.667067289352417,0.521240770816803,0.5721713900566101
269,squat,1,0.5008080005645752,0.2529042661190033,-0.10740423947572708,0.9997804760932922,0.5172675848007202,0.24233216047286987,-0.1634247601032257,0.9997760057449341,0.5210958123207092,0.24221238493919373,-0.16338598728179932,0.9997652173042297,0.5248731374740601,0.24209675192832947,-0.16351740062236786,0.999823808670044,0.5147190690040588,0.2419150173664093,-0.07866359502077103,0.9997897148132324,0.5166038274765015,0.24152621626853943,-0.07871449738740921,0.9997830390930176,0.5185851454734802,0.24110114574432373,-0.07857491821050644,0.999840497970581,0.5516170859336853,0.24723415076732635,-0.2701456546783447,0.9997366666793823,0.5479207038879395,0.24604761600494385,0.08731293678283691,0.9996936321258545,0.5106232166290283,0.2632456123828888,-0.14330238103866577,0.9997782707214355,0.507116973400116,0.26300716400146484,-0.03421131893992424,0.9996371269226074,0.5765364766120911,0.305825412273407,-0.4446786642074585,0.9999385476112366,0.6026976704597473,0.3076370656490326,0.36106064915657043,0.9994834065437317,0.46882298588752747,0.37568962574005127,-0.33671289682388306,0.9896891713142395,0.5001673102378845,0.3765566051006317,0.20662464201450348,0.21104873716831207,0.3845311999320984,0.3351048231124878,0.1363416463136673,0.9699468612670898,0.40309202671051025,0.3398647606372833,-0.18231284618377686,0.2777070105075836,0.362296462059021,0.3262478709220886,0.1299121081829071,0.9503229260444641,0.37638890743255615,0.33000022172927856,-0.213014155626297,0.2543632984161377,0.3758911192417145,0.3217862844467163,0.12028811126947403,0.9467341899871826,0.38478192687034607,0.3259332776069641,-0.21235956251621246,0.2535223364830017,0.3872438073158264,0.325138121843338,0.14895790815353394,0.9234514236450195,0.3961050510406494,0.3292321562767029,-0.19728189706802368,0.2530105710029602,0.7499740123748779,0.4385519325733185,-0.22821621596813202,0.998629093170166,0.7418245673179626,0.4362127184867859,0.22876274585723877,0.9973858594894409,0.6094892621040344,0.5396836996078491,-0.23494358360767365,0.9490953087806702,0.6117704510688782,0.5337181091308594,0.40335047245025635,0.29950058460235596,0.6381723880767822,0.6608354449272156,-0.18387334048748016,0.9478510618209839,0.6327881217002869,0.6467154622077942,0.5909838676452637,0.45166298747062683,0.6701602339744568,0.6832149624824524,-0.1839011013507843,0.9239166378974915,0.6558204889297485,0.6662558317184448,0.6040113568305969,0.5097237229347229,0.5285136699676514,0.6802912354469299,-0.30914196372032166,0.9390509724617004,0.5317453742027283,0.6671051979064941,0.5440256595611572,0.5990332365036011
270,squat,1,0.4964676797389984,0.25665706396102905,-0.10541605204343796,0.9998020529747009,0.5123471617698669,0.24615389108657837,-0.15923868119716644,0.9997981190681458,0.5159027576446533,0.24593952298164368,-0.15920685231685638,0.9997884631156921,0.5194921493530273,0.24578137695789337,-0.15931375324726105,0.9998412132263184,0.5102831125259399,0.24579516053199768,-0.07723978906869888,0.9998104572296143,0.5123017430305481,0.24535445868968964,-0.07729451358318329,0.9998044967651367,0.5144087672233582,0.2449338436126709,-0.07719442248344421,0.9998562335968018,0.5471945405006409,0.25123491883277893,-0.26877471804618835,0.9997627139091492,0.5438634753227234,0.2500320374965668,0.08725035190582275,0.9997239112854004,0.5061684846878052,0.26756012439727783,-0.14087626338005066,0.9997997879981995,0.5030800104141235,0.2669355869293213,-0.03476172313094139,0.999672532081604,0.5765267014503479,0.30995118618011475,-0.440902978181839,0.9999416470527649,0.6003581285476685,0.3155728578567505,0.3551257848739624,0.9995155334472656,0.4520708918571472,0.37458643317222595,-0.3271341919898987,0.9896108508110046,0.4852158725261688,0.3799924850463867,0.22203613817691803,0.23607641458511353,0.3857658803462982,0.3359264135360718,0.12419260293245316,0.9702130556106567,0.4020290672779083,0.3442562222480774,-0.1276654601097107,0.2934734523296356,0.366210013628006,0.32560816407203674,0.11458391696214676,0.9510419368743896,0.3785492777824402,0.3324718475341797,-0.1545359492301941,0.2655908465385437,0.3803076148033142,0.3233020007610321,0.10039027035236359,0.9474004507064819,0.38758301734924316,0.3293806314468384,-0.15103064477443695,0.26308414340019226,0.3899819254875183,0.32670140266418457,0.13365916907787323,0.9246594905853271,0.39808741211891174,0.33286821842193604,-0.1400671899318695,0.26136958599090576,0.7567026615142822,0.4395976960659027,-0.22894203662872314,0.9987569451332092,0.7475342154502869,0.4381639063358307,0.22942356765270233,0.9976345896720886,0.6068254113197327,0.5401998162269592,-0.23483210802078247,0.9538009166717529,0.6092371344566345,0.5337163805961609,0.3836348056793213,0.3245003819465637,0.6387417316436768,0.6606914401054382,-0.18884527683258057,0.952498197555542,0.632878303527832,0.6457523703575134,0.5563872456550598,0.4787997901439667,0.6701003313064575,0.6831843256950378,-0.18781815469264984,0.9305109977722168,0.6546698212623596,0.6636703610420227,0.568483293056488,0.5299338698387146,0.5291948318481445,0.6800127029418945,-0.3009541630744934,0.9443060755729675,0.5313993096351624,0.6659051775932312,0.5080811381340027,0.6191637516021729
271,squat,1,0.4944173991680145,0.26119720935821533,-0.055117830634117126,0.999821662902832,0.5088202357292175,0.2512424886226654,-0.10835303366184235,0.9998181462287903,0.5122201442718506,0.2512367069721222,-0.10821203887462616,0.9998095035552979,0.5158640742301941,0.25124073028564453,-0.10827658325433731,0.9998570084571838,0.5069998502731323,0.25069740414619446,-0.03060724399983883,0.9998292922973633,0.5089108347892761,0.25034788250923157,-0.030661415308713913,0.9998239278793335,0.5110332369804382,0.25003278255462646,-0.030533460900187492,0.9998704791069031,0.5427550673484802,0.25640997290611267,-0.21623718738555908,0.9997862577438354,0.5398549437522888,0.2549956440925598,0.12139884382486343,0.9997513294219971,0.5040594935417175,0.27245959639549255,-0.09121745824813843,0.9998193979263306,0.5014243125915527,0.27161839604377747,0.00784836895763874,0.9997048377990723,0.5689473748207092,0.31728023290634155,-0.4007118046283722,0.9999455809593201,0.5982667803764343,0.3225651681423187,0.367251455783844,0.999550998210907,0.43674328923225403,0.3749614357948303,-0.2668326497077942,0.9898849129676819,0.4810221493244171,0.38270705938339233,0.2529720962047577,0.2640139162540436,0.38699936866760254,0.33492693305015564,0.21831944584846497,0.9692614078521729,0.41134148836135864,0.3460870087146759,0.01694556698203087,0.29739391803741455,0.368787944316864,0.3258374035358429,0.21976424753665924,0.9496071338653564,0.3858890235424042,0.33310166001319885,0.010276773013174534,0.2647813558578491,0.3848257064819336,0.32370081543922424,0.2076844871044159,0.9456526041030884,0.39517948031425476,0.3311145603656769,0.03347126021981239,0.26081493496894836,0.3942224681377411,0.3267134726047516,0.229292631149292,0.9232922792434692,0.4054122865200043,0.3345719873905182,0.01958572119474411,0.2584894597530365,0.7580883502960205,0.44126081466674805,-0.23111599683761597,0.9988769888877869,0.751750111579895,0.44093161821365356,0.23169861733913422,0.997864305973053,0.6021600961685181,0.541471004486084,-0.29503950476646423,0.9580844044685364,0.607494056224823,0.5342302322387695,0.3607231676578522,0.34216898679733276,0.6360563635826111,0.6622855067253113,-0.31369468569755554,0.9568036794662476,0.6300462484359741,0.6457948088645935,0.5033035278320312,0.5028769373893738,0.6696261167526245,0.6847115755081177,-0.3154553174972534,0.936713457107544,0.6532835364341736,0.6628778576850891,0.5140898823738098,0.5491807460784912,0.5285821557044983,0.6802197098731995,-0.38856780529022217,0.949236273765564,0.5280948877334595,0.6656834483146667,0.4778765141963959,0.6373271346092224
272,squat,1,0.4902896583080292,0.2705169916152954,-0.023385215550661087,0.9998393654823303,0.5040122866630554,0.2609963119029999,-0.07576807588338852,0.9998362064361572,0.5071819424629211,0.2608847916126251,-0.07559920847415924,0.9998284578323364,0.5105428099632263,0.2607594430446625,-0.07565025240182877,0.9998712539672852,0.5027514100074768,0.26049473881721497,-0.0010633739875629544,0.9998462200164795,0.5049600005149841,0.26008450984954834,-0.001100641442462802,0.9998413920402527,0.5074304342269897,0.25967732071876526,-0.0009918113937601447,0.9998833537101746,0.537516176700592,0.2655477523803711,-0.1803513914346695,0.9998074769973755,0.5371894836425781,0.26428529620170593,0.1446140706539154,0.9997760653495789,0.5000509023666382,0.28145721554756165,-0.05822175368666649,0.9998370409011841,0.4978608787059784,0.28084078431129456,0.03685377165675163,0.9997339248657227,0.5618852376937866,0.3257288932800293,-0.3635965585708618,0.9999495148658752,0.594965934753418,0.33074986934661865,0.38860899209976196,0.9995843172073364,0.4230125844478607,0.3775821030139923,-0.23253650963306427,0.9902201890945435,0.47358283400535583,0.3865050971508026,0.37358349561691284,0.29452064633369446,0.38309523463249207,0.3361818790435791,0.24007485806941986,0.9692332744598389,0.41119125485420227,0.34897464513778687,0.22458630800247192,0.3048631548881531,0.3686405122280121,0.325802206993103,0.24140098690986633,0.9496985077857971,0.38849595189094543,0.33499422669410706,0.2244434803724289,0.2667059004306793,0.38559240102767944,0.3237361013889313,0.22791226208209991,0.945545494556427,0.39847999811172485,0.3322088122367859,0.2345069944858551,0.2611285150051117,0.3949594497680664,0.3277829587459564,0.2493644803762436,0.9240726828575134,0.4084761440753937,0.33680981397628784,0.22103342413902283,0.25821539759635925,0.7603675723075867,0.4458655118942261,-0.23347161710262299,0.9989862442016602,0.7569097280502319,0.4457446336746216,0.23404933512210846,0.9980728030204773,0.59677654504776,0.5423388481140137,-0.31288525462150574,0.961988627910614,0.6054316759109497,0.535511314868927,0.32878321409225464,0.36025434732437134,0.6355671286582947,0.6635292172431946,-0.34072360396385193,0.960809051990509,0.6301392912864685,0.6461978554725647,0.45588770508766174,0.5278704166412354,0.6692724227905273,0.6861799955368042,-0.34148287773132324,0.9425522685050964,0.6533300280570984,0.6629694104194641,0.46570247411727905,0.5711298584938049,0.5285803079605103,0.6817743182182312,-0.4009302258491516,0.9538764357566833,0.5289105176925659,0.6657042503356934,0.44612085819244385,0.6570554375648499
273,squat,1,0.4861396551132202,0.27540355920791626,-0.006931108422577381,0.9998553395271301,0.498967707157135,0.2652813494205475,-0.05641674995422363,0.9998524785041809,0.5017809867858887,0.2653150260448456,-0.05623910203576088,0.999845564365387,0.5048825740814209,0.2654227316379547,-0.056283123791217804,0.9998840689659119,0.498487651348114,0.2646160125732422,0.0171450674533844,0.9998615384101868,0.5007910132408142,0.2641758322715759,0.017100093886256218,0.9998571872711182,0.5034014582633972,0.2637735903263092,0.017180800437927246,0.999894917011261,0.5316616892814636,0.26993224024772644,-0.15302026271820068,0.9998265504837036,0.532721221446991,0.2681877613067627,0.167777419090271,0.9997983574867249,0.49583619832992554,0.2867431342601776,-0.03965852037072182,0.9998529553413391,0.49422386288642883,0.2858209013938904,0.05428268387913704,0.9997602105140686,0.5593070387840271,0.3320179581642151,-0.33396947383880615,0.9999532699584961,0.5922438502311707,0.33754128217697144,0.41253066062927246,0.9996175169944763,0.4173330068588257,0.3802202343940735,-0.20917175710201263,0.9904686808586121,0.46978259086608887,0.3892108201980591,0.4173688292503357,0.3276134431362152,0.38265255093574524,0.3385445177555084,0.2506216764450073,0.9687049388885498,0.4118516147136688,0.3511030972003937,0.2853688597679138,0.31424427032470703,0.3680308163166046,0.3269268870353699,0.251646488904953,0.9490844011306763,0.38986730575561523,0.3368868827819824,0.28644242882728577,0.2690516710281372,0.3853028118610382,0.3247678577899933,0.23961898684501648,0.94456547498703,0.40060657262802124,0.33426085114479065,0.30036047101020813,0.2613874077796936,0.39477914571762085,0.3289796710014343,0.25968220829963684,0.9237449765205383,0.4105633497238159,0.3392432928085327,0.28326159715652466,0.2575702667236328,0.7636377811431885,0.4495869576931,-0.2370704710483551,0.9990859627723694,0.7584850192070007,0.44973742961883545,0.23759812116622925,0.9982621669769287,0.5926562547683716,0.5422993302345276,-0.3449886739253998,0.9654373526573181,0.6004453301429749,0.535570502281189,0.32756730914115906,0.3693844676017761,0.6357529163360596,0.663838267326355,-0.40418070554733276,0.9643281698226929,0.6283624172210693,0.6451416015625,0.46304887533187866,0.5395479798316956,0.6692502498626709,0.6860676407814026,-0.4072655141353607,0.9477326273918152,0.6532098054885864,0.6631700396537781,0.47379353642463684,0.5841307640075684,0.528250515460968,0.6832584738731384,-0.4646848440170288,0.9579895734786987,0.5281655788421631,0.6651919484138489,0.45329004526138306,0.6678073406219482
274,squat,1,0.48409315943717957,0.2806341350078583,0.0012077357387170196,0.9998696446418762,0.49649861454963684,0.27091139554977417,-0.04654780402779579,0.9998671412467957,0.4992888569831848,0.2708826959133148,-0.04635859280824661,0.9998608827590942,0.5025902986526489,0.2709207832813263,-0.046406250447034836,0.9998955726623535,0.4963321089744568,0.2702457308769226,0.024105962365865707,0.9998752474784851,0.49870970845222473,0.26976412534713745,0.024061670526862144,0.9998713731765747,0.5014535188674927,0.2692984938621521,0.024140797555446625,0.9999053478240967,0.5295594930648804,0.2750830054283142,-0.139164537191391,0.9998437166213989,0.5307198762893677,0.27317118644714355,0.1704048365354538,0.9998184442520142,0.49334952235221863,0.29190361499786377,-0.03026171401143074,0.9998671412467957,0.4919850528240204,0.2911808490753174,0.06034446507692337,0.9997838139533997,0.5580953359603882,0.3370227813720703,-0.3114241361618042,0.9999567866325378,0.5909920930862427,0.3428148031234741,0.4109537899494171,0.9996470212936401,0.4080379903316498,0.3798924684524536,-0.18833941221237183,0.9907804727554321,0.46834880113601685,0.39043349027633667,0.4489372968673706,0.35989969968795776,0.38054654002189636,0.3370548486709595,0.2627788484096527,0.9671063423156738,0.4064960181713104,0.3513256013393402,0.37291279435157776,0.31732624769210815,0.3649061918258667,0.3260788917541504,0.2617606818675995,0.94659024477005,0.38563230633735657,0.3371073603630066,0.3790343999862671,0.26647818088531494,0.3838784694671631,0.32384803891181946,0.25118446350097656,0.9414166212081909,0.3982473611831665,0.33307355642318726,0.39218348264694214,0.2574382722377777,0.3939661681652069,0.32758498191833496,0.27099284529685974,0.9212297201156616,0.40900176763534546,0.33785027265548706,0.37158203125,0.25325796008110046,0.7658143639564514,0.45299771428108215,-0.23731844127178192,0.9991758465766907,0.7623745799064636,0.4526281952857971,0.23782925307750702,0.9984323978424072,0.5881326198577881,0.5422475934028625,-0.3410824239253998,0.9685829281806946,0.5971779823303223,0.5355021357536316,0.3231082856655121,0.37623360753059387,0.6357294321060181,0.663816511631012,-0.40047135949134827,0.967512845993042,0.6281633377075195,0.6441905498504639,0.4462120831012726,0.549558162689209,0.6686723828315735,0.6851060390472412,-0.402462899684906,0.9524143934249878,0.6533305644989014,0.6632943749427795,0.45666253566741943,0.5944639444351196,0.5278429985046387,0.6838022470474243,-0.45476484298706055,0.9617055654525757,0.5283275246620178,0.6648704409599304,0.44260919094085693,0.6767945885658264
275,squat,1,0.4817452132701874,0.2847175598144531,-0.007454334758222103,0.9998825192451477,0.49399128556251526,0.27545231580734253,-0.0547972172498703,0.999880313873291,0.49676212668418884,0.27545416355133057,-0.054602302610874176,0.9998747110366821,0.5000609755516052,0.2754725217819214,-0.054662074893713,0.9999059438705444,0.4935034215450287,0.2747890055179596,0.014590601436793804,0.9998875856399536,0.4956229329109192,0.27440255880355835,0.014552808366715908,0.9998841285705566,0.4981178939342499,0.27395564317703247,0.014647833071649075,0.9999147057533264,0.5265052914619446,0.27966365218162537,-0.14491525292396545,0.9998591542243958,0.526587188243866,0.2776630222797394,0.15921355783939362,0.9998365044593811,0.4903775751590729,0.2957874834537506,-0.038018178194761276,0.9998799562454224,0.4890371263027191,0.2950076162815094,0.05087732523679733,0.9998050332069397,0.5559371113777161,0.34165075421333313,-0.31455403566360474,0.99996018409729,0.5854665637016296,0.346911758184433,0.4017893075942993,0.9996728897094727,0.4065002202987671,0.38257622718811035,-0.19005350768566132,0.9911731481552124,0.461051344871521,0.39346224069595337,0.44378289580345154,0.38982242345809937,0.38135090470314026,0.33944371342658997,0.2722250819206238,0.9641581773757935,0.403567373752594,0.35234373807907104,0.38414889574050903,0.31259602308273315,0.36492615938186646,0.3288145065307617,0.2728201448917389,0.9417101740837097,0.3823276162147522,0.3377610743045807,0.39203155040740967,0.2583949863910675,0.38428306579589844,0.32605496048927307,0.26233142614364624,0.9358211159706116,0.39657124876976013,0.3333803117275238,0.4124036431312561,0.24847763776779175,0.39449405670166016,0.3298284113407135,0.2803123891353607,0.9160792231559753,0.4076813757419586,0.33785557746887207,0.3858291506767273,0.2442125827074051,0.7688174247741699,0.4564370810985565,-0.23865577578544617,0.9992565512657166,0.7615401148796082,0.4553327262401581,0.2391640990972519,0.9985854625701904,0.5860450863838196,0.5427649617195129,-0.3312465250492096,0.9714232683181763,0.5920939445495605,0.5357418060302734,0.3047443628311157,0.3826260566711426,0.6350097060203552,0.6642062664031982,-0.3871399164199829,0.9704301357269287,0.6278532147407532,0.6443166732788086,0.42942574620246887,0.5577330589294434,0.667519748210907,0.6850694417953491,-0.3878203332424164,0.9567012786865234,0.6535792946815491,0.6634240746498108,0.44121238589286804,0.6025426387786865,0.5259275436401367,0.6848092675209045,-0.43776360154151917,0.9651037454605103,0.5284059643745422,0.6649397611618042,0.4283672869205475,0.6840525269508362
276,squat,1,0.477308452129364,0.29608118534088135,0.010730914771556854,0.9998940825462341,0.4876130521297455,0.28625333309173584,-0.03701427951455116,0.9998921155929565,0.49056699872016907,0.28619372844696045,-0.03679971396923065,0.9998871088027954,0.49394193291664124,0.2861563265323639,-0.03687310591340065,0.9999152421951294,0.486558198928833,0.28566882014274597,0.02956320159137249,0.9998986721038818,0.4884299635887146,0.2852068841457367,0.029539810493588448,0.9998955130577087,0.4906911849975586,0.28474336862564087,0.029643109068274498,0.9999231100082397,0.5212982296943665,0.2892410457134247,-0.12601058185100555,0.9998729825019836,0.5204065442085266,0.2872711718082428,0.1674548089504242,0.99985271692276,0.48771387338638306,0.306915819644928,-0.018549669533967972,0.9998912811279297,0.4857819378376007,0.3061281442642212,0.0671328604221344,0.9998239278793335,0.5565922260284424,0.3483279347419739,-0.2934388816356659,0.9999632835388184,0.5870893597602844,0.35388678312301636,0.4084312915802002,0.9996967911720276,0.3968825042247772,0.3876928985118866,-0.1715669333934784,0.9914449453353882,0.4626874625682831,0.39906615018844604,0.5175336599349976,0.41753673553466797,0.3802260160446167,0.3407149016857147,0.28460100293159485,0.9610833525657654,0.4058760404586792,0.3561962842941284,0.539630651473999,0.30941182374954224,0.3650701642036438,0.33168748021125793,0.28823813796043396,0.9373553395271301,0.383543998003006,0.3398101031780243,0.5548596978187561,0.25214627385139465,0.38414648175239563,0.32867637276649475,0.2740190029144287,0.9306980967521667,0.39684855937957764,0.3357381522655487,0.5768576264381409,0.24125689268112183,0.39408624172210693,0.3320845365524292,0.29114022850990295,0.9118539094924927,0.40790605545043945,0.3389687240123749,0.543969452381134,0.23676162958145142,0.7736331224441528,0.4614734947681427,-0.23991625010967255,0.9993290901184082,0.7701112627983093,0.46097204089164734,0.24040278792381287,0.9987226724624634,0.5812401175498962,0.5434633493423462,-0.3229484260082245,0.9739081859588623,0.5897455215454102,0.5362517833709717,0.3043411672115326,0.38424840569496155,0.6334534287452698,0.6653771996498108,-0.3748425841331482,0.973038911819458,0.6271278262138367,0.646111786365509,0.4172545075416565,0.5632398724555969,0.6664533615112305,0.6851668953895569,-0.3740523159503937,0.9605762362480164,0.6537436246871948,0.6658855080604553,0.42801377177238464,0.6083458662033081,0.5217675566673279,0.6854150891304016,-0.41756299138069153,0.9681742191314697,0.5284555554389954,0.6650215983390808,0.41476455330848694,0.6902340650558472
277,squat,1,0.4731377065181732,0.30876967310905457,-0.003081151284277439,0.9999042749404907,0.48184239864349365,0.29838165640830994,-0.05072685703635216,0.999902606010437,0.48506399989128113,0.2980092465877533,-0.05053681507706642,0.9998981356620789,0.4886285662651062,0.2975757122039795,-0.05061114579439163,0.9999235272407532,0.47929760813713074,0.2983345091342926,0.016169898211956024,0.999908447265625,0.48046207427978516,0.2980041801929474,0.0161431897431612,0.9999055862426758,0.4818374514579773,0.2976246178150177,0.016224728897213936,0.9999305009841919,0.5161891579627991,0.2995449900627136,-0.13893109560012817,0.9998851418495178,0.511962354183197,0.29846131801605225,0.15523403882980347,0.9998672008514404,0.48583078384399414,0.3188800811767578,-0.03186077997088432,0.9999010562896729,0.4830527603626251,0.3182758688926697,0.053389281034469604,0.9998404383659363,0.5571079850196838,0.3550913333892822,-0.2960837483406067,0.9999659061431885,0.5855984687805176,0.36222442984580994,0.3833717107772827,0.9997137188911438,0.39120909571647644,0.3935755491256714,-0.18785712122917175,0.9917195439338684,0.45430248975753784,0.40515586733818054,0.5054931044578552,0.4406074285507202,0.37465423345565796,0.3427698016166687,0.23496446013450623,0.9595357179641724,0.4019678831100464,0.3621213734149933,0.5507864952087402,0.3059338927268982,0.36132311820983887,0.33320266008377075,0.23403172194957733,0.9354475140571594,0.38139811158180237,0.34174880385398865,0.5647920370101929,0.24714767932891846,0.3822232484817505,0.32991841435432434,0.2183483988046646,0.9284625053405762,0.39431214332580566,0.33729836344718933,0.5865209698677063,0.23550425469875336,0.39120298624038696,0.3323667645454407,0.24023641645908356,0.9105079770088196,0.4046103060245514,0.34250372648239136,0.5549886226654053,0.23099038004875183,0.7800012826919556,0.4671287536621094,-0.23615680634975433,0.9993939399719238,0.7741751670837402,0.46680277585983276,0.23658616840839386,0.9988447427749634,0.5758620500564575,0.5439940094947815,-0.32170623540878296,0.9760464429855347,0.5844016075134277,0.5375064611434937,0.31039926409721375,0.3878643810749054,0.6335543394088745,0.6660721302032471,-0.34855204820632935,0.9753433465957642,0.6269506216049194,0.645758867263794,0.43363410234451294,0.5714062452316284,0.6669113636016846,0.685189425945282,-0.34766414761543274,0.9640361666679382,0.6669101119041443,0.6624093651771545,0.44229114055633545,0.6163119077682495,0.5213791728019714,0.6863172650337219,-0.3876636028289795,0.97088223695755,0.5294644236564636,0.664410412311554,0.44990140199661255,0.6983011364936829
278,squat,1,0.46996742486953735,0.309081494808197,-0.009521503932774067,0.9999131560325623,0.47896257042884827,0.29897645115852356,-0.05882128328084946,0.9999117851257324,0.48185765743255615,0.29868781566619873,-0.05865861102938652,0.9999078512191772,0.4851837456226349,0.2984580099582672,-0.05872950702905655,0.9999307990074158,0.47719606757164,0.2987668514251709,0.013719554990530014,0.9999169707298279,0.47866031527519226,0.2982948124408722,0.013739611953496933,0.9999143481254578,0.48044008016586304,0.2977917194366455,0.013863146305084229,0.9999369382858276,0.5119404792785645,0.30054542422294617,-0.14685824513435364,0.9998955726623535,0.5091552138328552,0.2989369034767151,0.1349121779203415,0.9998800754547119,0.48298540711402893,0.31896334886550903,-0.04092307761311531,0.9999091029167175,0.48041626811027527,0.3182726204395294,0.050684913992881775,0.9998547434806824,0.5547266602516174,0.35796844959259033,-0.2950761020183563,0.9999677538871765,0.5863159894943237,0.3619324564933777,0.36127084493637085,0.9997247457504272,0.38837721943855286,0.3947012424468994,-0.19579876959323883,0.9919672608375549,0.45506030321121216,0.40378305315971375,0.48546409606933594,0.4613865911960602,0.37186384201049805,0.3455279469490051,0.21573270857334137,0.9567232728004456,0.4037534296512604,0.3632809519767761,0.528065025806427,0.30128470063209534,0.35831475257873535,0.3338368237018585,0.21331189572811127,0.9312318563461304,0.38197365403175354,0.34264644980430603,0.5410371422767639,0.24068792164325714,0.37967434525489807,0.33036699891090393,0.19919955730438232,0.9237139225006104,0.392909973859787,0.3392048180103302,0.5638509392738342,0.228744238615036,0.38775601983070374,0.33438536524772644,0.22109957039356232,0.9066555500030518,0.4025121033191681,0.34515833854675293,0.5324205756187439,0.2244807630777359,0.7811426520347595,0.4692475199699402,-0.2315550148487091,0.99945068359375,0.775400698184967,0.4666742980480194,0.23192255198955536,0.9989516735076904,0.575796902179718,0.5447668433189392,-0.28667524456977844,0.977933943271637,0.5850556492805481,0.5383076667785645,0.3054909110069275,0.3929919898509979,0.6336001753807068,0.6665442585945129,-0.3069460093975067,0.977289617061615,0.6258171796798706,0.6457633972167969,0.4366486668586731,0.5783363580703735,0.6663900017738342,0.684537947177887,-0.30160942673683167,0.9669653177261353,0.6627905368804932,0.6626075506210327,0.44832634925842285,0.6224009394645691,0.5203080177307129,0.6864025592803955,-0.3209432363510132,0.9731422066688538,0.5293512940406799,0.6645112633705139,0.4484929144382477,0.7042167782783508
279,squat,1,0.46614763140678406,0.3157493770122528,-0.02273477427661419,0.9999204874038696,0.4747386872768402,0.3049123287200928,-0.0685533881187439,0.9999195337295532,0.4778394401073456,0.3045111298561096,-0.06837604194879532,0.9999162554740906,0.4813043475151062,0.3041449785232544,-0.06847868859767914,0.9999369978904724,0.4726334810256958,0.3048556447029114,-0.007014510687440634,0.9999240636825562,0.47400328516960144,0.3044223189353943,-0.0069937207736074924,0.9999215602874756,0.47570765018463135,0.30399090051651,-0.006865002680569887,0.9999422430992126,0.5087355971336365,0.3052038848400116,-0.1498420238494873,0.9999043345451355,0.5049266219139099,0.3041556179523468,0.11172904819250107,0.9998912215232849,0.4811636507511139,0.3254561126232147,-0.04908042401075363,0.9999151229858398,0.4781455397605896,0.3249668478965759,0.030004458501935005,0.9998663067817688,0.553771436214447,0.36219438910484314,-0.30821794271469116,0.9999691247940063,0.5853186249732971,0.3654091954231262,0.3420827090740204,0.9997297525405884,0.38964539766311646,0.3987043797969818,-0.20925074815750122,0.9921867847442627,0.45256948471069336,0.4061909317970276,0.47289595007896423,0.476897656917572,0.37046095728874207,0.351642370223999,0.21053823828697205,0.9553141593933105,0.40338173508644104,0.36602485179901123,0.5127383470535278,0.29598918557167053,0.35755929350852966,0.33840295672416687,0.20600707828998566,0.9290028214454651,0.3811749815940857,0.3469902276992798,0.527578592300415,0.23459874093532562,0.37858837842941284,0.3355221748352051,0.1980527639389038,0.9212791323661804,0.39144977927207947,0.3434876501560211,0.5461539626121521,0.22249530255794525,0.38635653257369995,0.3401224613189697,0.21734561026096344,0.9047794938087463,0.4008362889289856,0.34934738278388977,0.515572726726532,0.21855324506759644,0.7830188274383545,0.473123162984848,-0.22927545011043549,0.9994986653327942,0.7747089266777039,0.4689108431339264,0.2296312004327774,0.9990432858467102,0.5738373398780823,0.5464516282081604,-0.2500775456428528,0.9794628620147705,0.5826737284660339,0.5386254191398621,0.2966926097869873,0.3972213864326477,0.6336619853973389,0.6673818826675415,-0.23329386115074158,0.9787703156471252,0.6252066493034363,0.6457688808441162,0.4275277554988861,0.5807843208312988,0.6660807132720947,0.68482506275177,-0.22509120404720306,0.9692424535751343,0.6591704487800598,0.6630845069885254,0.4409293830394745,0.6249738931655884,0.517863929271698,0.6865003108978271,-0.2445189207792282,0.9748232960700989,0.5292104482650757,0.664530336856842,0.4436684548854828,0.7059332728385925
280,squat,1,0.46023496985435486,0.3323168456554413,-0.030642719939351082,0.9999229907989502,0.465353786945343,0.3210965096950531,-0.07648350298404694,0.999923825263977,0.46831560134887695,0.32033056020736694,-0.07632318884134293,0.9999218583106995,0.4714846909046173,0.31961411237716675,-0.0764608383178711,0.9999411106109619,0.46371927857398987,0.3214308023452759,-0.018066123127937317,0.9999266266822815,0.4652802348136902,0.3208980858325958,-0.018052497878670692,0.9999236464500427,0.46705085039138794,0.3203497529029846,-0.017939243465662003,0.9999432563781738,0.5016082525253296,0.3186987638473511,-0.161195769906044,0.9999087452888489,0.49762287735939026,0.31852272152900696,0.09684760123491287,0.9998977184295654,0.4770771563053131,0.33998531103134155,-0.05686924234032631,0.9999130368232727,0.4750126004219055,0.34078243374824524,0.018562370911240578,0.9998658895492554,0.5540438890457153,0.3706486225128174,-0.316480815410614,0.9999687671661377,0.5821124315261841,0.37396883964538574,0.3303273320198059,0.9996941685676575,0.39179545640945435,0.4071454107761383,-0.23392830789089203,0.9919067025184631,0.4481428861618042,0.41435182094573975,0.4711016118526459,0.47333183884620667,0.3696078062057495,0.3595466613769531,0.13295166194438934,0.9550684094429016,0.396328866481781,0.3726773262023926,0.513378381729126,0.2836366891860962,0.3576015532016754,0.3475150465965271,0.12248728424310684,0.9292541742324829,0.378173828125,0.3555927276611328,0.5282244086265564,0.2254054844379425,0.37829920649528503,0.34535810351371765,0.10663618892431259,0.9216529726982117,0.38885384798049927,0.3522079288959503,0.5430457592010498,0.21350780129432678,0.38603466749191284,0.34950536489486694,0.1349446326494217,0.9055560231208801,0.39779534935951233,0.3570181429386139,0.5139208436012268,0.2101782262325287,0.7903714179992676,0.4804902970790863,-0.2290453314781189,0.9995325207710266,0.7764007449150085,0.47539040446281433,0.2293880134820938,0.9991083741188049,0.5689378380775452,0.5480926632881165,-0.23654133081436157,0.9802912473678589,0.576961874961853,0.5391936898231506,0.2857831120491028,0.39615848660469055,0.6331596970558167,0.6672763824462891,-0.20080530643463135,0.9795580506324768,0.6251834034919739,0.646126925945282,0.39397820830345154,0.5749893188476562,0.6660205125808716,0.6848183274269104,-0.19164063036441803,0.9707165360450745,0.6578419208526611,0.6632528305053711,0.4054524004459381,0.6208952069282532,0.5178889036178589,0.686671793460846,-0.22223031520843506,0.9757260680198669,0.5295283198356628,0.6646563410758972,0.39671722054481506,0.7009713053703308
281,squat,1,0.45998331904411316,0.33407312631607056,-0.049920473247766495,0.9999251961708069,0.4655822515487671,0.3231705129146576,-0.09449387341737747,0.999927282333374,0.4687338173389435,0.32238513231277466,-0.09435521066188812,0.9999264478683472,0.471968412399292,0.32163092494010925,-0.09448081254959106,0.9999444484710693,0.4632793962955475,0.32363563776016235,-0.03667844831943512,0.9999289512634277,0.46471506357192993,0.3231728672981262,-0.03667227923870087,0.9999255537986755,0.4663393497467041,0.32264193892478943,-0.03658415749669075,0.9999443292617798,0.501121461391449,0.3210079073905945,-0.17931707203388214,0.999911904335022,0.49647417664527893,0.3206545114517212,0.07947206497192383,0.9999041557312012,0.47753778100013733,0.34219950437545776,-0.07595440000295639,0.9999110698699951,0.47514423727989197,0.34271857142448425,-0.0007541051600128412,0.99986732006073,0.554519534111023,0.3729889690876007,-0.32063212990760803,0.9999673962593079,0.5818631649017334,0.374994695186615,0.3110351860523224,0.9996663928031921,0.39125868678092957,0.41035422682762146,-0.24440911412239075,0.991779088973999,0.44818511605262756,0.41535618901252747,0.4462398886680603,0.4821070432662964,0.37061968445777893,0.36458754539489746,0.11035206913948059,0.9542682766914368,0.39481937885284424,0.3740227520465851,0.4622950255870819,0.27987444400787354,0.3584654927253723,0.35137057304382324,0.09770383685827255,0.928173303604126,0.3777797818183899,0.3585456609725952,0.47477659583091736,0.2215162068605423,0.3782992660999298,0.3487834334373474,0.08488314598798752,0.920560359954834,0.38828903436660767,0.35498514771461487,0.48985350131988525,0.20951998233795166,0.3860067129135132,0.3530445992946625,0.11308147013187408,0.9047152400016785,0.397079199552536,0.3596489131450653,0.4627947211265564,0.206407830119133,0.7904815077781677,0.48220422863960266,-0.2263573855161667,0.9995618462562561,0.7750334143638611,0.4753887951374054,0.22665071487426758,0.9991664290428162,0.5703451633453369,0.5497031807899475,-0.2301826924085617,0.981296718120575,0.5781853795051575,0.5393280386924744,0.2916599214076996,0.39948612451553345,0.6327145099639893,0.6676281690597534,-0.18944643437862396,0.9803475737571716,0.6249356269836426,0.6459910869598389,0.4107531011104584,0.5718593001365662,0.6660223603248596,0.6855805516242981,-0.18043957650661469,0.9719956517219543,0.6565996408462524,0.663350522518158,0.42254945635795593,0.6200228333473206,0.5180090665817261,0.6875647902488708,-0.21087117493152618,0.9764631390571594,0.529595136642456,0.6616814136505127,0.4006197154521942,0.6978917121887207
282,squat,1,0.4589855670928955,0.33759140968322754,-0.050307366997003555,0.9999277591705322,0.46457311511039734,0.3266894519329071,-0.09405042976140976,0.9999305009841919,0.46800199151039124,0.3258877396583557,-0.09391100704669952,0.9999306201934814,0.47150102257728577,0.32508984208106995,-0.09402149170637131,0.9999475479125977,0.46148526668548584,0.3272005319595337,-0.03586699441075325,0.9999314546585083,0.4626104533672333,0.32679277658462524,-0.0358564630150795,0.9999275803565979,0.4639343023300171,0.32631826400756836,-0.03577956557273865,0.9999458193778992,0.500046968460083,0.32472339272499084,-0.1785563975572586,0.9999143481254578,0.49404436349868774,0.32460707426071167,0.08371081203222275,0.9999101758003235,0.47692134976387024,0.34575384855270386,-0.07600429654121399,0.9999099373817444,0.47397884726524353,0.3461867868900299,-0.0004521138616837561,0.9998695850372314,0.5539340376853943,0.3764330744743347,-0.31021925806999207,0.9999656081199646,0.5811153054237366,0.3778862953186035,0.3085484504699707,0.999640703201294,0.3893057107925415,0.41343533992767334,-0.2442011535167694,0.991719126701355,0.44704118371009827,0.41678833961486816,0.4272823929786682,0.4936676621437073,0.37124350666999817,0.36730673909187317,0.10708010941743851,0.9520749449729919,0.39368391036987305,0.3750588893890381,0.4397018253803253,0.2766419053077698,0.3591930866241455,0.3538722097873688,0.09570687264204025,0.9247839450836182,0.3776746094226837,0.3605085015296936,0.4491446614265442,0.21766075491905212,0.3781532943248749,0.3515317738056183,0.08211363852024078,0.916933000087738,0.3879130184650421,0.35728582739830017,0.46439674496650696,0.20581941306591034,0.3858121633529663,0.35568708181381226,0.10913103073835373,0.901624321937561,0.3965066373348236,0.3618006706237793,0.439799040555954,0.20309126377105713,0.7905677556991577,0.4830661416053772,-0.2203930914402008,0.9995864629745483,0.7754277586936951,0.47721540927886963,0.22057372331619263,0.999215841293335,0.5706029534339905,0.5501790046691895,-0.2332785576581955,0.982122004032135,0.5785831809043884,0.5395917892456055,0.2888568937778473,0.4000246524810791,0.6327407956123352,0.6679694056510925,-0.20484350621700287,0.9809916019439697,0.6250321865081787,0.6459096670150757,0.40392178297042847,0.5670440196990967,0.667965292930603,0.686485767364502,-0.19740740954875946,0.9731253981590271,0.6567584276199341,0.6633787155151367,0.41561025381088257,0.6170307993888855,0.5192065238952637,0.6883857846260071,-0.2295859009027481,0.9770687222480774,0.5314298868179321,0.6606019735336304,0.4032886326313019,0.6932353377342224
283,squat,1,0.4575119912624359,0.341552197933197,-0.056576624512672424,0.9999296069145203,0.4627552628517151,0.3306606411933899,-0.0996377170085907,0.9999330639839172,0.4662451148033142,0.3298446536064148,-0.09950193762779236,0.9999340772628784,0.4698030948638916,0.32901453971862793,-0.09960295259952545,0.9999500513076782,0.4595273435115814,0.3311574459075928,-0.04217950254678726,0.9999332427978516,0.4605787694454193,0.3307342231273651,-0.04216780513525009,0.9999289512634277,0.4618304669857025,0.3302273452281952,-0.04210534691810608,0.9999468326568604,0.49838030338287354,0.32847997546195984,-0.18084292113780975,0.9999158382415771,0.4918288290500641,0.32847321033477783,0.07732076942920685,0.9999154210090637,0.4753139019012451,0.3495502471923828,-0.08177969604730606,0.9999083280563354,0.47228553891181946,0.35011979937553406,-0.0069271293468773365,0.9998716711997986,0.5539036989212036,0.37962862849235535,-0.31220462918281555,0.9999632835388184,0.5800726413726807,0.38055285811424255,0.29948562383651733,0.9996159076690674,0.38842183351516724,0.4165710508823395,-0.24950110912322998,0.9915988445281982,0.4448646903038025,0.4187168478965759,0.4159393608570099,0.5037426352500916,0.3720124065876007,0.37040790915489197,0.08828509598970413,0.9505988359451294,0.391600638628006,0.3761884570121765,0.43168920278549194,0.27584564685821533,0.35972732305526733,0.35663655400276184,0.07576196640729904,0.9226052165031433,0.37732723355293274,0.3628941774368286,0.43969613313674927,0.21610014140605927,0.37831002473831177,0.3543020188808441,0.06044396385550499,0.9146595597267151,0.3873254954814911,0.36011582612991333,0.4565163552761078,0.2042655348777771,0.3861222267150879,0.35871008038520813,0.08915127068758011,0.8998317718505859,0.39565712213516235,0.36416614055633545,0.43231114745140076,0.20183449983596802,0.790849506855011,0.48617517948150635,-0.21785689890384674,0.9996081590652466,0.7749671339988708,0.48062726855278015,0.21800647675991058,0.9992602467536926,0.5674440860748291,0.5501385927200317,-0.22928935289382935,0.9829061031341553,0.5751461982727051,0.5404016375541687,0.2910781502723694,0.4016171097755432,0.6331732869148254,0.6679816842079163,-0.19514457881450653,0.9816734790802002,0.6249746084213257,0.6456958651542664,0.4098408818244934,0.5645781755447388,0.6691127419471741,0.6864863634109497,-0.18715275824069977,0.9742348790168762,0.6567859053611755,0.6633107662200928,0.4217436909675598,0.6169072389602661,0.5194573998451233,0.6887017488479614,-0.2186455875635147,0.9777833819389343,0.5315011739730835,0.6609746217727661,0.40844911336898804,0.6911892890930176
284,squat,1,0.45328813791275024,0.3490990102291107,-0.05407781898975372,0.9999304413795471,0.45761555433273315,0.3386240303516388,-0.09816530346870422,0.9999349117279053,0.4607432782649994,0.33785730600357056,-0.09802760183811188,0.9999368190765381,0.46408483386039734,0.33707210421562195,-0.09812583029270172,0.9999521374702454,0.4553784132003784,0.3389747142791748,-0.03863158077001572,0.9999343752861023,0.4567388892173767,0.33845868706703186,-0.03862471505999565,0.9999294281005859,0.45822930335998535,0.3378921449184418,-0.03856172785162926,0.9999470710754395,0.4945230185985565,0.3357277810573578,-0.17956644296646118,0.9999164342880249,0.4888259470462799,0.3358446955680847,0.08116277307271957,0.9999191164970398,0.4713897407054901,0.3567952811717987,-0.08032932877540588,0.9999054670333862,0.46889743208885193,0.35770121216773987,-0.003204560140147805,0.999870777130127,0.5541337728500366,0.38440123200416565,-0.30632075667381287,0.9999605417251587,0.5776541233062744,0.3876187801361084,0.3050048053264618,0.9995774030685425,0.387123703956604,0.42177167534828186,-0.2536458373069763,0.9912521243095398,0.4399547576904297,0.42528578639030457,0.4163568615913391,0.5068812966346741,0.37173792719841003,0.3749857544898987,0.07712830603122711,0.9498760104179382,0.3887348771095276,0.3808363974094391,0.4579612910747528,0.27112123370170593,0.35997697710990906,0.3608543574810028,0.06729103624820709,0.9218018054962158,0.37660887837409973,0.3675466775894165,0.4662669003009796,0.21162322163581848,0.37809374928474426,0.3590482473373413,0.0510561540722847,0.9138303995132446,0.38589972257614136,0.3649448752403259,0.490120530128479,0.19986142218112946,0.38578709959983826,0.36347121000289917,0.07764814794063568,0.8994295001029968,0.39344435930252075,0.36900025606155396,0.4610697031021118,0.19802133738994598,0.7926461696624756,0.49029719829559326,-0.21600815653800964,0.9996300339698792,0.7764258980751038,0.4861913323402405,0.21612580120563507,0.9993028044700623,0.5622338652610779,0.5500810146331787,-0.23260097205638885,0.9835777878761292,0.5724475383758545,0.5413552522659302,0.29302191734313965,0.4009768068790436,0.634341299533844,0.6681437492370605,-0.20692139863967896,0.9823827743530273,0.6250019669532776,0.6463874578475952,0.4047495722770691,0.5621691346168518,0.6705589890480042,0.6865796446800232,-0.20018386840820312,0.9753966927528381,0.6574804186820984,0.6642006635665894,0.41504406929016113,0.6166441440582275,0.5200096368789673,0.6886109709739685,-0.23899835348129272,0.9786665439605713,0.5313616394996643,0.6612786054611206,0.39925244450569153,0.6895962953567505
285,squat,1,0.45256221294403076,0.3542410135269165,-0.05602896586060524,0.9999284744262695,0.45590460300445557,0.3439091145992279,-0.09983127564191818,0.9999343752861023,0.4589139223098755,0.34317547082901,-0.09969282895326614,0.9999374747276306,0.4621829688549042,0.34238797426223755,-0.09978365153074265,0.9999526739120483,0.4539240896701813,0.34421584010124207,-0.04155690595507622,0.9999324679374695,0.4553261697292328,0.34370502829551697,-0.04154215380549431,0.9999264478683472,0.45683911442756653,0.3431429862976074,-0.04149123653769493,0.9999446272850037,0.49315664172172546,0.3405630886554718,-0.18115030229091644,0.999913215637207,0.4874173700809479,0.34068959951400757,0.07701293379068375,0.9999197125434875,0.47125208377838135,0.36180680990219116,-0.08226761966943741,0.9998984932899475,0.46889400482177734,0.3627708852291107,-0.006373235490173101,0.999865710735321,0.5544560551643372,0.387555330991745,-0.30877161026000977,0.9999563097953796,0.5759641528129578,0.3911031186580658,0.2982386350631714,0.999512791633606,0.3892173171043396,0.42482510209083557,-0.26330724358558655,0.9908888936042786,0.4350982904434204,0.427541047334671,0.4171297550201416,0.5073500871658325,0.37205708026885986,0.37862542271614075,0.06324827671051025,0.9486773610115051,0.3863508999347687,0.3836527466773987,0.44541674852371216,0.26561230421066284,0.36016565561294556,0.36451444029808044,0.05197730287909508,0.9202397465705872,0.3757205903530121,0.370426744222641,0.4534406065940857,0.2070275843143463,0.3780112862586975,0.36261236667633057,0.037638429552316666,0.9122474789619446,0.38479018211364746,0.3679766058921814,0.4733278751373291,0.1954793483018875,0.3858279883861542,0.3670916259288788,0.06409526616334915,0.8981578946113586,0.39218026399612427,0.3720952570438385,0.44698968529701233,0.19417068362236023,0.795074999332428,0.49303796887397766,-0.21449483931064606,0.9996423721313477,0.7761383056640625,0.48900654911994934,0.2146034836769104,0.9993271231651306,0.5605113506317139,0.5502644777297974,-0.23603591322898865,0.984083890914917,0.569953203201294,0.5424648523330688,0.2834464907646179,0.3992055654525757,0.6355932354927063,0.6681738495826721,-0.21315695345401764,0.9828664064407349,0.6237924098968506,0.6464567184448242,0.38513946533203125,0.5580551624298096,0.6704894304275513,0.6859109997749329,-0.2070854902267456,0.9761494398117065,0.6574046611785889,0.664520263671875,0.39417582750320435,0.6159608364105225,0.5209347605705261,0.6886982321739197,-0.24674472212791443,0.9792046546936035,0.5305488705635071,0.6620296835899353,0.37912845611572266,0.6862244606018066
286,squat,1,0.4527285099029541,0.3578271269798279,-0.06157470494508743,0.9999244809150696,0.45563599467277527,0.347497820854187,-0.1050560250878334,0.9999324679374695,0.4588029384613037,0.34667035937309265,-0.10492440313100815,0.9999368190765381,0.46226152777671814,0.3457515835762024,-0.10501576960086823,0.9999523162841797,0.4531407654285431,0.34799498319625854,-0.04730689898133278,0.9999293088912964,0.45428529381752014,0.3475959002971649,-0.047295425087213516,0.9999217987060547,0.4555250108242035,0.3471493721008301,-0.047256648540496826,0.9999409914016724,0.49283432960510254,0.34398719668388367,-0.18676310777664185,0.9999078512191772,0.48559755086898804,0.34460946917533875,0.07115758955478668,0.9999194145202637,0.4716808497905731,0.36535587906837463,-0.08792287111282349,0.9998883605003357,0.46890783309936523,0.3661132752895355,-0.012416772544384003,0.999858021736145,0.5546145439147949,0.3904106318950653,-0.30989447236061096,0.999950647354126,0.5743886232376099,0.3934911787509918,0.29219794273376465,0.9994513392448425,0.3891465663909912,0.428705632686615,-0.27285605669021606,0.9905104041099548,0.4320269823074341,0.4304245412349701,0.41859081387519836,0.5089247226715088,0.3722081482410431,0.3811131715774536,0.05439009517431259,0.9467813372612,0.3864770531654358,0.3856450021266937,0.44433093070983887,0.2608480453491211,0.36101195216178894,0.3669963479042053,0.0417642705142498,0.917519211769104,0.37589818239212036,0.3729100525379181,0.45250219106674194,0.20293809473514557,0.3783022463321686,0.3651912212371826,0.027148298919200897,0.9095122814178467,0.38503727316856384,0.37076154351234436,0.4732570946216583,0.19167499244213104,0.3860826790332794,0.3696705102920532,0.05474575236439705,0.8956030607223511,0.39250731468200684,0.374887079000473,0.446118026971817,0.1908019781112671,0.795255720615387,0.49625250697135925,-0.21394704282283783,0.9996470212936401,0.7758409380912781,0.49189427495002747,0.21404124796390533,0.9993429780006409,0.558185338973999,0.5502316951751709,-0.2328120321035385,0.9842241406440735,0.5677566528320312,0.5425677299499512,0.28447091579437256,0.3969602584838867,0.6367128491401672,0.6680161356925964,-0.19508841633796692,0.9830459356307983,0.6232272982597351,0.6458354592323303,0.3923269212245941,0.5518290996551514,0.6710613965988159,0.6855124831199646,-0.18789497017860413,0.976483166217804,0.6575515866279602,0.6642888784408569,0.4021969139575958,0.613472044467926,0.5215440392494202,0.6882428526878357,-0.22573533654212952,0.9793697595596313,0.5303846597671509,0.6621595621109009,0.3884187340736389,0.6809842586517334
287,squat,1,0.4526008069515228,0.3611844778060913,-0.09068798273801804,0.9999240636825562,0.45522263646125793,0.3507746458053589,-0.13410227000713348,0.9999337196350098,0.4584878981113434,0.3499208688735962,-0.13395142555236816,0.9999386072158813,0.462049663066864,0.3489592373371124,-0.1340196430683136,0.9999534487724304,0.45239725708961487,0.35133031010627747,-0.07262661308050156,0.999930202960968,0.45338085293769836,0.3509642481803894,-0.07263761013746262,0.9999222159385681,0.4544338881969452,0.35054460167884827,-0.07259666919708252,0.999940812587738,0.4923900067806244,0.3471706509590149,-0.21551473438739777,0.9999068379402161,0.48393070697784424,0.34804123640060425,0.05915651097893715,0.9999222159385681,0.47172945737838745,0.3686501681804657,-0.11691299080848694,0.9998820424079895,0.4686133861541748,0.36935198307037354,-0.036624133586883545,0.999856173992157,0.5551823377609253,0.3930498957633972,-0.3496567904949188,0.9999449253082275,0.5725962519645691,0.3965776562690735,0.29182592034339905,0.9994102716445923,0.3897860050201416,0.43179675936698914,-0.3221025764942169,0.9897379875183105,0.4263248145580292,0.43304353952407837,0.4448328912258148,0.5097478032112122,0.37288522720336914,0.38340744376182556,0.011529906652867794,0.9445111751556396,0.3859357237815857,0.387574166059494,0.5200352072715759,0.256950706243515,0.3622024655342102,0.3690381348133087,-0.004132930655032396,0.9144070744514465,0.37588968873023987,0.3750818967819214,0.5414560437202454,0.19935448467731476,0.37894564867019653,0.3673599064350128,-0.015808939933776855,0.906407356262207,0.38527676463127136,0.3730028569698334,0.563306987285614,0.18830469250679016,0.38697654008865356,0.37183040380477905,0.012956211343407631,0.8919579982757568,0.3927426040172577,0.37709739804267883,0.5243480205535889,0.18775592744350433,0.7952432036399841,0.4995923936367035,-0.2227049022912979,0.9996505379676819,0.7756003141403198,0.4949200749397278,0.22280818223953247,0.9993622899055481,0.5574581623077393,0.5501429438591003,-0.263756662607193,0.9836568236351013,0.56280916929245,0.5424555540084839,0.2854768633842468,0.3980807960033417,0.6381241083145142,0.6677258014678955,-0.23343823850154877,0.983072817325592,0.6215875148773193,0.6448041796684265,0.3999256193637848,0.5482305884361267,0.6714620590209961,0.6849988698959351,-0.2286500781774521,0.9766817092895508,0.6569315195083618,0.663730800151825,0.4121401011943817,0.6157829761505127,0.5232259035110474,0.6871682405471802,-0.28605976700782776,0.9795075058937073,0.5303915739059448,0.6624029278755188,0.40511810779571533,0.6789047122001648
288,squat,1,0.45220524072647095,0.3643467128276825,-0.10166474431753159,0.9999217987060547,0.4547335207462311,0.35395535826683044,-0.1464340090751648,0.9999340176582336,0.4580915868282318,0.3531084954738617,-0.1462690234184265,0.9999395608901978,0.4617394506931305,0.3521589934825897,-0.14633189141750336,0.9999538660049438,0.4516655504703522,0.3545221984386444,-0.08162688463926315,0.9999299049377441,0.45256736874580383,0.35416942834854126,-0.08164259791374207,0.9999213218688965,0.4535248875617981,0.35376670956611633,-0.08158878237009048,0.9999394416809082,0.4921172857284546,0.3504842519760132,-0.23249909281730652,0.999904990196228,0.4828926622867584,0.3513013422489166,0.05743097513914108,0.9999235272407532,0.4716593027114868,0.3718726933002472,-0.1298215687274933,0.9998743534088135,0.46821922063827515,0.3726074993610382,-0.04524322971701622,0.9998533129692078,0.5555955171585083,0.3966433107852936,-0.37815073132514954,0.9999394416809082,0.5714772343635559,0.3993018865585327,0.2961343824863434,0.9993788599967957,0.3902953267097473,0.43452879786491394,-0.3516177833080292,0.989016056060791,0.4226283133029938,0.43512842059135437,0.4760596454143524,0.5061527490615845,0.37401407957077026,0.3862496018409729,0.008471707813441753,0.9414425492286682,0.38439905643463135,0.3900202810764313,0.5637420415878296,0.2508716583251953,0.3637315332889557,0.37198689579963684,-0.0061952886171638966,0.9099285006523132,0.37544485926628113,0.3778091371059418,0.5897038578987122,0.19440864026546478,0.38043731451034546,0.3698943257331848,-0.01724591664969921,0.9018694758415222,0.38527655601501465,0.3756946921348572,0.6095254421234131,0.18370750546455383,0.38842448592185974,0.37451210618019104,0.010711065493524075,0.8864184021949768,0.39260950684547424,0.3797621428966522,0.5674975514411926,0.1834479421377182,0.7952369451522827,0.5022714734077454,-0.23485219478607178,0.9996529817581177,0.7753463387489319,0.49780333042144775,0.23499473929405212,0.9993808269500732,0.5566284656524658,0.5501893162727356,-0.28450021147727966,0.9830509424209595,0.560444176197052,0.5426549315452576,0.286601185798645,0.4005722105503082,0.638151228427887,0.6670687198638916,-0.26007983088493347,0.9833042025566101,0.6213358640670776,0.6448687314987183,0.4020581543445587,0.5485892295837402,0.6713820695877075,0.6845590472221375,-0.2560008764266968,0.9770942330360413,0.656348705291748,0.6640880703926086,0.4135836064815521,0.6204311847686768,0.5254067778587341,0.6852499842643738,-0.32157444953918457,0.9799306392669678,0.5303965210914612,0.6625145673751831,0.40201324224472046,0.6804257035255432
289,squat,1,0.4495183825492859,0.37198173999786377,-0.10635819286108017,0.9999179840087891,0.452687531709671,0.3612808883190155,-0.15241260826587677,0.999934196472168,0.45609721541404724,0.3604062795639038,-0.15225955843925476,0.9999406337738037,0.45973390340805054,0.35952529311180115,-0.15234503149986267,0.9999544024467468,0.44989755749702454,0.361761212348938,-0.0868087187409401,0.9999293088912964,0.45094454288482666,0.3613132834434509,-0.08682961016893387,0.9999200105667114,0.4520203471183777,0.3608919680118561,-0.0867699459195137,0.9999372363090515,0.4908434748649597,0.3574107885360718,-0.2428712099790573,0.9999043941497803,0.48193785548210144,0.35828879475593567,0.051671575754880905,0.9999234676361084,0.4692244529724121,0.3793477416038513,-0.13558045029640198,0.9998664855957031,0.4656282067298889,0.38030725717544556,-0.0499303974211216,0.9998482465744019,0.5543189644813538,0.4050225019454956,-0.3890843391418457,0.9999353885650635,0.5660905838012695,0.4068148136138916,0.29474085569381714,0.9993314743041992,0.39017558097839355,0.4434308707714081,-0.3405294418334961,0.9877793788909912,0.42016687989234924,0.4436449110507965,0.48188790678977966,0.49197325110435486,0.3740714192390442,0.3949560821056366,0.0354376919567585,0.9360930919647217,0.3817550241947174,0.39997467398643494,0.5657382011413574,0.2404157668352127,0.3637760281562805,0.3818162679672241,0.022507034242153168,0.9031843543052673,0.3738158047199249,0.3872923254966736,0.5947791934013367,0.18727825582027435,0.38046038150787354,0.37979570031166077,0.010052098892629147,0.895132303237915,0.3844852149486542,0.3849281668663025,0.6095533967018127,0.17713288962841034,0.38845294713974,0.38417860865592957,0.03785943612456322,0.8784708976745605,0.39166682958602905,0.38902223110198975,0.5682868957519531,0.17707864940166473,0.7955266237258911,0.509182333946228,-0.24001416563987732,0.9996625781059265,0.7750261425971985,0.5040968656539917,0.24021905660629272,0.9994054436683655,0.5540663003921509,0.5501643419265747,-0.2946344017982483,0.982707679271698,0.5563953518867493,0.5426225662231445,0.32454925775527954,0.3996117413043976,0.6376839876174927,0.6670651435852051,-0.282088041305542,0.9837134480476379,0.620283305644989,0.6450651288032532,0.4654252231121063,0.5500035285949707,0.669835090637207,0.6845511198043823,-0.2794531285762787,0.9776720404624939,0.6535820960998535,0.6642736792564392,0.47886478900909424,0.624815821647644,0.5248942971229553,0.6844243407249451,-0.34656786918640137,0.9804810881614685,0.5294480323791504,0.6625559329986572,0.4716093838214874,0.6826653480529785
290,squat,1,0.45001059770584106,0.3742300570011139,-0.10508178919553757,0.9999198317527771,0.4531566798686981,0.3637427091598511,-0.15012337267398834,0.9999368190765381,0.4566066265106201,0.36284884810447693,-0.14996221661567688,0.9999433159828186,0.46029606461524963,0.3618718683719635,-0.1500188708305359,0.9999562501907349,0.4500947594642639,0.3642997443675995,-0.08503793925046921,0.9999318718910217,0.45101678371429443,0.363919198513031,-0.08505567908287048,0.9999226927757263,0.45198261737823486,0.36349591612815857,-0.08499637991189957,0.9999388456344604,0.49097394943237305,0.36004698276519775,-0.23737506568431854,0.999906599521637,0.481251060962677,0.36098843812942505,0.0538804829120636,0.9999266862869263,0.4695758819580078,0.3816753327846527,-0.13377533853054047,0.9998666644096375,0.46578583121299744,0.38239890336990356,-0.04894398897886276,0.9998519420623779,0.5566204786300659,0.40496909618377686,-0.38246527314186096,0.9999323487281799,0.5671813488006592,0.40818607807159424,0.2956344783306122,0.9993200898170471,0.39044472575187683,0.44450709223747253,-0.3461437225341797,0.9870318174362183,0.4207471013069153,0.4448780417442322,0.47113099694252014,0.4912288784980774,0.37541186809539795,0.3957710266113281,0.010640306398272514,0.934030294418335,0.38229653239250183,0.4010055661201477,0.5321498513221741,0.23837679624557495,0.3649754524230957,0.38179677724838257,-0.0033952463418245316,0.9003002643585205,0.37394294142723083,0.3887023627758026,0.5557778477668762,0.1849137544631958,0.38155752420425415,0.37976333498954773,-0.01384431030601263,0.8920664191246033,0.38454508781433105,0.3864007294178009,0.5734285712242126,0.174845889210701,0.389387845993042,0.38445767760276794,0.013332517817616463,0.8747454285621643,0.3918525278568268,0.39068692922592163,0.5347481369972229,0.17493616044521332,0.7968031764030457,0.5095160007476807,-0.24007190763950348,0.9996787309646606,0.7748276591300964,0.5053821206092834,0.24023015797138214,0.999434232711792,0.5546141266822815,0.5501974821090698,-0.32743439078330994,0.9825251698493958,0.557611346244812,0.5428387522697449,0.3183532953262329,0.4034546911716461,0.6378523707389832,0.6666269898414612,-0.3450636863708496,0.9842024445533752,0.6190334558486938,0.6450097560882568,0.4560588300228119,0.5541446805000305,0.6699845790863037,0.6845400929450989,-0.34600943326950073,0.9783999919891357,0.6556475758552551,0.6586031317710876,0.46382108330726624,0.6321330666542053,0.5264045000076294,0.6840933561325073,-0.42122507095336914,0.9812029600143433,0.5284464955329895,0.6630449295043945,0.45469221472740173,0.6877599954605103
291,squat,1,0.45007267594337463,0.37725672125816345,-0.09893027693033218,0.9999227523803711,0.45302242040634155,0.3669138252735138,-0.14409847557544708,0.9999401569366455,0.4564896821975708,0.3660382330417633,-0.1439366340637207,0.9999465346336365,0.4602223038673401,0.365048885345459,-0.14399275183677673,0.9999586343765259,0.4498346447944641,0.36746880412101746,-0.07893592119216919,0.9999352693557739,0.450700581073761,0.36709120869636536,-0.07895441353321075,0.9999262690544128,0.45160484313964844,0.3666575253009796,-0.07889506965875626,0.9999414086341858,0.49087852239608765,0.3632005751132965,-0.23317165672779083,0.9999105334281921,0.4807458817958832,0.36414989829063416,0.05733497440814972,0.9999305605888367,0.4696980118751526,0.38472846150398254,-0.1283731609582901,0.999869167804718,0.46572592854499817,0.3854339122772217,-0.043235793709754944,0.9998573064804077,0.556906521320343,0.40835681557655334,-0.38101109862327576,0.9999304413795471,0.5678556561470032,0.4097754955291748,0.29698771238327026,0.9993151426315308,0.3908080756664276,0.4474329650402069,-0.34180718660354614,0.986110508441925,0.4193132519721985,0.44673097133636475,0.47189730405807495,0.48732826113700867,0.37620049715042114,0.39796125888824463,0.01957542821764946,0.9303736686706543,0.382130891084671,0.40204912424087524,0.5364227890968323,0.23427222669124603,0.3662717044353485,0.38388803601264954,0.005704634357243776,0.8954612016677856,0.37408268451690674,0.3899804353713989,0.5606781244277954,0.1814945787191391,0.3827371299266815,0.381771981716156,-0.006156092043966055,0.8869711756706238,0.3846125304698944,0.38788023591041565,0.5783554911613464,0.1716078370809555,0.3905489444732666,0.38646388053894043,0.021827733144164085,0.8688745498657227,0.39199358224868774,0.3921007215976715,0.5391541123390198,0.1717735379934311,0.7974746227264404,0.5117478370666504,-0.2418866604566574,0.9996951818466187,0.7747732996940613,0.5068647861480713,0.24201999604701996,0.9994640946388245,0.5543920397758484,0.550176739692688,-0.3414389193058014,0.9820253252983093,0.5577600002288818,0.5430467128753662,0.3191920518875122,0.4040764272212982,0.6396851539611816,0.6666021943092346,-0.36280080676078796,0.9844737648963928,0.6191214323043823,0.6448929309844971,0.44589346647262573,0.5543623566627502,0.6723902821540833,0.6844879388809204,-0.36377254128456116,0.9788497090339661,0.6552699208259583,0.6590168476104736,0.4554772973060608,0.6366568803787231,0.5283389091491699,0.6840004324913025,-0.4370834529399872,0.9816139936447144,0.5284521579742432,0.6634680032730103,0.4433099627494812,0.6890697479248047
292,squat,1,0.4500213861465454,0.37985149025917053,-0.09839855134487152,0.9999257326126099,0.45299938321113586,0.3695363700389862,-0.1437447965145111,0.9999435544013977,0.456514835357666,0.3686675727367401,-0.14357613027095795,0.9999496936798096,0.46029698848724365,0.36768805980682373,-0.1436225175857544,0.9999609589576721,0.4495818316936493,0.3701019287109375,-0.07748864591121674,0.9999386668205261,0.450345516204834,0.3697444200515747,-0.07750962674617767,0.9999300241470337,0.45113563537597656,0.3693337142467499,-0.07744278013706207,0.9999441504478455,0.49091610312461853,0.3659819960594177,-0.23447531461715698,0.9999148845672607,0.4801783263683319,0.36693286895751953,0.05971313267946243,0.9999345541000366,0.4697589874267578,0.387307345867157,-0.12904302775859833,0.9998724460601807,0.46545085310935974,0.38801309466362,-0.04247685894370079,0.9998630881309509,0.5571659207344055,0.4112471044063568,-0.38290929794311523,0.9999282956123352,0.5682226419448853,0.4117649793624878,0.2983311414718628,0.9993143081665039,0.39090532064437866,0.4498925507068634,-0.3406742215156555,0.9851375222206116,0.41774070262908936,0.44925346970558167,0.46801134943962097,0.48605889081954956,0.37766993045806885,0.39979565143585205,0.027858655899763107,0.9251300096511841,0.3819408714771271,0.4034092426300049,0.527506947517395,0.23134835064411163,0.36751675605773926,0.3856135606765747,0.015107881277799606,0.8881470561027527,0.3741195499897003,0.3917262852191925,0.5505697727203369,0.17846401035785675,0.38494765758514404,0.3833416700363159,0.0027188684325665236,0.8791521191596985,0.3846880793571472,0.3896207809448242,0.5693029165267944,0.16867348551750183,0.39282670617103577,0.38810911774635315,0.03002992831170559,0.8604621887207031,0.3920888900756836,0.3938852548599243,0.5304737687110901,0.1687067747116089,0.7976299524307251,0.5144850611686707,-0.24281682074069977,0.9997122287750244,0.7747666835784912,0.5089090466499329,0.24293290078639984,0.9994933605194092,0.5543298125267029,0.5501919984817505,-0.3686177432537079,0.9814311861991882,0.5569217205047607,0.5438341498374939,0.3178751766681671,0.4071539044380188,0.6410374045372009,0.6665942668914795,-0.40437930822372437,0.9847055077552795,0.6186752915382385,0.6449006199836731,0.4002230167388916,0.5556887984275818,0.6743856072425842,0.6843908429145813,-0.4068794548511505,0.9792642593383789,0.6531325578689575,0.6593155264854431,0.4060318171977997,0.6420422792434692,0.5306168794631958,0.6845080852508545,-0.4859519302845001,0.9820320010185242,0.5285458564758301,0.6664737462997437,0.39378637075424194,0.6913685202598572
293,squat,1,0.44956666231155396,0.38500675559043884,-0.09884796291589737,0.9999284148216248,0.45284000039100647,0.3744787871837616,-0.14400914311408997,0.9999468326568604,0.45638296008110046,0.37360554933547974,-0.14385080337524414,0.9999528527259827,0.4601413607597351,0.37267592549324036,-0.14390620589256287,0.9999633431434631,0.4493643343448639,0.37511277198791504,-0.0776350274682045,0.999941885471344,0.45015689730644226,0.3747268617153168,-0.07766946405172348,0.9999334812164307,0.45096373558044434,0.3743278682231903,-0.07760757952928543,0.9999465942382812,0.49100929498672485,0.3709799349308014,-0.23672045767307281,0.9999196529388428,0.4802134335041046,0.37195199728012085,0.05971658602356911,0.9999382495880127,0.46943017840385437,0.3926233649253845,-0.1303042620420456,0.9998764991760254,0.4650031328201294,0.3932664096355438,-0.04363660141825676,0.9998683929443359,0.5571785569190979,0.4174414277076721,-0.38190335035324097,0.9999274611473083,0.5656548738479614,0.4168945550918579,0.2890562117099762,0.9993095993995667,0.3910771608352661,0.4561455249786377,-0.33306777477264404,0.983820915222168,0.41484636068344116,0.4541358947753906,0.4577805995941162,0.480468213558197,0.3781278133392334,0.4066573679447174,0.033031973987817764,0.9206696152687073,0.3815738558769226,0.41112327575683594,0.5265347957611084,0.22829918563365936,0.36841315031051636,0.39264756441116333,0.020376432687044144,0.8827273845672607,0.3737793266773224,0.39815470576286316,0.5467520356178284,0.17656244337558746,0.38536766171455383,0.3902466595172882,0.006496683694422245,0.8737142086029053,0.38470518589019775,0.39603930711746216,0.56463623046875,0.16700531542301178,0.393338680267334,0.39467862248420715,0.03531542047858238,0.854405403137207,0.39215368032455444,0.40061670541763306,0.5281608700752258,0.16682691872119904,0.7984199523925781,0.5201033353805542,-0.24182893335819244,0.9997283220291138,0.7739197611808777,0.5128626823425293,0.24195338785648346,0.9995221495628357,0.5542986392974854,0.5503520965576172,-0.36500775814056396,0.9804520010948181,0.5561022758483887,0.5446020364761353,0.33036184310913086,0.4044702649116516,0.641104519367218,0.6670470237731934,-0.3981500267982483,0.9846303462982178,0.6166173219680786,0.6448224186897278,0.43421274423599243,0.5499601364135742,0.6744189858436584,0.6844125390052795,-0.40054425597190857,0.9792532324790955,0.655146598815918,0.6545153856277466,0.44318774342536926,0.6411615610122681,0.5327119827270508,0.6852291822433472,-0.4802411198616028,0.982035219669342,0.526349663734436,0.665865421295166,0.44002780318260193,0.6877393126487732
294,squat,1,0.4493767023086548,0.3886098265647888,-0.09675850719213486,0.9999301433563232,0.4527263641357422,0.37807267904281616,-0.14190052449703217,0.9999493956565857,0.4562312066555023,0.37722161412239075,-0.14174312353134155,0.9999552965164185,0.45994752645492554,0.3763035535812378,-0.1418013870716095,0.999965250492096,0.4493233561515808,0.378686785697937,-0.07616718858480453,0.999944269657135,0.4501560926437378,0.37831708788871765,-0.07619549334049225,0.9999358654022217,0.4510025382041931,0.37794098258018494,-0.07613329589366913,0.999948263168335,0.4910493493080139,0.374602347612381,-0.23354174196720123,0.9999232888221741,0.48028790950775146,0.37587040662765503,0.061515647917985916,0.9999411106109619,0.46902328729629517,0.3961081802845001,-0.12770630419254303,0.9998785257339478,0.46464523673057556,0.3966948390007019,-0.04171368107199669,0.9998723268508911,0.5576923489570618,0.41988667845726013,-0.38171160221099854,0.9999270439147949,0.5653054714202881,0.4201897084712982,0.29116395115852356,0.9993082284927368,0.39177343249320984,0.45898982882499695,-0.33523035049438477,0.9831480383872986,0.41429105401039124,0.4574844241142273,0.4591377079486847,0.4731103181838989,0.3787226378917694,0.40948930382728577,0.03001026250422001,0.9169468283653259,0.38176918029785156,0.41379788517951965,0.5205644369125366,0.2220495343208313,0.36986857652664185,0.39529260993003845,0.01463880855590105,0.8778384327888489,0.37390774488449097,0.4008707106113434,0.5408101081848145,0.17206843197345734,0.38634100556373596,0.3929874300956726,-0.0005805143155157566,0.8687665462493896,0.3850542902946472,0.39896872639656067,0.5577861666679382,0.16296418011188507,0.39437243342399597,0.39731377363204956,0.03091324120759964,0.849054753780365,0.39251285791397095,0.40340471267700195,0.5221700072288513,0.16290509700775146,0.7992275953292847,0.5231273174285889,-0.24178993701934814,0.9997385144233704,0.7737131714820862,0.5158399343490601,0.2419152557849884,0.9995437264442444,0.5543715953826904,0.5507987141609192,-0.35129719972610474,0.9792459011077881,0.5560324192047119,0.5457007884979248,0.316773384809494,0.39892494678497314,0.6412742137908936,0.6670523881912231,-0.3659876585006714,0.9842371344566345,0.6165845394134521,0.6449935436248779,0.4095771610736847,0.5416432023048401,0.6748931407928467,0.6841375827789307,-0.3659893572330475,0.9788388609886169,0.6539129018783569,0.6571560502052307,0.4175167679786682,0.6383223533630371,0.5314329862594604,0.6848723292350769,-0.4365725815296173,0.9815899729728699,0.5260949730873108,0.6659667491912842,0.4120440185070038,0.6804611682891846
295,squat,1,0.4492989182472229,0.39166557788848877,-0.09858840703964233,0.9999278783798218,0.4527612626552582,0.3811880052089691,-0.14346954226493835,0.9999499320983887,0.45624011754989624,0.3803805112838745,-0.14331583678722382,0.9999558925628662,0.4599367678165436,0.37947964668273926,-0.14338496327400208,0.9999657869338989,0.4494107961654663,0.38173753023147583,-0.07729160785675049,0.9999443888664246,0.4502750039100647,0.38136857748031616,-0.07732613384723663,0.9999353885650635,0.45115289092063904,0.3809875249862671,-0.07727447152137756,0.999947726726532,0.49112468957901,0.3779267370700836,-0.23425011336803436,0.9999232888221741,0.48052987456321716,0.3790467083454132,0.06217494606971741,0.9999415278434753,0.4687654674053192,0.3992120623588562,-0.12962260842323303,0.9998746514320374,0.4644955098628998,0.3998571038246155,-0.043080300092697144,0.9998719096183777,0.557722806930542,0.42337512969970703,-0.3837732970714569,0.9999243021011353,0.5655982494354248,0.4223760962486267,0.2919706106185913,0.9992981553077698,0.39199167490005493,0.46188682317733765,-0.33685678243637085,0.9824144840240479,0.4144459366798401,0.46022459864616394,0.4567200839519501,0.46572649478912354,0.37961307168006897,0.412264347076416,0.03189192712306976,0.9122394919395447,0.38182875514030457,0.41551223397254944,0.5097735524177551,0.21576853096485138,0.3710518777370453,0.3981091380119324,0.015496069565415382,0.8716387152671814,0.37429672479629517,0.40312719345092773,0.5278748273849487,0.16760940849781036,0.3876959979534149,0.3958926796913147,0.0006232233718037605,0.8625070452690125,0.3865233361721039,0.4009840786457062,0.5422447323799133,0.15888938307762146,0.39596837759017944,0.4001522660255432,0.032608531415462494,0.8424478769302368,0.3936627507209778,0.40543079376220703,0.5102022886276245,0.1589682251214981,0.7990659475326538,0.5266302227973938,-0.24233879148960114,0.9997462034225464,0.7742794752120972,0.5187128186225891,0.24245043098926544,0.9995603561401367,0.5522350072860718,0.5513781309127808,-0.34122082591056824,0.9781402945518494,0.5558463931083679,0.5463895797729492,0.325905978679657,0.38812604546546936,0.6413653492927551,0.6673521995544434,-0.3636609613895416,0.983887791633606,0.6168266534805298,0.6449452638626099,0.44271114468574524,0.5303184390068054,0.6748299598693848,0.6840671896934509,-0.3610754907131195,0.9784444570541382,0.6539440155029297,0.6574724912643433,0.4531809091567993,0.6320964694023132,0.5306798815727234,0.682712733745575,-0.4239028990268707,0.9810733795166016,0.5261384844779968,0.6642856597900391,0.44877904653549194,0.6703026294708252
296,squat,1,0.44877225160598755,0.3969390392303467,-0.0946718081831932,0.9999255537986755,0.4524596035480499,0.38646993041038513,-0.1400989145040512,0.9999502301216125,0.4559629261493683,0.3856656849384308,-0.13995864987373352,0.9999563097953796,0.4596274793148041,0.3848660886287689,-0.14005163311958313,0.9999662637710571,0.4492059350013733,0.3869534730911255,-0.07342224568128586,0.999944269657135,0.45015740394592285,0.38652554154396057,-0.07346800714731216,0.9999344944953918,0.45111751556396484,0.386121541261673,-0.07342536002397537,0.999947190284729,0.4909253418445587,0.38333791494369507,-0.23389679193496704,0.9999231696128845,0.48072144389152527,0.3841573894023895,0.06574898213148117,0.9999415278434753,0.4679430425167084,0.4043881893157959,-0.1273023635149002,0.9998709559440613,0.4639405310153961,0.4049445688724518,-0.03979623690247536,0.999871015548706,0.5556345582008362,0.43013328313827515,-0.3818674087524414,0.9999210834503174,0.5658329129219055,0.42699629068374634,0.2921835482120514,0.9992802739143372,0.39191603660583496,0.4685130715370178,-0.32632550597190857,0.9812646508216858,0.41472989320755005,0.4652542173862457,0.4617423713207245,0.45317310094833374,0.37979385256767273,0.4181542992591858,0.047835852950811386,0.9066924452781677,0.38263827562332153,0.4211199879646301,0.5113562345504761,0.20891346037387848,0.37128695845603943,0.4054570496082306,0.030955664813518524,0.8650479912757874,0.3746299147605896,0.4094472825527191,0.5293534994125366,0.16359712183475494,0.38781222701072693,0.4033874571323395,0.01449932437390089,0.8558908104896545,0.38709574937820435,0.40750250220298767,0.542872965335846,0.15532559156417847,0.39614856243133545,0.4076405167579651,0.047601524740457535,0.8354746699333191,0.39470747113227844,0.4118044376373291,0.5116602778434753,0.1554577499628067,0.7990032434463501,0.5319847464561462,-0.24160367250442505,0.9997515678405762,0.7763918042182922,0.5236989259719849,0.2416997253894806,0.9995736479759216,0.5510888695716858,0.552570104598999,-0.3216326832771301,0.9773926734924316,0.5561386942863464,0.5474417209625244,0.3395121991634369,0.37775564193725586,0.6413303017616272,0.6679859161376953,-0.3077757954597473,0.9836516380310059,0.6172944903373718,0.6450313329696655,0.47858983278274536,0.5215907096862793,0.6745271682739258,0.6840693950653076,-0.30372416973114014,0.9780963659286499,0.654297411441803,0.6576107144355774,0.49160945415496826,0.6269405484199524,0.5306510925292969,0.6823430061340332,-0.35832688212394714,0.9806058406829834,0.526624321937561,0.6642481088638306,0.49163195490837097,0.6624318361282349
297,squat,1,0.4485975205898285,0.4011307954788208,-0.09649887681007385,0.9999220967292786,0.4523260295391083,0.39080214500427246,-0.14178474247455597,0.9999501705169678,0.4558055102825165,0.39000505208969116,-0.1416480839252472,0.9999564290046692,0.4594331383705139,0.38916921615600586,-0.14174878597259521,0.9999664425849915,0.449093759059906,0.3912743926048279,-0.0759248211979866,0.999943733215332,0.4500638544559479,0.39082464575767517,-0.07597526907920837,0.9999331831932068,0.45103445649147034,0.3903834819793701,-0.07593953609466553,0.999946117401123,0.49080684781074524,0.3874095380306244,-0.23515382409095764,0.9999228119850159,0.4805739223957062,0.3883795440196991,0.06069242209196091,0.9999414682388306,0.46780064702033997,0.40854963660240173,-0.12877757847309113,0.9998669028282166,0.4637996554374695,0.40911972522735596,-0.04257776960730553,0.999869704246521,0.5556398034095764,0.4336530864238739,-0.3811129927635193,0.9999179840087891,0.5647484064102173,0.4307170510292053,0.28202715516090393,0.9992626905441284,0.39254388213157654,0.4716360867023468,-0.3251979649066925,0.9801992177963257,0.41294947266578674,0.4687042236328125,0.4571515619754791,0.4405186176300049,0.380209356546402,0.42214736342430115,0.05023344233632088,0.8995566368103027,0.38275274634361267,0.4234502911567688,0.5108282566070557,0.20038767158985138,0.37157055735588074,0.4083588719367981,0.033347152173519135,0.856492280960083,0.37466394901275635,0.4112761318683624,0.5290512442588806,0.15797610580921173,0.38867995142936707,0.40633681416511536,0.01508221123367548,0.8474799394607544,0.38782069087028503,0.4092257618904114,0.5429075956344604,0.15020620822906494,0.3972759246826172,0.41054144501686096,0.04919584468007088,0.8266650438308716,0.3951897621154785,0.4137517809867859,0.5115641355514526,0.15041470527648926,0.7988896369934082,0.5346301794052124,-0.23958946764469147,0.9997570514678955,0.776288628578186,0.525924563407898,0.23967759311199188,0.9995881915092468,0.5512598752975464,0.5534177422523499,-0.3104405105113983,0.9762277007102966,0.5555399656295776,0.5482480525970459,0.33807381987571716,0.36653074622154236,0.6413214802742004,0.668685257434845,-0.28666484355926514,0.9830623269081116,0.6173285245895386,0.6447228193283081,0.4768732786178589,0.5095187425613403,0.6742164492607117,0.6840512156486511,-0.2820986807346344,0.9773052334785461,0.6619741916656494,0.6546081304550171,0.4898412823677063,0.6182466149330139,0.5302150249481201,0.6817668676376343,-0.33464768528938293,0.9796748161315918,0.5267455577850342,0.6640227437019348,0.49172210693359375,0.6503952741622925
298,squat,1,0.4484395980834961,0.4045501947402954,-0.07421014457941055,0.9999239444732666,0.45227915048599243,0.3943048417568207,-0.11956925690174103,0.9999522566795349,0.45574796199798584,0.3934859335422516,-0.11942701041698456,0.999958336353302,0.4593825340270996,0.3925824761390686,-0.11952388286590576,0.9999679923057556,0.4489951431751251,0.3948501646518707,-0.05367039889097214,0.9999459385871887,0.44993165135383606,0.3944542706012726,-0.05371962487697601,0.999935507774353,0.45085838437080383,0.3940581977367401,-0.053694479167461395,0.9999481439590454,0.4907730221748352,0.3909744918346405,-0.2145400196313858,0.9999257326126099,0.4802643954753876,0.392142117023468,0.08202503621578217,0.9999439716339111,0.46751898527145386,0.41198864579200745,-0.10741658508777618,0.9998700022697449,0.463339626789093,0.41245031356811523,-0.02130577340722084,0.9998745322227478,0.5556790232658386,0.4360623359680176,-0.3649834096431732,0.99991774559021,0.5649245977401733,0.4333014488220215,0.2965790033340454,0.9992735981941223,0.39354199171066284,0.47482946515083313,-0.31208130717277527,0.9796371459960938,0.41290614008903503,0.47234389185905457,0.4689723253250122,0.43193361163139343,0.38107606768608093,0.4251771569252014,0.053354617208242416,0.8940538167953491,0.38297539949417114,0.4267748296260834,0.5247640013694763,0.19355778396129608,0.37236613035202026,0.41082555055618286,0.03754394128918648,0.8496002554893494,0.37524178624153137,0.4141733646392822,0.542914628982544,0.1532602161169052,0.39038071036338806,0.4085947573184967,0.018825609236955643,0.840435802936554,0.38904210925102234,0.4119962751865387,0.5596086382865906,0.14591798186302185,0.39847704768180847,0.4130955934524536,0.05225272476673126,0.8195307850837708,0.3965700566768646,0.41630271077156067,0.5267940163612366,0.14625680446624756,0.7990559935569763,0.5363166928291321,-0.2385501116514206,0.9997658729553223,0.7783396244049072,0.5283711552619934,0.23860342800617218,0.9996064901351929,0.5514524579048157,0.5534535646438599,-0.31080371141433716,0.9755756258964539,0.5552336573600769,0.5490310192108154,0.33945509791374207,0.3547452688217163,0.6401413679122925,0.6686754822731018,-0.29359129071235657,0.982629656791687,0.6173604726791382,0.6449167132377625,0.4729049801826477,0.497097373008728,0.6734018921852112,0.6838942766189575,-0.2899053990840912,0.9767839908599854,0.6576888561248779,0.6558929681777954,0.48495733737945557,0.6094149351119995,0.5283010601997375,0.680728018283844,-0.3451217710971832,0.9789677858352661,0.5266477465629578,0.6644113063812256,0.4842902719974518,0.6382336020469666
299,squat,1,0.44819945096969604,0.40836867690086365,-0.07418317347764969,0.9999253749847412,0.45209646224975586,0.3982048034667969,-0.11973751336336136,0.9999540448188782,0.4555707275867462,0.3974114954471588,-0.1195969209074974,0.9999599456787109,0.4592084586620331,0.3965405225753784,-0.1196952536702156,0.9999693632125854,0.4487108588218689,0.39874956011772156,-0.05401734262704849,0.9999478459358215,0.449600487947464,0.39837050437927246,-0.0540686696767807,0.9999375343322754,0.450460821390152,0.39798852801322937,-0.05404249578714371,0.9999498724937439,0.49058932065963745,0.3949442505836487,-0.21524131298065186,0.99992835521698,0.4797591269016266,0.39610153436660767,0.08065403997898102,0.9999462366104126,0.467223197221756,0.4157886207103729,-0.1075337827205658,0.999872624874115,0.4628284275531769,0.4161699116230011,-0.021638069301843643,0.9998791217803955,0.5556310415267944,0.44012612104415894,-0.36495646834373474,0.9999170303344727,0.5649747848510742,0.436064749956131,0.2958393096923828,0.9992866516113281,0.39421114325523376,0.47865933179855347,-0.30930933356285095,0.9790133833885193,0.41256386041641235,0.4754996597766876,0.46880072355270386,0.42240315675735474,0.38164693117141724,0.4282342791557312,0.054720859974622726,0.8885753750801086,0.38305315375328064,0.4295976459980011,0.534235954284668,0.1869429647922516,0.372702956199646,0.41355112195014954,0.03835241124033928,0.8429222702980042,0.3755428194999695,0.4166256785392761,0.5534979701042175,0.1488732397556305,0.39122968912124634,0.41133788228034973,0.019161831587553024,0.8337993025779724,0.38991472125053406,0.41442325711250305,0.5708985924720764,0.14192865788936615,0.3991125226020813,0.4159383177757263,0.05325579643249512,0.8127024173736572,0.39730343222618103,0.4183919429779053,0.5371068120002747,0.14234237372875214,0.7991520166397095,0.5391902923583984,-0.23752722144126892,0.9997718334197998,0.7794198989868164,0.5305168032646179,0.2375747710466385,0.9996224045753479,0.5514003038406372,0.5538217425346375,-0.30764371156692505,0.9746153950691223,0.5547590255737305,0.5494582653045654,0.347247451543808,0.3415868878364563,0.6369587182998657,0.6686644554138184,-0.27960917353630066,0.9817799925804138,0.6164878010749817,0.6453235149383545,0.4915580153465271,0.482540100812912,0.6720259189605713,0.683964192867279,-0.27428755164146423,0.9756903648376465,0.6540132164955139,0.6572189331054688,0.5046656131744385,0.5984123945236206,0.5270037055015564,0.6808766722679138,-0.3249865770339966,0.9777121543884277,0.5266262292861938,0.6648558974266052,0.5054649114608765,0.6232893466949463
300,squat,1,0.44804298877716064,0.4115728735923767,-0.07555533200502396,0.9999263882637024,0.4520057439804077,0.4013243615627289,-0.1211049035191536,0.9999554753303528,0.45553308725357056,0.4005371332168579,-0.12096305191516876,0.999961256980896,0.4592130482196808,0.399664044380188,-0.12105663865804672,0.9999703764915466,0.4482561945915222,0.40189191699028015,-0.054985854774713516,0.9999496340751648,0.44895100593566895,0.40157556533813477,-0.05501718819141388,0.9999395608901978,0.44958215951919556,0.40125563740730286,-0.05497162044048309,0.9999515414237976,0.4905480146408081,0.39829909801483154,-0.21538203954696655,0.9999301433563232,0.47834253311157227,0.3993895351886749,0.07610637694597244,0.9999485611915588,0.4671168625354767,0.4189053475856781,-0.10821817815303802,0.9998745918273926,0.4622156322002411,0.41930821537971497,-0.022179918363690376,0.999883770942688,0.5556588172912598,0.44384539127349854,-0.36250966787338257,0.9999135136604309,0.5649893283843994,0.43821826577186584,0.2829730808734894,0.9993017315864563,0.39612358808517456,0.4822430908679962,-0.2946523427963257,0.9774964451789856,0.4127556085586548,0.47840023040771484,0.4634162187576294,0.4152912497520447,0.38367098569869995,0.4303111433982849,0.07150894403457642,0.8801827430725098,0.38406994938850403,0.4310588836669922,0.5444958806037903,0.18173269927501678,0.37520527839660645,0.414888858795166,0.0562603734433651,0.8335331082344055,0.37789416313171387,0.4176484942436218,0.5652134418487549,0.14552675187587738,0.39429986476898193,0.4128545820713043,0.034183625131845474,0.8243060111999512,0.3932397961616516,0.4154643416404724,0.5867853760719299,0.13877692818641663,0.4035421311855316,0.41718581318855286,0.0687364712357521,0.803386390209198,0.40036195516586304,0.41932329535484314,0.5500184297561646,0.1391954869031906,0.7992966175079346,0.5413275361061096,-0.23404449224472046,0.9997760653495789,0.7819311618804932,0.5320416688919067,0.23408319056034088,0.9996357560157776,0.5512803792953491,0.5541025996208191,-0.301685631275177,0.9736976623535156,0.5534585118293762,0.5494292378425598,0.3756563663482666,0.3269878625869751,0.6320019364356995,0.6682915687561035,-0.2700943946838379,0.9806506633758545,0.615665078163147,0.6455375552177429,0.5320208668708801,0.4662541449069977,0.6706632971763611,0.6840270757675171,-0.26444143056869507,0.9742660522460938,0.6515223979949951,0.6587297320365906,0.5461981892585754,0.5845508575439453,0.5256790518760681,0.6809523701667786,-0.3114430010318756,0.9761574864387512,0.5259324312210083,0.66506427526474,0.5498335361480713,0.6064769625663757
301,squat,1,0.446280837059021,0.41776615381240845,-0.06910934299230576,0.999928891658783,0.450146347284317,0.4079996645450592,-0.11485200375318527,0.9999575018882751,0.4536629021167755,0.40718790888786316,-0.11471759527921677,0.9999630451202393,0.45731961727142334,0.40639016032218933,-0.1148185133934021,0.9999718070030212,0.44678202271461487,0.40835049748420715,-0.04992268234491348,0.9999522566795349,0.44765704870224,0.4078490734100342,-0.04999067261815071,0.9999425411224365,0.4484887719154358,0.4073803424835205,-0.049967210739851,0.9999539852142334,0.4884658753871918,0.4043096601963043,-0.21232441067695618,0.9999332427978516,0.47760751843452454,0.40511536598205566,0.0783221423625946,0.9999512434005737,0.46499374508857727,0.424929141998291,-0.10277985036373138,0.9998789429664612,0.460703581571579,0.4254086911678314,-0.017919963225722313,0.9998897910118103,0.5514172911643982,0.45113080739974976,-0.3513233959674835,0.9999126195907593,0.5639160871505737,0.44463029503822327,0.284273236989975,0.9993274211883545,0.39616602659225464,0.49063849449157715,-0.2621508538722992,0.9755440354347229,0.4129734933376312,0.4853949248790741,0.4627479314804077,0.40773454308509827,0.3836432695388794,0.43975090980529785,0.1206481009721756,0.873525083065033,0.3844902515411377,0.4399515390396118,0.5383344888687134,0.1792299747467041,0.37511852383613586,0.42665666341781616,0.10824847966432571,0.8265790939331055,0.377951055765152,0.42809319496154785,0.5590075850486755,0.1449427306652069,0.39411184191703796,0.4242503046989441,0.08509697765111923,0.8172962069511414,0.39316457509994507,0.4259148836135864,0.578863799571991,0.13839611411094666,0.40321123600006104,0.42854416370391846,0.11842791736125946,0.7966171503067017,0.40034663677215576,0.43011215329170227,0.5425353646278381,0.13882224261760712,0.7992640137672424,0.5472572445869446,-0.23125140368938446,0.9997849464416504,0.7847949266433716,0.5376415848731995,0.23129548132419586,0.9996553063392639,0.5512200593948364,0.5544471740722656,-0.2974799871444702,0.9734851717948914,0.5535174012184143,0.5493161678314209,0.4214741289615631,0.3144625723361969,0.6321743130683899,0.6682868003845215,-0.2730424106121063,0.979478120803833,0.6156502962112427,0.6455556154251099,0.6045443415641785,0.4552019536495209,0.6706669330596924,0.6849494576454163,-0.26842060685157776,0.9727281928062439,0.6506682634353638,0.6589752435684204,0.6216273307800293,0.5762136578559875,0.5250122547149658,0.6810261607170105,-0.31876200437545776,0.9747514128684998,0.5256989002227783,0.6649710536003113,0.6274306178092957,0.5962913036346436
302,squat,1,0.4460139274597168,0.4198194742202759,-0.07052818685770035,0.9999303221702576,0.44992566108703613,0.40970930457115173,-0.1157432347536087,0.9999587535858154,0.45350196957588196,0.40884342789649963,-0.11561308056116104,0.9999640583992004,0.4572063386440277,0.407911479473114,-0.11571256816387177,0.9999725222587585,0.44633612036705017,0.4102155864238739,-0.05177374556660652,0.9999540448188782,0.4471134841442108,0.4097958505153656,-0.051864128559827805,0.9999446868896484,0.4478575587272644,0.40934479236602783,-0.051856234669685364,0.9999557733535767,0.48804137110710144,0.4063391387462616,-0.21320314705371857,0.9999346137046814,0.47679972648620605,0.40692490339279175,0.07507382333278656,0.99995356798172,0.46489277482032776,0.4268704652786255,-0.1045689806342125,0.9998809099197388,0.4603447914123535,0.4272674322128296,-0.02072681300342083,0.9998948574066162,0.5515275597572327,0.45101672410964966,-0.35331571102142334,0.9999107718467712,0.5639448165893555,0.44598856568336487,0.28375446796417236,0.9993563890457153,0.3963828682899475,0.49080216884613037,-0.27153366804122925,0.974531888961792,0.4130568504333496,0.48682352900505066,0.45498350262641907,0.4084342420101166,0.3836193382740021,0.4425883889198303,0.10913195461034775,0.8660552501678467,0.3845166563987732,0.44311559200286865,0.5312715172767639,0.17890861630439758,0.375044584274292,0.4272426962852478,0.09637249261140823,0.8174149990081787,0.3783171474933624,0.43054264783859253,0.5510885715484619,0.1450745314359665,0.3939192295074463,0.42557990550994873,0.07679837942123413,0.8078548312187195,0.39309847354888916,0.42846131324768066,0.5740846395492554,0.13853460550308228,0.40301960706710815,0.4300822913646698,0.1079953983426094,0.7876234650611877,0.40031129121780396,0.43212780356407166,0.5375339984893799,0.13889330625534058,0.7993915677070618,0.5468047857284546,-0.23076578974723816,0.9997896552085876,0.7863736748695374,0.537696897983551,0.23078858852386475,0.9996688365936279,0.5506117939949036,0.5547699928283691,-0.2898717522621155,0.9727340340614319,0.5535383820533752,0.5493776202201843,0.3986968994140625,0.3013060390949249,0.6304041147232056,0.667833685874939,-0.245140939950943,0.9779618978500366,0.6156715154647827,0.6455520391464233,0.566278338432312,0.441201388835907,0.67066890001297,0.6851571202278137,-0.23841406404972076,0.9709180593490601,0.6507085561752319,0.6593151092529297,0.5815396904945374,0.5662279725074768,0.5253700017929077,0.6810868382453918,-0.27923181653022766,0.9728493094444275,0.5258146524429321,0.6648111939430237,0.5866008400917053,0.5824033617973328
303,squat,1,0.4458002746105194,0.4213385581970215,-0.07724614441394806,0.9999322891235352,0.44981300830841064,0.4111277163028717,-0.12227639555931091,0.9999603629112244,0.4534347355365753,0.41027387976646423,-0.12214776128530502,0.9999654293060303,0.45717042684555054,0.4093518555164337,-0.12224673479795456,0.9999735355377197,0.4460507929325104,0.41164442896842957,-0.058194734156131744,0.9999561905860901,0.4467451572418213,0.41124582290649414,-0.058293651789426804,0.9999472498893738,0.44743046164512634,0.41081705689430237,-0.058276474475860596,0.9999579191207886,0.4874989092350006,0.40836888551712036,-0.22071604430675507,0.9999369978904724,0.47570672631263733,0.4088864326477051,0.06931403279304504,0.9999561309814453,0.46474435925483704,0.4284208416938782,-0.1119208112359047,0.9998844861984253,0.4599795937538147,0.4287695586681366,-0.027764612808823586,0.9999006390571594,0.5517070889472961,0.4532625377178192,-0.3589150905609131,0.9999104142189026,0.5639727711677551,0.4469417333602905,0.2785112261772156,0.9993892908096313,0.3965461254119873,0.4922114610671997,-0.2733956575393677,0.9741905927658081,0.41280096769332886,0.4877350926399231,0.4510137736797333,0.4120197296142578,0.3836931884288788,0.4439900517463684,0.12343081831932068,0.8568088412284851,0.3847261965274811,0.443651020526886,0.5299069285392761,0.17858955264091492,0.3749866187572479,0.42883583903312683,0.11094354093074799,0.8051597476005554,0.3785228729248047,0.4308651089668274,0.5493323802947998,0.14483459293842316,0.39378049969673157,0.42743486166000366,0.09156274795532227,0.795456051826477,0.3931370973587036,0.4289325773715973,0.5707393884658813,0.13839535415172577,0.402829647064209,0.4316577911376953,0.12251085042953491,0.7758033275604248,0.4002896845340729,0.4327743351459503,0.5350894331932068,0.13862204551696777,0.7995425462722778,0.5485546588897705,-0.23083606362342834,0.9997960329055786,0.7863302826881409,0.5383244156837463,0.2308627963066101,0.9996850490570068,0.5505293011665344,0.5551875829696655,-0.29080113768577576,0.9719781875610352,0.5523388981819153,0.5493389368057251,0.4058090150356293,0.2908647060394287,0.6299899220466614,0.6671508550643921,-0.2405754029750824,0.9761006236076355,0.6157003045082092,0.6450681686401367,0.5746400952339172,0.4300757348537445,0.6707265377044678,0.6851813793182373,-0.23311331868171692,0.9684678912162781,0.6502602100372314,0.6591798067092896,0.5899999141693115,0.5582613348960876,0.5259021520614624,0.681126594543457,-0.2726503312587738,0.9705431461334229,0.5258373022079468,0.6640909314155579,0.597916305065155,0.5710907578468323
304,squat,1,0.44551169872283936,0.42307573556900024,-0.07728986442089081,0.9999349117279053,0.4495326280593872,0.41291916370391846,-0.12224991619586945,0.9999622106552124,0.4532380700111389,0.4120594263076782,-0.12211727350950241,0.9999669790267944,0.45703139901161194,0.4111342430114746,-0.12221305072307587,0.9999746680259705,0.44559526443481445,0.4134744107723236,-0.05802270770072937,0.9999585151672363,0.4462364614009857,0.4130977988243103,-0.058117032051086426,0.999950110912323,0.44689294695854187,0.4126952290534973,-0.05809750407934189,0.9999602437019348,0.487120658159256,0.41020962595939636,-0.2202843725681305,0.9999396204948425,0.47479668259620667,0.41095656156539917,0.07004041224718094,0.9999588131904602,0.46461695432662964,0.4303847849369049,-0.11177362501621246,0.9998884201049805,0.4596305191516876,0.4305936098098755,-0.02754361182451248,0.9999064207077026,0.5518501996994019,0.454401433467865,-0.3579675555229187,0.9999098777770996,0.5640038847923279,0.44875624775886536,0.2796986699104309,0.9994199872016907,0.3965546786785126,0.49385470151901245,-0.26885098218917847,0.973937451839447,0.41201311349868774,0.48926663398742676,0.4505704343318939,0.4155322015285492,0.38406580686569214,0.44504961371421814,0.12368032336235046,0.8485153317451477,0.3856346309185028,0.44496840238571167,0.5292922258377075,0.17798016965389252,0.37494808435440063,0.43002620339393616,0.11164790391921997,0.7945032119750977,0.378744900226593,0.43210282921791077,0.5488265752792358,0.1441284716129303,0.39368143677711487,0.4287191927433014,0.0918920561671257,0.7844570875167847,0.3931519389152527,0.4301590919494629,0.5702872276306152,0.13773567974567413,0.4026975929737091,0.4328653812408447,0.12252605706453323,0.7656316161155701,0.40033605694770813,0.4340742826461792,0.5346754193305969,0.13792602717876434,0.7998390197753906,0.5493895411491394,-0.2304907590150833,0.9998034238815308,0.7868086099624634,0.5397506356239319,0.23051069676876068,0.9997009634971619,0.5503696799278259,0.5558512210845947,-0.2914043068885803,0.9715754985809326,0.5516237616539001,0.5493955612182617,0.4018963575363159,0.2816676199436188,0.6302114129066467,0.6672993898391724,-0.24752306938171387,0.9746353626251221,0.6161070466041565,0.645135760307312,0.5635645389556885,0.420937180519104,0.6710786819458008,0.6859239339828491,-0.24074053764343262,0.9667060375213623,0.6504060626029968,0.6595697402954102,0.5781728029251099,0.5516817569732666,0.5258550047874451,0.6811403632164001,-0.2818010151386261,0.968737006187439,0.5255327820777893,0.6639394164085388,0.5830837488174438,0.5618289709091187
305,squat,1,0.4452199935913086,0.42460015416145325,-0.0821695625782013,0.9999377131462097,0.449190616607666,0.4143527150154114,-0.12567773461341858,0.99996417760849,0.4530012905597687,0.4134768843650818,-0.12554466724395752,0.9999686479568481,0.45687422156333923,0.4125443994998932,-0.12563614547252655,0.9999759197235107,0.4449100196361542,0.41502541303634644,-0.06268581002950668,0.9999608993530273,0.44540566205978394,0.4147167205810547,-0.06279055029153824,0.999953031539917,0.44592389464378357,0.41439592838287354,-0.0627676397562027,0.9999626278877258,0.48668619990348816,0.4118731617927551,-0.22084525227546692,0.999942421913147,0.47328218817710876,0.4128071963787079,0.06515098363161087,0.9999614357948303,0.4645482301712036,0.4321351647377014,-0.11546351760625839,0.9998928308486938,0.45923006534576416,0.43216171860694885,-0.032840508967638016,0.9999120235443115,0.5529454350471497,0.4560666084289551,-0.35688403248786926,0.9999085664749146,0.5638803839683533,0.4504256248474121,0.2680712044239044,0.9994436502456665,0.3965563178062439,0.49554482102394104,-0.2641941010951996,0.9732610583305359,0.41101112961769104,0.4910057783126831,0.42823266983032227,0.4169987142086029,0.3840654492378235,0.4462132751941681,0.12698222696781158,0.8411232233047485,0.38581159710884094,0.4458480775356293,0.5117475390434265,0.17568227648735046,0.3747729957103729,0.43103012442588806,0.11579008400440216,0.7856007814407349,0.37874555587768555,0.4330100417137146,0.5304286479949951,0.14222541451454163,0.39345407485961914,0.429880827665329,0.09494588524103165,0.7752108573913574,0.39313068985939026,0.4310058653354645,0.5541879534721375,0.1357422024011612,0.40262454748153687,0.43387195467948914,0.1253751516342163,0.757040798664093,0.40032562613487244,0.4348592162132263,0.5188133716583252,0.1359776109457016,0.8008353114128113,0.5498331189155579,-0.2266409695148468,0.9998100996017456,0.7865630388259888,0.5397621393203735,0.22668346762657166,0.9997138977050781,0.5503884553909302,0.555887758731842,-0.29069381952285767,0.9711117744445801,0.5513342022895813,0.5492535829544067,0.3999442458152771,0.2731741666793823,0.6303256154060364,0.6675413846969604,-0.2532798945903778,0.9733513593673706,0.616129994392395,0.6447792053222656,0.5590466260910034,0.4115026593208313,0.671746551990509,0.6864686608314514,-0.24626648426055908,0.9652065634727478,0.6503320932388306,0.6591026186943054,0.573379635810852,0.5447003841400146,0.5257650017738342,0.6814955472946167,-0.29192987084388733,0.9671538472175598,0.5242637395858765,0.6639275550842285,0.5799486041069031,0.5526548027992249
306,squat,1,0.444913387298584,0.42529669404029846,-0.08333431929349899,0.9999403357505798,0.44876542687416077,0.4147622585296631,-0.1264040619134903,0.9999658465385437,0.4524901211261749,0.413892924785614,-0.12626951932907104,0.9999700784683228,0.45627361536026,0.4130466878414154,-0.12635774910449982,0.9999769926071167,0.4446030855178833,0.4154631197452545,-0.06358209252357483,0.9999629855155945,0.4451320171356201,0.41509976983070374,-0.06368289887905121,0.9999555945396423,0.4456928074359894,0.4147510230541229,-0.06365668028593063,0.999964714050293,0.4856240749359131,0.41218090057373047,-0.22085019946098328,0.9999447464942932,0.47304606437683105,0.4128982722759247,0.06493640691041946,0.9999637603759766,0.46423354744911194,0.4326626658439636,-0.11634664237499237,0.9998966455459595,0.45903345942497253,0.4328211843967438,-0.033892106264829636,0.9999170303344727,0.5545576214790344,0.4561123549938202,-0.3569089472293854,0.9999070763587952,0.563862681388855,0.45146554708480835,0.26753196120262146,0.9994650483131409,0.3965160548686981,0.4962637722492218,-0.2685841917991638,0.9733098149299622,0.4098285138607025,0.492227703332901,0.4222249388694763,0.421200156211853,0.38392534852027893,0.4465544819831848,0.11815372854471207,0.8365901112556458,0.3860430419445038,0.44612932205200195,0.5016995072364807,0.17321890592575073,0.37405887246131897,0.43172311782836914,0.10596251487731934,0.7796429991722107,0.3785853385925293,0.43328535556793213,0.5203098058700562,0.139623761177063,0.3927887976169586,0.4305558204650879,0.08585841953754425,0.7688652276992798,0.39312052726745605,0.43154463171958923,0.5452314019203186,0.13310055434703827,0.4021754562854767,0.4342867136001587,0.11692719906568527,0.7513696551322937,0.4003472328186035,0.43558040261268616,0.5090359449386597,0.13349585235118866,0.8024628162384033,0.5499686002731323,-0.22556690871715546,0.9998142719268799,0.786470353603363,0.5401555895805359,0.2256058156490326,0.9997239112854004,0.5504112839698792,0.5559133887290955,-0.29114365577697754,0.970914900302887,0.5509147644042969,0.5492112636566162,0.39713361859321594,0.2662457525730133,0.6303905248641968,0.6676965355873108,-0.2564324140548706,0.9723160862922668,0.616154670715332,0.6447291970252991,0.5499718189239502,0.4037436246871948,0.6727085709571838,0.6868385076522827,-0.25032612681388855,0.9639867544174194,0.6503720879554749,0.6591654419898987,0.5622721314430237,0.5387505888938904,0.5258216261863708,0.6817492246627808,-0.29527682065963745,0.965840220451355,0.5238168835639954,0.6639288067817688,0.5663540363311768,0.5444987416267395
307,squat,1,0.44447025656700134,0.4249696731567383,-0.09216881543397903,0.9999431371688843,0.4485609829425812,0.41416609287261963,-0.13475799560546875,0.9999676942825317,0.45228803157806396,0.41327598690986633,-0.1346183568239212,0.9999716281890869,0.45609545707702637,0.41245120763778687,-0.13470394909381866,0.9999781250953674,0.4442347586154938,0.41510698199272156,-0.0717080608010292,0.999965250492096,0.44468364119529724,0.4148103892803192,-0.07181060314178467,0.9999583959579468,0.4451731741428375,0.4145357012748718,-0.07177583873271942,0.9999669194221497,0.4854445159435272,0.4118348956108093,-0.226115882396698,0.9999473094940186,0.47265318036079407,0.412670373916626,0.05961836501955986,0.9999661445617676,0.46396011114120483,0.4326455295085907,-0.12423118203878403,0.9999008178710938,0.45843949913978577,0.4328693449497223,-0.04150637611746788,0.9999222159385681,0.5547964572906494,0.45671963691711426,-0.3582533597946167,0.9999055862426758,0.5641205310821533,0.4516144096851349,0.26426026225090027,0.9994891285896301,0.394789457321167,0.4962930381298065,-0.2699933350086212,0.9732823967933655,0.4091653823852539,0.49220946431159973,0.4228415787220001,0.4256730377674103,0.3834579885005951,0.44691339135169983,0.12000852078199387,0.8308387398719788,0.3868556320667267,0.44598931074142456,0.5031184554100037,0.1715461015701294,0.3735225200653076,0.43185093998908997,0.108281709253788,0.7720940113067627,0.3787667155265808,0.4332232177257538,0.5211199522018433,0.13763734698295593,0.39229676127433777,0.43062224984169006,0.08831185102462769,0.7608569264411926,0.3935714364051819,0.4312833845615387,0.5502535700798035,0.13094058632850647,0.4017367959022522,0.43463805317878723,0.11860688775777817,0.7440099716186523,0.4016592502593994,0.43503111600875854,0.5109041333198547,0.131333589553833,0.8030334115028381,0.5505155324935913,-0.2251967042684555,0.9998204708099365,0.786582350730896,0.5401299595832825,0.22525189816951752,0.9997357726097107,0.5504254102706909,0.555880606174469,-0.28874829411506653,0.9710659980773926,0.5508946180343628,0.5489025712013245,0.39883697032928467,0.2613059878349304,0.6305282711982727,0.6686200499534607,-0.25736892223358154,0.9718653559684753,0.6161401867866516,0.6448861360549927,0.5514044761657715,0.3993939161300659,0.6728818416595459,0.6873864531517029,-0.2518644630908966,0.9634025692939758,0.6496482491493225,0.6593456268310547,0.5645081400871277,0.5349512696266174,0.5254665017127991,0.6819965839385986,-0.2978949546813965,0.9652909636497498,0.5225571990013123,0.6639716029167175,0.5668204426765442,0.5395930409431458
308,squat,1,0.4444598853588104,0.42406508326530457,-0.10030075162649155,0.999946117401123,0.4485724866390228,0.41317853331565857,-0.14216408133506775,0.9999695420265198,0.452274352312088,0.412344753742218,-0.14202375710010529,0.9999732375144958,0.45604121685028076,0.41158929467201233,-0.14210233092308044,0.9999793171882629,0.4442550539970398,0.41403090953826904,-0.07939587533473969,0.9999675154685974,0.4446973502635956,0.41372859477996826,-0.07949243485927582,0.9999611377716064,0.4451768100261688,0.4134258031845093,-0.07945295423269272,0.9999690651893616,0.48523351550102234,0.4111100137233734,-0.229207381606102,0.9999499917030334,0.47240549325942993,0.4116915762424469,0.054737966507673264,0.9999684691429138,0.4639224708080292,0.431982159614563,-0.13078077137470245,0.9999051690101624,0.4581963121891022,0.4320559501647949,-0.048454251140356064,0.9999271631240845,0.555493950843811,0.4562239646911621,-0.36069250106811523,0.9999054074287415,0.5641301870346069,0.45113834738731384,0.25866466760635376,0.9995135068893433,0.39344388246536255,0.49519261717796326,-0.272255003452301,0.9736996293067932,0.4089387357234955,0.4908287227153778,0.4164050817489624,0.4317462146282196,0.3827892541885376,0.44560694694519043,0.11695302277803421,0.8290899991989136,0.38822704553604126,0.4442831575870514,0.5049951076507568,0.17065021395683289,0.37305769324302673,0.431235134601593,0.10532555729150772,0.7691164016723633,0.3789971172809601,0.4320233464241028,0.5236235857009888,0.13606128096580505,0.3919879198074341,0.4297370910644531,0.08436065912246704,0.7575346231460571,0.39435240626335144,0.42992815375328064,0.5506687760353088,0.12910149991512299,0.4015078842639923,0.43375128507614136,0.11467871069908142,0.7410719990730286,0.4031793475151062,0.43354499340057373,0.5123026371002197,0.1295916736125946,0.8043444752693176,0.5499753952026367,-0.22434288263320923,0.9998274445533752,0.7862491011619568,0.5394943952560425,0.22440555691719055,0.9997478723526001,0.550459086894989,0.5558667778968811,-0.2861558496952057,0.9710269570350647,0.5508906841278076,0.5482892990112305,0.3974173069000244,0.25724631547927856,0.630795955657959,0.6692721247673035,-0.25882890820503235,0.9715553522109985,0.6160702705383301,0.644765317440033,0.5388462543487549,0.3940872251987457,0.6734226942062378,0.6876309514045715,-0.2535480260848999,0.9630241990089417,0.6504964828491211,0.6551088690757751,0.5504431128501892,0.530139148235321,0.5254667401313782,0.683048665523529,-0.2999919056892395,0.9649098515510559,0.5223780870437622,0.6639851927757263,0.5543738603591919,0.5336642265319824
309,squat,1,0.44444718956947327,0.4229191541671753,-0.10089918226003647,0.9999489188194275,0.4486355483531952,0.4120120108127594,-0.1423265039920807,0.9999712705612183,0.45231783390045166,0.41115233302116394,-0.1421857625246048,0.9999747276306152,0.4560716152191162,0.41034772992134094,-0.14226625859737396,0.9999804496765137,0.4442726671695709,0.41293805837631226,-0.07957760244607925,0.9999697208404541,0.44468164443969727,0.41267988085746765,-0.07967212796211243,0.9999637603759766,0.445072203874588,0.41240981221199036,-0.0796300396323204,0.9999712109565735,0.48517194390296936,0.409758985042572,-0.2290424257516861,0.9999524354934692,0.4721100926399231,0.41048872470855713,0.055867619812488556,0.9999706745147705,0.4638436734676361,0.43068790435791016,-0.13057874143123627,0.9999092817306519,0.45749327540397644,0.4309071898460388,-0.048279862850904465,0.9999318718910217,0.5558335185050964,0.45489442348480225,-0.35927876830101013,0.9999042749404907,0.5645598769187927,0.449958473443985,0.26152703166007996,0.9995355606079102,0.39210718870162964,0.494458943605423,-0.26787129044532776,0.9737921953201294,0.4087929129600525,0.4900326430797577,0.42016494274139404,0.43670013546943665,0.38249337673187256,0.4448417127132416,0.13343875110149384,0.8209158778190613,0.38970547914505005,0.4433586597442627,0.5110461115837097,0.1677004098892212,0.3726821541786194,0.4308091402053833,0.12607380747795105,0.7581567764282227,0.37931129336357117,0.43134772777557373,0.5327910780906677,0.13294929265975952,0.3918743133544922,0.429111510515213,0.1063474714756012,0.7459993362426758,0.3952450156211853,0.4290930926799774,0.5636333227157593,0.12583626806735992,0.40146997570991516,0.43318769335746765,0.13241808116436005,0.7303645610809326,0.40471285581588745,0.43269649147987366,0.5214035511016846,0.12637245655059814,0.8051215410232544,0.5491868853569031,-0.22339272499084473,0.9998342990875244,0.7861729264259338,0.5389178395271301,0.22346101701259613,0.9997588992118835,0.5504707098007202,0.5557971596717834,-0.2843761146068573,0.9709987044334412,0.5508963465690613,0.5479812622070312,0.39668402075767517,0.25314784049987793,0.6313982009887695,0.6695864200592041,-0.26045215129852295,0.9713488817214966,0.6160843372344971,0.6441790461540222,0.5413259267807007,0.3883568346500397,0.6743082404136658,0.6876575946807861,-0.2563706040382385,0.962824285030365,0.6527070999145508,0.6525928378105164,0.5536008477210999,0.5249491930007935,0.5254942178726196,0.683598518371582,-0.3003677725791931,0.9646369814872742,0.5223246216773987,0.6640248894691467,0.5620399117469788,0.5271531343460083
310,squat,1,0.44443824887275696,0.42213332653045654,-0.09864785522222519,0.9999510645866394,0.448653906583786,0.4112541675567627,-0.1404387354850769,0.9999727010726929,0.452322393655777,0.41039708256721497,-0.1403079777956009,0.9999759793281555,0.4560309946537018,0.4095795154571533,-0.14039449393749237,0.9999814033508301,0.44457361102104187,0.4121530055999756,-0.07862605154514313,0.9999715089797974,0.4451272487640381,0.41191646456718445,-0.07872427999973297,0.9999659061431885,0.44573354721069336,0.4117116630077362,-0.07868195325136185,0.999972939491272,0.4850017726421356,0.4089108407497406,-0.22735513746738434,0.9999545216560364,0.4728620946407318,0.4099474251270294,0.05662505328655243,0.9999725222587585,0.4635939300060272,0.42980605363845825,-0.12844084203243256,0.9999130368232727,0.45748910307884216,0.4300296902656555,-0.04735409468412399,0.9999358057975769,0.5579273700714111,0.45420607924461365,-0.35852310061454773,0.9999053478240967,0.5645871758460999,0.449227899312973,0.2618921995162964,0.999557375907898,0.39215031266212463,0.49385130405426025,-0.26405179500579834,0.9740360379219055,0.4088398814201355,0.4898715019226074,0.4156353175640106,0.44373634457588196,0.3824305534362793,0.4449380338191986,0.1359681338071823,0.8152297139167786,0.3896898627281189,0.44395050406455994,0.49750179052352905,0.1659412682056427,0.3726733922958374,0.43068352341651917,0.12732891738414764,0.7505725026130676,0.3791825473308563,0.43169358372688293,0.5181475877761841,0.13099908828735352,0.3918294906616211,0.4287962019443512,0.10729564726352692,0.7380645275115967,0.39521363377571106,0.4291767179965973,0.545721709728241,0.12378326058387756,0.4014189541339874,0.43284785747528076,0.13491664826869965,0.7233123183250427,0.40468302369117737,0.4326748251914978,0.5066903829574585,0.12430006265640259,0.8063631653785706,0.5486859083175659,-0.22292090952396393,0.9998413324356079,0.7857198119163513,0.5385697484016418,0.22299934923648834,0.9997699856758118,0.5504796504974365,0.555604100227356,-0.28517618775367737,0.9710002541542053,0.5506727695465088,0.5474309921264648,0.3983919620513916,0.24827785789966583,0.6319577693939209,0.6697626113891602,-0.26236286759376526,0.9712729454040527,0.6160946488380432,0.6432147026062012,0.5464088916778564,0.3831193447113037,0.6748891472816467,0.6876707673072815,-0.2588029205799103,0.9627566933631897,0.6550434231758118,0.6510308980941772,0.5591216683387756,0.5205451846122742,0.5255025625228882,0.6838288307189941,-0.30393511056900024,0.96445232629776,0.5222636461257935,0.6640075445175171,0.5660275816917419,0.5215438604354858
311,squat,1,0.4444427192211151,0.42062151432037354,-0.09417146444320679,0.9999538064002991,0.4488958418369293,0.40920206904411316,-0.13527540862560272,0.9999743700027466,0.45251548290252686,0.4085436165332794,-0.13515605032444,0.9999774098396301,0.45620352029800415,0.4077981412410736,-0.1352434605360031,0.999982476234436,0.44502073526382446,0.40961936116218567,-0.07396185398101807,0.9999734163284302,0.44566354155540466,0.40927842259407043,-0.0740501806139946,0.9999682307243347,0.44642287492752075,0.4088847041130066,-0.07401048392057419,0.99997478723526,0.4850401282310486,0.4078364968299866,-0.21850983798503876,0.9999569654464722,0.47383081912994385,0.4079378843307495,0.06115550547838211,0.9999744296073914,0.4632174074649811,0.42863956093788147,-0.12309224158525467,0.9999176263809204,0.45734232664108276,0.42894911766052246,-0.042775899171829224,0.9999399781227112,0.5619800686836243,0.4516213536262512,-0.3528716266155243,0.9999076128005981,0.5644223690032959,0.44875261187553406,0.2630693018436432,0.999579906463623,0.39219045639038086,0.49331265687942505,-0.2634115517139435,0.9746807217597961,0.407803475856781,0.4893913269042969,0.4055299162864685,0.45120152831077576,0.38229086995124817,0.4444187581539154,0.13510847091674805,0.815248966217041,0.3897072374820709,0.44351640343666077,0.4740961790084839,0.1650024801492691,0.37240469455718994,0.4301477074623108,0.12430712580680847,0.7499611377716064,0.37886762619018555,0.43140721321105957,0.4923849105834961,0.12941224873065948,0.39143115282058716,0.4281705915927887,0.10482131689786911,0.7371717691421509,0.39504703879356384,0.42877137660980225,0.5188572406768799,0.12209565937519073,0.4013819396495819,0.43224284052848816,0.13418975472450256,0.7230474352836609,0.40464842319488525,0.4322740137577057,0.4822772443294525,0.12275050580501556,0.8077574968338013,0.548477292060852,-0.22079449892044067,0.9998492002487183,0.7845344543457031,0.5383816957473755,0.22087638080120087,0.9997815489768982,0.5505802631378174,0.5554457902908325,-0.28554096817970276,0.9711370468139648,0.5485056638717651,0.5472302436828613,0.3898988962173462,0.24329738318920135,0.632363498210907,0.6697447299957275,-0.2677471339702606,0.9713630080223083,0.6160575747489929,0.64262855052948,0.5275310277938843,0.3765615224838257,0.6752013564109802,0.6875452399253845,-0.2649177610874176,0.962938129901886,0.6557568907737732,0.649943470954895,0.5391358733177185,0.5145273208618164,0.5255048274993896,0.6839461922645569,-0.30906569957733154,0.9644281268119812,0.522163450717926,0.6640032529830933,0.547613263130188,0.5144606232643127
312,squat,1,0.4444466233253479,0.4188600182533264,-0.09351266920566559,0.9999560713768005,0.4490374028682709,0.4071204960346222,-0.1340920478105545,0.9999757409095764,0.4526221752166748,0.4065817892551422,-0.13397686183452606,0.9999786019325256,0.45628803968429565,0.4059228301048279,-0.1340683400630951,0.9999833703041077,0.4453854262828827,0.4071398079395294,-0.07322689145803452,0.9999750256538391,0.44614607095718384,0.40667644143104553,-0.07331129908561707,0.9999701976776123,0.447081595659256,0.40617018938064575,-0.07326865941286087,0.999976396560669,0.48504674434661865,0.4059627056121826,-0.21546398103237152,0.9999589920043945,0.47445347905158997,0.4058539569377899,0.06208273395895958,0.9999760985374451,0.46290990710258484,0.42703819274902344,-0.121730275452137,0.9999212622642517,0.4573341906070709,0.42714178562164307,-0.04199554771184921,0.9999434947967529,0.5630004405975342,0.44944480061531067,-0.3489813804626465,0.9999088644981384,0.5643709897994995,0.44816380739212036,0.2637292444705963,0.9995978474617004,0.3922209143638611,0.4926469027996063,-0.2578977644443512,0.9752363562583923,0.4074670970439911,0.48935404419898987,0.4002484083175659,0.4588850736618042,0.38121676445007324,0.44428983330726624,0.13569454848766327,0.8142334222793579,0.389143705368042,0.44346877932548523,0.4604581296443939,0.1645796149969101,0.3715672791004181,0.4298468232154846,0.12690825760364532,0.7478399276733398,0.37780046463012695,0.4311336278915405,0.4772055745124817,0.1282753050327301,0.39039894938468933,0.4280141294002533,0.10775838047266006,0.734769880771637,0.3940546214580536,0.42860692739486694,0.5035990476608276,0.12082179635763168,0.400913268327713,0.4320829510688782,0.1350465714931488,0.7212747931480408,0.40424641966819763,0.43220144510269165,0.46828627586364746,0.1215154230594635,0.8081510066986084,0.547572910785675,-0.21896424889564514,0.9998548626899719,0.783865749835968,0.5377562642097473,0.21905331313610077,0.9997900724411011,0.5506075024604797,0.5552637577056885,-0.2825022339820862,0.9714150428771973,0.5472750067710876,0.5471435785293579,0.38071414828300476,0.2398466020822525,0.632453978061676,0.669731855392456,-0.26599249243736267,0.9715743660926819,0.6157358884811401,0.6421800851821899,0.5168598294258118,0.37159568071365356,0.6751970052719116,0.6872614026069641,-0.26311254501342773,0.9631398320198059,0.6515387296676636,0.6511846780776978,0.5285590291023254,0.5099620819091797,0.5253579020500183,0.6840450763702393,-0.3052254617214203,0.9644673466682434,0.5214213728904724,0.6640139818191528,0.5388987064361572,0.5090296864509583
313,squat,1,0.4443148076534271,0.41493818163871765,-0.08177922666072845,0.9999580383300781,0.44904401898384094,0.4029534161090851,-0.12215789407491684,0.9999769926071167,0.45261573791503906,0.4023956060409546,-0.1220424547791481,0.9999796748161316,0.456266313791275,0.4018324911594391,-0.12213905900716782,0.9999842047691345,0.4454052150249481,0.40313243865966797,-0.0612538680434227,0.9999764561653137,0.4462062120437622,0.40269792079925537,-0.061311911791563034,0.9999719262123108,0.4472023546695709,0.4022164046764374,-0.06126408278942108,0.9999778270721436,0.4850321412086487,0.40209800004959106,-0.2010946422815323,0.9999607801437378,0.4745592176914215,0.40246105194091797,0.07487327605485916,0.9999775886535645,0.46250081062316895,0.42327022552490234,-0.10948526859283447,0.9999245405197144,0.45723915100097656,0.4233720898628235,-0.02972765453159809,0.9999465942382812,0.5637578368186951,0.44523346424102783,-0.33978819847106934,0.9999107122421265,0.5633072257041931,0.4477013349533081,0.2754201889038086,0.9996128082275391,0.393897145986557,0.48961448669433594,-0.2576349079608917,0.9760603904724121,0.4075062572956085,0.48875460028648376,0.401742160320282,0.46443742513656616,0.38071709871292114,0.4436210095882416,0.13222147524356842,0.8123348951339722,0.38827913999557495,0.4431602656841278,0.47116461396217346,0.16181376576423645,0.3708285093307495,0.4291485846042633,0.12479308992624283,0.7438561320304871,0.3766308128833771,0.43096956610679626,0.4892617166042328,0.12516312301158905,0.3893376290798187,0.42691510915756226,0.10679109394550323,0.7304160594940186,0.3930538296699524,0.428533136844635,0.5153650045394897,0.1178366169333458,0.40035831928253174,0.4313504695892334,0.13198019564151764,0.7176477909088135,0.4038028419017792,0.4320167899131775,0.4789016842842102,0.11873966455459595,0.8082164525985718,0.5445749163627625,-0.21891921758651733,0.9998595714569092,0.7837038636207581,0.5364903211593628,0.21900571882724762,0.9997974038124084,0.5511318445205688,0.5548238158226013,-0.280850887298584,0.9720182418823242,0.5468177795410156,0.5471372604370117,0.3646547794342041,0.2372690737247467,0.6325079202651978,0.6696767210960388,-0.2639753222465515,0.9721357822418213,0.6156229376792908,0.6422182321548462,0.4951973259449005,0.3681456744670868,0.6750654578208923,0.6869562864303589,-0.260529488325119,0.9637447595596313,0.6500394940376282,0.6535657644271851,0.5063194036483765,0.5060235261917114,0.5253499746322632,0.6842710971832275,-0.3020974397659302,0.9650126695632935,0.5212334990501404,0.6642835140228271,0.5130332112312317,0.5044925808906555
314,squat,1,0.4455130100250244,0.4070606231689453,-0.06317348033189774,0.9999598264694214,0.4496493637561798,0.3958504796028137,-0.10089424252510071,0.9999780058860779,0.45309188961982727,0.39516374468803406,-0.10077469795942307,0.9999804496765137,0.4567100703716278,0.39431366324424744,-0.10084895044565201,0.9999849200248718,0.4463244080543518,0.3965255618095398,-0.042536672204732895,0.999977707862854,0.44717681407928467,0.39632004499435425,-0.042590267956256866,0.9999733567237854,0.4481586217880249,0.3959771692752838,-0.04255692660808563,0.9999791383743286,0.48551496863365173,0.39436259865760803,-0.17165572941303253,0.9999616742134094,0.47489410638809204,0.39574897289276123,0.09115682542324066,0.9999788403511047,0.463748961687088,0.41525542736053467,-0.08893188834190369,0.9999268651008606,0.45873787999153137,0.4156360626220703,-0.012598183937370777,0.9999490976333618,0.5647091865539551,0.43695029616355896,-0.30734869837760925,0.9999101161956787,0.5635412335395813,0.44114458560943604,0.28737935423851013,0.9996194839477539,0.3975827693939209,0.4831921458244324,-0.24170616269111633,0.9765914082527161,0.4118845760822296,0.4836937487125397,0.40527379512786865,0.47407910227775574,0.38055792450904846,0.43768778443336487,0.13087649643421173,0.8121228814125061,0.38758188486099243,0.4411526918411255,0.45434045791625977,0.162684366106987,0.3697938024997711,0.4245612323284149,0.12607397139072418,0.7424030900001526,0.37438085675239563,0.42829662561416626,0.4655146598815918,0.12434566020965576,0.38739505410194397,0.42218565940856934,0.10635822266340256,0.7282798290252686,0.3909229040145874,0.4256420135498047,0.4983299970626831,0.11683940887451172,0.3993956446647644,0.4262411594390869,0.13019420206546783,0.7166195511817932,0.40260082483291626,0.42932048439979553,0.463225394487381,0.11781686544418335,0.8082695603370667,0.5364856123924255,-0.21236206591129303,0.9998631477355957,0.7848588824272156,0.5308964848518372,0.21241196990013123,0.9998009204864502,0.553139865398407,0.55411297082901,-0.28078070282936096,0.972929835319519,0.547916054725647,0.547065019607544,0.33904504776000977,0.23935946822166443,0.6325451731681824,0.6695688962936401,-0.2838037610054016,0.9730890393257141,0.615671694278717,0.6424139738082886,0.44454425573349,0.3685617446899414,0.6750605702400208,0.686862587928772,-0.28258976340293884,0.9649162888526917,0.6497264504432678,0.6563594341278076,0.4525083899497986,0.5036255717277527,0.5255517363548279,0.6844024062156677,-0.33248668909072876,0.9662018418312073,0.521583616733551,0.6643426418304443,0.44774723052978516,0.504669725894928
315,squat,1,0.4455007314682007,0.4061363935470581,-0.06729408353567123,0.9999611377716064,0.4495891034603119,0.39449822902679443,-0.10636598616838455,0.9999787211418152,0.4529438018798828,0.39374130964279175,-0.1062462106347084,0.9999809861183167,0.4564337134361267,0.39292240142822266,-0.10632593184709549,0.9999854564666748,0.44635432958602905,0.39506796002388,-0.04687071591615677,0.9999786615371704,0.4472803771495819,0.3946956396102905,-0.046932999044656754,0.9999744296073914,0.4483521282672882,0.3942229449748993,-0.0468975268304348,0.999980092048645,0.48535534739494324,0.39249974489212036,-0.17983567714691162,0.9999624490737915,0.47499552369117737,0.3935317397117615,0.09059827029705048,0.9999798536300659,0.46374303102493286,0.4140358567237854,-0.09375414252281189,0.9999290108680725,0.45901086926460266,0.41412535309791565,-0.016504207625985146,0.9999510645866394,0.5652638673782349,0.4346085488796234,-0.3148522675037384,0.9999112486839294,0.5632681846618652,0.4389404356479645,0.280186265707016,0.999627947807312,0.39992985129356384,0.48139631748199463,-0.24495016038417816,0.977418839931488,0.41293865442276,0.4817299544811249,0.380864679813385,0.4833577573299408,0.3796379566192627,0.43723389506340027,0.12965010106563568,0.8138747811317444,0.3864014446735382,0.4404597282409668,0.40603289008140564,0.16343720257282257,0.3681230843067169,0.42389315366744995,0.1244235634803772,0.7429779767990112,0.37186768651008606,0.42750415205955505,0.41418084502220154,0.12389803677797318,0.38539671897888184,0.4213402271270752,0.10527314245700836,0.7287458181381226,0.3883833587169647,0.42434749007225037,0.44271019101142883,0.11625228822231293,0.39796486496925354,0.4253588914871216,0.1290358155965805,0.7179457545280457,0.40072008967399597,0.42808640003204346,0.4129716455936432,0.11728217452764511,0.8083620667457581,0.5344825387001038,-0.2099083513021469,0.9998659491539001,0.7842989563941956,0.528445839881897,0.20996667444705963,0.9998041987419128,0.5555618405342102,0.5539854764938354,-0.27514520287513733,0.9737070798873901,0.5478233098983765,0.5469780564308167,0.3275830149650574,0.2408711463212967,0.6325830221176147,0.6691543459892273,-0.27468588948249817,0.9739264845848083,0.6158237457275391,0.6425945162773132,0.44210296869277954,0.3692680299282074,0.6749880313873291,0.6868141889572144,-0.273047536611557,0.9658925533294678,0.6497323513031006,0.6576693654060364,0.4513223171234131,0.5034264326095581,0.5259259343147278,0.6843668222427368,-0.31273791193962097,0.9670963883399963,0.5222108960151672,0.6644114851951599,0.45525091886520386,0.5044171214103699
316,squat,1,0.4474957585334778,0.39642050862312317,-0.060861628502607346,0.9999627470970154,0.451177179813385,0.38557544350624084,-0.09895994514226913,0.999979555606842,0.45457425713539124,0.3848400413990021,-0.09884132444858551,0.999981701374054,0.45801788568496704,0.3840905427932739,-0.09891377389431,0.9999860525131226,0.4480361044406891,0.38644152879714966,-0.04022208973765373,0.9999796152114868,0.4489946663379669,0.38626834750175476,-0.040280215442180634,0.9999756217002869,0.44999879598617554,0.38594451546669006,-0.040244437754154205,0.9999811053276062,0.4871314764022827,0.3840780556201935,-0.1707739233970642,0.9999633431434631,0.4762512445449829,0.38524678349494934,0.094045490026474,0.9999808073043823,0.4657728672027588,0.40449240803718567,-0.08688022196292877,0.9999308586120605,0.46080005168914795,0.40504422783851624,-0.01028125174343586,0.9999527335166931,0.5657114386558533,0.42783448100090027,-0.3087838590145111,0.9999107122421265,0.5646417140960693,0.4321373701095581,0.2878347635269165,0.9996241331100464,0.4054160416126251,0.47562941908836365,-0.24234327673912048,0.9779481887817383,0.42154890298843384,0.47644785046577454,0.3898891508579254,0.48854783177375793,0.37848183512687683,0.43109938502311707,0.12839184701442719,0.8169696927070618,0.3861512541770935,0.43563562631607056,0.4231872856616974,0.16404345631599426,0.3656896650791168,0.4188104271888733,0.12333453446626663,0.7461275458335876,0.36973923444747925,0.42237311601638794,0.4325965642929077,0.12341881543397903,0.38195061683654785,0.41603708267211914,0.10452751815319061,0.7315932512283325,0.386058509349823,0.4189334511756897,0.4625762104988098,0.11557573825120926,0.3940081000328064,0.4195990562438965,0.12770892679691315,0.7212855219841003,0.3994615972042084,0.4229245185852051,0.4305133819580078,0.11657548695802689,0.8083465695381165,0.5284719467163086,-0.20906682312488556,0.9998663663864136,0.7854546308517456,0.5225136876106262,0.20915910601615906,0.9998030662536621,0.5567953586578369,0.5531184077262878,-0.27733081579208374,0.9744547605514526,0.5505920648574829,0.5467906594276428,0.31713202595710754,0.24473074078559875,0.6326361298561096,0.6683331727981567,-0.28916284441947937,0.9746090769767761,0.6166369318962097,0.6426317095756531,0.42443788051605225,0.3707681894302368,0.674981951713562,0.6865106821060181,-0.28794148564338684,0.9666829705238342,0.6497676968574524,0.6578846573829651,0.433046817779541,0.5026037096977234,0.5266717076301575,0.683638334274292,-0.3346089720726013,0.9678618907928467,0.5237579941749573,0.6640871167182922,0.43060702085494995,0.5052217841148376
317,squat,1,0.4528583288192749,0.38676735758781433,-0.06265659630298615,0.9999627470970154,0.45455098152160645,0.3752739727497101,-0.10112302005290985,0.9999794960021973,0.45785945653915405,0.37456825375556946,-0.10100574046373367,0.9999815821647644,0.46147260069847107,0.373691588640213,-0.10108280926942825,0.9999860525131226,0.45159196853637695,0.37585559487342834,-0.04166991636157036,0.9999796152114868,0.45244842767715454,0.3755553364753723,-0.04173333942890167,0.9999756217002869,0.45334288477897644,0.37516269087791443,-0.04169773310422897,0.9999813437461853,0.4914183020591736,0.3728860914707184,-0.17425702512264252,0.9999626874923706,0.48064693808555603,0.37317949533462524,0.09347217530012131,0.9999808669090271,0.4713347256183624,0.39426517486572266,-0.08890920132398605,0.9999294877052307,0.4662489891052246,0.39487096667289734,-0.011317155323922634,0.9999518990516663,0.564942479133606,0.41911402344703674,-0.31543031334877014,0.999907910823822,0.5649338364601135,0.42338913679122925,0.2928636372089386,0.999607264995575,0.4130382835865021,0.46794599294662476,-0.25073620676994324,0.9785122871398926,0.4298921823501587,0.46868300437927246,0.391682893037796,0.4919973909854889,0.3754664659500122,0.4247431457042694,0.11123238503932953,0.8212472200393677,0.3848569095134735,0.42987048625946045,0.4007800817489624,0.16567938029766083,0.3599942624568939,0.4136461317539215,0.10427946597337723,0.7505178451538086,0.36471283435821533,0.4168047308921814,0.40664026141166687,0.12402421236038208,0.37515032291412354,0.41071707010269165,0.08762107789516449,0.7358551621437073,0.38039809465408325,0.4129366874694824,0.43147045373916626,0.11600952595472336,0.3865986764431,0.41396111249923706,0.1116425096988678,0.725563645362854,0.3934355676174164,0.41593772172927856,0.4048178791999817,0.11691934615373611,0.8076963424682617,0.5201470851898193,-0.20950880646705627,0.9998603463172913,0.7854203581809998,0.5145935416221619,0.20955389738082886,0.9997941851615906,0.5588587522506714,0.552712082862854,-0.28377190232276917,0.9748743176460266,0.551455020904541,0.5467531681060791,0.29118454456329346,0.25036925077438354,0.6326678991317749,0.6677218079566956,-0.2876414656639099,0.9748654961585999,0.6171380281448364,0.6437506675720215,0.38863834738731384,0.3712792694568634,0.6746877431869507,0.6862449645996094,-0.28540194034576416,0.9669222235679626,0.6497974395751953,0.6594544649124146,0.3965754508972168,0.5008891224861145,0.5269742012023926,0.6835789084434509,-0.33363351225852966,0.9680503606796265,0.5239083766937256,0.664056122303009,0.3874095380306244,0.5038827061653137
318,squat,1,0.4545464515686035,0.38330867886543274,-0.0625045970082283,0.9999610781669617,0.4564153850078583,0.37206557393074036,-0.10243557393550873,0.9999786019325256,0.4597305357456207,0.37120312452316284,-0.1023210883140564,0.9999807476997375,0.4632679522037506,0.37037748098373413,-0.10239939391613007,0.9999855160713196,0.453283429145813,0.3729643225669861,-0.0419926680624485,0.9999786019325256,0.45403337478637695,0.37277951836586,-0.042051639407873154,0.9999744296073914,0.4548560380935669,0.3724689483642578,-0.04201671853661537,0.9999807476997375,0.4920303523540497,0.37042510509490967,-0.1780133843421936,0.9999611377716064,0.48138427734375,0.3719446063041687,0.0936657190322876,0.9999799132347107,0.47260451316833496,0.39120906591415405,-0.08936204016208649,0.999927282333374,0.46775323152542114,0.3918088376522064,-0.010378081351518631,0.9999497532844543,0.564883291721344,0.41659796237945557,-0.3192666172981262,0.999907910823822,0.5664020776748657,0.420077383518219,0.2985530197620392,0.999596893787384,0.4135635495185852,0.4671066701412201,-0.2585378885269165,0.9792971014976501,0.4339308440685272,0.4666753113269806,0.36875247955322266,0.4951126277446747,0.3740956485271454,0.424836128950119,0.1212756484746933,0.8233875632286072,0.3825324773788452,0.4293595552444458,0.29297375679016113,0.16769316792488098,0.3574121594429016,0.4127172827720642,0.11535096168518066,0.7512534260749817,0.3625507354736328,0.4167935252189636,0.2916981279850006,0.12586157023906708,0.3734770119190216,0.40991511940956116,0.10125268250703812,0.7366397380828857,0.3773241341114044,0.4127531051635742,0.3087632358074188,0.11789002269506454,0.38544613122940063,0.4133361876010895,0.12368688732385635,0.7267097234725952,0.39072033762931824,0.41601383686065674,0.29203832149505615,0.11858084797859192,0.807576596736908,0.5171118378639221,-0.21271808445453644,0.9998506307601929,0.7854015231132507,0.5117985010147095,0.21285800635814667,0.9997812509536743,0.5592033267021179,0.5520830154418945,-0.29523491859436035,0.9754998087882996,0.5515463352203369,0.5467546582221985,0.28291162848472595,0.2569620907306671,0.6323050260543823,0.6671653985977173,-0.2912164330482483,0.9755547642707825,0.6171383857727051,0.6447187066078186,0.373383492231369,0.3765105605125427,0.6729673743247986,0.6857720017433167,-0.28823235630989075,0.9676930904388428,0.6496315002441406,0.6613264083862305,0.38041171431541443,0.5047224760055542,0.5270036458969116,0.6835079193115234,-0.3329046666622162,0.9687493443489075,0.5251994132995605,0.6651857495307922,0.3754046857357025,0.5073015689849854
319,squat,1,0.45635831356048584,0.37740838527679443,-0.06315399706363678,0.9999574422836304,0.4582979381084442,0.3661528527736664,-0.10289217531681061,0.9999765753746033,0.4616325795650482,0.3652861416339874,-0.1027715876698494,0.9999788403511047,0.4651508331298828,0.3644951283931732,-0.10285542160272598,0.9999841451644897,0.45498719811439514,0.3671315312385559,-0.04321630671620369,0.9999762177467346,0.45570266246795654,0.36694902181625366,-0.043278273195028305,0.9999715685844421,0.4565151631832123,0.3666216731071472,-0.04324125498533249,0.9999789595603943,0.49342769384384155,0.3646485209465027,-0.18054334819316864,0.9999575018882751,0.48274168372154236,0.3661143183708191,0.09321656823158264,0.9999777674674988,0.4740779995918274,0.38523778319358826,-0.09091046452522278,0.9999209642410278,0.46910789608955383,0.3858826756477356,-0.01197858713567257,0.9999446272850037,0.5650913715362549,0.41039061546325684,-0.33486655354499817,0.9999067187309265,0.5664036273956299,0.41603901982307434,0.3050878345966339,0.9995787143707275,0.41556811332702637,0.46349838376045227,-0.28678861260414124,0.9800083637237549,0.43438106775283813,0.46342575550079346,0.3609369397163391,0.49704709649086,0.3725663125514984,0.42194443941116333,0.09994281083345413,0.8273346424102783,0.379720002412796,0.42663490772247314,0.26198092103004456,0.17094667255878448,0.35288718342781067,0.4105101525783539,0.09067347645759583,0.7547677159309387,0.35814639925956726,0.4146836996078491,0.258701354265213,0.12904588878154755,0.3698519468307495,0.4071076512336731,0.07939986884593964,0.7403108477592468,0.3727995753288269,0.4105989634990692,0.2725416123867035,0.12117809057235718,0.38262611627578735,0.41027215123176575,0.1034284383058548,0.7304629683494568,0.3866703510284424,0.41361016035079956,0.25885382294654846,0.12178552895784378,0.8066610097885132,0.5125430822372437,-0.2194661647081375,0.9998345971107483,0.7846009135246277,0.5081061720848083,0.2196606993675232,0.9997611045837402,0.5590776205062866,0.5512790679931641,-0.2976585626602173,0.9755557775497437,0.5506989359855652,0.5467533469200134,0.26690736413002014,0.26042279601097107,0.6317229866981506,0.6658169627189636,-0.27986469864845276,0.9757380485534668,0.6170164346694946,0.645347535610199,0.35784757137298584,0.37755221128463745,0.6721421480178833,0.6843289732933044,-0.2738078534603119,0.9679425954818726,0.6496333479881287,0.6616501808166504,0.3649005889892578,0.5057883262634277,0.5270630717277527,0.6835041642189026,-0.309356153011322,0.9687868356704712,0.5262135863304138,0.6670507192611694,0.3587000072002411,0.5064201951026917
320,squat,1,0.45804551243782043,0.36564916372299194,-0.04991607367992401,0.9999555945396423,0.45958471298217773,0.35360175371170044,-0.09058195352554321,0.9999752044677734,0.46286410093307495,0.3528072237968445,-0.09048126637935638,0.9999775290489197,0.46640846133232117,0.35189327597618103,-0.09056055545806885,0.9999833106994629,0.45678573846817017,0.3541370630264282,-0.028181584551930428,0.9999744296073914,0.45770031213760376,0.3537628650665283,-0.02823461964726448,0.999969482421875,0.4587811827659607,0.3532330393791199,-0.028205424547195435,0.9999778270721436,0.49543559551239014,0.3515203893184662,-0.16825442016124725,0.9999547004699707,0.48721498250961304,0.3514697849750519,0.11195117235183716,0.9999759197235107,0.47574383020401,0.37300142645835876,-0.07726994901895523,0.9999167323112488,0.4713323712348938,0.3736477494239807,0.004083120264112949,0.999939501285553,0.5641427040100098,0.3993834853172302,-0.3333888649940491,0.9999062418937683,0.5674952268600464,0.40578269958496094,0.32533982396125793,0.9995564818382263,0.42207175493240356,0.45703426003456116,-0.2836827039718628,0.9807578921318054,0.44701316952705383,0.4573414623737335,0.3661772906780243,0.4961317181587219,0.3624410033226013,0.4173971712589264,0.0836716815829277,0.8376054167747498,0.37256941199302673,0.4226156771183014,0.30224138498306274,0.1777452677488327,0.3377406597137451,0.40902167558670044,0.06965412944555283,0.7682769298553467,0.3480849862098694,0.4127844572067261,0.29692408442497253,0.13522188365459442,0.35552990436553955,0.40453824400901794,0.057484451681375504,0.7543794512748718,0.36137646436691284,0.40833017230033875,0.3032078444957733,0.1274775266647339,0.36776384711265564,0.4070112109184265,0.08644917607307434,0.7443538308143616,0.37406226992607117,0.41062769293785095,0.2956390082836151,0.12812285125255585,0.8038895726203918,0.5021596550941467,-0.22130873799324036,0.9998264312744141,0.7848299741744995,0.4992998242378235,0.22155173122882843,0.9997444748878479,0.5590095520019531,0.549964964389801,-0.30202779173851013,0.9757245779037476,0.5522341728210449,0.5463749170303345,0.27161821722984314,0.2630053758621216,0.6318284869194031,0.6649498343467712,-0.2837984263896942,0.9757492542266846,0.617218017578125,0.6455655694007874,0.3619072139263153,0.3760733902454376,0.670947253704071,0.6829145550727844,-0.2777770459651947,0.9681435823440552,0.6496384739875793,0.6616557836532593,0.3691844344139099,0.5034289360046387,0.5269033908843994,0.682270884513855,-0.31553658843040466,0.9687398672103882,0.5271643996238708,0.6671339273452759,0.35959577560424805,0.5044422149658203
321,squat,1,0.46028396487236023,0.3566209077835083,-0.06002829596400261,0.9999502897262573,0.46259915828704834,0.3444848656654358,-0.10183258354663849,0.9999715089797974,0.46591752767562866,0.34372013807296753,-0.10175379365682602,0.9999740719795227,0.4695921838283539,0.34277698397636414,-0.10182899236679077,0.9999808073043823,0.4597671926021576,0.34499460458755493,-0.034001149237155914,0.9999702572822571,0.46073102951049805,0.3446904420852661,-0.034062862396240234,0.9999647736549377,0.4618002474308014,0.34422481060028076,-0.034057993441820145,0.99997478723526,0.4989139437675476,0.34293332695961,-0.1832389235496521,0.9999479651451111,0.4910382032394409,0.3432692587375641,0.10617925226688385,0.9999721050262451,0.4777238070964813,0.3636138141155243,-0.08854439854621887,0.9999090433120728,0.47308528423309326,0.3643680810928345,-0.0006629066192544997,0.9999314546585083,0.5655205845832825,0.389595091342926,-0.35764485597610474,0.9999016523361206,0.5668088793754578,0.399158239364624,0.3210761547088623,0.9995229840278625,0.43422526121139526,0.45068028569221497,-0.3250686526298523,0.9811128973960876,0.4503050744533539,0.4529866576194763,0.37307438254356384,0.4903584122657776,0.35490816831588745,0.41714587807655334,0.014964751899242401,0.8464969992637634,0.3624674081802368,0.42205336689949036,0.2643512189388275,0.1850530207157135,0.32486647367477417,0.40950506925582886,-0.008588837459683418,0.7804378271102905,0.3367851674556732,0.4130515456199646,0.25681427121162415,0.143366739153862,0.34482118487358093,0.4041651487350464,-0.015255172736942768,0.7671838998794556,0.3508760929107666,0.4074942469596863,0.2520955801010132,0.13606075942516327,0.3588450849056244,0.40629369020462036,0.019136756658554077,0.7561327219009399,0.3644620478153229,0.40978068113327026,0.2524074912071228,0.13678772747516632,0.8025588393211365,0.4955372214317322,-0.22750914096832275,0.9998068809509277,0.7819139361381531,0.49344685673713684,0.22778314352035522,0.9997143149375916,0.55937659740448,0.5484902262687683,-0.30836817622184753,0.9754953384399414,0.5525012016296387,0.5452287793159485,0.26631924510002136,0.26500436663627625,0.634880781173706,0.6649712920188904,-0.28221452236175537,0.9756601452827454,0.6180537939071655,0.645912230014801,0.3811173439025879,0.37443435192108154,0.6705367565155029,0.6821186542510986,-0.2756509780883789,0.9681025743484497,0.6502596139907837,0.6629431247711182,0.3904910683631897,0.5026801228523254,0.5268179774284363,0.6814295649528503,-0.3165479302406311,0.9683098196983337,0.5272829532623291,0.6670566201210022,0.3782094717025757,0.5027855038642883
322,squat,1,0.4607362151145935,0.34831178188323975,-0.07220124453306198,0.9999402761459351,0.4643746316432953,0.33642157912254333,-0.11557751893997192,0.9999639391899109,0.46755674481391907,0.3358745574951172,-0.11551690101623535,0.9999672770500183,0.47102534770965576,0.33532533049583435,-0.11559028178453445,0.9999756217002869,0.46162980794906616,0.33680981397628784,-0.04576330631971359,0.9999625086784363,0.4627631604671478,0.33640772104263306,-0.045832809060811996,0.9999567270278931,0.4639574885368347,0.3359103500843048,-0.04583369567990303,0.9999691843986511,0.5001844763755798,0.3359968960285187,-0.20261728763580322,0.9999352693557739,0.4928491413593292,0.335997074842453,0.10180883854627609,0.9999644160270691,0.4780954420566559,0.3555350601673126,-0.10200753062963486,0.9998955726623535,0.47324374318122864,0.3561785817146301,-0.011562815867364407,0.9999163746833801,0.5672025680541992,0.38298821449279785,-0.37508100271224976,0.9998918771743774,0.5668289661407471,0.38842102885246277,0.3175545632839203,0.9994739294052124,0.45328184962272644,0.44691863656044006,-0.3384011685848236,0.980586588382721,0.46201804280281067,0.44602492451667786,0.3738476037979126,0.47539210319519043,0.3569103181362152,0.41904547810554504,-0.00045813515316694975,0.8552334308624268,0.3621058464050293,0.42168450355529785,0.27003178000450134,0.19139857590198517,0.32814472913742065,0.4109179973602295,-0.025680135935544968,0.7930953502655029,0.33310526609420776,0.4140152037143707,0.2648322880268097,0.15273228287696838,0.34289830923080444,0.4058401584625244,-0.02983272448182106,0.7806163430213928,0.34447139501571655,0.40875303745269775,0.24986274540424347,0.14603592455387115,0.3569200038909912,0.4079115688800812,0.005236979108303785,0.7682620882987976,0.3579534888267517,0.4102295935153961,0.25481823086738586,0.14689451456069946,0.8007300496101379,0.49070295691490173,-0.2295106053352356,0.9997590184211731,0.7810249328613281,0.48810651898384094,0.22982007265090942,0.9996505975723267,0.5607691407203674,0.5477169156074524,-0.3068210482597351,0.9751291275024414,0.5549302697181702,0.5441547632217407,0.25714170932769775,0.26959794759750366,0.6355963349342346,0.6650701761245728,-0.26185089349746704,0.9755074381828308,0.6192672252655029,0.6471697688102722,0.37762853503227234,0.3771835267543793,0.6699093580245972,0.6819053292274475,-0.2546188235282898,0.9678343534469604,0.6514586806297302,0.6649345755577087,0.38760796189308167,0.5061053037643433,0.5265757441520691,0.6805521845817566,-0.30599287152290344,0.9679262042045593,0.527259886264801,0.667018711566925,0.36933618783950806,0.5073623657226562
323,squat,1,0.46269214153289795,0.3394469618797302,-0.10962356626987457,0.9999149441719055,0.46870362758636475,0.32790786027908325,-0.15065167844295502,0.9999440908432007,0.47211912274360657,0.32755568623542786,-0.1506260335445404,0.9999492764472961,0.47592949867248535,0.3271474540233612,-0.15068788826465607,0.999961256980896,0.46483495831489563,0.32817623019218445,-0.0809367448091507,0.9999445080757141,0.46571171283721924,0.327790766954422,-0.08101458847522736,0.9999383687973022,0.4666558802127838,0.327359139919281,-0.08101487159729004,0.9999545812606812,0.5041539669036865,0.32783234119415283,-0.23147572576999664,0.9999014735221863,0.4947361946105957,0.32800886034965515,0.07671194523572922,0.9999409317970276,0.47993889451026917,0.3474065065383911,-0.13686220347881317,0.9998626708984375,0.47383150458335876,0.3479291796684265,-0.04679463058710098,0.9998776912689209,0.5721362233161926,0.37735527753829956,-0.41558176279067993,0.9998636841773987,0.5668253302574158,0.3803061842918396,0.31672003865242004,0.9993578195571899,0.47508352994918823,0.4449726343154907,-0.3861619234085083,0.9791877865791321,0.4716812074184418,0.44094765186309814,0.3655725419521332,0.4552329182624817,0.35760653018951416,0.42031389474868774,-0.08125535398721695,0.8634477853775024,0.3636876940727234,0.42244207859039307,0.19923177361488342,0.201565682888031,0.33226820826530457,0.41546911001205444,-0.11393368989229202,0.8055897355079651,0.33453887701034546,0.41611483693122864,0.1910107135772705,0.16752716898918152,0.341569185256958,0.4087080955505371,-0.1161169484257698,0.793922483921051,0.3403416872024536,0.4102379083633423,0.16270335018634796,0.1615183800458908,0.35426729917526245,0.40800967812538147,-0.07457457482814789,0.7801360487937927,0.3527013063430786,0.41123753786087036,0.17799505591392517,0.16226676106452942,0.8002772927284241,0.48548540472984314,-0.23466292023658752,0.9996917843818665,0.7774065136909485,0.48284396529197693,0.23503105342388153,0.9995512962341309,0.5639964938163757,0.5472880005836487,-0.3357817232608795,0.9746236801147461,0.5566343069076538,0.5431616902351379,0.2702372372150421,0.27792325615882874,0.6369883418083191,0.6651296615600586,-0.30041712522506714,0.975662350654602,0.6201109886169434,0.6478431820869446,0.378704696893692,0.38348886370658875,0.6701556444168091,0.6820881366729736,-0.2962721586227417,0.9679211974143982,0.6518638134002686,0.6659352779388428,0.39114052057266235,0.5113124251365662,0.5269153118133545,0.6809823513031006,-0.3679467737674713,0.9680713415145874,0.527286171913147,0.6674689054489136,0.3841380178928375,0.5156310200691223
324,squat,1,0.46724751591682434,0.32093966007232666,-0.05175597593188286,0.9999147057533264,0.47369423508644104,0.31006836891174316,-0.08942633867263794,0.9999411106109619,0.47743120789527893,0.3095245957374573,-0.08948773145675659,0.999946117401123,0.481299489736557,0.30895715951919556,-0.08954209089279175,0.9999586939811707,0.4694698750972748,0.3103954493999481,-0.0233834870159626,0.9999433159828186,0.47036728262901306,0.31002405285835266,-0.023461192846298218,0.9999378323554993,0.47125348448753357,0.3095170259475708,-0.023488273844122887,0.9999544024467468,0.510631263256073,0.31058087944984436,-0.163534015417099,0.9998939633369446,0.5008658766746521,0.3102555572986603,0.12675876915454865,0.9999391436576843,0.48340386152267456,0.32924187183380127,-0.07614745944738388,0.9998576641082764,0.47744888067245483,0.32957950234413147,0.00896678026765585,0.9998688101768494,0.5719519257545471,0.36006006598472595,-0.3552611172199249,0.9998411536216736,0.5693213939666748,0.3665020167827606,0.34958159923553467,0.999310314655304,0.497002512216568,0.4336519241333008,-0.34956443309783936,0.9782937169075012,0.49339237809181213,0.431732714176178,0.42337268590927124,0.4492567479610443,0.362071692943573,0.4209408760070801,-0.09071584045886993,0.8723283410072327,0.36966201663017273,0.4240305423736572,0.26340803503990173,0.2297501266002655,0.33253809809684753,0.4220784604549408,-0.12457037717103958,0.8188635110855103,0.3363586366176605,0.4257069230079651,0.2600468695163727,0.1979832798242569,0.34027063846588135,0.41621115803718567,-0.11956048011779785,0.8077794909477234,0.3430688679218292,0.4210708737373352,0.2304164469242096,0.19332769513130188,0.3513275384902954,0.4141833186149597,-0.0822550430893898,0.7935887575149536,0.3539179861545563,0.41968128085136414,0.2451263964176178,0.19440260529518127,0.7936711311340332,0.4746904671192169,-0.23245280981063843,0.9996759295463562,0.7763463258743286,0.4738982915878296,0.2328152060508728,0.9995132684707642,0.5671444535255432,0.5471227765083313,-0.3266526758670807,0.9749024510383606,0.5620803236961365,0.5416012406349182,0.2727085053920746,0.2897450625896454,0.6382608413696289,0.6647398471832275,-0.2973352074623108,0.976351261138916,0.6209105253219604,0.6476149559020996,0.38810527324676514,0.3947054445743561,0.6713564991950989,0.6821760535240173,-0.294278621673584,0.968810498714447,0.6526477336883545,0.6655189394950867,0.39931875467300415,0.5173748731613159,0.5301717519760132,0.6817384362220764,-0.3680894076824188,0.9690040946006775,0.529053270816803,0.6678232550621033,0.38032060861587524,0.5286363959312439
325,squat,1,0.4725959599018097,0.31127581000328064,-0.042931728065013885,0.9998822212219238,0.48013320565223694,0.30077311396598816,-0.07969788461923599,0.999903678894043,0.48449814319610596,0.3003053069114685,-0.07977566123008728,0.9999079704284668,0.4892021715641022,0.2997092604637146,-0.07983177155256271,0.9999319314956665,0.47531577944755554,0.30083972215652466,-0.01425870694220066,0.9999160766601562,0.4757212996482849,0.30062368512153625,-0.014335064217448235,0.9999081492424011,0.4762595593929291,0.3003466725349426,-0.014390780590474606,0.999934196472168,0.5185146927833557,0.3012467622756958,-0.1506563425064087,0.9998098015785217,0.5063394904136658,0.30162206292152405,0.1367097944021225,0.9999009966850281,0.4889066517353058,0.31993231177330017,-0.06573916971683502,0.9997730851173401,0.4822515547275543,0.320035845041275,0.018412180244922638,0.9997658133506775,0.5731741786003113,0.3484519422054291,-0.34394845366477966,0.9997747540473938,0.5720068216323853,0.3582364320755005,0.3641057312488556,0.9991246461868286,0.5078276991844177,0.42293134331703186,-0.36418864130973816,0.9769344329833984,0.5067967176437378,0.42327260971069336,0.4551292955875397,0.43505287170410156,0.3723428547382355,0.4214617609977722,-0.1604676991701126,0.8786163926124573,0.38446688652038574,0.4243147075176239,0.26855647563934326,0.24721135199069977,0.340815007686615,0.42623984813690186,-0.1980227530002594,0.8286229372024536,0.3495105803012848,0.43012505769729614,0.26788991689682007,0.21818523108959198,0.34336039423942566,0.4208003878593445,-0.18378965556621552,0.8178572654724121,0.3460858464241028,0.42594894766807556,0.2598775029182434,0.2147279679775238,0.3542138636112213,0.41798844933509827,-0.14894436299800873,0.8026378750801086,0.3576114773750305,0.42367443442344666,0.2703782618045807,0.21634429693222046,0.7858834266662598,0.4678996503353119,-0.23103885352611542,0.9996232986450195,0.7680349349975586,0.46711838245391846,0.23135870695114136,0.9994001984596252,0.5703225135803223,0.5465423464775085,-0.3244597911834717,0.9732773900032043,0.5665877461433411,0.5410019755363464,0.25912368297576904,0.299258291721344,0.6382302641868591,0.6639680862426758,-0.2902005910873413,0.9759140014648438,0.6215772032737732,0.6444243788719177,0.39290252327919006,0.40262240171432495,0.6718383431434631,0.6817002296447754,-0.2880938649177551,0.9684117436408997,0.6544227600097656,0.6637433171272278,0.4033772647380829,0.5222195386886597,0.5315903425216675,0.6820539236068726,-0.35690930485725403,0.9685693979263306,0.5299273729324341,0.6675900220870972,0.3845299184322357,0.538895308971405
326,squat,1,0.4751860201358795,0.30152666568756104,0.008449278771877289,0.999877393245697,0.4845324754714966,0.29156002402305603,-0.031699828803539276,0.999893069267273,0.4883628189563751,0.2912857234477997,-0.03178464621305466,0.9998965263366699,0.492384672164917,0.29091039299964905,-0.03181036561727524,0.999923586845398,0.4801681935787201,0.2915581464767456,0.03573291748762131,0.9999092221260071,0.4809507131576538,0.2912377715110779,0.03563349321484566,0.9999020099639893,0.4818543791770935,0.29088902473449707,0.035551588982343674,0.9999310374259949,0.5201253294944763,0.2929520905017853,-0.11713036149740219,0.9997832775115967,0.5107601284980774,0.2927519381046295,0.17874640226364136,0.999894380569458,0.490790992975235,0.31040599942207336,-0.019281599670648575,0.9997491240501404,0.48461347818374634,0.3103560209274292,0.06734303385019302,0.9997321963310242,0.572995126247406,0.34101125597953796,-0.3128470480442047,0.9997491836547852,0.5777084231376648,0.34980350732803345,0.3963625133037567,0.9990769624710083,0.5135092735290527,0.4158010184764862,-0.3490741550922394,0.9758493304252625,0.521812379360199,0.41792845726013184,0.48333635926246643,0.4309730529785156,0.37308642268180847,0.42168474197387695,-0.17235904932022095,0.8858073949813843,0.39485353231430054,0.42522144317626953,0.3302251398563385,0.27246883511543274,0.34275761246681213,0.4282996356487274,-0.2131786048412323,0.8394529819488525,0.3632591962814331,0.4320119619369507,0.33449786901474,0.24388238787651062,0.3444387912750244,0.4230822026729584,-0.1921425610780716,0.8290509581565857,0.34969446063041687,0.4277530312538147,0.26456353068351746,0.2414855808019638,0.3552795648574829,0.42051082849502563,-0.15895630419254303,0.8132217526435852,0.35983720421791077,0.42583802342414856,0.3029329180717468,0.24392932653427124,0.7803514003753662,0.46391618251800537,-0.2305697500705719,0.999600887298584,0.7626312375068665,0.463571161031723,0.2308945506811142,0.9993621110916138,0.575031578540802,0.5460914969444275,-0.32197102904319763,0.9732574820518494,0.5729643106460571,0.5400997400283813,0.24110722541809082,0.3123011887073517,0.6385913491249084,0.6638383865356445,-0.27043429017066956,0.9764266014099121,0.6228190660476685,0.6438068151473999,0.3889165222644806,0.4169808030128479,0.6720945239067078,0.6812364459037781,-0.26610687375068665,0.969071626663208,0.6571624875068665,0.6636516451835632,0.40095236897468567,0.5337613821029663,0.5324000120162964,0.6821596622467041,-0.34494829177856445,0.9692034125328064,0.5299307703971863,0.6668261885643005,0.37336575984954834,0.5550074577331543
327,squat,1,0.4792005121707916,0.29296934604644775,0.009801224805414677,0.999877393245697,0.4894281029701233,0.28280800580978394,-0.030632082372903824,0.9998890161514282,0.4932264983654022,0.2823862135410309,-0.030704565346240997,0.9998918175697327,0.49708014726638794,0.28192782402038574,-0.03072340041399002,0.9999197721481323,0.48456481099128723,0.2831190824508667,0.040011659264564514,0.999906599521637,0.48524895310401917,0.28280413150787354,0.03992566093802452,0.9998999834060669,0.4860757887363434,0.2824234366416931,0.03987598419189453,0.9999300241470337,0.523373544216156,0.2837670147418976,-0.11720860004425049,0.999774694442749,0.5138404369354248,0.28379184007644653,0.19448858499526978,0.9998924136161804,0.4947584569454193,0.3014763295650482,-0.01791933737695217,0.9997430443763733,0.48785555362701416,0.3015797734260559,0.07327531278133392,0.9997177124023438,0.5740051865577698,0.33113908767700195,-0.32145410776138306,0.999761164188385,0.5813935399055481,0.34288811683654785,0.4366562068462372,0.9991000890731812,0.5229089260101318,0.4059409201145172,-0.3805578351020813,0.9769123792648315,0.5335989594459534,0.41371503472328186,0.5460514426231384,0.44439929723739624,0.38095352053642273,0.4218781888484955,-0.23145519196987152,0.8951761722564697,0.41279101371765137,0.4262523353099823,0.4038708209991455,0.3150414824485779,0.35396236181259155,0.4297885000705719,-0.2798968553543091,0.8523805141448975,0.38001611828804016,0.43304553627967834,0.4126397669315338,0.28420811891555786,0.3472108542919159,0.4247317612171173,-0.25048747658729553,0.8425999283790588,0.36779457330703735,0.42907944321632385,0.3505513370037079,0.28262200951576233,0.35694077610969543,0.42235058546066284,-0.21399500966072083,0.8267723321914673,0.3770396113395691,0.4275549352169037,0.37244677543640137,0.28453338146209717,0.7763146758079529,0.4585062265396118,-0.2426477074623108,0.9995883703231812,0.7595815658569336,0.4587247669696808,0.24284790456295013,0.9993370771408081,0.5770089626312256,0.5461360216140747,-0.3097410500049591,0.9726307988166809,0.5757734179496765,0.5395939946174622,0.2240683138370514,0.32227638363838196,0.6386071443557739,0.6638838648796082,-0.2044333815574646,0.9764320850372314,0.6228472590446472,0.6445764303207397,0.3860781192779541,0.4277780055999756,0.672137975692749,0.6813080906867981,-0.19378264248371124,0.969323992729187,0.6570693254470825,0.6638274192810059,0.39927205443382263,0.5448105335235596,0.5316226482391357,0.6830796003341675,-0.2585572302341461,0.9690822958946228,0.5276639461517334,0.6666679978370667,0.36575984954833984,0.5667955875396729
328,squat,1,0.4878169298171997,0.27651455998420715,0.027192365378141403,0.9998744130134583,0.49685928225517273,0.2658328115940094,-0.017090022563934326,0.9998824596405029,0.5008119940757751,0.26545730233192444,-0.017174070701003075,0.9998838305473328,0.504827618598938,0.26506996154785156,-0.0171669851988554,0.9999135732650757,0.49290698766708374,0.26598289608955383,0.05675224959850311,0.9999015927314758,0.49390190839767456,0.2657387852668762,0.05667395889759064,0.9998961091041565,0.49518853425979614,0.2653951942920685,0.05662139132618904,0.9999282956123352,0.5320748686790466,0.26791641116142273,-0.1198420599102974,0.9997626543045044,0.5260213613510132,0.2677474617958069,0.20573291182518005,0.9998881220817566,0.5022313594818115,0.28526583313941956,-0.006152908783406019,0.9997341632843018,0.49676796793937683,0.285595178604126,0.0895477682352066,0.9996984004974365,0.5746830105781555,0.3161899447441101,-0.32572582364082336,0.9997733235359192,0.5998303294181824,0.3296423554420471,0.4479239881038666,0.9991291165351868,0.5285803079605103,0.3865112364292145,-0.3761901557445526,0.977942705154419,0.5548831820487976,0.40230411291122437,0.5700907111167908,0.44846850633621216,0.39514514803886414,0.4221091568470001,-0.21737109124660492,0.9029912948608398,0.43692612648010254,0.4276845157146454,0.44420045614242554,0.3512868285179138,0.36902350187301636,0.4324742257595062,-0.268231064081192,0.8630132079124451,0.40912967920303345,0.43733686208724976,0.46086111664772034,0.3190586268901825,0.36093670129776,0.4280894696712494,-0.22788527607917786,0.8536143898963928,0.3985547423362732,0.43500739336013794,0.39312219619750977,0.31868690252304077,0.3715890944004059,0.42529135942459106,-0.19524607062339783,0.8373250961303711,0.4070160686969757,0.43220576643943787,0.41101258993148804,0.32041090726852417,0.7622697353363037,0.447589248418808,-0.24989555776119232,0.9995949864387512,0.7571661472320557,0.44895073771476746,0.24993634223937988,0.9993395209312439,0.5830751061439514,0.5451794862747192,-0.2837768793106079,0.9732713103294373,0.5857587456703186,0.5383570194244385,0.23298279941082,0.33790770173072815,0.6385939717292786,0.663669764995575,-0.17590954899787903,0.9775528311729431,0.6241462826728821,0.6452754735946655,0.3887101709842682,0.4500204026699066,0.672417938709259,0.6824972033500671,-0.16590720415115356,0.9706144332885742,0.6565166711807251,0.6640541553497314,0.4012048542499542,0.5631059408187866,0.5343998670578003,0.6831166744232178,-0.24450518190860748,0.9702892303466797,0.5300089120864868,0.667565643787384,0.36396610736846924,0.5874289274215698
329,squat,1,0.4960722327232361,0.2677547335624695,0.029712390154600143,0.9998463988304138,0.5061047673225403,0.25745394825935364,-0.013766629621386528,0.9998526573181152,0.5100241303443909,0.25707030296325684,-0.013875579461455345,0.9998487830162048,0.5140774250030518,0.25669556856155396,-0.013862665742635727,0.9998879432678223,0.5019800662994385,0.2578209638595581,0.06248834729194641,0.9998774528503418,0.5030086636543274,0.25759920477867126,0.06240447238087654,0.9998711943626404,0.5042974948883057,0.2573230266571045,0.06230442225933075,0.9999130964279175,0.5398134589195251,0.25904062390327454,-0.1213776022195816,0.9997040033340454,0.5331949591636658,0.25921714305877686,0.21509258449077606,0.9998558163642883,0.5112543702125549,0.2763538956642151,-0.005316767375916243,0.9996757507324219,0.5051997900009155,0.276405394077301,0.09320303052663803,0.9996161460876465,0.5770046710968018,0.3064762353897095,-0.33951881527900696,0.9997843503952026,0.6127107739448547,0.32078808546066284,0.4706200063228607,0.9991401433944702,0.5276617407798767,0.37989702820777893,-0.39853090047836304,0.9790384769439697,0.5689457058906555,0.3955383598804474,0.5940585136413574,0.44959110021591187,0.40031927824020386,0.42266446352005005,-0.23765701055526733,0.9101656079292297,0.45400869846343994,0.42983168363571167,0.45782631635665894,0.38397273421287537,0.38280028104782104,0.4357268512248993,-0.29194584488868713,0.8723535537719727,0.4345454275608063,0.44191327691078186,0.4767080843448639,0.348603218793869,0.3775009512901306,0.4326152801513672,-0.2497251033782959,0.8633347749710083,0.42350685596466064,0.4380735754966736,0.40811213850975037,0.3492680490016937,0.3855944871902466,0.42948824167251587,-0.21345914900302887,0.8460230231285095,0.42757079005241394,0.43525823950767517,0.4246807098388672,0.3505454659461975,0.75175940990448,0.4396771192550659,-0.26216891407966614,0.9995940923690796,0.7501927018165588,0.4413529932498932,0.26210176944732666,0.999317467212677,0.5871672630310059,0.5429973602294922,-0.2738212049007416,0.9719878435134888,0.5931403636932373,0.5365300178527832,0.2702943980693817,0.3440250754356384,0.6372671723365784,0.6625398993492126,-0.1733560413122177,0.977526068687439,0.6251254081726074,0.6443391442298889,0.4645436108112335,0.45966073870658875,0.6721568703651428,0.6825029253959656,-0.16599096357822418,0.9705643057823181,0.6564564108848572,0.663101077079773,0.4810349941253662,0.5711905360221863,0.5325499176979065,0.6816539764404297,-0.25875046849250793,0.9700947999954224,0.5296555161476135,0.6675029993057251,0.4343067705631256,0.5986839532852173
330,squat,1,0.5012270212173462,0.26077401638031006,0.02233680710196495,0.9998369812965393,0.5108712315559387,0.2496037781238556,-0.023582275956869125,0.9998422265052795,0.5144926905632019,0.24907945096492767,-0.023703739047050476,0.9998365044593811,0.5186833739280701,0.24858208000659943,-0.0237165167927742,0.9998801350593567,0.5078523755073547,0.24990354478359222,0.054522641003131866,0.9998680949211121,0.5091333389282227,0.2495468109846115,0.054455481469631195,0.9998618364334106,0.5108848810195923,0.24921433627605438,0.05434861034154892,0.9999071359634399,0.5445265769958496,0.25050318241119385,-0.12586389482021332,0.9996923804283142,0.5392560362815857,0.25079646706581116,0.20498257875442505,0.9998445510864258,0.5180394053459167,0.26947131752967834,-0.015039326623082161,0.999674379825592,0.5134722590446472,0.26944828033447266,0.08551878482103348,0.9996001720428467,0.5852792859077454,0.29696860909461975,-0.3727480471134186,0.9998025894165039,0.6210852861404419,0.31006449460983276,0.4703504145145416,0.9991786479949951,0.5390402674674988,0.3728204369544983,-0.44338950514793396,0.9805924892425537,0.5801093578338623,0.3876577317714691,0.5847229957580566,0.4452040195465088,0.4214952886104584,0.4231627285480499,-0.3306824266910553,0.9181784987449646,0.47645875811576843,0.43086862564086914,0.438708633184433,0.4067421853542328,0.40451765060424805,0.4387255907058716,-0.3975966274738312,0.8832254409790039,0.4561372399330139,0.4429470896720886,0.4581635892391205,0.3676353693008423,0.39975735545158386,0.4365123212337494,-0.35322174429893494,0.8748406171798706,0.4454057812690735,0.4398607611656189,0.38785138726234436,0.3687938153743744,0.40795767307281494,0.43276023864746094,-0.3063885271549225,0.8576481342315674,0.4494955241680145,0.43694984912872314,0.4043782353401184,0.36996376514434814,0.7414708733558655,0.43533530831336975,-0.26420289278030396,0.9995969533920288,0.7437531352043152,0.4374614357948303,0.2641783654689789,0.9992873668670654,0.5878209471702576,0.5408259630203247,-0.2549779415130615,0.971264123916626,0.5969417095184326,0.5353463292121887,0.2701881527900696,0.3483777940273285,0.6371104717254639,0.6636015772819519,-0.14676019549369812,0.9774608016014099,0.626829206943512,0.6443619132041931,0.48055678606033325,0.46263912320137024,0.6686370372772217,0.6824936866760254,-0.14073249697685242,0.9701708555221558,0.6566622853279114,0.6626451015472412,0.4984797239303589,0.575026273727417,0.5312081575393677,0.6816884279251099,-0.2496974766254425,0.9693129062652588,0.5296891927719116,0.6668391227722168,0.4430815279483795,0.6029730439186096
331,squat,1,0.5067944526672363,0.2524733245372772,0.017241284251213074,0.9998421669006348,0.5174164175987244,0.2414068579673767,-0.030954910442233086,0.9998465180397034,0.5208366513252258,0.24102935194969177,-0.031201377511024475,0.9998407959938049,0.5247185826301575,0.24066190421581268,-0.031189465895295143,0.999883770942688,0.5152975916862488,0.24129949510097504,0.041585974395275116,0.9998716115951538,0.5170103907585144,0.24086198210716248,0.041492022573947906,0.9998651146888733,0.519175112247467,0.24050863087177277,0.04142779856920242,0.9999086856842041,0.5503880381584167,0.24225781857967377,-0.16259054839611053,0.9997069239616394,0.5460093021392822,0.24252134561538696,0.19487804174423218,0.9998447299003601,0.523051381111145,0.26212573051452637,-0.027035143226385117,0.9996935129165649,0.5200983285903931,0.26183608174324036,0.07293134182691574,0.9996163845062256,0.591831624507904,0.29036369919776917,-0.42316028475761414,0.999821126461029,0.6240140795707703,0.3030836880207062,0.4764161705970764,0.999229907989502,0.5532689690589905,0.3657901883125305,-0.5142515301704407,0.9821407794952393,0.5886847376823425,0.37874364852905273,0.5784025192260742,0.43154045939445496,0.4525076150894165,0.421437531709671,-0.41278576850891113,0.9255242347717285,0.49668532609939575,0.42912498116493225,0.4186941683292389,0.4172303080558777,0.43693411350250244,0.43752771615982056,-0.48815470933914185,0.8931568264961243,0.47807052731513977,0.44155848026275635,0.430096298456192,0.3762213885784149,0.4297412633895874,0.43545404076576233,-0.44903966784477234,0.8853839635848999,0.46992355585098267,0.43892255425453186,0.3573979139328003,0.3777107298374176,0.4378385841846466,0.43116986751556396,-0.3904431462287903,0.8681175708770752,0.4746493697166443,0.4354892373085022,0.39464396238327026,0.3780173361301422,0.7395654916763306,0.43156763911247253,-0.2805883586406708,0.9996105432510376,0.7375553250312805,0.4333459734916687,0.28059959411621094,0.999267578125,0.5945073962211609,0.5396034717559814,-0.30741238594055176,0.9719372987747192,0.5991677641868591,0.533846914768219,0.3727424442768097,0.356313556432724,0.6381394267082214,0.6636816263198853,-0.24265339970588684,0.978277862071991,0.6270710825920105,0.6443693041801453,0.5985357761383057,0.4718080163002014,0.6709983944892883,0.682472288608551,-0.24539165198802948,0.9705033898353577,0.6571000814437866,0.6626736521720886,0.6158269047737122,0.5822387933731079,0.5320828557014465,0.683241605758667,-0.3855530619621277,0.9699930548667908,0.5296843647956848,0.6671567559242249,0.5644640922546387,0.6118757128715515
332,squat,1,0.5146748423576355,0.2368144690990448,-0.050345126539468765,0.9998460412025452,0.5283914804458618,0.2268422544002533,-0.095525823533535,0.9998488426208496,0.5324190258979797,0.2264595329761505,-0.09571295976638794,0.9998430013656616,0.5369254946708679,0.22610975801944733,-0.09577697515487671,0.9998853802680969,0.5244589447975159,0.22697477042675018,-0.01512451097369194,0.9998735785484314,0.5257585644721985,0.22667255997657776,-0.015028190799057484,0.9998669028282166,0.5274903774261475,0.22633527219295502,-0.015140905044972897,0.9999090433120728,0.5616373419761658,0.228958860039711,-0.20402392745018005,0.9997203350067139,0.5541179180145264,0.22906135022640228,0.15489383041858673,0.9998446702957153,0.529883086681366,0.24604220688343048,-0.08587910234928131,0.999712347984314,0.5249919891357422,0.24579666554927826,0.018246382474899292,0.9996373057365417,0.5934257507324219,0.2776459753513336,-0.45158958435058594,0.9998375773429871,0.619078516960144,0.2894115746021271,0.4526137113571167,0.9992803931236267,0.5762657523155212,0.35849282145500183,-0.5264101624488831,0.9833723902702332,0.6110941171646118,0.37200644612312317,0.535883903503418,0.40657109022140503,0.5014436841011047,0.4215315282344818,-0.4115199148654938,0.9313356876373291,0.5354086756706238,0.42878779768943787,0.32497039437294006,0.4044160544872284,0.4941341280937195,0.4387648403644562,-0.48345696926116943,0.9006908535957336,0.5183262228965759,0.44352227449417114,0.33644184470176697,0.3652319312095642,0.48802751302719116,0.436718225479126,-0.4516242444515228,0.8933587670326233,0.5132344961166382,0.4414600431919098,0.26152732968330383,0.3668058514595032,0.4907199442386627,0.4314781725406647,-0.3924916386604309,0.8750783801078796,0.5182674527168274,0.4362879991531372,0.28868570923805237,0.3666866719722748,0.7236677408218384,0.42372608184814453,-0.27351662516593933,0.9996108412742615,0.7166687846183777,0.42484548687934875,0.2735805809497833,0.9992318153381348,0.6058306097984314,0.5388025045394897,-0.28259825706481934,0.9713870882987976,0.6059677004814148,0.533764660358429,0.3538197875022888,0.35842061042785645,0.6410950422286987,0.6630780100822449,-0.19643130898475647,0.9780425429344177,0.6293861269950867,0.6406808495521545,0.5620351433753967,0.47382140159606934,0.6712815165519714,0.682317852973938,-0.1979297548532486,0.9692043662071228,0.6570786237716675,0.6605083346366882,0.5767221450805664,0.5829046964645386,0.5326188206672668,0.6831766963005066,-0.3532416522502899,0.9690166115760803,0.5298228859901428,0.6659481525421143,0.5104516744613647,0.6117920875549316
333,squat,1,0.5216569900512695,0.23085135221481323,-0.060873452574014664,0.9998574256896973,0.5361573100090027,0.2206917405128479,-0.10736911743879318,0.9998587965965271,0.5401461720466614,0.22062987089157104,-0.1074700653553009,0.9998534321784973,0.5444019436836243,0.22061997652053833,-0.10751334577798843,0.9998928904533386,0.5326041579246521,0.22018207609653473,-0.027641605585813522,0.9998819231987,0.5340448021888733,0.2197643369436264,-0.027478205040097237,0.9998756647109985,0.5359953045845032,0.21945269405841827,-0.02757910266518593,0.9999147653579712,0.568850040435791,0.22373099625110626,-0.217163547873497,0.9997429847717285,0.562163233757019,0.22288325428962708,0.1319015771150589,0.9998548030853271,0.5357705354690552,0.2413482367992401,-0.09658631682395935,0.999737560749054,0.5306780934333801,0.24066974222660065,0.005408166442066431,0.9996681809425354,0.5968449115753174,0.27175089716911316,-0.4549521505832672,0.999853253364563,0.6238469481468201,0.28238341212272644,0.42836177349090576,0.9993388056755066,0.5934758186340332,0.35570019483566284,-0.5110321640968323,0.9846718907356262,0.6181747913360596,0.36600419878959656,0.48916101455688477,0.38356101512908936,0.5320737361907959,0.42168107628822327,-0.39316442608833313,0.9370790123939514,0.5559369921684265,0.4275187849998474,0.31021690368652344,0.3898351192474365,0.5257888436317444,0.4403263330459595,-0.46499332785606384,0.9082961678504944,0.54348224401474,0.4430047273635864,0.3208394944667816,0.35255375504493713,0.5167369842529297,0.4396422505378723,-0.4351826310157776,0.9014447331428528,0.5383599400520325,0.4411938190460205,0.24649974703788757,0.35401439666748047,0.519143283367157,0.43348199129104614,-0.375683456659317,0.8830743432044983,0.5427436828613281,0.43614453077316284,0.2734087109565735,0.3536865711212158,0.7168431878089905,0.42196711897850037,-0.26979824900627136,0.9996157288551331,0.7076992988586426,0.4220442771911621,0.26986461877822876,0.9992154836654663,0.6140578389167786,0.5380983352661133,-0.27353599667549133,0.9718031883239746,0.607994556427002,0.5336001515388489,0.3495798110961914,0.36611923575401306,0.6426898241043091,0.663724422454834,-0.19026896357536316,0.9780718684196472,0.6296253800392151,0.6442212462425232,0.5478067994117737,0.4749029278755188,0.6716638803482056,0.6822240352630615,-0.19142188131809235,0.9683739542961121,0.6564826965332031,0.6632577776908875,0.5708889961242676,0.5826770067214966,0.5326007604598999,0.6844562888145447,-0.3421587347984314,0.9682846665382385,0.5296964645385742,0.6687352061271667,0.4262186884880066,0.6093419194221497
334,squat,1,0.5266462564468384,0.22611041367053986,-0.05170311778783798,0.9998684525489807,0.5401553511619568,0.21634060144424438,-0.09745518863201141,0.9998694062232971,0.5440016984939575,0.21625515818595886,-0.09754545241594315,0.9998645782470703,0.5481696128845215,0.21610236167907715,-0.09759834408760071,0.9999008774757385,0.5370901823043823,0.2158670425415039,-0.01963704079389572,0.9998906850814819,0.5385743975639343,0.2155066430568695,-0.019513463601469994,0.9998849034309387,0.5405278205871582,0.2151344269514084,-0.01959514617919922,0.9999208450317383,0.5731620788574219,0.2196636199951172,-0.20834718644618988,0.9997656941413879,0.5674147605895996,0.2187405526638031,0.13138872385025024,0.9998658895492554,0.5387257933616638,0.23658974468708038,-0.08731181174516678,0.9997610449790955,0.5338877439498901,0.23611818253993988,0.012156438082456589,0.9996972680091858,0.5992812514305115,0.2682098150253296,-0.4347308576107025,0.9998673796653748,0.6236016750335693,0.2786325514316559,0.4062158763408661,0.9993923902511597,0.6106988787651062,0.34555649757385254,-0.48011213541030884,0.9858660101890564,0.6292858123779297,0.3592562675476074,0.4781334400177002,0.35857418179512024,0.5649847984313965,0.42124488949775696,-0.34404104948043823,0.9417880177497864,0.581568717956543,0.4261716604232788,0.3293786644935608,0.36707520484924316,0.5638651251792908,0.442661851644516,-0.40697842836380005,0.9140471816062927,0.5739688277244568,0.4447861611843109,0.33990561962127686,0.33207249641418457,0.5515937805175781,0.4413607716560364,-0.3777274787425995,0.9074525237083435,0.5686176419258118,0.44394057989120483,0.27484938502311707,0.33328890800476074,0.5540615916252136,0.4336475431919098,-0.32606834173202515,0.8884709477424622,0.5720881223678589,0.4372241199016571,0.29566219449043274,0.333217054605484,0.6966143846511841,0.41493433713912964,-0.25541478395462036,0.9996196031570435,0.6920210123062134,0.41561734676361084,0.25543931126594543,0.9992004632949829,0.6174454092979431,0.5385115742683411,-0.24566906690597534,0.9717392921447754,0.6146209836006165,0.5325778722763062,0.3312980532646179,0.36297744512557983,0.6437240839004517,0.663733720779419,-0.17717920243740082,0.97699373960495,0.6355622410774231,0.6453817486763,0.4900877773761749,0.4678541421890259,0.672594428062439,0.6824827194213867,-0.18019689619541168,0.9665306210517883,0.6606048941612244,0.6644908785820007,0.4971083700656891,0.5727640390396118,0.5299696326255798,0.6844443678855896,-0.33863380551338196,0.9658631086349487,0.5309733152389526,0.6687753200531006,0.36098894476890564,0.5992656350135803
335,squat,1,0.5274214744567871,0.22373726963996887,-0.06489822268486023,0.9998704791069031,0.5416088104248047,0.21321427822113037,-0.11324328929185867,0.9998700618743896,0.5455529093742371,0.2131439447402954,-0.1133076399564743,0.9998663067817688,0.5494701266288757,0.21307475864887238,-0.11339519917964935,0.9999017715454102,0.5378937125205994,0.21286898851394653,-0.03278298303484917,0.9998895525932312,0.5392386317253113,0.21255332231521606,-0.0326489619910717,0.9998839497566223,0.5409561395645142,0.21215441823005676,-0.0327126607298851,0.9999189376831055,0.5759080052375793,0.21675308048725128,-0.23616765439510345,0.9997796416282654,0.5707591772079468,0.21577294170856476,0.11529016494750977,0.9998607635498047,0.5397347807884216,0.23394884169101715,-0.10450844466686249,0.9997744560241699,0.5346899628639221,0.23392413556575775,-0.0019529708661139011,0.9997094869613647,0.6033450961112976,0.2648271322250366,-0.4627476930618286,0.9998793005943298,0.6228592395782471,0.27231258153915405,0.3818288743495941,0.9994073510169983,0.6295458674430847,0.3420286774635315,-0.5082604289054871,0.9869797825813293,0.6425752639770508,0.3502480983734131,0.46609097719192505,0.328925222158432,0.5868947505950928,0.41595160961151123,-0.37148717045783997,0.9461283683776855,0.6068736910820007,0.4144989848136902,0.33600619435310364,0.3374170660972595,0.5817916989326477,0.44142788648605347,-0.4348383843898773,0.9193040728569031,0.6000650525093079,0.43754926323890686,0.348508358001709,0.30626311898231506,0.5669065117835999,0.4393601715564728,-0.4057309329509735,0.9129835963249207,0.5905807018280029,0.4376586675643921,0.28231942653656006,0.3074207305908203,0.5708650350570679,0.43278470635414124,-0.35322707891464233,0.8936037421226501,0.5954647660255432,0.4298693537712097,0.3021073341369629,0.3076117932796478,0.6849855780601501,0.41269582509994507,-0.251650333404541,0.9995546936988831,0.6836305260658264,0.41302844882011414,0.251667320728302,0.9990485310554504,0.6181789636611938,0.5376948714256287,-0.21626117825508118,0.9700835943222046,0.6209222078323364,0.5314413905143738,0.3092702031135559,0.354169636964798,0.6435953378677368,0.66316157579422,-0.11049716919660568,0.9736157655715942,0.6371752619743347,0.6454059481620789,0.40844225883483887,0.4590170979499817,0.6717337369918823,0.6825999617576599,-0.10847112536430359,0.9621267318725586,0.659429669380188,0.664423406124115,0.4096846282482147,0.5608072876930237,0.5286350846290588,0.6815895438194275,-0.2658056616783142,0.9607580304145813,0.530621349811554,0.668384850025177,0.2755250632762909,0.5871078968048096
336,squat,1,0.5303804874420166,0.2194390743970871,-0.1304810643196106,0.99986732006073,0.5449024438858032,0.20920510590076447,-0.18101389706134796,0.9998648166656494,0.548896074295044,0.20908404886722565,-0.18106450140476227,0.9998632669448853,0.5528689622879028,0.2089158594608307,-0.18118718266487122,0.9998984932899475,0.5415340662002563,0.20902109146118164,-0.10093488544225693,0.9998815059661865,0.5431555509567261,0.20878538489341736,-0.10078823566436768,0.9998756051063538,0.545097291469574,0.2084103524684906,-0.100850909948349,0.9999101161956787,0.5800451636314392,0.212614968419075,-0.30015894770622253,0.9997896552085876,0.574800431728363,0.2117249071598053,0.04905056953430176,0.9998466968536377,0.5415502786636353,0.23005950450897217,-0.16775459051132202,0.999783992767334,0.5372619032859802,0.23016135394573212,-0.0656270757317543,0.9997148513793945,0.6064299941062927,0.2622537910938263,-0.4973197281360626,0.999890148639679,0.6209237575531006,0.26872286200523376,0.3066888451576233,0.9994003176689148,0.6462114453315735,0.3370990455150604,-0.542681097984314,0.9880146384239197,0.6414118409156799,0.3411710262298584,0.38842469453811646,0.3025464117527008,0.6334765553474426,0.41170892119407654,-0.4537014067173004,0.9501015543937683,0.6321027874946594,0.40936243534088135,0.27178940176963806,0.31032121181488037,0.6417250037193298,0.4407006800174713,-0.5247622132301331,0.9241349101066589,0.6367673873901367,0.4340880215167999,0.2854924201965332,0.2826000452041626,0.6301648020744324,0.4382406771183014,-0.5015888810157776,0.9181237816810608,0.6344192028045654,0.43344923853874207,0.21346406638622284,0.28372490406036377,0.6281259059906006,0.43224647641181946,-0.4396725296974182,0.8987443447113037,0.6336657404899597,0.42549288272857666,0.23719725012779236,0.2841719388961792,0.6741867661476135,0.4129779040813446,-0.24309171736240387,0.9994357824325562,0.6664087772369385,0.4138680100440979,0.24319493770599365,0.9987589120864868,0.626214325428009,0.5376861691474915,-0.18751806020736694,0.9645839333534241,0.6244160532951355,0.5313956141471863,0.2857358455657959,0.33628150820732117,0.6414960026741028,0.6620669364929199,-0.0764172375202179,0.9653061032295227,0.6369900107383728,0.6448139548301697,0.40142375230789185,0.4362391233444214,0.6716651916503906,0.6828080415725708,-0.07548025250434875,0.9538828730583191,0.6593109369277954,0.6643860340118408,0.4046671688556671,0.5394856929779053,0.52912437915802,0.6816340684890747,-0.25000426173210144,0.9492072463035583,0.5306640863418579,0.6687730550765991,0.2657238245010376,0.5632590651512146
337,squat,1,0.5336692929267883,0.21585214138031006,-0.13861891627311707,0.9998673796653748,0.5485118627548218,0.20604307949543,-0.18736828863620758,0.9998624324798584,0.5525712370872498,0.20599563419818878,-0.18740998208522797,0.9998636245727539,0.5567111372947693,0.20593975484371185,-0.18751151859760284,0.9998979568481445,0.5450730919837952,0.20580950379371643,-0.1086285263299942,0.9998747706413269,0.546727180480957,0.20557142794132233,-0.10850594937801361,0.9998684525489807,0.5486563444137573,0.20525765419006348,-0.10856609791517258,0.9999014139175415,0.5839031934738159,0.21065624058246613,-0.30064505338668823,0.9998012781143188,0.5774222016334534,0.2092820107936859,0.04259825870394707,0.9998309016227722,0.5433000326156616,0.22700676321983337,-0.17357823252677917,0.9997957944869995,0.5392122268676758,0.227063849568367,-0.07325125485658646,0.9997231960296631,0.6089480519294739,0.25884005427360535,-0.5020461082458496,0.9999006986618042,0.6181381940841675,0.2663549482822418,0.30510494112968445,0.9993938207626343,0.6532803177833557,0.33303144574165344,-0.5578442215919495,0.9890896081924438,0.6374872326850891,0.3402652442455292,0.3965623378753662,0.278786838054657,0.6563946008682251,0.4083690345287323,-0.5044453144073486,0.9547123312950134,0.6375550031661987,0.40460649132728577,0.27991992235183716,0.28792130947113037,0.6663631200790405,0.436726838350296,-0.5794790983200073,0.9307682514190674,0.6399950981140137,0.4307843744754791,0.29351574182510376,0.2635557949542999,0.6486296057701111,0.43805840611457825,-0.5605623722076416,0.9252667427062988,0.6380805969238281,0.43174025416374207,0.2205696851015091,0.264778196811676,0.6454244256019592,0.4307026267051697,-0.4916714131832123,0.9070612788200378,0.6361078023910522,0.42231589555740356,0.2452029287815094,0.265399307012558,0.6684389114379883,0.4102276563644409,-0.2405950129032135,0.9993681907653809,0.6545752286911011,0.4109807014465332,0.24068143963813782,0.9985527992248535,0.63077312707901,0.5356360673904419,-0.17578153312206268,0.9618925452232361,0.6249762177467346,0.5295557975769043,0.27393585443496704,0.3229888677597046,0.641464352607727,0.6621263027191162,-0.06267470121383667,0.9616301655769348,0.6390549540519714,0.6431111693382263,0.3994236886501312,0.4227880835533142,0.6714460849761963,0.6827967166900635,-0.06169356778264046,0.9474350810050964,0.6604540944099426,0.6628965735435486,0.4031282663345337,0.5256894826889038,0.5291650891304016,0.6825531125068665,-0.2465096265077591,0.9447267055511475,0.5307790637016296,0.6689268350601196,0.26091551780700684,0.5529190301895142
338,squat,1,0.5342012643814087,0.2145528346300125,-0.12300676107406616,0.9998703598976135,0.5492796301841736,0.20481936633586884,-0.17127753794193268,0.9998640418052673,0.5534509420394897,0.20479635894298553,-0.1713326871395111,0.9998672604560852,0.5579394102096558,0.20476573705673218,-0.17144180834293365,0.9999001622200012,0.5455700159072876,0.20455868542194366,-0.09308350831270218,0.999872088432312,0.54710453748703,0.20430967211723328,-0.0929369106888771,0.9998653531074524,0.5488608479499817,0.20401030778884888,-0.09298570454120636,0.9998959302902222,0.5850905776023865,0.20993705093860626,-0.2839888334274292,0.9998146295547485,0.577363908290863,0.2085644155740738,0.05717115104198456,0.9998211860656738,0.5437221527099609,0.22555586695671082,-0.15793046355247498,0.9998089075088501,0.5389688611030579,0.225691020488739,-0.05831038951873779,0.9997345805168152,0.6099802851676941,0.2576616406440735,-0.48894116282463074,0.9999103546142578,0.6141915917396545,0.26582959294319153,0.31744158267974854,0.9993844628334045,0.6591449975967407,0.33206626772880554,-0.5491917729377747,0.9900434613227844,0.6414517164230347,0.3380771279335022,0.40726596117019653,0.25514915585517883,0.6714768409729004,0.4076892137527466,-0.4968120753765106,0.9588605761528015,0.6506540179252625,0.40437743067741394,0.2862671911716461,0.2658720016479492,0.6863207817077637,0.43460991978645325,-0.571128249168396,0.9367513060569763,0.6593285202980042,0.4278833270072937,0.2982425391674042,0.24503108859062195,0.6686906814575195,0.43751540780067444,-0.552984893321991,0.931697428226471,0.651789665222168,0.42960837483406067,0.22384360432624817,0.2462734878063202,0.6628491282463074,0.4299900233745575,-0.48414814472198486,0.9145830869674683,0.6487331390380859,0.4212496280670166,0.25065550208091736,0.24712185561656952,0.667207658290863,0.40932321548461914,-0.23940148949623108,0.999354362487793,0.6514675617218018,0.40981847047805786,0.2394913285970688,0.9984460473060608,0.6320062875747681,0.534822940826416,-0.17719748616218567,0.9602844715118408,0.6229836940765381,0.5295919179916382,0.27276498079299927,0.311930388212204,0.6426329016685486,0.6621639728546143,-0.07834197580814362,0.9586858153343201,0.6392629146575928,0.6431566476821899,0.3978870213031769,0.4112754762172699,0.6727419495582581,0.6828213930130005,-0.07906704396009445,0.9403389096260071,0.6610067486763,0.6632049679756165,0.4017927646636963,0.5132773518562317,0.5291140079498291,0.6843401193618774,-0.26136982440948486,0.9406240582466125,0.5303099155426025,0.6692190170288086,0.2631908357143402,0.5441548228263855
339,squat,1,0.5347422957420349,0.2119288593530655,-0.13150252401828766,0.9998741745948792,0.5505411624908447,0.20182451605796814,-0.18073119223117828,0.9998669028282166,0.5547419190406799,0.20179596543312073,-0.18081629276275635,0.9998719096183777,0.5593178272247314,0.20177124440670013,-0.1809563785791397,0.9999029636383057,0.547010064125061,0.20171375572681427,-0.10176914930343628,0.9998711943626404,0.5486512780189514,0.2015250027179718,-0.10161931812763214,0.9998648166656494,0.5504923462867737,0.2012474685907364,-0.10163556039333344,0.9998926520347595,0.5874835252761841,0.2079211175441742,-0.2959435284137726,0.9998278617858887,0.5798923969268799,0.20642948150634766,0.04891613870859146,0.9998173713684082,0.5439808964729309,0.22301042079925537,-0.16736043989658356,0.999821662902832,0.5389060974121094,0.2233174443244934,-0.0667191669344902,0.999747097492218,0.6125392317771912,0.2587674558162689,-0.4909324049949646,0.9999189972877502,0.6105479001998901,0.26634788513183594,0.3017990291118622,0.9993743300437927,0.6677578687667847,0.332241415977478,-0.5429110527038574,0.9909031391143799,0.6473712921142578,0.3382398784160614,0.38906610012054443,0.23368708789348602,0.6798534989356995,0.4074598550796509,-0.47813189029693604,0.9625346660614014,0.6575356721878052,0.4048604667186737,0.26558929681777954,0.2451985776424408,0.6966731548309326,0.4340062737464905,-0.5506193041801453,0.9419925808906555,0.6683616042137146,0.42652255296707153,0.2751026749610901,0.22733661532402039,0.6803719997406006,0.43698543310165405,-0.5331491827964783,0.937326192855835,0.6607051491737366,0.4286136329174042,0.2002924531698227,0.2285519391298294,0.6729304790496826,0.4298398494720459,-0.4655349552631378,0.9211520552635193,0.6553369164466858,0.42031148076057434,0.22975006699562073,0.229576975107193,0.662697970867157,0.40978413820266724,-0.23636293411254883,0.9993502497673035,0.6475309729576111,0.41100209951400757,0.23646880686283112,0.9983643889427185,0.6340500712394714,0.5349632501602173,-0.18083807826042175,0.9587145447731018,0.6256428956985474,0.5296356678009033,0.2683447301387787,0.3005061745643616,0.6429347395896912,0.6627926826477051,-0.07985562086105347,0.9561849236488342,0.6394644975662231,0.64415043592453,0.38698768615722656,0.4008845388889313,0.6730395555496216,0.6828111410140991,-0.08081227540969849,0.9339795708656311,0.6623952388763428,0.6647915244102478,0.3896787464618683,0.5020830631256104,0.5296091437339783,0.685505747795105,-0.267696350812912,0.9373664259910583,0.531319797039032,0.6711675524711609,0.24883629381656647,0.5374894738197327
340,squat,1,0.5337526798248291,0.21293263137340546,-0.0924142375588417,0.9998819231987,0.5498768091201782,0.20244482159614563,-0.13612239062786102,0.9998741149902344,0.5542190670967102,0.20230625569820404,-0.13620559871196747,0.9998796582221985,0.5588618516921997,0.20215129852294922,-0.13632835447788239,0.9999085068702698,0.5460717678070068,0.2023484855890274,-0.06378822773694992,0.9998767971992493,0.547583281993866,0.2021392583847046,-0.06355646252632141,0.9998703002929688,0.5493081212043762,0.20178596675395966,-0.06353356689214706,0.9998956918716431,0.5870229601860046,0.20756269991397858,-0.24055564403533936,0.9998418688774109,0.5788199305534363,0.2064763754606247,0.07151265442371368,0.9998222589492798,0.5439581871032715,0.22379428148269653,-0.12420100718736649,0.9998353123664856,0.5383032560348511,0.22402188181877136,-0.032738007605075836,0.9997631907463074,0.6109911799430847,0.2570545971393585,-0.4350660741329193,0.9999268651008606,0.6093202233314514,0.2650120258331299,0.3201052248477936,0.9993693828582764,0.6687326431274414,0.330740362405777,-0.5090998411178589,0.9916972517967224,0.6496543884277344,0.3387145698070526,0.40946677327156067,0.21431982517242432,0.6893561482429504,0.40550410747528076,-0.4629446268081665,0.9660180807113647,0.6667187809944153,0.4058803915977478,0.29563823342323303,0.22747990489006042,0.7109783291816711,0.4312402009963989,-0.531981885433197,0.9471234679222107,0.683397650718689,0.4274083375930786,0.30777931213378906,0.21214812994003296,0.6958240270614624,0.4346287250518799,-0.5136423707008362,0.9428396821022034,0.6781022548675537,0.4286755621433258,0.23760123550891876,0.2132217288017273,0.6863535642623901,0.4280247688293457,-0.4501786530017853,0.9277560114860535,0.6700447797775269,0.42112693190574646,0.263184130191803,0.2143540382385254,0.6509783267974854,0.4067486822605133,-0.22661162912845612,0.9993594884872437,0.6428065299987793,0.4088684916496277,0.22664198279380798,0.9983461499214172,0.6335276365280151,0.5340669751167297,-0.19223766028881073,0.9577404260635376,0.6276572942733765,0.5297339558601379,0.2193334847688675,0.29279425740242004,0.6434215903282166,0.6635702848434448,-0.0935334712266922,0.9529973268508911,0.6395535469055176,0.6486428380012512,0.30029141902923584,0.3911508023738861,0.6731172204017639,0.6828340291976929,-0.08569151163101196,0.9256428480148315,0.6631011366844177,0.6689828038215637,0.2993117868900299,0.48978397250175476,0.5294260382652283,0.6858372688293457,-0.3034912645816803,0.9343445897102356,0.5310350060462952,0.6733173131942749,0.1525929868221283,0.5299050807952881
341,squat,1,0.5312551259994507,0.2133428454399109,-0.05153103917837143,0.9998866319656372,0.5489292144775391,0.20351126790046692,-0.09552428126335144,0.9998781681060791,0.5533518195152283,0.20338985323905945,-0.09561872482299805,0.9998844861984253,0.5581696033477783,0.20325423777103424,-0.09572748094797134,0.9999116063117981,0.5448853373527527,0.20340324938297272,-0.023078322410583496,0.9998794794082642,0.5462827086448669,0.20318442583084106,-0.022883670404553413,0.9998729825019836,0.5478301048278809,0.20285823941230774,-0.02288748137652874,0.9998963475227356,0.5851038694381714,0.20789334177970886,-0.20506182312965393,0.9998531341552734,0.5781146883964539,0.20736902952194214,0.10808397829532623,0.9998238682746887,0.5422355532646179,0.22362340986728668,-0.085942842066288,0.9998459815979004,0.5361097455024719,0.22355617582798004,0.0057708341628313065,0.9997742772102356,0.610827624797821,0.2562525272369385,-0.39735928177833557,0.9999337792396545,0.6035176515579224,0.26475653052330017,0.3280688524246216,0.9993479251861572,0.6695178747177124,0.32941293716430664,-0.46323034167289734,0.9923925995826721,0.6510980129241943,0.33781954646110535,0.41449853777885437,0.19737109541893005,0.6950136423110962,0.40265125036239624,-0.43865495920181274,0.9690735936164856,0.6743626594543457,0.4047833979129791,0.29872971773147583,0.21233543753623962,0.7162137031555176,0.4266813397407532,-0.5059652924537659,0.9515470862388611,0.6931706666946411,0.42624515295028687,0.3072914481163025,0.19933277368545532,0.701646625995636,0.4295041561126709,-0.4861612915992737,0.9475775957107544,0.6860583424568176,0.4277295172214508,0.23949119448661804,0.20024998486042023,0.6922933459281921,0.4238493740558624,-0.4249689280986786,0.933387041091919,0.6772938966751099,0.4205901026725769,0.26622042059898376,0.20144832134246826,0.6458349823951721,0.408070832490921,-0.22010815143585205,0.9993565678596497,0.6365934610366821,0.4103511571884155,0.22014029324054718,0.9982728958129883,0.6313129663467407,0.534273087978363,-0.19231164455413818,0.9564349055290222,0.6258065700531006,0.530816376209259,0.2109273076057434,0.2830929160118103,0.6435168981552124,0.6644675731658936,-0.10520725697278976,0.9486706256866455,0.6397990584373474,0.6504102349281311,0.2892332375049591,0.3777022659778595,0.6730936169624329,0.6831362247467041,-0.09888249635696411,0.9187580347061157,0.6638237237930298,0.6709000468254089,0.28810545802116394,0.4765642583370209,0.527727484703064,0.6853575110435486,-0.30380627512931824,0.9297980070114136,0.5297229886054993,0.6729931831359863,0.1503119021654129,0.5180264711380005
342,squat,1,0.5258562564849854,0.2136562168598175,-0.09735521674156189,0.9998874068260193,0.544110894203186,0.20399421453475952,-0.14324891567230225,0.9998776316642761,0.5488817095756531,0.20390847325325012,-0.14331132173538208,0.9998857378959656,0.5540624260902405,0.20378023386001587,-0.1434343159198761,0.9999116659164429,0.53926020860672,0.20387308299541473,-0.0683773085474968,0.9998764395713806,0.5404021143913269,0.2036474496126175,-0.06820472329854965,0.9998703002929688,0.5416647791862488,0.20331457257270813,-0.06821710616350174,0.9998916387557983,0.5833940505981445,0.20802506804466248,-0.25573500990867615,0.9998610019683838,0.5716522932052612,0.20764265954494476,0.07036039978265762,0.9998148679733276,0.5385237336158752,0.22417829930782318,-0.13287542760372162,0.999853253364563,0.5315804481506348,0.22386573255062103,-0.03777271881699562,0.9997783303260803,0.6100122332572937,0.25658097863197327,-0.438866525888443,0.9999399781227112,0.5966603755950928,0.2651914060115814,0.29718148708343506,0.9993122220039368,0.6696446537971497,0.3311353623867035,-0.4987720549106598,0.9930298924446106,0.6488757133483887,0.3394145667552948,0.3725462853908539,0.1828603595495224,0.6987981200218201,0.40402549505233765,-0.4701075851917267,0.9718322157859802,0.6749812960624695,0.40576252341270447,0.25111934542655945,0.19943486154079437,0.7206624746322632,0.42688560485839844,-0.5414512157440186,0.9555295705795288,0.6928622126579285,0.4267125129699707,0.25369781255722046,0.1885930597782135,0.7029698491096497,0.4294878840446472,-0.5266562104225159,0.9518615007400513,0.6850652098655701,0.4279988408088684,0.18620282411575317,0.18938729166984558,0.6932981014251709,0.4238809645175934,-0.4585578441619873,0.9384650588035583,0.6768202781677246,0.4210415482521057,0.2183411419391632,0.19054259359836578,0.6451430916786194,0.40978488326072693,-0.2225431650876999,0.9993206262588501,0.6314399242401123,0.41191795468330383,0.22258317470550537,0.9980912208557129,0.6309568881988525,0.5350307822227478,-0.1877983659505844,0.955622136592865,0.6247792840003967,0.5332596898078918,0.2271593064069748,0.27411454916000366,0.6437463760375977,0.6645317077636719,-0.09486580640077591,0.9460889101028442,0.6398912668228149,0.6502047181129456,0.3294323682785034,0.36598554253578186,0.673841118812561,0.683141827583313,-0.0943872407078743,0.9151083827018738,0.6656699776649475,0.6709332466125488,0.330997496843338,0.46466416120529175,0.527745246887207,0.685337245464325,-0.2919614017009735,0.926470935344696,0.530085563659668,0.6729505658149719,0.19736018776893616,0.5076087713241577
343,squat,1,0.5169198513031006,0.21474604308605194,-0.09495456516742706,0.9998896718025208,0.5360930562019348,0.20530083775520325,-0.14105971157550812,0.9998791813850403,0.5408203601837158,0.20523007214069366,-0.14112167060375214,0.9998885989189148,0.5457454323768616,0.20514190196990967,-0.1412326991558075,0.9999130964279175,0.5316240191459656,0.20511634647846222,-0.06570350378751755,0.9998762011528015,0.5332619547843933,0.2048439085483551,-0.0655498132109642,0.9998705387115479,0.535036563873291,0.2044818103313446,-0.06556976586580276,0.9998899698257446,0.5763413906097412,0.20949500799179077,-0.2542302906513214,0.9998692274093628,0.5646219849586487,0.20893310010433197,0.07459669560194016,0.9998131990432739,0.530723512172699,0.22511817514896393,-0.13078069686889648,0.9998610019683838,0.5238169431686401,0.22489693760871887,-0.03490685299038887,0.9997847676277161,0.6074591279029846,0.2578100264072418,-0.44072920083999634,0.9999457001686096,0.5918530225753784,0.26650819182395935,0.30534741282463074,0.9992993474006653,0.6675919890403748,0.33262574672698975,-0.5019205808639526,0.9936172366142273,0.6466967463493347,0.34110093116760254,0.3829544186592102,0.17024877667427063,0.695263147354126,0.4049433171749115,-0.47528037428855896,0.974360466003418,0.6726573705673218,0.40603163838386536,0.26458901166915894,0.18792033195495605,0.7173972129821777,0.4272814095020294,-0.5473750829696655,0.9592388868331909,0.6901893019676208,0.4272671639919281,0.26939237117767334,0.1789039820432663,0.6993234753608704,0.4295557737350464,-0.531550407409668,0.955849289894104,0.6828916072845459,0.42973989248275757,0.20248031616210938,0.17954695224761963,0.6896021366119385,0.4239230155944824,-0.46356481313705444,0.9432041049003601,0.6745131015777588,0.42261040210723877,0.23204277455806732,0.1806543916463852,0.6439250707626343,0.4108754098415375,-0.22415055334568024,0.9993242025375366,0.631148099899292,0.4128897488117218,0.2242003083229065,0.9980392456054688,0.6211650371551514,0.5350695252418518,-0.18968640267848969,0.9559050798416138,0.6198209524154663,0.5337808132171631,0.21846282482147217,0.26735150814056396,0.6437383890151978,0.6645620465278625,-0.09722695499658585,0.9454767107963562,0.6397935152053833,0.6499924063682556,0.3230910301208496,0.3561457395553589,0.6739729046821594,0.6831178665161133,-0.09885410219430923,0.913724422454834,0.665790319442749,0.6709621548652649,0.3244422674179077,0.45514118671417236,0.5277042388916016,0.6850221753120422,-0.30046743154525757,0.9258437156677246,0.5300548076629639,0.6728835105895996,0.19238612055778503,0.4997733533382416
344,squat,1,0.50922691822052,0.21697381138801575,-0.14135785400867462,0.9998912215232849,0.5289267301559448,0.20739589631557465,-0.1795469969511032,0.9998788833618164,0.5345631837844849,0.2072712779045105,-0.17960533499717712,0.9998895525932312,0.5403798222541809,0.20712830126285553,-0.17973190546035767,0.9999135732650757,0.5222641825675964,0.20725905895233154,-0.11074180901050568,0.9998754262924194,0.5231599807739258,0.20697614550590515,-0.11062142997980118,0.9998689293861389,0.524425745010376,0.20658743381500244,-0.11063554137945175,0.9998865723609924,0.569704532623291,0.2113555371761322,-0.25990229845046997,0.9998757839202881,0.553015410900116,0.2106158584356308,0.042004480957984924,0.9998074769973755,0.5259809494018555,0.22748425602912903,-0.1642298847436905,0.9998670220375061,0.5166259407997131,0.22726862132549286,-0.07698161154985428,0.9997898936271667,0.6015118360519409,0.2595973312854767,-0.44908544421195984,0.9999507665634155,0.5883260369300842,0.26744285225868225,0.29105743765830994,0.9992942810058594,0.6647604703903198,0.3346441984176636,-0.5183278322219849,0.9941660165786743,0.6456871628761292,0.34272876381874084,0.36447587609291077,0.1601218581199646,0.6941087245941162,0.40762248635292053,-0.4904160797595978,0.976626992225647,0.6743514537811279,0.40851616859436035,0.24557393789291382,0.1784788966178894,0.7162125706672668,0.42965736985206604,-0.5612371563911438,0.9625316858291626,0.6930743455886841,0.42957353591918945,0.24951472878456116,0.17131729423999786,0.6970446705818176,0.432535856962204,-0.5461704134941101,0.9594001770019531,0.6837783455848694,0.43269819021224976,0.18443258106708527,0.17184942960739136,0.6870654821395874,0.42679691314697266,-0.4786182940006256,0.9474449753761292,0.6748401522636414,0.42588669061660767,0.21426120400428772,0.17275913059711456,0.6458231210708618,0.4116431474685669,-0.22503334283828735,0.9993226528167725,0.6345549821853638,0.4135694205760956,0.22509607672691345,0.9980112314224243,0.6027601361274719,0.5357520580291748,-0.19690588116645813,0.9568080306053162,0.6101544499397278,0.5351033210754395,0.2031090408563614,0.26627132296562195,0.6437392234802246,0.6638612151145935,-0.10352519154548645,0.9447747468948364,0.6406566500663757,0.6505197286605835,0.3124859035015106,0.34995850920677185,0.6739720106124878,0.6819227933883667,-0.10504662990570068,0.911916196346283,0.6671309471130371,0.6715689897537231,0.3137954771518707,0.446586549282074,0.5276399254798889,0.6844944953918457,-0.2954210937023163,0.9252943396568298,0.5300416946411133,0.6727186441421509,0.1789378970861435,0.49141740798950195
345,squat,1,0.5018283724784851,0.2230101078748703,-0.2971540093421936,0.9998917579650879,0.5218492150306702,0.21320848166942596,-0.3144901394844055,0.9998756051063538,0.5280830264091492,0.21293869614601135,-0.3145412802696228,0.9998869299888611,0.5350443720817566,0.21269094944000244,-0.31469598412513733,0.9999117255210876,0.5120401978492737,0.21316246688365936,-0.25507092475891113,0.9998732805252075,0.5116653442382812,0.21285244822502136,-0.2549465298652649,0.9998632073402405,0.5115043520927429,0.21247024834156036,-0.2549303472042084,0.9998783469200134,0.5635058283805847,0.2170366495847702,-0.3032875657081604,0.9998791217803955,0.5376370549201965,0.21637184917926788,-0.04421747848391533,0.9997899532318115,0.5201151371002197,0.2361888885498047,-0.28809770941734314,0.9998679757118225,0.508305013179779,0.2350466549396515,-0.21267835795879364,0.9997865557670593,0.5957959890365601,0.26563408970832825,-0.4823437035083771,0.9999549984931946,0.5813232064247131,0.27015548944473267,0.27432531118392944,0.9992413520812988,0.6631814241409302,0.34328851103782654,-0.5662141442298889,0.9946344494819641,0.6440476775169373,0.3494913876056671,0.368611603975296,0.14797663688659668,0.682411789894104,0.42447981238365173,-0.5594347715377808,0.9784705638885498,0.6649074554443359,0.41885584592819214,0.2418694645166397,0.16660645604133606,0.6977158188819885,0.4457758069038391,-0.6324111819267273,0.9649937748908997,0.6788510084152222,0.4387091100215912,0.25149548053741455,0.1614753156900406,0.6803962588310242,0.44715332984924316,-0.6141805052757263,0.9620908498764038,0.6695197224617004,0.44281134009361267,0.1817304790019989,0.1619010865688324,0.6733950972557068,0.4410211145877838,-0.5466814637184143,0.9504469037055969,0.6629989743232727,0.43584391474723816,0.20945864915847778,0.16282214224338531,0.6460658311843872,0.4191688299179077,-0.23516125977039337,0.9992868900299072,0.6384438872337341,0.42046019434928894,0.23519481718540192,0.9979230761528015,0.569437563419342,0.5389321446418762,-0.23493342101573944,0.9580516219139099,0.5773117542266846,0.5379199385643005,0.18495361506938934,0.2726522982120514,0.6427623629570007,0.663807213306427,-0.1071116253733635,0.9444752335548401,0.6383489966392517,0.6543716192245483,0.31989648938179016,0.34807878732681274,0.6739979982376099,0.6804565191268921,-0.10760717839002609,0.9093186259269714,0.6670088768005371,0.6735565066337585,0.32292985916137695,0.43933677673339844,0.5270629525184631,0.6844257712364197,-0.27821969985961914,0.9247390627861023,0.5259585380554199,0.673755943775177,0.1919085532426834,0.4814627170562744
346,squat,1,0.5009089112281799,0.23154324293136597,-0.4288237690925598,0.9998970627784729,0.5214956998825073,0.2213600128889084,-0.43013420701026917,0.9998795390129089,0.528170108795166,0.22106994688510895,-0.43018168210983276,0.9998897910118103,0.5351502299308777,0.22085468471050262,-0.4303477108478546,0.9999136328697205,0.5096616744995117,0.2214031219482422,-0.37206974625587463,0.9998788833618164,0.5080426335334778,0.22109219431877136,-0.37194034457206726,0.9998673796653748,0.506367564201355,0.22069142758846283,-0.37189310789108276,0.9998805522918701,0.5631293654441833,0.2256014049053192,-0.3492388129234314,0.9998843669891357,0.5289613008499146,0.22476132214069366,-0.0959680899977684,0.9997932314872742,0.519804835319519,0.245179682970047,-0.3959072530269623,0.9998705387115479,0.5053195953369141,0.2437472939491272,-0.3217705190181732,0.9997896552085876,0.5943644642829895,0.27642127871513367,-0.4947919547557831,0.9999582171440125,0.5736351609230042,0.27937647700309753,0.2718891501426697,0.9992163777351379,0.6616746187210083,0.3546466529369354,-0.5546292066574097,0.9949096441268921,0.6407411694526672,0.36082881689071655,0.3773721754550934,0.13800173997879028,0.6755167245864868,0.4363486170768738,-0.5427560210227966,0.9794461131095886,0.6626585721969604,0.4293091893196106,0.22421036660671234,0.15842324495315552,0.6895996928215027,0.4599214792251587,-0.6125916242599487,0.9657089114189148,0.6785557866096497,0.44951939582824707,0.2318619191646576,0.15510553121566772,0.6748897433280945,0.4609127640724182,-0.6009243726730347,0.9630184173583984,0.6594790816307068,0.4527661204338074,0.1583544909954071,0.15544497966766357,0.6683815717697144,0.45392850041389465,-0.5330734848976135,0.9509329199790955,0.6553429961204529,0.4455086886882782,0.19031456112861633,0.15626859664916992,0.6536452770233154,0.42859959602355957,-0.25180327892303467,0.9992662072181702,0.6411139965057373,0.4288622736930847,0.2518203854560852,0.9979171752929688,0.5448296666145325,0.542138397693634,-0.2709018886089325,0.9583531022071838,0.5508744716644287,0.5386533737182617,0.1670476198196411,0.28241604566574097,0.6411572098731995,0.6640094518661499,-0.10822552442550659,0.9444833397865295,0.632802426815033,0.655174732208252,0.3483433723449707,0.3493318259716034,0.6740807294845581,0.6801432967185974,-0.1040949895977974,0.9063925743103027,0.6658534407615662,0.6739532351493835,0.3582485616207123,0.4371635615825653,0.5269305109977722,0.6844165325164795,-0.264060378074646,0.9246481657028198,0.5242378115653992,0.6744399070739746,0.2375316321849823,0.47528427839279175
347,squat,1,0.5019456744194031,0.2379058301448822,-0.5089589357376099,0.9999064803123474,0.5223289132118225,0.22850950062274933,-0.5020861625671387,0.9998902678489685,0.5303781628608704,0.22851495444774628,-0.5021423697471619,0.9998993873596191,0.5388227701187134,0.22870813310146332,-0.5023260116577148,0.9999210834503174,0.5108481049537659,0.22844702005386353,-0.4441281855106354,0.9998899102210999,0.5089128613471985,0.22835850715637207,-0.4439789950847626,0.9998790621757507,0.5066375136375427,0.228225439786911,-0.4438694715499878,0.9998908042907715,0.565654993057251,0.23515813052654266,-0.3879144489765167,0.9998947381973267,0.5244553089141846,0.23340754210948944,-0.13485729694366455,0.9998112916946411,0.5202256441116333,0.25177162885665894,-0.4649847447872162,0.9998814463615417,0.5049136877059937,0.2495008409023285,-0.390919029712677,0.9998072385787964,0.5944163799285889,0.2857971787452698,-0.5114210247993469,0.999961793422699,0.5639393329620361,0.2892322838306427,0.2613222002983093,0.9992504119873047,0.6602444648742676,0.3670411705970764,-0.5560856461524963,0.9952235221862793,0.6258099675178528,0.37212446331977844,0.38108786940574646,0.13410770893096924,0.6730409860610962,0.44390612840652466,-0.5542582273483276,0.9807488322257996,0.6291012763977051,0.4388197660446167,0.1866643875837326,0.1617400050163269,0.6893773674964905,0.4698898196220398,-0.6275269389152527,0.9672207832336426,0.6325953602790833,0.45963186025619507,0.18546724319458008,0.1589944064617157,0.6646894216537476,0.4705852270126343,-0.6256176829338074,0.9648061394691467,0.6182438135147095,0.4612475633621216,0.10821492969989777,0.15953268110752106,0.6581324934959412,0.4627377390861511,-0.5489621758460999,0.9527629613876343,0.617678165435791,0.45361873507499695,0.1500001698732376,0.15994121134281158,0.6605559587478638,0.4345466196537018,-0.2613113224506378,0.9993013739585876,0.6416358947753906,0.43481966853141785,0.26134005188941956,0.9980385899543762,0.5250462889671326,0.5445619821548462,-0.2856747806072235,0.9595341682434082,0.5281295776367188,0.5397839546203613,0.16307224333286285,0.30251869559288025,0.6367115378379822,0.6640490293502808,-0.10022890567779541,0.9465064406394958,0.6251033544540405,0.654813289642334,0.38717788457870483,0.36289292573928833,0.670617938041687,0.6794893145561218,-0.09095373749732971,0.9066134095191956,0.6578966379165649,0.6736258268356323,0.39943796396255493,0.4440506100654602,0.5263200402259827,0.6846821904182434,-0.24579378962516785,0.9270936846733093,0.5215444564819336,0.6760013103485107,0.28207874298095703,0.48004695773124695
348,squat,1,0.5079845786094666,0.24353502690792084,-0.5432335138320923,0.9999151229858398,0.5303304195404053,0.23612964153289795,-0.5351894497871399,0.999900221824646,0.5404918193817139,0.23599866032600403,-0.5352720618247986,0.9999083876609802,0.5508715510368347,0.23605860769748688,-0.5354486703872681,0.9999281167984009,0.5141794681549072,0.23609335720539093,-0.4815157353878021,0.9998999834060669,0.5104919075965881,0.23588648438453674,-0.4813888669013977,0.9998898506164551,0.5078092813491821,0.23562262952327728,-0.4812908470630646,0.9999002814292908,0.5765779614448547,0.24220433831214905,-0.4183555841445923,0.999904453754425,0.5280070900917053,0.23992936313152313,-0.1836557239294052,0.999828040599823,0.5247056484222412,0.25578945875167847,-0.498867005109787,0.9998917579650879,0.5054924488067627,0.2537742853164673,-0.4303112328052521,0.9998233914375305,0.6013760566711426,0.296311616897583,-0.5266009569168091,0.9999648928642273,0.5612711310386658,0.29971709847450256,0.1974315196275711,0.9992831349372864,0.6594449877738953,0.37782031297683716,-0.5611382722854614,0.9955241680145264,0.6068071126937866,0.38337811827659607,0.33845508098602295,0.13393104076385498,0.6676263213157654,0.4490164816379547,-0.5612230896949768,0.982043445110321,0.5808554291725159,0.44305485486984253,0.1377038210630417,0.1749313920736313,0.6764645576477051,0.4742262065410614,-0.6285709738731384,0.9688942432403564,0.5698262453079224,0.46062877774238586,0.13160622119903564,0.17153207957744598,0.6463527083396912,0.47519809007644653,-0.6334911584854126,0.9667470455169678,0.5594550967216492,0.46213728189468384,0.05656472221016884,0.17260107398033142,0.6410785913467407,0.4667268395423889,-0.5582315921783447,0.9549926519393921,0.5683942437171936,0.4554571807384491,0.10128220170736313,0.17230655252933502,0.6609649062156677,0.4429461658000946,-0.2605419158935547,0.9993497729301453,0.6314144730567932,0.4432363212108612,0.2604162395000458,0.9981859922409058,0.5134692192077637,0.5468596816062927,-0.3253784477710724,0.9610283374786377,0.5113558769226074,0.542620837688446,0.10167675465345383,0.33252909779548645,0.6343268156051636,0.6632108092308044,-0.1584109216928482,0.9493462443351746,0.6195650696754456,0.6546000838279724,0.3206394910812378,0.3878689110279083,0.6682595014572144,0.6777893900871277,-0.14970660209655762,0.908804714679718,0.6525269746780396,0.6734886169433594,0.33139654994010925,0.45799604058265686,0.5268036723136902,0.6848147511482239,-0.2921721637248993,0.931010365486145,0.5203059911727905,0.6785127520561218,0.2266683280467987,0.49778544902801514
349,squat,1,0.5381703972816467,0.24061991274356842,-0.6314180493354797,0.9999224543571472,0.5597746968269348,0.2325410395860672,-0.6144586801528931,0.9999083876609802,0.5686096549034119,0.23257778584957123,-0.614619255065918,0.999915599822998,0.5769516825675964,0.23280976712703705,-0.6148232817649841,0.9999337196350098,0.539502739906311,0.23231084644794464,-0.5696218013763428,0.9999082088470459,0.5336476564407349,0.2320796251296997,-0.5695309042930603,0.9998980760574341,0.5279874205589294,0.2317667156457901,-0.5695207118988037,0.9999072551727295,0.5954816937446594,0.2392161637544632,-0.45390939712524414,0.9999122619628906,0.5327403545379639,0.23635034263134003,-0.25634700059890747,0.9998389482498169,0.5533000230789185,0.252534419298172,-0.5697838664054871,0.9999002814292908,0.5247917771339417,0.25097206234931946,-0.5123499631881714,0.9998363256454468,0.6179015636444092,0.2911319434642792,-0.544756293296814,0.9999679923057556,0.545850396156311,0.2974368929862976,0.15363261103630066,0.999311089515686,0.6773989200592041,0.37151220440864563,-0.6030134558677673,0.9958879351615906,0.5650273561477661,0.3835100829601288,0.33684471249580383,0.1490064114332199,0.6397978663444519,0.44200798869132996,-0.714929461479187,0.9835945963859558,0.5151417255401611,0.44506657123565674,0.1196623221039772,0.22890491783618927,0.6307234168052673,0.4668043553829193,-0.8021709322929382,0.9713700413703918,0.49394941329956055,0.46678417921066284,0.10514418035745621,0.2228129804134369,0.6043411493301392,0.4677430987358093,-0.8239760994911194,0.969460129737854,0.48914629220962524,0.46843287348747253,0.013979591429233551,0.22495456039905548,0.6011419892311096,0.4597562849521637,-0.719404935836792,0.9584349989891052,0.4986433982849121,0.4616456627845764,0.07789593189954758,0.22220155596733093,0.6558841466903687,0.4409431219100952,-0.25950202345848083,0.999405562877655,0.5978891849517822,0.44196817278862,0.2594776153564453,0.9983312487602234,0.5180789232254028,0.5499866008758545,-0.4000343680381775,0.9631218314170837,0.5079994797706604,0.5465980172157288,0.1422005593776703,0.360377699136734,0.6337772607803345,0.663060188293457,-0.290097713470459,0.9528844356536865,0.6144658327102661,0.6524994373321533,0.426108181476593,0.41442564129829407,0.6670883893966675,0.677403450012207,-0.28976696729660034,0.9124754071235657,0.6472964286804199,0.6714311838150024,0.4413371980190277,0.47602251172065735,0.5288023352622986,0.6852710843086243,-0.47750338912010193,0.9355190992355347,0.5205236673355103,0.678030788898468,0.3162982165813446,0.5156581997871399
350,squat,1,0.5684375166893005,0.2090524435043335,-0.5455155968666077,0.9999296069145203,0.5890510678291321,0.20466502010822296,-0.5349004864692688,0.999916672706604,0.597690224647522,0.20576396584510803,-0.5350775122642517,0.9999231100082397,0.6069287657737732,0.20685048401355743,-0.5353032946586609,0.9999395608901978,0.5691955089569092,0.20208273828029633,-0.4907478988170624,0.9999166131019592,0.5636786222457886,0.20148158073425293,-0.4905652403831482,0.9999071955680847,0.5580965876579285,0.20078471302986145,-0.49051550030708313,0.9999154210090637,0.6241248250007629,0.21446526050567627,-0.40178537368774414,0.9999204874038696,0.5558742880821228,0.20743383467197418,-0.20331551134586334,0.9998529553413391,0.5783458352088928,0.22159366309642792,-0.49124792218208313,0.9999097585678101,0.550952672958374,0.2188214808702469,-0.43497955799102783,0.9998517036437988,0.6469203233718872,0.26542580127716064,-0.5275899171829224,0.9999709725379944,0.5380131006240845,0.2814243733882904,0.19562847912311554,0.999366283416748,0.707432746887207,0.3467991352081299,-0.5261498689651489,0.9962424635887146,0.5344058275222778,0.3623054027557373,0.35636523365974426,0.16999241709709167,0.6415528059005737,0.4036659896373749,-0.6089327335357666,0.9848855137825012,0.49615198373794556,0.42241987586021423,0.15591543912887573,0.27517077326774597,0.6288233399391174,0.4260242283344269,-0.6848127841949463,0.9732755422592163,0.4806171953678131,0.44513916969299316,0.14224347472190857,0.2653142213821411,0.6007511615753174,0.4230998456478119,-0.6908263564109802,0.9715638160705566,0.4776463508605957,0.4442765414714813,0.05712122842669487,0.26862162351608276,0.5976399779319763,0.41701942682266235,-0.6054831147193909,0.9610157012939453,0.48631981015205383,0.43529167771339417,0.11533303558826447,0.2632705271244049,0.6513980031013489,0.4203090965747833,-0.2526298761367798,0.9994528889656067,0.5809555649757385,0.42384427785873413,0.25267958641052246,0.9984577298164368,0.5467898845672607,0.538506269454956,-0.36376821994781494,0.9652740359306335,0.5271475315093994,0.5389338731765747,0.1865401417016983,0.3881719708442688,0.6296113133430481,0.6592778563499451,-0.2715408504009247,0.9562499523162842,0.613550066947937,0.6472266316413879,0.40234410762786865,0.449231892824173,0.6638554334640503,0.6745707988739014,-0.27520304918289185,0.9154819846153259,0.6459255814552307,0.6663628816604614,0.41116634011268616,0.5023615956306458,0.5288178324699402,0.6852887272834778,-0.4921504259109497,0.9401829838752747,0.5202094912528992,0.6777437925338745,0.268242746591568,0.5450286865234375
351,squat,1,0.5897834300994873,0.1882169097661972,-0.3756152391433716,0.9999351501464844,0.6121055483818054,0.18417896330356598,-0.3481583893299103,0.9999222755432129,0.620246946811676,0.1854008585214615,-0.3484364151954651,0.9999280571937561,0.6287007927894592,0.18659693002700806,-0.3486487567424774,0.9999433159828186,0.592764675617218,0.18195809423923492,-0.32229363918304443,0.9999228715896606,0.587256133556366,0.18159352242946625,-0.3220984935760498,0.9999136924743652,0.5815104842185974,0.1811220943927765,-0.32209068536758423,0.9999213814735413,0.6419822573661804,0.19461244344711304,-0.19351084530353546,0.9999265670776367,0.5780441761016846,0.1880052089691162,-0.05069269984960556,0.9998626112937927,0.5959183573722839,0.2001127153635025,-0.30583152174949646,0.9999173879623413,0.5709558725357056,0.19708959758281708,-0.27225086092948914,0.9998644590377808,0.6629313826560974,0.2463398277759552,-0.29720982909202576,0.999973475933075,0.5370588302612305,0.2594417333602905,0.29324981570243835,0.9994189143180847,0.7279947400093079,0.32364293932914734,-0.34966814517974854,0.9964644908905029,0.5293652415275574,0.33778414130210876,0.44557374715805054,0.19066941738128662,0.6486956477165222,0.37460723519325256,-0.4962995946407318,0.9858037829399109,0.49000588059425354,0.39977994561195374,0.2147536724805832,0.31887251138687134,0.6354589462280273,0.39423447847366333,-0.5732722282409668,0.9746125936508179,0.4760953485965729,0.42059260606765747,0.16923047602176666,0.307309091091156,0.6110400557518005,0.38950321078300476,-0.599839985370636,0.9730339050292969,0.47537416219711304,0.41941121220588684,0.07136242836713791,0.3116748631000519,0.606978714466095,0.3829554617404938,-0.5036965608596802,0.9627360701560974,0.4826637804508209,0.41144150495529175,0.17183251678943634,0.3041343092918396,0.6484664082527161,0.40151703357696533,-0.21453364193439484,0.9994905591011047,0.5671897530555725,0.4050399959087372,0.21461458504199982,0.9985652565956116,0.5938991904258728,0.5209428071975708,-0.35420653223991394,0.9656209945678711,0.5341091752052307,0.5215194225311279,0.14835917949676514,0.4150780141353607,0.6115285158157349,0.6512367725372314,-0.30777835845947266,0.958236575126648,0.6152207255363464,0.6357662677764893,0.32113856077194214,0.4786377251148224,0.6458536982536316,0.667754054069519,-0.3175765573978424,0.9129244685173035,0.6470158100128174,0.654651939868927,0.32237371802330017,0.5225487947463989,0.5190315246582031,0.6856924891471863,-0.569564163684845,0.9430989027023315,0.5427956581115723,0.669470489025116,0.1416836977005005,0.5700350999832153
352,squat,1,0.6110261082649231,0.16804225742816925,-0.12790216505527496,0.9999266862869263,0.6328457593917847,0.16346105933189392,-0.12880180776119232,0.9998846054077148,0.6408737897872925,0.16440492868423462,-0.1290421038866043,0.9998944401741028,0.6480868458747864,0.16552026569843292,-0.12916238605976105,0.9999130964279175,0.6082733273506165,0.16319012641906738,-0.09152822941541672,0.9998890161514282,0.6011195182800293,0.1637466549873352,-0.0914897695183754,0.999877393245697,0.5942655205726624,0.1645059883594513,-0.09163087606430054,0.9998945593833923,0.6518136858940125,0.1708572804927826,-0.06486687809228897,0.9999029636383057,0.5838886499404907,0.16860872507095337,0.10694923251867294,0.9998102188110352,0.6208446025848389,0.17721253633499146,-0.09954026341438293,0.9999123215675354,0.5931742787361145,0.17655737698078156,-0.05039788782596588,0.9998562335968018,0.6871161460876465,0.22212707996368408,-0.16685433685779572,0.9999754428863525,0.5309702157974243,0.229951873421669,0.31927698850631714,0.9994657635688782,0.7459374666213989,0.30121248960494995,-0.2753455936908722,0.9964913725852966,0.5105672478675842,0.3149721026420593,0.43437275290489197,0.25125211477279663,0.6802128553390503,0.35236790776252747,-0.4973309636116028,0.9865953922271729,0.47249528765678406,0.374672532081604,0.22500386834144592,0.3795214593410492,0.6588956713676453,0.37300318479537964,-0.5802223682403564,0.9759557843208313,0.4592178165912628,0.3962276577949524,0.18199382722377777,0.36571183800697327,0.6373867392539978,0.36916783452033997,-0.6074885725975037,0.9744722843170166,0.46060577034950256,0.3950478136539459,0.09566548466682434,0.37036094069480896,0.6359222531318665,0.36310943961143494,-0.506470263004303,0.9643989205360413,0.46785005927085876,0.3880730867385864,0.18214428424835205,0.362342894077301,0.6502619981765747,0.37350019812583923,-0.16952654719352722,0.9995062947273254,0.5633037686347961,0.37824156880378723,0.16968412697315216,0.9986700415611267,0.6196975111961365,0.49424129724502563,-0.25858500599861145,0.9681039452552795,0.5376331806182861,0.49592623114585876,0.06438539177179337,0.46216583251953125,0.6189700365066528,0.6228328347206116,-0.1263684332370758,0.9612069725990295,0.5928054451942444,0.6169548630714417,0.2535126209259033,0.521332859992981,0.649326741695404,0.6375536322593689,-0.12989169359207153,0.9053113460540771,0.6259384751319885,0.6333708167076111,0.2553263008594513,0.544863760471344,0.5444371700286865,0.6662524342536926,-0.49190330505371094,0.9468784332275391,0.5409348607063293,0.65926593542099,0.04166262224316597,0.6037721037864685
353,squat,1,0.6025221943855286,0.15543526411056519,-0.13966104388237,0.9999062418937683,0.6223115921020508,0.14787939190864563,-0.14671511948108673,0.9997963309288025,0.6237031817436218,0.1514839082956314,-0.14695623517036438,0.9998181462287903,0.6308411955833435,0.15145649015903473,-0.14712822437286377,0.9998518228530884,0.5992016792297363,0.1483057737350464,-0.105392687022686,0.9997966289520264,0.5931227803230286,0.14902371168136597,-0.10537205636501312,0.9997765421867371,0.5866379141807556,0.15000610053539276,-0.10556640475988388,0.9998164772987366,0.6461464762687683,0.15661507844924927,-0.08908721804618835,0.9998531341552734,0.5796743631362915,0.15454928576946259,0.10198616981506348,0.9996489882469177,0.6112402081489563,0.16976702213287354,-0.1110735610127449,0.9998998045921326,0.5913615822792053,0.16598311066627502,-0.05605887249112129,0.999825119972229,0.7041947841644287,0.2120557427406311,-0.16658784449100494,0.999977171421051,0.5287235379219055,0.22132714092731476,0.31034210324287415,0.9994988441467285,0.7667386531829834,0.29354214668273926,-0.253371924161911,0.9964073300361633,0.5049214363098145,0.30507850646972656,0.4242924749851227,0.2944132089614868,0.7015130519866943,0.3514775037765503,-0.4616791009902954,0.9869877696037292,0.4661705493927002,0.3641400635242462,0.22721582651138306,0.4277617037296295,0.6849810481071472,0.37144187092781067,-0.5431712865829468,0.9766719341278076,0.4511553645133972,0.38593482971191406,0.18559260666370392,0.410566508769989,0.6663998961448669,0.3679526746273041,-0.5808711051940918,0.975274920463562,0.4522644281387329,0.3852631449699402,0.1050029769539833,0.4160926043987274,0.6650280356407166,0.36248186230659485,-0.4747702181339264,0.9652909636497498,0.460440456867218,0.3776629567146301,0.18614450097084045,0.4073552191257477,0.6552689075469971,0.3690023124217987,-0.1539347916841507,0.9995266199111938,0.5581377148628235,0.3719382584095001,0.1540343463420868,0.9987630248069763,0.6333274841308594,0.489429235458374,-0.26841187477111816,0.9705858826637268,0.5282012224197388,0.49060845375061035,0.015583174303174019,0.5097084045410156,0.6301720142364502,0.6133906245231628,-0.057092685252428055,0.9641872048377991,0.5775006413459778,0.6097710132598877,0.26278313994407654,0.5644320845603943,0.6502869725227356,0.6285622119903564,-0.04987535998225212,0.8969588279724121,0.6109468340873718,0.6218724250793457,0.2713114619255066,0.5729238390922546,0.5562386512756348,0.656598687171936,-0.3405853509902954,0.9506955742835999,0.5370939373970032,0.6529842615127563,0.0665566474199295,0.6383371949195862
354,squat,1,0.6030630469322205,0.15166006982326508,-0.16606873273849487,0.9998989701271057,0.6286964416503906,0.14572106301784515,-0.20242616534233093,0.999748170375824,0.6383012533187866,0.14796634018421173,-0.20254336297512054,0.9997764229774475,0.6486877799034119,0.1501430869102478,-0.20267710089683533,0.9998132586479187,0.602019190788269,0.1439865678548813,-0.18737876415252686,0.9997471570968628,0.5954846143722534,0.14448726177215576,-0.18760251998901367,0.9997309446334839,0.5889080166816711,0.14543859660625458,-0.18810030817985535,0.9997785687446594,0.661284863948822,0.15888074040412903,-0.17382554709911346,0.9998230934143066,0.5828024744987488,0.15178972482681274,0.008493073284626007,0.9995707869529724,0.6173243522644043,0.16267897188663483,-0.20548661053180695,0.999897837638855,0.5904601812362671,0.1604834347963333,-0.08979371935129166,0.9998201131820679,0.7099086046218872,0.2085551917552948,-0.1926918774843216,0.9999787211418152,0.5289936661720276,0.2159666121006012,0.22245535254478455,0.999537467956543,0.76679927110672,0.29002058506011963,-0.18571028113365173,0.9961972236633301,0.5016999244689941,0.29792168736457825,0.3776026964187622,0.33992400765419006,0.7278897166252136,0.3512668013572693,-0.37179216742515564,0.9868709444999695,0.4565907120704651,0.3578971326351166,0.19412830471992493,0.474286824464798,0.7116009593009949,0.3733440339565277,-0.44159749150276184,0.9764400124549866,0.4412781000137329,0.3810938000679016,0.15232715010643005,0.45497527718544006,0.6948484778404236,0.36981484293937683,-0.48726677894592285,0.9751460552215576,0.44204074144363403,0.3802849054336548,0.06841374933719635,0.460831880569458,0.6939757466316223,0.362926721572876,-0.38819360733032227,0.9649949669837952,0.451605886220932,0.37199047207832336,0.1530291587114334,0.45091333985328674,0.657101035118103,0.3677437901496887,-0.13380669057369232,0.9995447993278503,0.5563310384750366,0.36831116676330566,0.13373488187789917,0.9988505244255066,0.6387082934379578,0.4910426139831543,-0.2559753656387329,0.9733281135559082,0.522883951663971,0.4877052903175354,0.01459518913179636,0.5570756196975708,0.6361011266708374,0.6052342057228088,0.12557591497898102,0.9674140810966492,0.5671425461769104,0.602299690246582,0.3602285385131836,0.6067267060279846,0.6519524455070496,0.6160586476325989,0.14729665219783783,0.8901101350784302,0.5954391360282898,0.6129765510559082,0.38405466079711914,0.6051445007324219,0.5806625485420227,0.6527459621429443,-0.14201664924621582,0.9548972249031067,0.5280946493148804,0.6489892601966858,0.09562236070632935,0.67292320728302
355,squat,1,0.5941553711891174,0.14536313712596893,-0.2466745227575302,0.9998785257339478,0.6188023686408997,0.13913841545581818,-0.2872074544429779,0.9996565580368042,0.6312950849533081,0.14544861018657684,-0.28735390305519104,0.9997066259384155,0.6391615271568298,0.1460144817829132,-0.28744587302207947,0.9997444748878479,0.5950173139572144,0.13753767311573029,-0.2623579800128937,0.9996437430381775,0.589712917804718,0.13766272366046906,-0.2624555230140686,0.999643087387085,0.5846639275550842,0.13819709420204163,-0.2627893090248108,0.9996927976608276,0.6540907025337219,0.1513916552066803,-0.23792597651481628,0.9997727870941162,0.5826554894447327,0.1435026228427887,-0.06280165165662766,0.999409556388855,0.6110636591911316,0.15575574338436127,-0.2381843626499176,0.999883234500885,0.5858839154243469,0.15341508388519287,-0.1673581451177597,0.9997891783714294,0.7095524072647095,0.20388716459274292,-0.2723345458507538,0.9999799728393555,0.5308231115341187,0.21224378049373627,0.19231143593788147,0.9995647072792053,0.7702150344848633,0.28733935952186584,-0.2684928774833679,0.9962272047996521,0.5042415261268616,0.2935633063316345,0.3707106411457062,0.3726541996002197,0.7493889927864075,0.35582852363586426,-0.4068549573421478,0.9873530268669128,0.45222198963165283,0.35137391090393066,0.19438143074512482,0.5163036584854126,0.7409345507621765,0.37771958112716675,-0.47318679094314575,0.9771125912666321,0.4325963258743286,0.375413179397583,0.1618817001581192,0.49578768014907837,0.7228541374206543,0.3743475377559662,-0.5162762999534607,0.9759278893470764,0.43208855390548706,0.37465745210647583,0.0719950795173645,0.5020421147346497,0.7203395366668701,0.3675568699836731,-0.42054998874664307,0.9660429358482361,0.44334524869918823,0.36600813269615173,0.1517304629087448,0.49069902300834656,0.6571909189224243,0.3674048185348511,-0.14856751263141632,0.9995483160018921,0.5512346029281616,0.36661750078201294,0.14847587049007416,0.9989060759544373,0.6433818340301514,0.4954345226287842,-0.2397320717573166,0.9757547378540039,0.5218908786773682,0.49004116654396057,0.05894795432686806,0.5994375944137573,0.6397778987884521,0.6114410161972046,0.0986996591091156,0.9703143239021301,0.5455778241157532,0.6069083213806152,0.3962809443473816,0.6445316076278687,0.652646541595459,0.6234597563743591,0.11379657685756683,0.8875058889389038,0.5736770033836365,0.6182647347450256,0.41548484563827515,0.6338211297988892,0.5823808312416077,0.6540204882621765,-0.1758025735616684,0.9586805105209351,0.4895916283130646,0.6482452154159546,0.1564706265926361,0.7038959860801697
356,squat,1,0.6490867733955383,0.16318637132644653,-0.4410768747329712,0.9998800158500671,0.6634886264801025,0.15590503811836243,-0.4314979016780853,0.9996488094329834,0.6714053153991699,0.15806713700294495,-0.43155497312545776,0.9996995329856873,0.6786560416221619,0.15853121876716614,-0.43161576986312866,0.9997349381446838,0.6404862999916077,0.15462830662727356,-0.4258067011833191,0.9996312260627747,0.6326465010643005,0.15436798334121704,-0.4257883131504059,0.9996326565742493,0.6249139308929443,0.15421690046787262,-0.42582952976226807,0.9996788501739502,0.6824384927749634,0.16261684894561768,-0.2454177886247635,0.999757707118988,0.6013581156730652,0.15263041853904724,-0.20972149074077606,0.9993761777877808,0.6536985635757446,0.1746535748243332,-0.3593226671218872,0.9998834729194641,0.6256904006004333,0.17110419273376465,-0.3494904935359955,0.9997928738594055,0.7235734462738037,0.21255165338516235,-0.17186877131462097,0.9999810457229614,0.5331224203109741,0.21750274300575256,0.0505831316113472,0.9995986819267273,0.7782621383666992,0.2920192778110504,-0.06441215425729752,0.9959359169006348,0.5015739798545837,0.2948891222476959,0.24793659150600433,0.4266100227832794,0.7864813804626465,0.3629618287086487,-0.22400225698947906,0.9875592589378357,0.4426674246788025,0.35202497243881226,0.10937400907278061,0.5598142147064209,0.786543607711792,0.38721680641174316,-0.2723209261894226,0.9771736264228821,0.4164738655090332,0.377412885427475,0.07880309969186783,0.5386698246002197,0.7726466655731201,0.3857539892196655,-0.33235207200050354,0.9761630296707153,0.41683217883110046,0.37786349654197693,-0.014182795770466328,0.5449357032775879,0.7666267156600952,0.3792647421360016,-0.2465663105249405,0.9666750431060791,0.430225670337677,0.36957767605781555,0.06890450417995453,0.5335482954978943,0.6598493456840515,0.3737373948097229,-0.07493384182453156,0.999554455280304,0.5496103167533875,0.3693693280220032,0.07476849108934402,0.9989505410194397,0.6478880047798157,0.5012208223342896,-0.15667606890201569,0.9775421023368835,0.517542839050293,0.4960324764251709,-0.00782390870153904,0.6375524997711182,0.6382930874824524,0.6194092631340027,0.15708279609680176,0.9723463654518127,0.507201611995697,0.6135537028312683,0.29924526810646057,0.6780748963356018,0.6323298811912537,0.629292905330658,0.17112667858600616,0.8734069466590881,0.5279532074928284,0.6261175870895386,0.31543925404548645,0.649303674697876,0.6074960827827454,0.6591165661811829,-0.11898468434810638,0.9612322449684143,0.47436490654945374,0.6518586277961731,0.04384883493185043,0.7311004400253296
357,squat,1,0.6576633453369141,0.16876032948493958,-0.7387692332267761,0.9998881220817566,0.6719338893890381,0.1622542440891266,-0.7168822884559631,0.9996687769889832,0.680112361907959,0.16470856964588165,-0.7169511914253235,0.9997162818908691,0.6879159808158875,0.16508346796035767,-0.7170308828353882,0.999748706817627,0.6475093364715576,0.16222625970840454,-0.715750515460968,0.9996463060379028,0.6387966275215149,0.16213949024677277,-0.7156858444213867,0.9996474981307983,0.6305034160614014,0.1620461493730545,-0.7156616449356079,0.9996873140335083,0.6899033188819885,0.169968843460083,-0.45400387048721313,0.9997665882110596,0.609089732170105,0.16288763284683228,-0.45131823420524597,0.9993875026702881,0.6671758890151978,0.18187758326530457,-0.6280336380004883,0.9998918175697327,0.6390697360038757,0.17905749380588531,-0.6276000142097473,0.9998078942298889,0.7318091988563538,0.2198028564453125,-0.24179181456565857,0.999982476234436,0.5340391397476196,0.22414755821228027,-0.13100425899028778,0.9996304512023926,0.7845883965492249,0.29838937520980835,-0.12713100016117096,0.9957295060157776,0.49681997299194336,0.3032929301261902,0.0939645990729332,0.47926318645477295,0.7977902889251709,0.3688880205154419,-0.3322080373764038,0.9877297282218933,0.4277317523956299,0.36203259229660034,-0.10789958387613297,0.5996795296669006,0.8018202781677246,0.3917313516139984,-0.39574629068374634,0.976988673210144,0.40220537781715393,0.38529664278030396,-0.15802666544914246,0.5780487060546875,0.7885167002677917,0.3888073265552521,-0.44194549322128296,0.9762414693832397,0.404401570558548,0.38600680232048035,-0.2632540464401245,0.5843816995620728,0.7815207242965698,0.3828524351119995,-0.3558056056499481,0.9671492576599121,0.41599029302597046,0.3794548213481903,-0.15433908998966217,0.5730060338973999,0.6600106358528137,0.37977334856987,-0.048098135739564896,0.9995766878128052,0.5501127243041992,0.37585678696632385,0.04790489375591278,0.9989948272705078,0.6452242732048035,0.5021147727966309,-0.1618315577507019,0.9791630506515503,0.5142017006874084,0.5002661943435669,-0.015204294584691525,0.6725876927375793,0.6270793676376343,0.6236745119094849,0.28649795055389404,0.974337637424469,0.4995986819267273,0.6157972812652588,0.3727242946624756,0.7089747190475464,0.6158758997917175,0.6332845687866211,0.313446581363678,0.86916184425354,0.5182380676269531,0.6300441026687622,0.3993625342845917,0.6666078567504883,0.6019539833068848,0.6665468215942383,-0.012669254094362259,0.9640110731124878,0.48471248149871826,0.6650501489639282,0.09450525045394897,0.7565667033195496
358,squat,1,0.6439573168754578,0.17033551633358002,-0.6446346044540405,0.9998984932899475,0.6610347628593445,0.16509781777858734,-0.6161213517189026,0.9996989369392395,0.6696711182594299,0.1680234968662262,-0.6161913275718689,0.9997421503067017,0.6782687306404114,0.16846388578414917,-0.6162582635879517,0.9997714161872864,0.6358913779258728,0.16456158459186554,-0.6095792055130005,0.9996771216392517,0.6270583271980286,0.16432125866413116,-0.6095227003097534,0.9996781349182129,0.6187748312950134,0.1642395704984665,-0.6094133257865906,0.9997134208679199,0.6888976693153381,0.17332684993743896,-0.37289953231811523,0.9997870922088623,0.6044151186943054,0.16594696044921875,-0.3381747603416443,0.9994368553161621,0.6567908525466919,0.18453578650951385,-0.5435800552368164,0.9999018311500549,0.6270133256912231,0.17945517599582672,-0.536038875579834,0.9998254776000977,0.7368122339248657,0.2270161360502243,-0.20264016091823578,0.9999838471412659,0.5350837111473083,0.22619114816188812,-0.06132938712835312,0.9996580481529236,0.7917203903198242,0.3006330728530884,-0.07433997094631195,0.995825469493866,0.4924161434173584,0.3088018298149109,0.14177249372005463,0.5266878008842468,0.8137683868408203,0.37851598858833313,-0.2861984670162201,0.9884136915206909,0.42678314447402954,0.3681930601596832,-0.07048000395298004,0.6352959275245667,0.8166095614433289,0.40350306034088135,-0.3493489623069763,0.9778761863708496,0.3994607925415039,0.3909410238265991,-0.12755444645881653,0.6130028367042542,0.8025776147842407,0.40392470359802246,-0.4253638982772827,0.977297842502594,0.40095871686935425,0.3915967643260956,-0.22245489060878754,0.619437575340271,0.7961499094963074,0.395734578371048,-0.3187990188598633,0.9687837362289429,0.41293272376060486,0.3846348524093628,-0.11482873558998108,0.6081668138504028,0.6603231430053711,0.39023610949516296,-0.03546713665127754,0.9995987415313721,0.5480105876922607,0.38021203875541687,0.03531498834490776,0.9990407228469849,0.6416133642196655,0.5172853469848633,-0.1566055417060852,0.9804133176803589,0.5140354633331299,0.5093109607696533,-0.06436978280544281,0.7039703726768494,0.6163290143013,0.6278316974639893,0.2992737293243408,0.9756540060043335,0.4974980056285858,0.6288517713546753,0.33811691403388977,0.7361500859260559,0.6035490036010742,0.6353415250778198,0.32737717032432556,0.8602160215377808,0.5127922296524048,0.6382254362106323,0.36675581336021423,0.6745209693908691,0.5928518176078796,0.678399920463562,0.004195345565676689,0.9657867550849915,0.48636746406555176,0.6834549307823181,0.033771615475416183,0.7784982919692993
359,squat,1,0.6473212242126465,0.18504080176353455,-0.7533026337623596,0.9999078512191772,0.6648588180541992,0.177800253033638,-0.7197690606117249,0.9997258186340332,0.673675000667572,0.1792900115251541,-0.7198469638824463,0.9997648596763611,0.6828740239143372,0.17995291948318481,-0.7198953032493591,0.9997912645339966,0.6379975080490112,0.1758102923631668,-0.7177180647850037,0.9997047185897827,0.6277675032615662,0.1753571778535843,-0.7177048325538635,0.9997054934501648,0.6184383034706116,0.1748700737953186,-0.7176295518875122,0.9997369050979614,0.6947948932647705,0.18633657693862915,-0.44054269790649414,0.9998035430908203,0.603206992149353,0.1781984567642212,-0.4347834587097168,0.9994803667068481,0.6584742665290833,0.19885803759098053,-0.6426648497581482,0.9999107122421265,0.6255647540092468,0.19582074880599976,-0.6413313150405884,0.9998413920402527,0.74287348985672,0.24907295405864716,-0.22569452226161957,0.9999842643737793,0.5356935262680054,0.24074020981788635,-0.18016603589057922,0.9996836185455322,0.8017687797546387,0.3250119984149933,-0.0821981281042099,0.9957086443901062,0.4893358647823334,0.3169136643409729,-0.0045694210566580296,0.5712977051734924,0.8256254196166992,0.3984431028366089,-0.31150686740875244,0.988419234752655,0.4194623529911041,0.38170215487480164,-0.2520762085914612,0.66745525598526,0.8304988741874695,0.42466720938682556,-0.37657150626182556,0.9769564270973206,0.39097926020622253,0.40361011028289795,-0.3220116198062897,0.6442426443099976,0.8188238739967346,0.42604467272758484,-0.45752033591270447,0.9767000079154968,0.39338964223861694,0.40551191568374634,-0.4194106161594391,0.6508259177207947,0.8127761483192444,0.41793161630630493,-0.3478301763534546,0.9685128927230835,0.4064346253871918,0.3991358280181885,-0.29800376296043396,0.6396687030792236,0.6612296104431152,0.4071706533432007,-0.0025019929744303226,0.999595582485199,0.5417465567588806,0.39677131175994873,0.0022869312670081854,0.999056875705719,0.6386465430259705,0.5344435572624207,-0.10700424760580063,0.9813645482063293,0.5119695067405701,0.5265822410583496,-0.09247046709060669,0.7327368855476379,0.6056607961654663,0.6362555027008057,0.3734632432460785,0.9765636920928955,0.4977826476097107,0.6428696513175964,0.31922227144241333,0.7609330415725708,0.5859065055847168,0.6424091458320618,0.402963250875473,0.8552784323692322,0.5071380138397217,0.6517328023910522,0.34516042470932007,0.6800203323364258,0.5929062366485596,0.6844825744628906,0.06575907766819,0.9671019315719604,0.4955102503299713,0.6915691494941711,-0.01620446890592575,0.7983245849609375
360,squat,1,0.6472419500350952,0.204690620303154,-0.7235726714134216,0.9999161958694458,0.6634324789047241,0.1957942694425583,-0.688341498374939,0.9997497797012329,0.6722654700279236,0.1962624341249466,-0.6884040236473083,0.9997851252555847,0.6811801195144653,0.19661231338977814,-0.6884073615074158,0.9998088479042053,0.6363611817359924,0.19469960033893585,-0.6850333213806152,0.9997295141220093,0.6264081001281738,0.19449378550052643,-0.6850333213806152,0.9997299909591675,0.6178095936775208,0.1940707415342331,-0.6849782466888428,0.9997578859329224,0.6945044994354248,0.2031427025794983,-0.41898584365844727,0.9998175501823425,0.6026868224143982,0.1991342306137085,-0.40784958004951477,0.9995173811912537,0.6594291925430298,0.21747326850891113,-0.6187028884887695,0.9999182820320129,0.6259354948997498,0.21543440222740173,-0.6158396005630493,0.9998551607131958,0.7460171580314636,0.2713142931461334,-0.21440008282661438,0.9999834299087524,0.5361965894699097,0.25886839628219604,-0.18013028800487518,0.9997028112411499,0.8047541379928589,0.34625086188316345,-0.07461872696876526,0.9955654740333557,0.48649024963378906,0.33158043026924133,-0.027363387867808342,0.6119001507759094,0.8336194157600403,0.41553056240081787,-0.3158247768878937,0.9885514378547668,0.41893380880355835,0.39577656984329224,-0.2651536762714386,0.6964429020881653,0.8412693738937378,0.44137272238731384,-0.38274750113487244,0.9765232801437378,0.3889971077442169,0.4197925925254822,-0.33655649423599243,0.6719532012939453,0.8308770060539246,0.44214627146720886,-0.46830758452415466,0.9765411615371704,0.3937165141105652,0.4216078817844391,-0.423245906829834,0.6786343455314636,0.8244972229003906,0.43409496545791626,-0.35516831278800964,0.9687803983688354,0.4071290194988251,0.4147193133831024,-0.3076210916042328,0.6680030226707458,0.6633899211883545,0.4210065007209778,0.0031376315746456385,0.9995511174201965,0.540223240852356,0.41160324215888977,-0.0032667401246726513,0.9990416169166565,0.6371307373046875,0.5442698001861572,-0.06225099787116051,0.9815869927406311,0.5103188753128052,0.5382539629936218,-0.07786279171705246,0.7584492564201355,0.5961189270019531,0.638321578502655,0.4168345630168915,0.9762323498725891,0.5057432651519775,0.6498436331748962,0.3112434446811676,0.782743513584137,0.5805337429046631,0.6444007754325867,0.4477648138999939,0.8464002013206482,0.5129030346870422,0.660014808177948,0.3346739709377289,0.683495819568634,0.5959530472755432,0.6845471858978271,0.133700892329216,0.9670623540878296,0.49911028146743774,0.69427889585495,-0.010613841935992241,0.8152854442596436
361,squat,1,0.6493254899978638,0.2224162071943283,-0.7834449410438538,0.9999242424964905,0.6658321619033813,0.21384912729263306,-0.7445415258407593,0.9997732639312744,0.67463219165802,0.2143905609846115,-0.7445300221443176,0.9998050928115845,0.68431556224823,0.2150171399116516,-0.744428277015686,0.9998263716697693,0.6384870409965515,0.2121436446905136,-0.740789532661438,0.9997544884681702,0.628239095211029,0.21184970438480377,-0.7408118844032288,0.9997549057006836,0.6193365454673767,0.21133501827716827,-0.740746796131134,0.9997798204421997,0.6976736783981323,0.22174343466758728,-0.4720081090927124,0.9998320937156677,0.604306161403656,0.2165542095899582,-0.46377959847450256,0.9995589256286621,0.6628092527389526,0.23533622920513153,-0.6807653903961182,0.9999257326126099,0.6273465156555176,0.23259477317333221,-0.6781325936317444,0.9998687505722046,0.7483028173446655,0.29328808188438416,-0.2505963146686554,0.9999834895133972,0.5358363389968872,0.27819597721099854,-0.24230287969112396,0.9997263550758362,0.8018348813056946,0.36953452229499817,-0.12453655153512955,0.9955180287361145,0.4836537539958954,0.35049742460250854,-0.08925732225179672,0.6489453911781311,0.8273360133171082,0.43653956055641174,-0.35850897431373596,0.9888536930084229,0.43067413568496704,0.41953545808792114,-0.3183939754962921,0.7234510183334351,0.8351832628250122,0.4603448808193207,-0.4302307963371277,0.9765151143074036,0.4051586091518402,0.44168347120285034,-0.3885253667831421,0.6981770992279053,0.8241326212882996,0.4601098597049713,-0.5279094576835632,0.97675621509552,0.40545469522476196,0.44140711426734924,-0.46663469076156616,0.7047091722488403,0.8176100850105286,0.45328930020332336,-0.4059899151325226,0.9694077968597412,0.417654812335968,0.4347330331802368,-0.35561007261276245,0.6944348812103271,0.6676262617111206,0.43673864006996155,0.00915433932095766,0.9995657205581665,0.5425791144371033,0.4300462007522583,-0.009365259669721127,0.9990944266319275,0.6400204300880432,0.5528984665870667,-0.013089439831674099,0.982353687286377,0.5083017945289612,0.5461562871932983,-0.046314723789691925,0.78194260597229,0.5955586433410645,0.6412156224250793,0.5367560386657715,0.9771054983139038,0.5074959397315979,0.6469078660011292,0.452547550201416,0.8030540347099304,0.5804478526115417,0.6461405158042908,0.5757402777671814,0.848105788230896,0.5140555500984192,0.6583349108695984,0.485183984041214,0.6931424140930176,0.5938978791236877,0.6859316825866699,0.2710135579109192,0.9684529304504395,0.5002871751785278,0.6926157474517822,0.15499867498874664,0.8316853046417236
362,squat,1,0.6517890691757202,0.2279297262430191,-0.8395214080810547,0.9999315738677979,0.6696695685386658,0.21905462443828583,-0.7951293587684631,0.9997950792312622,0.6790019869804382,0.21940718591213226,-0.7951135039329529,0.9998236894607544,0.6884438991546631,0.219853013753891,-0.7950600981712341,0.9998427629470825,0.6401426196098328,0.2177048772573471,-0.7971467971801758,0.9997779726982117,0.6291868090629578,0.21736003458499908,-0.7972037196159363,0.9997783899307251,0.6201533675193787,0.21699851751327515,-0.7971493601799011,0.9998007416725159,0.6991463899612427,0.2260981649160385,-0.5012733340263367,0.9998465180397034,0.6068556308746338,0.22199241816997528,-0.5169342756271362,0.9996001720428467,0.6653566360473633,0.24193377792835236,-0.7286872863769531,0.9999328255653381,0.6293144822120667,0.24023926258087158,-0.7332264184951782,0.9998814463615417,0.74951171875,0.2995683550834656,-0.2835314869880676,0.9999842643737793,0.5338314771652222,0.28418299555778503,-0.30249959230422974,0.9997493028640747,0.7969141602516174,0.3754009008407593,-0.1384958177804947,0.9952639937400818,0.4766814112663269,0.3587024509906769,-0.1789705753326416,0.6825389266014099,0.8141988515853882,0.4367644786834717,-0.4364110827445984,0.9887619018554688,0.4358638823032379,0.4269963800907135,-0.4152328073978424,0.7478232979774475,0.819631040096283,0.45735764503479004,-0.5136412382125854,0.9756922125816345,0.4087381362915039,0.4491150379180908,-0.4930971562862396,0.7216628789901733,0.8088831901550293,0.45760437846183777,-0.6021308898925781,0.9762074947357178,0.4214493930339813,0.44803938269615173,-0.5658394694328308,0.7279804348945618,0.8028808832168579,0.44992995262145996,-0.47840505838394165,0.9690406322479248,0.4294498562812805,0.44037607312202454,-0.4493335783481598,0.7176276445388794,0.6699263453483582,0.44274187088012695,0.011205974034965038,0.9995962381362915,0.5425053834915161,0.4363304674625397,-0.011582780629396439,0.9991617202758789,0.6419285535812378,0.5559468269348145,-0.024941150099039078,0.9832735657691956,0.5072126984596252,0.5477169156074524,-0.06422334909439087,0.8031503558158875,0.596531331539154,0.6418014168739319,0.6134312152862549,0.9778632521629333,0.5070149898529053,0.6385638117790222,0.5767537951469421,0.8205999732017517,0.5814704895019531,0.6462559103965759,0.6629924774169922,0.8488410711288452,0.5133897662162781,0.6422916650772095,0.6287023425102234,0.6976073980331421,0.5921486020088196,0.6856581568717957,0.3713046610355377,0.9697772860527039,0.5039867162704468,0.6894534826278687,0.34554627537727356,0.8459392189979553
363,squat,1,0.6532753109931946,0.22726941108703613,-0.7693743705749512,0.9999383091926575,0.670206606388092,0.21897126734256744,-0.7239524722099304,0.9998151659965515,0.678849458694458,0.21957558393478394,-0.7239465117454529,0.9998408555984497,0.6880596280097961,0.22028115391731262,-0.7238895893096924,0.999858021736145,0.6408681273460388,0.2175629436969757,-0.7235861420631409,0.9997996687889099,0.6306182146072388,0.2172926962375641,-0.7236027121543884,0.9998000264167786,0.6216470003128052,0.21727457642555237,-0.7235537767410278,0.9998201131820679,0.6989999413490295,0.22656115889549255,-0.44990813732147217,0.9998605847358704,0.6074573993682861,0.22272861003875732,-0.44800475239753723,0.9996387362480164,0.6671022772789001,0.2406967133283615,-0.664717972278595,0.9999393820762634,0.6308920979499817,0.23829174041748047,-0.6664022207260132,0.9998931288719177,0.7488359212875366,0.3001232445240021,-0.26686209440231323,0.9999851584434509,0.5341596603393555,0.28554120659828186,-0.24579262733459473,0.9997698068618774,0.7932747006416321,0.3791789412498474,-0.149431511759758,0.9950200915336609,0.47916239500045776,0.36017298698425293,-0.14470723271369934,0.7120248079299927,0.7897506356239319,0.43786656856536865,-0.4652343988418579,0.9887869358062744,0.443800687789917,0.428995281457901,-0.3931586444377899,0.7675493955612183,0.7769982218742371,0.45472171902656555,-0.5496148467063904,0.975483775138855,0.434194952249527,0.4499988257884979,-0.4762635827064514,0.7396354079246521,0.7645668983459473,0.45149534940719604,-0.6242471933364868,0.9761003851890564,0.4500030279159546,0.449619323015213,-0.5398682355880737,0.745699942111969,0.7653405666351318,0.44560766220092773,-0.4995518624782562,0.9688287377357483,0.4560004472732544,0.44262614846229553,-0.42339035868644714,0.734662652015686,0.6729116439819336,0.443692684173584,0.007635786198079586,0.9996299743652344,0.5438352823257446,0.4376658499240875,-0.008054764941334724,0.999235212802887,0.6417621374130249,0.5570743680000305,-0.023624110966920853,0.9842690825462341,0.5085878968238831,0.5486375093460083,-0.14262324571609497,0.8224310278892517,0.5958642959594727,0.6424322128295898,0.6007296442985535,0.9790497422218323,0.50951087474823,0.6303411722183228,0.5097353458404541,0.8367038369178772,0.5802110433578491,0.6471039056777954,0.6484223008155823,0.8509833216667175,0.5162703990936279,0.6329778432846069,0.561065137386322,0.7035230994224548,0.5914170145988464,0.6852758526802063,0.3637879490852356,0.9713875651359558,0.5047909617424011,0.6838066577911377,0.30129697918891907,0.8589842319488525
364,squat,1,0.6527188420295715,0.2231496423482895,-0.759229838848114,0.9999442100524902,0.6708984375,0.2147652804851532,-0.7173017859458923,0.999832808971405,0.6790705323219299,0.2153739482164383,-0.7173144817352295,0.9998558759689331,0.687632143497467,0.21600307524204254,-0.7172621488571167,0.9998713731765747,0.6404988765716553,0.2133488804101944,-0.7132428288459778,0.9998185634613037,0.6301697492599487,0.21313583850860596,-0.7132399082183838,0.999818742275238,0.6211678981781006,0.21300436556339264,-0.7132138609886169,0.9998368620872498,0.6991332769393921,0.22231997549533844,-0.44574904441833496,0.999872624874115,0.608415424823761,0.21848760545253754,-0.43009424209594727,0.9996718168258667,0.6674631237983704,0.23614439368247986,-0.6567957401275635,0.9999451637268066,0.6305264234542847,0.23404979705810547,-0.6525999307632446,0.9999035000801086,0.751229465007782,0.2957066595554352,-0.27895787358283997,0.9999856948852539,0.5350567698478699,0.28206947445869446,-0.19997462630271912,0.9997881054878235,0.7924829721450806,0.3747018277645111,-0.3030773103237152,0.9948078393936157,0.4825034737586975,0.35686200857162476,-0.07273805141448975,0.7367381453514099,0.7554009556770325,0.4298688769340515,-0.7072040438652039,0.98841392993927,0.45926228165626526,0.4268566966056824,-0.33061718940734863,0.7812726497650146,0.7295305132865906,0.4393978416919708,-0.8081575036048889,0.9745250344276428,0.45200908184051514,0.4468272626399994,-0.41008156538009644,0.7502433061599731,0.7194274067878723,0.429645299911499,-0.8603057265281677,0.9751336574554443,0.4634378254413605,0.4463617205619812,-0.476985365152359,0.7562154531478882,0.7244139909744263,0.42459002137184143,-0.7330636978149414,0.9670142531394958,0.4682636857032776,0.440516859292984,-0.3624277710914612,0.7440072298049927,0.6756638884544373,0.4387723207473755,-0.006222753785550594,0.9996495246887207,0.5457644462585449,0.43401241302490234,0.005908696912229061,0.9992936253547668,0.6457619667053223,0.5524922609329224,-0.04759066924452782,0.9851237535476685,0.5105872750282288,0.545516312122345,-0.15858601033687592,0.8397806882858276,0.5974674820899963,0.6418019533157349,0.547491729259491,0.980262815952301,0.5136403441429138,0.6295706033706665,0.4367848336696625,0.852177619934082,0.5839595198631287,0.6467978358268738,0.5898621678352356,0.850310206413269,0.5187000632286072,0.6345264315605164,0.4941367506980896,0.7177825570106506,0.5929742455482483,0.6851518750190735,0.2767224609851837,0.973018229007721,0.5057711005210876,0.6805406808853149,0.1689085215330124,0.8719332218170166
365,squat,1,0.6521913409233093,0.2039274126291275,-0.7278632521629333,0.9999484419822693,0.670195996761322,0.19640982151031494,-0.6870532631874084,0.9998459219932556,0.67912757396698,0.19679754972457886,-0.6870992183685303,0.9998666644096375,0.6870414614677429,0.19726184010505676,-0.6870922446250916,0.9998807907104492,0.6398516893386841,0.19603054225444794,-0.6795874834060669,0.9998317360877991,0.6293367743492126,0.19646331667900085,-0.6795769929885864,0.9998310208320618,0.6201246380805969,0.19680146872997284,-0.6795533895492554,0.9998474717140198,0.6998258829116821,0.20415125787258148,-0.3847007155418396,0.9998785853385925,0.6083706617355347,0.20345242321491241,-0.34803467988967896,0.9996960759162903,0.6685283184051514,0.21721187233924866,-0.6260650157928467,0.9999497532844543,0.630065381526947,0.21523521840572357,-0.6178455948829651,0.9999120235443115,0.758309006690979,0.2860923707485199,-0.20761549472808838,0.9999852180480957,0.5356379747390747,0.2762637734413147,-0.10583024471998215,0.9998018741607666,0.7914546132087708,0.36625561118125916,-0.35946568846702576,0.9940623044967651,0.4831354320049286,0.3484034538269043,0.013062512502074242,0.7520997524261475,0.7158416509628296,0.36817482113838196,-0.9037008285522461,0.9867039322853088,0.4810081124305725,0.4111570119857788,-0.2689526379108429,0.7726228833198547,0.6814837455749512,0.36895933747291565,-1.021845817565918,0.9714928269386292,0.4782314598560333,0.4310929477214813,-0.34579458832740784,0.735085129737854,0.6732063293457031,0.36069607734680176,-1.0471309423446655,0.972104012966156,0.48728764057159424,0.4309103488922119,-0.4153154790401459,0.7411656975746155,0.6847103834152222,0.3584815263748169,-0.922558605670929,0.9612192511558533,0.49098989367485046,0.42432716488838196,-0.30382904410362244,0.7256336808204651,0.6778360605239868,0.43853047490119934,-0.009249292314052582,0.9996534585952759,0.5461812019348145,0.4269684851169586,0.009114669635891914,0.9993374347686768,0.646115779876709,0.5500919222831726,-0.08717522770166397,0.9855797290802002,0.5199877619743347,0.5298816561698914,-0.4104149341583252,0.8555117845535278,0.5984809398651123,0.6415462493896484,0.5088400840759277,0.9810469150543213,0.5287566781044006,0.6299214959144592,0.1625821441411972,0.866132915019989,0.5861890316009521,0.6466856002807617,0.5505841970443726,0.8464872241020203,0.5297342538833618,0.6360684037208557,0.2033388614654541,0.7322819232940674,0.5929751992225647,0.6847084760665894,0.20113271474838257,0.9737797975540161,0.5244215130805969,0.6805195808410645,-0.16991987824440002,0.8836643099784851
366,squat,1,0.6508094668388367,0.18747901916503906,-0.6909970045089722,0.9999488592147827,0.6685781478881836,0.17850066721439362,-0.6394164562225342,0.9998501539230347,0.6781201362609863,0.17890217900276184,-0.6396821737289429,0.999869704246521,0.6865527629852295,0.179178848862648,-0.6398476958274841,0.9998828768730164,0.6385048031806946,0.1788160651922226,-0.6294757127761841,0.9998302459716797,0.6282399892807007,0.17952340841293335,-0.6294010877609253,0.9998246431350708,0.6192391514778137,0.1802469938993454,-0.6294575333595276,0.9998357892036438,0.6988884210586548,0.18546836078166962,-0.3279368281364441,0.9998784065246582,0.6077739596366882,0.18894772231578827,-0.2756834328174591,0.9996856451034546,0.6682324409484863,0.19995129108428955,-0.5693668127059937,0.9999523758888245,0.6294553875923157,0.19884110987186432,-0.555082380771637,0.9999158382415771,0.7631199955940247,0.2610718607902527,-0.16609595715999603,0.9999851584434509,0.5376822352409363,0.25845250487327576,-0.023598261177539825,0.9997945427894592,0.7944279313087463,0.35166704654693604,-0.33787041902542114,0.9940406680107117,0.4901851713657379,0.3310566842556,0.11976263672113419,0.7559012770652771,0.6783118844032288,0.34780266880989075,-0.8645169138908386,0.9867678284645081,0.4947988986968994,0.39097559452056885,-0.1724219173192978,0.7453910708427429,0.645256519317627,0.3527224063873291,-0.9876928925514221,0.971530020236969,0.4944518208503723,0.41354626417160034,-0.25527626276016235,0.7038725018501282,0.6348836421966553,0.3428038954734802,-1.0044898986816406,0.9721238017082214,0.5027160048484802,0.4093596935272217,-0.32883012294769287,0.7100135684013367,0.6463286280632019,0.33985552191734314,-0.87835294008255,0.9601277112960815,0.5069097876548767,0.4014330804347992,-0.2088785171508789,0.692987859249115,0.6787311434745789,0.42559486627578735,-0.011298105120658875,0.9996342658996582,0.5466662645339966,0.41457733511924744,0.011334064416587353,0.9993162751197815,0.6466488242149353,0.5415313243865967,-0.13306976854801178,0.9848943948745728,0.5258623957633972,0.520686149597168,-0.2699262499809265,0.8688797950744629,0.5991968512535095,0.6413535475730896,0.45920130610466003,0.9805091023445129,0.5398647785186768,0.6302242279052734,0.24580895900726318,0.8777489066123962,0.5877108573913574,0.6464145183563232,0.4985138177871704,0.8386041522026062,0.5399871468544006,0.6362577676773071,0.27826225757598877,0.7397733330726624,0.5929391384124756,0.6853095293045044,0.09089973568916321,0.9729412198066711,0.5399271845817566,0.6823512315750122,-0.08740463107824326,0.8929080963134766
367,squat,1,0.6505463123321533,0.17155088484287262,-0.5862908959388733,0.9999184012413025,0.6669928431510925,0.16366617381572723,-0.5438169836997986,0.9997828006744385,0.6779426336288452,0.1644916832447052,-0.544098436832428,0.9998095631599426,0.6854792237281799,0.1653689742088318,-0.5442934632301331,0.9998241662979126,0.6359404921531677,0.16304394602775574,-0.5350504517555237,0.9997304677963257,0.6262421011924744,0.16377046704292297,-0.5350385904312134,0.9997090697288513,0.6171874403953552,0.16474048793315887,-0.5352402925491333,0.999708890914917,0.6977537274360657,0.1713060587644577,-0.2586265504360199,0.9998104572296143,0.6073261499404907,0.17548668384552002,-0.21064147353172302,0.9995208978652954,0.6662490367889404,0.18436942994594574,-0.47489625215530396,0.9999428987503052,0.6285190582275391,0.18357907235622406,-0.4617299437522888,0.9998936057090759,0.7683201432228088,0.24172022938728333,-0.10956757515668869,0.9999799132347107,0.5376643538475037,0.24693264067173004,0.015766015276312828,0.9997657537460327,0.7985443472862244,0.33409592509269714,-0.29590287804603577,0.9926908016204834,0.5106399059295654,0.32475975155830383,0.14586783945560455,0.7500598430633545,0.6528857350349426,0.3303113877773285,-0.8110964298248291,0.982944667339325,0.5115492343902588,0.3833390772342682,-0.1368657499551773,0.7169049978256226,0.6132148504257202,0.3330782949924469,-0.9356700778007507,0.9649166464805603,0.5039725303649902,0.4049418866634369,-0.21590207517147064,0.6747907996177673,0.6089372634887695,0.32398340106010437,-0.9446197152137756,0.9655210971832275,0.4978622794151306,0.39916372299194336,-0.29717379808425903,0.6811429262161255,0.6221730709075928,0.3224881589412689,-0.822740912437439,0.9496378898620605,0.5170009732246399,0.39159712195396423,-0.17603537440299988,0.6628406643867493,0.6842334866523743,0.41488027572631836,-0.014187569729983807,0.9995819926261902,0.5479474663734436,0.40631017088890076,0.014211079105734825,0.9992461204528809,0.6470325589179993,0.5393144488334656,-0.16525912284851074,0.9848262667655945,0.5303488373756409,0.5225921869277954,-0.19987694919109344,0.8802977204322815,0.599419116973877,0.6434902548789978,0.35754498839378357,0.9807630181312561,0.5485748052597046,0.6395663022994995,0.2979593276977539,0.8877699971199036,0.5867362022399902,0.6491341590881348,0.38912972807884216,0.8379334211349487,0.5472328662872314,0.6483365893363953,0.31628450751304626,0.7432647347450256,0.5937858819961548,0.6924551129341125,0.0017215522238984704,0.972904622554779,0.55975341796875,0.6941751837730408,0.004855411127209663,0.9004610776901245
368,squat,1,0.6406975984573364,0.15423564612865448,-0.5232887268066406,0.9997479319572449,0.654758095741272,0.14474163949489594,-0.4968979060649872,0.999454140663147,0.6674054265022278,0.14628371596336365,-0.49718254804611206,0.9995157122612,0.6783456802368164,0.148308664560318,-0.4974057972431183,0.9995597004890442,0.6249709129333496,0.14608950912952423,-0.4822062849998474,0.9992454648017883,0.6162254810333252,0.14903415739536285,-0.482247531414032,0.9991324543952942,0.607755720615387,0.15148195624351501,-0.48254695534706116,0.9991216063499451,0.6963518261909485,0.15722639858722687,-0.2479676902294159,0.9995906949043274,0.6022313833236694,0.16232424974441528,-0.17211158573627472,0.9987134337425232,0.6651204824447632,0.17003630101680756,-0.42085838317871094,0.9998972415924072,0.6275691390037537,0.1709534227848053,-0.3995879888534546,0.9997768998146057,0.7719181776046753,0.226804718375206,-0.09380416572093964,0.9999712705612183,0.5370137691497803,0.23572328686714172,0.04782845452427864,0.9996866583824158,0.8013638854026794,0.3214268088340759,-0.2884000539779663,0.9915661215782166,0.5281426906585693,0.3159278333187103,0.13687764108181,0.7376075387001038,0.6241403818130493,0.3202284872531891,-0.7328578233718872,0.9811787009239197,0.528374433517456,0.3671931028366089,-0.1529814749956131,0.6937499642372131,0.5790088772773743,0.32254573702812195,-0.8546907901763916,0.9617663025856018,0.5093348026275635,0.3892752230167389,-0.2549077272415161,0.6519888043403625,0.5751149654388428,0.31548184156417847,-0.8663329482078552,0.9623048305511475,0.5091515183448792,0.38095948100090027,-0.3339666724205017,0.658707857131958,0.5883540511131287,0.313075989484787,-0.7431466579437256,0.9441032409667969,0.5198346376419067,0.37210533022880554,-0.19562752544879913,0.6394726037979126,0.6914718151092529,0.40688809752464294,-0.014615884982049465,0.9993295669555664,0.5502528548240662,0.4001559913158417,0.014704866334795952,0.9989998936653137,0.6500087976455688,0.5377253890037537,-0.17080524563789368,0.9842934012413025,0.5386083126068115,0.5256971120834351,-0.10245721787214279,0.8888565301895142,0.5998292565345764,0.6441419720649719,0.3385608494281769,0.9777737855911255,0.5608148574829102,0.6560572981834412,0.3124525845050812,0.8945892453193665,0.5875015258789062,0.6495196223258972,0.3701026141643524,0.8217745423316956,0.5605992078781128,0.6663528084754944,0.33293604850769043,0.7366524934768677,0.5998797416687012,0.6949505805969238,0.0001284427271457389,0.9682309627532959,0.5770354270935059,0.7113752961158752,-0.03117607720196247,0.9038177728652954
369,squat,1,0.6261467337608337,0.1557668149471283,-0.5756069421768188,0.9991932511329651,0.6405557990074158,0.14059966802597046,-0.5510485768318176,0.9980292320251465,0.6517515778541565,0.14142335951328278,-0.5512123703956604,0.9982250332832336,0.6689578890800476,0.15079788863658905,-0.5513186454772949,0.9983809590339661,0.617031455039978,0.14202868938446045,-0.5349506735801697,0.997324526309967,0.6109866499900818,0.14367151260375977,-0.534956157207489,0.9966140985488892,0.6070026755332947,0.15381017327308655,-0.5352204442024231,0.9964652061462402,0.6954508423805237,0.15378472208976746,-0.3429873287677765,0.9987186789512634,0.6053364276885986,0.1578022986650467,-0.2276621311903,0.9946482181549072,0.6572073698043823,0.17526330053806305,-0.48054301738739014,0.9997355937957764,0.6233192682266235,0.17298054695129395,-0.4508862793445587,0.9994373917579651,0.7728426456451416,0.2190609723329544,-0.20415455102920532,0.9999600052833557,0.5361813306808472,0.22775189578533173,0.0400192029774189,0.9996373057365417,0.8169192671775818,0.3146778643131256,-0.4044436812400818,0.9914925694465637,0.5361936688423157,0.3066156506538391,0.2273726910352707,0.7208999395370483,0.6361880898475647,0.3250914514064789,-0.8622146248817444,0.9812985062599182,0.5198471546173096,0.3630264699459076,-0.0434858612716198,0.6782616972923279,0.5921487808227539,0.3296913504600525,-0.9748654961585999,0.9615240693092346,0.5073376297950745,0.38820767402648926,-0.10704556107521057,0.6373858451843262,0.5858331918716431,0.32255494594573975,-0.9874565601348877,0.9618446826934814,0.505185067653656,0.387883722782135,-0.1939350962638855,0.6451693177223206,0.5977332592010498,0.31965669989585876,-0.867492139339447,0.9428878426551819,0.5132403373718262,0.37694641947746277,-0.08316294848918915,0.6233485341072083,0.6949989199638367,0.4044418931007385,-0.018397847190499306,0.9990249872207642,0.5517582297325134,0.3996155858039856,0.01885473169386387,0.9989567399024963,0.6589354872703552,0.5377981662750244,-0.1734219491481781,0.9796652793884277,0.5533468723297119,0.5297594666481018,-0.22131489217281342,0.8960156440734863,0.6098698377609253,0.6280636191368103,0.5420146584510803,0.9492986798286438,0.5854623913764954,0.671135663986206,0.06723281741142273,0.900481104850769,0.5974850654602051,0.6294304132461548,0.6032273173332214,0.7893584370613098,0.590505063533783,0.6876002550125122,0.07844877243041992,0.7385371327400208,0.6128149032592773,0.6761345267295837,0.3369351029396057,0.9413719773292542,0.597909152507782,0.7214535474777222,-0.29858148097991943,0.9066146612167358
370,squat,1,0.6107107996940613,0.15056748688220978,-0.5981035232543945,0.9991740584373474,0.6251309514045715,0.14144767820835114,-0.5562971234321594,0.9979146718978882,0.6369583606719971,0.14230869710445404,-0.5567446351051331,0.9981558918952942,0.651201069355011,0.14517000317573547,-0.5569753050804138,0.9982790946960449,0.6010253429412842,0.14271503686904907,-0.5558664798736572,0.9971891045570374,0.5952063202857971,0.14399492740631104,-0.5558639764785767,0.9964848756790161,0.5899280905723572,0.14724545180797577,-0.5560566186904907,0.9962711930274963,0.6843604445457458,0.15362891554832458,-0.40599384903907776,0.9986417293548584,0.6053138971328735,0.15584413707256317,-0.24534039199352264,0.9941550493240356,0.6394087672233582,0.1639416664838791,-0.49531468749046326,0.9997187852859497,0.6114692687988281,0.16443802416324615,-0.47404560446739197,0.9994072318077087,0.7709900140762329,0.2163749784231186,-0.282214492559433,0.999958872795105,0.534369945526123,0.22821353375911713,0.03027147799730301,0.9996582269668579,0.8239548206329346,0.3137098252773285,-0.5031604766845703,0.9915840029716492,0.5301464200019836,0.3139415681362152,0.2776351571083069,0.7282097935676575,0.6661413908004761,0.3307725191116333,-1.0380809307098389,0.9816656708717346,0.5176898837089539,0.3711123764514923,0.02514217607676983,0.6925334334373474,0.6287708282470703,0.33904802799224854,-1.1530622243881226,0.9621126651763916,0.5008958578109741,0.3956996202468872,-0.03222300112247467,0.6527343392372131,0.6204394102096558,0.3299969434738159,-1.1770883798599243,0.9622102379798889,0.5039174556732178,0.39494600892066956,-0.12235140055418015,0.6610257625579834,0.630867063999176,0.32689234614372253,-1.0490361452102661,0.9430081248283386,0.5062427520751953,0.38363155722618103,-0.01511901430785656,0.636613667011261,0.6962557435035706,0.40337714552879333,-0.0324694886803627,0.9989953637123108,0.5520318150520325,0.4000842273235321,0.03289881348609924,0.9990290403366089,0.670324981212616,0.5384385585784912,-0.1649467945098877,0.9788497686386108,0.5573194622993469,0.5345919728279114,-0.2616792619228363,0.9052953124046326,0.6312628388404846,0.6089399456977844,0.7057178616523743,0.9368056058883667,0.5953730344772339,0.6735613942146301,0.04246803745627403,0.9087460041046143,0.6211901307106018,0.6070826053619385,0.78474360704422,0.7742828130722046,0.602739155292511,0.6879502534866333,0.055755455046892166,0.7506709098815918,0.6232828497886658,0.6576310992240906,0.5512054562568665,0.9306753277778625,0.598943293094635,0.7251406908035278,-0.31643617153167725,0.9131840467453003
371,squat,1,0.6053376793861389,0.14928577840328217,-0.6011545658111572,0.99922114610672,0.6197510361671448,0.1420602649450302,-0.5908567905426025,0.9980134963989258,0.6319654583930969,0.14260023832321167,-0.5911548733711243,0.9982490539550781,0.6452991366386414,0.14394772052764893,-0.5912630558013916,0.9983514547348022,0.5945006608963013,0.14274582266807556,-0.5602032542228699,0.9973390698432922,0.5883265137672424,0.14346465468406677,-0.5601361989974976,0.9966948628425598,0.5823758244514465,0.14505165815353394,-0.560224175453186,0.9964781999588013,0.6792094707489014,0.1525847464799881,-0.44548261165618896,0.9986855983734131,0.6068363785743713,0.15319901704788208,-0.2561255991458893,0.9943726062774658,0.6332244277000427,0.16133269667625427,-0.5312122702598572,0.9997296333312988,0.6071956157684326,0.16254264116287231,-0.4821561574935913,0.9994328022003174,0.7711594700813293,0.2198679894208908,-0.3474248945713043,0.9999586939811707,0.5343983769416809,0.23135891556739807,0.0037004214245826006,0.9996820092201233,0.8321504592895508,0.31797581911087036,-0.5124295353889465,0.9919192790985107,0.5267767906188965,0.3161971867084503,0.2333768606185913,0.7387846112251282,0.6767594218254089,0.3435993492603302,-0.9607833027839661,0.9821769595146179,0.5058879256248474,0.37689000368118286,-0.01017327606678009,0.710090160369873,0.6464473605155945,0.3538723886013031,-1.0656787157058716,0.9627207517623901,0.48626312613487244,0.40318357944488525,-0.07169806212186813,0.6714984178543091,0.6367613077163696,0.3463939130306244,-1.0944619178771973,0.9625797867774963,0.48547136783599854,0.40236473083496094,-0.1560761034488678,0.6798936128616333,0.6455540060997009,0.3426485061645508,-0.972017765045166,0.9436272978782654,0.4899020493030548,0.3936367332935333,-0.04955275356769562,0.6541820764541626,0.7011628746986389,0.40530410408973694,-0.040847353637218475,0.9990002512931824,0.5547714829444885,0.40247640013694763,0.04111456871032715,0.9991066455841064,0.6808024048805237,0.5506901144981384,-0.07653830200433731,0.9795612692832947,0.5678042769432068,0.5464568138122559,-0.21677148342132568,0.9142504334449768,0.6621972322463989,0.5936281085014343,0.9366757869720459,0.9303227066993713,0.60194331407547,0.6725417971611023,0.15166856348514557,0.916991114616394,0.6531673073768616,0.5909534692764282,1.029720664024353,0.7690327167510986,0.6112102270126343,0.6856570243835449,0.17251010239124298,0.7661327123641968,0.64710533618927,0.6472722887992859,0.8355959057807922,0.9237146973609924,0.6038157343864441,0.7255203127861023,-0.17219780385494232,0.9201923608779907
372,squat,1,0.6064409017562866,0.13960669934749603,-0.5633666515350342,0.9992691278457642,0.6203092932701111,0.13881325721740723,-0.5419777035713196,0.9981105327606201,0.6339626908302307,0.14004215598106384,-0.5421109199523926,0.9983276724815369,0.648413896560669,0.14184914529323578,-0.5421559810638428,0.9984182715415955,0.5967079997062683,0.1389879435300827,-0.515787661075592,0.997495174407959,0.5901814103126526,0.14014160633087158,-0.5158419609069824,0.9969145655632019,0.5845708847045898,0.1420021951198578,-0.5160292983055115,0.9967184066772461,0.6816185712814331,0.1530875861644745,-0.3697158694267273,0.9986719489097595,0.6015290021896362,0.15473289787769318,-0.23296032845973969,0.9945197105407715,0.6376457810401917,0.15079686045646667,-0.49252450466156006,0.9997323751449585,0.6101675629615784,0.1506863385438919,-0.45582959055900574,0.9994492530822754,0.7790570259094238,0.224894180893898,-0.2803155183792114,0.9999486804008484,0.5340365767478943,0.23484477400779724,-0.0301226619631052,0.9996852874755859,0.8408523201942444,0.3215668499469757,-0.19797663390636444,0.9897181391716003,0.52473384141922,0.3218918442726135,0.16372647881507874,0.7528208494186401,0.7177041172981262,0.36195114254951477,-0.4441538453102112,0.9774439334869385,0.4949549734592438,0.38797056674957275,-0.04739727824926376,0.7206409573554993,0.6741446256637573,0.3802727162837982,-0.5209829211235046,0.9549802541732788,0.47346651554107666,0.4120025932788849,-0.09446123987436295,0.6821967959403992,0.6586207151412964,0.3713530898094177,-0.5831713080406189,0.9545679688453674,0.47273147106170654,0.4108962118625641,-0.2005814015865326,0.69101881980896,0.6705372333526611,0.36483821272850037,-0.4664367437362671,0.9344680309295654,0.47960200905799866,0.40388229489326477,-0.09070365130901337,0.6648414731025696,0.7115111947059631,0.4125130772590637,-0.02469131164252758,0.9990026950836182,0.5582689046859741,0.41067105531692505,0.0247055497020483,0.9991776943206787,0.6906797289848328,0.5623539090156555,-0.04904206842184067,0.9795345664024353,0.5747599005699158,0.5542105436325073,-0.19423425197601318,0.9217543601989746,0.6808533072471619,0.5881232619285583,1.0412074327468872,0.9183070659637451,0.5999595522880554,0.6738855838775635,0.18227924406528473,0.9234822392463684,0.6681219935417175,0.5848050713539124,1.1457469463348389,0.7496106624603271,0.6074056625366211,0.6851091384887695,0.21721214056015015,0.7703273296356201,0.6664327383041382,0.6420989632606506,0.9791576266288757,0.9121441841125488,0.6091270446777344,0.726630687713623,-0.09299243986606598,0.9248388409614563
373,squat,1,0.6180423498153687,0.13755294680595398,-0.49460089206695557,0.9993348717689514,0.6306077837944031,0.13813859224319458,-0.4710279405117035,0.9982665777206421,0.6433663368225098,0.13964663445949554,-0.47103720903396606,0.998462975025177,0.6561745405197144,0.14153645932674408,-0.47107335925102234,0.998544454574585,0.6065466403961182,0.13782653212547302,-0.44882726669311523,0.9977157711982727,0.6002967953681946,0.13914571702480316,-0.4488847851753235,0.9971932768821716,0.5939188003540039,0.14105729758739471,-0.4490228593349457,0.9970178604125977,0.6845977306365967,0.1548389047384262,-0.2935883700847626,0.9987545609474182,0.601859986782074,0.15651153028011322,-0.18659569323062897,0.9949710965156555,0.6481829881668091,0.1501728892326355,-0.4251846373081207,0.9997518062591553,0.6185194849967957,0.14930517971515656,-0.39514827728271484,0.9994936585426331,0.7947391867637634,0.22774243354797363,-0.1747480034828186,0.9999461770057678,0.533592164516449,0.23601959645748138,-0.043407224118709564,0.9997064471244812,0.8598187565803528,0.32335758209228516,-0.05508488789200783,0.9897518157958984,0.49913039803504944,0.3228965401649475,0.11162294447422028,0.7745041847229004,0.8017811179161072,0.3802728056907654,-0.2589051425457001,0.9775384664535522,0.4895569980144501,0.38763949275016785,-0.07199003547430038,0.7445511221885681,0.7708464860916138,0.4035084545612335,-0.3228801190853119,0.9550105929374695,0.47333306074142456,0.41184285283088684,-0.1310693621635437,0.7073932886123657,0.7574455738067627,0.39350393414497375,-0.40052399039268494,0.9546114206314087,0.4763583540916443,0.4089025855064392,-0.21441444754600525,0.7156587243080139,0.762457013130188,0.3869715929031372,-0.28803882002830505,0.9355676174163818,0.4826975464820862,0.4015115201473236,-0.10833220928907394,0.6906811594963074,0.7165740728378296,0.41313648223876953,-0.018205903470516205,0.9990333318710327,0.5603087544441223,0.4133100211620331,0.01803821325302124,0.999241292476654,0.6926541924476624,0.5610422492027283,-0.08994448184967041,0.9805683493614197,0.5689823627471924,0.5601124167442322,-0.0771152451634407,0.9287078380584717,0.7091169953346252,0.5896245241165161,0.8754646182060242,0.913411021232605,0.5996246933937073,0.6798426508903503,0.356777161359787,0.9296700358390808,0.6997101306915283,0.5858287811279297,0.9692862033843994,0.731380045413971,0.6072918772697449,0.6911551356315613,0.39051663875579834,0.7735515236854553,0.7117959856987,0.6470004916191101,0.8080472946166992,0.906836986541748,0.608883261680603,0.728064775466919,0.09898576885461807,0.9295120239257812
374,squat,1,0.6373606324195862,0.1316368579864502,-0.3785601258277893,0.9993568658828735,0.6538971662521362,0.1372307389974594,-0.35466697812080383,0.9981882572174072,0.6661232113838196,0.13959211111068726,-0.35467609763145447,0.9983652830123901,0.6781327128410339,0.14242638647556305,-0.3547278642654419,0.9984263181686401,0.627109706401825,0.13555656373500824,-0.3495519459247589,0.9977707862854004,0.6202871203422546,0.13669081032276154,-0.3496517837047577,0.9973176717758179,0.6135749816894531,0.1383635550737381,-0.349918931722641,0.9971892237663269,0.6989507079124451,0.1557629257440567,-0.17631538212299347,0.9984630346298218,0.6126444339752197,0.15318940579891205,-0.14556235074996948,0.9950951933860779,0.6642202138900757,0.14220194518566132,-0.3051823079586029,0.999701738357544,0.6313543915748596,0.13916140794754028,-0.29726892709732056,0.9994762539863586,0.8044025897979736,0.22193172574043274,-0.06493619084358215,0.9999231100082397,0.5318807363510132,0.22754505276679993,-0.04485313221812248,0.9997208714485168,0.8696621656417847,0.30950745940208435,0.05792519822716713,0.9870206117630005,0.47414278984069824,0.3172926902770996,0.025553883984684944,0.7953683733940125,0.8514847159385681,0.3739863634109497,-0.10036606341600418,0.9735611081123352,0.4889548718929291,0.36432865262031555,-0.1574976146221161,0.768596351146698,0.8406928181648254,0.3985621929168701,-0.14695245027542114,0.9495845437049866,0.48308199644088745,0.38349324464797974,-0.22654037177562714,0.7340829968452454,0.8234029412269592,0.3880256116390228,-0.2099572867155075,0.9493255019187927,0.4950694441795349,0.37842416763305664,-0.27116620540618896,0.7416548132896423,0.8207460641860962,0.38282525539398193,-0.12480246275663376,0.9313963651657104,0.49704575538635254,0.37225478887557983,-0.1782144457101822,0.7184297442436218,0.7258458137512207,0.41108593344688416,-0.018207989633083344,0.9989923238754272,0.564420223236084,0.41186556220054626,0.017986001446843147,0.9992741346359253,0.6994335651397705,0.5556543469429016,-0.11125541478395462,0.981261134147644,0.5664207339286804,0.5581989884376526,-0.06185782700777054,0.9341455698013306,0.7251818776130676,0.5980330109596252,0.7784543633460999,0.9124366641044617,0.5964239835739136,0.6815419793128967,0.36444148421287537,0.9348430037498474,0.7210962772369385,0.5971317887306213,0.8617298007011414,0.708970308303833,0.6066741347312927,0.6941556334495544,0.3976823091506958,0.7751441597938538,0.7285296320915222,0.65924471616745,0.6959301233291626,0.9063970446586609,0.6092039942741394,0.728234052658081,0.12760765850543976,0.9335304498672485
375,squat,1,0.6541091203689575,0.1239711120724678,-0.32888302206993103,0.9993031620979309,0.675093948841095,0.12683697044849396,-0.30267372727394104,0.9976952075958252,0.6873336434364319,0.12922771275043488,-0.30267223715782166,0.9978494048118591,0.6987708210945129,0.13217687606811523,-0.30277636647224426,0.9978743195533752,0.6419972777366638,0.12497802078723907,-0.3107956647872925,0.9974863529205322,0.6323617100715637,0.12587162852287292,-0.31088313460350037,0.9971559643745422,0.6233242750167847,0.12719027698040009,-0.3111000955104828,0.997161865234375,0.715867817401886,0.14233119785785675,-0.10774897783994675,0.9974814057350159,0.6120465993881226,0.13530364632606506,-0.13734430074691772,0.9948417544364929,0.6762167811393738,0.13359953463077545,-0.2482830286026001,0.999540388584137,0.6399021148681641,0.13088200986385345,-0.25783243775367737,0.9993559122085571,0.7999889850616455,0.20262320339679718,0.04400895535945892,0.9998964071273804,0.5310339331626892,0.20711545646190643,-0.019835447892546654,0.9997221231460571,0.8593542575836182,0.27464714646339417,0.28625866770744324,0.9770079255104065,0.45384347438812256,0.30263978242874146,0.14578671753406525,0.8133782148361206,0.8778168559074402,0.335004061460495,0.21234892308712006,0.9539142847061157,0.49214234948158264,0.34156376123428345,0.15300382673740387,0.7884633541107178,0.8808537721633911,0.3616611361503601,0.18822519481182098,0.9244338274002075,0.5020477771759033,0.35893023014068604,0.10988904535770416,0.7548290491104126,0.8725593090057373,0.360615998506546,0.11759728193283081,0.925022542476654,0.5174331665039062,0.35312971472740173,0.06655529141426086,0.7618740797042847,0.867464005947113,0.352774053812027,0.18460536003112793,0.9079034328460693,0.5159468054771423,0.3470418453216553,0.13853967189788818,0.7394102811813354,0.7314251661300659,0.39470335841178894,-0.017714979127049446,0.9989488124847412,0.5674193501472473,0.394838809967041,0.0174317117780447,0.9992542266845703,0.7060448527336121,0.5372101664543152,-0.12652698159217834,0.9821193218231201,0.5731555819511414,0.5486704111099243,-0.08859556168317795,0.9388226270675659,0.7250220775604248,0.6259798407554626,0.6314132213592529,0.9185383915901184,0.5956511497497559,0.6765093207359314,0.385733962059021,0.9398095607757568,0.7213919162750244,0.6346674561500549,0.6935356855392456,0.6990583539009094,0.6096831560134888,0.6887450218200684,0.4211919903755188,0.7768791913986206,0.7259764075279236,0.6921906471252441,0.4211052358150482,0.9128798246383667,0.6149284243583679,0.7292373180389404,0.11680129915475845,0.938271701335907
376,squat,1,0.6938990354537964,0.11032146960496902,-0.2902829349040985,0.9993075132369995,0.716679573059082,0.10860517621040344,-0.2602529227733612,0.9976024031639099,0.728702962398529,0.11112775653600693,-0.26026684045791626,0.9977091550827026,0.739288330078125,0.11391152441501617,-0.2603220045566559,0.9977061152458191,0.6801748275756836,0.1064179390668869,-0.27487456798553467,0.9975327849388123,0.6676956415176392,0.10726700723171234,-0.27487581968307495,0.9972683787345886,0.6558433771133423,0.1082594245672226,-0.27501413226127625,0.9973242878913879,0.7497537136077881,0.12315144389867783,-0.038616880774497986,0.9971691370010376,0.6296369433403015,0.11495877802371979,-0.10120589286088943,0.9951512813568115,0.7088121175765991,0.12309812754392624,-0.19767263531684875,0.9994736313819885,0.6719750165939331,0.11933673918247223,-0.2161858230829239,0.9993581175804138,0.8071343302726746,0.18656784296035767,0.08047449588775635,0.9998972415924072,0.5311563014984131,0.1874840408563614,0.008940886706113815,0.9997414350509644,0.8549623489379883,0.2559538781642914,0.26662230491638184,0.9708706140518188,0.4465460777282715,0.2837233543395996,0.0263536237180233,0.8304933309555054,0.8873831629753113,0.3089234530925751,0.1479177176952362,0.946081817150116,0.5064290761947632,0.32327941060066223,-0.18110792338848114,0.8084304332733154,0.9053816199302673,0.336887925863266,0.11082839220762253,0.9170687198638916,0.5294142961502075,0.34129655361175537,-0.2561054229736328,0.777205765247345,0.8978976607322693,0.33713385462760925,0.04915205016732216,0.9181682467460632,0.5442851781845093,0.3320421874523163,-0.28820231556892395,0.7836635708808899,0.8882841467857361,0.32988765835762024,0.12257161736488342,0.9022396206855774,0.5394122004508972,0.3259790539741516,-0.19405628740787506,0.7627434730529785,0.7381641268730164,0.37737375497817993,-0.02012478932738304,0.9989973902702332,0.5726634860038757,0.37757816910743713,0.019788894802331924,0.9992377161979675,0.713698148727417,0.5205053091049194,-0.3052428364753723,0.9830694198608398,0.5760965943336487,0.5359019041061401,-0.10263023525476456,0.9425202012062073,0.7204672694206238,0.6572816967964172,0.07275781780481339,0.9256041049957275,0.60093092918396,0.6736776232719421,0.2398657202720642,0.9442687034606934,0.7142371535301208,0.6680067777633667,0.09290824830532074,0.697012722492218,0.6210874915122986,0.6865333318710327,0.26136770844459534,0.7820165157318115,0.710530161857605,0.7297049760818481,-0.22046108543872833,0.9200593829154968,0.609503448009491,0.7286344170570374,0.009244517423212528,0.9427385926246643
377,squat,1,0.6793266534805298,0.08444277942180634,-0.2828693389892578,0.9988586902618408,0.702892541885376,0.08617349714040756,-0.27194470167160034,0.9954296350479126,0.7156674861907959,0.08849874883890152,-0.2719290852546692,0.9953670501708984,0.7294623255729675,0.09152152389287949,-0.27203384041786194,0.9955427646636963,0.6662541627883911,0.08790194243192673,-0.27476420998573303,0.9962586760520935,0.6557273864746094,0.0910193920135498,-0.2748323082923889,0.9962769746780396,0.6462488174438477,0.09440648555755615,-0.2751721441745758,0.9967711567878723,0.7396054267883301,0.10424388945102692,-0.09811162948608398,0.9934263825416565,0.6259162425994873,0.10436476767063141,-0.10469013452529907,0.994151771068573,0.6980072855949402,0.09858908504247665,-0.20321984589099884,0.9985979199409485,0.6613246202468872,0.0997089371085167,-0.2058616578578949,0.9986875057220459,0.8084504008293152,0.16206300258636475,0.03380231186747551,0.9998747110366821,0.5296276807785034,0.17120574414730072,0.014831708744168282,0.9997451901435852,0.8522214293479919,0.2408664971590042,0.16250532865524292,0.950040876865387,0.443961501121521,0.261452317237854,0.018088186159729958,0.840714156627655,0.9105898141860962,0.30384933948516846,-0.003358960384503007,0.9124241471290588,0.5179645419120789,0.3057457208633423,-0.2080370932817459,0.8234993815422058,0.9391000866889954,0.32028263807296753,-0.041273850947618484,0.8845854997634888,0.542619526386261,0.32509782910346985,-0.2812789976596832,0.7935371398925781,0.9304457902908325,0.32048752903938293,-0.10831568390130997,0.8863750100135803,0.562847912311554,0.3169339597225189,-0.32175374031066895,0.7996142506599426,0.9176490902900696,0.3170602023601532,-0.031472284346818924,0.8707740306854248,0.5587342977523804,0.3111475706100464,-0.22641342878341675,0.778967022895813,0.7431479096412659,0.36086204648017883,-0.03970177099108696,0.998961865901947,0.5767852067947388,0.36222749948501587,0.03917044401168823,0.9991692304611206,0.7140324711799622,0.516456127166748,-0.27268463373184204,0.983534038066864,0.5821583867073059,0.5259321928024292,-0.11759398132562637,0.9454810619354248,0.7080535292625427,0.6835038065910339,0.06601250916719437,0.9318024516105652,0.608224630355835,0.6689386963844299,0.22832190990447998,0.9475192427635193,0.7047105431556702,0.699979305267334,0.0781363695859909,0.6871781349182129,0.6316370368003845,0.6853097677230835,0.2512144148349762,0.782949686050415,0.7037686705589294,0.7532694935798645,-0.2952626347541809,0.9260515570640564,0.6063110828399658,0.7284853458404541,-0.01865604892373085,0.9461295008659363
378,squat,1,0.6953302621841431,0.08687389642000198,-0.28878891468048096,0.9978629946708679,0.7124769687652588,0.10639029741287231,-0.2914043664932251,0.9919264912605286,0.7221446633338928,0.1094021126627922,-0.29131612181663513,0.991208553314209,0.7510571479797363,0.10417009890079498,-0.29159972071647644,0.9928296804428101,0.684462308883667,0.10655032843351364,-0.3044579029083252,0.994280219078064,0.6746837496757507,0.10965355485677719,-0.30466318130493164,0.9941287040710449,0.6650806665420532,0.11272851377725601,-0.3051782548427582,0.9956263303756714,0.7576749324798584,0.10858027637004852,-0.13572543859481812,0.9842233061790466,0.6255713105201721,0.107347771525383,-0.1527382731437683,0.992184042930603,0.7094904184341431,0.11846282333135605,-0.20720800757408142,0.9964302182197571,0.6697670817375183,0.11714352667331696,-0.22614416480064392,0.9965702295303345,0.8217409253120422,0.15276531875133514,0.05787177011370659,0.9998003244400024,0.5295689105987549,0.15159571170806885,-0.023843657225370407,0.9997332692146301,0.8527233004570007,0.22855742275714874,0.44049763679504395,0.8879168033599854,0.444593220949173,0.2312830090522766,0.17178907990455627,0.8425726294517517,0.9340806603431702,0.28006911277770996,0.6038499474525452,0.8424336314201355,0.5233075022697449,0.2841476500034332,0.33595192432403564,0.8120639324188232,0.9738726615905762,0.288007527589798,0.6521958112716675,0.8205685019493103,0.5438109636306763,0.30510205030441284,0.35169339179992676,0.7796158194541931,0.9690418243408203,0.2876742482185364,0.586348831653595,0.8227449059486389,0.5671452879905701,0.2978680729866028,0.30784404277801514,0.7850202918052673,0.9452757239341736,0.2862122356891632,0.5880310535430908,0.8079409003257751,0.5661969184875488,0.29230058193206787,0.3296954929828644,0.7622239589691162,0.7524793744087219,0.34049054980278015,-0.022317945957183838,0.9989986419677734,0.5889666080474854,0.3456750512123108,0.021487446501851082,0.9991087913513184,0.7105690240859985,0.522049605846405,-0.25213250517845154,0.9819993376731873,0.5933436155319214,0.5248912572860718,-0.07486028224229813,0.9424376487731934,0.7042915225028992,0.7247294783592224,-0.1482502669095993,0.9341316819190979,0.621489942073822,0.6442534923553467,0.4731975793838501,0.9253477454185486,0.7037643790245056,0.7393316030502319,-0.15580452978610992,0.6596092581748962,0.636842668056488,0.6534211039543152,0.5254085063934326,0.7328281998634338,0.6971830129623413,0.7821617722511292,-0.49420636892318726,0.9266030192375183,0.6164500713348389,0.7123809456825256,0.34386253356933594,0.9296690821647644
379,squat,1,0.7078695893287659,0.15827317535877228,0.5938432812690735,0.9952719211578369,0.733067512512207,0.15809199213981628,0.6286898851394653,0.9846128821372986,0.7429713606834412,0.1597774177789688,0.6286899447441101,0.9818292856216431,0.7580235004425049,0.15962673723697662,0.6283305883407593,0.9846194386482239,0.7012754678726196,0.1520971804857254,0.6136999726295471,0.990015983581543,0.6929861307144165,0.1513689160346985,0.6135748624801636,0.9893501996994019,0.6847261786460876,0.15036553144454956,0.6128600239753723,0.9931786060333252,0.7504720091819763,0.1389077752828598,0.7868809103965759,0.9737253785133362,0.6620568633079529,0.1350710093975067,0.7141847610473633,0.9899667501449585,0.715228259563446,0.16555653512477875,0.6554539203643799,0.991705596446991,0.6883024573326111,0.16462819278240204,0.632637083530426,0.9938558340072632,0.820730984210968,0.17552576959133148,0.710529088973999,0.9995999336242676,0.5353653430938721,0.1629977971315384,0.6411592364311218,0.9997193217277527,0.8520718812942505,0.23141594231128693,0.725537121295929,0.8274153470993042,0.4412554204463959,0.21972136199474335,0.4590112566947937,0.8454204201698303,0.9247711300849915,0.2688732445240021,0.6093136668205261,0.7861881852149963,0.5238874554634094,0.27891552448272705,0.3246541917324066,0.8062562942504883,0.9720569849014282,0.27861467003822327,0.5704831480979919,0.7715632915496826,0.5446910262107849,0.30052798986434937,0.2897818684577942,0.7698908448219299,0.9675532579421997,0.27843761444091797,0.5500726699829102,0.77522212266922,0.5723024010658264,0.2935357093811035,0.2975371479988098,0.7758098244667053,0.9445051550865173,0.2767728269100189,0.5947741866111755,0.7622990012168884,0.5714505314826965,0.28843799233436584,0.32377755641937256,0.7524808645248413,0.7459578514099121,0.34037765860557556,-0.017803780734539032,0.999042809009552,0.6034749150276184,0.34392955899238586,0.0170819703489542,0.9991321563720703,0.6797692775726318,0.5251230597496033,-0.25403276085853577,0.9822923541069031,0.627266526222229,0.5273936986923218,-0.19127008318901062,0.9445899724960327,0.6809093952178955,0.7144598960876465,-0.06481210887432098,0.9353471994400024,0.6387044191360474,0.640163242816925,0.39110463857650757,0.9111294150352478,0.690577507019043,0.7339766025543213,-0.054436374455690384,0.6510789394378662,0.6442921757698059,0.6475785374641418,0.48504745960235596,0.6988449096679688,0.6769892573356628,0.7807872295379639,-0.34242069721221924,0.9237284064292908,0.6290438771247864,0.7109834551811218,0.18362727761268616,0.9064105153083801
