frame,exercise_type,form_label,nose_x,nose_y,nose_z,nose_vis,left_eye_inner_x,left_eye_inner_y,left_eye_inner_z,left_eye_inner_vis,left_eye_x,left_eye_y,left_eye_z,left_eye_vis,left_eye_outer_x,left_eye_outer_y,left_eye_outer_z,left_eye_outer_vis,right_eye_inner_x,right_eye_inner_y,right_eye_inner_z,right_eye_inner_vis,right_eye_x,right_eye_y,right_eye_z,right_eye_vis,right_eye_outer_x,right_eye_outer_y,right_eye_outer_z,right_eye_outer_vis,left_ear_x,left_ear_y,left_ear_z,left_ear_vis,right_ear_x,right_ear_y,right_ear_z,right_ear_vis,mouth_left_x,mouth_left_y,mouth_left_z,mouth_left_vis,mouth_right_x,mouth_right_y,mouth_right_z,mouth_right_vis,left_shoulder_x,left_shoulder_y,left_shoulder_z,left_shoulder_vis,right_shoulder_x,right_shoulder_y,right_shoulder_z,right_shoulder_vis,left_elbow_x,left_elbow_y,left_elbow_z,left_elbow_vis,right_elbow_x,right_elbow_y,right_elbow_z,right_elbow_vis,left_wrist_x,left_wrist_y,left_wrist_z,left_wrist_vis,right_wrist_x,right_wrist_y,right_wrist_z,right_wrist_vis,left_pinky_x,left_pinky_y,left_pinky_z,left_pinky_vis,right_pinky_x,right_pinky_y,right_pinky_z,right_pinky_vis,left_index_x,left_index_y,left_index_z,left_index_vis,right_index_x,right_index_y,right_index_z,right_index_vis,left_thumb_x,left_thumb_y,left_thumb_z,left_thumb_vis,right_thumb_x,right_thumb_y,right_thumb_z,right_thumb_vis,left_hip_x,left_hip_y,left_hip_z,left_hip_vis,right_hip_x,right_hip_y,right_hip_z,right_hip_vis,left_knee_x,left_knee_y,left_knee_z,left_knee_vis,right_knee_x,right_knee_y,right_knee_z,right_knee_vis,left_ankle_x,left_ankle_y,left_ankle_z,left_ankle_vis,right_ankle_x,right_ankle_y,right_ankle_z,right_ankle_vis,left_heel_x,left_heel_y,left_heel_z,left_heel_vis,right_heel_x,right_heel_y,right_heel_z,right_heel_vis,left_foot_index_x,left_foot_index_y,left_foot_index_z,left_foot_index_vis,right_foot_index_x,right_foot_index_y,right_foot_index_z,right_foot_index_vis
0,knee_pushup,0,0.22152790427207947,0.5894424319267273,0.05145632475614548,0.997703492641449,0.19996461272239685,0.5841497182846069,0.005021371878683567,0.9981796741485596,0.19899463653564453,0.5832664966583252,0.005060890689492226,0.9985281229019165,0.1982397437095642,0.582305371761322,0.0050140321254730225,0.9987898468971252,0.20030194520950317,0.5840177536010742,0.06983771175146103,0.9978971481323242,0.19977974891662598,0.5831260085105896,0.06984157115221024,0.9977776408195496,0.19943636655807495,0.5821946263313293,0.06978189200162888,0.9983811378479004,0.20686453580856323,0.5715166330337524,-0.09950044006109238,0.9972378015518188,0.20751243829727173,0.572622537612915,0.19488537311553955,0.9983855485916138,0.24264951050281525,0.5853713750839233,0.016975877806544304,0.9956986904144287,0.24273955821990967,0.5860741138458252,0.10229069739580154,0.9935123324394226,0.2905104160308838,0.5386645197868347,-0.31711316108703613,0.999316930770874,0.30462679266929626,0.5569650530815125,0.38667401671409607,0.9939821362495422,0.2972600758075714,0.5833390951156616,-0.6860373020172119,0.941985011100769,0.30831843614578247,0.5847147107124329,0.6949574947357178,0.09589388221502304,0.23842650651931763,0.626868724822998,-0.8585960865020752,0.9339105486869812,0.20623791217803955,0.6156632304191589,0.8943259119987488,0.2437213510274887,0.20185139775276184,0.6294163465499878,-0.9252334237098694,0.9333499670028687,0.18075281381607056,0.6169764399528503,0.9321611523628235,0.3056959807872772,0.19672037661075592,0.6278718709945679,-0.9038293361663818,0.9282963275909424,0.18325848877429962,0.6165050268173218,0.9211158156394958,0.29211217164993286,0.21019521355628967,0.6265275478363037,-0.8536527156829834,0.9051390886306763,0.19422131776809692,0.6168251037597656,0.8910582661628723,0.28221002221107483,0.594508945941925,0.4986704885959625,-0.2381097823381424,0.9997574687004089,0.5810755491256714,0.5117237567901611,0.23813031613826752,0.9995119571685791,0.6459950804710388,0.6130672693252563,-0.3050055205821991,0.9243345856666565,0.6372256278991699,0.6129211187362671,0.17551223933696747,0.34369370341300964,0.8866225481033325,0.5869501829147339,-0.20778508484363556,0.9587191939353943,0.8711400628089905,0.5913753509521484,0.22092817723751068,0.3689740300178528,0.9114952087402344,0.5674901604652405,-0.18778611719608307,0.9570903778076172,0.902321457862854,0.5783423185348511,0.22095388174057007,0.5435276627540588,0.9718337059020996,0.6174589395523071,-0.20240840315818787,0.933978259563446,0.955696165561676,0.6193971633911133,0.16420429944992065,0.4582892060279846
1,knee_pushup,0,0.22136196494102478,0.5990927219390869,0.0433180034160614,0.997796893119812,0.19890807569026947,0.5947654247283936,-0.005186432972550392,0.9982770085334778,0.19782280921936035,0.5936395525932312,-0.005135780666023493,0.9985947012901306,0.19694672524929047,0.592365562915802,-0.005175056401640177,0.9988542795181274,0.19898530840873718,0.5947107076644897,0.06112921983003616,0.9980131387710571,0.19809278845787048,0.5936024785041809,0.061119720339775085,0.9978865385055542,0.19728852808475494,0.5923635959625244,0.061065156012773514,0.9984686374664307,0.2043588012456894,0.5793052315711975,-0.11910729110240936,0.9973822832107544,0.20291006565093994,0.5805162787437439,0.18093828856945038,0.9984682202339172,0.24215584993362427,0.5931642651557922,0.006066556554287672,0.9959551692008972,0.24198442697525024,0.5940089821815491,0.09293778240680695,0.9938712120056152,0.28807690739631653,0.5447386503219604,-0.32227158546447754,0.9993468523025513,0.29304689168930054,0.5596770644187927,0.3772226572036743,0.9941752552986145,0.28956735134124756,0.5696836709976196,-0.6936233043670654,0.9457026720046997,0.30462369322776794,0.5789031386375427,0.7144758701324463,0.09030468016862869,0.2349042445421219,0.6268080472946167,-0.8199030160903931,0.9355785846710205,0.2266951948404312,0.6129895448684692,0.9555244445800781,0.22527152299880981,0.1979597806930542,0.6302517056465149,-0.8842706084251404,0.9339538216590881,0.19471146166324615,0.6162180304527283,1.0046511888504028,0.2845117449760437,0.19481496512889862,0.6283130049705505,-0.8509097099304199,0.9290519952774048,0.19864414632320404,0.6149390935897827,0.9776059985160828,0.27228108048439026,0.20868878066539764,0.6265960931777954,-0.8090761303901672,0.9054559469223022,0.20881828665733337,0.6142188310623169,0.9476171135902405,0.26372596621513367,0.5904377698898315,0.502813458442688,-0.23559388518333435,0.9997594952583313,0.572529673576355,0.5174059271812439,0.23568184673786163,0.9995039701461792,0.6504853367805481,0.6130635142326355,-0.29630208015441895,0.9256778955459595,0.6377766728401184,0.6132285594940186,0.16018541157245636,0.34647542238235474,0.886457085609436,0.5873604416847229,-0.18642501533031464,0.958122968673706,0.8690853714942932,0.5965173840522766,0.19858868420124054,0.3691771924495697,0.911037802696228,0.568735659122467,-0.16457459330558777,0.9562203288078308,0.9048077464103699,0.5852364301681519,0.19798597693443298,0.537247896194458,0.9928593039512634,0.6200904846191406,-0.16943810880184174,0.9339941143989563,0.949668824672699,0.6246072053909302,0.13639457523822784,0.45824527740478516
2,knee_pushup,0,0.2199622392654419,0.6040220856666565,0.031903475522994995,0.9978381395339966,0.1972915679216385,0.5999548435211182,-0.015430746600031853,0.9983319640159607,0.1963370144367218,0.5988345742225647,-0.015401788987219334,0.9986251592636108,0.19558995962142944,0.5975617170333862,-0.015459965914487839,0.9988898038864136,0.19687488675117493,0.5998190641403198,0.05083097517490387,0.9980744123458862,0.19575348496437073,0.5986465811729431,0.05082324147224426,0.9979349374771118,0.19472314417362213,0.5973460674285889,0.050762392580509186,0.9985116720199585,0.20258371531963348,0.5840865969657898,-0.12669877707958221,0.9974726438522339,0.1998814046382904,0.5851646661758423,0.17262205481529236,0.9985111355781555,0.23989449441432953,0.5977510213851929,-0.004344044253230095,0.9961199760437012,0.2387716919183731,0.5983051061630249,0.08240487426519394,0.9940695762634277,0.28626585006713867,0.5481213927268982,-0.32507646083831787,0.9993548393249512,0.2853677272796631,0.5628755688667297,0.3667416274547577,0.9943404793739319,0.28630825877189636,0.568384051322937,-0.7060540318489075,0.9477629065513611,0.2775264084339142,0.581969678401947,0.7025432586669922,0.08698147535324097,0.2343621551990509,0.6267985105514526,-0.840909481048584,0.935344398021698,0.22377614676952362,0.6157416701316833,0.9270385503768921,0.21209244430065155,0.19783243536949158,0.6308656930923462,-0.9121872782707214,0.9329899549484253,0.18878045678138733,0.6215174794197083,0.9811856746673584,0.27004846930503845,0.1947096437215805,0.6288068890571594,-0.8662649989128113,0.9280845522880554,0.19433104991912842,0.6202815771102905,0.9318718314170837,0.25905221700668335,0.20866529643535614,0.6265917420387268,-0.8261340260505676,0.9032683968544006,0.20755034685134888,0.6172931790351868,0.9099104404449463,0.2519230842590332,0.5886200666427612,0.505158543586731,-0.23371565341949463,0.9997550249099731,0.565355122089386,0.5214863419532776,0.2338351160287857,0.9994882941246033,0.6547703146934509,0.6129410862922668,-0.2970567047595978,0.9265838861465454,0.6372866630554199,0.6134085059165955,0.15458965301513672,0.35440492630004883,0.8859297633171082,0.587509036064148,-0.19189535081386566,0.9568060040473938,0.8642122149467468,0.6000930666923523,0.1989167332649231,0.3695148527622223,0.9106519818305969,0.5700529217720032,-0.17323316633701324,0.954630434513092,0.9039246439933777,0.5912306308746338,0.19863632321357727,0.5340133905410767,0.991121232509613,0.6209916472434998,-0.19240382313728333,0.9328929781913757,0.9367784261703491,0.6291292905807495,0.1381523609161377,0.45881420373916626
3,knee_pushup,0,0.21462799608707428,0.608396589756012,0.02222941443324089,0.9978142380714417,0.19297151267528534,0.6044077277183533,-0.025273337960243225,0.9983270168304443,0.1924230307340622,0.603377640247345,-0.025234384462237358,0.998600423336029,0.1920916736125946,0.6022710204124451,-0.025245580822229385,0.998884379863739,0.19236014783382416,0.6040942668914795,0.04172178730368614,0.9981023073196411,0.1914621740579605,0.6027975678443909,0.041686419397592545,0.997954249382019,0.1906631588935852,0.6014078855514526,0.041579149663448334,0.9985333681106567,0.2006446272134781,0.5889267325401306,-0.13847596943378448,0.9974468946456909,0.19704067707061768,0.5891277194023132,0.16313791275024414,0.9985430836677551,0.234456405043602,0.6022413372993469,-0.014986757189035416,0.9961811304092407,0.23303012549877167,0.6025304198265076,0.07251527905464172,0.9941821694374084,0.28529512882232666,0.5529890060424805,-0.3292224407196045,0.9993681907653809,0.28300192952156067,0.5638599991798401,0.35604584217071533,0.9945819973945618,0.2814728915691376,0.5693188309669495,-0.7140083312988281,0.9500356912612915,0.3238617181777954,0.5722959041595459,0.6894537806510925,0.08181000500917435,0.23403459787368774,0.6264753937721252,-0.8618117570877075,0.9380162954330444,0.3139810264110565,0.6039202809333801,0.9208275079727173,0.19710831344127655,0.19769233465194702,0.6308780908584595,-0.9349641799926758,0.935472846031189,0.30102139711380005,0.6092714667320251,0.9723886251449585,0.2527887523174286,0.19474580883979797,0.6288093328475952,-0.891489565372467,0.930641233921051,0.29906579852104187,0.6102680563926697,0.9237354397773743,0.24294047057628632,0.20877210795879364,0.6266002655029297,-0.849307656288147,0.9059023261070251,0.30378076434135437,0.6086863875389099,0.9015167951583862,0.23712675273418427,0.5854842662811279,0.5060733556747437,-0.22971121966838837,0.9997478723526001,0.5611891150474548,0.5220903754234314,0.22987405955791473,0.9994673132896423,0.6570888757705688,0.6128734350204468,-0.29402750730514526,0.9277709722518921,0.6371124386787415,0.6133900880813599,0.1366342008113861,0.3608936667442322,0.8857398629188538,0.5874894857406616,-0.18279162049293518,0.9555548429489136,0.8635894656181335,0.599801778793335,0.17971432209014893,0.3749634623527527,0.9100492596626282,0.569972038269043,-0.16382761299610138,0.9525666832923889,0.9039044380187988,0.5894044637680054,0.17977693676948547,0.533333957195282,0.9892218708992004,0.6208348870277405,-0.1823241412639618,0.9320463538169861,0.9362438917160034,0.6295738816261292,0.11845222115516663,0.4656507968902588
4,knee_pushup,0,0.21213451027870178,0.6109825968742371,0.02014858089387417,0.9978165030479431,0.19125372171401978,0.6072216629981995,-0.02726265974342823,0.9983315467834473,0.19083739817142487,0.6062811017036438,-0.027212459594011307,0.9985915422439575,0.19057998061180115,0.6052729487419128,-0.027209898456931114,0.9988872408866882,0.19040736556053162,0.6067444682121277,0.03964776173233986,0.998138964176178,0.18953004479408264,0.6053929328918457,0.03962274268269539,0.9979887008666992,0.18868888914585114,0.6039459705352783,0.03951658681035042,0.9985561370849609,0.199373260140419,0.5921799540519714,-0.13774514198303223,0.9974607825279236,0.1951969414949417,0.5920010805130005,0.16304942965507507,0.9985921382904053,0.23152901232242584,0.6050158143043518,-0.015838900581002235,0.9962669014930725,0.23009972274303436,0.6050435900688171,0.07142732292413712,0.9943165183067322,0.2828608453273773,0.5543322563171387,-0.3328942656517029,0.9994088411331177,0.28131210803985596,0.5649803876876831,0.35857054591178894,0.9949074387550354,0.28043505549430847,0.5689859986305237,-0.7549349069595337,0.9527300596237183,0.34180447459220886,0.5610679984092712,0.6908263564109802,0.07699298113584518,0.233785480260849,0.6264626979827881,-0.9592515230178833,0.941717267036438,0.3421369194984436,0.5904515981674194,0.9232001900672913,0.1841488778591156,0.19752801954746246,0.6313682794570923,-1.041825294494629,0.9389739036560059,0.33278411626815796,0.5949750542640686,0.9767125844955444,0.2377863973379135,0.19460773468017578,0.6292119026184082,-0.9933273792266846,0.9343205690383911,0.33167728781700134,0.5977237224578857,0.9296754598617554,0.22890469431877136,0.2086404263973236,0.626948356628418,-0.9462688565254211,0.9099931716918945,0.33568358421325684,0.5970249772071838,0.907369077205658,0.22395777702331543,0.5828395485877991,0.5073037147521973,-0.22998462617397308,0.9997552633285522,0.5585089921951294,0.5231061577796936,0.23012766242027283,0.9994626045227051,0.6581282019615173,0.6128446459770203,-0.29443344473838806,0.9299288392066956,0.6370146870613098,0.6133604049682617,0.13801831007003784,0.36853039264678955,0.8857461214065552,0.5869153141975403,-0.1838538646697998,0.9559285640716553,0.8627609610557556,0.5991035103797913,0.1835293173789978,0.38490110635757446,0.9100568890571594,0.5686136484146118,-0.1645098775625229,0.9526242613792419,0.9013099074363708,0.5888295769691467,0.18463939428329468,0.539330244064331,0.9790278673171997,0.6197683811187744,-0.18423348665237427,0.9331227540969849,0.9331590533256531,0.6285442113876343,0.12638697028160095,0.47708818316459656
5,knee_pushup,0,0.20985504984855652,0.6105311512947083,-0.019314497709274292,0.9974680542945862,0.18968628346920013,0.6065385937690735,-0.06605886667966843,0.9981500506401062,0.1891472488641739,0.6056347489356995,-0.06605163961648941,0.9984548091888428,0.1887495219707489,0.6046772599220276,-0.06608771532773972,0.998758852481842,0.1889711320400238,0.6059172749519348,0.0020382313523441553,0.9979488253593445,0.18807263672351837,0.604537844657898,0.0020404555834829807,0.9978179931640625,0.18722370266914368,0.603077232837677,0.001962268492206931,0.9984213709831238,0.19704970717430115,0.5918781757354736,-0.17065539956092834,0.9972343444824219,0.19367849826812744,0.5913917422294617,0.13656678795814514,0.9985210299491882,0.22771354019641876,0.6054701209068298,-0.053132764995098114,0.995768666267395,0.22693809866905212,0.605232298374176,0.03627968207001686,0.9934123754501343,0.2804398536682129,0.5559076070785522,-0.3669329881668091,0.9993771314620972,0.2810005843639374,0.5650097131729126,0.3481464087963104,0.9943666458129883,0.2746310532093048,0.5697880983352661,-0.8068572282791138,0.9489021301269531,0.30253222584724426,0.563884437084198,0.6979860663414001,0.07137875258922577,0.23083320260047913,0.6266418695449829,-1.0454809665679932,0.9380767345428467,0.27923405170440674,0.596733808517456,0.9634103775024414,0.17203740775585175,0.1940232664346695,0.6320502758026123,-1.1275825500488281,0.9364105463027954,0.24374406039714813,0.6004162430763245,1.0238131284713745,0.22537186741828918,0.19186559319496155,0.6292893290519714,-1.0891557931900024,0.9314944744110107,0.25261205434799194,0.6020586490631104,0.9915826320648193,0.21743212640285492,0.20702491700649261,0.6269494891166687,-1.0364601612091064,0.9054645299911499,0.27597010135650635,0.6014938354492188,0.9550496935844421,0.21316644549369812,0.5799774527549744,0.5085498690605164,-0.2357289344072342,0.9997454285621643,0.5590601563453674,0.5233024954795837,0.23586644232273102,0.999409556388855,0.6576226353645325,0.6129370331764221,-0.31580525636672974,0.9316930770874023,0.6369544267654419,0.6131501197814941,0.18065203726291656,0.37050795555114746,0.8851959705352783,0.5875439643859863,-0.21310484409332275,0.9561280012130737,0.8614504933357239,0.59868985414505,0.24815493822097778,0.38619354367256165,0.9093003869056702,0.5695272088050842,-0.19521871209144592,0.9526171088218689,0.8927067518234253,0.5871051549911499,0.2509773373603821,0.5389964580535889,0.9754576086997986,0.6212357878684998,-0.21223726868629456,0.93302321434021,0.9319336414337158,0.627916693687439,0.2107737809419632,0.47776180505752563
6,knee_pushup,0,0.21153369545936584,0.6088128089904785,-0.039300430566072464,0.9973214268684387,0.19106051325798035,0.6040589809417725,-0.08630567044019699,0.9981100559234619,0.19032956659793854,0.603139340877533,-0.08631080389022827,0.9984323382377625,0.18970781564712524,0.602156937122345,-0.0863642692565918,0.9987267255783081,0.19031943380832672,0.603564977645874,-0.019820010289549828,0.9978997707366943,0.1892043650150299,0.6022806763648987,-0.019821105524897575,0.9977784156799316,0.18810851871967316,0.6009184122085571,-0.019898731261491776,0.9983766674995422,0.19732241332530975,0.5896716117858887,-0.1897481083869934,0.9972026348114014,0.19412268698215485,0.5896341800689697,0.1104988306760788,0.9985320568084717,0.2279139757156372,0.603696346282959,-0.07259312272071838,0.9956740140914917,0.22714239358901978,0.6037236452102661,0.01477744523435831,0.9931840300559998,0.28075534105300903,0.5537002086639404,-0.38058802485466003,0.9993601441383362,0.28238603472709656,0.5646264553070068,0.3222014904022217,0.9940778613090515,0.27403101325035095,0.5704866051673889,-0.8104038834571838,0.9468673467636108,0.29103344678878784,0.5747430324554443,0.6985865831375122,0.06678172200918198,0.23154062032699585,0.6266416907310486,-1.0398081541061401,0.9360046982765198,0.26094844937324524,0.5991867184638977,0.9961535930633545,0.16116486489772797,0.19579307734966278,0.6320223212242126,-1.1198303699493408,0.9348946809768677,0.2193886786699295,0.6013730764389038,1.0599956512451172,0.21376651525497437,0.1927521973848343,0.6293666958808899,-1.0872796773910522,0.9300247430801392,0.22742727398872375,0.6033602952957153,1.0346109867095947,0.20662543177604675,0.20795999467372894,0.6269606351852417,-1.0328285694122314,0.9027916789054871,0.24390505254268646,0.6034208536148071,0.9917625188827515,0.203086256980896,0.5806758999824524,0.5084140300750732,-0.23582810163497925,0.9997377395629883,0.5596303343772888,0.5248633623123169,0.23597177863121033,0.9993811249732971,0.6572583317756653,0.6132329702377319,-0.31511247158050537,0.9323282837867737,0.6364929676055908,0.6131443381309509,0.1962902992963791,0.37455272674560547,0.8847798705101013,0.5898092985153198,-0.1881294995546341,0.9557932019233704,0.8601014018058777,0.5985053777694702,0.26185551285743713,0.3910459280014038,0.9092467427253723,0.5727087259292603,-0.167442187666893,0.9524518847465515,0.8934519290924072,0.5866981148719788,0.2643478214740753,0.5412799715995789,0.9721723794937134,0.6229460835456848,-0.17776472866535187,0.9324459433555603,0.9304926991462708,0.6275787949562073,0.22231145203113556,0.4819997251033783
7,knee_pushup,0,0.21709780395030975,0.6033936738967896,-0.02038629725575447,0.9971978664398193,0.19487813115119934,0.5996223092079163,-0.06742444634437561,0.9980526566505432,0.1937398463487625,0.598629891872406,-0.06743063777685165,0.9983866810798645,0.19270402193069458,0.5975439548492432,-0.0674891248345375,0.9986827969551086,0.19423304498195648,0.5991287231445312,-0.0021912120282649994,0.9978123903274536,0.19279168546199799,0.5978847146034241,-0.002197947585955262,0.9976866245269775,0.19136357307434082,0.5965415239334106,-0.0022845531348139048,0.9983023405075073,0.19762727618217468,0.5847387909889221,-0.1734689623117447,0.9971232414245605,0.1951560527086258,0.5848671197891235,0.12056522816419601,0.9984788298606873,0.23259547352790833,0.5986260175704956,-0.05455854907631874,0.9955042600631714,0.23235438764095306,0.5989242196083069,0.031133366748690605,0.9928579330444336,0.28098782896995544,0.547505259513855,-0.3679629862308502,0.9993051886558533,0.28325286507606506,0.5627697110176086,0.32075002789497375,0.9938466548919678,0.27520042657852173,0.5715999007225037,-0.7942147850990295,0.9427673816680908,0.29088184237480164,0.5811147093772888,0.6643726229667664,0.06420326977968216,0.23330166935920715,0.626655101776123,-1.0017412900924683,0.9325007796287537,0.23873203992843628,0.6091089844703674,0.9267839193344116,0.15405391156673431,0.1980569064617157,0.6317780017852783,-1.082576870918274,0.9324630498886108,0.18844491243362427,0.6143205165863037,0.9799414277076721,0.206582173705101,0.19327761232852936,0.6293186545372009,-1.0304535627365112,0.9275209307670593,0.19530129432678223,0.6147335171699524,0.9608536958694458,0.19989077746868134,0.20842956006526947,0.6269498467445374,-0.9853177666664124,0.8990404605865479,0.21552295982837677,0.611213207244873,0.9221270680427551,0.19718621671199799,0.5809683799743652,0.5081685781478882,-0.2346828728914261,0.9997210502624512,0.5629386305809021,0.5258551836013794,0.23488159477710724,0.9993563294410706,0.6567667722702026,0.6132315397262573,-0.3119596540927887,0.9326214790344238,0.6366490721702576,0.6136997938156128,0.1896241009235382,0.38245856761932373,0.8825510740280151,0.5897319912910461,-0.17834749817848206,0.9547023773193359,0.8603555560112,0.5993168950080872,0.24799828231334686,0.3932234048843384,0.9070114493370056,0.5725104212760925,-0.15748603641986847,0.9512227773666382,0.8954505324363708,0.5868503451347351,0.2494221180677414,0.5415473580360413,0.969024658203125,0.6216609477996826,-0.17500744760036469,0.9313531517982483,0.9325289726257324,0.6278669238090515,0.20183950662612915,0.4830819368362427
8,knee_pushup,0,0.2181454449892044,0.5938124656677246,-0.011553398333489895,0.997229814529419,0.1957138478755951,0.5897289514541626,-0.058626316487789154,0.9980888366699219,0.1945682168006897,0.5886523723602295,-0.058702290058135986,0.9984235763549805,0.19358202815055847,0.5874567031860352,-0.05881224200129509,0.9987093806266785,0.1951722800731659,0.5895853042602539,0.0015057234559208155,0.9978249669075012,0.19370916485786438,0.5884974002838135,0.0015085962368175387,0.9977043867111206,0.19232024252414703,0.5873300433158875,0.0014176139375194907,0.9983159303665161,0.1979043185710907,0.5753809213638306,-0.16570676863193512,0.9971871972084045,0.19561880826950073,0.5766399502754211,0.13092385232448578,0.9985064268112183,0.23424343764781952,0.5897035002708435,-0.046164583414793015,0.9955742955207825,0.23444095253944397,0.5909478664398193,0.032283101230859756,0.9928735494613647,0.28253406286239624,0.5397681593894958,-0.36710500717163086,0.9992892742156982,0.2842462658882141,0.560654878616333,0.33069509267807007,0.9937448501586914,0.27708813548088074,0.5720751881599426,-0.7696143388748169,0.9415527582168579,0.2909032106399536,0.5836728811264038,0.6718399524688721,0.06446540355682373,0.2355942577123642,0.6266336441040039,-0.9854289889335632,0.932849645614624,0.23309306800365448,0.6128183603286743,0.9296429753303528,0.154768705368042,0.20062026381492615,0.631511390209198,-1.070814609527588,0.9330116510391235,0.18357375264167786,0.618712306022644,0.9822402000427246,0.20831240713596344,0.19477686285972595,0.6291117072105408,-1.0083470344543457,0.928207516670227,0.18859663605690002,0.6188287734985352,0.9650700688362122,0.2016543298959732,0.2092355191707611,0.6269028782844543,-0.9650877118110657,0.8997443914413452,0.2026527374982834,0.6172648072242737,0.9259465336799622,0.19947761297225952,0.583669126033783,0.5079173445701599,-0.2333221584558487,0.9997140765190125,0.5691242218017578,0.5258718132972717,0.23352985084056854,0.9993483424186707,0.6556617021560669,0.613196074962616,-0.30989739298820496,0.9342414140701294,0.6368979811668396,0.6138962507247925,0.18875837326049805,0.39087048172950745,0.8825834393501282,0.5899767279624939,-0.18055611848831177,0.9554030299186707,0.8608038425445557,0.5991499423980713,0.2607986032962799,0.4014674127101898,0.9069672226905823,0.5724388360977173,-0.15999771654605865,0.9521837830543518,0.8961817622184753,0.586743175983429,0.2633625268936157,0.5483388304710388,0.9685981273651123,0.6211386919021606,-0.17640843987464905,0.9322471618652344,0.9327698349952698,0.627032458782196,0.21193501353263855,0.4899124503135681
9,knee_pushup,0,0.22804471850395203,0.5780525207519531,0.033785488456487656,0.9974022507667542,0.2026389092206955,0.5742548108100891,-0.011417844332754612,0.9981902837753296,0.20104815065860748,0.5732382535934448,-0.011382033117115498,0.9985008239746094,0.19960372149944305,0.5721312165260315,-0.011419069953262806,0.9987707138061523,0.20282164216041565,0.5743876099586487,0.04782525449991226,0.9979482889175415,0.20140047371387482,0.5735089778900146,0.04776664450764656,0.997829020023346,0.19999441504478455,0.5725300312042236,0.04764662683010101,0.9984135627746582,0.20357932150363922,0.560579776763916,-0.11627080291509628,0.9972769021987915,0.20216815173625946,0.5618455410003662,0.15795542299747467,0.9985881447792053,0.24756142497062683,0.5725612640380859,-0.00016208906890824437,0.9957156777381897,0.24772930145263672,0.5742341876029968,0.07718100398778915,0.9931881427764893,0.2885642647743225,0.5278103351593018,-0.302617609500885,0.9992533326148987,0.2936326563358307,0.5514060258865356,0.33511826395988464,0.9939725399017334,0.28161466121673584,0.5723507404327393,-0.5545192956924438,0.9437416195869446,0.28912439942359924,0.5873252153396606,0.6377569437026978,0.07810500264167786,0.23662573099136353,0.6266297101974487,-0.5678958296775818,0.9313949346542358,0.23345667123794556,0.6187912821769714,0.8338923454284668,0.16118043661117554,0.20175835490226746,0.6314640045166016,-0.6147657632827759,0.9302518367767334,0.1886458545923233,0.6237548589706421,0.8587358593940735,0.21269264817237854,0.1955292522907257,0.6287429332733154,-0.6068696975708008,0.9256808757781982,0.1904238909482956,0.6222624778747559,0.8564906716346741,0.20564579963684082,0.20939435064792633,0.6268013119697571,-0.5659313797950745,0.8977496027946472,0.20601648092269897,0.619203507900238,0.8309975862503052,0.20451727509498596,0.5979665517807007,0.5066246390342712,-0.2245659977197647,0.9996492862701416,0.5796390771865845,0.5254870653152466,0.2246660590171814,0.9992952346801758,0.6555215120315552,0.6150372624397278,-0.268802672624588,0.930794894695282,0.6367718577384949,0.6159290075302124,0.159957155585289,0.38733330368995667,0.8814338445663452,0.5901880860328674,-0.1252330094575882,0.9542232155799866,0.8602421283721924,0.5990182161331177,0.25503861904144287,0.39937034249305725,0.9024419188499451,0.5723201036453247,-0.10120920836925507,0.9513933062553406,0.8891116380691528,0.58332759141922,0.2589575946331024,0.5466618537902832,0.9688609838485718,0.6184435486793518,-0.09619346261024475,0.9315310716629028,0.9349408149719238,0.6231886148452759,0.20550011098384857,0.48797738552093506
10,knee_pushup,0,0.23409254848957062,0.5705521106719971,0.042650915682315826,0.9975974559783936,0.20806029438972473,0.5661695599555969,-0.003607280319556594,0.9983129501342773,0.2062671184539795,0.5650590658187866,-0.00355907971970737,0.9985954165458679,0.20457252860069275,0.5638744235038757,-0.003594491397961974,0.9988512992858887,0.20827186107635498,0.5663326978683472,0.056686896830797195,0.9980840086936951,0.20669230818748474,0.5653817057609558,0.056656789034605026,0.997966468334198,0.20515616238117218,0.5643284916877747,0.05658475309610367,0.9985232949256897,0.20733417570590973,0.5521190166473389,-0.1113925576210022,0.997416615486145,0.20664173364639282,0.5533496737480164,0.1606053113937378,0.9986687898635864,0.2546084225177765,0.5648271441459656,0.007546659559011459,0.9959498047828674,0.2544505000114441,0.5663496255874634,0.08563493937253952,0.9936078786849976,0.29163914918899536,0.5227090716362,-0.2825544476509094,0.9992687106132507,0.30087384581565857,0.5398224592208862,0.33760881423950195,0.99427330493927,0.2846775949001312,0.5727593898773193,-0.44191521406173706,0.9476246237754822,0.2904825210571289,0.5871540307998657,0.5682857036590576,0.09292754530906677,0.23662015795707703,0.6267303824424744,-0.336992084980011,0.9347028136253357,0.2411874532699585,0.6179040670394897,0.6777154207229614,0.1636808067560196,0.20064686238765717,0.6316419243812561,-0.373003214597702,0.932334840297699,0.19475962221622467,0.622259259223938,0.691720187664032,0.21265260875225067,0.19449995458126068,0.6287266612052917,-0.35971948504447937,0.9278663992881775,0.1913282573223114,0.621073305606842,0.6852003335952759,0.20539304614067078,0.20909880101680756,0.6267660856246948,-0.33026036620140076,0.9011145830154419,0.20658709108829498,0.6186264753341675,0.6703370809555054,0.20534248650074005,0.6050158739089966,0.5064808130264282,-0.2110023945569992,0.9996321797370911,0.5862850546836853,0.5229846239089966,0.21112707257270813,0.9992653131484985,0.6571803092956543,0.6163623929023743,-0.2575156092643738,0.931300938129425,0.6381934285163879,0.6156752705574036,0.16029256582260132,0.3761064112186432,0.8865453004837036,0.5925260782241821,-0.10574306547641754,0.9539834856987,0.8632314801216125,0.5988979935646057,0.2709938883781433,0.3940819203853607,0.9046925902366638,0.5742242932319641,-0.07927022874355316,0.9526814222335815,0.889603316783905,0.5830144286155701,0.27818065881729126,0.5411703586578369,0.9696645140647888,0.6184589862823486,-0.044026680290699005,0.9327905774116516,0.9355531334877014,0.6227551698684692,0.23724839091300964,0.48477882146835327
11,knee_pushup,0,0.2377001792192459,0.5646254420280457,0.06426592916250229,0.9977439641952515,0.21055005490779877,0.5594881176948547,0.019324034452438354,0.9983857870101929,0.20872296392917633,0.5580933094024658,0.019364958629012108,0.998646080493927,0.2069375067949295,0.5565383434295654,0.019321078434586525,0.9988985061645508,0.2105737328529358,0.559847354888916,0.07940424978733063,0.9981603026390076,0.20885995030403137,0.558734118938446,0.07939593493938446,0.9980425238609314,0.2072000950574875,0.5574477314949036,0.07933907955884933,0.9985959529876709,0.2093784213066101,0.5437278747558594,-0.08729144930839539,0.9974578619003296,0.20897246897220612,0.5453333854675293,0.18148678541183472,0.998691737651825,0.2588718831539154,0.5588093996047974,0.02943071722984314,0.9960511922836304,0.2587612569332123,0.5605591535568237,0.10715781152248383,0.9937894940376282,0.29382187128067017,0.5156585574150085,-0.25577428936958313,0.9992375373840332,0.30395546555519104,0.5342457294464111,0.348039835691452,0.9944025278091431,0.2851676344871521,0.5717988610267639,-0.40271618962287903,0.9506828784942627,0.2912749648094177,0.5864923596382141,0.5362990498542786,0.1114557534456253,0.23669180274009705,0.6267474889755249,-0.29656633734703064,0.9364861249923706,0.24360762536525726,0.617110550403595,0.5790388584136963,0.16956819593906403,0.20063865184783936,0.631794810295105,-0.3303222954273224,0.9326688647270203,0.19638840854167938,0.6223235726356506,0.5854827165603638,0.21579989790916443,0.1943964660167694,0.6287758946418762,-0.3076568841934204,0.9279625415802002,0.1951008141040802,0.6211367845535278,0.5740826725959778,0.20821300148963928,0.20881341397762299,0.6269246339797974,-0.2855183184146881,0.9019330739974976,0.20964032411575317,0.6191420555114746,0.5675802826881409,0.2092740833759308,0.608664333820343,0.5060554146766663,-0.20323152840137482,0.99960857629776,0.5901238322257996,0.5219879150390625,0.20327290892601013,0.9992246627807617,0.6573037505149841,0.6165490746498108,-0.2580307424068451,0.9331588745117188,0.6385418772697449,0.6156222820281982,0.1518065631389618,0.36885613203048706,0.8865013122558594,0.5952320694923401,-0.11171314120292664,0.9547089338302612,0.8632144331932068,0.5996100306510925,0.2624605894088745,0.39397546648979187,0.9047514200210571,0.5767419934272766,-0.08602672815322876,0.9541530609130859,0.8877578377723694,0.5831999182701111,0.2685767710208893,0.5390002131462097,0.9905503988265991,0.6189039349555969,-0.056502752006053925,0.9346087574958801,0.9357323050498962,0.6228982210159302,0.2234347015619278,0.4859554171562195
12,knee_pushup,0,0.24018290638923645,0.5582379698753357,0.09265905618667603,0.9979094862937927,0.21321094036102295,0.5525131225585938,0.04970026761293411,0.9984859228134155,0.21148934960365295,0.5510315895080566,0.04973457008600235,0.998725414276123,0.20977914333343506,0.5493617057800293,0.04968288168311119,0.9989638328552246,0.21306534111499786,0.5528556704521179,0.11016455292701721,0.9982631802558899,0.2113792449235916,0.551605224609375,0.11019104719161987,0.998153567314148,0.2097124606370926,0.5501444935798645,0.11016473174095154,0.9986860752105713,0.21250402927398682,0.5354951620101929,-0.05688451603055,0.9975758790969849,0.21194688975811005,0.5370398759841919,0.21345803141593933,0.9987520575523376,0.26326167583465576,0.5526580214500427,0.05726407468318939,0.9962248802185059,0.26270365715026855,0.5540779232978821,0.13548512756824493,0.9940717220306396,0.29743677377700806,0.5085970759391785,-0.23202477395534515,0.9991955757141113,0.304926335811615,0.5288889408111572,0.3710365891456604,0.9945613741874695,0.28655287623405457,0.5683188438415527,-0.37556689977645874,0.9533367156982422,0.29136937856674194,0.5859141945838928,0.4873630404472351,0.13948772847652435,0.23737935721874237,0.6267474889755249,-0.2919805347919464,0.9385258555412292,0.24459435045719147,0.6193258166313171,0.42178910970687866,0.18728002905845642,0.20063035190105438,0.6319103837013245,-0.329586923122406,0.9334549307823181,0.197834312915802,0.6238804459571838,0.4179368019104004,0.23007211089134216,0.1935213953256607,0.6288294792175293,-0.29721418023109436,0.9285639524459839,0.1939709484577179,0.6242327094078064,0.39822739362716675,0.22180791199207306,0.20784348249435425,0.6271015405654907,-0.2771745026111603,0.9033548831939697,0.21064123511314392,0.6221513152122498,0.4052566885948181,0.22333241999149323,0.6116908192634583,0.505864679813385,-0.2014876753091812,0.999594509601593,0.5941895246505737,0.5205443501472473,0.20148062705993652,0.9992051124572754,0.6572598814964294,0.6168561577796936,-0.271177738904953,0.9352270364761353,0.639373242855072,0.6155750155448914,0.1339636892080307,0.3599424660205841,0.8869456052780151,0.5949597954750061,-0.12586405873298645,0.9550822973251343,0.8651768565177917,0.6003129482269287,0.25441065430641174,0.38842251896858215,0.9061816334724426,0.5762786269187927,-0.10376691818237305,0.9554724097251892,0.8884065747261047,0.5834405422210693,0.26580268144607544,0.5333808064460754,1.007217288017273,0.6132819056510925,-0.07975243031978607,0.9352841377258301,0.9397417902946472,0.6223465800285339,0.220195010304451,0.47902998328208923
13,knee_pushup,0,0.24304690957069397,0.5428280234336853,0.0954534038901329,0.9980898499488831,0.2148212194442749,0.5366353392601013,0.05207629129290581,0.9986085891723633,0.2132875770330429,0.535100519657135,0.05211954563856125,0.9988260865211487,0.2117154449224472,0.5333638787269592,0.052078310400247574,0.9990456104278564,0.21452033519744873,0.5367732048034668,0.11370521038770676,0.9983987808227539,0.21291206777095795,0.5353933572769165,0.11371626704931259,0.9982983469963074,0.2112893909215927,0.5337807536125183,0.11369945108890533,0.9987941980361938,0.2157178521156311,0.5195222496986389,-0.05229118466377258,0.9977582097053528,0.21462002396583557,0.5204868316650391,0.22352248430252075,0.9988416433334351,0.26627519726753235,0.5378879308700562,0.06071143597364426,0.9964808225631714,0.2662437856197357,0.5391353964805603,0.14037124812602997,0.9944720268249512,0.30384841561317444,0.4970341622829437,-0.2367924004793167,0.999140739440918,0.307233601808548,0.519671618938446,0.3873443901538849,0.9948349595069885,0.2873760759830475,0.5664772391319275,-0.33780375123023987,0.9559231400489807,0.29172736406326294,0.5776389241218567,0.4826231598854065,0.17471826076507568,0.23787176609039307,0.6253560185432434,-0.1706530600786209,0.9402219653129578,0.24484047293663025,0.6190218329429626,0.3815357983112335,0.21567058563232422,0.20313851535320282,0.6317735314369202,-0.19953399896621704,0.9338672161102295,0.20085671544075012,0.6237278580665588,0.36828944087028503,0.2540206015110016,0.19484446942806244,0.6284937858581543,-0.17502813041210175,0.928866446018219,0.1954992264509201,0.6240707635879517,0.34546366333961487,0.24576468765735626,0.20878571271896362,0.6264744400978088,-0.15663741528987885,0.9049416184425354,0.21074166893959045,0.6218781471252441,0.3616698980331421,0.24790002405643463,0.6229103207588196,0.5058153867721558,-0.2033320665359497,0.9996005892753601,0.5991457104682922,0.5201135873794556,0.20326213538646698,0.9992327690124512,0.6579842567443848,0.61782306432724,-0.2743796408176422,0.9376294016838074,0.63908851146698,0.615738034248352,0.13585174083709717,0.3560018241405487,0.8879039883613586,0.595221996307373,-0.13086460530757904,0.9566360712051392,0.8640719056129456,0.6002272963523865,0.2825112044811249,0.38918155431747437,0.908567488193512,0.5763553977012634,-0.106130450963974,0.9573888778686523,0.884975790977478,0.5828166007995605,0.29366421699523926,0.5330755710601807,1.009761929512024,0.6118045449256897,-0.07127724587917328,0.9378550052642822,0.9384516477584839,0.6208583116531372,0.26021528244018555,0.48139843344688416
14,knee_pushup,0,0.2452448159456253,0.5376169681549072,0.11742297559976578,0.9982433319091797,0.21644514799118042,0.5310308933258057,0.07419755309820175,0.9987146854400635,0.2147696167230606,0.5293734073638916,0.07421699166297913,0.9989110231399536,0.2130972146987915,0.5275201201438904,0.07417362183332443,0.9991171956062317,0.21633194386959076,0.5314557552337646,0.13872726261615753,0.9985123872756958,0.2147437483072281,0.530122697353363,0.13876385986804962,0.9984152913093567,0.21316534280776978,0.5285165309906006,0.1387631744146347,0.9988873600959778,0.2174648642539978,0.5134721994400024,-0.0355851985514164,0.9979068040847778,0.21690887212753296,0.5146902203559875,0.25340449810028076,0.9989124536514282,0.26719585061073303,0.5328761339187622,0.08077569305896759,0.9966629147529602,0.26667189598083496,0.5341010689735413,0.1644681990146637,0.9947371482849121,0.30704668164253235,0.49152350425720215,-0.23107929527759552,0.9991504549980164,0.31404486298561096,0.5101092457771301,0.42851924896240234,0.9951069951057434,0.286630243062973,0.5595049858093262,-0.375010222196579,0.9591398239135742,0.29249656200408936,0.5683554410934448,0.5323301553726196,0.20205940306186676,0.2374165654182434,0.6252359747886658,-0.28495267033576965,0.9446189999580383,0.25342169404029846,0.6169019937515259,0.4395674467086792,0.24557369947433472,0.20296712219715118,0.6315513849258423,-0.33081531524658203,0.9380261898040771,0.21063779294490814,0.6220053434371948,0.4354809522628784,0.27891841530799866,0.19483312964439392,0.6284773945808411,-0.2937650680541992,0.9332727789878845,0.20454363524913788,0.6233195066452026,0.40149441361427307,0.2709285616874695,0.2087523341178894,0.6264766454696655,-0.26807767152786255,0.9106249809265137,0.22093042731285095,0.6216236352920532,0.41682684421539307,0.2725101113319397,0.6249687671661377,0.505784273147583,-0.20433275401592255,0.9996129870414734,0.6055158972740173,0.5192379355430603,0.2042740434408188,0.9992634654045105,0.6565331220626831,0.61871737241745,-0.28104403614997864,0.9399554133415222,0.6405338048934937,0.6157401204109192,0.13680130243301392,0.3515302538871765,0.8881983757019043,0.5949664115905762,-0.12400808930397034,0.9572182297706604,0.8653041124343872,0.5990185141563416,0.2962585389614105,0.3899856209754944,0.9085512161254883,0.5760000348091125,-0.09531446546316147,0.9591064453125,0.8851478099822998,0.5794666409492493,0.30859875679016113,0.5324063301086426,1.0113306045532227,0.6104528903961182,-0.042646702378988266,0.9396514296531677,0.9438710808753967,0.6205031871795654,0.2708635628223419,0.4810727536678314
24,knee_pushup,0,0.23428678512573242,0.6065551042556763,0.025925472378730774,0.9989016056060791,0.21418897807598114,0.6041020154953003,-0.02099745348095894,0.9992679357528687,0.21284596621990204,0.6031601428985596,-0.021002886816859245,0.9993680119514465,0.21144457161426544,0.6020509004592896,-0.021065494045615196,0.9994925260543823,0.21379469335079193,0.603478193283081,0.042925264686346054,0.9991058111190796,0.21244153380393982,0.602176308631897,0.04290183261036873,0.9990241527557373,0.2109806388616562,0.6006891131401062,0.04275581240653992,0.9993435740470886,0.21388082206249237,0.589426577091217,-0.13048578798770905,0.9987642765045166,0.21332305669784546,0.5883998870849609,0.1558505892753601,0.9993712902069092,0.24769175052642822,0.6011686325073242,-0.009822641499340534,0.9977000951766968,0.24702154099941254,0.6013286709785461,0.07343059033155441,0.9961259365081787,0.2879512906074524,0.5482152104377747,-0.3190791606903076,0.9994528293609619,0.2898201644420624,0.5598438382148743,0.34443503618240356,0.996675431728363,0.28254345059394836,0.5757949948310852,-0.7210684418678284,0.960831880569458,0.3453330397605896,0.5745007395744324,0.6716050505638123,0.17910465598106384,0.22622059285640717,0.6264679431915283,-0.9157500863075256,0.949840784072876,0.2673923671245575,0.5984350442886353,0.9468510150909424,0.22088424861431122,0.18908196687698364,0.6313639283180237,-0.9838667511940002,0.9458146095275879,0.23400355875492096,0.5953601598739624,1.0060583353042603,0.2433796226978302,0.186565101146698,0.6285499334335327,-0.9513885974884033,0.9422788619995117,0.23157243430614471,0.5987415909767151,0.992547869682312,0.2375376969575882,0.19882291555404663,0.6266793012619019,-0.9077881574630737,0.9140326976776123,0.23898707330226898,0.5967541337013245,0.9459924101829529,0.2391379028558731,0.5857561230659485,0.508244514465332,-0.22314037382602692,0.9996928572654724,0.5767750144004822,0.5218645930290222,0.22337394952774048,0.9994348883628845,0.6522996425628662,0.6168426871299744,-0.2968200445175171,0.947617769241333,0.6450886726379395,0.6136727929115295,0.11249161511659622,0.3385734558105469,0.885837197303772,0.5940847992897034,-0.18559440970420837,0.9539520144462585,0.8705800771713257,0.596665620803833,0.17705842852592468,0.41731446981430054,0.9062511324882507,0.5764424204826355,-0.16562716662883759,0.958631157875061,0.8963984251022339,0.5786272287368774,0.17866459488868713,0.5283317565917969,0.9894980192184448,0.6240783929824829,-0.17569763958454132,0.9429948329925537,0.9545800685882568,0.6211992502212524,0.11303813010454178,0.4802439510822296
25,knee_pushup,0,0.23179380595684052,0.6124197840690613,0.019037911668419838,0.9987948536872864,0.2107059806585312,0.6088410019874573,-0.026896916329860687,0.9992101192474365,0.20924082398414612,0.6076841354370117,-0.026903770864009857,0.9993271231651306,0.20770522952079773,0.6063807606697083,-0.026967063546180725,0.9994590878486633,0.21064862608909607,0.6090603470802307,0.037408165633678436,0.9990501403808594,0.20949037373065948,0.6080200672149658,0.03739433363080025,0.9989710450172424,0.20818540453910828,0.6068261861801147,0.03728405758738518,0.9992986917495728,0.21204069256782532,0.5935176610946655,-0.13127988576889038,0.9987271428108215,0.21150584518909454,0.5944941639900208,0.15737301111221313,0.9993581175804138,0.24538877606391907,0.6062248945236206,-0.014835773035883904,0.9976118803024292,0.24513530731201172,0.6069641709327698,0.06909804046154022,0.9959365129470825,0.2853921949863434,0.5493329763412476,-0.3266231119632721,0.9994507431983948,0.29091936349868774,0.5701173543930054,0.35214340686798096,0.9963693618774414,0.2820376753807068,0.5752318501472473,-0.7506990432739258,0.9603840112686157,0.3423515856266022,0.5743619203567505,0.692230224609375,0.16402742266654968,0.2265329360961914,0.6264033913612366,-0.9637632369995117,0.9508582949638367,0.26732009649276733,0.5967583656311035,0.9693347811698914,0.20483160018920898,0.18974186480045319,0.6311492323875427,-1.0359848737716675,0.9467518925666809,0.2338075041770935,0.5966582894325256,1.0307986736297607,0.22761662304401398,0.18660104274749756,0.6284628510475159,-0.9922001957893372,0.9431671500205994,0.23116618394851685,0.5987162590026855,1.0105525255203247,0.2218203842639923,0.19930724799633026,0.6263842582702637,-0.9508101940155029,0.9150097966194153,0.2409897893667221,0.5978795886039734,0.9665700793266296,0.22351829707622528,0.5795921683311462,0.5082218647003174,-0.2234179526567459,0.9996832013130188,0.5741789937019348,0.5241644978523254,0.2236655056476593,0.9994039535522461,0.6486287117004395,0.6149278283119202,-0.3201705515384674,0.9471040964126587,0.6445956230163574,0.6137146949768066,0.08511263877153397,0.3512316942214966,0.8835934996604919,0.5940794348716736,-0.24086597561836243,0.9538851380348206,0.8703805208206177,0.5975859761238098,0.12976481020450592,0.4285060167312622,0.9055459499359131,0.5765261054039001,-0.22428883612155914,0.9585353136062622,0.8966629505157471,0.5809171795845032,0.13043536245822906,0.5396478772163391,0.9880239367485046,0.6237667798995972,-0.2496240884065628,0.9427199959754944,0.9545201659202576,0.6245956420898438,0.05860237777233124,0.49126675724983215
26,knee_pushup,0,0.22702659666538239,0.6099163889884949,0.008799768052995205,0.9985613226890564,0.20539763569831848,0.6064631342887878,-0.038468826562166214,0.9990755319595337,0.20416945219039917,0.6053385734558105,-0.03849046677350998,0.9992148876190186,0.20294974744319916,0.6040013432502747,-0.03856923431158066,0.9993667006492615,0.20540368556976318,0.6063957810401917,0.026544906198978424,0.9988967180252075,0.20436736941337585,0.6052685379981995,0.02654232084751129,0.9988114237785339,0.2031690627336502,0.6039695739746094,0.026454094797372818,0.9991822242736816,0.20720995962619781,0.5899845361709595,-0.14578662812709808,0.9985553622245789,0.20599015057086945,0.5911303162574768,0.14702646434307098,0.9992676973342896,0.24309414625167847,0.6036294102668762,-0.02626926451921463,0.9973383545875549,0.24296051263809204,0.6041647791862488,0.05880580097436905,0.9954403638839722,0.28337112069129944,0.5481634736061096,-0.34735286235809326,0.9993941783905029,0.287293404340744,0.5676633715629578,0.3448941707611084,0.9958788752555847,0.2807031273841858,0.5745659470558167,-0.7628330588340759,0.956787645816803,0.29361364245414734,0.583823561668396,0.6829918622970581,0.15082763135433197,0.22718587517738342,0.6262883543968201,-0.9547008275985718,0.9455825686454773,0.2373495101928711,0.6037050485610962,0.9454898238182068,0.19113734364509583,0.19117823243141174,0.631195068359375,-1.026881217956543,0.9418371915817261,0.19975239038467407,0.6084772348403931,1.0012495517730713,0.21564583480358124,0.18759280443191528,0.6287757158279419,-0.9932153224945068,0.9379597306251526,0.20032179355621338,0.6103354692459106,0.9809539914131165,0.2100328803062439,0.2010362595319748,0.6264137625694275,-0.9458723068237305,0.9082769751548767,0.21737061440944672,0.6060688495635986,0.9411858916282654,0.2118884176015854,0.5785799622535706,0.5082576870918274,-0.22898338735103607,0.9996744990348816,0.5719475746154785,0.5250115394592285,0.2292206585407257,0.9993812441825867,0.6481805443763733,0.6145323514938354,-0.3205087184906006,0.946194589138031,0.6441622376441956,0.613765299320221,0.1455434113740921,0.3588666319847107,0.882900595664978,0.593716561794281,-0.2204982042312622,0.9537279605865479,0.8700847625732422,0.5982589721679688,0.17717032134532928,0.430242657661438,0.9054892063140869,0.5756741762161255,-0.20117029547691345,0.9583971500396729,0.8964816331863403,0.5813769698143005,0.18398426473140717,0.5434861183166504,0.9740464091300964,0.6233112215995789,-0.2144818753004074,0.9418335556983948,0.9516198039054871,0.6269418001174927,0.12614589929580688,0.49265363812446594
27,knee_pushup,0,0.22849923372268677,0.6046832203865051,0.008751930668950081,0.9984691739082336,0.20659978687763214,0.6016550660133362,-0.03806290775537491,0.9990171790122986,0.2052912414073944,0.6005426049232483,-0.038081951439380646,0.9991695880889893,0.20396143198013306,0.599200427532196,-0.0381615087389946,0.9993258118629456,0.20659691095352173,0.6015991568565369,0.02738652564585209,0.9988206624984741,0.2054792046546936,0.6005358099937439,0.02739095874130726,0.9987359046936035,0.20419785380363464,0.5992762446403503,0.027318328619003296,0.9991223216056824,0.20696720480918884,0.5855391025543213,-0.14579077064990997,0.998469352722168,0.2060735672712326,0.5866259932518005,0.14899416267871857,0.9992180466651917,0.24470685422420502,0.598621666431427,-0.026720529422163963,0.9971757531166077,0.24439449608325958,0.5993852019309998,0.058856505900621414,0.9951803684234619,0.28430089354515076,0.5441271662712097,-0.35189247131347656,0.9993593096733093,0.2880331575870514,0.5634578466415405,0.34660854935646057,0.995549738407135,0.28170183300971985,0.5740999579429626,-0.754694938659668,0.9538641571998596,0.28532883524894714,0.5868446230888367,0.6787528991699219,0.13973066210746765,0.22753828763961792,0.6262837648391724,-0.9395803809165955,0.9423125386238098,0.23170223832130432,0.6080842614173889,0.9350107908248901,0.17971155047416687,0.19132521748542786,0.6312260627746582,-1.0119924545288086,0.9389729499816895,0.18747195601463318,0.6150069832801819,0.9889042973518372,0.20602312684059143,0.18766698241233826,0.6290515065193176,-0.9798306822776794,0.9349281787872314,0.1932828575372696,0.6150093078613281,0.9711085557937622,0.20047637820243835,0.20122464001178741,0.6266679763793945,-0.931359589099884,0.9041563868522644,0.21140357851982117,0.6105034351348877,0.9310823678970337,0.20256951451301575,0.5809752345085144,0.5082172155380249,-0.23467710614204407,0.9996652007102966,0.5721807479858398,0.5251864194869995,0.23491661250591278,0.9993612170219421,0.6489116549491882,0.6143863201141357,-0.31796520948410034,0.9441341757774353,0.6440771818161011,0.6138039231300354,0.15521936118602753,0.36088159680366516,0.8839192986488342,0.5935283303260803,-0.20541658997535706,0.953189492225647,0.8699648380279541,0.5982580780982971,0.20201881229877472,0.42696717381477356,0.9069555997848511,0.5746584534645081,-0.18439027667045593,0.9580399394035339,0.8963846564292908,0.5809317827224731,0.2030162662267685,0.5431198477745056,0.9757094383239746,0.6223910450935364,-0.19096390902996063,0.9405970573425293,0.9500169157981873,0.6264606714248657,0.12934933602809906,0.48924583196640015
28,knee_pushup,0,0.22943885624408722,0.6021915674209595,0.010147077031433582,0.9984566569328308,0.2071489691734314,0.5979838371276855,-0.03238464146852493,0.9990016222000122,0.2057693898677826,0.5969251394271851,-0.032378166913986206,0.9991587996482849,0.20440831780433655,0.5956907272338867,-0.032440051436424255,0.9993162155151367,0.2072814553976059,0.5979275107383728,0.02986767329275608,0.9987942576408386,0.20613911747932434,0.5969840288162231,0.029928069561719894,0.9987053871154785,0.20485135912895203,0.5959397554397583,0.02987785078585148,0.9990955591201782,0.20708677172660828,0.5813496708869934,-0.12537039816379547,0.9984306693077087,0.20645524561405182,0.5843321084976196,0.15019287168979645,0.9991825222969055,0.24558521807193756,0.5983648896217346,-0.018931962549686432,0.9970741271972656,0.24488329887390137,0.5982002019882202,0.059778254479169846,0.9949924349784851,0.2848304510116577,0.5426868796348572,-0.34341442584991455,0.9993535876274109,0.289102166891098,0.5599997639656067,0.3523823618888855,0.9952458143234253,0.28158923983573914,0.5737555623054504,-0.7028575539588928,0.953639030456543,0.2854045331478119,0.5883473753929138,0.6742345094680786,0.13351213932037354,0.22834520041942596,0.6262794137001038,-0.8389855623245239,0.9419841170310974,0.2360917329788208,0.6131995916366577,0.9000704288482666,0.17445465922355652,0.19142340123653412,0.6311999559402466,-0.905432403087616,0.9382250308990479,0.1918104737997055,0.6189749240875244,0.9475701451301575,0.20249760150909424,0.18771173059940338,0.6290640234947205,-0.8732172250747681,0.9341147541999817,0.1953669637441635,0.6184216141700745,0.930769145488739,0.1966891586780548,0.20145416259765625,0.6266663074493408,-0.8293945789337158,0.9034214019775391,0.2133074700832367,0.6142697930335999,0.8955530524253845,0.19902104139328003,0.5830940008163452,0.5076432824134827,-0.23338745534420013,0.9996454119682312,0.5735098123550415,0.5250939130783081,0.23361659049987793,0.9993211627006531,0.6492557525634766,0.6144357323646545,-0.31668466329574585,0.9415079355239868,0.6430714726448059,0.6139231324195862,0.1536230444908142,0.36161330342292786,0.8839291930198669,0.5935055613517761,-0.2014188915491104,0.9522668123245239,0.8692877292633057,0.5982363224029541,0.20913836359977722,0.4216533899307251,0.9069361686706543,0.5746281743049622,-0.18085366487503052,0.9573795795440674,0.8957608938217163,0.580927312374115,0.21137583255767822,0.540812611579895,0.9724981784820557,0.622110903263092,-0.18929725885391235,0.9392076730728149,0.9492295980453491,0.6263417601585388,0.1468965858221054,0.48511266708374023
65,knee_pushup,0,0.49956315755844116,0.4222336411476135,-1.295541763305664,0.9995655417442322,0.5127634406089783,0.4150547981262207,-1.3051451444625854,0.9996446967124939,0.5234110951423645,0.41368746757507324,-1.3052318096160889,0.9996423125267029,0.533987283706665,0.4116469919681549,-1.3055469989776611,0.9997508525848389,0.4849732518196106,0.41372165083885193,-1.3106698989868164,0.9993301033973694,0.47492730617523193,0.4116186797618866,-1.3108134269714355,0.9989945292472839,0.4657595157623291,0.40895092487335205,-1.3109110593795776,0.999081552028656,0.5524157881736755,0.39590439200401306,-1.1254390478134155,0.9997482299804688,0.4441695213317871,0.39330005645751953,-1.1431968212127686,0.9988759756088257,0.5149587988853455,0.42375969886779785,-1.2063759565353394,0.9994537234306335,0.4836215674877167,0.4219542145729065,-1.2118360996246338,0.9991289973258972,0.629288375377655,0.4124454855918884,-0.8744236826896667,0.9998781681060791,0.35959750413894653,0.40800759196281433,-0.8814248442649841,0.9980334639549255,0.7198498845100403,0.49192243814468384,-0.8604174852371216,0.9928202629089355,0.286088764667511,0.4859994947910309,-0.8403956890106201,0.9440978169441223,0.8007596731185913,0.5717108249664307,-0.9746122360229492,0.9705116748809814,0.20231962203979492,0.5685554146766663,-0.9629329442977905,0.9059491157531738,0.8433766961097717,0.5839700698852539,-1.0247876644134521,0.9060482978820801,0.1680602878332138,0.5811102390289307,-1.0164639949798584,0.8161336183547974,0.8231509327888489,0.5864540338516235,-1.0996755361557007,0.9338948726654053,0.19834287464618683,0.5843080282211304,-1.0887455940246582,0.8574885725975037,0.7976672649383545,0.5832208395004272,-1.0070295333862305,0.9276261925697327,0.21891102194786072,0.5807300806045532,-0.993918240070343,0.8493033051490784,0.5554096698760986,0.48574313521385193,-0.0127750588580966,0.9998515248298645,0.42062294483184814,0.4866030812263489,0.012700081802904606,0.9996583461761475,0.5491036772727966,0.5812304615974426,0.07830531895160675,0.8465885519981384,0.42962995171546936,0.580471396446228,0.12333596497774124,0.7675216794013977,0.5305968523025513,0.5521498918533325,0.9139975309371948,0.1241970881819725,0.4610111713409424,0.5529888868331909,0.9456374645233154,0.07645241916179657,0.5279033184051514,0.5453761219978333,0.9941685199737549,0.08276209980249405,0.4677104949951172,0.5428895950317383,1.0385971069335938,0.058841049671173096,0.5238069295883179,0.5727878212928772,1.0071710348129272,0.16687975823879242,0.46713393926620483,0.5691510438919067,1.0862674713134766,0.12829187512397766
66,knee_pushup,0,0.5002289414405823,0.41968074440956116,-1.435143232345581,0.9996082186698914,0.5139445066452026,0.41239598393440247,-1.4378740787506104,0.9996793866157532,0.5247251391410828,0.41082096099853516,-1.4379332065582275,0.9996768236160278,0.5354024171829224,0.4083278477191925,-1.4382113218307495,0.9997748136520386,0.4852224588394165,0.41143345832824707,-1.4444438219070435,0.9993959069252014,0.4753863215446472,0.409453809261322,-1.4446595907211304,0.9990931749343872,0.4663679599761963,0.4070749878883362,-1.4447983503341675,0.9991716146469116,0.5535929799079895,0.3927074372768402,-1.2210471630096436,0.9997720718383789,0.44429728388786316,0.3918522000312805,-1.2466320991516113,0.9989854693412781,0.5160167217254639,0.4208901822566986,-1.3316835165023804,0.9995079636573792,0.4840311110019684,0.4194229543209076,-1.3395520448684692,0.9992155432701111,0.6298864483833313,0.4078088104724884,-0.9453350305557251,0.9998899698257446,0.3612668216228485,0.40547993779182434,-0.9609130024909973,0.9982272386550903,0.6998010873794556,0.4879981279373169,-0.9294264316558838,0.9933055639266968,0.2973271906375885,0.4851401746273041,-0.9290274381637573,0.9490500092506409,0.7480626106262207,0.5671040415763855,-1.0675249099731445,0.9717565774917603,0.23872250318527222,0.5675771832466125,-1.074985384941101,0.9132133722305298,0.7830122113227844,0.5798627734184265,-1.1330407857894897,0.909872829914093,0.2019301950931549,0.5799626708030701,-1.1461797952651978,0.8285050988197327,0.7536330223083496,0.5818501114845276,-1.2060080766677856,0.9361690878868103,0.24104462563991547,0.5825627446174622,-1.2203166484832764,0.8670441508293152,0.7304361462593079,0.5780361890792847,-1.1001192331314087,0.9297916889190674,0.25971582531929016,0.5787715911865234,-1.107770323753357,0.8588786721229553,0.5569232106208801,0.48644697666168213,-0.013864182867109776,0.9998656511306763,0.42082589864730835,0.48721960186958313,0.013827254995703697,0.9996910095214844,0.5497913956642151,0.5817223191261292,-0.011217638850212097,0.8548807501792908,0.4296308159828186,0.5807557702064514,0.038160860538482666,0.7756333947181702,0.5307938456535339,0.5515682697296143,0.8966156244277954,0.11450529843568802,0.45338955521583557,0.5516572594642639,0.9100562334060669,0.07230333983898163,0.5279877781867981,0.5385401248931885,0.9886040687561035,0.0766536071896553,0.45575112104415894,0.5416842699050903,1.0295683145523071,0.05604536086320877,0.5325291156768799,0.5724120140075684,1.0200284719467163,0.15668928623199463,0.45557135343551636,0.5687037706375122,1.0415458679199219,0.12418673187494278
74,knee_pushup,1,0.49844133853912354,0.4557579457759857,-1.142120361328125,0.9998231530189514,0.5169422030448914,0.4477361738681793,-1.164500117301941,0.9998559951782227,0.5312176942825317,0.4458955228328705,-1.1645022630691528,0.9998524188995361,0.5428314208984375,0.4440089464187622,-1.1647777557373047,0.9998955130577087,0.47573933005332947,0.4472724497318268,-1.1686351299285889,0.9997327923774719,0.46552643179893494,0.4450593888759613,-1.1688346862792969,0.999599039554596,0.4562632441520691,0.4426634609699249,-1.1689079999923706,0.9996346831321716,0.5642134547233582,0.4277026355266571,-1.035070776939392,0.9998950362205505,0.438220351934433,0.4223388731479645,-1.0498384237289429,0.999550998210907,0.522275984287262,0.4524722397327423,-1.0685067176818848,0.999783992767334,0.4800369143486023,0.45205095410346985,-1.0732752084732056,0.999657928943634,0.6454417705535889,0.41735562682151794,-0.8087818026542664,0.9999483823776245,0.3665093183517456,0.4135279655456543,-0.8132660388946533,0.9992309212684631,0.6915083527565002,0.4964599013328552,-0.7355442643165588,0.994795560836792,0.3191705346107483,0.4968889057636261,-0.6577628254890442,0.972427487373352,0.6808526515960693,0.5889486074447632,-0.743252158164978,0.9655489921569824,0.3096489906311035,0.5871977210044861,-0.6608324646949768,0.945871889591217,0.7138270735740662,0.5981408357620239,-0.7804871201515198,0.8960538506507874,0.2752761244773865,0.5984902381896973,-0.690891683101654,0.8776127099990845,0.6745385527610779,0.6000426411628723,-0.8310944437980652,0.9238699078559875,0.3113161325454712,0.6005032658576965,-0.7433112263679504,0.9080252647399902,0.6566537618637085,0.5965785980224609,-0.7623326778411865,0.9144781827926636,0.3283255994319916,0.5967928767204285,-0.6770204305648804,0.8990653157234192,0.5740194916725159,0.49460017681121826,-0.015910979360342026,0.9999374747276306,0.4242570102214813,0.4935722351074219,0.015959449112415314,0.9998595118522644,0.549784243106842,0.5776567459106445,0.05934598296880722,0.8701674938201904,0.4277489185333252,0.5822492241859436,0.0756368413567543,0.8225558400154114,0.5231097340583801,0.5552324056625366,0.7924219369888306,0.09138702601194382,0.43994399905204773,0.5529518723487854,0.8363983631134033,0.05194518342614174,0.5179249048233032,0.5442852973937988,0.8745187520980835,0.06338313966989517,0.44260409474372864,0.5378966927528381,0.9242663979530334,0.044795162975788116,0.5159299969673157,0.5700712203979492,0.9324007034301758,0.16717439889907837,0.4380711317062378,0.5695130228996277,1.0143027305603027,0.1062120869755745
75,knee_pushup,1,0.49885421991348267,0.45312029123306274,-1.1688461303710938,0.9998397827148438,0.5179715156555176,0.4452325403690338,-1.1879914999008179,0.9998696446418762,0.5323376059532166,0.44349199533462524,-1.1880245208740234,0.9998661279678345,0.5447123050689697,0.44166842103004456,-1.188300371170044,0.999904990196228,0.4766984283924103,0.4447362422943115,-1.192567229270935,0.9997586011886597,0.4662555456161499,0.44256535172462463,-1.1927546262741089,0.9996378421783447,0.45678579807281494,0.4401836097240448,-1.1928402185440063,0.9996700882911682,0.5689085125923157,0.4252694547176361,-1.0380181074142456,0.9999046921730042,0.43855366110801697,0.42059484124183655,-1.058994174003601,0.9995946288108826,0.5230569243431091,0.450287401676178,-1.0914266109466553,0.9998050332069397,0.48020830750465393,0.4498361647129059,-1.0965509414672852,0.9996914863586426,0.6498095989227295,0.41610187292099,-0.813211977481842,0.9999525547027588,0.36708173155784607,0.40993720293045044,-0.8242737054824829,0.9993069171905518,0.6922570466995239,0.49640607833862305,-0.7298526167869568,0.994844913482666,0.3227764964103699,0.4960978925228119,-0.6777005195617676,0.9743645191192627,0.6812083721160889,0.5885699987411499,-0.7078923583030701,0.9644396901130676,0.31059709191322327,0.5868747234344482,-0.6856701970100403,0.9489706754684448,0.7144838571548462,0.5978022217750549,-0.7392657995223999,0.8935527801513672,0.27622881531715393,0.5982538461685181,-0.7178812623023987,0.8828604221343994,0.6750642657279968,0.5998393893241882,-0.7915475368499756,0.9220641851425171,0.3122701346874237,0.6002822518348694,-0.7708615660667419,0.912430465221405,0.6574809551239014,0.596503734588623,-0.7263586521148682,0.9127688407897949,0.32950684428215027,0.5965513586997986,-0.7021945118904114,0.9036954045295715,0.5765401124954224,0.4944317638874054,-0.016406919807195663,0.9999431371688843,0.42474502325057983,0.49328601360321045,0.01645578444004059,0.999872624874115,0.5488876700401306,0.5776206851005554,0.016407743096351624,0.8748236894607544,0.42763471603393555,0.5822795629501343,0.04032151773571968,0.8279256820678711,0.5211019515991211,0.5552424788475037,0.777371883392334,0.09173522889614105,0.44021138548851013,0.5529381036758423,0.8301621079444885,0.051069680601358414,0.5171525478363037,0.5440252423286438,0.8624514937400818,0.0646096020936966,0.44299760460853577,0.5328521132469177,0.92010098695755,0.04423244297504425,0.5162713527679443,0.569864809513092,0.9207481741905212,0.1714000403881073,0.4384095370769501,0.569239616394043,1.0115047693252563,0.10564250499010086
76,knee_pushup,1,0.49903610348701477,0.4529117941856384,-1.2080832719802856,0.9998548030853271,0.5186572074890137,0.4445372521877289,-1.2292115688323975,0.9998820424079895,0.5329305529594421,0.44254055619239807,-1.2291958332061768,0.9998786449432373,0.5455000996589661,0.44052547216415405,-1.2294546365737915,0.9999136924743652,0.4773525595664978,0.4441417157649994,-1.2325823307037354,0.9997819662094116,0.4666884243488312,0.4419761896133423,-1.232814908027649,0.9996730089187622,0.4570765793323517,0.43986770510673523,-1.2328976392745972,0.9997021555900574,0.572312593460083,0.42516231536865234,-1.0795347690582275,0.9999135136604309,0.4387110471725464,0.4194009602069855,-1.0938267707824707,0.9996340870857239,0.5234024524688721,0.44913211464881897,-1.1272867918014526,0.9998239874839783,0.480455607175827,0.4486781358718872,-1.1314926147460938,0.9997217655181885,0.6517142653465271,0.41486191749572754,-0.8284024596214294,0.9999562501907349,0.3670710623264313,0.4084465205669403,-0.8407543301582336,0.9993752241134644,0.6921786665916443,0.49626314640045166,-0.7284899950027466,0.9948598742485046,0.3245711326599121,0.4956240653991699,-0.6847088932991028,0.9759594798088074,0.6798655986785889,0.5887050032615662,-0.7067924737930298,0.9635375142097473,0.31114131212234497,0.5866225957870483,-0.6908109784126282,0.9512678384780884,0.7130072116851807,0.5976451635360718,-0.7400790452957153,0.8909672498703003,0.27629420161247253,0.598007321357727,-0.7262042760848999,0.8861557245254517,0.6745023131370544,0.5998893976211548,-0.794920027256012,0.9201757311820984,0.3128018379211426,0.6000416278839111,-0.7789825797080994,0.9154152870178223,0.6568961143493652,0.5968366861343384,-0.7264617681503296,0.9105889797210693,0.3299669921398163,0.5963061451911926,-0.7075055241584778,0.9067494869232178,0.5778535604476929,0.49426746368408203,-0.015608711168169975,0.9999477863311768,0.42484250664711,0.4921741187572479,0.01566113904118538,0.9998838305473328,0.5487691760063171,0.5772930979728699,0.07725909352302551,0.8754681348800659,0.42740339040756226,0.5822423696517944,0.046803493052721024,0.8330981135368347,0.5206084847450256,0.5553681254386902,0.8510417938232422,0.09048589318990707,0.440645307302475,0.5529435873031616,0.8744917511940002,0.04981306940317154,0.5168474912643433,0.5439621210098267,0.9358940720558167,0.06372005492448807,0.44364386796951294,0.531795859336853,0.9670383930206299,0.043065767735242844,0.5164958834648132,0.5698732137680054,0.9686734080314636,0.17394021153450012,0.43858668208122253,0.5690977573394775,1.0263571739196777,0.1049247533082962
77,knee_pushup,1,0.5004562735557556,0.45011061429977417,-1.1662170886993408,0.9998685717582703,0.5198442339897156,0.442327082157135,-1.1883296966552734,0.999893307685852,0.5337669849395752,0.44068804383277893,-1.1882914304733276,0.9998900890350342,0.5464341044425964,0.4387860894203186,-1.188517451286316,0.9999216198921204,0.47841736674308777,0.4417204260826111,-1.1907877922058105,0.9998031258583069,0.46716323494911194,0.43952783942222595,-1.1910033226013184,0.9997048377990723,0.45734116435050964,0.43720847368240356,-1.191070795059204,0.999731183052063,0.5736832618713379,0.42097869515419006,-1.051933765411377,0.9999215602874756,0.4388503134250641,0.4157605469226837,-1.0610144138336182,0.9996697306632996,0.5243092775344849,0.4480549991130829,-1.0902999639511108,0.9998410940170288,0.4816867411136627,0.4472043812274933,-1.093321442604065,0.9997490644454956,0.6522547006607056,0.41375643014907837,-0.8129343390464783,0.9999594688415527,0.36716920137405396,0.4062030613422394,-0.8265840411186218,0.9994367957115173,0.6912317872047424,0.4962277412414551,-0.7016857862472534,0.9948422312736511,0.3268725872039795,0.49463802576065063,-0.6731768846511841,0.977574348449707,0.6788097620010376,0.5890476107597351,-0.6644318699836731,0.9629719853401184,0.3112589418888092,0.5864176154136658,-0.6807956099510193,0.9537662267684937,0.7118127346038818,0.5976689457893372,-0.6936758756637573,0.889488160610199,0.2761521339416504,0.59781414270401,-0.7167952656745911,0.8901379108428955,0.6737854480743408,0.6001148819923401,-0.7455617189407349,0.9192690253257751,0.3125152885913849,0.5998853445053101,-0.7653170228004456,0.9188164472579956,0.6565489172935486,0.5972845554351807,-0.6826991438865662,0.9097808003425598,0.3297036588191986,0.5961443781852722,-0.6964424252510071,0.9103119969367981,0.5772718787193298,0.4943464696407318,-0.012978939339518547,0.999951958656311,0.4248165190219879,0.49171990156173706,0.012950391508638859,0.999893844127655,0.5475372672080994,0.577224612236023,0.11585632711648941,0.8742425441741943,0.4271855652332306,0.5821797251701355,0.060445915907621384,0.8377993106842041,0.5194500684738159,0.5553373694419861,0.859443724155426,0.08885480463504791,0.4402807652950287,0.5526045560836792,0.8726118206977844,0.04842985421419144,0.5158244967460632,0.5438096523284912,0.9416748881340027,0.06249122694134712,0.44398435950279236,0.5313889384269714,0.9637048244476318,0.04171600565314293,0.5166117548942566,0.5698959827423096,0.9714799523353577,0.1764231026172638,0.4395560324192047,0.568913996219635,1.0202966928482056,0.10436415672302246
78,knee_pushup,1,0.5043855309486389,0.44475215673446655,-1.0882900953292847,0.9998798966407776,0.522217333316803,0.4372762143611908,-1.1116901636123657,0.9999025464057922,0.5355351567268372,0.4353584051132202,-1.111646294593811,0.9998992085456848,0.5479398965835571,0.4331795871257782,-1.1118338108062744,0.9999276995658875,0.4822593331336975,0.43764322996139526,-1.1133942604064941,0.9998213052749634,0.47045397758483887,0.4349529445171356,-1.1136013269424438,0.9997323155403137,0.4604034721851349,0.4326251447200775,-1.1136910915374756,0.999756395816803,0.5744413137435913,0.413263201713562,-0.9905391335487366,0.9999277591705322,0.4397152364253998,0.40976905822753906,-0.995456874370575,0.999700129032135,0.5271851420402527,0.44276008009910583,-1.018742561340332,0.9998555779457092,0.4853610396385193,0.44298067688941956,-1.0205930471420288,0.9997727870941162,0.6528987884521484,0.41076892614364624,-0.7802659273147583,0.9999606609344482,0.3680059313774109,0.40419310331344604,-0.7866075038909912,0.9994915127754211,0.6910460591316223,0.49558085203170776,-0.6856781244277954,0.9946774840354919,0.3289114534854889,0.49347829818725586,-0.6667209267616272,0.9790680408477783,0.6789557337760925,0.5891871452331543,-0.6378867626190186,0.9615874290466309,0.3114340901374817,0.5863645076751709,-0.6862289905548096,0.9559239745140076,0.7113234400749207,0.5977761745452881,-0.667569637298584,0.885591983795166,0.2757246494293213,0.5977710485458374,-0.7249065041542053,0.8929172158241272,0.6735633015632629,0.6002479195594788,-0.7133690118789673,0.9168057441711426,0.3124181628227234,0.5998789072036743,-0.7674571871757507,0.9214243292808533,0.6567954421043396,0.5974870920181274,-0.6543057560920715,0.9072619080543518,0.3298937678337097,0.5961053371429443,-0.7010979056358337,0.912907600402832,0.5770871043205261,0.49510085582733154,-0.01025774423032999,0.9999537467956543,0.4251425862312317,0.4918895363807678,0.010114116594195366,0.9999006390571594,0.5474019646644592,0.5764790773391724,0.18710604310035706,0.8699235320091248,0.4271795153617859,0.5820299386978149,0.12732836604118347,0.8401307463645935,0.52479088306427,0.5499519109725952,0.8586207628250122,0.0879269540309906,0.44052162766456604,0.5516300201416016,0.8698685169219971,0.047430504113435745,0.5160015225410461,0.5424433946609497,0.9354934096336365,0.061028290539979935,0.444186270236969,0.5312798023223877,0.9592421054840088,0.04011799022555351,0.5168190598487854,0.5699186325073242,0.9640046954154968,0.180746391415596,0.43969598412513733,0.5682588219642639,1.0148087739944458,0.10477107763290405
79,knee_pushup,1,0.5071595907211304,0.4419558644294739,-1.103912115097046,0.9998905062675476,0.5239610075950623,0.43448179960250854,-1.135672688484192,0.9999111890792847,0.5368704199790955,0.4322444200515747,-1.1353845596313477,0.9999077916145325,0.5491108894348145,0.42999812960624695,-1.1352206468582153,0.9999334812164307,0.48542946577072144,0.4352315068244934,-1.1346317529678345,0.9998379945755005,0.4733000099658966,0.43251892924308777,-1.1349965333938599,0.9997574687004089,0.46280941367149353,0.430142343044281,-1.135245442390442,0.9997793436050415,0.5754559636116028,0.40961629152297974,-1.0087103843688965,0.9999336004257202,0.44041579961776733,0.40709221363067627,-1.009703278541565,0.9997279644012451,0.528505265712738,0.4398828148841858,-1.028854489326477,0.9998690485954285,0.48863938450813293,0.440634161233902,-1.0292662382125854,0.9997944831848145,0.6526116728782654,0.4078919291496277,-0.7839463353157043,0.999962568283081,0.36914223432540894,0.40232905745506287,-0.8163242936134338,0.9995411038398743,0.6904121041297913,0.4941426217556,-0.6979628205299377,0.9945544600486755,0.33179527521133423,0.4924365282058716,-0.7041762471199036,0.9804458618164062,0.6794929504394531,0.5890186429023743,-0.6489700675010681,0.960500955581665,0.31243130564689636,0.5863672494888306,-0.7284165620803833,0.9577648639678955,0.7118412256240845,0.5976434946060181,-0.6764733195304871,0.8827836513519287,0.27634233236312866,0.5977672934532166,-0.772543728351593,0.8952099084854126,0.6763085722923279,0.6001086831092834,-0.7272207736968994,0.9149296879768372,0.31357431411743164,0.5998842716217041,-0.8124962449073792,0.923475444316864,0.6587512493133545,0.5973103046417236,-0.6666831970214844,0.9053964614868164,0.3312920033931732,0.5960838198661804,-0.7427729368209839,0.9149008989334106,0.5773003697395325,0.49612849950790405,-0.006810098420828581,0.9999560117721558,0.4255620241165161,0.4920879304409027,0.0065689231269061565,0.9999071955680847,0.546979546546936,0.5764136910438538,0.19658897817134857,0.868320107460022,0.4271271824836731,0.5822730660438538,0.13863694667816162,0.8416489362716675,0.523792564868927,0.5503095388412476,0.945286750793457,0.08643912523984909,0.4406253397464752,0.5523554086685181,0.9377398490905762,0.04623928666114807,0.5160917043685913,0.5424355268478394,1.0282458066940308,0.059451062232255936,0.44445526599884033,0.5314522981643677,1.0286931991577148,0.03844989463686943,0.5168964862823486,0.5734794735908508,1.0490325689315796,0.183837890625,0.4387717545032501,0.5689424276351929,1.070876121520996,0.10456761717796326
80,knee_pushup,1,0.5080928206443787,0.4392985999584198,-1.2022560834884644,0.9999006390571594,0.5243777632713318,0.4323195517063141,-1.2230870723724365,0.9999193549156189,0.5369737148284912,0.4304668605327606,-1.2229679822921753,0.9999160766601562,0.5490692853927612,0.4284043610095978,-1.2230730056762695,0.9999392032623291,0.48690035939216614,0.43284136056900024,-1.2263485193252563,0.9998533725738525,0.47483837604522705,0.4307522773742676,-1.2266244888305664,0.9997805953025818,0.46437928080558777,0.42845606803894043,-1.2267686128616333,0.999800443649292,0.5751550197601318,0.4086495339870453,-1.070921778678894,0.9999393224716187,0.44186949729919434,0.4060327410697937,-1.0853849649429321,0.9997537732124329,0.5286709666252136,0.43645989894866943,-1.1190781593322754,0.9998816251754761,0.489650160074234,0.4364807605743408,-1.1239864826202393,0.9998144507408142,0.6522799730300903,0.4057588577270508,-0.8207155466079712,0.9999651312828064,0.3701287806034088,0.40089714527130127,-0.8501270413398743,0.9995861053466797,0.6889258027076721,0.4935302734375,-0.7038254737854004,0.9945324659347534,0.3332982063293457,0.49129563570022583,-0.7293341755867004,0.9817909598350525,0.6793450713157654,0.5889310240745544,-0.6638500094413757,0.9602186679840088,0.312505841255188,0.5862606763839722,-0.7728304266929626,0.960080087184906,0.7112978100776672,0.5976473093032837,-0.6917039155960083,0.882659375667572,0.2767541706562042,0.5977379083633423,-0.8184030055999756,0.8994446992874146,0.6753817796707153,0.6000691652297974,-0.7472778558731079,0.914923369884491,0.31511619687080383,0.5998322367668152,-0.8701289892196655,0.9267978072166443,0.6583220958709717,0.5972434282302856,-0.6832314729690552,0.9056724905967712,0.3327174186706543,0.5960040092468262,-0.7913008332252502,0.9184107184410095,0.5770363807678223,0.49654918909072876,-0.0067056575790047646,0.9999592900276184,0.4256306290626526,0.49206221103668213,0.006465504877269268,0.9999146461486816,0.5444892644882202,0.5768804550170898,0.13840609788894653,0.8699716925621033,0.4271000921726227,0.5822820067405701,0.09412126243114471,0.8442501425743103,0.518994927406311,0.5505470633506775,0.9247715473175049,0.08534755557775497,0.4379613995552063,0.5523641705513,0.9273532032966614,0.0449383482336998,0.5139408111572266,0.5417701005935669,1.0135561227798462,0.05874432623386383,0.44350114464759827,0.5317490100860596,1.0222011804580688,0.03720489889383316,0.5148382186889648,0.5738261342048645,1.0435158014297485,0.18509438633918762,0.43403393030166626,0.5689167976379395,1.068352222442627,0.10311150550842285
81,knee_pushup,1,0.5080451965332031,0.43633219599723816,-1.2045937776565552,0.9999099373817444,0.5243511199951172,0.4302569329738617,-1.2229241132736206,0.9999268054962158,0.5368146300315857,0.4286288321018219,-1.2228443622589111,0.9999236464500427,0.5487927794456482,0.42671188712120056,-1.2230031490325928,0.9999445080757141,0.486858069896698,0.43035781383514404,-1.2262556552886963,0.99986732006073,0.47487229108810425,0.4284997880458832,-1.226505160331726,0.9998015761375427,0.4644525349140167,0.4250939190387726,-1.226621389389038,0.9998195171356201,0.5748783946037292,0.40787678956985474,-1.0704147815704346,0.9999445676803589,0.4424819052219391,0.40362128615379333,-1.0843896865844727,0.9997771382331848,0.5285786390304565,0.4331461191177368,-1.1223249435424805,0.999893069267273,0.48955878615379333,0.4335048794746399,-1.1269813776016235,0.9998325705528259,0.6521571278572083,0.40469953417778015,-0.8234943151473999,0.999967634677887,0.37072867155075073,0.40091603994369507,-0.847886323928833,0.9996266961097717,0.687402069568634,0.49297285079956055,-0.7060782313346863,0.9945580959320068,0.3346078395843506,0.49087807536125183,-0.725111186504364,0.9829989671707153,0.6790039539337158,0.5888696312904358,-0.6715266108512878,0.9602445363998413,0.3126496374607086,0.5861780047416687,-0.7679588794708252,0.9621320366859436,0.7107321619987488,0.5975726246833801,-0.7000815272331238,0.8833006024360657,0.27691951394081116,0.5977483987808228,-0.811429500579834,0.9032188057899475,0.675065279006958,0.6000215411186218,-0.7556678056716919,0.9155041575431824,0.315544068813324,0.5998128652572632,-0.8649203181266785,0.9297864437103271,0.6583040356636047,0.5972222089767456,-0.6909649968147278,0.9066125154495239,0.33321934938430786,0.5959444046020508,-0.7870720624923706,0.9216740131378174,0.5769721865653992,0.4968547821044922,-0.006877420004457235,0.9999623894691467,0.4259932339191437,0.4919736981391907,0.006610555574297905,0.9999216198921204,0.5421175956726074,0.5770795345306396,0.07805393636226654,0.8714792728424072,0.4271449148654938,0.5823105573654175,0.049549996852874756,0.8462550044059753,0.5170725584030151,0.5505848526954651,0.8990964889526367,0.08370108902454376,0.43701010942459106,0.5525467395782471,0.9118432402610779,0.043414294719696045,0.5132883191108704,0.5416893362998962,0.9837396144866943,0.057975251227617264,0.4430168867111206,0.5321143269538879,1.001439094543457,0.03598926588892937,0.5147635340690613,0.5745311975479126,1.015877604484558,0.18439386785030365,0.4324752390384674,0.5690354108810425,1.0500421524047852,0.1008065789937973
82,knee_pushup,1,0.5071415901184082,0.43612560629844666,-1.2187249660491943,0.9999180436134338,0.5238138437271118,0.4297149181365967,-1.2365750074386597,0.9999333024024963,0.5361154079437256,0.4282635748386383,-1.2365137338638306,0.9999301433563232,0.5479581952095032,0.42650946974754333,-1.2366869449615479,0.9999489188194275,0.48640942573547363,0.4295724630355835,-1.2391457557678223,0.9998795986175537,0.4745490849018097,0.4277796149253845,-1.2393887042999268,0.9998199939727783,0.46429169178009033,0.4250277280807495,-1.2395007610321045,0.999836266040802,0.5746310353279114,0.40782302618026733,-1.0812703371047974,0.9999489784240723,0.4427107870578766,0.4027363955974579,-1.091521143913269,0.999797523021698,0.5277038216590881,0.4325208365917206,-1.1357452869415283,0.9999032616615295,0.48856815695762634,0.43288490176200867,-1.139297366142273,0.9998487234115601,0.6522818207740784,0.40527400374412537,-0.8382176756858826,0.9999697208404541,0.3711511194705963,0.40094640851020813,-0.8467075824737549,0.9996629953384399,0.6863797903060913,0.4929307699203491,-0.7089700102806091,0.9945436120033264,0.3365262448787689,0.4904434382915497,-0.7248703837394714,0.9840718507766724,0.6790223717689514,0.588921070098877,-0.6817848086357117,0.9601825475692749,0.31288275122642517,0.5861873030662537,-0.7829908728599548,0.964057445526123,0.7107945084571838,0.5975325107574463,-0.7130079865455627,0.88398277759552,0.2766728401184082,0.5977615714073181,-0.8273237347602844,0.90692538022995,0.6756150126457214,0.5999919176101685,-0.7637220621109009,0.9160016775131226,0.31501445174217224,0.5998250246047974,-0.8838567137718201,0.9326580166816711,0.6587875485420227,0.5972386002540588,-0.7010911107063293,0.9074398875236511,0.33270370960235596,0.5959146022796631,-0.8037492632865906,0.9248313903808594,0.5770457983016968,0.4977368116378784,-0.008727720007300377,0.9999650120735168,0.42662563920021057,0.4920864999294281,0.00846189260482788,0.9999276399612427,0.5414456129074097,0.577156126499176,0.04163114354014397,0.8733367323875427,0.42716050148010254,0.5823367238044739,0.04328673705458641,0.8475409150123596,0.5161831974983215,0.5507447123527527,0.8745063543319702,0.08240780979394913,0.43642082810401917,0.5525587201118469,0.9072622060775757,0.04210350289940834,0.5130531191825867,0.5413426160812378,0.9684966206550598,0.05759206786751747,0.4429577589035034,0.5324366092681885,0.9935434460639954,0.03510216623544693,0.5153428912162781,0.5727792382240295,1.0099753141403198,0.18340371549129486,0.433458149433136,0.5696303248405457,1.0425776243209839,0.09863166511058807
83,knee_pushup,1,0.5064297914505005,0.43453750014305115,-1.244289755821228,0.9999255537986755,0.5232809782028198,0.42889994382858276,-1.260461688041687,0.9999393224716187,0.5354142189025879,0.4276217222213745,-1.2604068517684937,0.9999362230300903,0.5471556186676025,0.42601731419563293,-1.2605899572372437,0.9999531507492065,0.48597222566604614,0.4284345805644989,-1.263176679611206,0.9998908042907715,0.47419291734695435,0.42666012048721313,-1.263420581817627,0.9998367428779602,0.46401727199554443,0.4233604967594147,-1.2635217905044556,0.9998514652252197,0.5745632648468018,0.40766432881355286,-1.0980288982391357,0.9999530911445618,0.44288209080696106,0.40219005942344666,-1.1087719202041626,0.9998159408569336,0.5269204378128052,0.4315427541732788,-1.158368468284607,0.9999125599861145,0.4875057637691498,0.43155208230018616,-1.1621721982955933,0.9998633861541748,0.6521541476249695,0.4050726890563965,-0.8509237170219421,0.9999719858169556,0.3715144097805023,0.40042445063591003,-0.8487151861190796,0.9996958374977112,0.6833549737930298,0.49257758259773254,-0.7247283458709717,0.9945561289787292,0.33862048387527466,0.4898760914802551,-0.7265425324440002,0.9851088523864746,0.6794191598892212,0.5890133380889893,-0.7152406573295593,0.9609248638153076,0.31219422817230225,0.5861527919769287,-0.7926872372627258,0.9660848379135132,0.7111700773239136,0.5974974036216736,-0.7475593686103821,0.8867669105529785,0.27580592036247253,0.5977247357368469,-0.8353463411331177,0.9112445712089539,0.6766442060470581,0.5999665856361389,-0.8050837516784668,0.9178550243377686,0.31419265270233154,0.5998045206069946,-0.8950176239013672,0.9358587861061096,0.6595442891120911,0.5972057580947876,-0.7357633709907532,0.9097489714622498,0.3317137360572815,0.5958854556083679,-0.8145402669906616,0.9284430146217346,0.5770520567893982,0.49777287244796753,-0.011972155421972275,0.9999678134918213,0.4268105924129486,0.4919724762439728,0.011713560670614243,0.999933660030365,0.539762556552887,0.5774813890457153,-0.07071561366319656,0.8770724534988403,0.4268997609615326,0.582788348197937,-0.028166336938738823,0.8488830327987671,0.5173962712287903,0.5469451546669006,0.7732271552085876,0.08153822273015976,0.4343429207801819,0.5524886250495911,0.8301504850387573,0.04112851247191429,0.5110505819320679,0.5407454371452332,0.8672451972961426,0.0581643246114254,0.438467800617218,0.5384789705276489,0.9256596565246582,0.035021353513002396,0.5142233371734619,0.5727620720863342,0.9198229908943176,0.18232226371765137,0.43068405985832214,0.5690126419067383,0.987206757068634,0.09703295677900314
84,knee_pushup,1,0.5058513879776001,0.4323432743549347,-1.2600209712982178,0.9999324083328247,0.5229055881500244,0.42618972063064575,-1.2738125324249268,0.999944806098938,0.5349205136299133,0.425158828496933,-1.273773431777954,0.9999417066574097,0.5465446710586548,0.42372047901153564,-1.2739672660827637,0.9999570250511169,0.48567458987236023,0.42539435625076294,-1.2778832912445068,0.9999009370803833,0.4740041494369507,0.42381802201271057,-1.278130054473877,0.9998518824577332,0.4639405608177185,0.42146891355514526,-1.2782368659973145,0.9998652338981628,0.573998749256134,0.4052983224391937,-1.1028560400009155,0.9999568462371826,0.44303199648857117,0.40152430534362793,-1.1192744970321655,0.9998325109481812,0.5262052416801453,0.42954525351524353,-1.1709545850753784,0.9999209642410278,0.48652663826942444,0.42942261695861816,-1.1765295267105103,0.9998766779899597,0.6515910625457764,0.4041116535663605,-0.8526737689971924,0.9999741315841675,0.3716847598552704,0.39998430013656616,-0.8526561856269836,0.9997254014015198,0.679821789264679,0.4923586845397949,-0.7382256984710693,0.9945240020751953,0.33980610966682434,0.4895783066749573,-0.73150235414505,0.9859640598297119,0.6796245574951172,0.589034914970398,-0.7529240846633911,0.9612895250320435,0.31198152899742126,0.5861389636993408,-0.8030821084976196,0.9677225947380066,0.7116502523422241,0.5974783301353455,-0.7898046970367432,0.8886874914169312,0.27546238899230957,0.5976967215538025,-0.8465900421142578,0.9147247076034546,0.6774764657020569,0.5999343395233154,-0.8503584265708923,0.919074296951294,0.31398606300354004,0.5997774004936218,-0.9087119102478027,0.9384514689445496,0.6602622866630554,0.5972278714179993,-0.7752897143363953,0.9113128185272217,0.33136072754859924,0.5958576202392578,-0.8258721828460693,0.9313966631889343,0.5770324468612671,0.49782973527908325,-0.013575282879173756,0.9999704360961914,0.42727428674697876,0.4919256269931793,0.013340234756469727,0.9999392032623291,0.5391123294830322,0.5777654051780701,-0.09316188097000122,0.8816308379173279,0.42685702443122864,0.583220899105072,-0.04291314631700516,0.8502194285392761,0.5153140425682068,0.5475004315376282,0.7630751729011536,0.08114723861217499,0.4336612820625305,0.5521482825279236,0.8182936310768127,0.04039190337061882,0.5105444192886353,0.5393645167350769,0.8581047058105469,0.058832671493291855,0.43894100189208984,0.5351200103759766,0.9154848456382751,0.035107146948575974,0.514073371887207,0.5726509690284729,0.912591814994812,0.18160489201545715,0.42965757846832275,0.5676001310348511,0.9787341952323914,0.09580662846565247
85,knee_pushup,1,0.506828784942627,0.4290361702442169,-1.2571580410003662,0.9999384880065918,0.5232207775115967,0.42334651947021484,-1.2687054872512817,0.9999496340751648,0.5350300073623657,0.4222980737686157,-1.2686764001846313,0.9999465346336365,0.5465777516365051,0.41978123784065247,-1.2688754796981812,0.9999603629112244,0.48723194003105164,0.4225812554359436,-1.274046540260315,0.9999099373817444,0.47577527165412903,0.4196121096611023,-1.2742949724197388,0.9998653531074524,0.4656479060649872,0.4176841974258423,-1.2744102478027344,0.9998775124549866,0.5738274455070496,0.4006890058517456,-1.0960263013839722,0.9999600052833557,0.443897545337677,0.3988732695579529,-1.1158955097198486,0.9998471140861511,0.526326060295105,0.4264514446258545,-1.1671233177185059,0.9999284744262695,0.48716849088668823,0.42659562826156616,-1.1743998527526855,0.9998885989189148,0.6509026885032654,0.4023280739784241,-0.8493860960006714,0.9999759793281555,0.37203189730644226,0.39990392327308655,-0.8533770442008972,0.9997518062591553,0.678017258644104,0.49193015694618225,-0.748246967792511,0.9943534135818481,0.3401024341583252,0.4895176291465759,-0.7445740103721619,0.98661208152771,0.6800739169120789,0.5890965461730957,-0.7765249609947205,0.9606331586837769,0.3119073212146759,0.586117148399353,-0.8181591629981995,0.9685810804367065,0.7121142745018005,0.5974339246749878,-0.8159579634666443,0.8883485198020935,0.2755725681781769,0.5976749658584595,-0.8627540469169617,0.9162564277648926,0.6777099370956421,0.5999617576599121,-0.8770930171012878,0.9186108708381653,0.31402722001075745,0.5997624397277832,-0.9250199198722839,0.939612627029419,0.6606423854827881,0.5973465442657471,-0.7998666763305664,0.9111873507499695,0.3311358392238617,0.5958386659622192,-0.8413005471229553,0.9328785538673401,0.577150285243988,0.49779781699180603,-0.013896274380385876,0.9999727606773376,0.42808476090431213,0.4918989837169647,0.013667727820575237,0.9999440312385559,0.5389976501464844,0.5782738924026489,-0.09174732118844986,0.8849933743476868,0.4268481731414795,0.5836215019226074,-0.03675175830721855,0.8501847982406616,0.5186730027198792,0.545445442199707,0.7625595927238464,0.07986993342638016,0.4332689344882965,0.5518100261688232,0.8163153529167175,0.03932743892073631,0.5104252099990845,0.5379400253295898,0.8578728437423706,0.05862601473927498,0.43927252292633057,0.5332659482955933,0.91327965259552,0.034820735454559326,0.5137176513671875,0.5723102688789368,0.9165974855422974,0.1788901537656784,0.4276834726333618,0.566752552986145,0.9805740714073181,0.09354646503925323
86,knee_pushup,1,0.5068747997283936,0.429186075925827,-1.2846264839172363,0.9999440312385559,0.5232340097427368,0.4230503439903259,-1.2953671216964722,0.999954104423523,0.5350266695022583,0.4219895601272583,-1.2953399419784546,0.9999510049819946,0.5465726852416992,0.4200851619243622,-1.295545220375061,0.9999635815620422,0.48731279373168945,0.422342985868454,-1.3011415004730225,0.9999181628227234,0.4758646786212921,0.4202148914337158,-1.3014024496078491,0.9998776316642761,0.4657615125179291,0.4182470440864563,-1.3015239238739014,0.9998887181282043,0.5736442804336548,0.4013484716415405,-1.1116280555725098,0.999963104724884,0.4440819323062897,0.39951592683792114,-1.1361273527145386,0.9998606443405151,0.5263173580169678,0.4260704219341278,-1.191050410270691,0.9999353289604187,0.4871601164340973,0.42629939317703247,-1.1989758014678955,0.9998993277549744,0.650415301322937,0.4016697406768799,-0.8555798530578613,0.999977707862854,0.3720947504043579,0.3997327387332916,-0.8641242384910583,0.9997755885124207,0.6778895258903503,0.49189746379852295,-0.7501488327980042,0.9943105578422546,0.3397950828075409,0.4894419312477112,-0.751792848110199,0.9872857928276062,0.6800745725631714,0.5893646478652954,-0.7739202976226807,0.9607338905334473,0.31196096539497375,0.5861003994941711,-0.8275471925735474,0.9695949554443359,0.7123541831970215,0.5973977446556091,-0.8129870891571045,0.8894455432891846,0.27566972374916077,0.5976578593254089,-0.8736358284950256,0.9182372689247131,0.6780210733413696,0.6000775694847107,-0.8755925297737122,0.9192285537719727,0.31422075629234314,0.5997350215911865,-0.9370718598365784,0.9410549998283386,0.6610333919525146,0.5975874066352844,-0.7975205183029175,0.9120813608169556,0.331119179725647,0.5958141088485718,-0.8511607646942139,0.9345762729644775,0.5772245526313782,0.4977657198905945,-0.013906856067478657,0.9999749064445496,0.4282582402229309,0.4915641248226166,0.01368718408048153,0.9999484419822693,0.5386937260627747,0.5785155296325684,-0.09733167290687561,0.8885571956634521,0.4266899824142456,0.5838810801506042,-0.04149988666176796,0.8514757752418518,0.5205144286155701,0.5445358157157898,0.7750205993652344,0.07906095683574677,0.4326707124710083,0.5515998601913452,0.8251821994781494,0.038643792271614075,0.5101646780967712,0.5371321439743042,0.8713386058807373,0.05881626531481743,0.43941813707351685,0.5319055318832397,0.9226872324943542,0.03472825512290001,0.5132638216018677,0.5719408988952637,0.9272798299789429,0.17707312107086182,0.42616015672683716,0.5666986703872681,0.9873812198638916,0.09197105467319489
87,knee_pushup,1,0.5068614482879639,0.42930036783218384,-1.295447826385498,0.9999490976333618,0.5232199430465698,0.4228883981704712,-1.305809736251831,0.9999581575393677,0.5350214242935181,0.4217921495437622,-1.3057841062545776,0.9999551177024841,0.546562135219574,0.4201134145259857,-1.3059990406036377,0.9999665021896362,0.4872978627681732,0.42232203483581543,-1.3115167617797852,0.9999256134033203,0.47583499550819397,0.42053332924842834,-1.3117778301239014,0.9998887777328491,0.465727835893631,0.4185764789581299,-1.3118975162506104,0.9998988509178162,0.5734696388244629,0.4016757011413574,-1.1188968420028687,0.9999659657478333,0.44405120611190796,0.39994075894355774,-1.1435843706130981,0.9998729825019836,0.5262535214424133,0.4257940948009491,-1.2007653713226318,0.9999415278434753,0.4870500862598419,0.4263143241405487,-1.208616018295288,0.9999090433120728,0.6499262452125549,0.40122565627098083,-0.8577200174331665,0.9999793171882629,0.37208613753318787,0.39965754747390747,-0.8668290376663208,0.9997970461845398,0.6772942543029785,0.49188074469566345,-0.7478517293930054,0.9942883253097534,0.3398411273956299,0.48945027589797974,-0.7476344108581543,0.9879107475280762,0.6799806952476501,0.5895099639892578,-0.7678508758544922,0.9607752561569214,0.3123888075351715,0.5860934853553772,-0.8213385939598083,0.9704834818840027,0.712587833404541,0.5973784923553467,-0.8062049150466919,0.8902712464332581,0.27603986859321594,0.5976463556289673,-0.8669129014015198,0.9199191331863403,0.6781442165374756,0.6002589464187622,-0.869557797908783,0.9196720123291016,0.3145960569381714,0.5997264385223389,-0.9304044842720032,0.9422839283943176,0.6613161563873291,0.597847580909729,-0.7915701866149902,0.9127600789070129,0.33148691058158875,0.5958033204078674,-0.8448391556739807,0.9360390305519104,0.5772300958633423,0.4977529048919678,-0.013874102383852005,0.9999768733978271,0.4283371865749359,0.4912829101085663,0.01366042997688055,0.9999524354934692,0.5387293100357056,0.5785970091819763,-0.10774552822113037,0.8921037912368774,0.42667779326438904,0.5840688347816467,-0.053336601704359055,0.8536486029624939,0.5218437314033508,0.5443354845046997,0.7724398970603943,0.07875768095254898,0.43235817551612854,0.55149245262146,0.8213418126106262,0.03832949325442314,0.5097485780715942,0.5369623303413391,0.869795024394989,0.059394799172878265,0.43954917788505554,0.5310637354850769,0.9199831485748291,0.03493865951895714,0.5126801133155823,0.5717675089836121,0.9251322150230408,0.17620059847831726,0.4255152940750122,0.5666802525520325,0.9840705394744873,0.09119895845651627
88,knee_pushup,1,0.5067982077598572,0.42954444885253906,-1.2869009971618652,0.99995356798172,0.5231572389602661,0.4228942394256592,-1.298313021659851,0.9999617338180542,0.5349456071853638,0.4217430651187897,-1.2982934713363647,0.9999587535858154,0.5464892983436584,0.4201120138168335,-1.2985087633132935,0.9999690651893616,0.4871884882450104,0.42238759994506836,-1.3033533096313477,0.9999322295188904,0.47570767998695374,0.4206949472427368,-1.303606390953064,0.9998986124992371,0.46562498807907104,0.41870298981666565,-1.3037283420562744,0.9999077916145325,0.5732901096343994,0.40163272619247437,-1.1159420013427734,0.9999684691429138,0.44397616386413574,0.4000544548034668,-1.1376672983169556,0.999883770942688,0.5261584520339966,0.4257967472076416,-1.193938970565796,0.9999470710754395,0.4869052767753601,0.4265146553516388,-1.2008379697799683,0.99991774559021,0.6498939394950867,0.40112054347991943,-0.8568061590194702,0.9999806880950928,0.37207505106925964,0.3996482491493225,-0.8653867244720459,0.9998162984848022,0.6771233677864075,0.491895467042923,-0.7480691075325012,0.9942164421081543,0.33979734778404236,0.48946020007133484,-0.745273768901825,0.9883920550346375,0.6799015998840332,0.5896344780921936,-0.7725349068641663,0.960514485836029,0.3126080632209778,0.5860804915428162,-0.8177151679992676,0.9711211919784546,0.71271151304245,0.5973562002182007,-0.8117408752441406,0.8904302716255188,0.2762693464756012,0.5976402163505554,-0.8633021712303162,0.9209702610969543,0.6782646775245667,0.600352942943573,-0.8755835294723511,0.9196287989616394,0.31471195816993713,0.5997097492218018,-0.9263105988502502,0.9430798292160034,0.6615212559700012,0.5980098843574524,-0.7966931462287903,0.9128269553184509,0.3316555917263031,0.59578937292099,-0.8410951495170593,0.9370110630989075,0.5772771239280701,0.4976973831653595,-0.01390092819929123,0.9999786019325256,0.42838963866233826,0.4912679195404053,0.01369568333029747,0.9999560117721558,0.5387911796569824,0.5786791443824768,-0.09024035185575485,0.8942190408706665,0.4266757667064667,0.5842412114143372,-0.040265150368213654,0.8550738096237183,0.5224649310112,0.5442111492156982,0.7831409573554993,0.07810863852500916,0.43183034658432007,0.5514307022094727,0.8276883363723755,0.037706103175878525,0.5092480778694153,0.5367240905761719,0.878668487071991,0.05945031717419624,0.43974870443344116,0.5307192206382751,0.9233070611953735,0.03486587107181549,0.5113992094993591,0.5716744661331177,0.9287890791893005,0.17480450868606567,0.42420896887779236,0.5666335821151733,0.9888637065887451,0.08973955363035202
89,knee_pushup,1,0.5062582492828369,0.42998555302619934,-1.29237699508667,0.9999575614929199,0.5227628946304321,0.42324191331863403,-1.3045927286148071,0.9999649524688721,0.5345901250839233,0.4220689833164215,-1.3045719861984253,0.9999619722366333,0.5461926460266113,0.42045798897743225,-1.304790735244751,0.999971330165863,0.48650065064430237,0.42278146743774414,-1.3085269927978516,0.9999381303787231,0.47502630949020386,0.42109692096710205,-1.3087774515151978,0.9999074339866638,0.46503663063049316,0.4190641939640045,-1.3088988065719604,0.9999157786369324,0.5731906294822693,0.40207594633102417,-1.1237741708755493,0.9999707341194153,0.4438954293727875,0.4002586603164673,-1.1404446363449097,0.9998935461044312,0.5257885456085205,0.4264615774154663,-1.1998332738876343,0.9999520182609558,0.4864330589771271,0.4271455705165863,-1.2052479982376099,0.9999255537986755,0.6498627066612244,0.4013006091117859,-0.8610506653785706,0.9999819397926331,0.37208619713783264,0.39946022629737854,-0.8666048645973206,0.9998335838317871,0.6770370006561279,0.4919263422489166,-0.7487212419509888,0.994205892086029,0.33971312642097473,0.48950305581092834,-0.7433704733848572,0.9888837933540344,0.6798339486122131,0.589715838432312,-0.7708947062492371,0.9606560468673706,0.3127644658088684,0.5860682725906372,-0.8126376271247864,0.9718647599220276,0.7128368020057678,0.5973411202430725,-0.8094924092292786,0.8912829160690308,0.2766818702220917,0.5976619124412537,-0.8578685522079468,0.9221983551979065,0.6783246994018555,0.6004597544670105,-0.8729100227355957,0.9201166033744812,0.3149946630001068,0.5996912121772766,-0.9197232723236084,0.9440043568611145,0.661677360534668,0.5981495976448059,-0.7947404980659485,0.9133480191230774,0.33199554681777954,0.5957740545272827,-0.8355326056480408,0.9380962252616882,0.5776382088661194,0.49762284755706787,-0.013894719071686268,0.9999801516532898,0.42848825454711914,0.4909345209598541,0.013694907538592815,0.9999592304229736,0.5407288074493408,0.5786906480789185,-0.08147992938756943,0.895429253578186,0.4266747534275055,0.5842759609222412,-0.0395369827747345,0.8569043874740601,0.5234403014183044,0.5441293120384216,0.7851976156234741,0.077644482254982,0.4316474497318268,0.5515515804290771,0.8278980255126953,0.037400905042886734,0.509320855140686,0.5368229150772095,0.8838623762130737,0.05966787040233612,0.4398704171180725,0.5306125283241272,0.9280679821968079,0.03505757823586464,0.5114104747772217,0.5718117356300354,0.9331152439117432,0.17413416504859924,0.4236133098602295,0.5669607520103455,0.9915971755981445,0.08895701915025711
90,knee_pushup,1,0.5058396458625793,0.4302717447280884,-1.322242021560669,0.999961256980896,0.5224813222885132,0.4235248565673828,-1.33346688747406,0.9999679327011108,0.5343525409698486,0.42235589027404785,-1.33344566822052,0.9999650120735168,0.5460162162780762,0.42075279355049133,-1.333658218383789,0.999973475933075,0.4860358238220215,0.42304959893226624,-1.3374141454696655,0.9999435544013977,0.4745953679084778,0.42137372493743896,-1.337673306465149,0.9999155402183533,0.4646712839603424,0.41932329535484314,-1.3377916812896729,0.9999231100082397,0.5731427073478699,0.40234002470970154,-1.144129991531372,0.9999728798866272,0.4437820017337799,0.40038132667541504,-1.1608916521072388,0.9999024868011475,0.5255000591278076,0.42689573764801025,-1.2261271476745605,0.9999565482139587,0.48604291677474976,0.4275452792644501,-1.2316796779632568,0.9999326467514038,0.649693489074707,0.4014858901500702,-0.8723691701889038,0.9999831914901733,0.37207135558128357,0.3994683027267456,-0.8766568303108215,0.9998492002487183,0.6767486929893494,0.49205610156059265,-0.7548632621765137,0.9942410588264465,0.3396178185939789,0.48964861035346985,-0.747586727142334,0.9893455505371094,0.6797787547111511,0.5898022651672363,-0.7835139036178589,0.9611311554908752,0.3131060302257538,0.586057722568512,-0.8236879110336304,0.972562313079834,0.7129340171813965,0.5973300933837891,-0.8239980936050415,0.8928042054176331,0.277157187461853,0.5976805090904236,-0.8715707063674927,0.9234574437141418,0.678471028804779,0.6005703806877136,-0.8887260556221008,0.9210701584815979,0.3154890537261963,0.5996763110160828,-0.9350184202194214,0.9448947906494141,0.6617831587791443,0.5982782244682312,-0.8078587651252747,0.9143138527870178,0.3325984477996826,0.595761239528656,-0.8474904894828796,0.9391233921051025,0.5777014493942261,0.4975843131542206,-0.0138450488448143,0.9999815225601196,0.4285021424293518,0.49086493253707886,0.013650501146912575,0.9999620914459229,0.542021632194519,0.5787336826324463,-0.08824963867664337,0.8961439728736877,0.42667514085769653,0.5843960046768188,-0.05402016267180443,0.8582773804664612,0.5266977548599243,0.5441368818283081,0.7877950072288513,0.0770866647362709,0.43173956871032715,0.5520498752593994,0.8314095735549927,0.037164364010095596,0.5098178386688232,0.5373663902282715,0.8865203857421875,0.05996440351009369,0.44011521339416504,0.5307026505470276,0.9302973747253418,0.0354071743786335,0.5116170644760132,0.5721869468688965,0.9347431659698486,0.17368759214878082,0.4240058660507202,0.5678578615188599,0.9883820414543152,0.0887511670589447
91,knee_pushup,1,0.5050897002220154,0.4303867220878601,-1.3786598443984985,0.9999647736549377,0.5218649506568909,0.42376211285591125,-1.3888065814971924,0.9999707937240601,0.5337310433387756,0.4225803017616272,-1.3887747526168823,0.9999680519104004,0.5454150438308716,0.42094576358795166,-1.3889882564544678,0.9999756813049316,0.4854242503643036,0.4232771694660187,-1.392930269241333,0.9999486804008484,0.4740923345088959,0.4215444326400757,-1.3932099342346191,0.9999232292175293,0.4642438590526581,0.4194900393486023,-1.393333077430725,0.9999300837516785,0.5725583434104919,0.40255510807037354,-1.1866531372070312,0.9999751448631287,0.4436628818511963,0.40050992369651794,-1.2043006420135498,0.9999111890792847,0.5246511101722717,0.42713552713394165,-1.2770758867263794,0.999960720539093,0.48547863960266113,0.42775917053222656,-1.2829595804214478,0.9999391436576843,0.6493569612503052,0.40163740515708923,-0.8946430087089539,0.9999843835830688,0.37205979228019714,0.3994700014591217,-0.9009734392166138,0.9998633861541748,0.6762587428092957,0.49213236570358276,-0.7566307187080383,0.9943442940711975,0.33965691924095154,0.48985162377357483,-0.7591041326522827,0.9898943305015564,0.6792449355125427,0.5899304747581482,-0.783575713634491,0.9621774554252625,0.3131852447986603,0.5860736966133118,-0.837414562702179,0.9735894799232483,0.712780773639679,0.5973494648933411,-0.8241826295852661,0.8956398367881775,0.27722635865211487,0.5977388024330139,-0.8877726197242737,0.9255700707435608,0.6788182258605957,0.6007230281829834,-0.8914989829063416,0.9230635762214661,0.31547388434410095,0.5996831655502319,-0.9540488123893738,0.9463706612586975,0.6616995930671692,0.5984112024307251,-0.8086817264556885,0.916363000869751,0.33266857266426086,0.5957807302474976,-0.862284243106842,0.9407392740249634,0.577703058719635,0.4968978762626648,-0.013804826885461807,0.9999828934669495,0.42847228050231934,0.4897461533546448,0.013619204051792622,0.9999648928642273,0.5419361591339111,0.5787307620048523,-0.10508859902620316,0.8987444043159485,0.42665502429008484,0.5845615267753601,-0.07729484140872955,0.86118483543396,0.5277073383331299,0.5443338751792908,0.7949765920639038,0.07763690501451492,0.43181121349334717,0.55250084400177,0.8319286108016968,0.03734911233186722,0.5099900960922241,0.5387963056564331,0.8975484371185303,0.06110064685344696,0.44057515263557434,0.5307967066764832,0.9358809590339661,0.03593258187174797,0.5128133893013,0.5732399225234985,0.9357742667198181,0.175326406955719,0.42435500025749207,0.5688053369522095,0.9882073402404785,0.08938582241535187
98,knee_pushup,0,0.7122316956520081,0.5035039782524109,-0.980787456035614,0.9988598823547363,0.7283771634101868,0.4985364079475403,-1.0012670755386353,0.998871386051178,0.7311695218086243,0.49716702103614807,-1.0011674165725708,0.9981167316436768,0.7339061498641968,0.49543794989585876,-1.00131094455719,0.9987172484397888,0.7215290069580078,0.49830111861228943,-1.0600364208221436,0.9991657137870789,0.7195309400558472,0.4970950484275818,-1.0603421926498413,0.9989371299743652,0.7158834934234619,0.495823472738266,-1.0607333183288574,0.9988628625869751,0.7313154339790344,0.47780781984329224,-0.9394881129264832,0.9982012510299683,0.6875889897346497,0.48596855998039246,-1.2156647443771362,0.9990363121032715,0.6999004483222961,0.4994608461856842,-0.931054949760437,0.9996321201324463,0.6928176283836365,0.4997518062591553,-1.0095082521438599,0.9995282888412476,0.6827294826507568,0.4580135941505432,-0.711913526058197,0.9998563528060913,0.5440245866775513,0.4789387881755829,-1.1558963060379028,0.9998792409896851,0.7076711654663086,0.5367668867111206,-0.5880040526390076,0.7623932361602783,0.6017933487892151,0.5512332320213318,-1.219332218170166,0.9834021925926208,0.7842613458633423,0.6201576590538025,-0.6545007228851318,0.7982199788093567,0.6911510825157166,0.6283727288246155,-1.2547991275787354,0.9725316762924194,0.8132955431938171,0.6242662668228149,-0.6912423968315125,0.7526873350143433,0.677150309085846,0.6302526593208313,-1.3679205179214478,0.9370030164718628,0.80809485912323,0.6290259957313538,-0.7777727246284485,0.7784989476203918,0.7389622330665588,0.6295514106750488,-1.3662251234054565,0.9433488249778748,0.7934895753860474,0.6261209845542908,-0.6962180137634277,0.7880361676216125,0.7309014797210693,0.6270679235458374,-1.2584346532821655,0.9316344857215881,0.5705931782722473,0.49451157450675964,0.11527824401855469,0.9999808669090271,0.45696645975112915,0.4995118975639343,-0.11496714502573013,0.9999783635139465,0.6186386346817017,0.5797735452651978,0.3315093517303467,0.8000669479370117,0.34043633937835693,0.6105988025665283,-0.07567300647497177,0.9179263114929199,0.5512256622314453,0.5580284595489502,1.1228283643722534,0.12058735638856888,0.1447879672050476,0.5845048427581787,0.6556193828582764,0.26589125394821167,0.537635862827301,0.5480024814605713,1.2140390872955322,0.09165921807289124,0.12673194706439972,0.5685703158378601,0.7391477823257446,0.16172070801258087,0.5356243848800659,0.5736642479896545,1.2684189081192017,0.24446944892406464,0.09271814674139023,0.600874662399292,0.7997490167617798,0.2652791142463684
99,knee_pushup,0,0.7161473035812378,0.5024767518043518,-0.8711879253387451,0.9987419843673706,0.7308684587478638,0.49764859676361084,-0.8921555280685425,0.9987784028053284,0.7330570816993713,0.49597129225730896,-0.8920780420303345,0.9979773759841919,0.7350904941558838,0.4940127432346344,-0.8922500014305115,0.9986531138420105,0.7256436347961426,0.49750638008117676,-0.9522196054458618,0.9990924000740051,0.7240902781486511,0.4963262677192688,-0.9525083303451538,0.9988374710083008,0.7218968272209167,0.4950713515281677,-0.9528385400772095,0.9987877011299133,0.7301482558250427,0.4766884446144104,-0.8419347405433655,0.9980848431587219,0.6925554275512695,0.4865601658821106,-1.116795301437378,0.9989327788352966,0.7030564546585083,0.49732518196105957,-0.8259879946708679,0.9995675683021545,0.697786808013916,0.4977208077907562,-0.9057875871658325,0.9994069337844849,0.6820885539054871,0.4579457640647888,-0.6211199760437012,0.9998229742050171,0.5515066981315613,0.479234904050827,-1.1436009407043457,0.9998729228973389,0.7063647508621216,0.5371489524841309,-0.4823148548603058,0.7349349856376648,0.6007080078125,0.5509512424468994,-1.1382561922073364,0.9831243753433228,0.7789888978004456,0.6172239780426025,-0.5216935873031616,0.7924303412437439,0.6888164281845093,0.6271935105323792,-1.2062667608261108,0.9738873243331909,0.806353747844696,0.6231874227523804,-0.548981785774231,0.7463789582252502,0.6951427459716797,0.6307418346405029,-1.291351079940796,0.9405308961868286,0.7992986440658569,0.627421498298645,-0.6304476857185364,0.7722472548484802,0.744814395904541,0.6293723583221436,-1.3006818294525146,0.9457812905311584,0.7865215539932251,0.6248136758804321,-0.5588935017585754,0.7852399945259094,0.7352012395858765,0.626652181148529,-1.2272164821624756,0.9343540668487549,0.5628069043159485,0.5008374452590942,0.12149855494499207,0.9999776482582092,0.45742014050483704,0.504069983959198,-0.12111976742744446,0.9999783635139465,0.5940338969230652,0.5816094279289246,0.26784050464630127,0.7882353067398071,0.3337298035621643,0.6107069253921509,-0.09446898847818375,0.9243378043174744,0.5251808166503906,0.5708791017532349,1.0235296487808228,0.13266436755657196,0.1528273969888687,0.5831334590911865,0.629464328289032,0.29929861426353455,0.5130658149719238,0.5626222491264343,1.0921120643615723,0.10162004083395004,0.1336253583431244,0.5683978199958801,0.7146610617637634,0.1833648681640625,0.5152791738510132,0.5884144902229309,1.1662355661392212,0.2648736536502838,0.1199544370174408,0.600456953048706,0.798160970211029,0.29168224334716797
100,knee_pushup,0,0.7119673490524292,0.5049222111701965,-0.8787844777107239,0.9987173080444336,0.7265840768814087,0.4999508559703827,-0.8979908227920532,0.9987800717353821,0.7287940382957458,0.4980980157852173,-0.8979089260101318,0.9979819059371948,0.7308093309402466,0.49602147936820984,-0.8980539441108704,0.9986759424209595,0.7230403423309326,0.4997342824935913,-0.9590077996253967,0.9990918636322021,0.7222612500190735,0.49849626421928406,-0.9593327641487122,0.9988312721252441,0.7206733226776123,0.49712592363357544,-0.9596497416496277,0.9987977147102356,0.7256953120231628,0.4766903817653656,-0.8388261795043945,0.9980901479721069,0.6894888877868652,0.4863741099834442,-1.1150116920471191,0.9989152550697327,0.7018799185752869,0.49825775623321533,-0.8307575583457947,0.9995415806770325,0.6965808272361755,0.498483806848526,-0.9114661812782288,0.9993458986282349,0.6771064400672913,0.4575190246105194,-0.6217438578605652,0.999802827835083,0.5495783090591431,0.481914758682251,-1.1242353916168213,0.9998721480369568,0.6994208097457886,0.5394254326820374,-0.48622164130210876,0.7136415243148804,0.6071960926055908,0.553432285785675,-1.1305359601974487,0.9833093881607056,0.7764768600463867,0.6171359419822693,-0.5320996046066284,0.7922562956809998,0.6947956085205078,0.6275455951690674,-1.1802055835723877,0.9755872488021851,0.8040891885757446,0.623049795627594,-0.5597406029701233,0.7469357252120972,0.7301667928695679,0.6344942450523376,-1.2825342416763306,0.9446653723716736,0.8002140522003174,0.6264283657073975,-0.6424747109413147,0.77347731590271,0.7539260387420654,0.6296660900115967,-1.2821329832077026,0.9491216540336609,0.7871033549308777,0.6240885853767395,-0.5695028901100159,0.788124144077301,0.7409254312515259,0.6269853115081787,-1.1883890628814697,0.9380316734313965,0.5502410531044006,0.5118687748908997,0.125568225979805,0.9999704957008362,0.45616498589515686,0.5155754685401917,-0.12508712708950043,0.9999775290489197,0.5309341549873352,0.5827853083610535,0.3106517791748047,0.7796111106872559,0.33188146352767944,0.6117333173751831,-0.08789608627557755,0.9302793145179749,0.4272823929786682,0.5741873979568481,1.0135786533355713,0.14453528821468353,0.15779909491539001,0.5844881534576416,0.672648012638092,0.32744932174682617,0.4116307497024536,0.5667616724967957,1.0892441272735596,0.11439375579357147,0.12905313074588776,0.5697822570800781,0.7612266540527344,0.20585525035858154,0.4084790349006653,0.5897594690322876,1.1606448888778687,0.29251477122306824,0.12072000652551651,0.5985972881317139,0.8030276298522949,0.3205745220184326
101,knee_pushup,0,0.7193751931190491,0.5024592280387878,-0.7376704216003418,0.9974766969680786,0.7314903140068054,0.4977642893791199,-0.7574312090873718,0.9976171851158142,0.7325831055641174,0.496058851480484,-0.7574107646942139,0.995777428150177,0.7337536215782166,0.4938620924949646,-0.7575474977493286,0.9975007772445679,0.7294400930404663,0.4975084662437439,-0.8148019909858704,0.9979254603385925,0.728550910949707,0.49614328145980835,-0.8151023983955383,0.9969480037689209,0.7273232936859131,0.49466782808303833,-0.8154211640357971,0.9975429773330688,0.7302966713905334,0.4750775992870331,-0.7128531336784363,0.9943713545799255,0.714070737361908,0.48022016882896423,-0.9765653014183044,0.996242105960846,0.706377387046814,0.49553993344306946,-0.697013258934021,0.9989105463027954,0.7012521028518677,0.49554839730262756,-0.7743246555328369,0.9980949759483337,0.6745729446411133,0.45852190256118774,-0.5085198879241943,0.9997249841690063,0.5536031126976013,0.47698986530303955,-0.9345465302467346,0.9998654127120972,0.7061564922332764,0.5420506596565247,-0.3686126470565796,0.6560733318328857,0.6025809049606323,0.5515337586402893,-0.9284330606460571,0.9770311117172241,0.7784709930419922,0.6162711977958679,-0.41055577993392944,0.7411186695098877,0.6919028162956238,0.6272783279418945,-0.933986485004425,0.9719658493995667,0.8064343333244324,0.6224508881568909,-0.43484222888946533,0.6975477337837219,0.7187873721122742,0.6359984874725342,-1.0215741395950317,0.9405233263969421,0.8014772534370422,0.6258294582366943,-0.5077728033065796,0.7238557934761047,0.7517096996307373,0.6287186145782471,-1.016269326210022,0.9437085390090942,0.7884143590927124,0.6235498189926147,-0.4422500431537628,0.7413058280944824,0.7394580245018005,0.6260671615600586,-0.93244469165802,0.9319372177124023,0.5488041043281555,0.521184504032135,0.11068786680698395,0.9999212026596069,0.4555310010910034,0.5254156589508057,-0.11024078726768494,0.9999618530273438,0.6021735072135925,0.5447460412979126,0.24181325733661652,0.7256209850311279,0.33651894330978394,0.6103928089141846,0.04124382138252258,0.9171661138534546,0.6323356032371521,0.5895600318908691,0.619195282459259,0.15844257175922394,0.16625119745731354,0.5850048661231995,0.6705480217933655,0.3262004256248474,0.6201841235160828,0.5976368188858032,0.6632973551750183,0.12354277074337006,0.13374373316764832,0.5721573233604431,0.7453022003173828,0.21036599576473236,0.6801950931549072,0.6013076305389404,0.6298823952674866,0.30582135915756226,0.1138543114066124,0.6016858816146851,0.7786668539047241,0.3202354907989502
102,knee_pushup,0,0.7225633263587952,0.49916791915893555,-0.8608912825584412,0.9974817633628845,0.7357264757156372,0.4947481155395508,-0.8747198581695557,0.9976062178611755,0.7369500398635864,0.49321332573890686,-0.8746817111968994,0.9957382678985596,0.7381808161735535,0.4912780821323395,-0.8748361468315125,0.9975460767745972,0.7327504754066467,0.4943978488445282,-0.9395437240600586,0.9979394674301147,0.7317212224006653,0.4930166006088257,-0.9398422837257385,0.9969349503517151,0.7304434180259705,0.4916568100452423,-0.9401467442512512,0.9975627064704895,0.7325270771980286,0.47372278571128845,-0.8000138401985168,0.9944538474082947,0.7195636034011841,0.47739121317863464,-1.0847073793411255,0.9962164163589478,0.7070659399032593,0.4933719336986542,-0.8088582754135132,0.9988659620285034,0.7021678686141968,0.49323228001594543,-0.894504725933075,0.9979994893074036,0.674304723739624,0.4584662616252899,-0.5834066867828369,0.9997239708900452,0.5589998364448547,0.47522708773612976,-1.0417263507843018,0.9998683929443359,0.7003283500671387,0.545430064201355,-0.46525540947914124,0.6169662475585938,0.6027466654777527,0.5498928427696228,-1.118775486946106,0.97334223985672,0.7787795662879944,0.6159430742263794,-0.5453362464904785,0.7120679020881653,0.6933401226997375,0.6261299252510071,-1.175763487815857,0.9694677591323853,0.8128575682640076,0.622544527053833,-0.579170286655426,0.6708471179008484,0.7336956858634949,0.6344696879386902,-1.2897157669067383,0.9385206699371338,0.810176432132721,0.6254403591156006,-0.6622729301452637,0.6977999210357666,0.7551987767219543,0.629004955291748,-1.2768902778625488,0.940280556678772,0.7935368418693542,0.6233429312705994,-0.5836904048919678,0.716621458530426,0.7435292601585388,0.6263184547424316,-1.173861026763916,0.9259287714958191,0.5430724024772644,0.5323500037193298,0.115549735724926,0.9998936653137207,0.4549992084503174,0.5325703620910645,-0.11519818753004074,0.9999540448188782,0.5404013395309448,0.5792170763015747,0.2929243743419647,0.688185453414917,0.32391396164894104,0.6101068258285522,0.023375876247882843,0.9187222719192505,0.5263290405273438,0.5898008942604065,0.7863295078277588,0.1594708263874054,0.1495564579963684,0.5865797996520996,0.7400702238082886,0.3385085165500641,0.5187224745750427,0.5880105495452881,0.6795759201049805,0.12358960509300232,0.12779389321804047,0.5714980959892273,0.8213492035865784,0.22063101828098297,0.5487496852874756,0.5997034907341003,0.869175374507904,0.30848079919815063,0.10574605315923691,0.6016973853111267,0.8740283846855164,0.33005136251449585
103,knee_pushup,0,0.7199300527572632,0.5023766160011292,-0.7256291508674622,0.9973655343055725,0.7330544590950012,0.4987049996852875,-0.746337890625,0.9974993467330933,0.7347285747528076,0.4978083074092865,-0.7463419437408447,0.9955286383628845,0.7364832162857056,0.496616005897522,-0.7464550137519836,0.9974901080131531,0.7292975783348083,0.49750107526779175,-0.8069955110549927,0.9978637099266052,0.7281591892242432,0.49604231119155884,-0.8072940111160278,0.9967578649520874,0.7269319891929626,0.49449315667152405,-0.807564914226532,0.9974825978279114,0.7330232858657837,0.4789496660232544,-0.6959078907966614,0.9942618012428284,0.7187915444374084,0.4792715609073639,-0.9731015563011169,0.9959540963172913,0.707843542098999,0.4987731873989105,-0.6822416186332703,0.9987714886665344,0.7021653652191162,0.4974765479564667,-0.7634199857711792,0.9978355765342712,0.6764885783195496,0.45844534039497375,-0.5057925581932068,0.9997268915176392,0.5642601847648621,0.47194433212280273,-0.956685483455658,0.9998763799667358,0.7108306884765625,0.5420143604278564,-0.42537128925323486,0.5762823224067688,0.6044414043426514,0.5503581166267395,-1.0028812885284424,0.9598170518875122,0.7810658812522888,0.6125001907348633,-0.5478362441062927,0.6759503483772278,0.6851416230201721,0.6249997615814209,-1.056054949760437,0.9598153233528137,0.8120255470275879,0.6221628189086914,-0.581129252910614,0.6390009522438049,0.7257803082466125,0.6329004168510437,-1.1584423780441284,0.9289765357971191,0.8079256415367126,0.6253392696380615,-0.6652885675430298,0.6660429835319519,0.7432122230529785,0.6283494234085083,-1.1539251804351807,0.929486095905304,0.792934000492096,0.623042106628418,-0.5864261388778687,0.6851651072502136,0.7316305637359619,0.6255636215209961,-1.057022213935852,0.9114837646484375,0.5383633971214294,0.5360794067382812,0.10895270854234695,0.9998567700386047,0.44933727383613586,0.5382893085479736,-0.10866716504096985,0.999947726726532,0.5570216774940491,0.5739270448684692,0.27498722076416016,0.6415653228759766,0.3141731023788452,0.6071100831031799,0.057274069637060165,0.9099702835083008,0.5808674693107605,0.582338809967041,0.7204395532608032,0.1545814424753189,0.1566123366355896,0.5859906077384949,0.6119371056556702,0.33433905243873596,0.5736804604530334,0.5809475779533386,0.7665804624557495,0.12184334546327591,0.13650886714458466,0.5721795558929443,0.6746840476989746,0.21927396953105927,0.603560745716095,0.5925302505493164,0.7943164706230164,0.2999134361743927,0.12098477780818939,0.5979224443435669,0.7244448065757751,0.3234064280986786
104,knee_pushup,0,0.7188671231269836,0.5021103024482727,-0.6252826452255249,0.9973732233047485,0.7339151501655579,0.4975377917289734,-0.6494311094284058,0.9974296689033508,0.7357246279716492,0.4963185489177704,-0.6495053172111511,0.9954480528831482,0.7378935217857361,0.4947128891944885,-0.6496689319610596,0.9974883794784546,0.7308427691459656,0.4965352714061737,-0.7133001089096069,0.9977805018424988,0.7302048802375793,0.4949817955493927,-0.7135651111602783,0.9965659379959106,0.7296928763389587,0.4933874011039734,-0.7138276696205139,0.9973633885383606,0.7334418892860413,0.47596651315689087,-0.6232739090919495,0.9942539930343628,0.7222802639007568,0.4780964255332947,-0.9137753248214722,0.9956803917884827,0.7040140628814697,0.4982670545578003,-0.5905290842056274,0.9987223148345947,0.6996637582778931,0.49724292755126953,-0.675470232963562,0.9976772665977478,0.6750997304916382,0.45742154121398926,-0.45092278718948364,0.9997439384460449,0.5691353678703308,0.4696348309516907,-0.9199610948562622,0.9998823404312134,0.7213870286941528,0.5404142737388611,-0.36562252044677734,0.5578609108924866,0.6074914336204529,0.5510980486869812,-0.9636229872703552,0.9423481225967407,0.7860957980155945,0.611739993095398,-0.4815289080142975,0.6634389758110046,0.6888092756271362,0.6249662041664124,-1.0237239599227905,0.9497886300086975,0.8166377544403076,0.6219326853752136,-0.5139761567115784,0.6238602995872498,0.7296996712684631,0.6339312195777893,-1.1318072080612183,0.917841911315918,0.8153564929962158,0.6251718997955322,-0.5977755784988403,0.6522026658058167,0.7461657524108887,0.6292513608932495,-1.1240514516830444,0.9176004528999329,0.7996053099632263,0.6229680776596069,-0.5202686786651611,0.669795572757721,0.7359471321105957,0.6258552670478821,-1.0248289108276367,0.8942916393280029,0.5181446075439453,0.5428295135498047,0.10584721714258194,0.9997793436050415,0.4400557577610016,0.545910120010376,-0.10553624480962753,0.9999324083328247,0.5222292542457581,0.5707263946533203,0.4667840003967285,0.5913447141647339,0.3026876449584961,0.6052711606025696,0.13766434788703918,0.896379292011261,0.5567558407783508,0.5844684839248657,0.9125843048095703,0.14882278442382812,0.15816622972488403,0.5854787230491638,0.6745955348014832,0.32913485169410706,0.5593778491020203,0.5866401791572571,0.9404453635215759,0.11756456643342972,0.1394285261631012,0.5718371868133545,0.6800075173377991,0.21661953628063202,0.5785590410232544,0.5908042788505554,0.941009521484375,0.288325697183609,0.11658477038145065,0.5939215421676636,0.7830263376235962,0.3167647123336792
105,knee_pushup,0,0.714389979839325,0.5017111301422119,-0.6441550850868225,0.9975692629814148,0.7322348356246948,0.4968535304069519,-0.6705672144889832,0.9975998997688293,0.7344071269035339,0.49554702639579773,-0.6705880761146545,0.9957752823829651,0.7369034290313721,0.4939212501049042,-0.6706989407539368,0.9976741075515747,0.7286416292190552,0.4962027370929718,-0.7376833558082581,0.9979294538497925,0.7279341816902161,0.4947446286678314,-0.7380014657974243,0.9968055486679077,0.7273927927017212,0.4932246804237366,-0.7382420301437378,0.9975346922874451,0.7319650650024414,0.47558996081352234,-0.6376873850822449,0.9947296977043152,0.7189785838127136,0.47761479020118713,-0.941270112991333,0.9959679245948792,0.7002204060554504,0.49747100472450256,-0.6054777503013611,0.9988168478012085,0.6941662430763245,0.4968937635421753,-0.6944736838340759,0.9978429079055786,0.6749925017356873,0.4574251174926758,-0.4657383859157562,0.9997608065605164,0.5681334137916565,0.46918389201164246,-0.9512442350387573,0.9998870491981506,0.7237537503242493,0.5359745621681213,-0.3527151048183441,0.5612115263938904,0.6055022478103638,0.5507578253746033,-0.9612216353416443,0.9435110092163086,0.786307156085968,0.6108605861663818,-0.468330979347229,0.6639162302017212,0.6869329214096069,0.6244614720344543,-1.017577886581421,0.9498908519744873,0.8179086446762085,0.6217300295829773,-0.4988003075122833,0.621751606464386,0.7308317422866821,0.6330848336219788,-1.127541184425354,0.9178862571716309,0.8182894587516785,0.6250876784324646,-0.5847551226615906,0.6533759236335754,0.7445411682128906,0.6290669441223145,-1.1202846765518188,0.9177157282829285,0.8004743456840515,0.6227568984031677,-0.507279634475708,0.6692183017730713,0.7316141724586487,0.625703752040863,-1.0184510946273804,0.8912529945373535,0.5041153430938721,0.544500470161438,0.12630024552345276,0.9997255206108093,0.42995381355285645,0.5502591729164124,-0.12583012878894806,0.9999147057533264,0.4308270215988159,0.5826439261436462,0.550829291343689,0.5676557421684265,0.31176573038101196,0.6044098734855652,0.16036134958267212,0.8976105451583862,0.33078914880752563,0.5837129950523376,1.206131100654602,0.14599211513996124,0.1660638153553009,0.5795345902442932,0.8453289866447449,0.34064939618110657,0.3168371021747589,0.5782284140586853,1.2797901630401611,0.11884322762489319,0.14987114071846008,0.5656695365905762,0.9183432459831238,0.23351602256298065,0.3083631992340088,0.5877892971038818,1.3022563457489014,0.28919079899787903,0.1330782175064087,0.5933380722999573,0.9526888728141785,0.3362909257411957
106,knee_pushup,0,0.7112066745758057,0.5028354525566101,-0.6516629457473755,0.9977819919586182,0.7293983697891235,0.4983096718788147,-0.6784959435462952,0.9977822303771973,0.7313171625137329,0.4970107972621918,-0.6785821318626404,0.9961166381835938,0.7335360646247864,0.4953504502773285,-0.6787441968917847,0.99786776304245,0.7258298993110657,0.49774208664894104,-0.7471484541893005,0.9980909824371338,0.7249051928520203,0.4964050054550171,-0.7474311590194702,0.9970624446868896,0.7240217924118042,0.4949403405189514,-0.7476375102996826,0.9977263808250427,0.7286543250083923,0.47627219557762146,-0.6484155058860779,0.9952051639556885,0.7129322290420532,0.47852328419685364,-0.958243727684021,0.9962757229804993,0.697429895401001,0.4978899359703064,-0.6140621900558472,0.9989156723022461,0.6908329129219055,0.4972921907901764,-0.7048320770263672,0.9980176091194153,0.6747367978096008,0.4576989710330963,-0.4531439244747162,0.9997819662094116,0.5700786709785461,0.46905025839805603,-0.9768382906913757,0.9998936057090759,0.7276712656021118,0.5359211564064026,-0.3360578119754791,0.5732358694076538,0.604978084564209,0.5517468452453613,-0.9891990423202515,0.9455832242965698,0.7897794246673584,0.6108549237251282,-0.4622941315174103,0.6727172136306763,0.687056303024292,0.6249099373817444,-1.0467791557312012,0.9501151442527771,0.818381667137146,0.6215992569923401,-0.4950239956378937,0.6275808215141296,0.7292085886001587,0.6331583261489868,-1.1376698017120361,0.9178801774978638,0.8226236701011658,0.6249209642410278,-0.5820847153663635,0.6615379452705383,0.7421362996101379,0.6290599703788757,-1.1501388549804688,0.9180489778518677,0.8051011562347412,0.6226540803909302,-0.5018157958984375,0.6735124588012695,0.7314102649688721,0.6258249878883362,-1.049269437789917,0.8881299495697021,0.4868602156639099,0.5486540198326111,0.15035094320774078,0.9997004270553589,0.4028131663799286,0.5515908002853394,-0.14984004199504852,0.9998984932899475,0.40325257182121277,0.5938308835029602,0.5813186764717102,0.5245319604873657,0.3161156475543976,0.6080898642539978,0.16360369324684143,0.8951264023780823,0.30511289834976196,0.5887243747711182,1.2327781915664673,0.14279302954673767,0.16814064979553223,0.5820654034614563,0.833538293838501,0.3684954345226288,0.29314327239990234,0.5824922919273376,1.3044143915176392,0.1211681142449379,0.14647658169269562,0.5681266188621521,0.9074299335479736,0.27167853713035583,0.27657321095466614,0.6003087759017944,1.2947335243225098,0.286165326833725,0.1359034776687622,0.5942011475563049,0.9141805768013,0.3685581386089325
107,knee_pushup,0,0.7121399641036987,0.5018404722213745,-0.6212186813354492,0.9979456067085266,0.7309265732765198,0.49735966324806213,-0.640156626701355,0.9978725910186768,0.7324486970901489,0.49593544006347656,-0.6402727365493774,0.9963398575782776,0.7341686487197876,0.49416592717170715,-0.6404308080673218,0.9979978799819946,0.7280258536338806,0.4971396028995514,-0.7114853858947754,0.9981966018676758,0.7272613048553467,0.49590274691581726,-0.7117839455604553,0.9972559213638306,0.726422131061554,0.4945913553237915,-0.7119800448417664,0.99786376953125,0.7289576530456543,0.47573235630989075,-0.5967135429382324,0.9955695271492004,0.7180953621864319,0.47964999079704285,-0.9197152853012085,0.9964911341667175,0.6969233751296997,0.49683892726898193,-0.5812546014785767,0.9989685416221619,0.6910086274147034,0.4964763820171356,-0.6755334138870239,0.9981241226196289,0.6746521592140198,0.45812124013900757,-0.4019758999347687,0.9997967481613159,0.5753580331802368,0.46901488304138184,-0.9546186923980713,0.9998956322669983,0.7322919964790344,0.5356668829917908,-0.25960707664489746,0.5827250480651855,0.6071835160255432,0.5521893501281738,-0.9591635465621948,0.9497877955436707,0.7927976250648499,0.6108583807945251,-0.38764598965644836,0.682356595993042,0.6868965029716492,0.6245330572128296,-1.018415093421936,0.9535281658172607,0.8218873739242554,0.6216534972190857,-0.41613274812698364,0.6355937719345093,0.7289820909500122,0.632753849029541,-1.128454327583313,0.922950267791748,0.8277658820152283,0.6248449683189392,-0.5028508901596069,0.6717093586921692,0.74360191822052,0.6289125680923462,-1.1180840730667114,0.923271894454956,0.8104088306427002,0.62255859375,-0.4270554780960083,0.6802329421043396,0.7346376776695251,0.6256210803985596,-1.01738703250885,0.893144965171814,0.4727979600429535,0.5462244153022766,0.15760312974452972,0.9995246529579163,0.3939906358718872,0.5527206063270569,-0.15724210441112518,0.999819278717041,0.3759140074253082,0.5895408391952515,0.6260859370231628,0.48019853234291077,0.3147725760936737,0.6087079644203186,0.1800302267074585,0.8877485990524292,0.23562923073768616,0.5852616429328918,1.1840578317642212,0.1395488828420639,0.16410572826862335,0.5819900035858154,0.7909951210021973,0.4026002287864685,0.21681642532348633,0.5741663575172424,1.244904637336731,0.1261659413576126,0.14325830340385437,0.564948320388794,0.8652616143226624,0.3218699097633362,0.19392652809619904,0.5970674157142639,1.2139153480529785,0.2845012843608856,0.13217733800411224,0.5921624898910522,0.8428348898887634,0.40696001052856445
108,knee_pushup,0,0.7135092616081238,0.5024374127388,-0.6509400606155396,0.9981092810630798,0.7330666780471802,0.4988366961479187,-0.6661118865013123,0.9979714155197144,0.7345559597015381,0.497464120388031,-0.6662502884864807,0.9965699911117554,0.7362006902694702,0.4958009719848633,-0.6664279103279114,0.998134195804596,0.730584979057312,0.49880269169807434,-0.7380129098892212,0.9983125925064087,0.7301502227783203,0.4976824223995209,-0.7383050322532654,0.99745774269104,0.7297424077987671,0.49644577503204346,-0.7384480834007263,0.9980081915855408,0.7309933304786682,0.47810447216033936,-0.6169852614402771,0.9959017038345337,0.7217634916305542,0.48176971077919006,-0.9417804479598999,0.9966824650764465,0.6971175074577332,0.497522234916687,-0.6098983287811279,0.9990110397338867,0.6920705437660217,0.49720293283462524,-0.7049290537834167,0.9982137680053711,0.6807737350463867,0.4608701765537262,-0.42593830823898315,0.999808132648468,0.5788809657096863,0.4687879979610443,-0.9696127772331238,0.9998946785926819,0.7392327189445496,0.5356170535087585,-0.2757379710674286,0.5986036062240601,0.6080507636070251,0.5534660220146179,-0.9709003567695618,0.9539474844932556,0.7954081296920776,0.6092305779457092,-0.40557366609573364,0.7020185589790344,0.6869856119155884,0.6252086162567139,-1.036355972290039,0.9573538303375244,0.8227466344833374,0.6207275390625,-0.4384487569332123,0.6552557945251465,0.7340587377548218,0.633427083492279,-1.146425485610962,0.9290475845336914,0.8300974369049072,0.6229428052902222,-0.5247336030006409,0.6913226246833801,0.7484616041183472,0.6290556788444519,-1.1391210556030273,0.9294538497924805,0.8146914839744568,0.6206503510475159,-0.44458678364753723,0.6965753436088562,0.7387388348579407,0.6257709264755249,-1.0363869667053223,0.9004563093185425,0.4738578498363495,0.5442022085189819,0.17137505114078522,0.9994946718215942,0.38971665501594543,0.5478469729423523,-0.17115254700183868,0.9998037815093994,0.3608933687210083,0.5954522490501404,0.6239783763885498,0.44609665870666504,0.3139004409313202,0.6085222363471985,0.18472206592559814,0.8866406679153442,0.21268591284751892,0.5829809308052063,1.209328055381775,0.14471864700317383,0.15852290391921997,0.5819470286369324,0.7948420643806458,0.45007795095443726,0.1845027208328247,0.5733567476272583,1.2733224630355835,0.14515970647335052,0.13974402844905853,0.5650274157524109,0.8618622422218323,0.3797071874141693,0.16206534206867218,0.5947517156600952,1.2506566047668457,0.29707375168800354,0.12122838199138641,0.5922425985336304,0.84294193983078,0.4554535150527954
109,knee_pushup,0,0.7153542637825012,0.5029441118240356,-0.7103403210639954,0.9982408285140991,0.7351253032684326,0.49975115060806274,-0.7230537533760071,0.9980081915855408,0.7364038825035095,0.49852505326271057,-0.7231654524803162,0.9967053532600403,0.7377969026565552,0.49702078104019165,-0.7233553528785706,0.9982358813285828,0.7328883409500122,0.4993412494659424,-0.7926706671714783,0.998393714427948,0.7324883937835693,0.4980774223804474,-0.7929496765136719,0.9976054430007935,0.7320672273635864,0.4966874122619629,-0.793109655380249,0.9981092214584351,0.732265830039978,0.4799124002456665,-0.6532545685768127,0.9961255788803101,0.722830593585968,0.48166507482528687,-0.9718172550201416,0.9968039989471436,0.6973580718040466,0.498232364654541,-0.663500964641571,0.9990124106407166,0.6926604509353638,0.4974995255470276,-0.7539641857147217,0.9982621669769287,0.6899909973144531,0.4632369577884674,-0.4465174973011017,0.999815821647644,0.5814263820648193,0.4651978611946106,-0.9972614645957947,0.9998796582221985,0.7396207451820374,0.536022424697876,-0.3018355071544647,0.6258253455162048,0.6074415445327759,0.5508360266685486,-1.0224567651748657,0.9579190015792847,0.7936007380485535,0.6092482805252075,-0.43819886445999146,0.7256654500961304,0.6841323375701904,0.6251083016395569,-1.0841917991638184,0.9606257081031799,0.8213756084442139,0.6207016110420227,-0.4734405279159546,0.6797020435333252,0.7231855988502502,0.6332175731658936,-1.2019398212432861,0.9341636300086975,0.825810432434082,0.6226416230201721,-0.5604500770568848,0.7143010497093201,0.7415891289710999,0.6289501786231995,-1.1850870847702026,0.9346449971199036,0.8104749917984009,0.6203343868255615,-0.4776339828968048,0.7175920009613037,0.732136607170105,0.6257051229476929,-1.080932378768921,0.9065472483634949,0.4733075499534607,0.5438407063484192,0.18780480325222015,0.9994650483131409,0.38775262236595154,0.5357416272163391,-0.187652587890625,0.9997794032096863,0.3838646709918976,0.6019812226295471,0.5502020716667175,0.4339396357536316,0.3152284324169159,0.6084074974060059,0.16099584102630615,0.892473578453064,0.20242123305797577,0.5817969441413879,1.1429922580718994,0.16556128859519958,0.156844824552536,0.5826544165611267,0.6641598343849182,0.5002201795578003,0.18816116452217102,0.5729153156280518,1.2071903944015503,0.16929340362548828,0.13427132368087769,0.5661190152168274,0.7206984758377075,0.43480268120765686,0.16251087188720703,0.5957433581352234,1.1971319913864136,0.32419341802597046,0.11733697354793549,0.5980198383331299,0.6914259791374207,0.5052324533462524
110,knee_pushup,0,0.7209506034851074,0.5038832426071167,-0.7036155462265015,0.9983737468719482,0.7391904592514038,0.500834047794342,-0.7065587639808655,0.9980937838554382,0.7402141690254211,0.4997418522834778,-0.7066863179206848,0.9968870878219604,0.7412989735603333,0.4983907639980316,-0.7069006562232971,0.9983544945716858,0.737299919128418,0.5001139044761658,-0.780988872051239,0.9984964728355408,0.7368072271347046,0.49876612424850464,-0.7812258005142212,0.9977696537971497,0.7361462712287903,0.4972965717315674,-0.7812920808792114,0.9982312321662903,0.7346681952476501,0.4820612967014313,-0.6170089840888977,0.996365487575531,0.724128782749176,0.4824129343032837,-0.9525123238563538,0.9969594478607178,0.7016918063163757,0.49979323148727417,-0.6507256627082825,0.9990375638008118,0.6971988081932068,0.49856653809547424,-0.7479618191719055,0.9983481764793396,0.6938142776489258,0.4649025499820709,-0.4088089168071747,0.9998193383216858,0.5818808078765869,0.4630200266838074,-0.9911825060844421,0.9998563528060913,0.7429999709129333,0.5382272601127625,-0.26687654852867126,0.6546026468276978,0.6085575222969055,0.5505367517471313,-1.0258054733276367,0.9615851640701294,0.8026653528213501,0.6107514500617981,-0.4080972373485565,0.7493661642074585,0.6863640546798706,0.6246150732040405,-1.0817077159881592,0.9638251662254333,0.8303601145744324,0.6206952333450317,-0.44437503814697266,0.7054996490478516,0.7242471575737,0.6330181956291199,-1.1970540285110474,0.939239501953125,0.834926962852478,0.622560977935791,-0.5334742665290833,0.7379740476608276,0.7388150095939636,0.6288623213768005,-1.1840195655822754,0.9397515058517456,0.8185302019119263,0.6203532814979553,-0.449087917804718,0.7400574684143066,0.7304726839065552,0.6256315112113953,-1.0798256397247314,0.9128701090812683,0.4633413553237915,0.5366129279136658,0.19319182634353638,0.999437153339386,0.3795110881328583,0.5239478349685669,-0.1930626481771469,0.9997532367706299,0.39484816789627075,0.6069051623344421,0.5043048858642578,0.443586140871048,0.31669148802757263,0.6082282662391663,0.05287453904747963,0.899512529373169,0.2173522263765335,0.5834794044494629,1.0830215215682983,0.19782578945159912,0.1511838734149933,0.5826255083084106,0.5691181421279907,0.5469845533370972,0.19191010296344757,0.5726615786552429,1.1390175819396973,0.19845691323280334,0.13007934391498566,0.5665848851203918,0.6220232844352722,0.48507753014564514,0.16226255893707275,0.5963515639305115,1.1413519382476807,0.3591192960739136,0.11573413014411926,0.6006390452384949,0.5992590188980103,0.5514419078826904
111,knee_pushup,0,0.7295863032341003,0.5037037134170532,-0.6513224244117737,0.9984884262084961,0.7471528649330139,0.5005914568901062,-0.6467329263687134,0.9981787800788879,0.7480536699295044,0.4995967447757721,-0.6468679904937744,0.997053861618042,0.7488086819648743,0.4983486533164978,-0.6471136212348938,0.9984622597694397,0.7445666193962097,0.4996476173400879,-0.7226961851119995,0.9985881447792053,0.743672788143158,0.4982285797595978,-0.722898006439209,0.9979118704795837,0.7425612807273865,0.49672165513038635,-0.7229276299476624,0.9983378648757935,0.7390488982200623,0.48184695839881897,-0.543118417263031,0.9965869784355164,0.7285435199737549,0.48190441727638245,-0.883523166179657,0.9970823526382446,0.7083555459976196,0.5000742673873901,-0.5948055982589722,0.9990575909614563,0.7048004269599915,0.4984433054924011,-0.6943749785423279,0.9984228014945984,0.6969649791717529,0.4661909341812134,-0.3404895067214966,0.9998224377632141,0.583032488822937,0.46176040172576904,-0.9342284798622131,0.9998219609260559,0.7445343136787415,0.5424624085426331,-0.20097868144512177,0.6818823218345642,0.6087343096733093,0.5503037571907043,-0.9893158078193665,0.9649400115013123,0.8048693537712097,0.6112874746322632,-0.3455352783203125,0.7715047597885132,0.6864191293716431,0.6245841979980469,-1.031445860862732,0.9668733477592468,0.8300933837890625,0.6208838820457458,-0.3807877004146576,0.7300344109535217,0.7278735637664795,0.6326888203620911,-1.1443746089935303,0.9441230297088623,0.8329388499259949,0.6225965619087219,-0.4681565463542938,0.76023930311203,0.7415027022361755,0.6288048624992371,-1.1235312223434448,0.9446457624435425,0.817792534828186,0.6204013824462891,-0.38620924949645996,0.7614786624908447,0.732674241065979,0.6256468892097473,-1.0264116525650024,0.9191668033599854,0.46068522334098816,0.5291388034820557,0.19043122231960297,0.9994072914123535,0.374994158744812,0.517521321773529,-0.19030669331550598,0.9996999502182007,0.40265271067619324,0.6093775629997253,0.3715677857398987,0.4577903747558594,0.318254679441452,0.6095806956291199,-0.06316366791725159,0.9042386412620544,0.21667878329753876,0.5824571847915649,0.9213573336601257,0.21919266879558563,0.15194858610630035,0.5824911594390869,0.4623458981513977,0.5851803421974182,0.20624683797359467,0.5726289749145508,0.9800300598144531,0.21806256473064423,0.1260657161474228,0.5665715932846069,0.5173118114471436,0.5253022313117981,0.1728958785533905,0.5972278714179993,0.99921053647995,0.3810982406139374,0.11761399358510971,0.6014149188995361,0.5182317495346069,0.5892372727394104
112,knee_pushup,0,0.7313463091850281,0.5039860010147095,-0.6377143859863281,0.9985873103141785,0.7484872341156006,0.5008923411369324,-0.6311569213867188,0.9982545375823975,0.7494288086891174,0.49990811944007874,-0.6313030123710632,0.9971967935562134,0.750203549861908,0.498636394739151,-0.6315706968307495,0.9985575079917908,0.7458439469337463,0.4998602569103241,-0.7090104222297668,0.9986710548400879,0.744970440864563,0.49839526414871216,-0.7091915011405945,0.9980382323265076,0.7438173294067383,0.4967900216579437,-0.7092182636260986,0.998435378074646,0.7408557534217834,0.48238396644592285,-0.521066427230835,0.9967736601829529,0.7298217415809631,0.4820910692214966,-0.8700533509254456,0.9971957802772522,0.7095895409584045,0.5003967881202698,-0.5785840749740601,0.9990628957748413,0.7063208222389221,0.49870821833610535,-0.6806811690330505,0.9984800815582275,0.6989163756370544,0.46718817949295044,-0.3112669289112091,0.999822199344635,0.5856785178184509,0.4614920914173126,-0.9247702360153198,0.9997767210006714,0.7434821724891663,0.5431400537490845,-0.16718223690986633,0.7047699093818665,0.609054446220398,0.55019211769104,-0.9885834455490112,0.9679225087165833,0.8023436665534973,0.6116281151771545,-0.31819528341293335,0.7910767793655396,0.684945285320282,0.6241737008094788,-1.0345821380615234,0.969668984413147,0.8281615972518921,0.6220591068267822,-0.35237449407577515,0.7518073916435242,0.7258873581886292,0.6325280666351318,-1.149686336517334,0.9486372470855713,0.8306260704994202,0.6230350136756897,-0.4418196380138397,0.7799647450447083,0.7399219870567322,0.6286767721176147,-1.128552794456482,0.9491543173789978,0.8155876994132996,0.620507001876831,-0.35992592573165894,0.7804573178291321,0.7312727570533752,0.6256060600280762,-1.0296682119369507,0.9249883890151978,0.45437636971473694,0.5247052907943726,0.19637218117713928,0.999363899230957,0.3712901473045349,0.5137878656387329,-0.19633354246616364,0.9996156096458435,0.39400750398635864,0.6077792048454285,0.3425568640232086,0.4685116410255432,0.3190285265445709,0.609748125076294,-0.10072723776102066,0.9078014492988586,0.2076144963502884,0.5828884840011597,0.8910259008407593,0.23856016993522644,0.14815470576286316,0.5824650526046753,0.43216079473495483,0.6189904808998108,0.18239347636699677,0.5709322690963745,0.9496001601219177,0.23553158342838287,0.12450797110795975,0.5665619373321533,0.48769575357437134,0.5610951781272888,0.1542985588312149,0.5963597297668457,0.9625579714775085,0.4002555012702942,0.10622797161340714,0.6014882922172546,0.48452508449554443,0.622473418712616
113,knee_pushup,0,0.7322084903717041,0.5041348338127136,-0.6637607216835022,0.9986568689346313,0.7497866153717041,0.5011071562767029,-0.6547675132751465,0.9982762336730957,0.7505931854248047,0.5000830292701721,-0.6549034714698792,0.9972660541534424,0.7511667013168335,0.4987509250640869,-0.6551925539970398,0.9986180067062378,0.7473008632659912,0.5001599192619324,-0.735450804233551,0.9987221360206604,0.7464132308959961,0.49870961904525757,-0.7356250286102295,0.99812251329422,0.7451478838920593,0.4970844089984894,-0.7356553673744202,0.9984966516494751,0.7417254447937012,0.48256680369377136,-0.5302937030792236,0.9968774318695068,0.7299709916114807,0.4823439419269562,-0.8960195183753967,0.9972158074378967,0.709720253944397,0.5004061460494995,-0.6008180379867554,0.9989842176437378,0.7066928148269653,0.49877721071243286,-0.706337571144104,0.9984567165374756,0.7001269459724426,0.46841952204704285,-0.3088191747665405,0.9998133182525635,0.585034966468811,0.4615571200847626,-0.9437047243118286,0.9997058510780334,0.7440950274467468,0.5427936911582947,-0.1599491685628891,0.7251337766647339,0.6111708283424377,0.5510008931159973,-1.0354174375534058,0.9707127809524536,0.8008595705032349,0.6116316318511963,-0.3269648551940918,0.8085474967956543,0.6906676888465881,0.6235449910163879,-1.0804200172424316,0.9722760319709778,0.8270946145057678,0.6226260662078857,-0.36235347390174866,0.7713655233383179,0.7353391647338867,0.6316590905189514,-1.2023011445999146,0.9528592228889465,0.8292399048805237,0.6233258247375488,-0.45371976494789124,0.7976891994476318,0.7495507001876831,0.6279958486557007,-1.1740520000457764,0.9533563256263733,0.8143566250801086,0.6205289959907532,-0.3702510893344879,0.797539472579956,0.7405989170074463,0.6247318983078003,-1.0729215145111084,0.9304252862930298,0.4500660002231598,0.5219170451164246,0.2065117359161377,0.9992571473121643,0.3666970729827881,0.5128064751625061,-0.2065499722957611,0.9994506239891052,0.3944634199142456,0.6082160472869873,0.33038055896759033,0.4765639305114746,0.3191087245941162,0.6105223298072815,-0.1403055489063263,0.9103702306747437,0.21728545427322388,0.5838344693183899,0.897445023059845,0.24886907637119293,0.14772431552410126,0.5824275612831116,0.4256175458431244,0.6473169922828674,0.18784981966018677,0.5707644820213318,0.958132266998291,0.24667976796627045,0.1239340603351593,0.5663827657699585,0.4845997393131256,0.5917114615440369,0.1628880351781845,0.5965385437011719,0.9760116934776306,0.41050517559051514,0.10831569880247116,0.6010441184043884,0.4832020699977875,0.6497050523757935
114,knee_pushup,0,0.7337591648101807,0.5045531988143921,-0.6474456191062927,0.9987087845802307,0.7512805461883545,0.501444399356842,-0.6313030123710632,0.9982765913009644,0.7519857883453369,0.500372052192688,-0.631417453289032,0.9973034262657166,0.7525023818016052,0.49897730350494385,-0.6317234039306641,0.9986574649810791,0.7490609288215637,0.500594437122345,-0.7153128385543823,0.9987605810165405,0.7482402324676514,0.49916884303092957,-0.7154660224914551,0.9981880187988281,0.7471001148223877,0.49755483865737915,-0.7154853343963623,0.9985393285751343,0.7424863576889038,0.4827842712402344,-0.4935503602027893,0.9969260096549988,0.730926513671875,0.4827253520488739,-0.8724761605262756,0.9971596002578735,0.7106249928474426,0.5005383491516113,-0.5807148218154907,0.9988456964492798,0.7084559798240662,0.4990914463996887,-0.6911429166793823,0.998391330242157,0.6997620463371277,0.47015032172203064,-0.2741227149963379,0.9997887015342712,0.5857385993003845,0.46160611510276794,-0.9352539777755737,0.9995821118354797,0.7450453042984009,0.5425297617912292,-0.11673416942358017,0.7439228892326355,0.611916720867157,0.5512183904647827,-1.0324945449829102,0.9731900095939636,0.8013895750045776,0.6106918454170227,-0.275164395570755,0.8248091340065002,0.6909636855125427,0.6228914856910706,-1.0778923034667969,0.9746787548065186,0.8294017314910889,0.6225670576095581,-0.3058580458164215,0.7898901700973511,0.7353649139404297,0.6305606365203857,-1.1966830492019653,0.9567526578903198,0.8310515880584717,0.623150646686554,-0.3975038230419159,0.8144127130508423,0.7495405077934265,0.6268657445907593,-1.168106198310852,0.9572252035140991,0.816509485244751,0.6201505064964294,-0.31849345564842224,0.8138059377670288,0.7408636808395386,0.6233569383621216,-1.0710316896438599,0.935469925403595,0.4468461275100708,0.520197331905365,0.20882397890090942,0.9990876317024231,0.36498549580574036,0.5108968615531921,-0.20885954797267914,0.9991714358329773,0.39358919858932495,0.6096906661987305,0.2614209055900574,0.48629850149154663,0.31990304589271545,0.6106265187263489,-0.20823557674884796,0.9122637510299683,0.21848507225513458,0.5842405557632446,0.8061410784721375,0.25628331303596497,0.14967890083789825,0.5823794603347778,0.3595345914363861,0.6717804074287415,0.18863080441951752,0.5702090859413147,0.8644391894340515,0.256008505821228,0.12623271346092224,0.5663740038871765,0.41896313428878784,0.6176760792732239,0.16171155869960785,0.5964521169662476,0.8909665942192078,0.41653159260749817,0.10446824133396149,0.6012611985206604,0.42553088068962097,0.6730929017066956
115,knee_pushup,0,0.7335457801818848,0.5049106478691101,-0.6434458494186401,0.9987553358078003,0.7513996362686157,0.5014185905456543,-0.6286118030548096,0.9982808828353882,0.7523452043533325,0.5002895593643188,-0.6287418007850647,0.997349202632904,0.7531381249427795,0.498839408159256,-0.6290642023086548,0.9986979365348816,0.7485997080802917,0.5006928443908691,-0.7120686769485474,0.9987924098968506,0.7476440072059631,0.499329537153244,-0.712202250957489,0.9982433915138245,0.746403694152832,0.4977726340293884,-0.7122145295143127,0.9985769987106323,0.7426373362541199,0.48284590244293213,-0.4985598921775818,0.9970037341117859,0.730171263217926,0.48299869894981384,-0.8734115958213806,0.9971125721931458,0.710921049118042,0.5006960034370422,-0.578723669052124,0.9987163543701172,0.708493709564209,0.4995245635509491,-0.6882709860801697,0.9983232021331787,0.6986989378929138,0.4695850610733032,-0.280881404876709,0.9997711777687073,0.5870002508163452,0.46321749687194824,-0.9354541897773743,0.9994527101516724,0.7455465793609619,0.5421656966209412,-0.14042438566684723,0.7632561922073364,0.6139088869094849,0.5527889728546143,-1.038366675376892,0.9753992557525635,0.8026643991470337,0.610697865486145,-0.31342583894729614,0.8398640155792236,0.6900874376296997,0.6228504776954651,-1.0786570310592651,0.9768081307411194,0.8330426216125488,0.6225147843360901,-0.349088191986084,0.8070608973503113,0.733225405216217,0.6302799582481384,-1.1962536573410034,0.9601978659629822,0.8341718912124634,0.6231366395950317,-0.4383898377418518,0.8297931551933289,0.7475472688674927,0.6266573071479797,-1.1699872016906738,0.9606354236602783,0.8187697529792786,0.6201543211936951,-0.3564046025276184,0.8288229703903198,0.7390171885490417,0.623313844203949,-1.0722277164459229,0.9398625493049622,0.4479374587535858,0.5167964100837708,0.20995405316352844,0.9987871646881104,0.36688432097435,0.5088614821434021,-0.2100108414888382,0.998726487159729,0.38716456294059753,0.6085793972015381,0.26799410581588745,0.4895677864551544,0.32028278708457947,0.6102501153945923,-0.21443098783493042,0.9119004011154175,0.20543435215950012,0.5853736400604248,0.7719466090202332,0.26095178723335266,0.14650008082389832,0.5824810862541199,0.28380894660949707,0.694171667098999,0.17578190565109253,0.5677291750907898,0.8240379095077515,0.2620012164115906,0.12155909091234207,0.5665303468704224,0.33403506875038147,0.6402904987335205,0.1556950807571411,0.5984523892402649,0.8393427133560181,0.4184023439884186,0.10155373066663742,0.6053875088691711,0.316147118806839,0.6935582160949707
116,knee_pushup,0,0.7341783046722412,0.5055655837059021,-0.6032422780990601,0.9988003373146057,0.7521449327468872,0.5015912652015686,-0.589488685131073,0.998291015625,0.7534055113792419,0.5004046559333801,-0.5896422863006592,0.9974066019058228,0.7545099854469299,0.49889546632766724,-0.5899800658226013,0.9987346529960632,0.748760998249054,0.5010194778442383,-0.6693687438964844,0.9988141655921936,0.7476702928543091,0.4997180104255676,-0.6694817543029785,0.9982888102531433,0.7462958693504333,0.49816638231277466,-0.6694750785827637,0.9986016154289246,0.7435716390609741,0.48290956020355225,-0.46529507637023926,0.9971102476119995,0.7303279638290405,0.4831268787384033,-0.8244643807411194,0.9970793128013611,0.7126104831695557,0.5013241767883301,-0.5410410165786743,0.9986306428909302,0.7097384333610535,0.5003682374954224,-0.6459774971008301,0.9982924461364746,0.6994771957397461,0.469661146402359,-0.2561061382293701,0.9997648596763611,0.5891128778457642,0.46402397751808167,-0.8851050138473511,0.9993323087692261,0.7466460466384888,0.5434609055519104,-0.1176387146115303,0.7818713188171387,0.6148332953453064,0.554510235786438,-0.9888685941696167,0.9773780703544617,0.8046782612800598,0.61186283826828,-0.28997915983200073,0.85404372215271,0.6894508004188538,0.6230055689811707,-1.0186479091644287,0.9787174463272095,0.8354139924049377,0.6227173805236816,-0.32865655422210693,0.8234996199607849,0.731982946395874,0.630314290523529,-1.1328665018081665,0.9632806181907654,0.8367211222648621,0.6231884956359863,-0.41606518626213074,0.8444240689277649,0.7463414072990417,0.6267197132110596,-1.1088999509811401,0.9636886119842529,0.8207442760467529,0.6204598546028137,-0.3319089114665985,0.8431979417800903,0.7377954721450806,0.6235522031784058,-1.0127559900283813,0.9438587427139282,0.4484335482120514,0.5156404376029968,0.20450009405612946,0.9984052777290344,0.36745935678482056,0.5076727867126465,-0.20448504388332367,0.9981736540794373,0.38448765873908997,0.6075583100318909,0.24150025844573975,0.4893508553504944,0.32050183415412903,0.6102017760276794,-0.24178585410118103,0.9097471237182617,0.20276384055614471,0.5869835019111633,0.6965963244438171,0.2633201777935028,0.13728298246860504,0.5824564099311829,0.19236735999584198,0.712870717048645,0.1604500263929367,0.56757652759552,0.7429060339927673,0.2661741077899933,0.11647249758243561,0.5667686462402344,0.2360239028930664,0.658256471157074,0.14294250309467316,0.6020339727401733,0.7586907148361206,0.4157939553260803,0.09158216416835785,0.6078191995620728,0.21827955543994904,0.7092387080192566
117,knee_pushup,0,0.736384928226471,0.5055183172225952,-0.5769365429878235,0.9988271594047546,0.756068766117096,0.5015154480934143,-0.5623412728309631,0.9982602596282959,0.7572258114814758,0.500357449054718,-0.5624867677688599,0.9974194765090942,0.7582545280456543,0.49885815382003784,-0.5628297328948975,0.9987436532974243,0.7522439360618591,0.5008906722068787,-0.6391088366508484,0.9988070130348206,0.7506887912750244,0.49959245324134827,-0.6392272114753723,0.998306393623352,0.7489984035491943,0.4980359673500061,-0.6392133831977844,0.9985967874526978,0.747647762298584,0.4827071726322174,-0.4353199899196625,0.9971796274185181,0.7339264154434204,0.4830779433250427,-0.7811066508293152,0.9969615936279297,0.7158069014549255,0.5012420415878296,-0.5150201320648193,0.9984875321388245,0.7125237584114075,0.5002765655517578,-0.6159576773643494,0.9982036352157593,0.7031747698783875,0.46949905157089233,-0.22704915702342987,0.9997518658638,0.5953273177146912,0.4639955163002014,-0.8387936949729919,0.9991577863693237,0.748742401599884,0.5443925857543945,-0.08234144747257233,0.7994009256362915,0.6140800714492798,0.554643452167511,-0.9287815690040588,0.9791828989982605,0.8051013350486755,0.6128463745117188,-0.24838602542877197,0.8669623732566833,0.689147412776947,0.6228609085083008,-0.9486497044563293,0.9804563522338867,0.8358247876167297,0.6232874989509583,-0.2839960753917694,0.8385316729545593,0.7308528423309326,0.6300978660583496,-1.0552122592926025,0.9661232829093933,0.8363422751426697,0.6238179206848145,-0.36966562271118164,0.8577788472175598,0.7456092834472656,0.6265009641647339,-1.033267855644226,0.9665062427520752,0.8199595212936401,0.6213045120239258,-0.2886263430118561,0.856357991695404,0.7373487949371338,0.6235136389732361,-0.9425079822540283,0.947633683681488,0.4498194754123688,0.5148022770881653,0.20056799054145813,0.9979808926582336,0.368547260761261,0.5058305263519287,-0.20052380859851837,0.9975248575210571,0.38516363501548767,0.6078572273254395,0.19617974758148193,0.4958793818950653,0.3207252323627472,0.610203742980957,-0.302513986825943,0.9111217856407166,0.20300516486167908,0.5867567658424377,0.6078794598579407,0.267854779958725,0.14030522108078003,0.5822866559028625,0.13588660955429077,0.7275727391242981,0.1721077561378479,0.5683512687683105,0.6507386565208435,0.27228033542633057,0.11907657235860825,0.5667194128036499,0.1827399581670761,0.6723522543907166,0.14998985826969147,0.6022973656654358,0.6830657124519348,0.4132002294063568,0.09617270529270172,0.6075088381767273,0.20496869087219238,0.7194225788116455
118,knee_pushup,0,0.7404858469963074,0.5038631558418274,-0.6052745580673218,0.9988831877708435,0.760927677154541,0.4997754991054535,-0.5919741988182068,0.998301088809967,0.7622049450874329,0.4986516833305359,-0.5921111702919006,0.9975177645683289,0.7634080052375793,0.4971925616264343,-0.5924628376960754,0.9987913966178894,0.7568230628967285,0.49920424818992615,-0.6673722267150879,0.9988439679145813,0.7550550699234009,0.498004674911499,-0.6675054430961609,0.9983755350112915,0.7531564831733704,0.49653327465057373,-0.6674938797950745,0.9986421465873718,0.7528074383735657,0.48197996616363525,-0.46278002858161926,0.9973289370536804,0.7379194498062134,0.4820621609687805,-0.8014369010925293,0.9969954490661621,0.7204872369766235,0.49984607100486755,-0.5423458218574524,0.9984452724456787,0.7163907289505005,0.4989634156227112,-0.6414139270782471,0.9982147216796875,0.7064862251281738,0.4694952666759491,-0.25284543633461,0.9997411966323853,0.5988608002662659,0.4639799892902374,-0.8469202518463135,0.9990019798278809,0.7509195804595947,0.545562207698822,-0.11102758347988129,0.8154807686805725,0.6137983202934265,0.5551427602767944,-0.9336620569229126,0.9806840419769287,0.8051919341087341,0.6140270829200745,-0.27612754702568054,0.87874835729599,0.6886911988258362,0.622845470905304,-0.9564634561538696,0.981906533241272,0.8419867157936096,0.6235969066619873,-0.3136903941631317,0.8522760272026062,0.7313506603240967,0.6300956010818481,-1.062814474105835,0.9684590101242065,0.8414903283119202,0.6242557168006897,-0.3995411694049835,0.8699641227722168,0.7458671927452087,0.6264866590499878,-1.041637897491455,0.9688195586204529,0.8215606212615967,0.6221023201942444,-0.3163088262081146,0.8683505654335022,0.7373652458190918,0.6235249042510986,-0.9507441520690918,0.9505985975265503,0.45184341073036194,0.5147300362586975,0.19860969483852386,0.9974768161773682,0.3700004816055298,0.5062249898910522,-0.19854995608329773,0.9969790577888489,0.3852261006832123,0.6075631976127625,0.20778128504753113,0.50945645570755,0.3200335204601288,0.6101481318473816,-0.287552148103714,0.9142305254936218,0.19897355139255524,0.586571216583252,0.6373084783554077,0.27754151821136475,0.14124326407909393,0.5828704237937927,0.14609266817569733,0.7443963885307312,0.1757706254720688,0.5690281987190247,0.682208240032196,0.2804899513721466,0.12038835138082504,0.5669121742248535,0.19221027195453644,0.6880162358283997,0.15625880658626556,0.6015065312385559,0.7143453359603882,0.41520702838897705,0.0970991924405098,0.6071832776069641,0.20884791016578674,0.7316610813140869
119,knee_pushup,0,0.7467789649963379,0.5033465027809143,-0.588562548160553,0.9989417195320129,0.7671471238136292,0.49913161993026733,-0.5741086006164551,0.9983536601066589,0.7683901786804199,0.498015433549881,-0.5742397308349609,0.9976271986961365,0.7695831656455994,0.4965825080871582,-0.5745959877967834,0.9988415837287903,0.763374924659729,0.498653382062912,-0.6464932560920715,0.9988871812820435,0.7617314457893372,0.4975197911262512,-0.646626889705658,0.9984517693519592,0.7599700093269348,0.4961096942424774,-0.6466018557548523,0.9986935257911682,0.7594515085220337,0.48159876465797424,-0.4418202340602875,0.9974761605262756,0.7453998327255249,0.48153144121170044,-0.767590343952179,0.997058629989624,0.7272777557373047,0.4995768964290619,-0.5247401595115662,0.9984438419342041,0.7229801416397095,0.49873191118240356,-0.6199020743370056,0.9982634782791138,0.7137622237205505,0.46941810846328735,-0.23920093476772308,0.9997358918190002,0.6053454875946045,0.46349042654037476,-0.8055061101913452,0.9988964200019836,0.7537292242050171,0.5458343029022217,-0.09750374406576157,0.8297238349914551,0.6149289011955261,0.5550200343132019,-0.8865232467651367,0.9821169972419739,0.8055704236030579,0.6145474910736084,-0.2555629312992096,0.8895552158355713,0.6883643865585327,0.6230937838554382,-0.9039379954338074,0.9832900762557983,0.8427948355674744,0.6238577961921692,-0.2928563952445984,0.8649709820747375,0.7312413454055786,0.6301009058952332,-1.005279779434204,0.9707111716270447,0.8443678021430969,0.624492883682251,-0.3777197301387787,0.8812065124511719,0.7454686760902405,0.6265075206756592,-0.9843399524688721,0.9710595011711121,0.8230670094490051,0.6224713325500488,-0.2947351038455963,0.8794311285018921,0.7368946075439453,0.6236017346382141,-0.8979218006134033,0.9536548256874084,0.4527522325515747,0.5154944062232971,0.1948269158601761,0.9969598054885864,0.3711946904659271,0.5070540904998779,-0.19471845030784607,0.996537983417511,0.38608095049858093,0.607987105846405,0.20045049488544464,0.5280340909957886,0.3184657394886017,0.6105525493621826,-0.28673821687698364,0.9186621308326721,0.20199821889400482,0.5864706635475159,0.6086252927780151,0.2934194505214691,0.14071249961853027,0.5828583836555481,0.12245316803455353,0.7622570395469666,0.17926906049251556,0.5690012574195862,0.6516575217247009,0.2942880392074585,0.12091413885354996,0.5666559934616089,0.1664029210805893,0.7051090002059937,0.15656529366970062,0.6012696623802185,0.6926903128623962,0.42448246479034424,0.09427425265312195,0.6073765158653259,0.19094271957874298,0.7463065981864929
120,knee_pushup,0,0.7492063641548157,0.5026853680610657,-0.6020076274871826,0.9989814162254333,0.7702045440673828,0.49840494990348816,-0.588160514831543,0.9983707666397095,0.7716634273529053,0.4973503649234772,-0.5882841348648071,0.9976868629455566,0.7731168270111084,0.4959851801395416,-0.5886391997337341,0.9988671541213989,0.7662487030029297,0.4979620575904846,-0.6604401469230652,0.9989110827445984,0.764652669429779,0.4969014525413513,-0.6605833172798157,0.9985020756721497,0.7629503011703491,0.4955555498600006,-0.6605719327926636,0.998724639415741,0.7642418742179871,0.48133546113967896,-0.4540708363056183,0.9975687265396118,0.7493131160736084,0.4810967743396759,-0.7785539031028748,0.997063159942627,0.7304419875144958,0.49919775128364563,-0.5375174283981323,0.9983994364738464,0.7258254289627075,0.4983752369880676,-0.6324915885925293,0.9982790946960449,0.7197436690330505,0.46934056282043457,-0.24948595464229584,0.9997187852859497,0.6086527705192566,0.4632268249988556,-0.8130061030387878,0.9987754225730896,0.7567561864852905,0.5458278656005859,-0.10429225862026215,0.8413037657737732,0.6156941652297974,0.5548647046089172,-0.8926929235458374,0.9833599925041199,0.8055127263069153,0.6145105957984924,-0.2573249340057373,0.8987852931022644,0.6881817579269409,0.6230836510658264,-0.9089458584785461,0.9844716191291809,0.8418522477149963,0.6238816380500793,-0.2936524450778961,0.8756937980651855,0.7309241890907288,0.6300655007362366,-1.0094963312149048,0.9726153016090393,0.8430028557777405,0.6245197653770447,-0.3781723380088806,0.8907231092453003,0.7451885342597961,0.626474916934967,-0.9899620413780212,0.9729578495025635,0.8225203156471252,0.6224782466888428,-0.29638153314590454,0.8887549638748169,0.7366043925285339,0.6235960721969604,-0.9034527540206909,0.9561738967895508,0.45668408274650574,0.515998125076294,0.1922364979982376,0.9964430332183838,0.37468165159225464,0.5075728893280029,-0.19211561977863312,0.996099054813385,0.38664695620536804,0.6080285906791687,0.19305573403835297,0.5469506978988647,0.3181059658527374,0.6105149388313293,-0.27815449237823486,0.9228323101997375,0.20811064541339874,0.5862330198287964,0.6181471943855286,0.30856794118881226,0.14087383449077606,0.5826653242111206,0.15842561423778534,0.7786117196083069,0.1860874891281128,0.5690315365791321,0.663469135761261,0.30776020884513855,0.1218068078160286,0.5661561489105225,0.20549552142620087,0.7204801440238953,0.1625554859638214,0.6009173393249512,0.7071061730384827,0.4346364140510559,0.09576666355133057,0.6072172522544861,0.23106272518634796,0.760163426399231
121,knee_pushup,0,0.7547814846038818,0.501916766166687,-0.6018258929252625,0.9990097284317017,0.7759783864021301,0.49757659435272217,-0.5862745642662048,0.9983646869659424,0.7776731848716736,0.4965546131134033,-0.5863968133926392,0.9977155923843384,0.7793246507644653,0.4952373802661896,-0.5867563486099243,0.9988758563995361,0.7717640399932861,0.49710625410079956,-0.6592729687690735,0.9989204406738281,0.7701794505119324,0.49604201316833496,-0.6594107151031494,0.9985333681106567,0.7684966325759888,0.4946880340576172,-0.6594008207321167,0.9987362027168274,0.7707005143165588,0.48073655366897583,-0.44708243012428284,0.9976140260696411,0.7550551295280457,0.4802975356578827,-0.7759099006652832,0.9970250725746155,0.736825168132782,0.4986186623573303,-0.5357462167739868,0.998328685760498,0.7319501042366028,0.4976741075515747,-0.6316030025482178,0.9982719421386719,0.725855827331543,0.46931418776512146,-0.23981671035289764,0.9997072219848633,0.6132329702377319,0.4625159800052643,-0.8114143013954163,0.9986663460731506,0.7588340640068054,0.5461713671684265,-0.09152400493621826,0.8523195385932922,0.616207480430603,0.5528787970542908,-0.895304262638092,0.9845184087753296,0.8054288625717163,0.6147100329399109,-0.2451733946800232,0.907356858253479,0.6880176663398743,0.6230766177177429,-0.9110217690467834,0.9855813384056091,0.8417640924453735,0.6240623593330383,-0.28089800477027893,0.8856617212295532,0.7306849360466003,0.6300630569458008,-1.0106592178344727,0.9744142889976501,0.842371940612793,0.6246465444564819,-0.36510440707206726,0.8995596766471863,0.7449340224266052,0.6264715790748596,-0.9911194443702698,0.9747501015663147,0.8221858143806458,0.6226574778556824,-0.2842007875442505,0.8974663615226746,0.7363309264183044,0.6235972046852112,-0.9052246809005737,0.9586053490638733,0.46093985438346863,0.5163431167602539,0.19179663062095642,0.995897114276886,0.3797702491283417,0.5073408484458923,-0.1916765719652176,0.9956272840499878,0.38773295283317566,0.6083291172981262,0.20099620521068573,0.5651850700378418,0.31820055842399597,0.6104819774627686,-0.2939583659172058,0.9268131852149963,0.20835846662521362,0.5861782431602478,0.6055260300636292,0.32787463068962097,0.14172080159187317,0.5826497673988342,0.10199800133705139,0.7945448160171509,0.1893087476491928,0.5692444443702698,0.6477630734443665,0.3231849670410156,0.12203967571258545,0.5661341547966003,0.14413559436798096,0.7350615859031677,0.16210536658763885,0.6006340980529785,0.6883029341697693,0.44807669520378113,0.0947035476565361,0.606926441192627,0.16274604201316833,0.7741777896881104
122,knee_pushup,0,0.7645639181137085,0.5005157589912415,-0.5984550714492798,0.9990024566650391,0.7854781150817871,0.4962853789329529,-0.5802186727523804,0.9982835054397583,0.787166178226471,0.49532008171081543,-0.5803452134132385,0.9976460337638855,0.7888354659080505,0.4940433204174042,-0.5807149410247803,0.9988332390785217,0.7810541391372681,0.4957086443901062,-0.6554140448570251,0.9988884925842285,0.779388427734375,0.49461010098457336,-0.6555456519126892,0.9985119700431824,0.7776643633842468,0.49321243166923523,-0.6555417776107788,0.9986979961395264,0.7807514667510986,0.47960835695266724,-0.43145790696144104,0.9975382089614868,0.765104353427887,0.478914737701416,-0.7710893750190735,0.9968661069869995,0.7480196952819824,0.4974114000797272,-0.5293165445327759,0.9981850385665894,0.7429487705230713,0.49632856249809265,-0.6280199289321899,0.9982031583786011,0.7373999953269958,0.46934178471565247,-0.21849624812602997,0.9996889233589172,0.6217843294143677,0.46003395318984985,-0.8110978007316589,0.9985339641571045,0.7629730105400085,0.5475273728370667,-0.06314787268638611,0.8615708351135254,0.6186890006065369,0.5506787896156311,-0.9006975293159485,0.985508143901825,0.8058938980102539,0.6157969236373901,-0.2117239236831665,0.9147084355354309,0.6879898905754089,0.6229689717292786,-0.9182828664779663,0.9865504503250122,0.8420732021331787,0.6247782111167908,-0.2440802901983261,0.8941173553466797,0.7311726808547974,0.6300367712974548,-1.018101453781128,0.9759964346885681,0.8424793481826782,0.6252719759941101,-0.328728049993515,0.9070667028427124,0.7450699210166931,0.6264520883560181,-0.9976865649223328,0.9763245582580566,0.8223390579223633,0.6233829855918884,-0.25096702575683594,0.9048566818237305,0.7365134954452515,0.6235910654067993,-0.9119102358818054,0.9606872200965881,0.4689266085624695,0.5169819593429565,0.191480353474617,0.9953974485397339,0.39006122946739197,0.5058186054229736,-0.19137702882289886,0.9950088262557983,0.38751867413520813,0.6084364056587219,0.1734863817691803,0.5841209292411804,0.3163146674633026,0.6094658970832825,-0.32976099848747253,0.9299944043159485,0.2044985294342041,0.5859797596931458,0.5903423428535461,0.347455769777298,0.14159321784973145,0.5827393531799316,0.0993473082780838,0.8078573346138,0.19058464467525482,0.5697339773178101,0.6338236927986145,0.3376977741718292,0.122369185090065,0.5664072632789612,0.14486156404018402,0.7459367513656616,0.1550740897655487,0.6004350781440735,0.66902095079422,0.4614977538585663,0.09222874790430069,0.606735348701477,0.15697893500328064,0.7851967215538025
123,knee_pushup,0,0.7745473980903625,0.4995836615562439,-0.6020591855049133,0.9989572763442993,0.7946991324424744,0.4955838620662689,-0.58412104845047,0.998099148273468,0.796513557434082,0.49465078115463257,-0.5842567682266235,0.9974451065063477,0.7983741760253906,0.49339282512664795,-0.584627628326416,0.9987226724624634,0.7900979518890381,0.49482882022857666,-0.66034996509552,0.9988004565238953,0.7884327173233032,0.4936337172985077,-0.6604821681976318,0.9984205961227417,0.7867470979690552,0.4921361804008484,-0.6604918837547302,0.9985883235931396,0.791679322719574,0.4785754978656769,-0.4318743348121643,0.9972785711288452,0.7754363417625427,0.477435439825058,-0.7767301797866821,0.9965195655822754,0.7588109374046326,0.49650490283966064,-0.5312104225158691,0.9979459643363953,0.7535628080368042,0.4951695203781128,-0.6313697099685669,0.9980424642562866,0.7509555220603943,0.469358891248703,-0.20870190858840942,0.9996775984764099,0.6313385367393494,0.4578239619731903,-0.8142566680908203,0.998400866985321,0.7679499387741089,0.5478668808937073,-0.039239946752786636,0.8701577186584473,0.6224510073661804,0.5502279996871948,-0.9022923111915588,0.9864041805267334,0.806695282459259,0.6158724427223206,-0.1798730492591858,0.9214703440666199,0.6880777478218079,0.6229426264762878,-0.9242267608642578,0.9874463677406311,0.8417267203330994,0.6253016591072083,-0.20940814912319183,0.9018600583076477,0.731325626373291,0.6300581693649292,-1.0249547958374023,0.9774808883666992,0.8421315550804138,0.6258581280708313,-0.29527851939201355,0.9139434695243835,0.7455178499221802,0.6265122294425964,-1.0058273077011108,0.9778025150299072,0.822277307510376,0.6237262487411499,-0.21931688487529755,0.9117089509963989,0.7371945977210999,0.6236569881439209,-0.918190598487854,0.9626641273498535,0.48050498962402344,0.5180484652519226,0.19185209274291992,0.99504154920578,0.40219828486442566,0.5053880214691162,-0.19178497791290283,0.9944126605987549,0.3882874846458435,0.6083997488021851,0.169788658618927,0.5999519228935242,0.31646665930747986,0.6089919209480286,-0.3502258360385895,0.932466983795166,0.20176678895950317,0.5859982371330261,0.5911867022514343,0.3650560975074768,0.1416228860616684,0.583091676235199,0.07935525476932526,0.8190817832946777,0.18730834126472473,0.5704120397567749,0.6348413825035095,0.35028573870658875,0.1224941611289978,0.5669054388999939,0.12459229677915573,0.7537976503372192,0.1470465064048767,0.6010564565658569,0.6641266942024231,0.47362154722213745,0.08879939466714859,0.6071667671203613,0.12911897897720337,0.7942076325416565
124,knee_pushup,0,0.7805778980255127,0.4988931715488434,-0.5777809619903564,0.9989758133888245,0.8007742762565613,0.494964063167572,-0.5584136843681335,0.9980803728103638,0.8025352954864502,0.49403104186058044,-0.5585445165634155,0.9974440336227417,0.804273247718811,0.4927648901939392,-0.5588974356651306,0.9987167716026306,0.796212375164032,0.49414876103401184,-0.6351578235626221,0.9988049268722534,0.794550895690918,0.4928909242153168,-0.6352847218513489,0.9984436631202698,0.7928508520126343,0.4913387596607208,-0.6352782845497131,0.9985982179641724,0.7975271344184875,0.47755375504493713,-0.40927064418792725,0.9972718358039856,0.7813825607299805,0.47642257809638977,-0.7546023726463318,0.9965094327926636,0.764556348323822,0.49555712938308716,-0.5082727670669556,0.9979088306427002,0.7593376636505127,0.4941995441913605,-0.6088752150535583,0.9980448484420776,0.7547076344490051,0.46904081106185913,-0.19259414076805115,0.9996761679649353,0.6365185379981995,0.4569438397884369,-0.7996911406517029,0.998385488986969,0.7704690098762512,0.5477931499481201,-0.020712319761514664,0.8779699206352234,0.6256869435310364,0.5498326420783997,-0.8879589438438416,0.987407922744751,0.8066044449806213,0.6158503890037537,-0.15629693865776062,0.9277395009994507,0.6880230903625488,0.6227672696113586,-0.9064567685127258,0.9884194731712341,0.8404198288917542,0.6252845525741577,-0.18571370840072632,0.9091377258300781,0.7312344312667847,0.6300564408302307,-1.0073606967926025,0.9791191220283508,0.8397099375724792,0.6258276104927063,-0.2710195481777191,0.9203910231590271,0.7453986406326294,0.6265154480934143,-0.9880847930908203,0.9794254302978516,0.8215526938438416,0.6236978769302368,-0.19525468349456787,0.9180451035499573,0.7370622754096985,0.6236638426780701,-0.9003409147262573,0.96507328748703,0.48527997732162476,0.5185359716415405,0.19196197390556335,0.9947574734687805,0.40612971782684326,0.50584876537323,-0.1918967068195343,0.994096040725708,0.38816285133361816,0.6083055734634399,0.19181886315345764,0.615894615650177,0.31614604592323303,0.6089891791343689,-0.31655430793762207,0.9355989694595337,0.2026871144771576,0.5859380960464478,0.5951809883117676,0.38397639989852905,0.14091868698596954,0.5832309722900391,0.10320036113262177,0.831176221370697,0.18775928020477295,0.570833146572113,0.6362514495849609,0.365628719329834,0.12248613685369492,0.5671746730804443,0.14729444682598114,0.7649023532867432,0.1521560251712799,0.6013096570968628,0.6717308759689331,0.4887065291404724,0.08973841369152069,0.6076425909996033,0.1616552323102951,0.8053910136222839
125,knee_pushup,0,0.7887458801269531,0.4981653094291687,-0.5685606002807617,0.9990139603614807,0.8098583817481995,0.4942108392715454,-0.5503165125846863,0.9981112480163574,0.81181800365448,0.4932856559753418,-0.5504540801048279,0.9974994659423828,0.813740611076355,0.4920295476913452,-0.5508081316947937,0.9987415671348572,0.8049694299697876,0.49332424998283386,-0.6257848143577576,0.9988373517990112,0.8032061457633972,0.49201732873916626,-0.6259211897850037,0.9984961152076721,0.8013615608215332,0.4904317557811737,-0.6259203553199768,0.9986381530761719,0.8064953088760376,0.47664007544517517,-0.40305352210998535,0.9973299503326416,0.7894172668457031,0.47536009550094604,-0.741443395614624,0.9965978264808655,0.7721876502037048,0.4947655498981476,-0.49924975633621216,0.9979539513587952,0.7667925953865051,0.49331438541412354,-0.5979106426239014,0.9981105327606201,0.7642867565155029,0.46873995661735535,-0.1911027729511261,0.9996817708015442,0.6440199017524719,0.45618635416030884,-0.7818021774291992,0.9983994364738464,0.7741401195526123,0.5475069284439087,-0.021972207352519035,0.8852359056472778,0.6278243660926819,0.5495855808258057,-0.8630648851394653,0.9883108139038086,0.8077727556228638,0.6158681511878967,-0.15257391333580017,0.9335072040557861,0.6888477802276611,0.6227105855941772,-0.8851691484451294,0.9892939329147339,0.8404940366744995,0.6252896189689636,-0.182807058095932,0.9158867597579956,0.7313566207885742,0.6300627589225769,-0.9847550988197327,0.9805959463119507,0.8396849036216736,0.6258274912834167,-0.26679569482803345,0.9263702630996704,0.745344877243042,0.6265661120414734,-0.9677973985671997,0.9808924794197083,0.821557879447937,0.6237058639526367,-0.1908668577671051,0.923954963684082,0.7371675372123718,0.6237456202507019,-0.8799290060997009,0.9672877192497253,0.49142879247665405,0.5198739171028137,0.19033044576644897,0.994608461856842,0.41245904564857483,0.5059833526611328,-0.1902472972869873,0.9939475655555725,0.3880544602870941,0.6076253652572632,0.18629002571105957,0.6317427754402161,0.3142346143722534,0.6089747548103333,-0.3090282380580902,0.9381999969482422,0.20314964652061462,0.5861047506332397,0.5827460289001465,0.4001169502735138,0.13940176367759705,0.5838276743888855,0.1106484979391098,0.8411367535591125,0.1877080351114273,0.5712652206420898,0.6238227486610413,0.3782343566417694,0.12236466258764267,0.5680912137031555,0.1548931896686554,0.7738117575645447,0.14911343157291412,0.6013568639755249,0.660361647605896,0.5011102557182312,0.08884592354297638,0.6082578301429749,0.16983233392238617,0.8143218755722046
126,knee_pushup,0,0.7962712645530701,0.4979604184627533,-0.5642554759979248,0.9990571737289429,0.8176296949386597,0.4940406382083893,-0.5447946786880493,0.9981616735458374,0.8195934891700745,0.4931282699108124,-0.5449330806732178,0.9975749254226685,0.8215003609657288,0.4918733537197113,-0.5452984571456909,0.9987781047821045,0.8125343322753906,0.4931040406227112,-0.6204699873924255,0.9988804459571838,0.8106817007064819,0.4917828440666199,-0.6206019520759583,0.9985605478286743,0.8087378740310669,0.490182101726532,-0.6205976009368896,0.9986929893493652,0.8134585022926331,0.4762478470802307,-0.39608362317085266,0.9974185228347778,0.7962678670883179,0.47491806745529175,-0.7354545593261719,0.996726393699646,0.7794956564903259,0.49452248215675354,-0.49508339166641235,0.9980192184448242,0.7738482356071472,0.4930928349494934,-0.5939506888389587,0.9981933236122131,0.7690023183822632,0.46849334239959717,-0.18821001052856445,0.9996818900108337,0.6492465138435364,0.455899178981781,-0.7782341837882996,0.9984070062637329,0.7769760489463806,0.5463237166404724,-0.01622021198272705,0.8912814855575562,0.6297178864479065,0.5496116876602173,-0.8573440909385681,0.9891121983528137,0.8089786767959595,0.6156554222106934,-0.1389061063528061,0.9384280443191528,0.691314697265625,0.6227091550827026,-0.8797895312309265,0.9900622367858887,0.8402257561683655,0.6251451373100281,-0.16930179297924042,0.9215682148933411,0.7334640026092529,0.6301066875457764,-0.9801098108291626,0.9818890690803528,0.8380274176597595,0.6256212592124939,-0.25238779187202454,0.9314155578613281,0.7466151714324951,0.6266106963157654,-0.9640451669692993,0.9821792244911194,0.821406364440918,0.6234174370765686,-0.17689068615436554,0.9288877844810486,0.7381775379180908,0.6237786412239075,-0.8750962018966675,0.969226598739624,0.49618035554885864,0.5208465456962585,0.18861009180545807,0.9944481253623962,0.41644760966300964,0.5066320300102234,-0.18850794434547424,0.9937886595726013,0.3865712881088257,0.6075828075408936,0.17773254215717316,0.6469241380691528,0.3141593635082245,0.6089734435081482,-0.2990446984767914,0.9404364824295044,0.2044200450181961,0.5861505270004272,0.5820490121841431,0.41299188137054443,0.13956420123577118,0.5839969515800476,0.13517780601978302,0.849733293056488,0.1884227842092514,0.5716110467910767,0.6243096590042114,0.3886376917362213,0.12593963742256165,0.5690147280693054,0.1811819076538086,0.7819575667381287,0.15164294838905334,0.6012865304946899,0.6597719192504883,0.5105137825012207,0.09219726175069809,0.6081560254096985,0.19522729516029358,0.8216562867164612
130,knee_pushup,1,0.8212104439735413,0.49489620327949524,-0.5261031985282898,0.9993162155151367,0.8436835408210754,0.49016767740249634,-0.5093851685523987,0.9986371994018555,0.846364438533783,0.4892515242099762,-0.509491503238678,0.9982043504714966,0.8488262891769409,0.48795148730278015,-0.5097927451133728,0.9990941286087036,0.8364077210426331,0.4888845980167389,-0.5811758637428284,0.9991849660873413,0.8338727951049805,0.48731085658073425,-0.5813195705413818,0.9989588260650635,0.8314610719680786,0.48556920886039734,-0.5813008546829224,0.9990538358688354,0.8411142230033875,0.47214147448539734,-0.373575896024704,0.9981025457382202,0.8197771906852722,0.47069138288497925,-0.6948341131210327,0.9976459741592407,0.8055626749992371,0.49200475215911865,-0.4621463716030121,0.9985489845275879,0.7978476285934448,0.4904857277870178,-0.5555007457733154,0.9987050294876099,0.7920337319374084,0.4682738780975342,-0.1720428466796875,0.9997209310531616,0.6710547804832458,0.45617347955703735,-0.7394922971725464,0.9986588358879089,0.7843543291091919,0.5467225909233093,-0.007917935028672218,0.9123098254203796,0.6402498483657837,0.549130916595459,-0.7991332411766052,0.9917776584625244,0.815455436706543,0.6163561940193176,-0.1129613146185875,0.9549952149391174,0.6932216286659241,0.6226389408111572,-0.8117966055870056,0.9924870729446411,0.8458725810050964,0.6249057054519653,-0.14180099964141846,0.940856397151947,0.7335444092750549,0.6305176615715027,-0.9032158851623535,0.9859476685523987,0.8430525064468384,0.6253346800804138,-0.2212553769350052,0.9485318064689636,0.745343029499054,0.6269524693489075,-0.892634391784668,0.9862316250801086,0.8263876438140869,0.6233218312263489,-0.14927785098552704,0.9457508325576782,0.7373098134994507,0.6241652965545654,-0.8085615634918213,0.9756458401679993,0.5138994455337524,0.5278828144073486,0.16966016590595245,0.994771420955658,0.4412302076816559,0.5158483982086182,-0.16954384744167328,0.9945496916770935,0.3910537362098694,0.6025203466415405,0.19126497209072113,0.6899367570877075,0.33718693256378174,0.6058201789855957,-0.2769252359867096,0.9481038451194763,0.19659875333309174,0.5834780335426331,0.49450039863586426,0.48023736476898193,0.13654901087284088,0.5848705172538757,0.03897920250892639,0.8820110559463501,0.17439503967761993,0.5677615404129028,0.5232987403869629,0.4425980746746063,0.12432391196489334,0.5710102319717407,0.07099781930446625,0.8163315653800964,0.1491362750530243,0.5998716354370117,0.548780620098114,0.5606309175491333,0.09255380928516388,0.6091973781585693,0.08111178874969482,0.8535810708999634
131,knee_pushup,1,0.8298336863517761,0.4941125214099884,-0.5284246802330017,0.9993703961372375,0.8531761765480042,0.48929092288017273,-0.5121737718582153,0.9987360239028931,0.8555872440338135,0.48837029933929443,-0.5122871398925781,0.9983329176902771,0.8578326106071472,0.48703691363334656,-0.5125886797904968,0.9991586804389954,0.8461976647377014,0.4879644513130188,-0.5849283337593079,0.9992480278015137,0.8436821699142456,0.48635753989219666,-0.5850619673728943,0.999040961265564,0.841222882270813,0.484576553106308,-0.5850459933280945,0.9991289377212524,0.8496510982513428,0.4705653190612793,-0.3762558400630951,0.9982371926307678,0.8291590809822083,0.46937671303749084,-0.702289342880249,0.9978387951850891,0.8130652904510498,0.49139541387557983,-0.4640694260597229,0.998659074306488,0.8047654032707214,0.48989933729171753,-0.5587827563285828,0.9988117814064026,0.7982531785964966,0.4680875539779663,-0.171261265873909,0.9997338652610779,0.6770396828651428,0.45602288842201233,-0.7463770508766174,0.9987427592277527,0.7869402766227722,0.5468826293945312,-0.010690875351428986,0.9158129692077637,0.6444717645645142,0.5486317276954651,-0.8083144426345825,0.9923018217086792,0.8226958513259888,0.6166911125183105,-0.12668615579605103,0.9580487012863159,0.6947472095489502,0.622596263885498,-0.8220698237419128,0.9929589033126831,0.8570559620857239,0.6249051690101624,-0.15849241614341736,0.9444136619567871,0.734165608882904,0.6306800842285156,-0.9153105020523071,0.9867475628852844,0.8573482036590576,0.6253270506858826,-0.2386298030614853,0.9517027735710144,0.7460400462150574,0.6270323991775513,-0.9046698808670044,0.9870245456695557,0.8374446034431458,0.6233333349227905,-0.16391916573047638,0.9488468170166016,0.7385086417198181,0.6241827607154846,-0.818916916847229,0.9768818020820618,0.5195558071136475,0.5292327404022217,0.1706782430410385,0.9949804544448853,0.4467359483242035,0.5173521637916565,-0.17056258022785187,0.9948197603225708,0.3956483006477356,0.6020616888999939,0.20599716901779175,0.6945896744728088,0.3411797285079956,0.6057392358779907,-0.2724631428718567,0.9494391083717346,0.19003881514072418,0.5825479626655579,0.5073485374450684,0.4955352246761322,0.13674049079418182,0.584921658039093,0.03726924583315849,0.889277994632721,0.16644728183746338,0.5670493245124817,0.5361688733100891,0.4565736949443817,0.12410187721252441,0.5713945031166077,0.06714439392089844,0.8246296048164368,0.14972606301307678,0.5999009013175964,0.5504550337791443,0.5733190774917603,0.09478457272052765,0.6096386909484863,0.06132758408784866,0.8613070845603943
132,knee_pushup,1,0.836381733417511,0.4936560094356537,-0.5375707149505615,0.999413788318634,0.8595612049102783,0.4887545704841614,-0.5214046239852905,0.9988134503364563,0.8618077635765076,0.48779356479644775,-0.5215179324150085,0.9984336495399475,0.8638913035392761,0.4863991439342499,-0.5218231678009033,0.9992089867591858,0.8524622321128845,0.487447589635849,-0.5946704149246216,0.9992991089820862,0.8497331142425537,0.4858373999595642,-0.5948034524917603,0.9991087913513184,0.8470597863197327,0.4840409457683563,-0.594790518283844,0.9991913437843323,0.854449987411499,0.46961939334869385,-0.3855803310871124,0.9983446598052979,0.8339954018592834,0.46876510977745056,-0.7130054831504822,0.998003363609314,0.8189774751663208,0.4910248816013336,-0.47312116622924805,0.9987463355064392,0.810030460357666,0.48960191011428833,-0.5685011744499207,0.9988997578620911,0.8007591962814331,0.4678327143192291,-0.17722360789775848,0.9997415542602539,0.6802400946617126,0.4560699462890625,-0.7540073990821838,0.9988139867782593,0.7867555618286133,0.5469838380813599,-0.011423586867749691,0.9172576069831848,0.6506341099739075,0.5494174361228943,-0.8202531933784485,0.9927775263786316,0.8221175074577332,0.616683304309845,-0.12308671325445175,0.9603611826896667,0.6962156295776367,0.6227733492851257,-0.8338193893432617,0.9933956265449524,0.8560434579849243,0.6246110200881958,-0.15365782380104065,0.9470254778862,0.7365597486495972,0.6310164928436279,-0.9289959073066711,0.9874906539916992,0.8560174107551575,0.6251070499420166,-0.23475587368011475,0.9540504217147827,0.747620165348053,0.6272241473197937,-0.9174264669418335,0.9877606630325317,0.8360100388526917,0.6232200860977173,-0.160531684756279,0.9510313868522644,0.7397180795669556,0.6242892146110535,-0.8306021690368652,0.9780296683311462,0.5221885442733765,0.5296840071678162,0.17229409515857697,0.9951393604278564,0.4506126046180725,0.519079327583313,-0.17223170399665833,0.9950636029243469,0.3966556489467621,0.601129412651062,0.26367804408073425,0.7001712322235107,0.34041959047317505,0.6057461500167847,-0.23303596675395966,0.9512103796005249,0.1894565373659134,0.5818712115287781,0.5454213619232178,0.5133445858955383,0.1367655098438263,0.585132896900177,0.0660836398601532,0.8966765403747559,0.1665012538433075,0.5667312145233154,0.5631610155105591,0.47261106967926025,0.12401372939348221,0.5713453888893127,0.09901408106088638,0.8335399627685547,0.14919748902320862,0.6004993319511414,0.5774109363555908,0.5881057977676392,0.09202329814434052,0.6098731756210327,0.0900823101401329,0.8692975640296936
133,knee_pushup,1,0.8401578664779663,0.49314984679222107,-0.5326822996139526,0.9994440078735352,0.8632665276527405,0.48826250433921814,-0.5163371562957764,0.9988651275634766,0.8654072284698486,0.4872547686100006,-0.5164459943771362,0.9984985589981079,0.8673568367958069,0.48580989241600037,-0.5167405009269714,0.9992427825927734,0.8563792705535889,0.487055242061615,-0.5907976031303406,0.9993351101875305,0.8537580370903015,0.48548081517219543,-0.5909238457679749,0.9991579651832581,0.8512014150619507,0.48371127247810364,-0.5909114480018616,0.9992377161979675,0.8576406240463257,0.468925803899765,-0.38319283723831177,0.9984138011932373,0.8379772305488586,0.46831685304641724,-0.7156947255134583,0.998129665851593,0.8225643038749695,0.4904315173625946,-0.4694880545139313,0.9988100528717041,0.8143270611763,0.489227831363678,-0.5662936568260193,0.9989692568778992,0.8023452162742615,0.4677254259586334,-0.1766710728406906,0.9997428059577942,0.6846200823783875,0.4559725522994995,-0.7592085599899292,0.998865008354187,0.7877101302146912,0.547185480594635,-0.004367031157016754,0.9158602952957153,0.6521516442298889,0.5487220883369446,-0.8201582431793213,0.9931604862213135,0.8205178380012512,0.6166648864746094,-0.1085071861743927,0.9619646668434143,0.6962687969207764,0.6229398250579834,-0.825519323348999,0.9937663078308105,0.8526943922042847,0.6246058344841003,-0.13829399645328522,0.9487792253494263,0.7364417910575867,0.6314988732337952,-0.9201369285583496,0.9881289601325989,0.8527764081954956,0.6251029968261719,-0.21784214675426483,0.9556690454483032,0.7475936412811279,0.6276328563690186,-0.9078535437583923,0.9883903861045837,0.8344687223434448,0.6232309937477112,-0.1453666239976883,0.9524060487747192,0.7396842837333679,0.6246272325515747,-0.8219656944274902,0.9789993166923523,0.5225481986999512,0.5314881205558777,0.1724509447813034,0.9952743053436279,0.4528067708015442,0.5200587511062622,-0.17242778837680817,0.9952506422996521,0.39817267656326294,0.6012229919433594,0.28441131114959717,0.6964501142501831,0.34009823203086853,0.6053431034088135,-0.15307682752609253,0.9505625367164612,0.19066044688224792,0.5818876624107361,0.5871208906173706,0.5212174654006958,0.13785387575626373,0.5851086974143982,0.1604062020778656,0.9024074077606201,0.16727274656295776,0.5667764544487,0.6126271486282349,0.48255544900894165,0.12467636168003082,0.5713012218475342,0.19063636660575867,0.8409283757209778,0.14952659606933594,0.6019138097763062,0.6117978096008301,0.5969527363777161,0.10483673214912415,0.6101613640785217,0.16569025814533234,0.8758763670921326
134,knee_pushup,1,0.8452795743942261,0.49264514446258545,-0.5229124426841736,0.9994801878929138,0.8688588738441467,0.4876307547092438,-0.5050948262214661,0.9989287257194519,0.8706018924713135,0.4865739047527313,-0.5051854848861694,0.9985778331756592,0.8722456693649292,0.48507145047187805,-0.5054407715797424,0.999281108379364,0.863254725933075,0.48651742935180664,-0.5807401537895203,0.9993780255317688,0.8610203862190247,0.4849679172039032,-0.5808603763580322,0.9992149472236633,0.8586827516555786,0.4831881523132324,-0.5808449387550354,0.9992901682853699,0.8617097735404968,0.46745240688323975,-0.36798062920570374,0.9984955787658691,0.8449373841285706,0.4672146141529083,-0.7074053883552551,0.9982684850692749,0.8256093263626099,0.48994356393814087,-0.45870721340179443,0.9988798499107361,0.8181697130203247,0.48887357115745544,-0.5571578145027161,0.9990401864051819,0.8044002056121826,0.46699225902557373,-0.15383051335811615,0.9997459650039673,0.6869202256202698,0.4558264911174774,-0.7589172720909119,0.9989243149757385,0.7877930402755737,0.5466280579566956,0.034525930881500244,0.9145496487617493,0.6533197164535522,0.5474657416343689,-0.8133013844490051,0.993556797504425,0.8119754195213318,0.6153852343559265,-0.05967782810330391,0.9633378386497498,0.69617760181427,0.6228649020195007,-0.8150526285171509,0.994138240814209,0.8427664637565613,0.6236182451248169,-0.08542896062135696,0.9501968026161194,0.735532283782959,0.6314789652824402,-0.9089545607566833,0.9887732863426208,0.8417945504188538,0.624434232711792,-0.16605503857135773,0.9569969773292542,0.7463451027870178,0.6276302337646484,-0.8969144225120544,0.9890261292457581,0.825712263584137,0.6225078105926514,-0.0963725671172142,0.9534810185432434,0.7384627461433411,0.6246124505996704,-0.8112030625343323,0.9800012707710266,0.522373616695404,0.5327972173690796,0.17555449903011322,0.9954408407211304,0.4565553367137909,0.5215634703636169,-0.17560048401355743,0.9954548478126526,0.39553332328796387,0.6012939214706421,0.2850889563560486,0.6993348598480225,0.339629203081131,0.6054771542549133,-0.1661587506532669,0.9516370296478271,0.189422145485878,0.5819013118743896,0.5946703553199768,0.5373744368553162,0.1375538408756256,0.585133969783783,0.15897198021411896,0.9091166257858276,0.1662028431892395,0.5668538808822632,0.622113823890686,0.5004058480262756,0.12428446114063263,0.5712653398513794,0.19006791710853577,0.8500011563301086,0.1430325210094452,0.6043320894241333,0.6124540567398071,0.6119544506072998,0.09449461847543716,0.6103023886680603,0.16470567882061005,0.8836470246315002
135,knee_pushup,1,0.8474649786949158,0.4922170341014862,-0.5030881762504578,0.9995172023773193,0.8712308406829834,0.48703983426094055,-0.4842161536216736,0.9989954829216003,0.8729029893875122,0.48598647117614746,-0.48431044816970825,0.9986620545387268,0.8744760751724243,0.48449841141700745,-0.4845449924468994,0.9993233680725098,0.8657891154289246,0.48589932918548584,-0.5616064071655273,0.9994210600852966,0.8636068105697632,0.4843243360519409,-0.5617217421531677,0.9992705583572388,0.8612781167030334,0.48249465227127075,-0.5617104768753052,0.9993411302566528,0.8634998798370361,0.4665834903717041,-0.3448481261730194,0.9985815286636353,0.8470669984817505,0.4660601317882538,-0.6928132772445679,0.998399019241333,0.8272899985313416,0.48955631256103516,-0.4381311237812042,0.9989539980888367,0.8200326561927795,0.4884387254714966,-0.5390087962150574,0.9991094470024109,0.8055315017700195,0.4665043354034424,-0.13016840815544128,0.9997565150260925,0.6881800889968872,0.4555266499519348,-0.7509570717811584,0.9989877343177795,0.7881235480308533,0.5460293889045715,0.057529497891664505,0.9153572916984558,0.6540903449058533,0.5464915037155151,-0.8040614128112793,0.9939465522766113,0.8086599111557007,0.6149373054504395,-0.0502699539065361,0.965286910533905,0.6960536241531372,0.6228423118591309,-0.809688150882721,0.994529128074646,0.8377281427383423,0.6234068274497986,-0.07688775658607483,0.9525349736213684,0.7355005741119385,0.6314789056777954,-0.9044328331947327,0.9894710183143616,0.8377187848091125,0.6242346167564392,-0.15904709696769714,0.9590970277786255,0.7456718683242798,0.6276782155036926,-0.8918946981430054,0.9897125363349915,0.8232765197753906,0.6222671866416931,-0.08761332184076309,0.955489993095398,0.7377713918685913,0.6246474981307983,-0.8053839206695557,0.9811105132102966,0.5235635042190552,0.5344345569610596,0.18148621916770935,0.9956333637237549,0.4594898223876953,0.5229970216751099,-0.18155069649219513,0.9956529140472412,0.3954944610595703,0.6015180349349976,0.27122482657432556,0.7018516659736633,0.33935368061065674,0.606317937374115,-0.1923484057188034,0.9525290727615356,0.1860303431749344,0.5816521644592285,0.5793688893318176,0.5516499280929565,0.1366514265537262,0.5856289863586426,0.1406627893447876,0.9150832295417786,0.16569826006889343,0.5667946934700012,0.6035688519477844,0.5163423418998718,0.12401264905929565,0.5715996623039246,0.16640175879001617,0.8577889800071716,0.13430745899677277,0.6044407486915588,0.5943573713302612,0.62559574842453,0.08469560742378235,0.6102997064590454,0.13268479704856873,0.8906319737434387
136,knee_pushup,1,0.8505504727363586,0.49145057797431946,-0.5119108557701111,0.9995481967926025,0.874371349811554,0.4861077070236206,-0.4950488805770874,0.9990506768226624,0.8759880661964417,0.48505547642707825,-0.49513399600982666,0.9987305998802185,0.8775611519813538,0.48356717824935913,-0.49536675214767456,0.9993571639060974,0.8692817091941833,0.4849441349506378,-0.5714265704154968,0.9994574189186096,0.867293655872345,0.48334476351737976,-0.5715368986129761,0.9993178844451904,0.8651559948921204,0.4814528226852417,-0.5715245604515076,0.999384343624115,0.8667862415313721,0.46525612473487854,-0.35791006684303284,0.9986510872840881,0.8513577580451965,0.4644405245780945,-0.7004281878471375,0.9985154271125793,0.8297618627548218,0.4889283776283264,-0.44703027606010437,0.9990188479423523,0.8229560256004333,0.4878025949001312,-0.5466835498809814,0.9991711378097534,0.8074334263801575,0.4649529755115509,-0.1417599767446518,0.9997676610946655,0.690794050693512,0.4552137553691864,-0.754221498966217,0.9990529417991638,0.7888760566711426,0.544018566608429,0.051005687564611435,0.914799690246582,0.6543814539909363,0.5450516939163208,-0.8068417906761169,0.9942929744720459,0.8012582659721375,0.6124919652938843,-0.053217142820358276,0.9668771028518677,0.6929453611373901,0.6228532791137695,-0.8137080669403076,0.9948619604110718,0.8258302807807922,0.6231392025947571,-0.08009091019630432,0.9543669819831848,0.7292313575744629,0.6315802335739136,-0.90790194272995,0.9900646209716797,0.8238231539726257,0.6240377426147461,-0.1619284301996231,0.9607706665992737,0.7387948632240295,0.6278980374336243,-0.8967456817626953,0.9902974963188171,0.811366081237793,0.6215210556983948,-0.09009889513254166,0.9569903016090393,0.7301245331764221,0.624809980392456,-0.809783935546875,0.982044517993927,0.5237263441085815,0.5352526307106018,0.1823200136423111,0.9958334565162659,0.46303677558898926,0.5253023505210876,-0.18239863216876984,0.9958703517913818,0.3942503333091736,0.6014148592948914,0.33199307322502136,0.7012959122657776,0.33867642283439636,0.6063220500946045,-0.12416191399097443,0.9529111385345459,0.18449221551418304,0.5819520354270935,0.6196614503860474,0.565928041934967,0.1367034763097763,0.586597204208374,0.18259769678115845,0.9205798506736755,0.1637052744626999,0.5669766664505005,0.6445538997650146,0.5343229174613953,0.12398335337638855,0.5724806785583496,0.21021859347820282,0.8661128878593445,0.13448582589626312,0.6058052778244019,0.6249380111694336,0.6393899321556091,0.0853697881102562,0.6112751960754395,0.17162522673606873,0.8971977829933167
137,knee_pushup,1,0.8521632552146912,0.49121370911598206,-0.5343992710113525,0.9995782971382141,0.8768423795700073,0.4858342409133911,-0.5215604901313782,0.9991046786308289,0.8785090446472168,0.4848054349422455,-0.521593451499939,0.9987986087799072,0.8801255226135254,0.483366459608078,-0.5217556953430176,0.9993909001350403,0.8716728687286377,0.48451265692710876,-0.5977123379707336,0.9994926452636719,0.8697763085365295,0.4828369617462158,-0.5978273153305054,0.9993638396263123,0.8676820993423462,0.4808271825313568,-0.5978162884712219,0.9994258880615234,0.8696193099021912,0.4647403359413147,-0.3881259560585022,0.9987208843231201,0.8538017868995667,0.4629330039024353,-0.7301189303398132,0.9986273050308228,0.8312037587165833,0.48881974816322327,-0.46909359097480774,0.9990807771682739,0.8247038125991821,0.48751863837242126,-0.5684028267860413,0.9992296099662781,0.8108997344970703,0.46479615569114685,-0.1571546345949173,0.9997762441635132,0.691855788230896,0.45507827401161194,-0.7711247801780701,0.9991105198860168,0.7907147407531738,0.5436383485794067,0.033845942467451096,0.9143709540367126,0.6547967195510864,0.5446665287017822,-0.8085001111030579,0.9946233034133911,0.8013375401496887,0.6122841238975525,-0.06831525266170502,0.9683207273483276,0.6914069652557373,0.6229173541069031,-0.8185160160064697,0.995151162147522,0.8255330324172974,0.6231675744056702,-0.09570808708667755,0.9559586644172668,0.7260271906852722,0.6318528652191162,-0.9135830998420715,0.9905709028244019,0.8211956024169922,0.6241385340690613,-0.17728877067565918,0.9622459411621094,0.7359089255332947,0.6283251047134399,-0.9006446599960327,0.9907990097999573,0.8084103465080261,0.6215317845344543,-0.10501221567392349,0.9583120942115784,0.727583110332489,0.625261664390564,-0.8143009543418884,0.9828502535820007,0.5250394940376282,0.5372722148895264,0.18212208151817322,0.9960165023803711,0.46531933546066284,0.5277319550514221,-0.1822158247232437,0.9960821270942688,0.3900497555732727,0.6000516414642334,0.36200886964797974,0.7009301781654358,0.3381987512111664,0.6062976121902466,-0.07915787398815155,0.9534347057342529,0.18336698412895203,0.5820698738098145,0.6535241603851318,0.5809659361839294,0.13734883069992065,0.5875818729400635,0.21829932928085327,0.9259448647499084,0.16060292720794678,0.5670248866081238,0.6794602274894714,0.5521436929702759,0.12363434582948685,0.5734403133392334,0.24523228406906128,0.8742957711219788,0.1350461095571518,0.6066083908081055,0.6580249667167664,0.6541085243225098,0.08599000424146652,0.6120248436927795,0.20246416330337524,0.9037374258041382
138,knee_pushup,1,0.8527857661247253,0.49100446701049805,-0.53657066822052,0.9996029138565063,0.8781753182411194,0.485660195350647,-0.5243072509765625,0.9991456866264343,0.8800269365310669,0.48461979627609253,-0.5243370532989502,0.9988495111465454,0.8817465305328369,0.48318007588386536,-0.524497926235199,0.9994164705276489,0.8725124001502991,0.48429784178733826,-0.6004404425621033,0.9995198249816895,0.8706288933753967,0.4825989902019501,-0.6005502939224243,0.9993996024131775,0.8685875535011292,0.48056313395500183,-0.6005390882492065,0.9994580149650574,0.8717327117919922,0.46428075432777405,-0.3929603099822998,0.9987746477127075,0.854822039604187,0.4622931480407715,-0.7348025441169739,0.9987177848815918,0.8321990966796875,0.48853233456611633,-0.4720638692378998,0.999139130115509,0.8257054090499878,0.4871425926685333,-0.5714613199234009,0.9992812871932983,0.8139880895614624,0.46376991271972656,-0.16737677156925201,0.9997867345809937,0.6939844489097595,0.4548362195491791,-0.7752392292022705,0.9991631507873535,0.7931796312332153,0.5430582761764526,0.027283670380711555,0.9154441356658936,0.6558385491371155,0.543989896774292,-0.8117849230766296,0.994916558265686,0.8018082976341248,0.6123875379562378,-0.06594587117433548,0.9697408676147461,0.6911925673484802,0.6231167912483215,-0.8208795785903931,0.9954186081886292,0.8270014524459839,0.6233556270599365,-0.09173724800348282,0.9575284123420715,0.7255924940109253,0.6319819688796997,-0.9147519469261169,0.9910419583320618,0.8229255080223083,0.6242687106132507,-0.17224061489105225,0.9636896252632141,0.7357092499732971,0.6286470293998718,-0.9036362767219543,0.9912645220756531,0.8097034096717834,0.6215929388999939,-0.10181339085102081,0.9596796035766602,0.727720320224762,0.6257556080818176,-0.8170151710510254,0.9836103320121765,0.5296674966812134,0.5378862619400024,0.18084554374217987,0.9961950182914734,0.4698769450187683,0.5281979441642761,-0.1809360235929489,0.996254563331604,0.39084944128990173,0.5996552109718323,0.32714319229125977,0.6940067410469055,0.3418760895729065,0.6057068705558777,-0.109003446996212,0.9506210088729858,0.1836976706981659,0.582280695438385,0.6319509148597717,0.5832340717315674,0.1442260444164276,0.5878482460975647,0.20715807378292084,0.9284204244613647,0.16072332859039307,0.5670610070228577,0.6599525213241577,0.558743953704834,0.12723812460899353,0.5734722018241882,0.23617440462112427,0.879041314125061,0.13279519975185394,0.6063412427902222,0.6544974446296692,0.6570194959640503,0.09069929271936417,0.611971378326416,0.19536010921001434,0.906730055809021
139,knee_pushup,1,0.8516613841056824,0.49054673314094543,-0.5377851724624634,0.9996305108070374,0.8775870203971863,0.4851868748664856,-0.5254459977149963,0.9991956353187561,0.8795807361602783,0.4841144382953644,-0.5254697799682617,0.9989138841629028,0.8814326524734497,0.48265931010246277,-0.525621235370636,0.9994492530822754,0.8721126317977905,0.48387229442596436,-0.6020542979240417,0.9995513558387756,0.8704515099525452,0.482168585062027,-0.6021703481674194,0.9994402527809143,0.8686816096305847,0.4801254868507385,-0.6021590828895569,0.9994944930076599,0.8724486827850342,0.4640183448791504,-0.3944840431213379,0.9988417625427246,0.8558320999145508,0.46191850304603577,-0.7392571568489075,0.9988122582435608,0.8313533067703247,0.4880034923553467,-0.47378143668174744,0.9992016553878784,0.8253729939460754,0.4866073727607727,-0.5740366578102112,0.9993352293968201,0.8138310313224792,0.4636949896812439,-0.17210178077220917,0.9997982978820801,0.6948806047439575,0.45470380783081055,-0.7802966237068176,0.9992187023162842,0.7932006120681763,0.5430005192756653,0.027349799871444702,0.9177101850509644,0.6556766629219055,0.5439038276672363,-0.813618540763855,0.9952303171157837,0.8021185398101807,0.6121053099632263,-0.06311576068401337,0.9714034795761108,0.6915635466575623,0.6233593821525574,-0.8227429389953613,0.9957019090652466,0.8278771638870239,0.623370885848999,-0.08906479179859161,0.9594752788543701,0.7257099151611328,0.6320502161979675,-0.9168040752410889,0.991543173789978,0.8240346908569336,0.6242587566375732,-0.1696764975786209,0.9654372930526733,0.735957682132721,0.6288514733314514,-0.9055361151695251,0.9917581081390381,0.8105877041816711,0.6215149760246277,-0.09884705394506454,0.9614090323448181,0.7279040217399597,0.6260129809379578,-0.8189525604248047,0.9844384789466858,0.5306465029716492,0.5393355488777161,0.1807013899087906,0.9963735938072205,0.4713403880596161,0.5304752588272095,-0.1807909905910492,0.9964419007301331,0.3929900825023651,0.5993208289146423,0.332917720079422,0.6904653310775757,0.34437423944473267,0.6056719422340393,-0.10590729117393494,0.9491650462150574,0.18388043344020844,0.5822369456291199,0.6480141878128052,0.5879948735237122,0.14709262549877167,0.5878996253013611,0.21632054448127747,0.9315369725227356,0.16053126752376556,0.5668520331382751,0.6770371794700623,0.5666900873184204,0.12785020470619202,0.5736159086227417,0.24570351839065552,0.8844059705734253,0.13322794437408447,0.6048594117164612,0.6615252494812012,0.6630904674530029,0.09391681104898453,0.6114130616188049,0.20235206186771393,0.9107109904289246
140,knee_pushup,1,0.8509531021118164,0.49011722207069397,-0.5293538570404053,0.9996548295021057,0.8770467638969421,0.4849099814891815,-0.5178355574607849,0.9992379546165466,0.8790865540504456,0.48384904861450195,-0.5178477764129639,0.9989688396453857,0.8810572624206543,0.48241257667541504,-0.5179782509803772,0.9994769096374512,0.8719872832298279,0.48360851407051086,-0.5931861996650696,0.9995787143707275,0.870580792427063,0.4819161891937256,-0.5933064818382263,0.9994758367538452,0.8691225647926331,0.4798887073993683,-0.5932921171188354,0.9995264410972595,0.8727424740791321,0.46404242515563965,-0.3916201889514923,0.9988961219787598,0.8568002581596375,0.46177589893341064,-0.7325797080993652,0.9988962411880493,0.8309183716773987,0.48748379945755005,-0.46740683913230896,0.9992566704750061,0.8256850242614746,0.4860502779483795,-0.5659643411636353,0.9993835091590881,0.8144219517707825,0.46373042464256287,-0.17300833761692047,0.9998059272766113,0.6966494917869568,0.4541406035423279,-0.7702616453170776,0.9992707371711731,0.7933161854743958,0.5428460836410522,0.02443176507949829,0.919074296951294,0.6554616689682007,0.5429816842079163,-0.7959601283073425,0.9954934120178223,0.8024777770042419,0.6111786961555481,-0.07044213265180588,0.9726871252059937,0.691504180431366,0.6233320832252502,-0.802342414855957,0.9959166049957275,0.826462984085083,0.6232323050498962,-0.09738006442785263,0.9607914090156555,0.7258056998252869,0.6320485472679138,-0.891889214515686,0.9919046759605408,0.8230800032615662,0.6240887641906738,-0.17755989730358124,0.9666594862937927,0.7360597252845764,0.6289946436882019,-0.8821442127227783,0.9921184182167053,0.8095705509185791,0.6211796998977661,-0.10619748383760452,0.9625129103660583,0.7281231880187988,0.6261211037635803,-0.7982861399650574,0.9850413203239441,0.5317853093147278,0.5411975383758545,0.17754174768924713,0.9964643716812134,0.4726511836051941,0.5319222807884216,-0.17759078741073608,0.996599555015564,0.39716342091560364,0.5992417931556702,0.3568047285079956,0.68543940782547,0.34363511204719543,0.605685830116272,-0.058928750455379486,0.947905957698822,0.18399715423583984,0.5827464461326599,0.669598400592804,0.594898521900177,0.14747269451618195,0.5879692435264587,0.23757308721542358,0.9350884556770325,0.16083155572414398,0.5668675303459167,0.6978685259819031,0.5772395133972168,0.1277940720319748,0.5735666155815125,0.26352658867836,0.890280544757843,0.1354544758796692,0.6043618321418762,0.6723529100418091,0.6713002324104309,0.09389706701040268,0.6111667156219482,0.20611558854579926,0.9151464700698853
141,knee_pushup,1,0.8522869944572449,0.4897952377796173,-0.5288642644882202,0.9996781349182129,0.878500759601593,0.4848442077636719,-0.5168837904930115,0.9992823004722595,0.8805095553398132,0.4837914705276489,-0.5168923735618591,0.9990269541740417,0.8824474811553955,0.48235857486724854,-0.5170193910598755,0.9995059967041016,0.8735693693161011,0.48354557156562805,-0.5918720364570618,0.9996064305305481,0.8722144961357117,0.48186761140823364,-0.592008113861084,0.9995113611221313,0.8708834052085876,0.47986432909965515,-0.5919972658157349,0.9995586276054382,0.8737363815307617,0.4641125500202179,-0.39143890142440796,0.9989534616470337,0.858787477016449,0.4619280695915222,-0.7311941385269165,0.9989776611328125,0.8318318724632263,0.48703184723854065,-0.46721988916397095,0.9993100166320801,0.8270773887634277,0.4856281876564026,-0.5653349757194519,0.9994308352470398,0.8148768544197083,0.4636816084384918,-0.17868049442768097,0.999808669090271,0.6976615786552429,0.45374566316604614,-0.7683135867118835,0.9993194341659546,0.7937198877334595,0.5428752303123474,0.009270538575947285,0.9197856187820435,0.6555742025375366,0.5427916646003723,-0.793562650680542,0.9957235455513,0.8069530129432678,0.6112632751464844,-0.09515475481748581,0.9736029505729675,0.6922100782394409,0.6235406994819641,-0.7979336977005005,0.9960901141166687,0.8351218104362488,0.6232613325119019,-0.12773345410823822,0.9616079330444336,0.727036714553833,0.6321772933006287,-0.8862969875335693,0.9921782612800598,0.8305500149726868,0.6242110729217529,-0.20342771708965302,0.9674493670463562,0.7366631627082825,0.6294306516647339,-0.8763750195503235,0.9923895597457886,0.815635085105896,0.621410071849823,-0.12993550300598145,0.9631373286247253,0.7290926575660706,0.626607358455658,-0.793713390827179,0.9854854941368103,0.5338073372840881,0.5424672365188599,0.17604081332683563,0.9964609146118164,0.47394493222236633,0.5330792665481567,-0.17607145011425018,0.9967210292816162,0.39048534631729126,0.6007707118988037,0.36817416548728943,0.6816713213920593,0.34299999475479126,0.6057004928588867,-0.03950146585702896,0.9466673731803894,0.18443121016025543,0.5828338265419006,0.6916173696517944,0.602138102054596,0.1473156064748764,0.5883591175079346,0.24964405596256256,0.9385528564453125,0.16105614602565765,0.5669786334037781,0.7211111187934875,0.5880962610244751,0.12617895007133484,0.5750172734260559,0.27408191561698914,0.8958728313446045,0.1431301087141037,0.6042286157608032,0.6944596767425537,0.6803541779518127,0.09384316205978394,0.6119409799575806,0.2051510363817215,0.9194490313529968
167,knee_pushup,0,0.2845466434955597,0.5892913937568665,-0.41163721680641174,0.9690747857093811,0.2686576545238495,0.5861189365386963,-0.4660102427005768,0.9740930199623108,0.27118170261383057,0.5842726230621338,-0.46601173281669617,0.9729067087173462,0.2736876904964447,0.582196056842804,-0.4663035571575165,0.9814131259918213,0.2577226758003235,0.5872771143913269,-0.40418878197669983,0.9623550772666931,0.25258925557136536,0.5863034725189209,-0.40433645248413086,0.9438749551773071,0.24773049354553223,0.5851097702980042,-0.4045085906982422,0.9441399574279785,0.28023460507392883,0.5620156526565552,-0.5832251906394958,0.9832947850227356,0.24801191687583923,0.5672741532325745,-0.3058294653892517,0.9302732944488525,0.3067227900028229,0.5801513195037842,-0.44268524646759033,0.9906665682792664,0.2988709509372711,0.5815948843955994,-0.3619105815887451,0.9753754138946533,0.41188839077949524,0.529982328414917,-0.6189310550689697,0.9996109008789062,0.2701777219772339,0.5402275919914246,-0.13128706812858582,0.9968119263648987,0.5331345200538635,0.5863267183303833,-0.6649792790412903,0.7229723930358887,0.31945985555648804,0.5925765037536621,0.011177455075085163,0.5023843050003052,0.43714380264282227,0.6568679809570312,-0.667182445526123,0.8731551766395569,0.2942480146884918,0.6487708687782288,-0.08451071381568909,0.7900207042694092,0.40598946809768677,0.6649211049079895,-0.7651554346084595,0.8394474983215332,0.2595405578613281,0.6539891958236694,-0.11107099056243896,0.7967119216918945,0.35379934310913086,0.6627340316772461,-0.7453206777572632,0.8547644019126892,0.2630259096622467,0.6543717980384827,-0.17368704080581665,0.8005173206329346,0.3860442340373993,0.6574749946594238,-0.6662408709526062,0.8574806451797485,0.2783183157444,0.6531856656074524,-0.11423322558403015,0.8112084865570068,0.6129547953605652,0.5249784588813782,-0.18385501205921173,0.9991302490234375,0.5463250279426575,0.5435234308242798,0.18417000770568848,0.9993258118629456,0.7647742033004761,0.6292978525161743,-0.3741961717605591,0.55083829164505,0.647639811038971,0.6410151720046997,0.14322739839553833,0.5365385413169861,0.9144691228866577,0.6129328608512878,0.15097737312316895,0.5925542116165161,0.8241980075836182,0.6196882128715515,0.6257818341255188,0.48596706986427307,0.9221152067184448,0.5977073907852173,0.21535544097423553,0.6105710864067078,0.8431376218795776,0.6075826287269592,0.6800759434700012,0.46674689650535583,0.9597525596618652,0.636176347732544,0.28324660658836365,0.7194010019302368,0.8924539089202881,0.6430063843727112,0.7018992900848389,0.5719624161720276
168,knee_pushup,0,0.28515493869781494,0.5923187732696533,-0.3958876430988312,0.9719759225845337,0.2686537802219391,0.589949369430542,-0.4559583365917206,0.9765368103981018,0.2709277868270874,0.5883967280387878,-0.4559314548969269,0.9754488468170166,0.2729223072528839,0.5865439176559448,-0.45622149109840393,0.9831355214118958,0.25893664360046387,0.5904810428619385,-0.39403557777404785,0.9658036231994629,0.25431951880455017,0.5893948078155518,-0.39414194226264954,0.9491395950317383,0.24964651465415955,0.5879075527191162,-0.39433684945106506,0.9495251178741455,0.2772461771965027,0.5682501196861267,-0.5840673446655273,0.9847207069396973,0.24799604713916779,0.5708718299865723,-0.3058442771434784,0.9370866417884827,0.3064855933189392,0.5826314687728882,-0.431970477104187,0.9915286898612976,0.2992613911628723,0.5835498571395874,-0.3505769968032837,0.9777098894119263,0.4065779447555542,0.5307865738868713,-0.6178954243659973,0.9995949864387512,0.26961660385131836,0.5428310036659241,-0.1313980221748352,0.9970906972885132,0.5354602932929993,0.5861915946006775,-0.6415424942970276,0.7493543028831482,0.31744569540023804,0.5931007862091064,0.02128242887556553,0.5124025344848633,0.4429287612438202,0.6569046378135681,-0.6456006765365601,0.8844243288040161,0.29723846912384033,0.6511454582214355,-0.06836002320051193,0.797369122505188,0.4106495976448059,0.6652435660362244,-0.7366762757301331,0.8532519936561584,0.26073533296585083,0.6572045087814331,-0.09218361973762512,0.8010258078575134,0.38467901945114136,0.6628350019454956,-0.7151601314544678,0.8672561049461365,0.26509374380111694,0.6568744778633118,-0.1613544225692749,0.8054949641227722,0.38860106468200684,0.658676266670227,-0.6422972083091736,0.8686328530311584,0.28282690048217773,0.6557177305221558,-0.10023973137140274,0.8147327303886414,0.6129981279373169,0.5307560563087463,-0.18321509659290314,0.9991922378540039,0.5468353629112244,0.5494065880775452,0.18351846933364868,0.9993396997451782,0.766666054725647,0.6294621825218201,-0.39977172017097473,0.5946921706199646,0.674560546875,0.6430553197860718,0.13102354109287262,0.546771764755249,0.918862521648407,0.6126354336738586,0.14746952056884766,0.6241828203201294,0.825565755367279,0.6196874380111694,0.7005409002304077,0.46536266803741455,0.9323968291282654,0.5972437858581543,0.21352814137935638,0.6398364901542664,0.8429903984069824,0.6074307560920715,0.7668719291687012,0.4519616663455963,0.9636911153793335,0.6362626552581787,0.2835875153541565,0.7341796159744263,0.8968366980552673,0.6430305242538452,0.8153190612792969,0.5451411008834839
169,knee_pushup,0,0.28522470593452454,0.6016878485679626,-0.4016883671283722,0.9743227362632751,0.2686435282230377,0.5997664332389832,-0.4646994173526764,0.978539228439331,0.2706316113471985,0.5984088778495789,-0.4646574854850769,0.977511465549469,0.27211472392082214,0.5967506766319275,-0.4649209678173065,0.9845101237297058,0.2598828077316284,0.6003633141517639,-0.4036828875541687,0.9684845805168152,0.25568586587905884,0.5995917320251465,-0.4037468731403351,0.9534183740615845,0.2512786090373993,0.5984887480735779,-0.4039626121520996,0.9541237354278564,0.2746180295944214,0.5819810032844543,-0.6010806560516357,0.9857580661773682,0.24804392457008362,0.5842615365982056,-0.3251626193523407,0.9430440068244934,0.3059513568878174,0.5913940668106079,-0.439203679561615,0.992226779460907,0.2992791533470154,0.5925238132476807,-0.35897296667099,0.9796683192253113,0.38972869515419006,0.5366427898406982,-0.627456784248352,0.999578595161438,0.2690868675708771,0.5497297644615173,-0.1425144225358963,0.9973276257514954,0.5361343026161194,0.5868695974349976,-0.6453257203102112,0.7721688151359558,0.3153717517852783,0.5957188606262207,0.024749740958213806,0.5082679986953735,0.44592663645744324,0.6568943858146667,-0.6640209555625916,0.893729567527771,0.29769474267959595,0.6526399254798889,-0.033012233674526215,0.7979253530502319,0.415327250957489,0.665279746055603,-0.7472442984580994,0.8645209074020386,0.2607186436653137,0.6586202383041382,-0.05144759267568588,0.7983623743057251,0.3921586275100708,0.6628376841545105,-0.7221888899803162,0.8774268627166748,0.26526010036468506,0.6580567955970764,-0.11574791371822357,0.8030316233634949,0.3910619914531708,0.6591399908065796,-0.6580836176872253,0.8768869638442993,0.28414884209632874,0.6567562222480774,-0.06263162940740585,0.8103625774383545,0.6125441789627075,0.5349760055541992,-0.18130134046077728,0.9992198348045349,0.5333133339881897,0.5582662224769592,0.18154169619083405,0.9993060827255249,0.7678210139274597,0.6288514733314514,-0.33280766010284424,0.6334488987922668,0.6985201239585876,0.6458908319473267,0.15815073251724243,0.5527932643890381,0.9187052249908447,0.6123300790786743,0.26757973432540894,0.6477205753326416,0.8330862522125244,0.6191275715827942,0.7207268476486206,0.44574740529060364,0.9316377639770508,0.5973140001296997,0.3380967378616333,0.659992516040802,0.8447751402854919,0.6066181063652039,0.7840968370437622,0.435240775346756,0.9634013772010803,0.6371611952781677,0.39788997173309326,0.7425041198730469,0.9001197218894958,0.6402979493141174,0.8126278519630432,0.5197084546089172
170,knee_pushup,0,0.28206101059913635,0.6099947690963745,-0.39672335982322693,0.9759113788604736,0.2657528519630432,0.6074087619781494,-0.4584715962409973,0.9798726439476013,0.26693853735923767,0.6062427759170532,-0.45842576026916504,0.9788629412651062,0.26777535676956177,0.604848325252533,-0.4586670994758606,0.9853344559669495,0.2584120035171509,0.6073606014251709,-0.39650529623031616,0.9699391722679138,0.2544635832309723,0.606330394744873,-0.39656245708465576,0.9562662839889526,0.2502497434616089,0.60504549741745,-0.39680951833724976,0.9576442241668701,0.2690292298793793,0.5918565988540649,-0.5996751189231873,0.9860715866088867,0.24645936489105225,0.5926958918571472,-0.3207602798938751,0.9478695392608643,0.3001590371131897,0.6002388000488281,-0.434518426656723,0.9926632046699524,0.2952277958393097,0.5999531745910645,-0.35324445366859436,0.9810541868209839,0.3771986961364746,0.5438897013664246,-0.6256186366081238,0.999542236328125,0.2691190242767334,0.5552800893783569,-0.12942242622375488,0.997501790523529,0.536387026309967,0.5885978937149048,-0.6448421478271484,0.7914873957633972,0.3148086369037628,0.599193274974823,0.0767783373594284,0.48893827199935913,0.44546544551849365,0.6572842001914978,-0.6648728251457214,0.9013996124267578,0.29776033759117126,0.653576672077179,0.07951579988002777,0.786138117313385,0.41486701369285583,0.6655001044273376,-0.7484660744667053,0.8737638592720032,0.260470986366272,0.6590362191200256,0.0756024643778801,0.7847996950149536,0.3893147110939026,0.6629413366317749,-0.7233358025550842,0.8857215642929077,0.26524969935417175,0.6585103273391724,0.01744961366057396,0.7894278168678284,0.3909624516963959,0.6599008440971375,-0.6584829688072205,0.8826695680618286,0.2842980623245239,0.657355010509491,0.05404846742749214,0.7952643036842346,0.6124212145805359,0.5376196503639221,-0.18068315088748932,0.9992116093635559,0.5332914590835571,0.5629874467849731,0.18089962005615234,0.9992561340332031,0.7679574489593506,0.6259260773658752,-0.3280828893184662,0.6683285236358643,0.7022080421447754,0.6515387892723083,0.16556133329868317,0.5624387264251709,0.9072730541229248,0.6120240688323975,0.32674887776374817,0.6661850810050964,0.841159462928772,0.6195127367973328,0.7070286273956299,0.4367384612560272,0.9155393838882446,0.598113477230072,0.40403440594673157,0.6724135875701904,0.8500584363937378,0.6066858172416687,0.767791748046875,0.42567387223243713,0.9603022336959839,0.6371483206748962,0.47726914286613464,0.746725857257843,0.9207472205162048,0.6401181817054749,0.792749285697937,0.5031400322914124
171,knee_pushup,0,0.27370280027389526,0.6155182719230652,-0.3695366680622101,0.9771624207496643,0.25754791498184204,0.6132383346557617,-0.4327819049358368,0.9810301065444946,0.2586492896080017,0.6122866868972778,-0.4327465295791626,0.9800028800964355,0.259730726480484,0.6110842227935791,-0.4329768419265747,0.9860262870788574,0.25018858909606934,0.6127651929855347,-0.3690927028656006,0.9712883234024048,0.24656613171100616,0.6116503477096558,-0.36919018626213074,0.9588314890861511,0.24312463402748108,0.6103399991989136,-0.3694535493850708,0.9608170986175537,0.2626931071281433,0.5980434417724609,-0.591515064239502,0.9862424731254578,0.2424454391002655,0.5976608991622925,-0.3043789565563202,0.9523000121116638,0.29038944840431213,0.6057156920433044,-0.41341742873191833,0.9929102659225464,0.2857244610786438,0.6026096940040588,-0.3303544223308563,0.9821608662605286,0.3693908452987671,0.549207866191864,-0.6253929138183594,0.9994858503341675,0.26673656702041626,0.5569207668304443,-0.11734063923358917,0.9976447224617004,0.5361948013305664,0.5893058776855469,-0.6468197107315063,0.8069126605987549,0.3139602243900299,0.5988712906837463,0.12493713945150375,0.46219971776008606,0.4456440508365631,0.657014787197113,-0.6599904298782349,0.9064978957176208,0.2979605793952942,0.651339054107666,0.19054625928401947,0.7627722024917603,0.417061984539032,0.6653668284416199,-0.7385847568511963,0.8799583315849304,0.26091116666793823,0.6588883996009827,0.1952826827764511,0.7621892690658569,0.39378735423088074,0.6627183556556702,-0.7173365354537964,0.8911798000335693,0.26599594950675964,0.658253014087677,0.14007152616977692,0.766806423664093,0.39399534463882446,0.6597312092781067,-0.6539297699928284,0.8847669363021851,0.28433966636657715,0.6566287875175476,0.16789403557777405,0.7722121477127075,0.6114127039909363,0.5397273898124695,-0.18173862993717194,0.9991275668144226,0.5332918167114258,0.5636863112449646,0.1819373071193695,0.9991517066955566,0.7679358720779419,0.6258141398429871,-0.2916572093963623,0.6969303488731384,0.6996272802352905,0.650113046169281,0.18179607391357422,0.5548070669174194,0.9079331755638123,0.6120150089263916,0.3127816617488861,0.6733813881874084,0.8596177101135254,0.6184694766998291,0.672707736492157,0.42189526557922363,0.9102862477302551,0.5982398986816406,0.3837185204029083,0.6794916987419128,0.873263955116272,0.6054139137268066,0.7220224738121033,0.41157564520835876,0.9573906064033508,0.6373971104621887,0.4490002393722534,0.7410449385643005,0.9351766109466553,0.6388903856277466,0.7186701893806458,0.47958695888519287
172,knee_pushup,0,0.2749023139476776,0.627813994884491,-0.3489900231361389,0.9784967303276062,0.260420024394989,0.6264196038246155,-0.41322270035743713,0.9823246002197266,0.2611658275127411,0.6254087090492249,-0.41319507360458374,0.981332540512085,0.2617892324924469,0.6243417263031006,-0.4134436547756195,0.9868391156196594,0.25347214937210083,0.6260860562324524,-0.3513886630535126,0.9728792309761047,0.2485092282295227,0.6216142773628235,-0.3514656722545624,0.9615663886070251,0.24503451585769653,0.6202638149261475,-0.35172855854034424,0.9638668298721313,0.2642309069633484,0.6092168092727661,-0.5815780758857727,0.9868494272232056,0.2426198571920395,0.609403669834137,-0.30016565322875977,0.9564626216888428,0.2919785976409912,0.6131300330162048,-0.3967631459236145,0.9932891726493835,0.2869870364665985,0.6127123832702637,-0.3159198760986328,0.9834039211273193,0.35814595222473145,0.5552151203155518,-0.6232509016990662,0.9994829297065735,0.2636148929595947,0.561404824256897,-0.11886109411716461,0.9977626800537109,0.5364293456077576,0.5897677540779114,-0.6285573244094849,0.8210986852645874,0.3437492847442627,0.5924211144447327,0.09605352580547333,0.42862221598625183,0.44256895780563354,0.657406210899353,-0.5935367345809937,0.9120190143585205,0.31202998757362366,0.6436170935630798,0.17105409502983093,0.7208579182624817,0.41306188702583313,0.6657179594039917,-0.6596947908401489,0.8864723443984985,0.2878754734992981,0.6534044146537781,0.1791652888059616,0.7216365933418274,0.38907724618911743,0.662651002407074,-0.6375448703765869,0.8970276713371277,0.28882989287376404,0.6537742018699646,0.13393394649028778,0.7256255149841309,0.39085257053375244,0.6596851348876953,-0.5858457684516907,0.8879984617233276,0.2992950677871704,0.6515185832977295,0.15319180488586426,0.729831874370575,0.6103326678276062,0.542138397693634,-0.17869597673416138,0.9991395473480225,0.5419577956199646,0.5649082064628601,0.17888018488883972,0.9991204738616943,0.7700857520103455,0.6259102821350098,-0.28186172246932983,0.7238821387290955,0.7006438374519348,0.650854229927063,0.1762017011642456,0.5581612586975098,0.9037247896194458,0.6099995970726013,0.3529844582080841,0.6742846965789795,0.8554368019104004,0.6159629821777344,0.663554310798645,0.40891075134277344,0.9065902233123779,0.5974867343902588,0.4286353290081024,0.6771820783615112,0.8684711456298828,0.6016865968704224,0.7141063213348389,0.39710262417793274,0.9538137912750244,0.6350861191749573,0.5181888937950134,0.7321600317955017,0.9334256052970886,0.6339417099952698,0.7239817380905151,0.4587376117706299
173,knee_pushup,0,0.2769683301448822,0.6321401000022888,-0.32167384028434753,0.9800053238868713,0.2639976441860199,0.631245493888855,-0.38518399000167847,0.9836918115615845,0.26480141282081604,0.6302593350410461,-0.3851601481437683,0.982751727104187,0.26539668440818787,0.6292646527290344,-0.3854231834411621,0.9877512454986572,0.2572534680366516,0.6311073303222656,-0.3234458267688751,0.9747730493545532,0.25263842940330505,0.6295120716094971,-0.32351812720298767,0.9645372629165649,0.248777374625206,0.6282721757888794,-0.32376912236213684,0.9669119715690613,0.2645084857940674,0.6138985753059387,-0.5542811751365662,0.9876394271850586,0.24377146363258362,0.6140181422233582,-0.2752872407436371,0.9603999853134155,0.2925802171230316,0.620908260345459,-0.37087979912757874,0.9937235116958618,0.28774893283843994,0.616473913192749,-0.29023298621177673,0.9846990704536438,0.35500186681747437,0.5591152310371399,-0.6074702143669128,0.9994926452636719,0.261237233877182,0.5654171109199524,-0.10662616044282913,0.9978781342506409,0.5375286340713501,0.5907701253890991,-0.6021407246589661,0.8347970247268677,0.3532564342021942,0.5908831357955933,0.11042316257953644,0.39817649126052856,0.4424644708633423,0.6577998399734497,-0.5313941836357117,0.9164940118789673,0.319296658039093,0.6412393450737,0.20626823604106903,0.6770517230033875,0.4120810925960541,0.6657859683036804,-0.591658353805542,0.8916546702384949,0.30241096019744873,0.6513180136680603,0.21749606728553772,0.6803261637687683,0.3881646990776062,0.6625192165374756,-0.5727550387382507,0.9016751050949097,0.30258482694625854,0.6518154144287109,0.17687523365020752,0.6839824318885803,0.39091864228248596,0.6595091819763184,-0.5241256952285767,0.8901687860488892,0.3101779520511627,0.649140477180481,0.19070740044116974,0.6879146099090576,0.6077260971069336,0.5436491370201111,-0.17880484461784363,0.9991647601127625,0.542419970035553,0.5643937587738037,0.17899417877197266,0.99908846616745,0.7703874707221985,0.6257265210151672,-0.29684552550315857,0.7483609914779663,0.6979342699050903,0.6505025029182434,0.17261704802513123,0.553004264831543,0.9021254181861877,0.6094626188278198,0.29948514699935913,0.6798810958862305,0.8508991599082947,0.6169886589050293,0.6320756673812866,0.3943702280521393,0.9062629342079163,0.5973581671714783,0.37121453881263733,0.6812633872032166,0.8658294677734375,0.602210521697998,0.682617723941803,0.38469332456588745,0.9540355205535889,0.6342903971672058,0.4597821533679962,0.7279662489891052,0.9264547228813171,0.6372711658477783,0.7123412489891052,0.43709203600883484
174,knee_pushup,0,0.2774478793144226,0.6345437169075012,-0.3207734525203705,0.9814678430557251,0.26410695910453796,0.6340138912200928,-0.3847881257534027,0.9849411249160767,0.26499632000923157,0.6329776644706726,-0.3847503662109375,0.9840487837791443,0.2657143175601959,0.6318446397781372,-0.384992778301239,0.9885889887809753,0.2573239207267761,0.6339646577835083,-0.32158687710762024,0.9765400886535645,0.25282371044158936,0.6327348351478577,-0.32168048620224,0.9672738313674927,0.2489287257194519,0.6313416361808777,-0.3219301998615265,0.9696796536445618,0.26526254415512085,0.6166309118270874,-0.5550103187561035,0.9883579015731812,0.24362362921237946,0.6157259345054626,-0.27067697048187256,0.9639622569084167,0.2933945953845978,0.6238716244697571,-0.3710313141345978,0.994131863117218,0.287010133266449,0.6184713244438171,-0.2885306477546692,0.9858947396278381,0.35519811511039734,0.5612572431564331,-0.6088975667953491,0.9995056986808777,0.25982698798179626,0.5671188831329346,-0.10163025557994843,0.9980076551437378,0.5375396013259888,0.5912326574325562,-0.6114577651023865,0.8469938635826111,0.3521977365016937,0.5904256105422974,0.1317475140094757,0.37093690037727356,0.44244781136512756,0.657973051071167,-0.5417606830596924,0.9205152988433838,0.32170453667640686,0.641642689704895,0.2355208694934845,0.6415748596191406,0.41204139590263367,0.6658139228820801,-0.6039016246795654,0.8964035511016846,0.30513784289360046,0.6509105563163757,0.2475309669971466,0.6476286053657532,0.3881887197494507,0.6622478365898132,-0.5859125852584839,0.9059048891067505,0.3038161098957062,0.6510975360870361,0.20431552827358246,0.6511116027832031,0.39114928245544434,0.6592833995819092,-0.5347890257835388,0.8921730518341064,0.31228432059288025,0.648758590221405,0.21911323070526123,0.6549234986305237,0.6057731509208679,0.5447309017181396,-0.18265226483345032,0.9991951584815979,0.542763888835907,0.5647885799407959,0.18281137943267822,0.9990914463996887,0.7709935307502747,0.6256268620491028,-0.30567610263824463,0.7705293893814087,0.693489134311676,0.6504393815994263,0.17663662135601044,0.5503783822059631,0.901456356048584,0.6094880700111389,0.2815236449241638,0.6894413232803345,0.8498436212539673,0.6185014843940735,0.6371628642082214,0.38710683584213257,0.90631103515625,0.5972785949707031,0.35297274589538574,0.68761146068573,0.8650931119918823,0.6035316586494446,0.6900332570075989,0.3777048587799072,0.9546069502830505,0.6335718035697937,0.43998247385025024,0.7290633320808411,0.9259228110313416,0.6407067179679871,0.71757972240448,0.4226318597793579
175,knee_pushup,0,0.2777961790561676,0.6360554695129395,-0.3383782207965851,0.9830012321472168,0.26421236991882324,0.6347399950027466,-0.4006134867668152,0.9862174391746521,0.26514139771461487,0.633651077747345,-0.40058523416519165,0.9853864908218384,0.26588720083236694,0.6324634552001953,-0.4008390009403229,0.9894863963127136,0.2573540508747101,0.6347779035568237,-0.33792877197265625,0.9784082770347595,0.25291168689727783,0.633623480796814,-0.33802810311317444,0.9700111150741577,0.2485317587852478,0.6284264326095581,-0.3382629454135895,0.9723166823387146,0.26575061678886414,0.6168921589851379,-0.564912736415863,0.9892032742500305,0.24365714192390442,0.6166855096817017,-0.2830212414264679,0.9672842621803284,0.2939944863319397,0.6258910298347473,-0.38331544399261475,0.9945772290229797,0.2862865626811981,0.6201872229576111,-0.3010711073875427,0.9870898127555847,0.3570675253868103,0.5600672364234924,-0.6205819249153137,0.999513566493988,0.25843164324760437,0.5684007406234741,-0.11764009296894073,0.9981251358985901,0.5393338203430176,0.591098427772522,-0.6182510852813721,0.85862797498703,0.34839367866516113,0.5906557440757751,0.12359713017940521,0.3457748293876648,0.4413391947746277,0.6570389866828918,-0.5211707949638367,0.9244730472564697,0.3195064663887024,0.6418980360031128,0.24910661578178406,0.6068249940872192,0.407582551240921,0.665256679058075,-0.5746083855628967,0.9007269740104675,0.3009328246116638,0.6506021618843079,0.2639889419078827,0.6155873537063599,0.38733699917793274,0.6603990197181702,-0.5597232580184937,0.9098601937294006,0.30148494243621826,0.6507151126861572,0.22606031596660614,0.6191800236701965,0.3879796266555786,0.6572958827018738,-0.5136956572532654,0.894498348236084,0.310042142868042,0.6481906771659851,0.235373392701149,0.6229414939880371,0.6006506085395813,0.5441848635673523,-0.18314866721630096,0.9992241263389587,0.5259798169136047,0.5712393522262573,0.18329833447933197,0.9991127252578735,0.7708598971366882,0.6254103183746338,-0.3412443697452545,0.7905394434928894,0.6937326192855835,0.6436610221862793,0.1397961676120758,0.5546399354934692,0.8993188142776489,0.6090168356895447,0.27441877126693726,0.6958159804344177,0.8504585027694702,0.6187127828598022,0.6120209097862244,0.38231903314590454,0.9058316349983215,0.5963232517242432,0.34751418232917786,0.6918082237243652,0.8648064732551575,0.6035985350608826,0.6640267372131348,0.37059715390205383,0.9564885497093201,0.6310630440711975,0.4408363699913025,0.7287633419036865,0.9312681555747986,0.6409093737602234,0.6909571290016174,0.4083883762359619
176,knee_pushup,0,0.27710872888565063,0.6361805200576782,-0.3472055494785309,0.9843368530273438,0.2625986933708191,0.6348851919174194,-0.41295555233955383,0.9873519539833069,0.2634369134902954,0.6339035034179688,-0.41292205452919006,0.9865866303443909,0.2640470862388611,0.6328121423721313,-0.4132070541381836,0.9902980327606201,0.256319522857666,0.6346901059150696,-0.3479626774787903,0.9800339937210083,0.25230029225349426,0.6335511207580566,-0.3480602204799652,0.9724135994911194,0.24824535846710205,0.6313533782958984,-0.34829995036125183,0.974622905254364,0.2651440501213074,0.6172785758972168,-0.5865942239761353,0.989977240562439,0.2436409741640091,0.6164487600326538,-0.29903244972229004,0.9702190160751343,0.2940785586833954,0.6259680390357971,-0.39972156286239624,0.9949443936347961,0.2844618856906891,0.620472252368927,-0.31563863158226013,0.988088071346283,0.3587753176689148,0.5597419738769531,-0.6403307914733887,0.9995246529579163,0.25841882824897766,0.5676856637001038,-0.12289869040250778,0.9981879591941833,0.5410637855529785,0.5905080437660217,-0.626963198184967,0.868944525718689,0.3555072247982025,0.5888519883155823,0.1296958178281784,0.31937292218208313,0.4380459189414978,0.6563359498977661,-0.5125846862792969,0.9276880025863647,0.3213348984718323,0.6397340297698975,0.27014803886413574,0.5673632025718689,0.3977303206920624,0.664405107498169,-0.5639711022377014,0.904152512550354,0.30030372738838196,0.6477597951889038,0.2873839735984802,0.5790029764175415,0.37771686911582947,0.6580606698989868,-0.5480354428291321,0.9129413962364197,0.3013392388820648,0.6482897400856018,0.25080639123916626,0.582737922668457,0.3806985318660736,0.655326783657074,-0.5040002465248108,0.8958258032798767,0.31000852584838867,0.6456577181816101,0.256939172744751,0.5866848826408386,0.59949791431427,0.5438461303710938,-0.18632300198078156,0.9992455244064331,0.5278494954109192,0.568475067615509,0.18652553856372833,0.9991119503974915,0.7710981369018555,0.6252349615097046,-0.34049293398857117,0.8077355027198792,0.6933140158653259,0.6441263556480408,0.14545899629592896,0.5530730485916138,0.900040328502655,0.6090168952941895,0.28036412596702576,0.700831413269043,0.8529675602912903,0.6186384558677673,0.6182224750518799,0.3788818418979645,0.9059997797012329,0.5958963632583618,0.3536747694015503,0.6936975121498108,0.8682816624641418,0.6037765741348267,0.6737963557243347,0.3648410737514496,0.9566976428031921,0.631346583366394,0.4379488527774811,0.7279098629951477,0.9317829012870789,0.6411230564117432,0.7012232542037964,0.39716315269470215
177,knee_pushup,0,0.2777712643146515,0.635208010673523,-0.3496074974536896,0.985517680644989,0.2627238631248474,0.6336972117424011,-0.41372641921043396,0.9883670806884766,0.2635992765426636,0.6325803399085999,-0.4136843979358673,0.9876609444618225,0.26426324248313904,0.631318986415863,-0.4139636754989624,0.9910140037536621,0.25638312101364136,0.6337270736694336,-0.34967121481895447,0.9814872741699219,0.2525392174720764,0.6326117515563965,-0.3497694730758667,0.9745835065841675,0.2486555427312851,0.631007969379425,-0.35000526905059814,0.9767202138900757,0.2654595971107483,0.614203929901123,-0.5855203866958618,0.9906463027000427,0.24428284168243408,0.6144286394119263,-0.2974945306777954,0.9728938937187195,0.2970148026943207,0.6243546009063721,-0.39967262744903564,0.9952564239501953,0.28437381982803345,0.619311511516571,-0.3164365589618683,0.9889694452285767,0.35967957973480225,0.5586972236633301,-0.6374471783638,0.9995296001434326,0.25852349400520325,0.5663956999778748,-0.12256015837192535,0.9982503056526184,0.5415383577346802,0.5892208814620972,-0.6276063919067383,0.8789185285568237,0.3569643497467041,0.5877228379249573,0.12048327922821045,0.29597529768943787,0.4377758204936981,0.6562548875808716,-0.5105592012405396,0.9308584332466125,0.3231181800365448,0.6387403607368469,0.2444721907377243,0.530103325843811,0.39848610758781433,0.6642711758613586,-0.5633016228675842,0.907405436038971,0.30191031098365784,0.646629810333252,0.2607012987136841,0.5434919595718384,0.3776994049549103,0.6576454043388367,-0.5421112775802612,0.91584312915802,0.3025502562522888,0.6470146179199219,0.2234010398387909,0.5469913482666016,0.38095271587371826,0.6548985838890076,-0.5006319284439087,0.8972355723381042,0.3106493055820465,0.6446061730384827,0.23094333708286285,0.5512173771858215,0.599078357219696,0.5433968305587769,-0.18713201582431793,0.9992712736129761,0.5287154316902161,0.5670326352119446,0.18733707070350647,0.9991158246994019,0.7715712785720825,0.625251054763794,-0.34602436423301697,0.8234672546386719,0.6981351971626282,0.6446756720542908,0.13632740080356598,0.5495655536651611,0.903639554977417,0.6090120077133179,0.24461482465267181,0.705716609954834,0.8578319549560547,0.6186442971229553,0.6080748438835144,0.37123000621795654,0.9151360988616943,0.5957661867141724,0.31528592109680176,0.697597086429596,0.8730009198188782,0.603892982006073,0.6606132984161377,0.357463002204895,0.9594854116439819,0.6314201354980469,0.406890869140625,0.7258372902870178,0.9355234503746033,0.6415688991546631,0.6870059370994568,0.38255035877227783
226,knee_pushup,1,0.18526235222816467,0.5728271007537842,-0.39847949147224426,0.9981934428215027,0.1661643534898758,0.5669097304344177,-0.4484199285507202,0.9983866810798645,0.166762113571167,0.5653367638587952,-0.44846904277801514,0.9981431365013123,0.16729478538036346,0.5633837580680847,-0.44860565662384033,0.9986886978149414,0.1636534184217453,0.5670810341835022,-0.3784960210323334,0.9966425895690918,0.16247574985027313,0.5656315684318542,-0.3786866366863251,0.9958416819572449,0.16102612018585205,0.563776433467865,-0.378878116607666,0.9978658556938171,0.18065203726291656,0.5451022386550903,-0.5703301429748535,0.9980065226554871,0.17235440015792847,0.5452476739883423,-0.2581762671470642,0.9976452589035034,0.2071840614080429,0.5685946345329285,-0.43332523107528687,0.9987619519233704,0.20570039749145508,0.5691424608230591,-0.34350866079330444,0.9978946447372437,0.32890844345092773,0.5222324132919312,-0.6394705176353455,0.9997420310974121,0.25764182209968567,0.5266505479812622,-0.05439445748925209,0.9998193383216858,0.4530199468135834,0.5914072394371033,-0.6270315647125244,0.9903098344802856,0.32529139518737793,0.5875157117843628,0.13587568700313568,0.6662226915359497,0.4152243137359619,0.6521481275558472,-0.5117200613021851,0.9753776788711548,0.2853558659553528,0.6489448547363281,0.11256220936775208,0.7822369933128357,0.3874071538448334,0.6626758575439453,-0.5643191933631897,0.959227442741394,0.2481449991464615,0.6552512645721436,0.1059902086853981,0.7442115545272827,0.3643133342266083,0.6570891737937927,-0.5556182265281677,0.9611943960189819,0.24280494451522827,0.6559382677078247,0.050538282841444016,0.7598567008972168,0.36902397871017456,0.650405764579773,-0.5047476887702942,0.9340538382530212,0.25875428318977356,0.6541194915771484,0.08485658466815948,0.7545061707496643,0.6085871458053589,0.5548521280288696,-0.17683792114257812,0.9992942214012146,0.532091498374939,0.568636417388916,0.176522359251976,0.9992207288742065,0.7582573890686035,0.6329175233840942,-0.039769235998392105,0.9506011605262756,0.6649324893951416,0.632706344127655,0.4170680046081543,0.5586584210395813,0.9255813956260681,0.613243043422699,0.378095418214798,0.8481430411338806,0.8587953448295593,0.6146093010902405,0.7947081923484802,0.443902850151062,0.9319279789924622,0.6007950901985168,0.4243527054786682,0.8282555937767029,0.8912888169288635,0.6037077307701111,0.8345698714256287,0.4453900158405304,0.9599254727363586,0.6397504806518555,0.4046306610107422,0.7976754307746887,0.9166939854621887,0.6360897421836853,0.8312737941741943,0.4160706400871277
227,knee_pushup,1,0.16201668977737427,0.5850902199745178,-0.46514761447906494,0.9982072114944458,0.141993448138237,0.5789923667907715,-0.517814576625824,0.9984314441680908,0.14276348054409027,0.5772993564605713,-0.5178340077400208,0.9982028603553772,0.14361339807510376,0.5751823782920837,-0.5179963707923889,0.9987208843231201,0.13909471035003662,0.5789113640785217,-0.44659748673439026,0.9967541694641113,0.13767781853675842,0.5771387219429016,-0.44677743315696716,0.9960044026374817,0.13620127737522125,0.5748831033706665,-0.4469667077064514,0.9979265928268433,0.1606539636850357,0.5547933578491211,-0.6397565007209778,0.9980993270874023,0.15122376382350922,0.5544043779373169,-0.323429673910141,0.997727632522583,0.18476687371730804,0.5802479982376099,-0.4990352690219879,0.9987948536872864,0.18349455296993256,0.5807648301124573,-0.40768471360206604,0.9979425072669983,0.30997514724731445,0.5342773795127869,-0.687106728553772,0.9997342824935913,0.23913830518722534,0.5321645736694336,-0.10602956265211105,0.9998043179512024,0.4551142752170563,0.5893806219100952,-0.6823063492774963,0.9885213971138,0.3143623471260071,0.5872791409492493,0.11235325783491135,0.6452432870864868,0.4206831455230713,0.6521589159965515,-0.5998333096504211,0.9713068008422852,0.28296011686325073,0.649187445640564,0.11228945106267929,0.7701989412307739,0.3939249813556671,0.653629720211029,-0.6595978140830994,0.953108012676239,0.2440180778503418,0.6551843881607056,0.10847281664609909,0.7341067790985107,0.36656469106674194,0.6477996706962585,-0.646466076374054,0.9550905227661133,0.23956938087940216,0.655947744846344,0.052958108484745026,0.7499974370002747,0.3706296682357788,0.641299307346344,-0.5920189023017883,0.9251983165740967,0.25655877590179443,0.6541252732276917,0.08575715869665146,0.7443932294845581,0.5927128195762634,0.5607789158821106,-0.18566913902759552,0.9992728233337402,0.5096276998519897,0.5673481822013855,0.1853250414133072,0.9990878105163574,0.7515707612037659,0.6328548789024353,0.08150419592857361,0.9526098370552063,0.6386616230010986,0.62016761302948,0.5928831100463867,0.5490649342536926,0.911811888217926,0.6132720112800598,0.48386359214782715,0.8592490553855896,0.7983229160308838,0.6010129451751709,1.046862244606018,0.4399891495704651,0.931696891784668,0.6004367470741272,0.5266801714897156,0.8392364382743835,0.8254631161689758,0.5908598303794861,1.094944715499878,0.44724225997924805,0.9490727782249451,0.6417663097381592,0.4774734675884247,0.8132719993591309,0.833573579788208,0.6247068047523499,1.1011922359466553,0.42987552285194397
228,knee_pushup,1,0.14075271785259247,0.5992565155029297,-0.3561885356903076,0.9980712532997131,0.12029700726270676,0.5926544070243835,-0.4075436294078827,0.9983664155006409,0.12093193829059601,0.5909541249275208,-0.40752196311950684,0.9981135129928589,0.12165689468383789,0.5888983011245728,-0.40766268968582153,0.9986264109611511,0.11788800358772278,0.5920097231864929,-0.3413906693458557,0.996738612651825,0.11655262112617493,0.589907169342041,-0.34158608317375183,0.9960320591926575,0.11518700420856476,0.5875312089920044,-0.3417872190475464,0.9979193806648254,0.14024712145328522,0.5689902901649475,-0.5418812036514282,0.9980601668357849,0.13087819516658783,0.568618655204773,-0.25096169114112854,0.9977930188179016,0.16357015073299408,0.5941592454910278,-0.39475637674331665,0.9987255334854126,0.16320692002773285,0.5939825177192688,-0.31062883138656616,0.9979240298271179,0.2931661307811737,0.5529994964599609,-0.5925832986831665,0.9996520280838013,0.21974076330661774,0.5430139899253845,-0.05585361272096634,0.9997774958610535,0.45962515473365784,0.5933648943901062,-0.6107057332992554,0.9849317669868469,0.31089484691619873,0.5862938761711121,0.19818443059921265,0.6070404052734375,0.4231085777282715,0.653205156326294,-0.5661140084266663,0.9676713943481445,0.2822861075401306,0.6475135087966919,0.3269149363040924,0.7346406579017639,0.3967463970184326,0.6586779356002808,-0.6201644539833069,0.948691725730896,0.24122363328933716,0.6528918743133545,0.35906606912612915,0.7053253054618835,0.3722973167896271,0.6597573161125183,-0.5889126658439636,0.9503141045570374,0.23204849660396576,0.6545451283454895,0.30314379930496216,0.7199146747589111,0.37617114186286926,0.6525045037269592,-0.5523205399513245,0.9181630611419678,0.25061795115470886,0.6530824899673462,0.30667996406555176,0.7152710556983948,0.5721421837806702,0.5732683539390564,-0.18211856484413147,0.9990128874778748,0.5198820233345032,0.5697019100189209,0.18175923824310303,0.9987940788269043,0.7522413730621338,0.6362861394882202,-0.04951130971312523,0.941064715385437,0.709692120552063,0.6115922927856445,0.41865167021751404,0.5158719420433044,0.9176163673400879,0.6140876412391663,0.37831002473831177,0.8440265655517578,0.8947240114212036,0.6038565635681152,0.7262750864028931,0.4184914827346802,0.939181923866272,0.6008473038673401,0.4026031494140625,0.8416884541511536,0.9270092248916626,0.5938327312469482,0.7454517483711243,0.4362342655658722,0.9553459882736206,0.6390278339385986,0.3874284029006958,0.8032166361808777,0.9313285946846008,0.6281073093414307,0.7015529274940491,0.4177102744579315
229,knee_pushup,1,0.13200725615024567,0.6004663705825806,-0.2931351661682129,0.9979245066642761,0.11086032539606094,0.5949450731277466,-0.3444850444793701,0.9982764720916748,0.11156225204467773,0.5934242606163025,-0.3445065915584564,0.9980030655860901,0.11244351416826248,0.5915514230728149,-0.3446412682533264,0.9985145926475525,0.10882529616355896,0.5944857597351074,-0.2771390676498413,0.996707022190094,0.1079612746834755,0.5927532911300659,-0.27734044194221497,0.9960452914237976,0.10710026323795319,0.5907735228538513,-0.2775534689426422,0.9979011416435242,0.12900403141975403,0.5736658573150635,-0.4814681112766266,0.9979540705680847,0.12018929421901703,0.5732277631759644,-0.18599988520145416,0.9978694319725037,0.1558912992477417,0.5954115986824036,-0.33349472284317017,0.9985957741737366,0.15593881905078888,0.5948715209960938,-0.2479022592306137,0.997829020023346,0.28315967321395874,0.5541700720787048,-0.5481460094451904,0.9995534420013428,0.2138165533542633,0.5470895171165466,0.006957529578357935,0.9997460246086121,0.4527268707752228,0.5958959460258484,-0.5890098810195923,0.981322169303894,0.3029845058917999,0.5859649181365967,0.27645403146743774,0.5730560421943665,0.4158458113670349,0.6536646485328674,-0.5524365305900574,0.9647663831710815,0.27463626861572266,0.6443986296653748,0.4107758700847626,0.7115831971168518,0.3846656084060669,0.6711652874946594,-0.6071563363075256,0.945828378200531,0.2247907817363739,0.6476472020149231,0.44347840547561646,0.6892560124397278,0.3537313640117645,0.6659284234046936,-0.5742210745811462,0.9471974968910217,0.21447034180164337,0.649295449256897,0.38891252875328064,0.7024819254875183,0.3604057729244232,0.6585535407066345,-0.5378084182739258,0.9133294224739075,0.23938435316085815,0.6496052742004395,0.3912196159362793,0.6980577707290649,0.5687841176986694,0.5719555020332336,-0.18360087275505066,0.9988328218460083,0.5218921303749084,0.5730646252632141,0.18339937925338745,0.9986437559127808,0.7529424428939819,0.6376760005950928,-0.08307544887065887,0.933517575263977,0.7179192900657654,0.6181297302246094,0.3137771487236023,0.494564414024353,0.9376265406608582,0.6139413714408875,0.2099733203649521,0.8422876000404358,0.9149027466773987,0.6058900952339172,0.5795374512672424,0.4055691063404083,0.963020384311676,0.5998144149780273,0.24401798844337463,0.848777174949646,0.9486141800880432,0.5913467407226562,0.6070219278335571,0.43249067664146423,0.9717233777046204,0.635783314704895,0.23885707557201385,0.8031221628189087,0.9510647654533386,0.6292636394500732,0.5774270296096802,0.41014978289604187
230,knee_pushup,1,0.11973710358142853,0.6221767067909241,-0.2928832173347473,0.997951328754425,0.09540839493274689,0.6151723861694336,-0.3454054892063141,0.9983304142951965,0.09597208350896835,0.6131361722946167,-0.34541693329811096,0.9980698823928833,0.09645483642816544,0.610843300819397,-0.3455360233783722,0.9985437989234924,0.09234216809272766,0.6159523725509644,-0.2819388210773468,0.9968512058258057,0.09064637124538422,0.6145138144493103,-0.2821281850337982,0.9962373375892639,0.08879870921373367,0.6128244400024414,-0.2823353409767151,0.9979674220085144,0.1091323047876358,0.5923897624015808,-0.4857710599899292,0.9980494976043701,0.1011819913983345,0.5950303077697754,-0.20568852126598358,0.9980055093765259,0.14516733586788177,0.6160587072372437,-0.33305373787879944,0.9986587166786194,0.14376504719257355,0.6168588995933533,-0.25204503536224365,0.9979264736175537,0.24604250490665436,0.5668674111366272,-0.5445939302444458,0.9995675086975098,0.20019255578517914,0.5628749132156372,-0.01600966788828373,0.9997237920761108,0.4535985291004181,0.5911136269569397,-0.6587541699409485,0.9806262850761414,0.3032304048538208,0.5854645371437073,0.3341158330440521,0.5366076231002808,0.41872280836105347,0.6517290472984314,-0.7553776502609253,0.9659852981567383,0.26833614706993103,0.6433079838752747,0.5859505534172058,0.6897566318511963,0.39608436822891235,0.6703510880470276,-0.8165119290351868,0.9474713206291199,0.22445367276668549,0.6475454568862915,0.6328480243682861,0.6736059784889221,0.36133915185928345,0.6649598479270935,-0.7816364169120789,0.9485280513763428,0.21164502203464508,0.6489576697349548,0.5866222381591797,0.6851778626441956,0.36684662103652954,0.65788733959198,-0.7424278259277344,0.9146765470504761,0.2335759550333023,0.6486181020736694,0.5730069875717163,0.6809451580047607,0.560910165309906,0.5933172106742859,-0.18198059499263763,0.9986981749534607,0.5215041637420654,0.5787007808685303,0.18179155886173248,0.9983130693435669,0.7473181486129761,0.6373106241226196,0.0643104761838913,0.9251947999000549,0.7206631302833557,0.6204681992530823,0.4193650484085083,0.4720066785812378,0.9352051615715027,0.6113108992576599,0.37159809470176697,0.8409021496772766,0.9131350517272949,0.6041799187660217,0.7019445896148682,0.390811026096344,0.9566481709480286,0.5961522459983826,0.40251395106315613,0.854552686214447,0.9472227096557617,0.5884951949119568,0.7246654033660889,0.4270870089530945,0.9695208668708801,0.635458767414093,0.3511348068714142,0.8033479452133179,0.9480018019676208,0.6300269365310669,0.605674147605896,0.404461145401001
231,knee_pushup,1,0.1151142492890358,0.6270700097084045,-0.348568856716156,0.9979652166366577,0.09024763852357864,0.6208504438400269,-0.4009595811367035,0.9983775019645691,0.09077103435993195,0.6191366314888,-0.4010186195373535,0.9981295466423035,0.0915091261267662,0.6171746253967285,-0.40119361877441406,0.9985765218734741,0.08846764266490936,0.6208600997924805,-0.33500540256500244,0.9969795346260071,0.08755414932966232,0.6192020177841187,-0.33519911766052246,0.996406078338623,0.08663951605558395,0.6172232031822205,-0.33539584279060364,0.9980199337005615,0.10427757352590561,0.5998036861419678,-0.5363054871559143,0.9981520175933838,0.0977291688323021,0.5993091464042664,-0.2467973530292511,0.9981104731559753,0.1405586302280426,0.6207230091094971,-0.38710278272628784,0.9986984133720398,0.1401231437921524,0.6209245324134827,-0.30325326323509216,0.9979838132858276,0.24260646104812622,0.5751137733459473,-0.605016827583313,0.999585747718811,0.19960461556911469,0.5694659948348999,-0.02375601790845394,0.9996797442436218,0.4580652415752411,0.5932568907737732,-0.6583365201950073,0.9802007079124451,0.32230737805366516,0.5849682092666626,0.3560623526573181,0.4965284466743469,0.4213094711303711,0.6555191874504089,-0.6258078813552856,0.9669027924537659,0.2697833180427551,0.6432139873504639,0.6316689848899841,0.6569527387619019,0.4006059765815735,0.6807903051376343,-0.6747352480888367,0.9487965106964111,0.22725969552993774,0.6480968594551086,0.6843392848968506,0.6486430168151855,0.3656083047389984,0.6769571900367737,-0.6460239291191101,0.9496555328369141,0.2172384411096573,0.6494376063346863,0.6390972137451172,0.6591576337814331,0.37063324451446533,0.6681287884712219,-0.6095438599586487,0.9160712957382202,0.2362060546875,0.6486507654190063,0.6193774342536926,0.655040442943573,0.5470918416976929,0.5901170969009399,-0.1908634603023529,0.9985514879226685,0.5230884552001953,0.58367520570755,0.19084811210632324,0.997965931892395,0.7483606934547424,0.6371253728866577,-0.0003179933119099587,0.9091060161590576,0.7202374339103699,0.621523380279541,0.4119502902030945,0.4428790211677551,0.9397727847099304,0.6113617420196533,0.37708550691604614,0.8251937031745911,0.9161754846572876,0.6055084466934204,0.7498754262924194,0.36945605278015137,0.9560002088546753,0.5965204834938049,0.41718241572380066,0.8556014895439148,0.9575397968292236,0.590640664100647,0.7818248271942139,0.4150640666484833,0.9728440642356873,0.6356815695762634,0.37576985359191895,0.7937195897102356,0.9488194584846497,0.630407452583313,0.7015535235404968,0.38939169049263
232,knee_pushup,1,0.11406897753477097,0.633778989315033,-0.3557613492012024,0.9980147480964661,0.08936715126037598,0.6278141736984253,-0.4083908200263977,0.9984430074691772,0.09003181010484695,0.6258880496025085,-0.4084433913230896,0.9982085824012756,0.09077782183885574,0.6237230896949768,-0.4086322486400604,0.9986264705657959,0.08750161528587341,0.6286026835441589,-0.3437187671661377,0.9971324801445007,0.08670507371425629,0.6272330284118652,-0.3439162075519562,0.9966002702713013,0.0858142077922821,0.6255201101303101,-0.3441053330898285,0.9980979561805725,0.10280457139015198,0.6053898930549622,-0.5438554286956787,0.9982595443725586,0.09629172831773758,0.605485200881958,-0.25939929485321045,0.9982179999351501,0.13989247381687164,0.6266467571258545,-0.3941955268383026,0.9987411499023438,0.1383543759584427,0.6278918385505676,-0.3120589852333069,0.9980458617210388,0.24643190205097198,0.5807672739028931,-0.6034080982208252,0.9995861053466797,0.19232331216335297,0.5733902454376221,-0.04143544286489487,0.9996238946914673,0.45362329483032227,0.5921645760536194,-0.6005291938781738,0.9793669581413269,0.322081983089447,0.5819858908653259,0.31453225016593933,0.45892632007598877,0.40944257378578186,0.6601771712303162,-0.482444167137146,0.9660428166389465,0.2659790813922882,0.6411609649658203,0.5669145584106445,0.620856761932373,0.39244043827056885,0.6824362874031067,-0.5173319578170776,0.9471428990364075,0.22625789046287537,0.6452872157096863,0.6121270656585693,0.619846761226654,0.3534839153289795,0.6777910590171814,-0.49299395084381104,0.9478068351745605,0.2152378261089325,0.6478980779647827,0.5721525549888611,0.6291901469230652,0.36007997393608093,0.6688312888145447,-0.46567487716674805,0.9134184718132019,0.23271068930625916,0.6470409631729126,0.5559554696083069,0.6248818635940552,0.5377532839775085,0.5898965001106262,-0.18926648795604706,0.9982936382293701,0.5188785791397095,0.5853046178817749,0.18927612900733948,0.9975205659866333,0.744740903377533,0.6369343996047974,0.026280131191015244,0.8982114791870117,0.7155306935310364,0.6251788139343262,0.41612693667411804,0.42149612307548523,0.9388801455497742,0.6100800037384033,0.3647720515727997,0.8152638077735901,0.9131633639335632,0.6068089604377747,0.7363319396972656,0.35372716188430786,0.9554167985916138,0.5960484147071838,0.4035186767578125,0.8568394184112549,0.949620246887207,0.5913833975791931,0.7713329792022705,0.405232697725296,0.9725992679595947,0.6359108090400696,0.3719998598098755,0.7877877354621887,0.9479304552078247,0.6339174509048462,0.7067272663116455,0.3794267475605011
233,knee_pushup,1,0.11624617129564285,0.6374330520629883,-0.32377222180366516,0.9978842735290527,0.09052247554063797,0.632289469242096,-0.37869489192962646,0.9983820915222168,0.09064032137393951,0.6304669380187988,-0.3787878155708313,0.9981566667556763,0.09077595174312592,0.628441333770752,-0.37900492548942566,0.9985501766204834,0.08923172205686569,0.6328715682029724,-0.31121647357940674,0.9970903992652893,0.08831226080656052,0.631364107131958,-0.3114010989665985,0.9965864419937134,0.08726581186056137,0.6295088529586792,-0.3116125464439392,0.9980114698410034,0.1000877395272255,0.6103807687759399,-0.5213838815689087,0.9982750415802002,0.09502869099378586,0.6104815602302551,-0.22495605051517487,0.9982167482376099,0.14002388715744019,0.6301475167274475,-0.36524340510368347,0.9986666440963745,0.13926786184310913,0.6306649446487427,-0.2794877588748932,0.9979396462440491,0.23684784770011902,0.5826615691184998,-0.5991591215133667,0.9995633363723755,0.19051037728786469,0.5779791474342346,0.0015291301533579826,0.9995363354682922,0.4540696442127228,0.5984026193618774,-0.5981242060661316,0.9763102531433105,0.32225292921066284,0.5851401090621948,0.3780800700187683,0.42300349473953247,0.3866024613380432,0.6612119674682617,-0.44678017497062683,0.9612438678741455,0.24749156832695007,0.6403813362121582,0.6581910848617554,0.5870203971862793,0.34911850094795227,0.6741155385971069,-0.47428593039512634,0.9410679340362549,0.21137678623199463,0.6442682147026062,0.7135425806045532,0.5939788222312927,0.33024001121520996,0.6761621832847595,-0.4495936632156372,0.9416218996047974,0.1994093805551529,0.6466974020004272,0.6790618300437927,0.6021730899810791,0.3378923833370209,0.6675899028778076,-0.42816486954689026,0.9049952626228333,0.21171674132347107,0.6453892588615417,0.6502348184585571,0.5975579023361206,0.5343031287193298,0.5908640027046204,-0.19919687509536743,0.9980599284172058,0.5194467902183533,0.5887881517410278,0.19932028651237488,0.9972220659255981,0.7429651618003845,0.637121319770813,-0.08016552776098251,0.883865237236023,0.7154637575149536,0.6298581957817078,0.365378201007843,0.3995247185230255,0.9390102028846741,0.6093031764030457,0.27632448077201843,0.8025674819946289,0.9103968143463135,0.6119771599769592,0.667389988899231,0.34076470136642456,0.9520910978317261,0.5956106781959534,0.31720560789108276,0.8578415513038635,0.9510361552238464,0.5953718423843384,0.6972888112068176,0.39794471859931946,0.9726389050483704,0.633860170841217,0.2974790930747986,0.7799195647239685,0.9521691203117371,0.637033998966217,0.6502752900123596,0.3695380687713623
234,knee_pushup,1,0.11319933086633682,0.6469290852546692,-0.5162568092346191,0.9979591965675354,0.08522678166627884,0.6412058472633362,-0.5700787305831909,0.9984615445137024,0.0857279896736145,0.6389715075492859,-0.5701496601104736,0.9982520937919617,0.08632636815309525,0.6365830302238464,-0.570503294467926,0.9986080527305603,0.0826786682009697,0.6429600119590759,-0.49755728244781494,0.9972470998764038,0.08139495551586151,0.6420962810516357,-0.4977319836616516,0.9967681765556335,0.08025303483009338,0.6411124467849731,-0.49787986278533936,0.9980775713920593,0.0944853276014328,0.6188888549804688,-0.6626385450363159,0.9983927607536316,0.08703827112913132,0.6239573955535889,-0.33899161219596863,0.9982969760894775,0.1392856389284134,0.6382943391799927,-0.5353464484214783,0.9986846446990967,0.137291818857193,0.6407964825630188,-0.44252097606658936,0.9979670643806458,0.23373039066791534,0.5846498608589172,-0.6667053699493408,0.9994896054267883,0.17595961689949036,0.5959276556968689,-0.04900088906288147,0.9994800090789795,0.4443337023258209,0.6029508709907532,-0.6132227182388306,0.9654623866081238,0.3042455315589905,0.6145808100700378,0.3474508225917816,0.39138248562812805,0.31629955768585205,0.6572627425193787,-0.3095190227031708,0.9319464564323425,0.24137334525585175,0.6467811465263367,0.6740915775299072,0.549022912979126,0.29330727458000183,0.6671055555343628,-0.3063878118991852,0.9088266491889954,0.2111135721206665,0.6492152810096741,0.7331159710884094,0.563046932220459,0.2576165795326233,0.6650524735450745,-0.29381635785102844,0.9097764492034912,0.2048274576663971,0.6491903066635132,0.7028674483299255,0.5705119967460632,0.2879953384399414,0.6623889207839966,-0.28923285007476807,0.8702278137207031,0.21370679140090942,0.6472043991088867,0.6694958806037903,0.5666670799255371,0.529859185218811,0.5949826240539551,-0.19968967139720917,0.9979923367500305,0.5053356885910034,0.6040133237838745,0.19993309676647186,0.9972215294837952,0.7419756054878235,0.6380943655967712,-0.20820286870002747,0.8746077418327332,0.7136905789375305,0.6358115673065186,0.3054737150669098,0.38204458355903625,0.9239990711212158,0.6081374287605286,0.19238556921482086,0.7954398989677429,0.9078071117401123,0.615483820438385,0.6343895792961121,0.3403903543949127,0.9329275488853455,0.594071626663208,0.23779676854610443,0.8583685159683228,0.944304883480072,0.6022907495498657,0.6657165288925171,0.3957631289958954,0.9756535291671753,0.6301227807998657,0.2071390002965927,0.7781749367713928,0.9573113918304443,0.6396190524101257,0.6043228507041931,0.37138867378234863
235,knee_pushup,1,0.10643099248409271,0.6562171578407288,-0.5779178738594055,0.9980772137641907,0.07590160518884659,0.6502233147621155,-0.6336625814437866,0.9985648989677429,0.07674743235111237,0.6478912234306335,-0.6337180137634277,0.9983735680580139,0.07784707099199295,0.6451416611671448,-0.634082019329071,0.9986957907676697,0.07331932336091995,0.6519825458526611,-0.5628315806388855,0.9974440932273865,0.07223273068666458,0.6509556174278259,-0.5630456209182739,0.9970054626464844,0.07072015106678009,0.6496625542640686,-0.5632413625717163,0.998198926448822,0.08878540247678757,0.6236681342124939,-0.7305721044540405,0.998521625995636,0.07881376892328262,0.6286834478378296,-0.4171985387802124,0.9984224438667297,0.1352216899394989,0.6475176215171814,-0.5984399318695068,0.9987462759017944,0.1332034170627594,0.6499201655387878,-0.5085350275039673,0.9980635046958923,0.2376299500465393,0.5868076682090759,-0.7212495803833008,0.9994122982025146,0.16730213165283203,0.6048663258552551,-0.15320245921611786,0.9994333386421204,0.4610062837600708,0.5999125242233276,-0.6225763559341431,0.9520719647407532,0.29359710216522217,0.623427152633667,0.28736740350723267,0.36469554901123047,0.35499563813209534,0.6550381779670715,-0.28342580795288086,0.8935962319374084,0.23810379207134247,0.6488467454910278,0.6307357549667358,0.5085815191268921,0.33094942569732666,0.6680896878242493,-0.27597853541374207,0.8672685623168945,0.21294471621513367,0.6529743075370789,0.6884937286376953,0.526683509349823,0.298077791929245,0.6646755337715149,-0.265176922082901,0.8689139485359192,0.2082105576992035,0.6523469090461731,0.6683886647224426,0.5337405800819397,0.3131875693798065,0.659595787525177,-0.26321759819984436,0.8274496793746948,0.21523313224315643,0.650399386882782,0.6303516030311584,0.5309138894081116,0.5294077396392822,0.5981613397598267,-0.19705694913864136,0.9978706240653992,0.49638989567756653,0.607767641544342,0.19721722602844238,0.9971413016319275,0.7427309155464172,0.6386510729789734,-0.09250001609325409,0.8620099425315857,0.7134069204330444,0.6388026475906372,0.3977499306201935,0.3698400557041168,0.9127868413925171,0.6084471940994263,0.35524982213974,0.7817660570144653,0.897375762462616,0.6179648041725159,0.7843196392059326,0.336038202047348,0.9282991886138916,0.5943903923034668,0.40510186553001404,0.8519417643547058,0.9292569160461426,0.6051106452941895,0.8232893347740173,0.38858020305633545,0.9750462174415588,0.6313942670822144,0.3756023645401001,0.7714008092880249,0.9551266431808472,0.6423381567001343,0.789113461971283,0.3706398904323578
236,knee_pushup,1,0.10148145258426666,0.6581552028656006,-0.4481870234012604,0.9980615973472595,0.06843990832567215,0.6514493227005005,-0.5088654160499573,0.998559296131134,0.0690196305513382,0.6489108204841614,-0.5089731216430664,0.998386025428772,0.06969642639160156,0.6459353566169739,-0.5093250274658203,0.9986715912818909,0.06634297966957092,0.6527807712554932,-0.43595314025878906,0.9974812865257263,0.06529338657855988,0.6509794592857361,-0.4360615611076355,0.9970681071281433,0.06425333768129349,0.6490164995193481,-0.43621253967285156,0.9981734752655029,0.08180747181177139,0.6234351396560669,-0.6141801476478577,0.9985820055007935,0.0729120746254921,0.6284320950508118,-0.29631978273391724,0.9984479546546936,0.131829634308815,0.6496565341949463,-0.47235092520713806,0.9987103343009949,0.13038448989391327,0.6515229940414429,-0.3809097111225128,0.9980202317237854,0.22585424780845642,0.5924472212791443,-0.637410581111908,0.9993034601211548,0.16748996078968048,0.6045680046081543,-0.04205486550927162,0.9993603229522705,0.44478124380111694,0.6022175550460815,-0.5066659450531006,0.9324619174003601,0.294554740190506,0.6249913573265076,0.3597826659679413,0.338716596364975,0.34060949087142944,0.6528552174568176,-0.12941646575927734,0.8444685339927673,0.23425991833209991,0.6492144465446472,0.6855071783065796,0.47161683440208435,0.33078181743621826,0.6644806265830994,-0.1102379783987999,0.8179299235343933,0.20867930352687836,0.6530762910842896,0.7430199384689331,0.49303117394447327,0.277935653924942,0.6596229672431946,-0.10731338709592819,0.8195165991783142,0.20623451471328735,0.6525910496711731,0.7255955338478088,0.49926748871803284,0.31003814935684204,0.6527762413024902,-0.11117175966501236,0.7796560525894165,0.20964066684246063,0.6509989500045776,0.6849662661552429,0.4970783293247223,0.5260096192359924,0.5997614860534668,-0.19559654593467712,0.9976438283920288,0.5017029643058777,0.6081634759902954,0.195760115981102,0.9970054030418396,0.7427428960800171,0.6385654807090759,-0.15181684494018555,0.8403399586677551,0.7163573503494263,0.6384924054145813,0.3130093216896057,0.35432302951812744,0.9417030215263367,0.6085686087608337,0.19740119576454163,0.7650753855705261,0.910875678062439,0.6182955503463745,0.6138360500335693,0.33012959361076355,0.9397940635681152,0.5946282148361206,0.23656071722507477,0.8483673334121704,0.9562461972236633,0.6044487953186035,0.6414691209793091,0.3853520452976227,0.9897923469543457,0.6314924359321594,0.1965140700340271,0.7603700757026672,0.960426926612854,0.642570436000824,0.587967574596405,0.3664005994796753
237,knee_pushup,1,0.10105534642934799,0.6570372581481934,-0.4649784564971924,0.9979762434959412,0.06316319108009338,0.6495218276977539,-0.5223137140274048,0.9984881281852722,0.06379292905330658,0.6468467116355896,-0.5223926901817322,0.9983260631561279,0.06458268314599991,0.6438348889350891,-0.5227046608924866,0.9985934495925903,0.06074827164411545,0.6514612436294556,-0.4526868760585785,0.9974251389503479,0.05970785766839981,0.650103747844696,-0.45284295082092285,0.9970301985740662,0.05893666297197342,0.648623526096344,-0.45301809906959534,0.9980947971343994,0.07779952883720398,0.6237765550613403,-0.6235364079475403,0.9985931515693665,0.06871101260185242,0.6293630599975586,-0.3153461813926697,0.9984176754951477,0.13162849843502045,0.6485704779624939,-0.48722314834594727,0.9986305832862854,0.12963125109672546,0.6506220102310181,-0.39901649951934814,0.9978914260864258,0.22448912262916565,0.5937293171882629,-0.640500009059906,0.9991650581359863,0.16755248606204987,0.6087467670440674,-0.04721103236079216,0.9993094801902771,0.4454115927219391,0.600587785243988,-0.541092038154602,0.9168382287025452,0.2961954176425934,0.6276552677154541,0.31035932898521423,0.3169604241847992,0.35478171706199646,0.652197539806366,-0.21827957034111023,0.797397255897522,0.2402927577495575,0.65013587474823,0.5889120697975159,0.43843260407447815,0.33167698979377747,0.6644865274429321,-0.206538587808609,0.770345151424408,0.22819431126117706,0.6568403244018555,0.6392116546630859,0.46214666962623596,0.2910696566104889,0.6592075228691101,-0.19890563189983368,0.7715833783149719,0.21166248619556427,0.6544138193130493,0.6148949861526489,0.46777230501174927,0.31602030992507935,0.6525086760520935,-0.20011745393276215,0.7332853078842163,0.22164542973041534,0.6532390117645264,0.5847482681274414,0.46613362431526184,0.5239444971084595,0.5986341238021851,-0.19493813812732697,0.997239887714386,0.4993647634983063,0.6100851893424988,0.19513891637325287,0.9966962337493896,0.7413645386695862,0.6385202407836914,-0.1563078612089157,0.8282181024551392,0.715612530708313,0.6387970447540283,0.31272172927856445,0.34341099858283997,0.9373214244842529,0.6087064743041992,0.19520655274391174,0.7563492059707642,0.9131967425346375,0.6182941794395447,0.6157566905021667,0.3296879231929779,0.9555788636207581,0.5922055840492249,0.2340407818555832,0.8467724323272705,0.9568400979042053,0.603977382183075,0.6433501839637756,0.38655656576156616,0.9890140891075134,0.630267322063446,0.18689510226249695,0.7549379467964172,0.9640347361564636,0.6426244974136353,0.5833408832550049,0.36752015352249146
238,knee_pushup,1,0.10068690776824951,0.6554585695266724,-0.4219943583011627,0.997920036315918,0.0625351145863533,0.6480721235275269,-0.47774550318717957,0.998477041721344,0.06258749961853027,0.6455537676811218,-0.4778291881084442,0.9983183145523071,0.06262624263763428,0.6422902345657349,-0.4781307280063629,0.9985706806182861,0.06057800352573395,0.6491560339927673,-0.4072866439819336,0.997424304485321,0.05930311977863312,0.6474213004112244,-0.4074067175388336,0.9970226883888245,0.05818493291735649,0.6454822421073914,-0.40756529569625854,0.9980465769767761,0.07604099065065384,0.6221158504486084,-0.5890319347381592,0.9986258149147034,0.0681646391749382,0.6250986456871033,-0.2791341543197632,0.9984174370765686,0.1303372085094452,0.6468443870544434,-0.4495992064476013,0.9985469579696655,0.1284848302602768,0.6482872366905212,-0.3604535460472107,0.9977933764457703,0.21826031804084778,0.5939435362815857,-0.6265137195587158,0.9990625977516174,0.17118830978870392,0.604062557220459,-0.026191074401140213,0.9991822838783264,0.43782567977905273,0.6090914607048035,-0.5265627503395081,0.9065014719963074,0.2963526248931885,0.6207706332206726,0.36283957958221436,0.29358887672424316,0.30987298488616943,0.6522705554962158,-0.17792844772338867,0.7792396545410156,0.24105754494667053,0.6499922871589661,0.6781778931617737,0.4102117717266083,0.27974170446395874,0.6634499430656433,-0.16743601858615875,0.7514519691467285,0.2198653370141983,0.655762791633606,0.7344337701797485,0.4385469853878021,0.25671082735061646,0.6579201817512512,-0.15863680839538574,0.7527148127555847,0.20455171167850494,0.6537222862243652,0.7101339101791382,0.44371703267097473,0.26813262701034546,0.6530439257621765,-0.1587233692407608,0.7142049074172974,0.21112006902694702,0.6526181101799011,0.6751803159713745,0.4424465000629425,0.5272788405418396,0.5986104607582092,-0.19685693085193634,0.9968987107276917,0.5024026036262512,0.6066272258758545,0.19721290469169617,0.9963930249214172,0.7414328455924988,0.6384225487709045,-0.17654265463352203,0.809066891670227,0.7193791270256042,0.638351321220398,0.3077700436115265,0.3249983489513397,0.9468076229095459,0.6085374355316162,0.15555353462696075,0.7321824431419373,0.9332080483436584,0.6104156374931335,0.5814478993415833,0.3154478371143341,0.9536265134811401,0.5926513075828552,0.19427116215229034,0.8402841687202454,0.9645323157310486,0.6000025868415833,0.6069626808166504,0.376991868019104,0.9882171154022217,0.6306270360946655,0.16946850717067719,0.7353194355964661,0.9658994078636169,0.6388001441955566,0.5641567707061768,0.3532315790653229
239,knee_pushup,1,0.10593639314174652,0.6513404250144958,-0.45664364099502563,0.9980689287185669,0.07197491079568863,0.6435806155204773,-0.504669189453125,0.9985825419425964,0.0725175067782402,0.6408651471138,-0.5047031044960022,0.9984433650970459,0.07291129231452942,0.6377134919166565,-0.5049208402633667,0.9986792802810669,0.06985035538673401,0.6454113125801086,-0.4396907091140747,0.9975978136062622,0.06880957633256912,0.6440558433532715,-0.43978703022003174,0.9972217679023743,0.06771235167980194,0.6424791216850281,-0.43991920351982117,0.9981526136398315,0.08352011442184448,0.6176561713218689,-0.5900014638900757,0.9987453818321228,0.07635101675987244,0.624459445476532,-0.28157946467399597,0.9985167384147644,0.1356010138988495,0.6437307596206665,-0.4680889844894409,0.9986677765846252,0.13372017443180084,0.6459351778030396,-0.38605791330337524,0.9979493021965027,0.21491043269634247,0.5879932045936584,-0.619067370891571,0.9991496801376343,0.1702914834022522,0.6105161309242249,-0.04101540893316269,0.999218225479126,0.41135886311531067,0.5772637128829956,-0.6362541317939758,0.9142882823944092,0.2692970633506775,0.6250649690628052,0.38337355852127075,0.2831319570541382,0.5171263217926025,0.5952049493789673,-0.6296671628952026,0.7917608022689819,0.22935867309570312,0.6513432860374451,0.6664679050445557,0.40039849281311035,0.571830689907074,0.5942696332931519,-0.6707234978675842,0.7619566917419434,0.2062131017446518,0.6557414531707764,0.7166323661804199,0.42890647053718567,0.5616192817687988,0.6089772582054138,-0.6891933083534241,0.7627972960472107,0.20077086985111237,0.654535710811615,0.672575056552887,0.43524205684661865,0.5487551689147949,0.6106088161468506,-0.6296398639678955,0.7249602675437927,0.20518162846565247,0.6531972885131836,0.654893696308136,0.4349682629108429,0.5265026092529297,0.596328854560852,-0.1859935075044632,0.9971239566802979,0.5033690929412842,0.6147229075431824,0.18625859916210175,0.9966221451759338,0.7399313449859619,0.6384555101394653,-0.25972938537597656,0.8111727833747864,0.7212611436843872,0.6403444409370422,0.19251713156700134,0.32019805908203125,0.9443932175636292,0.6080151796340942,0.10796874761581421,0.7255714535713196,0.9271664619445801,0.6172254681587219,0.4625007212162018,0.31225109100341797,0.9539774656295776,0.5917776226997375,0.1458776593208313,0.836135983467102,0.9701871871948242,0.603868842124939,0.48405271768569946,0.3746832013130188,0.9873719811439514,0.6292927265167236,0.08157472312450409,0.7279363870620728,0.9734973311424255,0.6423118114471436,0.37745705246925354,0.35255998373031616
240,knee_pushup,1,0.10628818720579147,0.6472254991531372,-0.28517645597457886,0.9980967044830322,0.07297302037477493,0.6398603916168213,-0.3284645974636078,0.9985615611076355,0.07554103434085846,0.6372393369674683,-0.3285256326198578,0.9984521865844727,0.07726850360631943,0.6342636346817017,-0.32866525650024414,0.9986796975135803,0.07024232298135757,0.6415050625801086,-0.26956668496131897,0.9976005554199219,0.0708053857088089,0.6401532888412476,-0.2697078287601471,0.9972423911094666,0.07101902365684509,0.6385902762413025,-0.26989904046058655,0.9981114864349365,0.08780951797962189,0.6149060726165771,-0.40001028776168823,0.998787522315979,0.08085757493972778,0.6213890314102173,-0.139045849442482,0.9984877109527588,0.13839229941368103,0.6398617625236511,-0.2985907196998596,0.9986894726753235,0.13635607063770294,0.641902506351471,-0.22359848022460938,0.9979190230369568,0.21053177118301392,0.586014986038208,-0.43407267332077026,0.9992085695266724,0.1726011037826538,0.6102985739707947,0.06241286173462868,0.9992137551307678,0.3847419023513794,0.5698035955429077,-0.4894654154777527,0.9185198545455933,0.27275991439819336,0.6258703470230103,0.411331444978714,0.27909085154533386,0.5118950605392456,0.5854393243789673,-0.5048233270645142,0.787284791469574,0.23181048035621643,0.6514891982078552,0.6132619380950928,0.3919825553894043,0.566683292388916,0.5860959887504578,-0.5324387550354004,0.7550344467163086,0.20830997824668884,0.6554967761039734,0.6587654948234558,0.42055025696754456,0.5560814738273621,0.5978341102600098,-0.5373467803001404,0.7551261186599731,0.20117567479610443,0.6544990539550781,0.6205101013183594,0.42759186029434204,0.5434586405754089,0.5997915267944336,-0.49776285886764526,0.7174963355064392,0.20871087908744812,0.6531829237937927,0.6020859479904175,0.4271494448184967,0.5237877368927002,0.5956462621688843,-0.1682605892419815,0.9971821904182434,0.5038154721260071,0.6139264702796936,0.16851775348186493,0.9966378211975098,0.7325567007064819,0.6383692026138306,-0.29562094807624817,0.8037805557250977,0.7209056615829468,0.6408703327178955,0.10672455281019211,0.3109016716480255,0.9429291486740112,0.608051061630249,-0.003629888640716672,0.7176634669303894,0.9423006176948547,0.6171703338623047,0.29274657368659973,0.3056444823741913,0.9530852437019348,0.5920679569244385,0.02726718597114086,0.8331304788589478,0.9734694957733154,0.6045345664024353,0.30634936690330505,0.3717121183872223,0.9939215183258057,0.6279298067092896,-0.030237188562750816,0.7185923457145691,0.9769010543823242,0.6410156488418579,0.19895249605178833,0.34648415446281433
241,knee_pushup,1,0.10973022878170013,0.6436370611190796,-0.3093169927597046,0.9979868531227112,0.07754278182983398,0.6348113417625427,-0.3549831807613373,0.9983921647071838,0.07895611971616745,0.6323912143707275,-0.3550134599208832,0.9983131289482117,0.07971401512622833,0.629793107509613,-0.3551284372806549,0.9985256195068359,0.07489874213933945,0.6364879012107849,-0.2941319942474365,0.997414767742157,0.07443282753229141,0.6353008151054382,-0.29430899024009705,0.9970830678939819,0.07365289330482483,0.6339823603630066,-0.2945357859134674,0.9979459047317505,0.08983512222766876,0.6126493811607361,-0.4402611553668976,0.9986951351165771,0.08284816890954971,0.6207185387611389,-0.17176930606365204,0.9983541965484619,0.13886623084545135,0.6387035846710205,-0.3292306959629059,0.9986024498939514,0.136091947555542,0.6409977674484253,-0.25174012780189514,0.9977461099624634,0.2147284746170044,0.5799977779388428,-0.48418810963630676,0.9992186427116394,0.1746610403060913,0.6038250923156738,0.040575746446847916,0.99920654296875,0.39335906505584717,0.5737314820289612,-0.5236366391181946,0.9213653206825256,0.281342089176178,0.6237327456474304,0.39769577980041504,0.27461329102516174,0.4838506877422333,0.6060833930969238,-0.5065136551856995,0.7893111705780029,0.23445667326450348,0.651128888130188,0.5990368723869324,0.3995610773563385,0.4977588355541229,0.613254964351654,-0.5358970761299133,0.7555729746818542,0.20964491367340088,0.6551920175552368,0.6418516039848328,0.4305286407470703,0.4775920808315277,0.6174285411834717,-0.5342162251472473,0.7548430562019348,0.20189210772514343,0.6545137166976929,0.6030547022819519,0.43771713972091675,0.47255250811576843,0.6155314445495605,-0.4987961947917938,0.7166979908943176,0.21076828241348267,0.6530929207801819,0.5877252817153931,0.4357934594154358,0.5248836278915405,0.5936883091926575,-0.17101435363292694,0.9970589876174927,0.5040428042411804,0.610568642616272,0.17125236988067627,0.9965314865112305,0.7337623238563538,0.6383147835731506,-0.30432841181755066,0.8009141683578491,0.720737099647522,0.6410741209983826,0.14851710200309753,0.2982290983200073,0.9402748346328735,0.6088056564331055,0.01978212781250477,0.7055595517158508,0.9409834146499634,0.6162840127944946,0.3592514991760254,0.2944451868534088,0.9496085047721863,0.5921949744224548,0.05677899718284607,0.8291328549385071,0.9696069955825806,0.6042689681053162,0.37630853056907654,0.3649265468120575,0.9943669438362122,0.6271674633026123,0.033688269555568695,0.7034607529640198,0.9765880107879639,0.6389442086219788,0.29306310415267944,0.3330285847187042
242,knee_pushup,1,0.11168418824672699,0.6109551191329956,-0.212786003947258,0.9962785243988037,0.07839048653841019,0.602311372756958,-0.2580942213535309,0.9969260096549988,0.08022674173116684,0.6006682515144348,-0.25814706087112427,0.996612012386322,0.08143103122711182,0.5988160967826843,-0.2582498788833618,0.9971740245819092,0.07569359242916107,0.6021411418914795,-0.19481752812862396,0.9956662654876709,0.07547600567340851,0.6005216836929321,-0.1949947625398636,0.9950888156890869,0.07478465139865875,0.5987213253974915,-0.1952345073223114,0.9967227578163147,0.09680616855621338,0.5852710008621216,-0.3636040687561035,0.9968361854553223,0.08874822407960892,0.5858974456787109,-0.08487030118703842,0.996944785118103,0.13843108713626862,0.6084030270576477,-0.242720365524292,0.9966843128204346,0.13585606217384338,0.6085994839668274,-0.16173452138900757,0.9952722787857056,0.2255810797214508,0.5723053812980652,-0.44490888714790344,0.9986326098442078,0.1928321123123169,0.5706875324249268,0.11151235550642014,0.9987724423408508,0.402066171169281,0.5852159261703491,-0.48309430480003357,0.9205682873725891,0.29902979731559753,0.6052408218383789,0.3727644681930542,0.2640262246131897,0.4156000316143036,0.6348642110824585,-0.43254202604293823,0.7916362285614014,0.2586630880832672,0.647289514541626,0.4291204512119293,0.39343222975730896,0.407200425863266,0.647720992565155,-0.4774436354637146,0.7563467621803284,0.21487627923488617,0.6527765393257141,0.4535585641860962,0.42472079396247864,0.3803713023662567,0.6431149244308472,-0.45077329874038696,0.7550535798072815,0.20845124125480652,0.6533267498016357,0.4056414067745209,0.4320128262042999,0.3830716907978058,0.6378201842308044,-0.4197636544704437,0.7154929637908936,0.2255096286535263,0.6508500576019287,0.40986573696136475,0.4302862882614136,0.5263465046882629,0.5856185555458069,-0.17253412306308746,0.9954047203063965,0.5079072117805481,0.5861112475395203,0.17275337874889374,0.9950247406959534,0.7458634972572327,0.636895477771759,-0.27034035325050354,0.7871297597885132,0.7307225465774536,0.6340727210044861,0.17468561232089996,0.27961379289627075,0.9409579038619995,0.608831524848938,0.05506807565689087,0.6869012713432312,0.950978696346283,0.6060662269592285,0.3751300275325775,0.27498215436935425,0.9508066773414612,0.592439591884613,0.08423629403114319,0.8208313584327698,0.980338990688324,0.5966143012046814,0.39176762104034424,0.34877052903175354,0.9940082430839539,0.6274035573005676,0.04720931500196457,0.678959310054779,0.9745760560035706,0.6316113471984863,0.31634610891342163,0.31256434321403503
243,knee_pushup,1,0.11428305506706238,0.6022315621376038,-0.18514564633369446,0.9963580965995789,0.08352987468242645,0.595025360584259,-0.22647857666015625,0.9969650506973267,0.08438225835561752,0.593322217464447,-0.22651831805706024,0.9966714978218079,0.0847005695104599,0.5913093686103821,-0.22654955089092255,0.9972435235977173,0.08120287209749222,0.5947257280349731,-0.1658427119255066,0.9957301020622253,0.08029631525278091,0.5929118990898132,-0.16598036885261536,0.9951576590538025,0.07890355587005615,0.5908241868019104,-0.16618330776691437,0.9967678785324097,0.10068439692258835,0.5750027894973755,-0.3208891451358795,0.9968840479850769,0.09475497156381607,0.5751069784164429,-0.05531030893325806,0.9969213604927063,0.13873796164989471,0.5979093909263611,-0.21252723038196564,0.996628999710083,0.13717077672481537,0.5979533791542053,-0.13503588736057281,0.9951518177986145,0.2271980494260788,0.5591773390769958,-0.408532977104187,0.9986361265182495,0.20817360281944275,0.5601900815963745,0.14764997363090515,0.9985975027084351,0.4053509831428528,0.5625094771385193,-0.44987478852272034,0.9238283634185791,0.3154555559158325,0.6003191471099854,0.36418479681015015,0.2669762670993805,0.5037089586257935,0.5826324224472046,-0.43537500500679016,0.8008633852005005,0.26736143231391907,0.6492229700088501,0.37666264176368713,0.41156432032585144,0.5441065430641174,0.5883843898773193,-0.481965035200119,0.7638741731643677,0.22402159869670868,0.6550493836402893,0.3940728008747101,0.4375078082084656,0.5325528979301453,0.5940413475036621,-0.48317962884902954,0.7620893716812134,0.21370181441307068,0.6545686721801758,0.34155821800231934,0.4453926682472229,0.5206984877586365,0.5939127206802368,-0.4335878789424896,0.7233832478523254,0.23239634931087494,0.6524943709373474,0.3537153899669647,0.44315388798713684,0.5265189409255981,0.5779249668121338,-0.17305651307106018,0.9948533177375793,0.5091596841812134,0.5810919404029846,0.17323996126651764,0.994458794593811,0.7457665205001831,0.636139988899231,-0.23953364789485931,0.7906786799430847,0.7286954522132874,0.6330435872077942,0.12590929865837097,0.28097623586654663,0.9447604417800903,0.60906982421875,-0.037259940057992935,0.6932635307312012,0.9477061033248901,0.6047725081443787,0.24057728052139282,0.2689341902732849,0.9504091143608093,0.5929052233695984,-0.021542657166719437,0.8240061402320862,0.9797560572624207,0.5948013663291931,0.2464408278465271,0.34757474064826965,0.9920233488082886,0.6294907331466675,-0.0815400704741478,0.6812933087348938,0.9991816282272339,0.631049633026123,0.15115246176719666,0.3059402108192444
244,knee_pushup,1,0.11504610627889633,0.588480532169342,-0.4850211441516876,0.9964536428451538,0.08920815587043762,0.5783191919326782,-0.5342620611190796,0.9970322251319885,0.09158185124397278,0.576249361038208,-0.534191906452179,0.9967033863067627,0.09407416731119156,0.5738536715507507,-0.5342937111854553,0.9972882270812988,0.08470719307661057,0.5786427855491638,-0.46720781922340393,0.9958512187004089,0.08365534245967865,0.5769355297088623,-0.4675092399120331,0.9952945709228516,0.08241645246744156,0.5748270153999329,-0.4677499532699585,0.9969061613082886,0.12083731591701508,0.5577877759933472,-0.6302252411842346,0.9968515634536743,0.1051507219672203,0.5580127239227295,-0.33547455072402954,0.9970345497131348,0.13996028900146484,0.585276186466217,-0.508897602558136,0.9965969920158386,0.13806910812854767,0.5866203308105469,-0.42381665110588074,0.9952375292778015,0.2889173626899719,0.5465083122253418,-0.6532153487205505,0.9979745745658875,0.20548535883426666,0.5466840863227844,-0.1146845892071724,0.9986422657966614,0.44974642992019653,0.5696257948875427,-0.64509117603302,0.9252135157585144,0.3032287061214447,0.5883144736289978,0.1054920107126236,0.28576868772506714,0.45960599184036255,0.6435402631759644,-0.543694257736206,0.8081356287002563,0.2734331786632538,0.6494389772415161,0.12582528591156006,0.4359816610813141,0.4343203902244568,0.6437031626701355,-0.595308780670166,0.7699349522590637,0.23064878582954407,0.6554059386253357,0.13036790490150452,0.4589567184448242,0.40580421686172485,0.6369878649711609,-0.5816292762756348,0.7685379981994629,0.22445327043533325,0.6551592946052551,0.06905753165483475,0.46786773204803467,0.4086832106113434,0.6305781006813049,-0.5356987118721008,0.7288509607315063,0.24531754851341248,0.6530140042304993,0.1006123423576355,0.4657154381275177,0.5491522550582886,0.568810224533081,-0.1733332872390747,0.9944540858268738,0.5056982636451721,0.5688972473144531,0.17343232035636902,0.9944876432418823,0.7382072806358337,0.6359021663665771,-0.1773376613855362,0.7981703281402588,0.7141451239585876,0.6291509866714478,0.17126066982746124,0.29723188281059265,0.9233168363571167,0.6097829937934875,0.1462266743183136,0.6996840238571167,0.9329939484596252,0.6014914512634277,0.4497593641281128,0.2808030843734741,0.9418812990188599,0.59587562084198,0.1803392767906189,0.8234811425209045,0.9636394381523132,0.5914324522018433,0.4787317216396332,0.3556254208087921,0.9711042642593384,0.631695568561554,0.16049855947494507,0.6841313242912292,0.9956507086753845,0.6269678473472595,0.4503306746482849,0.3140620291233063
245,knee_pushup,1,0.11918386816978455,0.5742490887641907,-0.47771474719047546,0.9965514540672302,0.10212819278240204,0.5637899041175842,-0.5256840586662292,0.9970613718032837,0.10524561256170273,0.5618249773979187,-0.5255835056304932,0.9966935515403748,0.1086680144071579,0.5596065521240234,-0.5256236791610718,0.9972962737083435,0.09689466655254364,0.5642961263656616,-0.45988380908966064,0.9959320425987244,0.09600181132555008,0.5627543926239014,-0.46018803119659424,0.9954094886779785,0.09506873786449432,0.5608516931533813,-0.46042612195014954,0.9970348477363586,0.1349186897277832,0.5450240969657898,-0.6199958920478821,0.9967154860496521,0.11580366641283035,0.5452307462692261,-0.33100709319114685,0.9971309304237366,0.14672037959098816,0.5721253752708435,-0.5007379055023193,0.9965554475784302,0.1429942548274994,0.5739223957061768,-0.417336106300354,0.9953522086143494,0.3085542917251587,0.5369610786437988,-0.649354875087738,0.9975135326385498,0.20825734734535217,0.534733235836029,-0.11173843592405319,0.9987072944641113,0.4661386013031006,0.5711118578910828,-0.6576945185661316,0.9279404878616333,0.3031492829322815,0.5858542323112488,0.08057013899087906,0.30715975165367126,0.45310965180397034,0.651317298412323,-0.6100319623947144,0.8177098035812378,0.28011029958724976,0.6494256854057312,0.048614561557769775,0.4613640308380127,0.42794644832611084,0.6599413156509399,-0.6727510094642639,0.7785429954528809,0.23771630227565765,0.6553432941436768,0.04842567443847656,0.4798326790332794,0.3992425799369812,0.6525565385818481,-0.6520048379898071,0.7771812081336975,0.23287171125411987,0.6553366184234619,-0.0221647210419178,0.48955655097961426,0.4025518298149109,0.6462865471839905,-0.6016207337379456,0.7366701364517212,0.25351375341415405,0.6532555222511292,0.01849280297756195,0.48741793632507324,0.563234269618988,0.5665673017501831,-0.172719806432724,0.9939344525337219,0.5060449838638306,0.562218427658081,0.17265000939369202,0.9944051504135132,0.7379911541938782,0.6348852515220642,-0.05227982625365257,0.8073573708534241,0.7142601013183594,0.6270326972007751,0.2578183114528656,0.3152598738670349,0.9247121214866638,0.6111797094345093,0.2503298819065094,0.7150457501411438,0.9301741719245911,0.6005855798721313,0.5289483070373535,0.2966408133506775,0.9419240355491638,0.5977476835250854,0.28080764412879944,0.827376127243042,0.9605112075805664,0.5909100770950317,0.5552195906639099,0.36929166316986084,0.9649277925491333,0.6342275142669678,0.23111051321029663,0.6948322653770447,0.9725423455238342,0.627673327922821,0.5031549334526062,0.3295609951019287
246,knee_pushup,1,0.14292964339256287,0.5461151599884033,-0.47185108065605164,0.9965288639068604,0.12928621470928192,0.534873366355896,-0.5204383730888367,0.9969353675842285,0.13287267088890076,0.5331024527549744,-0.5203937292098999,0.9965255856513977,0.13690710067749023,0.5311418175697327,-0.5205129384994507,0.9971875548362732,0.12439451366662979,0.5351611971855164,-0.4499123990535736,0.9958147406578064,0.12430387735366821,0.5336653590202332,-0.450230211019516,0.9953106641769409,0.12459657341241837,0.5318576693534851,-0.45050132274627686,0.9970539808273315,0.16572758555412292,0.5179665684700012,-0.6152538061141968,0.9963409900665283,0.14560331404209137,0.5187926292419434,-0.30578839778900146,0.9970996975898743,0.17383861541748047,0.5437449216842651,-0.495913565158844,0.9963511824607849,0.16971775889396667,0.5452757477760315,-0.4060848355293274,0.9951702356338501,0.35201624035835266,0.5089701414108276,-0.6520519852638245,0.9969356060028076,0.22685770690441132,0.5200024843215942,-0.09350268542766571,0.9987589120864868,0.48534971475601196,0.5687613487243652,-0.7090603709220886,0.9322925209999084,0.30313438177108765,0.5834598541259766,0.05442565307021141,0.3359522223472595,0.45024967193603516,0.6488283276557922,-0.6863069534301758,0.8308359980583191,0.2821231186389923,0.6487661004066467,-0.031095918267965317,0.4866121709346771,0.4286676049232483,0.6592500805854797,-0.7635171413421631,0.7926412224769592,0.23854169249534607,0.6549370884895325,-0.04211779683828354,0.4985298812389374,0.40112102031707764,0.6548299789428711,-0.7330858111381531,0.7915071249008179,0.2374417632818222,0.6552594304084778,-0.1124788224697113,0.5094084739685059,0.4008795917034149,0.6511847972869873,-0.6759697794914246,0.7511137127876282,0.2576368749141693,0.6532244086265564,-0.06420784443616867,0.5079706907272339,0.5959359407424927,0.5530073642730713,-0.16930730640888214,0.993658185005188,0.5088889002799988,0.5596890449523926,0.1691463142633438,0.99460768699646,0.7471612095832825,0.634137749671936,-0.1708148717880249,0.8141523599624634,0.696637749671936,0.6275217533111572,0.04730270430445671,0.3337368965148926,0.9254211187362671,0.6110788583755493,0.1975143849849701,0.7213342189788818,0.9274630546569824,0.6013645529747009,0.3568984866142273,0.30617937445640564,0.9419037103652954,0.5979454517364502,0.23260250687599182,0.8225927948951721,0.9577305912971497,0.5914791822433472,0.38890787959098816,0.37615618109703064,0.9652029871940613,0.6348157525062561,0.19361571967601776,0.6942727565765381,0.974543571472168,0.6285379528999329,0.3224521577358246,0.3354824185371399
247,knee_pushup,1,0.16698729991912842,0.5338940024375916,-0.45948776602745056,0.9965624213218689,0.14903493225574493,0.5237866640090942,-0.509046196937561,0.9968931078910828,0.15204882621765137,0.5218435525894165,-0.5090085864067078,0.996464729309082,0.15546491742134094,0.5196854472160339,-0.5091193914413452,0.9971418380737305,0.1448398381471634,0.5245215892791748,-0.4374001920223236,0.9957754015922546,0.14466923475265503,0.5232340097427368,-0.4377110004425049,0.9952872395515442,0.14476968348026276,0.5216948986053467,-0.43797722458839417,0.9970916509628296,0.18189965188503265,0.5050892233848572,-0.6091632843017578,0.9962266087532043,0.16387614607810974,0.5078786611557007,-0.29343199729919434,0.9971437454223633,0.19796299934387207,0.5321694612503052,-0.4853917956352234,0.9963812232017517,0.19426216185092926,0.5334948897361755,-0.39389193058013916,0.9952548146247864,0.35551339387893677,0.4955228269100189,-0.6584733724594116,0.9968469738960266,0.24549631774425507,0.5143376588821411,-0.07656922936439514,0.9988346695899963,0.47947296500205994,0.5636450052261353,-0.7237280607223511,0.9369610548019409,0.30329909920692444,0.5803543925285339,0.11222255229949951,0.3677228093147278,0.45001843571662903,0.6476960778236389,-0.7157999277114868,0.8429420590400696,0.28483569622039795,0.6486679911613464,0.06967112421989441,0.5162374377250671,0.4291777014732361,0.6590169072151184,-0.7911426424980164,0.8055908679962158,0.23946411907672882,0.6550124287605286,0.07042233645915985,0.5220779776573181,0.4017584025859833,0.6560195684432983,-0.761199414730072,0.8045607209205627,0.2397601157426834,0.6554698348045349,-0.0017133711371570826,0.5338359475135803,0.401334673166275,0.6526685953140259,-0.7047020792961121,0.7638735771179199,0.2634209096431732,0.6533812284469604,0.03670153021812439,0.532866358757019,0.598540723323822,0.5506113767623901,-0.16912256181240082,0.9936192631721497,0.5211426615715027,0.5613816380500793,0.1688900738954544,0.9947565197944641,0.7553408145904541,0.6340911984443665,-0.2541123926639557,0.8203966021537781,0.6996236443519592,0.6277437806129456,0.05440954491496086,0.34409669041633606,0.9372501969337463,0.6110625267028809,0.1645471602678299,0.7313151955604553,0.927728533744812,0.6095202565193176,0.3905879259109497,0.308949738740921,0.9478285312652588,0.5978834629058838,0.21298980712890625,0.8221889138221741,0.9620681405067444,0.5965514183044434,0.4230557680130005,0.37681201100349426,0.9750910997390747,0.635434627532959,0.17293892800807953,0.6987881660461426,0.9888862371444702,0.630512535572052,0.35206690430641174,0.3358463943004608
248,knee_pushup,1,0.1895175725221634,0.5247936844825745,-0.5179015398025513,0.9968055486679077,0.17224818468093872,0.5148447751998901,-0.5678654909133911,0.9971039891242981,0.1754247099161148,0.5128508806228638,-0.5678361654281616,0.9967046976089478,0.1789529025554657,0.5106046199798584,-0.5679675340652466,0.9973437786102295,0.16678838431835175,0.5156751275062561,-0.49847424030303955,0.9960314631462097,0.1660221815109253,0.5143663883209229,-0.49880197644233704,0.9955663681030273,0.16543759405612946,0.5128098726272583,-0.4990394115447998,0.997277021408081,0.20225971937179565,0.4956091344356537,-0.6666673421859741,0.9964829087257385,0.18190355598926544,0.4987996816635132,-0.35973018407821655,0.997330367565155,0.21643929183483124,0.5225847959518433,-0.5421792268753052,0.9966551661491394,0.21185140311717987,0.5238249897956848,-0.4534035623073578,0.9955976009368896,0.3673401176929474,0.4870864748954773,-0.7184661626815796,0.9970958828926086,0.2558724284172058,0.5067463517189026,-0.13332238793373108,0.9989253878593445,0.47452980279922485,0.5644911527633667,-0.7785062789916992,0.942298173904419,0.3035055696964264,0.5768752098083496,0.09603994339704514,0.4005906879901886,0.45143845677375793,0.6478691101074219,-0.7845548391342163,0.8568167686462402,0.2864243984222412,0.6486872434616089,0.11025985330343246,0.5464206337928772,0.42953938245773315,0.6604670286178589,-0.863419234752655,0.8217791318893433,0.24517714977264404,0.6551762819290161,0.11689823120832443,0.5476136207580566,0.40303054451942444,0.657904863357544,-0.8427891135215759,0.8209452033042908,0.24491789937019348,0.655631959438324,0.0475187711417675,0.5600188374519348,0.4034372568130493,0.6547033190727234,-0.776586651802063,0.7819726467132568,0.2686161696910858,0.6536255478858948,0.0797085389494896,0.5592214465141296,0.6014461517333984,0.5500945448875427,-0.16633276641368866,0.9941583275794983,0.5336949229240417,0.5646337270736694,0.16596391797065735,0.9951875805854797,0.7551072239875793,0.6339817643165588,-0.21010489761829376,0.8303431272506714,0.6978437900543213,0.6298779845237732,0.1970544159412384,0.36557984352111816,0.9303193688392639,0.6107981204986572,0.2646845579147339,0.7461219429969788,0.9070439338684082,0.6132089495658875,0.6010661721229553,0.3195396661758423,0.9364849925041199,0.596603512763977,0.3165033459663391,0.8290706276893616,0.9360079169273376,0.5967057347297668,0.6443368196487427,0.3847317099571228,0.9751302599906921,0.6352338790893555,0.31272098422050476,0.7131249308586121,0.9706150889396667,0.630713164806366,0.625774085521698,0.3466327488422394
249,knee_pushup,1,0.20487435162067413,0.5199286341667175,-0.4908369481563568,0.9970237612724304,0.186809241771698,0.5111035704612732,-0.5372463464736938,0.9973092675209045,0.18899942934513092,0.5093470215797424,-0.5372444987297058,0.9969417452812195,0.19135338068008423,0.5073072910308838,-0.5373852849006653,0.9975402355194092,0.18275731801986694,0.5115004777908325,-0.47180554270744324,0.9962620735168457,0.1819932609796524,0.5101537704467773,-0.47211119532585144,0.9958232641220093,0.1811380237340927,0.5085223913192749,-0.4723373055458069,0.9974508881568909,0.2117362767457962,0.49011510610580444,-0.6338812112808228,0.9967356324195862,0.19568288326263428,0.49244651198387146,-0.34444206953048706,0.9974968433380127,0.22866210341453552,0.5172528028488159,-0.5150489807128906,0.9969173073768616,0.22484055161476135,0.5183448791503906,-0.43128782510757446,0.9959270358085632,0.3729247748851776,0.4819255769252777,-0.6878122687339783,0.9973216652870178,0.2760847508907318,0.50118088722229,-0.1285911202430725,0.9989946484565735,0.47319355607032776,0.5646077990531921,-0.7264496088027954,0.9470877051353455,0.3075733184814453,0.5758941173553467,0.05738214775919914,0.4250420033931732,0.45238327980041504,0.647495687007904,-0.7182967662811279,0.8690566420555115,0.2849060595035553,0.6488702297210693,0.03715548664331436,0.5674312114715576,0.43207812309265137,0.6611924171447754,-0.788348376750946,0.8359495401382446,0.24419954419136047,0.6560019850730896,0.038984645158052444,0.5639732480049133,0.4113565683364868,0.6583085656166077,-0.7717503309249878,0.8353180885314941,0.24224607646465302,0.6564025282859802,-0.02949439361691475,0.5771453380584717,0.41237854957580566,0.6544960141181946,-0.7111409902572632,0.7978507280349731,0.2643040418624878,0.6542348861694336,0.005332187283784151,0.5762649178504944,0.6057239770889282,0.5516403913497925,-0.1608109176158905,0.9946319460868835,0.5402196645736694,0.5643370151519775,0.16039413213729858,0.99550861120224,0.7545302510261536,0.6334648728370667,-0.1251438409090042,0.8422967195510864,0.6992771625518799,0.6299658417701721,0.3073362112045288,0.38360199332237244,0.9284628033638,0.6107864379882812,0.2766549587249756,0.764578104019165,0.894025981426239,0.6158500909805298,0.6171126961708069,0.33502110838890076,0.9348508715629578,0.5965771079063416,0.3211396038532257,0.8404306173324585,0.913373589515686,0.5959404706954956,0.6506078243255615,0.3985714614391327,0.9723450541496277,0.6335585117340088,0.3205610513687134,0.7331321239471436,0.9450965523719788,0.6309236884117126,0.630860447883606,0.367436945438385
250,knee_pushup,1,0.2193092256784439,0.5107967853546143,-0.5724135637283325,0.9971919059753418,0.20178304612636566,0.5006997585296631,-0.6190567016601562,0.9974572658538818,0.20402507483959198,0.49896374344825745,-0.6190811395645142,0.9971190690994263,0.2064470797777176,0.49697548151016235,-0.6192516088485718,0.9976938366889954,0.1976749151945114,0.5012350082397461,-0.5519409775733948,0.9963959455490112,0.1968827098608017,0.49993836879730225,-0.552224338054657,0.9959649443626404,0.19606222212314606,0.49839723110198975,-0.5524619817733765,0.9975566864013672,0.2293623834848404,0.48086389899253845,-0.7102439999580383,0.9969255924224854,0.21286164224147797,0.48336321115493774,-0.4115196764469147,0.9975700974464417,0.24377821385860443,0.5091573596000671,-0.5938546657562256,0.9971224665641785,0.2391849011182785,0.5102255940437317,-0.5074842572212219,0.9961623549461365,0.3889499604701996,0.47510895133018494,-0.7582960724830627,0.9975249767303467,0.28189823031425476,0.496040016412735,-0.18469209969043732,0.9990531206130981,0.46193212270736694,0.5654495358467102,-0.8029788136482239,0.9513152241706848,0.3121330142021179,0.5740822553634644,-0.02594522386789322,0.44591304659843445,0.44547271728515625,0.6487943530082703,-0.8146002292633057,0.8796387314796448,0.285906583070755,0.6486943364143372,-0.07594535499811172,0.5845597386360168,0.4264214038848877,0.6613969206809998,-0.8949136734008789,0.8480058312416077,0.24310149252414703,0.6560943126678467,-0.0830748975276947,0.5763978958129883,0.40650108456611633,0.65904700756073,-0.8786762356758118,0.8476629257202148,0.240814208984375,0.6570107936859131,-0.152039036154747,0.5904088020324707,0.40511173009872437,0.6553137898445129,-0.8089182376861572,0.8110977411270142,0.263275146484375,0.6547328233718872,-0.1091572493314743,0.5888397693634033,0.6167521476745605,0.548167884349823,-0.1609957069158554,0.9950731992721558,0.5372651815414429,0.5631315112113953,0.16057004034519196,0.9958180785179138,0.7543526887893677,0.6334094405174255,-0.10400264710187912,0.8522270917892456,0.6996817588806152,0.6301138401031494,0.3482392132282257,0.40349671244621277,0.9278272986412048,0.6114684343338013,0.3566245138645172,0.7801542282104492,0.8797041773796082,0.614078938961029,0.7168776988983154,0.3576526641845703,0.9339970946311951,0.5980532765388489,0.4076506793498993,0.849814772605896,0.9014685750007629,0.5963889360427856,0.7575435042381287,0.42022719979286194,0.9689936637878418,0.6346443891525269,0.3973557949066162,0.7506000995635986,0.934893012046814,0.6313052177429199,0.7343296408653259,0.3940607011318207
251,knee_pushup,1,0.23446913063526154,0.5053266286849976,-0.6069912314414978,0.997323215007782,0.2175842672586441,0.4945325553417206,-0.6531083583831787,0.9975889325141907,0.2197558879852295,0.49275219440460205,-0.6531575918197632,0.9972783923149109,0.22212578356266022,0.490704208612442,-0.6533600091934204,0.9978386163711548,0.21327877044677734,0.49509158730506897,-0.5871952176094055,0.9964682459831238,0.21232961118221283,0.49377137422561646,-0.5874223709106445,0.9960148334503174,0.21133729815483093,0.4922161400318146,-0.5876296162605286,0.9976174831390381,0.24312002956867218,0.4747372567653656,-0.7424007058143616,0.9970988631248474,0.22654516994953156,0.47711220383644104,-0.4479401707649231,0.9975641369819641,0.25733840465545654,0.5038367509841919,-0.6277667284011841,0.9973046779632568,0.25206053256988525,0.5050268769264221,-0.5424484610557556,0.9963558912277222,0.40047726035118103,0.4701807498931885,-0.7930920720100403,0.9977471828460693,0.2867435812950134,0.4895288944244385,-0.21522584557533264,0.9991095662117004,0.44531190395355225,0.5664862990379333,-0.8567721247673035,0.9557113647460938,0.3153221011161804,0.5714306831359863,-0.08377225697040558,0.4609028100967407,0.4413825571537018,0.6493030786514282,-0.8894407153129578,0.8904802203178406,0.2886805236339569,0.6483021378517151,-0.15154197812080383,0.5978288650512695,0.41980504989624023,0.6615171432495117,-0.981509804725647,0.860880434513092,0.24340608716011047,0.6555652618408203,-0.15790940821170807,0.5854330658912659,0.39934399724006653,0.6590222716331482,-0.9627267718315125,0.860690712928772,0.24214677512645721,0.6569940447807312,-0.23301798105239868,0.6001167893409729,0.4011704921722412,0.6553276777267456,-0.8845118284225464,0.8259524703025818,0.2679346203804016,0.6547462344169617,-0.18704751133918762,0.5977289080619812,0.6201522350311279,0.5476726293563843,-0.16175247728824615,0.9954594373703003,0.5326725840568542,0.5594282746315002,0.1613692194223404,0.9960379600524902,0.7556731700897217,0.6325939893722534,-0.12168186157941818,0.861464262008667,0.7003596425056458,0.630317747592926,0.3410608470439911,0.4102226793766022,0.9266164898872375,0.6111102104187012,0.31414151191711426,0.7925907969474792,0.8744727373123169,0.6137796640396118,0.6809117197990417,0.368936687707901,0.9342609643936157,0.597845733165741,0.3610244393348694,0.8564291596412659,0.8972278833389282,0.5994226932525635,0.7169537544250488,0.43277865648269653,0.968676745891571,0.6368172764778137,0.3451906740665436,0.7646036744117737,0.9281742572784424,0.6328681707382202,0.6826390624046326,0.410576194524765
252,knee_pushup,1,0.24121645092964172,0.5041799545288086,-0.6314818859100342,0.9973779916763306,0.2278016209602356,0.4927181005477905,-0.6765592098236084,0.9976651668548584,0.23076774179935455,0.49085119366645813,-0.676565945148468,0.9973732829093933,0.23378975689411163,0.4888570010662079,-0.6767498254776001,0.9979376792907715,0.22241218388080597,0.493500292301178,-0.6145974397659302,0.9964304566383362,0.2215246856212616,0.4921570420265198,-0.6148615479469299,0.9959407448768616,0.2206728458404541,0.4905659258365631,-0.6150778532028198,0.9976365566253662,0.2550296485424042,0.4740278124809265,-0.762690544128418,0.9971846342086792,0.23652055859565735,0.47580617666244507,-0.48508286476135254,0.9975033402442932,0.2654504179954529,0.5024088025093079,-0.6504781246185303,0.9974158406257629,0.2590259313583374,0.5039816498756409,-0.5700578689575195,0.996457576751709,0.4061630070209503,0.4696965217590332,-0.796255886554718,0.9979400634765625,0.29261916875839233,0.48350417613983154,-0.25915247201919556,0.9991655945777893,0.42846447229385376,0.5666652321815491,-0.8398376107215881,0.9594820141792297,0.31725242733955383,0.569284975528717,-0.12738542258739471,0.4718593955039978,0.4365338087081909,0.6501413583755493,-0.8468343615531921,0.8993909955024719,0.2893621325492859,0.6473824381828308,-0.17916099727153778,0.6074182987213135,0.411642462015152,0.661901593208313,-0.9296307563781738,0.8707907199859619,0.2429511398077011,0.6549213528633118,-0.1861523538827896,0.5917949080467224,0.39211928844451904,0.6591403484344482,-0.9125253558158875,0.8707941770553589,0.24173478782176971,0.6567160487174988,-0.2603904902935028,0.6069087982177734,0.39267364144325256,0.6553890705108643,-0.8415837287902832,0.8367939591407776,0.2680433690547943,0.6545606255531311,-0.21318472921848297,0.6042165160179138,0.6218858361244202,0.5466564297676086,-0.1614457219839096,0.9958031177520752,0.532117486000061,0.5563516020774841,0.16104993224143982,0.9962224960327148,0.7555891275405884,0.6318720579147339,-0.08403853327035904,0.8698521852493286,0.6989774703979492,0.6303894519805908,0.3473384976387024,0.41648298501968384,0.9256081581115723,0.611095130443573,0.3062879145145416,0.8076099753379822,0.8760374188423157,0.6115095615386963,0.6744494438171387,0.38403603434562683,0.9321777820587158,0.5978280901908875,0.3479507267475128,0.8640581965446472,0.8998025059700012,0.5984548926353455,0.7098498940467834,0.44820892810821533,0.9688699841499329,0.6381739974021912,0.32801297307014465,0.7807892560958862,0.9291872978210449,0.636772632598877,0.6815596222877502,0.43116945028305054
253,knee_pushup,1,0.24670502543449402,0.5032927989959717,-0.6347206234931946,0.9974923729896545,0.23306648433208466,0.49302947521209717,-0.6818016171455383,0.9977688193321228,0.23602800071239471,0.4911395013332367,-0.6818222403526306,0.9974977970123291,0.23934203386306763,0.48895835876464844,-0.6819983124732971,0.9980481863021851,0.2274426370859146,0.4940089285373688,-0.6169456839561462,0.9964709281921387,0.22634419798851013,0.4928456246852875,-0.6171585321426392,0.995942234992981,0.22530511021614075,0.49142786860466003,-0.6173734664916992,0.9976667761802673,0.2608857750892639,0.47325366735458374,-0.7671321630477905,0.9973242878913879,0.23983748257160187,0.47619009017944336,-0.47501182556152344,0.9974387288093567,0.2712995409965515,0.5009679794311523,-0.6527148485183716,0.9975773096084595,0.26417168974876404,0.5027285218238831,-0.568244457244873,0.9966380596160889,0.40926259756088257,0.46717357635498047,-0.81318199634552,0.998127281665802,0.2943646311759949,0.4836563766002655,-0.23765471577644348,0.9992234706878662,0.4252912402153015,0.5669792890548706,-0.8761085271835327,0.9630141854286194,0.3188667595386505,0.567070722579956,-0.11299706250429153,0.4836113750934601,0.432924747467041,0.6501293182373047,-0.8929924964904785,0.907817542552948,0.28971418738365173,0.6460812091827393,-0.17576874792575836,0.6201561689376831,0.4046091139316559,0.6618743538856506,-0.9811223745346069,0.8805263638496399,0.24317507445812225,0.6542479991912842,-0.18251249194145203,0.6017244458198547,0.38377922773361206,0.6590757369995117,-0.9618133902549744,0.8806950449943542,0.24278424680233002,0.65632164478302,-0.25647908449172974,0.6173087358474731,0.3863425850868225,0.6553815007209778,-0.8866087198257446,0.8478569388389587,0.26914289593696594,0.6542098522186279,-0.2100752592086792,0.6139727234840393,0.6260872483253479,0.5454462170600891,-0.16298319399356842,0.9961423873901367,0.5333943963050842,0.5585156679153442,0.16256576776504517,0.9964630603790283,0.7543439865112305,0.6309049129486084,-0.1170283630490303,0.8784930109977722,0.6977962255477905,0.6338351368904114,0.35685861110687256,0.43033567070961,0.9206669330596924,0.6104791164398193,0.3188953101634979,0.8184457421302795,0.878513514995575,0.6136165857315063,0.6943349838256836,0.4067535698413849,0.9268902540206909,0.595810055732727,0.3695589303970337,0.8683134913444519,0.9030492305755615,0.6020280718803406,0.7313941717147827,0.4676158130168915,0.970894992351532,0.6379457712173462,0.36273881793022156,0.7931313514709473,0.9324349761009216,0.6419699788093567,0.6983086466789246,0.4543082118034363
254,knee_pushup,1,0.24233263731002808,0.505794107913971,-0.7280989289283752,0.9975375533103943,0.22774827480316162,0.49583694338798523,-0.7777224779129028,0.9978216886520386,0.23060931265354156,0.4940198063850403,-0.7777870297431946,0.9975611567497253,0.23384644091129303,0.49186307191848755,-0.7780193090438843,0.9981250762939453,0.2226240485906601,0.49654269218444824,-0.7054646015167236,0.9964101314544678,0.2216285765171051,0.495314359664917,-0.7056196928024292,0.9957878589630127,0.2207067608833313,0.4937520921230316,-0.7058088183403015,0.9976195693016052,0.257342666387558,0.4758290946483612,-0.8675746321678162,0.997413158416748,0.23731541633605957,0.47833648324012756,-0.5419281721115112,0.9972896575927734,0.26776066422462463,0.503692090511322,-0.7468006610870361,0.9976675510406494,0.2614523470401764,0.5052750706672668,-0.6525931358337402,0.996694803237915,0.4109228253364563,0.4699459671974182,-0.9200370907783508,0.9982984662055969,0.2920193672180176,0.483010470867157,-0.2808677852153778,0.9992784261703491,0.42871397733688354,0.5673706531524658,-1.0199661254882812,0.9661162495613098,0.31835243105888367,0.5665304660797119,-0.16232430934906006,0.49254709482192993,0.4333302080631256,0.6502609252929688,-1.072830319404602,0.9155677556991577,0.28895482420921326,0.6456994414329529,-0.25186535716056824,0.6298660635948181,0.4080466330051422,0.6615656614303589,-1.1830735206604004,0.8896528482437134,0.24284939467906952,0.6541316509246826,-0.26797083020210266,0.6079785823822021,0.3854524791240692,0.6589123010635376,-1.1618328094482422,0.8899623155593872,0.2448035031557083,0.6562225818634033,-0.34959906339645386,0.6236962080001831,0.38775667548179626,0.6553064584732056,-1.06855046749115,0.857896089553833,0.26993903517723083,0.6541401743888855,-0.29155340790748596,0.6193336248397827,0.6275359988212585,0.5451253652572632,-0.17434164881706238,0.9964190721511841,0.5355520844459534,0.5583189129829407,0.17394736409187317,0.9966322779655457,0.7541391849517822,0.630485475063324,-0.04575774818658829,0.8827440142631531,0.6969103813171387,0.633765459060669,0.4703601896762848,0.43573054671287537,0.9195490479469299,0.6104737520217896,0.4914371967315674,0.823829174041748,0.8790997266769409,0.6124545931816101,0.9144377112388611,0.41685751080513,0.9268003702163696,0.5954500436782837,0.5480214357376099,0.8697850108146667,0.9042665362358093,0.6019384860992432,0.962101399898529,0.48179125785827637,0.9701157808303833,0.6377907395362854,0.5139280557632446,0.8014300465583801,0.9329885840415955,0.641190230846405,0.9166581034660339,0.46908798813819885
255,knee_pushup,1,0.23619456589221954,0.5056467056274414,-0.7061476111412048,0.9976757168769836,0.22123675048351288,0.4958675503730774,-0.7560357451438904,0.9979446530342102,0.2238212674856186,0.4941575229167938,-0.7560736536979675,0.9976985454559326,0.22674089670181274,0.49214428663253784,-0.7562891840934753,0.9982452988624573,0.2164817601442337,0.49633556604385376,-0.6837313175201416,0.9965373873710632,0.21561872959136963,0.4950074255466461,-0.6838923692703247,0.9958971738815308,0.21487504243850708,0.4933670461177826,-0.6840837597846985,0.9976946711540222,0.2502982020378113,0.4766305387020111,-0.852111279964447,0.9975848197937012,0.232835054397583,0.4783431887626648,-0.5266678929328918,0.9973351955413818,0.2620312571525574,0.5041552186012268,-0.728243350982666,0.9978344440460205,0.25664302706718445,0.5053837895393372,-0.6341437697410583,0.996900200843811,0.4066239595413208,0.4717944264411926,-0.9075525999069214,0.9984570741653442,0.2902625501155853,0.484641969203949,-0.26641005277633667,0.9993306398391724,0.43081361055374146,0.5676283836364746,-0.9953538775444031,0.9690110087394714,0.3178730010986328,0.5676542520523071,-0.13700956106185913,0.5026881098747253,0.43405306339263916,0.6510538458824158,-1.0378750562667847,0.9229849576950073,0.28846198320388794,0.64556884765625,-0.21577610075473785,0.6433649063110352,0.41005104780197144,0.6616694331169128,-1.1414332389831543,0.8987054228782654,0.24272435903549194,0.6539930105209351,-0.2253611832857132,0.6183852553367615,0.3875122368335724,0.6590453386306763,-1.1184619665145874,0.8990949392318726,0.24586515128612518,0.656122088432312,-0.3059830069541931,0.6342805027961731,0.38948237895965576,0.6553559899330139,-1.0314537286758423,0.8684387803077698,0.2702510356903076,0.6540834903717041,-0.2541215419769287,0.6289274096488953,0.6243691444396973,0.5444802641868591,-0.17461463809013367,0.9967302680015564,0.534848690032959,0.5586641430854797,0.17422392964363098,0.9968923926353455,0.7540665864944458,0.6304883360862732,-0.0887366458773613,0.8897646069526672,0.6971737742424011,0.6342008709907532,0.4204238951206207,0.45110395550727844,0.9181811809539795,0.610328197479248,0.44713449478149414,0.8292439579963684,0.8790197968482971,0.6126590967178345,0.8454782366752625,0.433148056268692,0.9253299832344055,0.5952085852622986,0.5086320638656616,0.8706681132316589,0.9033418297767639,0.6022211909294128,0.8914639949798584,0.49634572863578796,0.9702169299125671,0.6368133425712585,0.49759382009506226,0.808607816696167,0.9352676868438721,0.6406496167182922,0.8566563725471497,0.4852561056613922
256,knee_pushup,1,0.22994107007980347,0.5100287199020386,-0.7014519572257996,0.9977466464042664,0.2142135053873062,0.50058513879776,-0.7507638931274414,0.9980270266532898,0.21680615842342377,0.4988710880279541,-0.7507897019386292,0.9977883696556091,0.21975040435791016,0.4968014657497406,-0.7510157823562622,0.9983327984809875,0.20948947966098785,0.5011125802993774,-0.6780928373336792,0.9965983033180237,0.2086370587348938,0.49985891580581665,-0.6782982349395752,0.9959331750869751,0.20792265236377716,0.4982689619064331,-0.678501546382904,0.9977321624755859,0.2434305101633072,0.48096179962158203,-0.8469313979148865,0.9977034330368042,0.22682148218154907,0.48281773924827576,-0.520734965801239,0.9973349571228027,0.25592494010925293,0.5083838701248169,-0.7234612107276917,0.9979525208473206,0.25074484944343567,0.5096612572669983,-0.6292299032211304,0.9970270991325378,0.40261703729629517,0.4752262234687805,-0.8925365209579468,0.9985886812210083,0.2872832417488098,0.48795583844184875,-0.26578402519226074,0.9993702173233032,0.44219496846199036,0.567668080329895,-0.9640966057777405,0.971534013748169,0.3176406919956207,0.5690601468086243,-0.11765585839748383,0.5051218867301941,0.4341801702976227,0.651366114616394,-0.995935320854187,0.9292643070220947,0.28815168142318726,0.6455972790718079,-0.1902301013469696,0.645882248878479,0.4110819697380066,0.6617304086685181,-1.0940366983413696,0.905876100063324,0.24256937205791473,0.6540151834487915,-0.20139364898204803,0.6174805164337158,0.38741928339004517,0.6587662100791931,-1.0757334232330322,0.9064027070999146,0.2461077719926834,0.6561004519462585,-0.2780318260192871,0.6336702704429626,0.38980749249458313,0.6551308035850525,-0.99040287733078,0.8761071562767029,0.27052566409111023,0.6540685296058655,-0.22708231210708618,0.6278908848762512,0.6219590902328491,0.5456307530403137,-0.17444968223571777,0.9969452619552612,0.5338841676712036,0.5593550801277161,0.17405115067958832,0.997025728225708,0.7546370029449463,0.6305328607559204,-0.041608065366744995,0.8930942416191101,0.6996460556983948,0.6341660618782043,0.4612484574317932,0.45127177238464355,0.9178416728973389,0.6099829077720642,0.47312113642692566,0.8326123952865601,0.8779474496841431,0.6168559193611145,0.8753474354743958,0.43394649028778076,0.9248723387718201,0.5948213934898376,0.5277897715568542,0.8707699775695801,0.9019387364387512,0.5997178554534912,0.920191764831543,0.5008484125137329,0.9702763557434082,0.6350269317626953,0.4977701008319855,0.8135174512863159,0.9356706738471985,0.6390395760536194,0.8823427557945251,0.49100279808044434
257,knee_pushup,1,0.22419549524784088,0.5133649706840515,-0.6397086381912231,0.9978296160697937,0.20808954536914825,0.5033549666404724,-0.6843806505203247,0.9981177449226379,0.2104313224554062,0.5016220808029175,-0.6844144463539124,0.9978899955749512,0.21316881477832794,0.49957242608070374,-0.6846467852592468,0.9984239339828491,0.204550102353096,0.5037761330604553,-0.6102927327156067,0.9966996908187866,0.2044060230255127,0.5024353861808777,-0.6104827523231506,0.996040403842926,0.20439501106739044,0.5008473992347717,-0.610666811466217,0.9977980256080627,0.23704305291175842,0.48337864875793457,-0.7957710027694702,0.9978318810462952,0.22496061027050018,0.48585760593414307,-0.4612830877304077,0.9973924160003662,0.2514597475528717,0.5116981267929077,-0.6711894869804382,0.9980868101119995,0.24853411316871643,0.5130096077919006,-0.5740923881530762,0.9971850514411926,0.3977188467979431,0.47764652967453003,-0.8752437233924866,0.9987074136734009,0.2851540148258209,0.490847110748291,-0.21088185906410217,0.9993945956230164,0.4579722583293915,0.5678228735923767,-0.8873530030250549,0.9737582206726074,0.32030460238456726,0.5708871483802795,-0.039831455796957016,0.4988216459751129,0.4361599385738373,0.6523531675338745,-0.9019364714622498,0.9349167346954346,0.28867045044898987,0.6456291079521179,-0.10903789848089218,0.6424204111099243,0.41177141666412354,0.6625151038169861,-0.9883903861045837,0.9123238325119019,0.24260739982128143,0.6542236804962158,-0.11844452470541,0.6114187240600586,0.3883403241634369,0.6591944694519043,-0.972701370716095,0.9129403233528137,0.2457510083913803,0.6561015248298645,-0.19105994701385498,0.6281862258911133,0.39054757356643677,0.6556806564331055,-0.8934537768363953,0.8830497860908508,0.2700432538986206,0.6540607810020447,-0.1457030177116394,0.6225254535675049,0.6213492155075073,0.5463995337486267,-0.1722152680158615,0.9971580505371094,0.5381925702095032,0.5607542395591736,0.17174629867076874,0.9971706867218018,0.75758296251297,0.6308243870735168,-0.039441999047994614,0.8977633714675903,0.7016348242759705,0.6342648267745972,0.430701345205307,0.45797404646873474,0.9216510057449341,0.6107396483421326,0.44190284609794617,0.8384923934936523,0.8783700466156006,0.6187815070152283,0.8112415671348572,0.4397871196269989,0.932482123374939,0.5960581302642822,0.49327799677848816,0.8719571232795715,0.9038156867027283,0.5995084047317505,0.8526926636695862,0.5085409879684448,0.9709240198135376,0.6351932287216187,0.46485599875450134,0.8200457692146301,0.9349637031555176,0.6387940049171448,0.8191981911659241,0.4997350573539734
258,knee_pushup,1,0.19317568838596344,0.5472108125686646,-0.5065637826919556,0.9977697134017944,0.17467761039733887,0.5399516224861145,-0.556419849395752,0.9981104135513306,0.17586559057235718,0.5386578440666199,-0.5564842224121094,0.9978777170181274,0.17713384330272675,0.5372381806373596,-0.5567131638526917,0.9984275102615356,0.17263677716255188,0.5396186113357544,-0.48052310943603516,0.9965905547142029,0.17234408855438232,0.5380711555480957,-0.48068317770957947,0.9959104657173157,0.17196835577487946,0.536231279373169,-0.4808335602283478,0.9977126717567444,0.19438418745994568,0.5213821530342102,-0.6906899809837341,0.9978682994842529,0.18751831352710724,0.5192309021949768,-0.3478051722049713,0.9973293542861938,0.21730159223079681,0.5439627170562744,-0.5444856286048889,0.9981716275215149,0.21603623032569885,0.5442065000534058,-0.4460870921611786,0.9972864389419556,0.35468682646751404,0.5033606886863708,-0.7675297260284424,0.9988259673118591,0.278470516204834,0.5019960999488831,-0.11812251061201096,0.9994394779205322,0.47168081998825073,0.5679461359977722,-0.819648802280426,0.975520670413971,0.3221851885318756,0.5740656852722168,0.11469553411006927,0.484574556350708,0.43713104724884033,0.6540478467941284,-0.8359910845756531,0.9394719004631042,0.28754112124443054,0.6451931595802307,0.11151798814535141,0.6345764994621277,0.4114128649234772,0.663934588432312,-0.9204186201095581,0.9173754453659058,0.2427992969751358,0.6534679532051086,0.11449218541383743,0.6042875647544861,0.38815659284591675,0.6601966619491577,-0.8991401195526123,0.9180334210395813,0.24149756133556366,0.6550949811935425,0.04082762449979782,0.6214364171028137,0.38850152492523193,0.6566277742385864,-0.8262138366699219,0.8874363303184509,0.25999242067337036,0.6529459357261658,0.0774347186088562,0.6161665916442871,0.6090008020401001,0.5584405660629272,-0.17553554475307465,0.9973171353340149,0.5376822352409363,0.5668985247612,0.17512871325016022,0.9972814321517944,0.7575153708457947,0.6325796842575073,0.06061162054538727,0.8984262943267822,0.7082970142364502,0.6298952102661133,0.5368489027023315,0.45640096068382263,0.9312441349029541,0.6123073697090149,0.49540936946868896,0.8409961462020874,0.8950654864311218,0.6169185042381287,0.9146131873130798,0.4357089698314667,0.9449305534362793,0.5988654494285583,0.5424728393554688,0.8725954294204712,0.9179794788360596,0.5982542037963867,0.9547441601753235,0.5085662603378296,0.9738776683807373,0.6352384090423584,0.4933812916278839,0.8260983228683472,0.9397550225257874,0.6339119076728821,0.914283812046051,0.5018347501754761
264,knee_pushup,1,0.10732612013816833,0.6441110372543335,-0.5033681988716125,0.9980866312980652,0.08387168496847153,0.636396050453186,-0.5614448189735413,0.9984871745109558,0.085870660841465,0.6339300870895386,-0.5615001320838928,0.9983013272285461,0.0880250409245491,0.6310492753982544,-0.5617815852165222,0.9986986517906189,0.07735233753919601,0.6383257508277893,-0.49005118012428284,0.9972578287124634,0.07481979578733444,0.637293815612793,-0.4903073012828827,0.9967902302742004,0.07246870547533035,0.635949969291687,-0.49052098393440247,0.9980756044387817,0.10076417773962021,0.6103019714355469,-0.6914656758308411,0.9984173774719238,0.08121150732040405,0.6168277263641357,-0.38099145889282227,0.9979490041732788,0.13148874044418335,0.6379896998405457,-0.5385236740112305,0.9986923336982727,0.12561243772506714,0.6400930881500244,-0.449619323015213,0.9980261325836182,0.24590139091014862,0.5788353681564331,-0.723747193813324,0.9992120862007141,0.17186515033245087,0.5855520963668823,-0.12568213045597076,0.9995084404945374,0.45999982953071594,0.5883976221084595,-0.7162672281265259,0.9746999144554138,0.29754215478897095,0.5904750227928162,0.26690876483917236,0.33792710304260254,0.42042192816734314,0.6587746739387512,-0.4578995108604431,0.9411287903785706,0.2651996314525604,0.6414669156074524,0.5894402265548706,0.47554701566696167,0.4018932580947876,0.6713088750839233,-0.4786302149295807,0.9164315462112427,0.23498764634132385,0.6511262059211731,0.644543468952179,0.4775085151195526,0.37340569496154785,0.6776908040046692,-0.45682281255722046,0.916143000125885,0.22385431826114655,0.6530038714408875,0.599021852016449,0.49254825711250305,0.37738311290740967,0.6680628657341003,-0.43821972608566284,0.8747875690460205,0.23714008927345276,0.6506896018981934,0.5768297910690308,0.49594488739967346,0.5323079824447632,0.5906693339347839,-0.192170649766922,0.9976229667663574,0.5022279620170593,0.5962347388267517,0.1919533908367157,0.9969639778137207,0.7422890663146973,0.6339662075042725,0.11037538945674896,0.8803771734237671,0.6980921030044556,0.6261105537414551,0.520215630531311,0.4366743564605713,0.9237997531890869,0.6098881959915161,0.4955272674560547,0.8594586849212646,0.8960313200950623,0.6121439933776855,0.896038830280304,0.4356064796447754,0.9367067813873291,0.5980854630470276,0.5358595252037048,0.8838781118392944,0.9216336011886597,0.6000813841819763,0.9337265491485596,0.4938659071922302,0.9645043611526489,0.6366178393363953,0.46748390793800354,0.8566163182258606,0.9443026185035706,0.6297888159751892,0.8726701736450195,0.5191622376441956
265,knee_pushup,1,0.10308049619197845,0.6470155715942383,-0.5352665185928345,0.9979814291000366,0.07767423987388611,0.6400089263916016,-0.5941477417945862,0.9984610080718994,0.07926756143569946,0.6374214291572571,-0.5942102074623108,0.9982807636260986,0.08101671189069748,0.6346521973609924,-0.5944799184799194,0.9986760020256042,0.07243132591247559,0.6427885293960571,-0.5229892730712891,0.997251033782959,0.07039694488048553,0.6422057151794434,-0.5232589244842529,0.9967952966690063,0.06845784187316895,0.6414834260940552,-0.5234838724136353,0.9980295896530151,0.09345521777868271,0.6161603331565857,-0.7232441306114197,0.9984482526779175,0.07733684033155441,0.6219069957733154,-0.41230079531669617,0.9979487657546997,0.12914928793907166,0.6384239196777344,-0.569156289100647,0.998656690120697,0.12404047697782516,0.641454815864563,-0.4799797236919403,0.9979649782180786,0.24136199057102203,0.5846389532089233,-0.7691883444786072,0.9992043972015381,0.1696883738040924,0.5879713892936707,-0.1402893215417862,0.9994052052497864,0.4475996792316437,0.5919509530067444,-0.7464916110038757,0.9724661707878113,0.2942548096179962,0.5908675789833069,0.3020104765892029,0.3106721043586731,0.41319137811660767,0.6622464060783386,-0.5213785171508789,0.9366636276245117,0.25691625475883484,0.6410818099975586,0.6642875671386719,0.4419803023338318,0.40222692489624023,0.6859968304634094,-0.5499983429908752,0.9105689525604248,0.2334463894367218,0.6521342396736145,0.7192839980125427,0.45018094778060913,0.3685624599456787,0.6841847896575928,-0.5359798073768616,0.9102991819381714,0.22353878617286682,0.6533158421516418,0.6757298111915588,0.46450549364089966,0.3726447820663452,0.6741472482681274,-0.5053015351295471,0.8663188219070435,0.23358143866062164,0.6507040858268738,0.6531442999839783,0.4689316749572754,0.5301507711410522,0.5939196348190308,-0.20200246572494507,0.9974393844604492,0.5006296634674072,0.5989386439323425,0.20189045369625092,0.9965214133262634,0.7423067092895508,0.6347641944885254,0.09863931685686111,0.8724571466445923,0.6979460120201111,0.6287551522254944,0.5110053420066833,0.4212602376937866,0.9231283068656921,0.6099613904953003,0.49663254618644714,0.8517926931381226,0.8947352170944214,0.612889289855957,0.8989182114601135,0.4219422936439514,0.9372602701187134,0.5978698134422302,0.5401061177253723,0.8791434168815613,0.9210453629493713,0.600814163684845,0.9350757002830505,0.4785723090171814,0.9646167755126953,0.639299750328064,0.4723754823207855,0.8515506386756897,0.944187581539154,0.6375852227210999,0.8752236366271973,0.5065802335739136
266,knee_pushup,1,0.10315331816673279,0.6559813022613525,-0.7513073086738586,0.9976198077201843,0.0786416083574295,0.648659884929657,-0.8068472146987915,0.9983275532722473,0.08022646605968475,0.6459216475486755,-0.8069126605987549,0.9981518983840942,0.08203168213367462,0.6429497003555298,-0.807316243648529,0.9985737800598145,0.07333792746067047,0.6519572138786316,-0.7358798384666443,0.9970452189445496,0.07112189382314682,0.6515927910804749,-0.7361769676208496,0.9965633153915405,0.06898662447929382,0.651054859161377,-0.7364323139190674,0.9978055953979492,0.09218063205480576,0.6242395639419556,-0.8911857604980469,0.9984394311904907,0.07479168474674225,0.6323111057281494,-0.580632746219635,0.9977908730506897,0.12877817451953888,0.648074746131897,-0.7663335204124451,0.9984777569770813,0.12385087460279465,0.6518459320068359,-0.6771618723869324,0.9976357221603394,0.24045470356941223,0.5850192904472351,-0.8567059636116028,0.998998761177063,0.15163877606391907,0.6050922274589539,-0.28936582803726196,0.9991845488548279,0.4441271424293518,0.58915114402771,-0.7966769337654114,0.9686540365219116,0.2762404978275299,0.6139311790466309,0.20038533210754395,0.2853490710258484,0.41187673807144165,0.6641519069671631,-0.5343946218490601,0.9155298471450806,0.2564312517642975,0.650922417640686,0.5019912123680115,0.4043532907962799,0.4012947678565979,0.6875976324081421,-0.5520330667495728,0.8834044337272644,0.23393699526786804,0.6588320136070251,0.5489101409912109,0.4152647852897644,0.3665146827697754,0.6851834058761597,-0.5373638868331909,0.8829399347305298,0.22437068819999695,0.658351719379425,0.5012133121490479,0.42883846163749695,0.3704316020011902,0.6754799485206604,-0.5149893164634705,0.8338754177093506,0.23569974303245544,0.6563295125961304,0.4885634183883667,0.4341183602809906,0.5162233114242554,0.5936822891235352,-0.18898549675941467,0.9963968396186829,0.47542113065719604,0.6101206541061401,0.18935054540634155,0.9950141906738281,0.7400475144386292,0.635031521320343,-0.023368269205093384,0.8447243571281433,0.6897755861282349,0.6321220397949219,0.3268985450267792,0.3957778513431549,0.9179157018661499,0.6099657416343689,0.3610612452030182,0.8266502618789673,0.8920676112174988,0.6145169734954834,0.698117733001709,0.4020470976829529,0.934414267539978,0.5977401733398438,0.39825353026390076,0.862200140953064,0.9256002306938171,0.6021837592124939,0.7312448024749756,0.45492851734161377,0.9623314142227173,0.6391833424568176,0.2901964485645294,0.8283551931381226,0.9440657496452332,0.6405069231987,0.6221048831939697,0.48314616084098816
267,knee_pushup,1,0.0820702388882637,0.6621422171592712,-0.6606849431991577,0.9976300001144409,0.055257268249988556,0.6533631682395935,-0.712638258934021,0.99837726354599,0.05709570273756981,0.6510279178619385,-0.7126905918121338,0.9981896281242371,0.059272680431604385,0.6484593749046326,-0.7130209803581238,0.9985895752906799,0.04943827539682388,0.6543816328048706,-0.6438466906547546,0.9971710443496704,0.047741521149873734,0.652845025062561,-0.644127607345581,0.9967119097709656,0.046366818249225616,0.6510990858078003,-0.6443914175033569,0.9978838562965393,0.07525146752595901,0.6265984177589417,-0.8073734641075134,0.998501718044281,0.060569878667593,0.6309714913368225,-0.5047765374183655,0.9979071617126465,0.11524426192045212,0.6538237929344177,-0.6811237335205078,0.9984440803527832,0.11039215326309204,0.6560131311416626,-0.5942878723144531,0.9976162910461426,0.23373760282993317,0.5932295918464661,-0.8289973139762878,0.9987151622772217,0.1506623923778534,0.6026393175125122,-0.24594227969646454,0.9990407824516296,0.43953919410705566,0.5922817587852478,-0.6774892210960388,0.9517164826393127,0.28161299228668213,0.6087104082107544,0.19812019169330597,0.2627745270729065,0.37010008096694946,0.6640913486480713,-0.34172502160072327,0.885174036026001,0.2535414695739746,0.6518748998641968,0.5326096415519714,0.37556222081184387,0.37002938985824585,0.6861011385917664,-0.34046313166618347,0.8522264957427979,0.23310941457748413,0.6591364741325378,0.584270715713501,0.392863929271698,0.33160826563835144,0.6818469166755676,-0.3295455574989319,0.8524603843688965,0.22228750586509705,0.6591976881027222,0.5434777736663818,0.40621888637542725,0.3262556493282318,0.6740075945854187,-0.3225582540035248,0.8018178939819336,0.23026369512081146,0.6574884653091431,0.5232975482940674,0.4123527705669403,0.5156463980674744,0.597827136516571,-0.18851494789123535,0.9960558414459229,0.47680768370628357,0.6047874093055725,0.1887746900320053,0.9945139288902283,0.7402650713920593,0.6357653141021729,0.00651593878865242,0.8274427056312561,0.6898893713951111,0.6311699151992798,0.40132787823677063,0.373332142829895,0.9181737303733826,0.6110340356826782,0.40304484963417053,0.8039165139198303,0.8949910402297974,0.6121992468833923,0.7811972498893738,0.3818594813346863,0.9350564479827881,0.5978548526763916,0.4447028934955597,0.8528526425361633,0.9257829189300537,0.595330536365509,0.8182516694068909,0.43482229113578796,0.9624727368354797,0.6409039497375488,0.3787459135055542,0.8080942034721375,0.9439099431037903,0.6398353576660156,0.7607555985450745,0.46099451184272766
268,knee_pushup,1,0.08958763629198074,0.6484205722808838,-0.6249633431434631,0.9972867965698242,0.06360020488500595,0.6398502588272095,-0.6735113859176636,0.9981879591941833,0.0648200511932373,0.6375526785850525,-0.6735588908195496,0.9979638457298279,0.06599850952625275,0.6350547671318054,-0.6739826202392578,0.9984151721000671,0.05858616903424263,0.6404969692230225,-0.6054661870002747,0.9969111680984497,0.05667765811085701,0.638647735118866,-0.6058439612388611,0.9964376091957092,0.05483458191156387,0.636607825756073,-0.6061877608299255,0.9977112412452698,0.08014042675495148,0.6139634251594543,-0.7563814520835876,0.9982986450195312,0.06755814701318741,0.6179853081703186,-0.45528361201286316,0.9977264404296875,0.1190158948302269,0.6420382857322693,-0.6409039497375488,0.9981110692024231,0.11457116901874542,0.6433172225952148,-0.5554324984550476,0.9971698522567749,0.23639459908008575,0.5835534930229187,-0.7451868653297424,0.998144805431366,0.15393544733524323,0.596508264541626,-0.23321901261806488,0.9987859725952148,0.436974436044693,0.5905704498291016,-0.6900045275688171,0.9454745054244995,0.283492773771286,0.6092056035995483,0.20540869235992432,0.24511784315109253,0.3697243630886078,0.6637154817581177,-0.4853966236114502,0.8714753985404968,0.2413739562034607,0.651146411895752,0.4833694100379944,0.3547907769680023,0.35207170248031616,0.6847600340843201,-0.5134000778198242,0.8360592126846313,0.21702975034713745,0.6585138440132141,0.52506023645401,0.3771272301673889,0.31253671646118164,0.6801093816757202,-0.4937363862991333,0.8372177481651306,0.2106039673089981,0.6583866477012634,0.48035311698913574,0.39038050174713135,0.31841087341308594,0.6721075177192688,-0.4688248038291931,0.7836433053016663,0.21703357994556427,0.657264769077301,0.4708488881587982,0.39623385667800903,0.522048830986023,0.5942097306251526,-0.1869371086359024,0.9950549602508545,0.48237377405166626,0.6016913652420044,0.18734613060951233,0.9934125542640686,0.7370725274085999,0.6357372403144836,-0.028003912419080734,0.8162892460823059,0.686972975730896,0.6311572194099426,0.3884897828102112,0.35907983779907227,0.9096719026565552,0.6100055575370789,0.37537992000579834,0.786371648311615,0.8891690373420715,0.613257110118866,0.747442364692688,0.36803150177001953,0.9244755506515503,0.596690833568573,0.4183500111103058,0.8464264869689941,0.910520076751709,0.5985404253005981,0.7824317216873169,0.41927048563957214,0.9593790769577026,0.6361782550811768,0.36128881573677063,0.7925452589988708,0.9374624490737915,0.6387670040130615,0.7249047160148621,0.44680309295654297
269,knee_pushup,1,0.09493947774171829,0.6401455402374268,-0.5082283616065979,0.9968616962432861,0.07001644372940063,0.630595862865448,-0.5570017695426941,0.9979085922241211,0.07101058214902878,0.6281169652938843,-0.5570926666259766,0.9976908564567566,0.07190386950969696,0.6255085468292236,-0.5574482083320618,0.9981771111488342,0.06504166126251221,0.6321895122528076,-0.48822587728500366,0.9965332746505737,0.06269295513629913,0.6307880878448486,-0.48848021030426025,0.9960633516311646,0.06024707108736038,0.6292554140090942,-0.48871392011642456,0.9974270462989807,0.08572392910718918,0.6062896847724915,-0.6526048183441162,0.9980942606925964,0.07150343805551529,0.612724244594574,-0.3484403192996979,0.9974955320358276,0.12219171226024628,0.633784294128418,-0.5316921472549438,0.9977185130119324,0.11727778613567352,0.6364286541938782,-0.44447705149650574,0.9966009855270386,0.23164407908916473,0.5783336162567139,-0.6879371404647827,0.9978938102722168,0.16413390636444092,0.5957561731338501,-0.10937288403511047,0.9985270500183105,0.43021735548973083,0.5897695422172546,-0.6419651508331299,0.9375997185707092,0.2912946045398712,0.6112074851989746,0.30106455087661743,0.23003311455249786,0.3349359929561615,0.6600421071052551,-0.40182963013648987,0.8484772443771362,0.24226045608520508,0.6510445475578308,0.6087444424629211,0.33510541915893555,0.3195419907569885,0.6826504468917847,-0.41792649030685425,0.8116840720176697,0.20785285532474518,0.6578474640846252,0.6580711007118225,0.3610725402832031,0.2831217050552368,0.6746938228607178,-0.4039616584777832,0.8131089806556702,0.19742374122142792,0.6575689315795898,0.6254239678382874,0.3737262785434723,0.2935371994972229,0.6670525074005127,-0.3854784071445465,0.7581278681755066,0.210537850856781,0.6564216017723083,0.6016414165496826,0.3792724907398224,0.5275600552558899,0.5920766592025757,-0.19049882888793945,0.9943714141845703,0.4927958846092224,0.6021499633789062,0.19096778333187103,0.9927557110786438,0.7384640574455261,0.6352739930152893,-0.16592484712600708,0.7975902557373047,0.6975967884063721,0.631654679775238,0.2921341359615326,0.33833226561546326,0.9172233939170837,0.6100872159004211,0.21301411092281342,0.7580909729003906,0.9030277729034424,0.6129876375198364,0.6241453289985657,0.34750890731811523,0.9315565228462219,0.5966923832893372,0.25499892234802246,0.832388162612915,0.9352457523345947,0.5966430306434631,0.6557744741439819,0.4015684723854065,0.9674582481384277,0.6362782716751099,0.1981029361486435,0.7651259303092957,0.9466243386268616,0.6381555795669556,0.5923061966896057,0.4227016270160675
270,knee_pushup,1,0.09249570220708847,0.6353409290313721,-0.5152391195297241,0.9970495104789734,0.06772653758525848,0.6258183121681213,-0.5645695924758911,0.9980392456054688,0.06964904814958572,0.6233617663383484,-0.5646264553070068,0.9978301525115967,0.07159937918186188,0.6207666993141174,-0.5648606419563293,0.9982860684394836,0.060915302485227585,0.6275439262390137,-0.4982019364833832,0.9967612028121948,0.05809894949197769,0.626302182674408,-0.49845993518829346,0.9963222742080688,0.055374763906002045,0.6249009370803833,-0.49866893887519836,0.9975956082344055,0.08857158571481705,0.6016473174095154,-0.6662865877151489,0.9982175827026367,0.07018988579511642,0.6079058647155762,-0.3719206154346466,0.9976827502250671,0.1213962510228157,0.6291845440864563,-0.5403684973716736,0.9978758692741394,0.11403278261423111,0.6321706771850586,-0.45620423555374146,0.9968347549438477,0.2380254715681076,0.5765568017959595,-0.6898150444030762,0.9980393052101135,0.1648717075586319,0.5887268781661987,-0.1299045979976654,0.9985991716384888,0.4316740930080414,0.5881586670875549,-0.6655058264732361,0.9408931136131287,0.2969563603401184,0.6008187532424927,0.29849955439567566,0.22290529310703278,0.3839680850505829,0.6605929136276245,-0.4490700662136078,0.8596314191818237,0.24517196416854858,0.6508140563964844,0.5918042659759521,0.3442578613758087,0.33137890696525574,0.6818956136703491,-0.5179795026779175,0.8245993852615356,0.21219976246356964,0.6575539708137512,0.6334336996078491,0.37666407227516174,0.30302420258522034,0.675503134727478,-0.5151141285896301,0.8260823488235474,0.20246031880378723,0.6574759483337402,0.5865288972854614,0.3900682330131531,0.3172617554664612,0.6669468283653259,-0.45277056097984314,0.7732558250427246,0.2153102457523346,0.6562323570251465,0.579197347164154,0.39434972405433655,0.5289990901947021,0.590992271900177,-0.19027240574359894,0.9943143725395203,0.49896013736724854,0.6004137396812439,0.1906738132238388,0.9924905896186829,0.7406908869743347,0.6345416903495789,0.045147284865379333,0.7891050577163696,0.6980213522911072,0.6294524073600769,0.42460525035858154,0.3231484591960907,0.91810142993927,0.6092666387557983,0.39155882596969604,0.7413455247879028,0.9021845459938049,0.6112194061279297,0.7470505833625793,0.3274698555469513,0.9330472946166992,0.5947413444519043,0.42617836594581604,0.8258823752403259,0.9331066012382507,0.5958553552627563,0.7750981450080872,0.3861643075942993,0.9674410820007324,0.6363915205001831,0.38183560967445374,0.7516498565673828,0.9463512301445007,0.6355346441268921,0.7541549205780029,0.4045928418636322
271,knee_pushup,1,0.09689132124185562,0.6036651134490967,-0.47469988465309143,0.9964085817337036,0.07299631088972092,0.5937597751617432,-0.5235845446586609,0.9974880218505859,0.07483716309070587,0.5915994644165039,-0.5236111283302307,0.9972301125526428,0.07672175765037537,0.5892460942268372,-0.5237868428230286,0.9977951049804688,0.06675360351800919,0.5941600203514099,-0.45280468463897705,0.9961362481117249,0.06426913291215897,0.5923778414726257,-0.45305293798446655,0.9956848621368408,0.06186649575829506,0.5903607606887817,-0.4532698094844818,0.9971773028373718,0.0917854830622673,0.5741851329803467,-0.6214776039123535,0.9975492358207703,0.07469270378351212,0.5753695964813232,-0.308302104473114,0.9972397089004517,0.12515583634376526,0.5996015667915344,-0.4988959729671478,0.9972583055496216,0.11884516477584839,0.6012619733810425,-0.4085788130760193,0.9961093068122864,0.25202006101608276,0.5624538660049438,-0.6847283840179443,0.9979161024093628,0.1696978509426117,0.566586971282959,-0.05192165821790695,0.9985756874084473,0.43903350830078125,0.5865328311920166,-0.7090524435043335,0.9420464038848877,0.2994619905948639,0.5972234606742859,0.29714617133140564,0.22430434823036194,0.40315160155296326,0.66168212890625,-0.6671385169029236,0.8661686778068542,0.2634015679359436,0.6510332226753235,0.5026048421859741,0.35700535774230957,0.3684057295322418,0.6796723008155823,-0.7343084812164307,0.8314720988273621,0.2247391790151596,0.6573156118392944,0.5333042740821838,0.3899088501930237,0.32948699593544006,0.675395131111145,-0.7080643177032471,0.8325110077857971,0.2173989713191986,0.6574890613555908,0.47496920824050903,0.40319719910621643,0.3486678898334503,0.6668484807014465,-0.654742419719696,0.7793968915939331,0.23387689888477325,0.6561709642410278,0.48138427734375,0.407037615776062,0.5346876382827759,0.5832964181900024,-0.19338427484035492,0.993789553642273,0.501767635345459,0.5837904810905457,0.1936521828174591,0.9921802282333374,0.7408508658409119,0.6342040300369263,-0.05088691785931587,0.7835802435874939,0.7030250430107117,0.6289255619049072,0.39026209712028503,0.308691143989563,0.9221237897872925,0.6093243956565857,0.3533766269683838,0.7280239462852478,0.9066116809844971,0.6111499667167664,0.7367408871650696,0.3110239505767822,0.9360215663909912,0.5947800278663635,0.39688873291015625,0.8198171257972717,0.9609683156013489,0.5949147939682007,0.7700968384742737,0.37369751930236816,0.9674257040023804,0.6362529993057251,0.35346588492393494,0.7338860034942627,0.9479112029075623,0.6326391696929932,0.7072858810424805,0.38429099321365356
272,knee_pushup,1,0.09888441115617752,0.5906389951705933,-0.46960070729255676,0.9955962896347046,0.07562156766653061,0.5793814063072205,-0.5187101364135742,0.9967755079269409,0.07678135484457016,0.576771080493927,-0.5187650322914124,0.9964601993560791,0.07736478000879288,0.5739692449569702,-0.5189577341079712,0.9972085952758789,0.06987489014863968,0.5805374979972839,-0.4495740532875061,0.9953662157058716,0.06753209233283997,0.5788650512695312,-0.4498346447944641,0.9949265718460083,0.06526133418083191,0.576880931854248,-0.4500696361064911,0.9967609643936157,0.10207933932542801,0.5592760443687439,-0.612689197063446,0.9966267347335815,0.07715696841478348,0.5612988471984863,-0.30778005719184875,0.9968977570533752,0.12744686007499695,0.5866733193397522,-0.4912353456020355,0.9965725541114807,0.12149946391582489,0.5891692638397217,-0.40309298038482666,0.9953504204750061,0.2696954309940338,0.5511322617530823,-0.6577824950218201,0.9976575374603271,0.17689919471740723,0.5527785420417786,-0.05915064737200737,0.998604953289032,0.4462772011756897,0.5852868556976318,-0.6827465891838074,0.9415012001991272,0.2987225651741028,0.5931740999221802,0.2752566635608673,0.22938162088394165,0.4112587571144104,0.6616129875183105,-0.6409941911697388,0.8704142570495605,0.27052274346351624,0.6510740518569946,0.3970542252063751,0.3759569227695465,0.37814921140670776,0.6746146082878113,-0.7047616243362427,0.8358837962150574,0.2267885059118271,0.6570937037467957,0.41742977499961853,0.4084947109222412,0.3375189006328583,0.6742497682571411,-0.681067168712616,0.8363238573074341,0.22190704941749573,0.6573973298072815,0.35828444361686707,0.4218527376651764,0.3562358021736145,0.6647853255271912,-0.6293432712554932,0.7827765941619873,0.2414180487394333,0.65603107213974,0.37461164593696594,0.4253205358982086,0.5509384870529175,0.5752905011177063,-0.18254895508289337,0.9933993220329285,0.5094960331916809,0.5753295421600342,0.18260027468204498,0.9918525815010071,0.7405305504798889,0.6341341733932495,0.07916596531867981,0.7810941934585571,0.7036399841308594,0.6268826723098755,0.4459673762321472,0.3004581034183502,0.9221373796463013,0.6095666289329529,0.4876681864261627,0.7213936448097229,0.9057201743125916,0.6109613180160522,0.823405385017395,0.2964741289615631,0.936596155166626,0.5954074859619141,0.5312032699584961,0.8133625984191895,0.9495971202850342,0.5951481461524963,0.8626225590705872,0.36315977573394775,0.9597614407539368,0.6362163424491882,0.4845038652420044,0.7210500836372375,0.9433882236480713,0.63088458776474,0.8138355612754822,0.36964812874794006
273,knee_pushup,1,0.09965486824512482,0.577634871006012,-0.42508965730667114,0.9951178431510925,0.07979103177785873,0.5656245946884155,-0.4757991135120392,0.9962154626846313,0.0822158083319664,0.5632317662239075,-0.47579628229141235,0.9958106875419617,0.08443247526884079,0.5606762766838074,-0.47593000531196594,0.9967255592346191,0.07314833998680115,0.5666985511779785,-0.4057723879814148,0.9947938323020935,0.07109639793634415,0.5651154518127441,-0.4060288965702057,0.9943624138832092,0.06911404430866241,0.563163161277771,-0.40625864267349243,0.9964901208877563,0.11352741718292236,0.5470094084739685,-0.5783000588417053,0.9957559704780579,0.08840738981962204,0.5485174655914307,-0.26999688148498535,0.9966257810592651,0.12814073264598846,0.5748888254165649,-0.4503691792488098,0.9959723353385925,0.1217072606086731,0.5773607492446899,-0.36119651794433594,0.9947885274887085,0.27809780836105347,0.5421978831291199,-0.6287524700164795,0.9973304867744446,0.18860600888729095,0.5418059825897217,-0.0386679470539093,0.9986559152603149,0.4482173025608063,0.5809526443481445,-0.6444730758666992,0.9419509172439575,0.2970238924026489,0.5875953435897827,0.2257353514432907,0.24399901926517487,0.4179151952266693,0.6611191034317017,-0.6092161536216736,0.873187780380249,0.27320414781570435,0.6510151028633118,0.2449411302804947,0.3977130949497223,0.38737285137176514,0.6731665730476379,-0.6872252821922302,0.8381080031394958,0.2291582077741623,0.6568613648414612,0.25383463501930237,0.42770105600357056,0.35488319396972656,0.6691513061523438,-0.6800106763839722,0.8379532694816589,0.22615475952625275,0.6573176980018616,0.18700841069221497,0.4413333535194397,0.3651183247566223,0.6621265411376953,-0.6003518104553223,0.7845074534416199,0.24669845402240753,0.6559494137763977,0.21720820665359497,0.4444929361343384,0.5576885342597961,0.5715903043746948,-0.17713776230812073,0.9929613471031189,0.5096383690834045,0.5688433051109314,0.17704321444034576,0.9917654395103455,0.7407088279724121,0.6341758370399475,0.054562803357839584,0.7831835746765137,0.7063743472099304,0.626022458076477,0.41275468468666077,0.29735201597213745,0.9242319464683533,0.6109479665756226,0.4229975938796997,0.7218040823936462,0.9104672074317932,0.6109653115272522,0.7390415668487549,0.2877354621887207,0.9387085437774658,0.5975027084350586,0.4599228799343109,0.8122655749320984,0.9462038278579712,0.5959451198577881,0.7722731828689575,0.35889559984207153,0.959301233291626,0.636163592338562,0.43592897057533264,0.7147896885871887,0.9433931708335876,0.6301261186599731,0.7252151966094971,0.3595421314239502
274,knee_pushup,1,0.10355247557163239,0.5577571988105774,-0.4494571387767792,0.9941861033439636,0.09027883410453796,0.5463100671768188,-0.5022948980331421,0.9952179789543152,0.0928582176566124,0.5444672107696533,-0.5023042559623718,0.9947752356529236,0.09566397219896317,0.5424633026123047,-0.5024535655975342,0.9959171414375305,0.08608914911746979,0.5464352369308472,-0.42859411239624023,0.9936131238937378,0.08567064255475998,0.5446674823760986,-0.4288386106491089,0.9932578802108765,0.0855896919965744,0.5425541996955872,-0.42907315492630005,0.9958842992782593,0.1279406100511551,0.5290648937225342,-0.6116410493850708,0.9944007396697998,0.10960142314434052,0.5288727879524231,-0.2876063585281372,0.9959980845451355,0.13399885594844818,0.5562209486961365,-0.47764894366264343,0.9952290654182434,0.12904469668865204,0.5574458241462708,-0.3837254047393799,0.9939436316490173,0.30245068669319153,0.526330292224884,-0.6594674587249756,0.997155487537384,0.20359013974666595,0.5255152583122253,-0.04890897870063782,0.9986870884895325,0.45277708768844604,0.5727529525756836,-0.6700597405433655,0.9433333873748779,0.29694822430610657,0.5827358365058899,0.1993096023797989,0.25699061155319214,0.42528432607650757,0.6583256125450134,-0.6718295216560364,0.879143476486206,0.27958443760871887,0.6489295363426208,0.21759384870529175,0.4163665771484375,0.39979517459869385,0.6678588390350342,-0.7563249468803406,0.8443564772605896,0.23463386297225952,0.6543238162994385,0.22611567378044128,0.4434164762496948,0.37315991520881653,0.6635593771934509,-0.728918194770813,0.8438072204589844,0.23361797630786896,0.6559818983078003,0.15348336100578308,0.45734599232673645,0.3784664571285248,0.6602522730827332,-0.6612456440925598,0.7906887531280518,0.2566927671432495,0.6544967293739319,0.18705743551254272,0.460730642080307,0.57100909948349,0.5660034418106079,-0.17601236701011658,0.9927630424499512,0.5223546624183655,0.5642774105072021,0.1758330762386322,0.991650402545929,0.7521690726280212,0.6340968012809753,0.07242318242788315,0.7844232320785522,0.7188422679901123,0.6255697011947632,0.4417628347873688,0.2920025587081909,0.9393324851989746,0.6122555732727051,0.46204519271850586,0.7234528064727783,0.9200899004936218,0.6109738945960999,0.8037208318710327,0.27947530150413513,0.9525445103645325,0.5989542007446289,0.5026727914810181,0.8118590116500854,0.9439682960510254,0.596846342086792,0.8417779207229614,0.3548440933227539,0.9624751806259155,0.6380056738853455,0.4582807123661041,0.7104339599609375,0.9465841054916382,0.6305058002471924,0.7821400165557861,0.3530806601047516
275,knee_pushup,1,0.11759353429079056,0.547261118888855,-0.4994528889656067,0.9938057065010071,0.10361084342002869,0.5365097522735596,-0.5524417161941528,0.994778037071228,0.10596704483032227,0.5347455739974976,-0.5524274706840515,0.9943875670433044,0.10868099331855774,0.5328295826911926,-0.55257248878479,0.9956427216529846,0.10017380118370056,0.5364625453948975,-0.4761659801006317,0.9929472208023071,0.09991901367902756,0.5346861481666565,-0.47642257809638977,0.992631733417511,0.10005255043506622,0.5326230525970459,-0.47662821412086487,0.9955326914787292,0.1398846060037613,0.518811047077179,-0.6590245962142944,0.9938996434211731,0.12431270629167557,0.5179934501647949,-0.31900861859321594,0.9955538511276245,0.14999884366989136,0.5461865663528442,-0.5252938270568848,0.9950243830680847,0.14644478261470795,0.5471794605255127,-0.4273725152015686,0.9935868382453918,0.3166448175907135,0.5182252526283264,-0.7093613147735596,0.9972741603851318,0.21703709661960602,0.5148524641990662,-0.06658294796943665,0.9987347722053528,0.4584656059741974,0.5698832869529724,-0.7634079456329346,0.9470643997192383,0.2972850203514099,0.5800603032112122,0.1649506837129593,0.27554070949554443,0.433220773935318,0.6543452739715576,-0.7801938652992249,0.8883978128433228,0.28291651606559753,0.6481645703315735,0.20611454546451569,0.4372813403606415,0.41664981842041016,0.6640838980674744,-0.8733360171318054,0.8546146750450134,0.2390570491552353,0.6542536020278931,0.21257363259792328,0.4589114785194397,0.3887752890586853,0.661980152130127,-0.8475043177604675,0.8537822365760803,0.24036060273647308,0.6559752225875854,0.13905395567417145,0.47309303283691406,0.3893844783306122,0.6593924760818481,-0.7715891003608704,0.8021160960197449,0.263920396566391,0.6544893383979797,0.17487315833568573,0.47729942202568054,0.5796359777450562,0.5647155046463013,-0.17026366293430328,0.9928978681564331,0.5226364731788635,0.5622924566268921,0.16988103091716766,0.9916333556175232,0.7575451731681824,0.634043276309967,0.1862095594406128,0.784643828868866,0.7187018394470215,0.6234436631202698,0.5439903140068054,0.28562408685684204,0.9398621320724487,0.6131866574287415,0.6580452919006348,0.7280035018920898,0.9176421761512756,0.6111210584640503,0.9867131114006042,0.27064043283462524,0.9529228806495667,0.6010787487030029,0.7072176337242126,0.8120430707931519,0.9407529234886169,0.5992087721824646,1.033179759979248,0.3502041697502136,0.9611145853996277,0.637966513633728,0.6427581906318665,0.7113352417945862,0.9420015811920166,0.6304941773414612,0.9674255847930908,0.3489409387111664
276,knee_pushup,1,0.1559484452009201,0.5210136771202087,-0.5608487129211426,0.9940909743309021,0.14344187080860138,0.5102220773696899,-0.6144573092460632,0.9949344992637634,0.14651033282279968,0.508571982383728,-0.6144689321517944,0.9945574998855591,0.15008042752742767,0.5067142248153687,-0.6146278381347656,0.9957993626594543,0.1394784301519394,0.510606050491333,-0.5381399989128113,0.9931315779685974,0.13945002853870392,0.5092400908470154,-0.538422167301178,0.9927958846092224,0.1396847516298294,0.5076249241828918,-0.5386332869529724,0.9956842660903931,0.17858649790287018,0.49410197138786316,-0.7127711176872253,0.9940504431724548,0.15979084372520447,0.49553510546684265,-0.3732416033744812,0.9956604242324829,0.18755152821540833,0.519414484500885,-0.5831408500671387,0.9951288104057312,0.1827835738658905,0.5209332704544067,-0.48497697710990906,0.9936707615852356,0.3545495569705963,0.49609625339508057,-0.7706218957901001,0.9974019527435303,0.23576442897319794,0.5038613677024841,-0.11316166818141937,0.9988215565681458,0.45679911971092224,0.5717273950576782,-0.840718150138855,0.9508458375930786,0.29903003573417664,0.5791432857513428,0.058320775628089905,0.3235093951225281,0.4357811510562897,0.6530795693397522,-0.8796858787536621,0.8973372578620911,0.28381580114364624,0.6483916640281677,-0.025227991864085197,0.4791538715362549,0.41916152834892273,0.6637969017028809,-0.9855221509933472,0.8652811050415039,0.23934471607208252,0.655335545539856,-0.03811975196003914,0.4939121603965759,0.39127445220947266,0.6617665886878967,-0.9620063304901123,0.8644928932189941,0.24125346541404724,0.6565496325492859,-0.12006361037492752,0.5079320669174194,0.3921447694301605,0.6591874361038208,-0.874377429485321,0.8151966333389282,0.2648744285106659,0.6546540856361389,-0.06391413509845734,0.5113741755485535,0.5998990535736084,0.5534794926643372,-0.17037440836429596,0.993253767490387,0.5298418998718262,0.5597776174545288,0.17010167241096497,0.9920831322669983,0.7601442933082581,0.6340827941894531,0.04709218442440033,0.7853010892868042,0.708012044429779,0.624279797077179,0.4450238347053528,0.28386688232421875,0.9386842846870422,0.6143850088119507,0.5571871995925903,0.7308099269866943,0.9095386862754822,0.6144053936004639,0.9145779609680176,0.2634330093860626,0.9526796340942383,0.601830244064331,0.6172178387641907,0.8131974935531616,0.927394688129425,0.6022660732269287,0.9453632235527039,0.3472633361816406,0.9684383273124695,0.6420516967773438,0.5668873190879822,0.7110434174537659,0.9420909881591797,0.6369649767875671,0.8802797794342041,0.34419184923171997
277,knee_pushup,1,0.1801489144563675,0.5113940834999084,-0.545026421546936,0.9946087002754211,0.16502727568149567,0.5007165670394897,-0.5995687246322632,0.9953680038452148,0.16763265430927277,0.4987681806087494,-0.599593460559845,0.9950215816497803,0.17051051557064056,0.49664899706840515,-0.5998033881187439,0.9961627125740051,0.1610524207353592,0.5014019012451172,-0.5248034596443176,0.9936874508857727,0.16058829426765442,0.5000516176223755,-0.5250519514083862,0.9933627247810364,0.160268634557724,0.4984341263771057,-0.5253025889396667,0.9960334300994873,0.19501377642154694,0.4828105866909027,-0.705478847026825,0.9945608377456665,0.17820782959461212,0.48504555225372314,-0.36825141310691833,0.9960082769393921,0.20924466848373413,0.5103186964988708,-0.5701911449432373,0.9955552220344543,0.2041555941104889,0.5117328763008118,-0.4747435748577118,0.994205892086029,0.3644838035106659,0.4847622513771057,-0.7489241361618042,0.9976264238357544,0.2551984190940857,0.4976770281791687,-0.11306754499673843,0.9989191889762878,0.45492589473724365,0.5709134936332703,-0.8060001730918884,0.9550521969795227,0.2997833788394928,0.5756314396858215,0.09702838212251663,0.37085023522377014,0.4401700496673584,0.6503680944442749,-0.8388627767562866,0.9065377116203308,0.2841058075428009,0.6486967206001282,0.06359152495861053,0.5192754864692688,0.4214842915534973,0.6615836024284363,-0.9344177842140198,0.8767051100730896,0.23900403082370758,0.6554783582687378,0.05845604091882706,0.5280905961990356,0.3920983374118805,0.6591222882270813,-0.9120036959648132,0.876011312007904,0.24053817987442017,0.6565415859222412,-0.01846887357532978,0.5419397354125977,0.3937363624572754,0.6570179462432861,-0.8322937488555908,0.8299793004989624,0.2653166353702545,0.6547038555145264,0.027775214985013008,0.5447638034820557,0.6080367565155029,0.5542252659797668,-0.17035406827926636,0.9938515424728394,0.5396834015846252,0.5616057515144348,0.1700168401002884,0.992770791053772,0.7591792345046997,0.6341992020606995,0.0032451136503368616,0.7985696196556091,0.7032956480979919,0.6254233121871948,0.4250006079673767,0.30510398745536804,0.9374037384986877,0.6145829558372498,0.5184206962585449,0.7482564449310303,0.8960710167884827,0.616614580154419,0.8840265870094299,0.2777259647846222,0.9512912034988403,0.6016111373901367,0.6079357266426086,0.8252310752868652,0.9264004826545715,0.602565586566925,0.9146615266799927,0.3643288314342499,0.9703772068023682,0.6416367292404175,0.5130404233932495,0.7288516163825989,0.9417374134063721,0.6375428438186646,0.8645927309989929,0.36324548721313477
278,knee_pushup,1,0.19972611963748932,0.5060086250305176,-0.5558676719665527,0.9950204491615295,0.18242141604423523,0.49683547019958496,-0.6049243211746216,0.9957180023193359,0.18464995920658112,0.49500441551208496,-0.6049616932868958,0.9953949451446533,0.18701137602329254,0.4929322302341461,-0.6051338315010071,0.9964610934257507,0.1780627965927124,0.49766167998313904,-0.5332194566726685,0.9940991997718811,0.1770804226398468,0.49652597308158875,-0.5334793925285339,0.9937607049942017,0.17611299455165863,0.4951368272304535,-0.5336613059043884,0.9962882995605469,0.2073138803243637,0.47796493768692017,-0.7018049359321594,0.9949724674224854,0.19219405949115753,0.48064181208610535,-0.3801882266998291,0.9962500929832458,0.2257108837366104,0.5043489933013916,-0.5784991383552551,0.9958977103233337,0.22077010571956635,0.5054838061332703,-0.4862857460975647,0.9946267008781433,0.36995816230773926,0.48004451394081116,-0.7636038661003113,0.9978269934654236,0.2650042176246643,0.49432656168937683,-0.12844565510749817,0.9990007877349854,0.44343695044517517,0.5711935758590698,-0.8303387761116028,0.9588188529014587,0.30167052149772644,0.573214590549469,0.06734271347522736,0.40352851152420044,0.43944936990737915,0.6507543921470642,-0.8641272187232971,0.9145890474319458,0.2862854599952698,0.648444652557373,0.03143508732318878,0.5472242832183838,0.41896694898605347,0.6626954674720764,-0.9589681625366211,0.886483371257782,0.2412475049495697,0.6555085182189941,0.02747386135160923,0.5496038198471069,0.3934883773326874,0.660054624080658,-0.9372856616973877,0.8859169483184814,0.242503821849823,0.6565362215042114,-0.05055351182818413,0.5635136961936951,0.39587828516960144,0.6571500897407532,-0.857789933681488,0.8423646688461304,0.2668273150920868,0.6546189785003662,-0.005112638231366873,0.565581738948822,0.6092695593833923,0.5538292527198792,-0.17069844901561737,0.9943616986274719,0.5379515886306763,0.5626579523086548,0.1704283356666565,0.9933454394340515,0.7600261569023132,0.6333765387535095,0.011132949031889439,0.8108161687850952,0.7035951614379883,0.6254265904426575,0.44898027181625366,0.3260052800178528,0.9439098238945007,0.6156250238418579,0.4769441783428192,0.7664599418640137,0.8993532061576843,0.618107795715332,0.8682523965835571,0.29703041911125183,0.9574242830276489,0.6028323769569397,0.5386046171188354,0.8376787900924683,0.9262340664863586,0.6035265326499939,0.906449019908905,0.3859720826148987,0.9750326871871948,0.6422373056411743,0.4662967026233673,0.7483859062194824,0.9417595267295837,0.6396517157554626,0.8597562909126282,0.38778167963027954
279,knee_pushup,1,0.2080601155757904,0.5014658570289612,-0.5938516855239868,0.9953291416168213,0.19080427289009094,0.4922373592853546,-0.6433674097061157,0.9959496259689331,0.19287216663360596,0.49063852429389954,-0.643449068069458,0.9956530332565308,0.1949383169412613,0.4888817071914673,-0.6436235308647156,0.9966756701469421,0.18669529259204865,0.49271348118782043,-0.5694557428359985,0.9942871928215027,0.18593689799308777,0.491472452878952,-0.5696667432785034,0.9939085245132446,0.18517105281352997,0.4900362491607666,-0.5698606967926025,0.9964038133621216,0.216398224234581,0.4735110402107239,-0.7432171702384949,0.9952629208564758,0.2020702064037323,0.4759819805622101,-0.4116399884223938,0.9962930679321289,0.23373864591121674,0.5003156065940857,-0.6177722811698914,0.996161162853241,0.2288305014371872,0.5008612275123596,-0.5219995379447937,0.9949069619178772,0.3783811330795288,0.472420334815979,-0.8105348944664001,0.9980101585388184,0.2719179689884186,0.4894973933696747,-0.1616237759590149,0.9990682601928711,0.427092581987381,0.5711344480514526,-0.8970850706100464,0.962137758731842,0.30502334237098694,0.5706770420074463,0.0038595334626734257,0.42245984077453613,0.43926742672920227,0.6502274870872498,-0.9558215141296387,0.9216587543487549,0.2877229154109955,0.648715615272522,-0.05975243076682091,0.565986692905426,0.4184798300266266,0.6624009013175964,-1.0594964027404785,0.8950376510620117,0.24115660786628723,0.6558578610420227,-0.07274670898914337,0.5627221465110779,0.39039716124534607,0.6597533226013184,-1.03940749168396,0.8945932388305664,0.24160043895244598,0.6566765904426575,-0.1515374481678009,0.5767200589179993,0.39292848110198975,0.6567580103874207,-0.9512493014335632,0.8529593348503113,0.2665671408176422,0.6548749208450317,-0.0983712449669838,0.5775260925292969,0.6154336333274841,0.5523532032966614,-0.1711571365594864,0.9948179125785828,0.5402675271034241,0.5642349720001221,0.1709280163049698,0.9938387870788574,0.7603583931922913,0.6320596933364868,0.04854337498545647,0.8223938345909119,0.7045092582702637,0.6264007687568665,0.5054956674575806,0.3502524793148041,0.9430034160614014,0.6157426834106445,0.5368590950965881,0.7834365963935852,0.8987417817115784,0.6212506294250488,0.9454014301300049,0.323850154876709,0.9561185240745544,0.6036399006843567,0.5894867777824402,0.8483684062957764,0.9254591464996338,0.6044052243232727,0.9909870028495789,0.41187870502471924,0.9748750329017639,0.6419968008995056,0.523460328578949,0.7671048641204834,0.9417911767959595,0.64023357629776,0.9347691535949707,0.41898608207702637
280,knee_pushup,1,0.20991003513336182,0.5045271515846252,-0.5752183794975281,0.9956294894218445,0.19428716599941254,0.49384844303131104,-0.6260145306587219,0.9961912035942078,0.1970396637916565,0.4918370246887207,-0.6260037422180176,0.995919942855835,0.19967283308506012,0.48971983790397644,-0.626176655292511,0.9968913793563843,0.1891871690750122,0.4949384927749634,-0.5522104501724243,0.9944969415664673,0.18833711743354797,0.49376314878463745,-0.5525005459785461,0.9940732717514038,0.18740081787109375,0.4924071431159973,-0.5527076721191406,0.9965152740478516,0.22221755981445312,0.4739963412284851,-0.7251586318016052,0.9955698251724243,0.20594066381454468,0.4774912893772125,-0.39976710081100464,0.996353805065155,0.23827984929084778,0.5023855566978455,-0.5989113450050354,0.9964305758476257,0.23220087587833405,0.503745436668396,-0.5049629807472229,0.9952086210250854,0.38219326734542847,0.47110429406166077,-0.7814940810203552,0.9981867671012878,0.2736717164516449,0.490133136510849,-0.14856436848640442,0.9991306066513062,0.4260123372077942,0.5700278878211975,-0.8422943353652954,0.9653512239456177,0.30687475204467773,0.5699698328971863,0.025804145261645317,0.43782827258110046,0.43699294328689575,0.6485875248908997,-0.8619962334632874,0.9284178018569946,0.2909596562385559,0.6484220623970032,-0.03976738080382347,0.5835126638412476,0.4173184633255005,0.6612997651100159,-0.9530925750732422,0.9033582806587219,0.2445186972618103,0.6556139588356018,-0.049138717353343964,0.5749379396438599,0.38887837529182434,0.6588998436927795,-0.9338691234588623,0.9030713438987732,0.2465052604675293,0.6566292643547058,-0.12337299436330795,0.5894002318382263,0.39131078124046326,0.6557945609092712,-0.8557079434394836,0.8637984395027161,0.2718272805213928,0.6548093557357788,-0.07603048533201218,0.588792622089386,0.6169738173484802,0.552008330821991,-0.16986539959907532,0.9952284097671509,0.5398850440979004,0.5652520656585693,0.1695716828107834,0.9942875504493713,0.7599524855613708,0.6313154101371765,0.040287602692842484,0.8329874277114868,0.7031037211418152,0.6292489767074585,0.4888663589954376,0.37195366621017456,0.9400750398635864,0.6156476140022278,0.5313319563865662,0.7965783476829529,0.89097660779953,0.6182297468185425,0.9124729633331299,0.34449461102485657,0.9499101042747498,0.6033389568328857,0.5839841961860657,0.8564980030059814,0.9179607033729553,0.6041404604911804,0.9555609822273254,0.433414101600647,0.9749814867973328,0.6412870287895203,0.5044736862182617,0.782306432723999,0.941985547542572,0.6415382027626038,0.9247989058494568,0.44260939955711365
