frame,exercise_type,form_label,nose_x,nose_y,nose_z,nose_vis,left_eye_inner_x,left_eye_inner_y,left_eye_inner_z,left_eye_inner_vis,left_eye_x,left_eye_y,left_eye_z,left_eye_vis,left_eye_outer_x,left_eye_outer_y,left_eye_outer_z,left_eye_outer_vis,right_eye_inner_x,right_eye_inner_y,right_eye_inner_z,right_eye_inner_vis,right_eye_x,right_eye_y,right_eye_z,right_eye_vis,right_eye_outer_x,right_eye_outer_y,right_eye_outer_z,right_eye_outer_vis,left_ear_x,left_ear_y,left_ear_z,left_ear_vis,right_ear_x,right_ear_y,right_ear_z,right_ear_vis,mouth_left_x,mouth_left_y,mouth_left_z,mouth_left_vis,mouth_right_x,mouth_right_y,mouth_right_z,mouth_right_vis,left_shoulder_x,left_shoulder_y,left_shoulder_z,left_shoulder_vis,right_shoulder_x,right_shoulder_y,right_shoulder_z,right_shoulder_vis,left_elbow_x,left_elbow_y,left_elbow_z,left_elbow_vis,right_elbow_x,right_elbow_y,right_elbow_z,right_elbow_vis,left_wrist_x,left_wrist_y,left_wrist_z,left_wrist_vis,right_wrist_x,right_wrist_y,right_wrist_z,right_wrist_vis,left_pinky_x,left_pinky_y,left_pinky_z,left_pinky_vis,right_pinky_x,right_pinky_y,right_pinky_z,right_pinky_vis,left_index_x,left_index_y,left_index_z,left_index_vis,right_index_x,right_index_y,right_index_z,right_index_vis,left_thumb_x,left_thumb_y,left_thumb_z,left_thumb_vis,right_thumb_x,right_thumb_y,right_thumb_z,right_thumb_vis,left_hip_x,left_hip_y,left_hip_z,left_hip_vis,right_hip_x,right_hip_y,right_hip_z,right_hip_vis,left_knee_x,left_knee_y,left_knee_z,left_knee_vis,right_knee_x,right_knee_y,right_knee_z,right_knee_vis,left_ankle_x,left_ankle_y,left_ankle_z,left_ankle_vis,right_ankle_x,right_ankle_y,right_ankle_z,right_ankle_vis,left_heel_x,left_heel_y,left_heel_z,left_heel_vis,right_heel_x,right_heel_y,right_heel_z,right_heel_vis,left_foot_index_x,left_foot_index_y,left_foot_index_z,left_foot_index_vis,right_foot_index_x,right_foot_index_y,right_foot_index_z,right_foot_index_vis
85,squat,0,0.49230560660362244,0.3372144401073456,-0.7380847334861755,0.9999789595603943,0.5042410492897034,0.32862937450408936,-0.7130350470542908,0.9999552369117737,0.5099284648895264,0.32819095253944397,-0.7130694389343262,0.9999531507492065,0.5169283747673035,0.3276333212852478,-0.7132030129432678,0.9999475479125977,0.4832610785961151,0.3284461796283722,-0.7132164239883423,0.9999479651451111,0.4753188192844391,0.3278634548187256,-0.7133140563964844,0.9999476671218872,0.4690036177635193,0.3273508548736572,-0.7133330702781677,0.9999504685401917,0.5283989906311035,0.3258935809135437,-0.4831206202507019,0.9999199509620667,0.4595630168914795,0.3260393440723419,-0.4813328683376312,0.9999188184738159,0.5036263465881348,0.34348589181900024,-0.6439123749732971,0.9999750256538391,0.47984710335731506,0.3436305522918701,-0.6442578434944153,0.9999771118164062,0.5625335574150085,0.3607049584388733,-0.30300402641296387,0.9999578595161438,0.41223767399787903,0.36010271310806274,-0.2907254993915558,0.9998212456703186,0.6244713068008423,0.4169796109199524,-0.5747763514518738,0.9859726428985596,0.34848302602767944,0.41539978981018066,-0.5366935729980469,0.979337215423584,0.5371485352516174,0.37543419003486633,-0.9835801720619202,0.972043514251709,0.4342665374279022,0.3785272240638733,-0.9389070272445679,0.9569611549377441,0.5173540115356445,0.3661828339099884,-1.066357135772705,0.9298915863037109,0.46201980113983154,0.36644890904426575,-1.023247480392456,0.899597704410553,0.5139390826225281,0.3623201549053192,-1.0384782552719116,0.9302962422370911,0.46425992250442505,0.3626953363418579,-0.995907187461853,0.8938347697257996,0.514489471912384,0.3659440279006958,-0.9801005125045776,0.8941379189491272,0.45804333686828613,0.3667040765285492,-0.9353433847427368,0.8467410802841187,0.5194946527481079,0.4553722143173218,-0.0037925802171230316,0.9991806745529175,0.42789292335510254,0.45297762751579285,0.0036426910664886236,0.9987106323242188,0.5446699261665344,0.5294278264045715,-0.17707021534442902,0.9951621294021606,0.41391003131866455,0.5256946086883545,-0.20818904042243958,0.9926961660385132,0.5551604628562927,0.6024448275566101,0.13292457163333893,0.9934542179107666,0.37963902950286865,0.6023147106170654,0.0856621041893959,0.9918856620788574,0.5528688430786133,0.611066460609436,0.1499572992324829,0.8677041530609131,0.3773322105407715,0.6118023991584778,0.10271082073450089,0.8679131269454956,0.5369849801063538,0.6279348731040955,-0.11745977401733398,0.9862023591995239,0.39468783140182495,0.626681923866272,-0.1679324358701706,0.9848542213439941
86,squat,0,0.4925171732902527,0.3453049957752228,-0.7552457451820374,0.9999787211418152,0.5045323967933655,0.3365071415901184,-0.7303851842880249,0.9999552965164185,0.5101853013038635,0.336018830537796,-0.7304137349128723,0.9999538064002991,0.5172424912452698,0.33547064661979675,-0.7305497527122498,0.9999479651451111,0.48353084921836853,0.33652007579803467,-0.7310055494308472,0.9999476075172424,0.47549155354499817,0.33577296137809753,-0.7311174273490906,0.9999475479125977,0.46904534101486206,0.3350473642349243,-0.7311452627182007,0.9999498724937439,0.5288522243499756,0.33473166823387146,-0.5034931302070618,0.9999215006828308,0.45897310972213745,0.33396613597869873,-0.5039584040641785,0.9999197125434875,0.5037310719490051,0.3519761264324188,-0.6622225642204285,0.9999746084213257,0.4798455238342285,0.3518710136413574,-0.6632176041603088,0.9999769330024719,0.5624925494194031,0.36847227811813354,-0.32815420627593994,0.9999542832374573,0.41028207540512085,0.36695972084999084,-0.32095634937286377,0.9998192191123962,0.617949903011322,0.4252987504005432,-0.6048343181610107,0.9868131875991821,0.35101038217544556,0.4213683307170868,-0.5752559900283813,0.9801874160766602,0.5365466475486755,0.38261494040489197,-1.0040010213851929,0.9731931090354919,0.44082099199295044,0.3786093294620514,-0.9600005745887756,0.9574383497238159,0.5199982523918152,0.3667867183685303,-1.0844935178756714,0.931181013584137,0.46977928280830383,0.3699065148830414,-1.0407359600067139,0.8981886506080627,0.5162184238433838,0.36251214146614075,-1.054066777229309,0.9308838248252869,0.47004979848861694,0.36599716544151306,-1.0106549263000488,0.8908944725990295,0.5161638855934143,0.36902865767478943,-0.9997246265411377,0.8928223848342896,0.4644063115119934,0.36983978748321533,-0.9550368785858154,0.8396010994911194,0.5182257294654846,0.45904335379600525,-0.0037961869966238737,0.99916672706604,0.42654502391815186,0.45662224292755127,0.003675849875435233,0.9987087845802307,0.5436564683914185,0.5303426384925842,-0.23620621860027313,0.9953107237815857,0.4149343967437744,0.527046263217926,-0.25012463331222534,0.9927716255187988,0.555212676525116,0.6025529503822327,0.07654847949743271,0.9935712814331055,0.3799883723258972,0.6022525429725647,0.047627802938222885,0.9920864105224609,0.554113507270813,0.611098051071167,0.09406357258558273,0.8703403472900391,0.37807101011276245,0.6117244362831116,0.06459219008684158,0.8688814640045166,0.5366970300674438,0.6278966665267944,-0.1720118671655655,0.9864841103553772,0.3945337235927582,0.6267120838165283,-0.20655131340026855,0.985226035118103
87,squat,0,0.49249371886253357,0.34921640157699585,-0.7578513026237488,0.9999768733978271,0.5045523643493652,0.3403369188308716,-0.7326074838638306,0.9999514222145081,0.5101978778839111,0.3399085998535156,-0.7326275110244751,0.9999508857727051,0.5172558426856995,0.3394472301006317,-0.7327548265457153,0.9999440312385559,0.483504056930542,0.3403606712818146,-0.7331036329269409,0.9999428987503052,0.4754405915737152,0.3395923674106598,-0.7332291007041931,0.9999435544013977,0.4688466191291809,0.33884820342063904,-0.7332801818847656,0.9999454617500305,0.5289376378059387,0.3391726613044739,-0.510003387928009,0.9999163746833801,0.4582306146621704,0.33827489614486694,-0.5101112127304077,0.999914824962616,0.5037329792976379,0.3557503819465637,-0.6669073700904846,0.9999718070030212,0.47974926233291626,0.35567793250083923,-0.6678165197372437,0.9999750852584839,0.5622851252555847,0.37280189990997314,-0.34063205122947693,0.999947190284729,0.4086233079433441,0.37196215987205505,-0.32907822728157043,0.9998140931129456,0.6143954396247864,0.4292917847633362,-0.6225261092185974,0.9875290989875793,0.3527511954307556,0.4253001809120178,-0.5883130431175232,0.9808863401412964,0.5351003408432007,0.3857158124446869,-1.0042245388031006,0.9740439653396606,0.4418970048427582,0.3826393485069275,-0.9605966210365295,0.9576969146728516,0.5180411338806152,0.3685958683490753,-1.0797604322433472,0.931572437286377,0.4712379276752472,0.3717995584011078,-1.0384126901626587,0.8959082961082458,0.5149769186973572,0.36394423246383667,-1.044369101524353,0.9304319620132446,0.4706861078739166,0.3679914176464081,-1.0038000345230103,0.8868046402931213,0.5151408314704895,0.371676504611969,-0.9973762035369873,0.8897622227668762,0.46435993909835815,0.371622234582901,-0.953535795211792,0.830808162689209,0.5174710154533386,0.4607236683368683,-0.003937144763767719,0.9991278648376465,0.42617470026016235,0.4585396349430084,0.003832920454442501,0.9986928105354309,0.5417732000350952,0.5305027365684509,-0.2651059031486511,0.9953947067260742,0.4163872003555298,0.527646005153656,-0.3010719120502472,0.9926419258117676,0.5552179217338562,0.6025295257568359,0.041419290006160736,0.9935734868049622,0.3803510367870331,0.6021830439567566,-0.00013479065091814846,0.9922086596488953,0.55451500415802,0.6111790537834167,0.05827445909380913,0.8698193430900574,0.37822020053863525,0.6115548610687256,0.016777509823441505,0.8684906363487244,0.535554826259613,0.6278148889541626,-0.20891842246055603,0.9865646362304688,0.3947366774082184,0.6267934441566467,-0.2577074468135834,0.985490620136261
88,squat,0,0.4924764633178711,0.35396796464920044,-0.7300032377243042,0.9999722242355347,0.5045517086982727,0.3449545204639435,-0.705091118812561,0.9999422430992126,0.5102007985115051,0.3445153534412384,-0.7051208019256592,0.9999430775642395,0.5172629952430725,0.344033420085907,-0.7052459716796875,0.9999346137046814,0.4834689795970917,0.3449375331401825,-0.7059107422828674,0.9999310374259949,0.4753953516483307,0.3441500663757324,-0.7060233950614929,0.9999324679374695,0.468694806098938,0.34340864419937134,-0.7060651779174805,0.9999337196350098,0.528958261013031,0.3437001407146454,-0.4846501350402832,0.9999035000801086,0.45757994055747986,0.34270164370536804,-0.48664620518684387,0.9998990893363953,0.5036994814872742,0.3607022762298584,-0.6393243074417114,0.9999663233757019,0.4796657860279083,0.3603705167770386,-0.6406541466712952,0.9999706745147705,0.56192946434021,0.37700048089027405,-0.31464606523513794,0.9999420642852783,0.4074210822582245,0.37592047452926636,-0.3051493167877197,0.9998041391372681,0.6118931174278259,0.43297362327575684,-0.5810133218765259,0.9881675243377686,0.3533240556716919,0.4290626049041748,-0.5461122393608093,0.9813409447669983,0.5334718823432922,0.39005205035209656,-0.950702428817749,0.9748989939689636,0.44181111454963684,0.38806429505348206,-0.8988750576972961,0.9577108025550842,0.5172650814056396,0.3750845193862915,-1.022304892539978,0.9321256279945374,0.4705102741718292,0.37259915471076965,-0.9723129868507385,0.8931683897972107,0.514144241809845,0.3710758090019226,-0.9884151220321655,0.9302416443824768,0.46991872787475586,0.36809632182121277,-0.941001296043396,0.8824163675308228,0.5141449570655823,0.377272367477417,-0.9434900879859924,0.8876140713691711,0.4637714922428131,0.37400925159454346,-0.8921768665313721,0.8222395181655884,0.5162417888641357,0.4625360369682312,-0.003914458677172661,0.9990971684455872,0.4254319369792938,0.4602793753147125,0.003836617339402437,0.9986646771430969,0.540623664855957,0.5309661030769348,-0.2653186619281769,0.9954326748847961,0.41781795024871826,0.527970016002655,-0.304243803024292,0.9924309253692627,0.5551902055740356,0.6032833456993103,0.02051711454987526,0.9935021996498108,0.38088151812553406,0.6021159887313843,-0.019517406821250916,0.9922187328338623,0.554490327835083,0.6122823357582092,0.03594178333878517,0.8682703375816345,0.3785223364830017,0.6113925576210022,-0.0035062292590737343,0.8674752116203308,0.5349087715148926,0.6278209090232849,-0.22285272181034088,0.9864477515220642,0.3949379324913025,0.6268522143363953,-0.26831910014152527,0.9855645298957825
89,squat,0,0.4924239218235016,0.35727694630622864,-0.7313209772109985,0.9999706745147705,0.5045506954193115,0.34825533628463745,-0.7066090106964111,0.9999391436576843,0.5102139115333557,0.34786543250083923,-0.7066239714622498,0.9999408721923828,0.5172750949859619,0.3474341928958893,-0.7067438364028931,0.9999313354492188,0.4834482967853546,0.348202109336853,-0.7079254388809204,0.9999268651008606,0.4753664433956146,0.34745368361473083,-0.7080496549606323,0.9999290108680725,0.4686139225959778,0.3467051386833191,-0.7080948352813721,0.9999294281005859,0.5289533734321594,0.3472103476524353,-0.48857760429382324,0.9998999834060669,0.4572567045688629,0.3460036814212799,-0.49328845739364624,0.9998940825462341,0.5035938024520874,0.364105224609375,-0.6419993042945862,0.9999645352363586,0.47955071926116943,0.3635198175907135,-0.6442368626594543,0.9999693632125854,0.5609761476516724,0.38117483258247375,-0.31965476274490356,0.999939501285553,0.4061606824398041,0.3793443739414215,-0.3100212514400482,0.9998016357421875,0.6106575131416321,0.4378114342689514,-0.5893681645393372,0.9888398051261902,0.3534693419933319,0.4323135316371918,-0.5560889840126038,0.9818443059921265,0.5339012145996094,0.3941289484500885,-0.9583545923233032,0.9758924245834351,0.44032859802246094,0.393045574426651,-0.9076991677284241,0.957849383354187,0.5169058442115784,0.3807312250137329,-1.0286885499954224,0.933235764503479,0.46770980954170227,0.3773214817047119,-0.9792720675468445,0.8909594416618347,0.5138357877731323,0.3774538040161133,-0.9915269017219543,0.9307076334953308,0.46771976351737976,0.3733545243740082,-0.9450227618217468,0.8786735534667969,0.5139469504356384,0.3821593225002289,-0.9498028755187988,0.8865417838096619,0.4616810381412506,0.37922102212905884,-0.8997958302497864,0.814551591873169,0.5153297781944275,0.4639098644256592,-0.004026602953672409,0.9990870952606201,0.42491233348846436,0.46221622824668884,0.003955161198973656,0.9986630082130432,0.5395368933677673,0.5312702059745789,-0.2961890697479248,0.9955381751060486,0.41807419061660767,0.5292013883590698,-0.32105517387390137,0.9923099875450134,0.5551403760910034,0.603531539440155,-0.013271892443299294,0.9935201406478882,0.38111093640327454,0.6027220487594604,-0.04218676686286926,0.9922686219215393,0.5547540783882141,0.6125208735466003,0.001965179108083248,0.8677954077720642,0.3785787522792816,0.6119804382324219,-0.027063174173235893,0.8671299815177917,0.5342350602149963,0.6278991103172302,-0.25809213519096375,0.9864993095397949,0.3949294984340668,0.6269547343254089,-0.2922642230987549,0.9856747984886169
90,squat,0,0.49237632751464844,0.36117294430732727,-0.7388558387756348,0.9999702572822571,0.504540205001831,0.35232409834861755,-0.7138018608093262,0.9999383091926575,0.5102168321609497,0.3519168496131897,-0.7138073444366455,0.9999405741691589,0.5172727704048157,0.3514378070831299,-0.7139242887496948,0.9999305605888367,0.48343905806541443,0.35229524970054626,-0.7152292132377625,0.9999252557754517,0.4753604829311371,0.35157090425491333,-0.7153584957122803,0.9999278783798218,0.4686051309108734,0.3508419990539551,-0.7154002785682678,0.999927818775177,0.5289375185966492,0.35086145997047424,-0.4962363839149475,0.9998998641967773,0.4571465253829956,0.3497993052005768,-0.5013347268104553,0.9998923540115356,0.5034986138343811,0.36787572503089905,-0.6500898003578186,0.9999640583992004,0.4794294238090515,0.36704879999160767,-0.6524950861930847,0.9999690651893616,0.560336172580719,0.3849320113658905,-0.32887834310531616,0.999938428401947,0.4054243862628937,0.3824399709701538,-0.31968778371810913,0.999801754951477,0.6090562343597412,0.44184887409210205,-0.6043612360954285,0.989425778388977,0.35344284772872925,0.4356648921966553,-0.5725120306015015,0.9823498129844666,0.5345245599746704,0.39834558963775635,-0.9738942980766296,0.9766110181808472,0.43894147872924805,0.39731940627098083,-0.9240458011627197,0.9577034711837769,0.5167788863182068,0.3860129714012146,-1.0441838502883911,0.9336816668510437,0.4639340937137604,0.38266101479530334,-0.9956507086753845,0.8881151080131531,0.5135509371757507,0.38318052887916565,-1.0052428245544434,0.9304708242416382,0.464745432138443,0.3795206844806671,-0.9601511359214783,0.8742279410362244,0.5141017436981201,0.38711845874786377,-0.9648587107658386,0.8843460083007812,0.4597160816192627,0.38440951704978943,-0.915885865688324,0.8060746192932129,0.5140581130981445,0.4668453335762024,-0.004036600235849619,0.9990991353988647,0.4241693317890167,0.46518564224243164,0.00397329730913043,0.9986826181411743,0.5383507013320923,0.5315001606941223,-0.3296467065811157,0.9956915974617004,0.4181079566478729,0.529773473739624,-0.34750261902809143,0.9923508167266846,0.5550786852836609,0.6034949421882629,-0.034250739961862564,0.9936714172363281,0.3813125193119049,0.6027604341506958,-0.05812002345919609,0.9924819469451904,0.5546405911445618,0.6124165654182434,-0.01788841001689434,0.8692122101783752,0.378717839717865,0.6120362877845764,-0.04205332696437836,0.8686128854751587,0.5346922278404236,0.6279069185256958,-0.28057241439819336,0.9868379831314087,0.39501798152923584,0.6271422505378723,-0.30893513560295105,0.9860678911209106
91,squat,0,0.4887562394142151,0.3724133372306824,-0.8680450916290283,0.9999712705612183,0.5018172860145569,0.36422717571258545,-0.8446337580680847,0.9999393224716187,0.5078607797622681,0.36376065015792847,-0.8445864319801331,0.999941885471344,0.5147168040275574,0.36332252621650696,-0.8447005152702332,0.9999305605888367,0.47976458072662354,0.3633921444416046,-0.8426246643066406,0.9999271631240845,0.47201862931251526,0.3625098764896393,-0.842804491519928,0.9999305605888367,0.4654788374900818,0.361736536026001,-0.842866837978363,0.9999299645423889,0.5271725654602051,0.362682580947876,-0.626815140247345,0.9999012351036072,0.45549142360687256,0.3612329363822937,-0.6169505715370178,0.9998974204063416,0.5014681816101074,0.3794950246810913,-0.7788020372390747,0.999965250492096,0.4765622317790985,0.3780134618282318,-0.7768546938896179,0.9999706149101257,0.560057520866394,0.3983558416366577,-0.45008590817451477,0.9999359250068665,0.40355056524276733,0.39451849460601807,-0.43344351649284363,0.9998148083686829,0.6087468266487122,0.45194011926651,-0.776650607585907,0.9900274276733398,0.35049623250961304,0.44739580154418945,-0.7481701970100403,0.98347008228302,0.5308743715286255,0.4074553847312927,-1.1416949033737183,0.9771074652671814,0.43843692541122437,0.4084489941596985,-1.1120468378067017,0.9593231678009033,0.5130752325057983,0.39436307549476624,-1.2126233577728271,0.9334867596626282,0.4645673334598541,0.3934919238090515,-1.1876211166381836,0.889518678188324,0.5102397799491882,0.3926558494567871,-1.1612516641616821,0.9290532469749451,0.4653644561767578,0.3915095925331116,-1.1390398740768433,0.8741546869277954,0.5105055570602417,0.3962457776069641,-1.1278208494186401,0.8793370723724365,0.4608498215675354,0.39622703194618225,-1.0988905429840088,0.8031896352767944,0.5142191052436829,0.4739531874656677,-0.004076892044395208,0.9991299510002136,0.42418843507766724,0.4724177122116089,0.004021193832159042,0.9987545609474182,0.5384057760238647,0.5329571962356567,-0.4302830398082733,0.9957490563392639,0.417956680059433,0.5301353931427002,-0.47707363963127136,0.9923496842384338,0.5550691485404968,0.6034654974937439,-0.09340096265077591,0.993711531162262,0.3813592493534088,0.6027000546455383,-0.13045865297317505,0.9927675724029541,0.5544911623001099,0.6123403906822205,-0.0747394859790802,0.8696311116218567,0.378744900226593,0.6119452714920044,-0.11042335629463196,0.8722636699676514,0.5360218286514282,0.6279293298721313,-0.35864245891571045,0.9870862364768982,0.39521095156669617,0.6274004578590393,-0.39971688389778137,0.986571192741394
92,squat,0,0.48811089992523193,0.37816086411476135,-0.8665189146995544,0.9999728202819824,0.5011984705924988,0.3699991703033447,-0.8420587778091431,0.9999417066574097,0.5071911811828613,0.36961647868156433,-0.8420219421386719,0.9999445080757141,0.513983964920044,0.369206964969635,-0.8421387076377869,0.9999324679374695,0.4791262447834015,0.3690894544124603,-0.8406761884689331,0.9999303221702576,0.47157710790634155,0.36811861395835876,-0.8408591151237488,0.9999342560768127,0.46501290798187256,0.3671634793281555,-0.8409060835838318,0.999933123588562,0.5264009833335876,0.3683854043483734,-0.6234225630760193,0.9999054074287415,0.4551382064819336,0.36668989062309265,-0.6167684197425842,0.9999033808708191,0.5005304217338562,0.38542914390563965,-0.7774958610534668,0.9999672770500183,0.47552675008773804,0.38359785079956055,-0.7764941453933716,0.9999725818634033,0.5595913529396057,0.4025028944015503,-0.4505136013031006,0.9999362230300903,0.40263086557388306,0.39942997694015503,-0.4347832500934601,0.9998272061347961,0.6083903312683105,0.45630770921707153,-0.7759853005409241,0.9906556010246277,0.34916871786117554,0.4516744911670685,-0.7520275712013245,0.9844529628753662,0.5299453139305115,0.4135129749774933,-1.1376454830169678,0.9779965877532959,0.43958520889282227,0.4136042296886444,-1.1215932369232178,0.9606468677520752,0.5121476054191589,0.40095096826553345,-1.2084189653396606,0.9348398447036743,0.46517401933670044,0.3993818163871765,-1.1979365348815918,0.8905657529830933,0.5090481638908386,0.399291068315506,-1.1580737829208374,0.929568350315094,0.4653574824333191,0.39741432666778564,-1.1501613855361938,0.8737448453903198,0.5090921521186829,0.4026433527469635,-1.1239569187164307,0.8778668642044067,0.4610346853733063,0.4013349711894989,-1.1090030670166016,0.800000786781311,0.5139358043670654,0.47752445936203003,-0.002855665050446987,0.9991731643676758,0.4236965477466583,0.47563832998275757,0.002851090393960476,0.9988325238227844,0.5382910966873169,0.5331539511680603,-0.4675406515598297,0.995836079120636,0.41791197657585144,0.5299476385116577,-0.5205536484718323,0.9924377202987671,0.5549862384796143,0.6020094752311707,-0.12166138738393784,0.9937924146652222,0.3815007209777832,0.6024987101554871,-0.17630210518836975,0.9931421279907227,0.5540372729301453,0.6106484532356262,-0.1019345223903656,0.8719911575317383,0.3786397874355316,0.6113969683647156,-0.15654876828193665,0.8775511384010315,0.5367901921272278,0.6278504729270935,-0.3838585913181305,0.9874743819236755,0.39616432785987854,0.6274406313896179,-0.45075756311416626,0.9872294068336487
93,squat,0,0.48814862966537476,0.37888023257255554,-0.8210704326629639,0.9999728202819824,0.5012202262878418,0.37013694643974304,-0.7961981296539307,0.9999397993087769,0.5072538256645203,0.3697093427181244,-0.7961823344230652,0.9999434947967529,0.5140105485916138,0.3692927360534668,-0.7962980270385742,0.9999291896820068,0.47918209433555603,0.37022536993026733,-0.7959716320037842,0.9999284148216248,0.47162437438964844,0.36953049898147583,-0.796133816242218,0.9999337196350098,0.4650786519050598,0.36874741315841675,-0.7961742877960205,0.999931275844574,0.526391327381134,0.3687116205692291,-0.5795869827270508,0.9999032616615295,0.45491084456443787,0.36789199709892273,-0.5778213143348694,0.9999025464057922,0.5005055665969849,0.38538312911987305,-0.7328757047653198,0.9999678134918213,0.4755960702896118,0.3848458230495453,-0.7332711815834045,0.9999733567237854,0.5590178966522217,0.4017302393913269,-0.41377297043800354,0.999937117099762,0.4027421176433563,0.3996461033821106,-0.3976556658744812,0.9998353719711304,0.6077386140823364,0.45725229382514954,-0.7136983871459961,0.9911867380142212,0.3492140471935272,0.45153260231018066,-0.691211462020874,0.985181987285614,0.5266954302787781,0.4150940179824829,-1.0636613368988037,0.9788241386413574,0.4393201768398285,0.4144180417060852,-1.0502897500991821,0.9613984823226929,0.5099968910217285,0.4025759994983673,-1.133243203163147,0.9362058639526367,0.4648045301437378,0.4003783166408539,-1.1253068447113037,0.8902493119239807,0.5079362988471985,0.40001681447029114,-1.0886881351470947,0.9303056597709656,0.4652257263660431,0.3975675404071808,-1.0814330577850342,0.8718723058700562,0.5078213810920715,0.40391674637794495,-1.0518032312393188,0.8769868612289429,0.46080252528190613,0.4020293056964874,-1.0390743017196655,0.794725239276886,0.5133123993873596,0.47704046964645386,-0.002043565269559622,0.9992011785507202,0.42279109358787537,0.47542890906333923,0.0020860370714217424,0.9988848567008972,0.5383182168006897,0.5335907936096191,-0.4394254982471466,0.9959574937820435,0.41788655519485474,0.5297530889511108,-0.5000656247138977,0.9925546050071716,0.5550049543380737,0.6011314988136292,-0.09641709178686142,0.9939077496528625,0.3816359043121338,0.6014390587806702,-0.1541881561279297,0.9934749603271484,0.5541127920150757,0.6092429757118225,-0.07639238983392715,0.873675525188446,0.3787151575088501,0.6100158095359802,-0.13375791907310486,0.8820016384124756,0.5368712544441223,0.6277239918708801,-0.3513164520263672,0.9878460168838501,0.39687854051589966,0.627534031867981,-0.42106184363365173,0.9878130555152893
94,squat,0,0.4882493019104004,0.3827815055847168,-0.8298411965370178,0.9999737739562988,0.5012611150741577,0.37411731481552124,-0.8043250441551208,0.9999410510063171,0.5072816610336304,0.3737466037273407,-0.8043134808540344,0.9999450445175171,0.5140441656112671,0.3733448088169098,-0.804443895816803,0.9999298453330994,0.4792618155479431,0.37413835525512695,-0.804736852645874,0.9999298453330994,0.4716653823852539,0.37339863181114197,-0.8049027323722839,0.9999357461929321,0.46510738134384155,0.37259048223495483,-0.804936408996582,0.9999324083328247,0.5263891816139221,0.37267690896987915,-0.5861193537712097,0.9999063611030579,0.45465096831321716,0.37144455313682556,-0.587031900882721,0.9999055862426758,0.5004352927207947,0.38939419388771057,-0.7411768436431885,0.999969482421875,0.47561973333358765,0.3886718451976776,-0.7423654794692993,0.99997478723526,0.5583000183105469,0.4054175913333893,-0.4213331639766693,0.9999386072158813,0.40254491567611694,0.40298911929130554,-0.4058019816875458,0.999843180179596,0.6072039604187012,0.4614000618457794,-0.733176052570343,0.9917325377464294,0.3487580418586731,0.45466575026512146,-0.7111531496047974,0.9859171509742737,0.5257948040962219,0.41761067509651184,-1.0850402116775513,0.9798319935798645,0.44021499156951904,0.4168796241283417,-1.073209524154663,0.9624034762382507,0.509570837020874,0.4053289294242859,-1.1551381349563599,0.938322901725769,0.46433162689208984,0.40304622054100037,-1.1488652229309082,0.8909337520599365,0.5078163743019104,0.40260013937950134,-1.108652114868164,0.9319705367088318,0.4649609327316284,0.4003346562385559,-1.1039080619812012,0.8712422847747803,0.5077826976776123,0.40644165873527527,-1.0727823972702026,0.8779732584953308,0.4609520137310028,0.40477147698402405,-1.0618482828140259,0.7915760278701782,0.5132294297218323,0.479082852602005,-0.0015673285815864801,0.9992293119430542,0.4224061071872711,0.4773094654083252,0.0016557578928768635,0.998938262462616,0.5383491516113281,0.5348353385925293,-0.478365033864975,0.9960950016975403,0.41785749793052673,0.5299677848815918,-0.5344383120536804,0.9926953315734863,0.5549942255020142,0.6006925702095032,-0.1284877061843872,0.9940316677093506,0.3816996216773987,0.6018012762069702,-0.19415020942687988,0.9938521385192871,0.5540844798088074,0.6087045669555664,-0.10792658478021622,0.8770207166671753,0.3784860670566559,0.6106731295585632,-0.17460767924785614,0.8879328966140747,0.5371904373168945,0.6276662945747375,-0.3842063546180725,0.9882423877716064,0.39736488461494446,0.6278966069221497,-0.46777579188346863,0.9884395003318787
95,squat,0,0.4874795377254486,0.39148733019828796,-0.8765669465065002,0.9999756813049316,0.5005137920379639,0.3838271200656891,-0.8522841930389404,0.9999447464942932,0.506641149520874,0.38345015048980713,-0.8522376418113708,0.9999486804008484,0.5133633017539978,0.3829750418663025,-0.8523686528205872,0.9999335408210754,0.4785241186618805,0.38286277651786804,-0.8511260747909546,0.9999344944953918,0.47112149000167847,0.3818841278553009,-0.8513211607933044,0.9999404549598694,0.4645968973636627,0.380893737077713,-0.8513526320457458,0.9999368786811829,0.5253669619560242,0.38165363669395447,-0.6371978521347046,0.9999125599861145,0.4542334973812103,0.37960049510002136,-0.6317729949951172,0.9999127984046936,0.4991816580295563,0.3986412286758423,-0.7889294624328613,0.9999719262123108,0.4745936393737793,0.3968656063079834,-0.7882755398750305,0.9999769330024719,0.5579314827919006,0.4149887263774872,-0.47151151299476624,0.9999409317970276,0.4014979302883148,0.4107350707054138,-0.4535500109195709,0.9998542666435242,0.6072222590446472,0.4689314067363739,-0.7956634163856506,0.9923254251480103,0.34616556763648987,0.4628729820251465,-0.7786598205566406,0.9868512749671936,0.5264614820480347,0.42504650354385376,-1.1360321044921875,0.9809042811393738,0.43960243463516235,0.42583760619163513,-1.1377617120742798,0.963937520980835,0.5096896290779114,0.4125155806541443,-1.2046014070510864,0.9407188892364502,0.46365857124328613,0.4121113717556,-1.213685154914856,0.8930960893630981,0.5077390074729919,0.410663366317749,-1.1543872356414795,0.9339103698730469,0.4644083082675934,0.40995609760284424,-1.162219762802124,0.8723821640014648,0.5077016353607178,0.4142349362373352,-1.121931552886963,0.8794032335281372,0.4603663384914398,0.41404247283935547,-1.1235883235931396,0.7910953760147095,0.5129823088645935,0.4858768880367279,-0.0016181786777451634,0.999273955821991,0.42190179228782654,0.4845690429210663,0.0017100729746744037,0.9990115761756897,0.5388396382331848,0.5383429527282715,-0.5378938913345337,0.996227502822876,0.4178708791732788,0.5299244523048401,-0.5935721397399902,0.9928758144378662,0.5541567802429199,0.6007350087165833,-0.14441636204719543,0.9941355586051941,0.3825360834598541,0.6008303165435791,-0.21756333112716675,0.9942329525947571,0.5521500110626221,0.6087560057640076,-0.11961467564105988,0.8807887434959412,0.37991875410079956,0.6094049215316772,-0.19411978125572205,0.8945592641830444,0.5376973152160645,0.6277008652687073,-0.39663201570510864,0.9885990619659424,0.39732885360717773,0.6276601552963257,-0.4867355227470398,0.9890993237495422
96,squat,0,0.4873031973838806,0.3963151276111603,-0.8504798412322998,0.999976634979248,0.5002567768096924,0.38876187801361084,-0.8250552415847778,0.9999462366104126,0.5064660906791687,0.38837456703186035,-0.8250382542610168,0.9999504089355469,0.5130928754806519,0.3879152238368988,-0.8251777291297913,0.9999343752861023,0.47849199175834656,0.38819777965545654,-0.8252835869789124,0.9999364018440247,0.4711008667945862,0.38724321126937866,-0.8254554271697998,0.9999428987503052,0.46456992626190186,0.38620200753211975,-0.8254814743995667,0.9999383687973022,0.5251089334487915,0.3867145776748657,-0.6086374521255493,0.999916136264801,0.4539854824542999,0.38482072949409485,-0.6098355054855347,0.9999168515205383,0.4986633360385895,0.4034046232700348,-0.762705385684967,0.9999736547470093,0.4744470417499542,0.40178489685058594,-0.7639243006706238,0.9999784827232361,0.5570836663246155,0.4195382297039032,-0.44257330894470215,0.99994295835495,0.4010164439678192,0.4146058261394501,-0.4320700764656067,0.999862790107727,0.606809139251709,0.4737289845943451,-0.7555587291717529,0.9928445816040039,0.3455300033092499,0.46783873438835144,-0.7451531887054443,0.9875488877296448,0.5258005857467651,0.4298023581504822,-1.0984179973602295,0.9819208979606628,0.43958866596221924,0.43045756220817566,-1.0999290943145752,0.9648724794387817,0.509285032749176,0.41784489154815674,-1.1668771505355835,0.9430327415466309,0.46323361992836,0.4166892468929291,-1.174940824508667,0.8937961459159851,0.5074965953826904,0.4157751500606537,-1.119652509689331,0.9358678460121155,0.4642808139324188,0.41440922021865845,-1.126447081565857,0.8718025088310242,0.5074586272239685,0.4191465973854065,-1.0854674577713013,0.881049633026123,0.45996904373168945,0.4181436598300934,-1.0869197845458984,0.7878054976463318,0.5122194886207581,0.486966997385025,0.0010576589265838265,0.9993153214454651,0.4205363094806671,0.4855918884277344,-0.0008713133283890784,0.9990739226341248,0.5389484763145447,0.5385037064552307,-0.5345568656921387,0.9962370991706848,0.4178856313228607,0.5300641655921936,-0.5946505665779114,0.9927200675010681,0.553037703037262,0.6023252606391907,-0.1899312436580658,0.9939947128295898,0.38264673948287964,0.6011499166488647,-0.25946229696273804,0.9944717288017273,0.5494934320449829,0.6110663414001465,-0.16959019005298615,0.8840004205703735,0.37996041774749756,0.6097730398178101,-0.24028266966342926,0.8995940089225769,0.54036545753479,0.6276967525482178,-0.44310447573661804,0.9886475205421448,0.39731892943382263,0.6278288960456848,-0.5328270196914673,0.9895215034484863
97,squat,0,0.4872249662876129,0.4004804790019989,-0.9169750213623047,0.9999779462814331,0.49998241662979126,0.39315688610076904,-0.890047013759613,0.9999486207962036,0.5062423348426819,0.3927929699420929,-0.8900206685066223,0.999953031539917,0.5127643942832947,0.3923499882221222,-0.8901762366294861,0.9999361634254456,0.4784652292728424,0.3924694061279297,-0.8908199071884155,0.9999394416809082,0.4710925817489624,0.39147406816482544,-0.8910166025161743,0.9999464154243469,0.4645567238330841,0.3903656601905823,-0.891044557094574,0.9999410510063171,0.5246145129203796,0.3910253643989563,-0.6653560400009155,0.9999209046363831,0.45369213819503784,0.38904350996017456,-0.6693337559700012,0.9999223351478577,0.4981938302516937,0.40763622522354126,-0.8262758255004883,0.9999756217002869,0.4742850959300995,0.4057510495185852,-0.8284196257591248,0.9999802112579346,0.5561487674713135,0.4233393371105194,-0.49369293451309204,0.9999449253082275,0.3994345963001251,0.41904184222221375,-0.48210158944129944,0.999871015548706,0.6066675782203674,0.47796374559402466,-0.8274425864219666,0.9933846592903137,0.3447713851928711,0.47196879982948303,-0.818808376789093,0.9882833957672119,0.5227530002593994,0.43309155106544495,-1.1780463457107544,0.9830167293548584,0.43929949402809143,0.43411922454833984,-1.1885263919830322,0.9657788872718811,0.5060893893241882,0.4212627708911896,-1.2487224340438843,0.9457874298095703,0.4630613625049591,0.42014026641845703,-1.2670220136642456,0.8945831060409546,0.5048835873603821,0.41969984769821167,-1.1979246139526367,0.9383266568183899,0.4640796184539795,0.41813939809799194,-1.2135483026504517,0.8710728883743286,0.5047082901000977,0.42287570238113403,-1.1637332439422607,0.8833522200584412,0.4598316252231598,0.42186832427978516,-1.1739003658294678,0.7835003733634949,0.5117350220680237,0.49019211530685425,0.0016058403998613358,0.9993534684181213,0.41965439915657043,0.48904097080230713,-0.0013820697786286473,0.999132513999939,0.5392134785652161,0.5381680727005005,-0.5941703915596008,0.996308445930481,0.4179325997829437,0.5298780202865601,-0.644610583782196,0.9925789833068848,0.5526108741760254,0.6023207306861877,-0.2098899632692337,0.9938440322875977,0.3827764689922333,0.6011553406715393,-0.28529462218284607,0.9947153329849243,0.5489857196807861,0.6109831929206848,-0.18619291484355927,0.8870183825492859,0.3798231780529022,0.6097902059555054,-0.2643130123615265,0.9049462080001831,0.5410041809082031,0.6276886463165283,-0.4683980345726013,0.9886724948883057,0.3972272574901581,0.627924919128418,-0.5675604939460754,0.9899423718452454
98,squat,0,0.4853244125843048,0.4069105386734009,-1.0256268978118896,0.9999777674674988,0.4986620247364044,0.3997213542461395,-0.9977353811264038,0.999943733215332,0.5048889517784119,0.3994344174861908,-0.9976989030838013,0.9999508261680603,0.5113891363143921,0.39904704689979553,-0.9978611469268799,0.9999209642410278,0.47679606080055237,0.39837703108787537,-0.9969308972358704,0.9999350905418396,0.46958887577056885,0.39722418785095215,-0.9971383213996887,0.9999467134475708,0.4632369875907898,0.3960251808166504,-0.9971781373023987,0.9999372959136963,0.5234143137931824,0.3978480398654938,-0.7624953389167786,0.9999161958694458,0.45255833864212036,0.3943104147911072,-0.759952962398529,0.9999250173568726,0.49647781252861023,0.4143267869949341,-0.9313596487045288,0.999976634979248,0.4719827175140381,0.4118485152721405,-0.9315887689590454,0.9999813437461853,0.5557899475097656,0.43100255727767944,-0.5770919919013977,0.9999427199363708,0.39599353075027466,0.42632225155830383,-0.564943790435791,0.999878466129303,0.6065496206283569,0.48603734374046326,-0.9468356370925903,0.9937896728515625,0.3426160514354706,0.4790068566799164,-0.9296247363090515,0.9890114068984985,0.5235921144485474,0.43950504064559937,-1.310510516166687,0.9834719896316528,0.439156711101532,0.43954116106033325,-1.3070863485336304,0.9671831130981445,0.506187379360199,0.4264313876628876,-1.382184386253357,0.9465383291244507,0.46336567401885986,0.426395982503891,-1.386481761932373,0.8975256681442261,0.5044378042221069,0.4248782992362976,-1.324955940246582,0.9378406405448914,0.46437472105026245,0.42423105239868164,-1.3246262073516846,0.8729724287986755,0.5041125416755676,0.4285149872303009,-1.2942651510238647,0.8789934515953064,0.45995980501174927,0.4279721677303314,-1.2887746095657349,0.7822640538215637,0.511285126209259,0.49593624472618103,0.0014674703124910593,0.9993847012519836,0.41854527592658997,0.49485132098197937,-0.001248459331691265,0.9991858005523682,0.5392862558364868,0.5379683971405029,-0.7049344778060913,0.9963148236274719,0.4180504083633423,0.5279442667961121,-0.7326197028160095,0.9921248555183411,0.5517805218696594,0.6025707125663757,-0.25717028975486755,0.993419885635376,0.38335463404655457,0.6008257865905762,-0.3121985197067261,0.994900107383728,0.5482102036476135,0.611972987651825,-0.2289825826883316,0.8890776038169861,0.3806625306606293,0.6083731651306152,-0.2868764102458954,0.9098963141441345,0.5413041710853577,0.627409815788269,-0.5250610709190369,0.9883986115455627,0.3971332311630249,0.6279269456863403,-0.6031672954559326,0.990265429019928
99,squat,0,0.4846200942993164,0.4112353026866913,-1.0392884016036987,0.9999791383743286,0.4976193606853485,0.40399375557899475,-1.0110000371932983,0.9999462962150574,0.5038491487503052,0.403596431016922,-1.0109755992889404,0.9999536275863647,0.5103470683097839,0.40313881635665894,-1.0111494064331055,0.9999228715896606,0.4759373366832733,0.40321892499923706,-1.0112725496292114,0.9999378323554993,0.4687725603580475,0.4022095501422882,-1.0114723443984985,0.9999499917030334,0.4623888432979584,0.40109696984291077,-1.0114973783493042,0.9999396800994873,0.5221441388130188,0.40139371156692505,-0.7726696729660034,0.9999212622642517,0.4514038860797882,0.399423211812973,-0.7745990753173828,0.9999304413795471,0.49590030312538147,0.4184280335903168,-0.9436078071594238,0.9999784827232361,0.4713035821914673,0.41649121046066284,-0.9450709819793701,0.9999828934669495,0.5557522177696228,0.43363919854164124,-0.5810701251029968,0.9999460577964783,0.39517560601234436,0.4299604594707489,-0.574888288974762,0.9998866319656372,0.6058278679847717,0.48939231038093567,-0.941373348236084,0.9942505359649658,0.3423202335834503,0.48271700739860535,-0.9331520199775696,0.9897438883781433,0.5242685079574585,0.44451382756233215,-1.3177474737167358,0.9845764636993408,0.4383234679698944,0.4446975290775299,-1.31805419921875,0.969074010848999,0.5069546699523926,0.4314880669116974,-1.3941270112991333,0.9496992230415344,0.4609634578227997,0.43156296014785767,-1.399656891822815,0.9024511575698853,0.504916787147522,0.4294605255126953,-1.3399152755737305,0.9409564733505249,0.4623841643333435,0.4293079078197479,-1.34259831905365,0.8779343366622925,0.5044564604759216,0.4328376054763794,-1.3029919862747192,0.882811427116394,0.458361953496933,0.4329909384250641,-1.3019909858703613,0.7868968844413757,0.5105555057525635,0.49665433168411255,0.0018343422561883926,0.9994269609451294,0.41739511489868164,0.49604329466819763,-0.0015874993987381458,0.9992432594299316,0.5398705005645752,0.5375948548316956,-0.6885836124420166,0.9964003562927246,0.4177234172821045,0.5280003547668457,-0.7160640358924866,0.9919115900993347,0.5515560507774353,0.6024348139762878,-0.23990818858146667,0.9933445453643799,0.38359785079956055,0.6008849143981934,-0.29221662878990173,0.9951379895210266,0.5476833581924438,0.6111889481544495,-0.21168272197246552,0.8930763602256775,0.3817085027694702,0.6083143949508667,-0.26624375581741333,0.9147805571556091,0.5416181683540344,0.6273909211158752,-0.5042906999588013,0.9885076880455017,0.3970426321029663,0.6279110312461853,-0.5786493420600891,0.9906790256500244
100,squat,0,0.48445647954940796,0.4143849313259125,-1.085615634918213,0.9999804496765137,0.4972662925720215,0.4068136513233185,-1.0558147430419922,0.9999486804008484,0.5035765767097473,0.4063427448272705,-1.0557888746261597,0.9999563097953796,0.5100009441375732,0.40581014752388,-1.0559680461883545,0.9999243021011353,0.47554194927215576,0.4063093960285187,-1.056420087814331,0.9999405741691589,0.4682546555995941,0.4053327143192291,-1.0566195249557495,0.9999532699584961,0.46177610754966736,0.40427905321121216,-1.0566396713256836,0.9999421834945679,0.5217221975326538,0.40404677391052246,-0.8114084601402283,0.9999257922172546,0.4502103626728058,0.4024982750415802,-0.8151217699050903,0.9999357461929321,0.4955679476261139,0.42141762375831604,-0.9880560636520386,0.9999802112579346,0.4709417521953583,0.4196319580078125,-0.9899873733520508,0.9999843239784241,0.5557497143745422,0.43701276183128357,-0.6138719916343689,0.9999487996101379,0.39475390315055847,0.43266239762306213,-0.6123616695404053,0.9998943209648132,0.6056228280067444,0.49276596307754517,-0.981701135635376,0.9946567416191101,0.34198540449142456,0.48582252860069275,-0.977031946182251,0.9904398918151855,0.5246333479881287,0.4491574168205261,-1.3632187843322754,0.9854865074157715,0.43758124113082886,0.44840821623802185,-1.3605237007141113,0.9707612991333008,0.5073323249816895,0.43603819608688354,-1.4408634901046753,0.9522991180419922,0.4601321518421173,0.4349125623703003,-1.4428763389587402,0.9068496227264404,0.505393922328949,0.4338003993034363,-1.3852064609527588,0.9433669447898865,0.46183517575263977,0.4327462315559387,-1.3834149837493896,0.882255494594574,0.5050418972969055,0.43723636865615845,-1.3481290340423584,0.8849968910217285,0.457913875579834,0.43666496872901917,-1.3434299230575562,0.7901389598846436,0.5105367302894592,0.4975135624408722,0.0032044381368905306,0.9994662404060364,0.4173182547092438,0.4968225359916687,-0.002936576958745718,0.999297022819519,0.54080730676651,0.5373423099517822,-0.7113591432571411,0.996423065662384,0.41746845841407776,0.5281128883361816,-0.7411839365959167,0.9916040301322937,0.5511605739593506,0.6023837924003601,-0.24184128642082214,0.9931747913360596,0.3837434947490692,0.6008931994438171,-0.2998504638671875,0.9953446388244629,0.5461097359657288,0.6103209853172302,-0.21202637255191803,0.8970345258712769,0.38181084394454956,0.6082625985145569,-0.2725578546524048,0.9191845655441284,0.542462944984436,0.6272801756858826,-0.5073938369750977,0.9885364174842834,0.39687567949295044,0.6278547048568726,-0.5907832980155945,0.9910424947738647
101,squat,0,0.4837915301322937,0.4176449179649353,-1.085681676864624,0.9999815225601196,0.4965808689594269,0.41024115681648254,-1.0567597150802612,0.9999498724937439,0.5028945207595825,0.4097777009010315,-1.0567158460617065,0.9999582171440125,0.5092496275901794,0.40924787521362305,-1.0568827390670776,0.9999231100082397,0.47471511363983154,0.40959611535072327,-1.0568386316299438,0.9999420046806335,0.46728387475013733,0.40854865312576294,-1.0570355653762817,0.9999558925628662,0.4608033001422882,0.40740635991096497,-1.0570588111877441,0.9999432563781738,0.5208379626274109,0.4073902666568756,-0.81599360704422,0.9999287128448486,0.4487096667289734,0.4054704010486603,-0.8173971772193909,0.9999399781227112,0.49488863348960876,0.4247457981109619,-0.9893390536308289,0.999981701374054,0.4701293110847473,0.4228910803794861,-0.9905933141708374,0.9999855756759644,0.5556893348693848,0.4396282136440277,-0.6229404211044312,0.999951183795929,0.39413806796073914,0.43541479110717773,-0.6162337064743042,0.9999005794525146,0.6048070788383484,0.4947739839553833,-0.9824930429458618,0.9950478672981262,0.34164056181907654,0.48845118284225464,-0.9783617854118347,0.9911264181137085,0.5244274735450745,0.4515329897403717,-1.3376133441925049,0.9864158630371094,0.4374449551105499,0.4509873390197754,-1.3439857959747314,0.9724675416946411,0.5070327520370483,0.4383985102176666,-1.4108827114105225,0.9548897743225098,0.45979633927345276,0.4378378093242645,-1.4229027032852173,0.9111958146095276,0.5053207278251648,0.4363110065460205,-1.3531930446624756,0.9458379745483398,0.46150827407836914,0.43591538071632385,-1.361337661743164,0.8866050839424133,0.5051718354225159,0.43974727392196655,-1.3207603693008423,0.8876741528511047,0.4576347768306732,0.4395693838596344,-1.3255531787872314,0.7938350439071655,0.5105738639831543,0.5012088418006897,0.0030495186801999807,0.9994957447052002,0.41734620928764343,0.5006611943244934,-0.0027901511639356613,0.9993380904197693,0.5414627194404602,0.5372294187545776,-0.7363651990890503,0.9965505599975586,0.41747286915779114,0.5281009078025818,-0.7469116449356079,0.9914615750312805,0.5508327484130859,0.6019315123558044,-0.23898155987262726,0.9931919574737549,0.38435399532318115,0.6001733541488647,-0.2871098816394806,0.9955551028251648,0.545538604259491,0.6087631583213806,-0.20596663653850555,0.9013060927391052,0.3825257420539856,0.6061976552009583,-0.25799980759620667,0.9234352707862854,0.5428619980812073,0.6272491812705994,-0.49734529852867126,0.9887738227844238,0.3968648910522461,0.6278116106987,-0.5716898441314697,0.9914135336875916
102,squat,0,0.48198550939559937,0.4225756525993347,-1.08235764503479,0.9999821782112122,0.4950903356075287,0.4151066541671753,-1.0540273189544678,0.9999496936798096,0.5013875961303711,0.4146965444087982,-1.0539859533309937,0.9999591708183289,0.5077424645423889,0.4142555594444275,-1.0541574954986572,0.999919056892395,0.47270670533180237,0.4144318699836731,-1.0540491342544556,0.9999416470527649,0.46519163250923157,0.4135495126247406,-1.0542395114898682,0.9999575614929199,0.4590882956981659,0.4126143455505371,-1.0542632341384888,0.9999426007270813,0.5189467072486877,0.4125288426876068,-0.813503086566925,0.9999303221702576,0.44663211703300476,0.41036292910575867,-0.8143708109855652,0.9999431371688843,0.49374428391456604,0.42986366152763367,-0.9859433770179749,0.9999829530715942,0.46847793459892273,0.42792534828186035,-0.9870107173919678,0.9999865889549255,0.5547813177108765,0.4442075490951538,-0.6210690140724182,0.9999531507492065,0.39067474007606506,0.44177961349487305,-0.6146655082702637,0.9999060034751892,0.6044756770133972,0.4988585412502289,-0.9821831583976746,0.9953585267066956,0.34146690368652344,0.4943699240684509,-0.9804067015647888,0.9917399287223816,0.5245845317840576,0.4561377763748169,-1.3387658596038818,0.9870787858963013,0.43723517656326294,0.45450982451438904,-1.3444072008132935,0.9739761352539062,0.5072809457778931,0.4431210160255432,-1.41194748878479,0.9564504027366638,0.45953112840652466,0.44160446524620056,-1.421482801437378,0.9148852825164795,0.505354106426239,0.44063788652420044,-1.3540631532669067,0.946996808052063,0.4613629877567291,0.4392222762107849,-1.360450029373169,0.8902122974395752,0.5053216218948364,0.44403374195098877,-1.3221533298492432,0.887549638748169,0.4572799801826477,0.44281893968582153,-1.326123595237732,0.7964140772819519,0.5106160044670105,0.5058209896087646,0.0028464053757488728,0.9995226263999939,0.4175993800163269,0.5056915879249573,-0.002566181356087327,0.9993767738342285,0.541426956653595,0.53719562292099,-0.7553706765174866,0.9966492056846619,0.4171879291534424,0.5290286540985107,-0.7391159534454346,0.9911678433418274,0.55061274766922,0.6020528078079224,-0.25944769382476807,0.99309903383255,0.38454675674438477,0.6004995107650757,-0.28358033299446106,0.9957178235054016,0.5454732775688171,0.6087729930877686,-0.22592540085315704,0.9051600694656372,0.3829958140850067,0.6064727902412415,-0.2547451853752136,0.9271981120109558,0.5431504845619202,0.6273877024650574,-0.5158025026321411,0.9889416098594666,0.3961029350757599,0.6279566884040833,-0.5657593607902527,0.9917072653770447
103,squat,0,0.48211121559143066,0.4249832034111023,-1.0903682708740234,0.9999827742576599,0.4949587285518646,0.4172748625278473,-1.0618045330047607,0.9999498128890991,0.5013231039047241,0.4167524576187134,-1.0617519617080688,0.99996018409729,0.507600724697113,0.4161779284477234,-1.0619233846664429,0.9999160170555115,0.47280851006507874,0.4171047806739807,-1.0627979040145874,0.9999414682388306,0.46528321504592896,0.4161797761917114,-1.0629863739013672,0.9999591112136841,0.4590531289577484,0.4151696562767029,-1.0630111694335938,0.9999420046806335,0.5188239812850952,0.41412973403930664,-0.8218948841094971,0.9999317526817322,0.4464828670024872,0.4132765531539917,-0.8270087838172913,0.9999459385871887,0.49366405606269836,0.4316493272781372,-0.9941825866699219,0.9999840259552002,0.4685986042022705,0.4305291771888733,-0.9965091943740845,0.9999874830245972,0.5546792149543762,0.44586026668548584,-0.6252203583717346,0.9999549388885498,0.3911963999271393,0.4426689147949219,-0.6259945631027222,0.9999107122421265,0.6038834452629089,0.5012804269790649,-0.979705274105072,0.9956132769584656,0.3416040241718292,0.49608567357063293,-0.9830777645111084,0.9922847151756287,0.5240461230278015,0.4582121670246124,-1.3360456228256226,0.987633228302002,0.4371810555458069,0.45715224742889404,-1.3353841304779053,0.9751722812652588,0.5071892738342285,0.4450865387916565,-1.4090862274169922,0.9579437375068665,0.4597409665584564,0.4441092312335968,-1.4113858938217163,0.9177824854850769,0.5055554509162903,0.44266006350517273,-1.3514020442962646,0.948132336139679,0.46147099137306213,0.44193708896636963,-1.3518321514129639,0.8928749561309814,0.5055757164955139,0.4460396468639374,-1.31942617893219,0.8875933885574341,0.45741602778434753,0.4455017149448395,-1.3174182176589966,0.7975149750709534,0.5107138752937317,0.5061825513839722,0.0027809764724224806,0.9995495080947876,0.41768720746040344,0.5058051943778992,-0.0025021713227033615,0.9994102716445923,0.5413821339607239,0.5370952486991882,-0.7544170618057251,0.9967314600944519,0.4169178903102875,0.5304287672042847,-0.7274568676948547,0.9908720850944519,0.550540566444397,0.6023351550102234,-0.2592014968395233,0.9930399060249329,0.3845340311527252,0.6006821990013123,-0.2767239511013031,0.9958293437957764,0.5455490350723267,0.6087610721588135,-0.22563862800598145,0.907936692237854,0.3831150531768799,0.6065025329589844,-0.24818715453147888,0.9300584197044373,0.5427744388580322,0.6273807883262634,-0.514670729637146,0.9890661239624023,0.39544394612312317,0.6282105445861816,-0.5569331645965576,0.9919125437736511
104,squat,0,0.4817013144493103,0.4267192780971527,-1.0777199268341064,0.999982476234436,0.49438026547431946,0.41928431391716003,-1.049601674079895,0.9999469518661499,0.5007733106613159,0.41881170868873596,-1.0495606660842896,0.9999591708183289,0.5069831609725952,0.4182628095149994,-1.049731731414795,0.9999059438705444,0.4723871350288391,0.41899701952934265,-1.050167441368103,0.9999375343322754,0.4648769497871399,0.4180382192134857,-1.0503442287445068,0.999958872795105,0.45859023928642273,0.4170277714729309,-1.0503623485565186,0.9999375939369202,0.5184958577156067,0.4163530766963959,-0.8111579418182373,0.9999285936355591,0.44619664549827576,0.41513046622276306,-0.8147374391555786,0.9999465942382812,0.4931212067604065,0.43354031443595886,-0.9823047518730164,0.9999845623970032,0.46816661953926086,0.43227389454841614,-0.9841362237930298,0.9999880194664001,0.5541362166404724,0.4475543200969696,-0.6177701950073242,0.9999553561210632,0.39163362979888916,0.444204717874527,-0.6169456243515015,0.9999144673347473,0.6031007170677185,0.503268837928772,-0.9800705313682556,0.9957457184791565,0.34172341227531433,0.4984424412250519,-0.978161096572876,0.9926014542579651,0.5235843062400818,0.46022793650627136,-1.3446505069732666,0.9877693057060242,0.4371233284473419,0.459555059671402,-1.3405985832214355,0.9756022691726685,0.5069299936294556,0.44681692123413086,-1.4190130233764648,0.9582448601722717,0.4597451686859131,0.4466734528541565,-1.4183697700500488,0.9186276793479919,0.5054985284805298,0.44454267621040344,-1.363824486732483,0.9477745294570923,0.46143707633018494,0.44457685947418213,-1.3594882488250732,0.8929291367530823,0.5056475400924683,0.4481034278869629,-1.3296422958374023,0.8845242261886597,0.457395076751709,0.4481422007083893,-1.3232871294021606,0.7941932678222656,0.5107492804527283,0.5080835223197937,0.003123815869912505,0.9995711445808411,0.417918860912323,0.5077142119407654,-0.0028343035373836756,0.9994388222694397,0.5414829850196838,0.5359828472137451,-0.7412709593772888,0.996553361415863,0.4166884422302246,0.530372142791748,-0.7245219945907593,0.9898178577423096,0.5504190921783447,0.604737401008606,-0.2851519286632538,0.9923315048217773,0.38400188088417053,0.6006943583488464,-0.29659584164619446,0.9957081079483032,0.5450446605682373,0.612036943435669,-0.2554626762866974,0.9080148935317993,0.382967472076416,0.6066039204597473,-0.2701664865016937,0.9312046766281128,0.5439140796661377,0.627375066280365,-0.5448030829429626,0.9885343909263611,0.3952386975288391,0.6281341910362244,-0.5772655010223389,0.9917615056037903
105,squat,0,0.48153945803642273,0.4267384707927704,-1.0539065599441528,0.9999826550483704,0.49423161149024963,0.4187043309211731,-1.025974154472351,0.9999464750289917,0.5006804466247559,0.4182392656803131,-1.025929570198059,0.9999595880508423,0.5069006681442261,0.417741060256958,-1.0260950326919556,0.9999014139175415,0.47243210673332214,0.41884294152259827,-1.0264755487442017,0.9999366998672485,0.4649263024330139,0.4181106686592102,-1.0266532897949219,0.9999598264694214,0.45855775475502014,0.41716018319129944,-1.026671290397644,0.9999364018440247,0.5185974836349487,0.41650134325027466,-0.7922481298446655,0.9999284148216248,0.44623541831970215,0.4154835641384125,-0.7955326437950134,0.9999486804008484,0.4927891790866852,0.4332641661167145,-0.9605323672294617,0.99998539686203,0.4681202471256256,0.43233343958854675,-0.9622535705566406,0.9999887347221375,0.5541378855705261,0.44838160276412964,-0.6040032505989075,0.9999556541442871,0.3918936252593994,0.44597524404525757,-0.6017259359359741,0.9999185800552368,0.6025377511978149,0.5041054487228394,-0.9610254764556885,0.9958863854408264,0.3418201506137848,0.5004787445068359,-0.9560500383377075,0.9929724335670471,0.5234440565109253,0.46184414625167847,-1.3220494985580444,0.9880557060241699,0.43660902976989746,0.46172425150871277,-1.3151425123214722,0.9765455722808838,0.5067185163497925,0.44835221767425537,-1.3960070610046387,0.9590145349502563,0.4597363770008087,0.4479447603225708,-1.3920657634735107,0.9212133884429932,0.5055544376373291,0.44563716650009155,-1.341434359550476,0.9481578469276428,0.46138790249824524,0.44601842761039734,-1.3346307277679443,0.895523190498352,0.5057486295700073,0.4492075443267822,-1.3072210550308228,0.8835496306419373,0.45738059282302856,0.4497530460357666,-1.298215627670288,0.7962987422943115,0.5115516781806946,0.5093325972557068,0.003076894674450159,0.9995871186256409,0.41867512464523315,0.5087965130805969,-0.0027983728796243668,0.9994669556617737,0.5414518713951111,0.5340883135795593,-0.7436928749084473,0.9965012669563293,0.41514304280281067,0.5305641889572144,-0.7297172546386719,0.9893395304679871,0.5504241585731506,0.6048166155815125,-0.29884806275367737,0.9919992089271545,0.38330626487731934,0.6020997166633606,-0.310491144657135,0.9957097172737122,0.5450949668884277,0.6119108200073242,-0.2700602114200592,0.9089266657829285,0.3830285966396332,0.6088147163391113,-0.2847273647785187,0.933082103729248,0.5438773036003113,0.6271654367446899,-0.5574081540107727,0.9883162379264832,0.3936719298362732,0.6281490325927734,-0.588132917881012,0.9917384386062622
106,squat,0,0.4812551736831665,0.429382860660553,-1.0973386764526367,0.9999827146530151,0.49394580721855164,0.42158299684524536,-1.070243000984192,0.9999452829360962,0.5004037618637085,0.42112210392951965,-1.0701966285705566,0.9999597668647766,0.5066041946411133,0.4205951690673828,-1.0703741312026978,0.9998950958251953,0.47225964069366455,0.4215110242366791,-1.0703816413879395,0.9999346137046814,0.46471571922302246,0.4206695854663849,-1.0705554485321045,0.9999603629112244,0.45830461382865906,0.4196224510669708,-1.0705612897872925,0.9999338388442993,0.5184068083763123,0.4189518094062805,-0.8301315903663635,0.9999279975891113,0.4460529386997223,0.4173835217952728,-0.8320092558860779,0.9999502301216125,0.49240612983703613,0.43603429198265076,-1.0007315874099731,0.9999861121177673,0.467980295419693,0.4350779056549072,-1.002030611038208,0.9999893307685852,0.5536968111991882,0.44909539818763733,-0.6317635774612427,0.9999570250511169,0.3919183313846588,0.4469335079193115,-0.6225365996360779,0.999921977519989,0.6016693711280823,0.5046428442001343,-0.994424045085907,0.9960796236991882,0.3418942987918854,0.5018004775047302,-0.9765691161155701,0.9933139681816101,0.522456169128418,0.4627416133880615,-1.3650012016296387,0.9885368347167969,0.43506455421447754,0.46321192383766174,-1.3438078165054321,0.9774378538131714,0.5057107210159302,0.4492926597595215,-1.4413354396820068,0.960257351398468,0.45846790075302124,0.4487610161304474,-1.4212801456451416,0.9234751462936401,0.5049423575401306,0.44708672165870667,-1.3861414194107056,0.9492877125740051,0.4598720073699951,0.4467068612575531,-1.3625973463058472,0.8977242112159729,0.5050925016403198,0.4504125118255615,-1.350059986114502,0.8840604424476624,0.4563812017440796,0.4502869248390198,-1.3262945413589478,0.7972334027290344,0.5115693807601929,0.5103790163993835,0.0025506431702524424,0.9995980262756348,0.4189048111438751,0.5099517107009888,-0.002251129364594817,0.9994860291481018,0.5415942072868347,0.5340815782546997,-0.7522554993629456,0.9963092803955078,0.4126730263233185,0.5308542251586914,-0.7371852397918701,0.9883261322975159,0.5503824949264526,0.6050495505332947,-0.29125431180000305,0.9910521507263184,0.38271564245224,0.602074921131134,-0.3024173080921173,0.9954769015312195,0.5451288819313049,0.6118283271789551,-0.26118847727775574,0.9075725674629211,0.3827553689479828,0.6086143851280212,-0.27548208832740784,0.9332518577575684,0.5440632104873657,0.6269740462303162,-0.5498005747795105,0.9875121116638184,0.393650084733963,0.6279997229576111,-0.5813421010971069,0.9913806319236755
107,squat,0,0.4813198149204254,0.4293235242366791,-1.08475661277771,0.9999833106994629,0.4939859211444855,0.4212288558483124,-1.0569934844970703,0.9999462962150574,0.5004432797431946,0.42074650526046753,-1.0569566488265991,0.9999610781669617,0.506604790687561,0.42027175426483154,-1.0571320056915283,0.9998950362205505,0.4722677767276764,0.4212850332260132,-1.0571532249450684,0.9999353289604187,0.4646388292312622,0.4204738736152649,-1.0573304891586304,0.999961793422699,0.45812737941741943,0.4194592237472534,-1.057347059249878,0.999934196472168,0.5184356570243835,0.41862574219703674,-0.8184117078781128,0.9999301433563232,0.44564008712768555,0.4170529842376709,-0.8204564452171326,0.9999526143074036,0.49246037006378174,0.43593844771385193,-0.9891469478607178,0.9999869465827942,0.46799689531326294,0.4351208806037903,-0.9904775619506836,0.9999899864196777,0.5537145733833313,0.4490967392921448,-0.6226943731307983,0.9999585151672363,0.3918226659297943,0.44668158888816833,-0.6154367923736572,0.9999251365661621,0.6012011766433716,0.5047522783279419,-0.9810610413551331,0.9962974786758423,0.34203433990478516,0.5008980631828308,-0.9660090208053589,0.9936217665672302,0.5225321650505066,0.462191641330719,-1.3532556295394897,0.989183783531189,0.43436893820762634,0.4629972577095032,-1.3347980976104736,0.9784631133079529,0.5060118436813354,0.44887468218803406,-1.430558443069458,0.9622277021408081,0.4578492045402527,0.44871702790260315,-1.4131985902786255,0.9264605045318604,0.5052317976951599,0.4457569718360901,-1.3778716325759888,0.951518714427948,0.45963355898857117,0.4462299644947052,-1.3564682006835938,0.9010655879974365,0.5054449439048767,0.4493672549724579,-1.3393253087997437,0.8875511288642883,0.4562053680419922,0.4500025808811188,-1.3181962966918945,0.8008788824081421,0.511588454246521,0.5096519589424133,0.0025325240567326546,0.9996116757392883,0.4189184606075287,0.5091864466667175,-0.0022234939970076084,0.9995087385177612,0.5433450937271118,0.5350308418273926,-0.734586775302887,0.9962745904922485,0.4111870527267456,0.5309694409370422,-0.7292766571044922,0.9879910945892334,0.5503750443458557,0.6049425601959229,-0.2727338671684265,0.9906935691833496,0.3826115131378174,0.6026192903518677,-0.293682724237442,0.9954928755760193,0.5450597405433655,0.610882043838501,-0.2427733689546585,0.908735990524292,0.3829072415828705,0.6093673706054688,-0.2667401432991028,0.9348292350769043,0.5456823110580444,0.6267607808113098,-0.5291405916213989,0.987210750579834,0.39314156770706177,0.6276417970657349,-0.5715130567550659,0.9913445711135864
108,squat,0,0.48128873109817505,0.42849811911582947,-1.0771394968032837,0.9999828934669495,0.4938417673110962,0.4204513132572174,-1.0498647689819336,0.9999432563781738,0.5001962184906006,0.4199855327606201,-1.049834132194519,0.9999600052833557,0.5063214302062988,0.4194974899291992,-1.0500093698501587,0.9998844265937805,0.4722847640514374,0.42047640681266785,-1.049013376235962,0.9999303817749023,0.4645863175392151,0.4196418523788452,-1.0491796731948853,0.999960720539093,0.45800331234931946,0.4186798334121704,-1.049200415611267,0.9999279975891113,0.518476665019989,0.41767430305480957,-0.8124070167541504,0.9999275803565979,0.44568130373954773,0.41594913601875305,-0.8101691603660583,0.9999520778656006,0.4924074709415436,0.4348193407058716,-0.981860339641571,0.9999874830245972,0.4680423140525818,0.4340030550956726,-0.9819257855415344,0.9999904036521912,0.5537303686141968,0.44836193323135376,-0.6172200441360474,0.99996018409729,0.3919580578804016,0.444589227437973,-0.6046307682991028,0.9999276399612427,0.6012005805969238,0.5039727091789246,-0.975297212600708,0.9965312480926514,0.3420729637145996,0.49940645694732666,-0.957288384437561,0.9938471913337708,0.5226622819900513,0.4609629213809967,-1.3416391611099243,0.9899232983589172,0.43377119302749634,0.4612569212913513,-1.3345612287521362,0.9794292449951172,0.5060713291168213,0.4479581117630005,-1.4184987545013428,0.9646012187004089,0.4578549861907959,0.44729313254356384,-1.4149972200393677,0.9294095635414124,0.5050365924835205,0.4448796808719635,-1.3672479391098022,0.9543722867965698,0.4597412943840027,0.44453200697898865,-1.3579829931259155,0.9044920802116394,0.5053880214691162,0.44846823811531067,-1.3279175758361816,0.8929120898246765,0.45618167519569397,0.4483354985713959,-1.318200707435608,0.8053895235061646,0.5114405155181885,0.5096510052680969,0.0024973764084279537,0.9996229410171509,0.4189455807209015,0.5094013810157776,-0.0021724244579672813,0.9995276927947998,0.5434948801994324,0.534967839717865,-0.7453336715698242,0.9963139891624451,0.4099608063697815,0.5309447050094604,-0.7467904090881348,0.9878380298614502,0.5503721833229065,0.6048693060874939,-0.2905235290527344,0.9905018210411072,0.38234221935272217,0.6029656529426575,-0.31384867429733276,0.9955409169197083,0.545085072517395,0.6104256510734558,-0.2614199221134186,0.9102933406829834,0.38295456767082214,0.6098378896713257,-0.28724825382232666,0.9367815852165222,0.5460391044616699,0.6266739368438721,-0.550706684589386,0.9870691299438477,0.3924955129623413,0.6274017691612244,-0.5954859852790833,0.9913994073867798
109,squat,0,0.48116111755371094,0.4272153377532959,-1.0986748933792114,0.9999831318855286,0.4935655891895294,0.419153094291687,-1.0698604583740234,0.9999436140060425,0.49976396560668945,0.4187942445278168,-1.0698339939117432,0.999960720539093,0.5057644844055176,0.4183390438556671,-1.0700159072875977,0.9998819828033447,0.47215744853019714,0.41883182525634766,-1.068952202796936,0.9999298453330994,0.4644629657268524,0.4180466830730438,-1.0691101551055908,0.9999613761901855,0.45787572860717773,0.4171525537967682,-1.0691202878952026,0.9999271035194397,0.51820969581604,0.4163168966770172,-0.8270385265350342,0.9999281764030457,0.44566404819488525,0.4145625829696655,-0.8251197934150696,0.9999538064002991,0.4922070801258087,0.4336525499820709,-1.0021528005599976,0.9999882578849792,0.467937171459198,0.43262749910354614,-1.0023146867752075,0.9999909400939941,0.5534189343452454,0.44776421785354614,-0.6278425455093384,0.9999620318412781,0.3920595645904541,0.443570077419281,-0.616425096988678,0.9999308586120605,0.6010644435882568,0.503078281879425,-1.0033810138702393,0.9967524409294128,0.3420908749103546,0.49769195914268494,-0.9823824763298035,0.9940029978752136,0.523781955242157,0.45984041690826416,-1.3911563158035278,0.9905800223350525,0.433729350566864,0.4595949053764343,-1.380402684211731,0.980212926864624,0.5072288513183594,0.44690343737602234,-1.4719866514205933,0.9666996598243713,0.45786282420158386,0.44592684507369995,-1.4649426937103271,0.9319876432418823,0.5052421689033508,0.4437410831451416,-1.4215389490127563,0.9568806290626526,0.4598495066165924,0.4431302547454834,-1.4075098037719727,0.9074511528015137,0.5059295296669006,0.4473859667778015,-1.3785319328308105,0.8976059556007385,0.4561813473701477,0.44698938727378845,-1.3644534349441528,0.8092357516288757,0.5110272169113159,0.5087851285934448,0.0029258597642183304,0.9996353983879089,0.4184958040714264,0.5083032846450806,-0.002606012625619769,0.9995465874671936,0.5434613227844238,0.5347936153411865,-0.7342679500579834,0.9962520599365234,0.40938201546669006,0.5309191942214966,-0.7451352477073669,0.9873825311660767,0.5503721237182617,0.6047893166542053,-0.3024228513240814,0.9901155233383179,0.3821272850036621,0.6037222146987915,-0.32913121581077576,0.9954935908317566,0.5451072454452515,0.610422670841217,-0.27640318870544434,0.9107543230056763,0.382893830537796,0.6111348867416382,-0.30468782782554626,0.9374906420707703,0.5467842221260071,0.6264747381210327,-0.5713803172111511,0.9867123961448669,0.39235174655914307,0.6271737217903137,-0.6175429821014404,0.9912799000740051
110,squat,0,0.48117485642433167,0.42664170265197754,-1.1124989986419678,0.9999839663505554,0.4935894310474396,0.4189886748790741,-1.0839552879333496,0.9999458193778992,0.49978750944137573,0.4186555743217468,-1.0839287042617798,0.999962568283081,0.505760669708252,0.41811344027519226,-1.0841052532196045,0.9998847842216492,0.4721839725971222,0.41833916306495667,-1.0827795267105103,0.9999321103096008,0.4644910395145416,0.4176628887653351,-1.082943320274353,0.9999632835388184,0.45790278911590576,0.4170863926410675,-1.0829455852508545,0.9999295473098755,0.5182486772537231,0.4149773418903351,-0.8405812978744507,0.9999314546585083,0.4457027316093445,0.41368240118026733,-0.837788999080658,0.9999567270278931,0.49221521615982056,0.4335491955280304,-1.01582670211792,0.9999890923500061,0.4678761661052704,0.43151533603668213,-1.0157685279846191,0.9999915957450867,0.5537295341491699,0.4467431902885437,-0.6411855220794678,0.9999642968177795,0.3922116458415985,0.4432693421840668,-0.6223363876342773,0.9999346137046814,0.6009902954101562,0.5018218755722046,-1.0187634229660034,0.9969789385795593,0.3420265018939972,0.4967345893383026,-0.9843067526817322,0.9941823482513428,0.5235394239425659,0.4593939483165741,-1.4169456958770752,0.9912135601043701,0.4319790303707123,0.4584595561027527,-1.3915536403656006,0.9809303283691406,0.5070862174034119,0.4456977844238281,-1.4998698234558105,0.9687169790267944,0.45672520995140076,0.4448014497756958,-1.4768422842025757,0.934456467628479,0.5049646496772766,0.44327831268310547,-1.4488365650177002,0.9593008160591125,0.45942923426628113,0.44227850437164307,-1.420663595199585,0.9102382063865662,0.5057523846626282,0.4468308687210083,-1.4042152166366577,0.9021143317222595,0.455520898103714,0.4460836350917816,-1.3762304782867432,0.8126329779624939,0.5110009908676147,0.5068758726119995,0.0023311402183026075,0.999652087688446,0.41760581731796265,0.5057862997055054,-0.0020453084725886583,0.9995694756507874,0.5432215929031372,0.5346516370773315,-0.7300292253494263,0.9961587190628052,0.40940138697624207,0.5308838486671448,-0.7336406707763672,0.986836314201355,0.5503519177436829,0.6047359704971313,-0.29765209555625916,0.9895630478858948,0.38187384605407715,0.6040880084037781,-0.31770747900009155,0.9953862428665161,0.5451240539550781,0.6104750633239746,-0.2714887261390686,0.9089601039886475,0.3825441896915436,0.6116107106208801,-0.2933802902698517,0.9371253252029419,0.5466695427894592,0.6262410283088684,-0.5674588084220886,0.9861976504325867,0.392409086227417,0.6270720362663269,-0.6048160791397095,0.991021454334259
111,squat,0,0.48110538721084595,0.4233319163322449,-1.1112966537475586,0.9999846816062927,0.493542343378067,0.4160258173942566,-1.0815821886062622,0.9999477863311768,0.4997551441192627,0.4159049093723297,-1.0815588235855103,0.9999642372131348,0.5057511329650879,0.41562438011169434,-1.0817317962646484,0.9998873472213745,0.47209957242012024,0.41466379165649414,-1.081155776977539,0.9999341368675232,0.464471697807312,0.4138876795768738,-1.0813210010528564,0.9999650120735168,0.45792073011398315,0.4133099317550659,-1.0813263654708862,0.999931812286377,0.5182821750640869,0.4126860797405243,-0.8339329361915588,0.9999346137046814,0.44571906328201294,0.41022220253944397,-0.8338838219642639,0.999959409236908,0.4921356439590454,0.4306790232658386,-1.0130072832107544,0.9999898672103882,0.46756213903427124,0.4291272461414337,-1.0137743949890137,0.9999921917915344,0.5538146495819092,0.443642258644104,-0.6336102485656738,0.9999666810035706,0.39223843812942505,0.44059544801712036,-0.6193009614944458,0.9999380111694336,0.6010406613349915,0.4980006217956543,-1.005219578742981,0.9971857666969299,0.34188148379325867,0.4930100440979004,-0.9788749814033508,0.9944580793380737,0.5235677361488342,0.45711302757263184,-1.39975905418396,0.9917964935302734,0.43203428387641907,0.4563772976398468,-1.3775503635406494,0.9819198250770569,0.5070343613624573,0.4444847106933594,-1.481301188468933,0.9705115556716919,0.4567556381225586,0.44289419054985046,-1.4612237215042114,0.9375181794166565,0.504977285861969,0.44085925817489624,-1.4296274185180664,0.961431086063385,0.45938369631767273,0.4402580261230469,-1.4042516946792603,0.9138811230659485,0.5057665705680847,0.4445350468158722,-1.3865249156951904,0.9060574769973755,0.4555104970932007,0.4436039328575134,-1.3615665435791016,0.8178139328956604,0.5110253691673279,0.5041639804840088,0.002205914119258523,0.9996716380119324,0.4173775315284729,0.5032471418380737,-0.0019329681526869535,0.9995937347412109,0.5431984663009644,0.5346518754959106,-0.7367767095565796,0.9961758255958557,0.40948909521102905,0.5308507084846497,-0.7318060994148254,0.9865066409111023,0.5503379106521606,0.6046930551528931,-0.2922707498073578,0.9894074201583862,0.3818313777446747,0.6040197014808655,-0.3105197250843048,0.9954213500022888,0.5451288819313049,0.6104736924171448,-0.26485487818717957,0.9092923998832703,0.38256046175956726,0.6114437580108643,-0.28557610511779785,0.9377492070198059,0.5466918349266052,0.6261256337165833,-0.5608950257301331,0.9861525297164917,0.39181187748908997,0.626918375492096,-0.5970727801322937,0.9910686016082764
112,squat,0,0.48095831274986267,0.41744157671928406,-1.0969642400741577,0.9999850988388062,0.4934510588645935,0.4108976125717163,-1.0677286386489868,0.999949038028717,0.49971169233322144,0.4107472002506256,-1.0677036046981812,0.9999653100967407,0.5057546496391296,0.4104362726211548,-1.067875623703003,0.99988853931427,0.4717700481414795,0.40958988666534424,-1.0673338174819946,0.9999347925186157,0.4642432928085327,0.40877825021743774,-1.0674965381622314,0.9999659657478333,0.45781880617141724,0.40805137157440186,-1.0675040483474731,0.9999329447746277,0.5183005332946777,0.4077565670013428,-0.8235357999801636,0.9999367594718933,0.4456821084022522,0.4051637053489685,-0.8236010670661926,0.9999614357948303,0.49200060963630676,0.4247141182422638,-0.9997809529304504,0.9999905228614807,0.46712473034858704,0.4229041337966919,-1.0004847049713135,0.9999926090240479,0.553931713104248,0.43912553787231445,-0.6269620060920715,0.9999686479568481,0.3925764858722687,0.4364718198776245,-0.6139847636222839,0.999941349029541,0.601489782333374,0.49409452080726624,-0.9978148937225342,0.9973342418670654,0.3415173888206482,0.4891226589679718,-0.9706072807312012,0.9946802258491516,0.5236475467681885,0.45323115587234497,-1.4052209854125977,0.9922146201133728,0.43207910656929016,0.45256978273391724,-1.3647576570510864,0.982837438583374,0.5068933367729187,0.4403151571750641,-1.4878243207931519,0.971711277961731,0.45677247643470764,0.4390755593776703,-1.4478251934051514,0.9403704404830933,0.5049989819526672,0.43678927421569824,-1.4367960691452026,0.9627992510795593,0.45938488841056824,0.436401903629303,-1.3916525840759277,0.9173205494880676,0.5057830810546875,0.4404626488685608,-1.3930219411849976,0.9082481861114502,0.45553603768348694,0.4396664500236511,-1.349053978919983,0.8229534029960632,0.5109496712684631,0.5010153651237488,0.0021702961530536413,0.9996870756149292,0.4168945252895355,0.500552773475647,-0.0019069890258833766,0.9996136426925659,0.5431625843048096,0.5346164703369141,-0.729738175868988,0.996038556098938,0.4094308614730835,0.530741810798645,-0.7183098196983337,0.9858710765838623,0.5503446459770203,0.6053792238235474,-0.2943492829799652,0.9888700246810913,0.3816307485103607,0.60395747423172,-0.30711179971694946,0.995283305644989,0.5451939702033997,0.6120045185089111,-0.2690230906009674,0.907646656036377,0.3825513422489166,0.6113225817680359,-0.28185462951660156,0.9369948506355286,0.5473924279212952,0.626127302646637,-0.5663589835166931,0.98573237657547,0.3917556405067444,0.6269131302833557,-0.5922321081161499,0.9908496737480164
113,squat,0,0.4809085428714752,0.4135652184486389,-1.121813416481018,0.9999856352806091,0.49345454573631287,0.40700483322143555,-1.093744158744812,0.9999509453773499,0.4997228980064392,0.4067192077636719,-1.0937106609344482,0.9999667406082153,0.5057953596115112,0.4062800407409668,-1.093884825706482,0.9998916387557983,0.47171786427497864,0.4060298204421997,-1.0930533409118652,0.9999366998672485,0.4642161428928375,0.4052238464355469,-1.093213438987732,0.9999673366546631,0.4578149914741516,0.4043566882610321,-1.093218445777893,0.9999352097511292,0.5185350179672241,0.4036686420440674,-0.8461477756500244,0.9999396800994873,0.44569072127342224,0.401433527469635,-0.8437703847885132,0.999963641166687,0.4919988811016083,0.42050814628601074,-1.0226212739944458,0.9999911785125732,0.46689701080322266,0.41900405287742615,-1.0226768255233765,0.999993085861206,0.5541473627090454,0.43443363904953003,-0.6345394253730774,0.9999707341194153,0.3929263651371002,0.4323089122772217,-0.6207899451255798,0.9999449849128723,0.6036479473114014,0.49056851863861084,-1.0006088018417358,0.997448205947876,0.34068381786346436,0.4859773814678192,-0.9669094681739807,0.9949538111686707,0.5236669182777405,0.4499373733997345,-1.4074403047561646,0.992462158203125,0.43221765756607056,0.4491136372089386,-1.356507420539856,0.983618438243866,0.5064054727554321,0.43748417496681213,-1.4897934198379517,0.9722635746002197,0.45696085691452026,0.4360779821872711,-1.4386507272720337,0.9425249695777893,0.5044586062431335,0.4342098832130432,-1.4398025274276733,0.9632688760757446,0.45945364236831665,0.43321293592453003,-1.3826154470443726,0.9197877049446106,0.5054951906204224,0.43780675530433655,-1.3953534364700317,0.9082158803939819,0.455660879611969,0.4363134503364563,-1.3406593799591064,0.8262192606925964,0.5109571218490601,0.4964246451854706,0.001521804602816701,0.999703049659729,0.4169260859489441,0.4968903362751007,-0.0012827389873564243,0.9996318817138672,0.5432025194168091,0.5346065759658813,-0.7283254265785217,0.9959844350814819,0.4091282784938812,0.5312698483467102,-0.6987692713737488,0.9857011437416077,0.5504440665245056,0.605559229850769,-0.29027852416038513,0.9887152910232544,0.3811466693878174,0.6039103865623474,-0.29089316725730896,0.9952479600906372,0.545300304889679,0.6122257709503174,-0.26445433497428894,0.906313955783844,0.3823453187942505,0.611060619354248,-0.2675073742866516,0.9363277554512024,0.5476797819137573,0.626176118850708,-0.5638949275016785,0.9856889247894287,0.3914843797683716,0.6270005106925964,-0.5812195539474487,0.9908255338668823
114,squat,0,0.48098132014274597,0.40416303277015686,-1.1220972537994385,0.999986469745636,0.493461936712265,0.3972611129283905,-1.0942779779434204,0.9999541640281677,0.4997337758541107,0.3968862295150757,-1.0942471027374268,0.9999688863754272,0.5058023929595947,0.3964671194553375,-1.0944178104400635,0.9998986124992371,0.4719522297382355,0.3967841863632202,-1.0936014652252197,0.9999407529830933,0.46456342935562134,0.39587345719337463,-1.0937734842300415,0.999969482421875,0.4581243395805359,0.39476990699768066,-1.0937732458114624,0.9999397397041321,0.5186113119125366,0.39488697052001953,-0.8483980298042297,0.9999437928199768,0.4464845359325409,0.3923281729221344,-0.8455449342727661,0.999966561794281,0.49206456542015076,0.4100744128227234,-1.0236282348632812,0.9999918341636658,0.4674893915653229,0.4087943434715271,-1.0235371589660645,0.999993622303009,0.5547097325325012,0.4259343147277832,-0.6346558332443237,0.9999727010726929,0.3938737213611603,0.42352861166000366,-0.6206223368644714,0.9999492168426514,0.6083781719207764,0.48359808325767517,-0.996708333492279,0.9975104928016663,0.3378000259399414,0.47894737124443054,-0.9559283256530762,0.995240330696106,0.52557373046875,0.4455115795135498,-1.4203397035598755,0.9923263192176819,0.43039992451667786,0.4454066753387451,-1.352927803993225,0.9842637181282043,0.5058430433273315,0.43406766653060913,-1.5059081315994263,0.971537709236145,0.45300328731536865,0.43285971879959106,-1.4346905946731567,0.9442778825759888,0.5043351650238037,0.430772989988327,-1.4599816799163818,0.9621690511703491,0.45566216111183167,0.429512619972229,-1.3826017379760742,0.9219506978988647,0.5054641962051392,0.43330785632133484,-1.4105610847473145,0.9048054218292236,0.45323383808135986,0.43216240406036377,-1.3371787071228027,0.8297379612922668,0.5109107494354248,0.48941054940223694,-0.0004242678405717015,0.9997154474258423,0.41728612780570984,0.4894414246082306,0.0005796489422209561,0.99964839220047,0.5431926846504211,0.5345236659049988,-0.6571972966194153,0.9957061409950256,0.40905699133872986,0.5312365293502808,-0.6505510210990906,0.9853519797325134,0.5506078004837036,0.6055326461791992,-0.2779507339000702,0.9883021116256714,0.38107937574386597,0.6036495566368103,-0.2662757933139801,0.9949771761894226,0.5457040667533875,0.6123868823051453,-0.26045387983322144,0.9006186723709106,0.38176560401916504,0.6109427213668823,-0.24562540650367737,0.9332901239395142,0.54761803150177,0.6260732412338257,-0.5599226355552673,0.9852438569068909,0.39195507764816284,0.626716136932373,-0.5588743090629578,0.9903731942176819
115,squat,0,0.4818946123123169,0.39762434363365173,-1.0664340257644653,0.9999873042106628,0.49389660358428955,0.3905108869075775,-1.041890263557434,0.9999573826789856,0.5003939867019653,0.39016586542129517,-1.0418753623962402,0.9999709725379944,0.5065425634384155,0.38974854350090027,-1.0420465469360352,0.999906063079834,0.4728449881076813,0.3897992670536041,-1.0412230491638184,0.9999451041221619,0.46545925736427307,0.3887632489204407,-1.0414155721664429,0.9999716281890869,0.4589375853538513,0.3875367343425751,-1.0414308309555054,0.9999443888664246,0.5191529989242554,0.38794010877609253,-0.8100301027297974,0.9999479651451111,0.4475693702697754,0.38535359501838684,-0.805934488773346,0.9999693036079407,0.49243608117103577,0.40380164980888367,-0.9719928503036499,0.9999924302101135,0.46859976649284363,0.4025525152683258,-0.9716275930404663,0.9999940991401672,0.5554718971252441,0.4200640022754669,-0.590697169303894,0.9999746084213257,0.395468533039093,0.4177260398864746,-0.5800924301147461,0.999953031539917,0.6147791147232056,0.4776833951473236,-0.9063270092010498,0.9976004958152771,0.3359888792037964,0.47349685430526733,-0.8674811124801636,0.9955094456672668,0.5401610732078552,0.4449146091938019,-1.3291577100753784,0.9921998977661133,0.42360419034957886,0.44349581003189087,-1.264984130859375,0.9848031401634216,0.5139829516410828,0.43398264050483704,-1.4153800010681152,0.9708825945854187,0.44509100914001465,0.4309484362602234,-1.3499469757080078,0.9458634257316589,0.51152104139328,0.42976635694503784,-1.3774999380111694,0.9612396955490112,0.450269877910614,0.4270561933517456,-1.3088371753692627,0.9238836765289307,0.5144942402839661,0.4323754906654358,-1.3218766450881958,0.9020482897758484,0.44765788316726685,0.4301888048648834,-1.2548587322235107,0.8326249122619629,0.5114426016807556,0.48512542247772217,-0.0012397828977555037,0.9997212290763855,0.41807273030281067,0.484972208738327,0.0013885615626350045,0.9996570348739624,0.5435078144073486,0.5358009338378906,-0.5457984209060669,0.9953765869140625,0.40850716829299927,0.531902551651001,-0.5722072124481201,0.9852218627929688,0.5508825778961182,0.6066234707832336,-0.19964751601219177,0.9879229068756104,0.38130009174346924,0.6036196947097778,-0.2025764435529709,0.9947235584259033,0.546082079410553,0.6149594783782959,-0.18328680098056793,0.8939495086669922,0.3817392587661743,0.610889732837677,-0.18246297538280487,0.9296453595161438,0.5475744605064392,0.6277207136154175,-0.48396334052085876,0.9845621585845947,0.3917163610458374,0.6267872452735901,-0.48252856731414795,0.9898095726966858
116,squat,0,0.48265722393989563,0.39110058546066284,-0.9954713582992554,0.9999879002571106,0.49419277906417847,0.3839249908924103,-0.9700455069541931,0.9999598860740662,0.5008304715156555,0.38351914286613464,-0.9700185656547546,0.9999723434448242,0.5070344805717468,0.3829699754714966,-0.970169723033905,0.9999122619628906,0.47331199049949646,0.38320064544677734,-0.9693949222564697,0.9999486804008484,0.46594133973121643,0.38217779994010925,-0.969590961933136,0.9999731779098511,0.45947977900505066,0.3810426890850067,-0.9696230292320251,0.9999482035636902,0.5194852948188782,0.3811855912208557,-0.7381901144981384,0.9999510049819946,0.4487513601779938,0.3790472447872162,-0.7337205410003662,0.9999711513519287,0.4927666187286377,0.3976012170314789,-0.901167631149292,0.999992847442627,0.46962687373161316,0.39659154415130615,-0.9007208943367004,0.9999944567680359,0.5563853979110718,0.4151223599910736,-0.5272639989852905,0.9999759793281555,0.39746445417404175,0.41253581643104553,-0.5218963027000427,0.9999557137489319,0.6209662556648254,0.47189292311668396,-0.815401554107666,0.9975023865699768,0.3340803384780884,0.46746593713760376,-0.7964327931404114,0.99565589427948,0.545510470867157,0.4425378143787384,-1.2186036109924316,0.9907906651496887,0.42021214962005615,0.4401340186595917,-1.1834429502487183,0.9842994809150696,0.5184279680252075,0.43210241198539734,-1.3003660440444946,0.9666741490364075,0.44264596700668335,0.4290925860404968,-1.2674936056137085,0.9438526630401611,0.5216302871704102,0.4247526228427887,-1.263643741607666,0.9560949206352234,0.44775450229644775,0.4249423146247864,-1.2291646003723145,0.9212966561317444,0.519892692565918,0.43155014514923096,-1.2111124992370605,0.8916860818862915,0.4449615478515625,0.42773064970970154,-1.1744788885116577,0.8278684616088867,0.5117717981338501,0.4830358028411865,-0.00147202517837286,0.9997246861457825,0.41849082708358765,0.4830172061920166,0.0016160662053152919,0.9996534585952759,0.5435985922813416,0.536173403263092,-0.5283374190330505,0.9952332973480225,0.40840160846710205,0.5320319533348083,-0.5358343720436096,0.9852604866027832,0.5513826608657837,0.6057406067848206,-0.11615938693284988,0.9879090189933777,0.382445365190506,0.6020455360412598,-0.12165641039609909,0.9945698976516724,0.5467731952667236,0.6140617728233337,-0.09090755879878998,0.8892420530319214,0.3819796144962311,0.6088516116142273,-0.09552505612373352,0.927236020565033,0.5466723442077637,0.6276910305023193,-0.38245078921318054,0.9843276143074036,0.39176145195961,0.6266075968742371,-0.39123621582984924,0.9895334243774414
117,squat,0,0.48342421650886536,0.3843771517276764,-1.0345011949539185,0.9999889135360718,0.4944400489330292,0.3770744502544403,-1.0079174041748047,0.9999633431434631,0.5011529326438904,0.37666037678718567,-1.0078905820846558,0.9999746084213257,0.5073609948158264,0.3761707842350006,-1.008053183555603,0.9999200701713562,0.47379088401794434,0.3764186501502991,-1.0074154138565063,0.9999532699584961,0.46639615297317505,0.3754623830318451,-1.0076048374176025,0.9999755024909973,0.4600284695625305,0.37442663311958313,-1.0076261758804321,0.9999529123306274,0.5198200941085815,0.3747633397579193,-0.769714891910553,0.9999551773071289,0.44977861642837524,0.37261784076690674,-0.7668726444244385,0.9999737739562988,0.49328887462615967,0.39088669419288635,-0.9382232427597046,0.9999934434890747,0.47066760063171387,0.3901623785495758,-0.9382094740867615,0.9999949336051941,0.556727945804596,0.40803858637809753,-0.5437520742416382,0.9999776482582092,0.39878904819488525,0.4072779715061188,-0.5448188781738281,0.9999593496322632,0.6257014274597168,0.4666576385498047,-0.8271897435188293,0.9974899888038635,0.3322380483150482,0.46120670437812805,-0.8112102150917053,0.9958885908126831,0.5515653491020203,0.44061151146888733,-1.2647026777267456,0.9893780946731567,0.41395294666290283,0.4386805593967438,-1.2236839532852173,0.9844156503677368,0.5315946936607361,0.4325466752052307,-1.352346420288086,0.9628763198852539,0.4337290823459625,0.42974159121513367,-1.312674641609192,0.9443010687828064,0.5347354412078857,0.42430204153060913,-1.3186765909194946,0.9516470432281494,0.43789300322532654,0.42519259452819824,-1.2775037288665771,0.9221197962760925,0.5252216458320618,0.4314950704574585,-1.259548306465149,0.8828650116920471,0.43475341796875,0.42737603187561035,-1.2164944410324097,0.829125165939331,0.5119040608406067,0.4778163731098175,-0.0012945913476869464,0.9997304677963257,0.4186333119869232,0.4781591296195984,0.0014171431539580226,0.9996585249900818,0.5436264872550964,0.5361250638961792,-0.4619172513484955,0.995139479637146,0.4082370102405548,0.5319951176643372,-0.4899044632911682,0.9856717586517334,0.5518566370010376,0.6057097911834717,-0.08446972072124481,0.9882157444953918,0.3830254375934601,0.6020388603210449,-0.09242743998765945,0.9944822788238525,0.5469909310340881,0.6140565872192383,-0.06383825838565826,0.8871486186981201,0.3827384412288666,0.6088975667953491,-0.06920357793569565,0.9237281680107117,0.5465835928916931,0.6280186772346497,-0.3627532124519348,0.9843151569366455,0.39147257804870605,0.6266273260116577,-0.37054330110549927,0.989226758480072
118,squat,0,0.48420047760009766,0.37108615040779114,-1.0162055492401123,0.9999898076057434,0.49482500553131104,0.3630808889865875,-0.9894564747810364,0.9999665021896362,0.5013125538825989,0.36276334524154663,-0.9894472360610962,0.9999766945838928,0.5075223445892334,0.36228498816490173,-0.989604115486145,0.9999271631240845,0.474597305059433,0.3623262345790863,-0.9898899793624878,0.9999574422836304,0.46687471866607666,0.361494243144989,-0.9901084899902344,0.9999775886535645,0.46028345823287964,0.360690176486969,-0.9901413321495056,0.9999572038650513,0.5198449492454529,0.3618507981300354,-0.7465568780899048,0.999958872795105,0.45026105642318726,0.35935497283935547,-0.7482700943946838,0.9999761581420898,0.49381712079048157,0.37715330719947815,-0.9182467460632324,0.9999939799308777,0.4712623357772827,0.3768284022808075,-0.9194643497467041,0.9999954104423523,0.556985080242157,0.39754658937454224,-0.5097793936729431,0.9999791383743286,0.3997270166873932,0.39620107412338257,-0.5198754668235779,0.9999627470970154,0.6280052065849304,0.453454852104187,-0.753446102142334,0.9972524642944336,0.3261187970638275,0.4510723948478699,-0.7461287975311279,0.9960857629776001,0.5782375335693359,0.44247159361839294,-1.2085187435150146,0.9865203499794006,0.3988930284976959,0.436423659324646,-1.1671770811080933,0.9844040870666504,0.5586425065994263,0.4393777549266815,-1.3000646829605103,0.9565996527671814,0.41583675146102905,0.4305245876312256,-1.2577905654907227,0.9448567032814026,0.5611701011657715,0.4263162314891815,-1.2822985649108887,0.9449906349182129,0.42217010259628296,0.4258856475353241,-1.2361019849777222,0.9235349893569946,0.5595092177391052,0.4307774305343628,-1.2101012468338013,0.8711849451065063,0.420099139213562,0.427171528339386,-1.1649757623672485,0.8324145078659058,0.5126603841781616,0.47098761796951294,0.0008662735344842076,0.9997260570526123,0.4189555048942566,0.47159069776535034,-0.0008050104370340705,0.9996583461761475,0.5435846447944641,0.5360221862792969,-0.3798031210899353,0.9950661063194275,0.4082561731338501,0.5314297676086426,-0.43771645426750183,0.9861623644828796,0.5522428750991821,0.6052586436271667,-0.0014459706144407392,0.9886163473129272,0.3830803334712982,0.6019457578659058,-0.03790232911705971,0.994456946849823,0.5471325516700745,0.6140083074569702,0.019294414669275284,0.884730339050293,0.3825141191482544,0.6089094281196594,-0.014319534413516521,0.9196632504463196,0.5465276837348938,0.627964437007904,-0.2735876441001892,0.9843092560768127,0.3920985460281372,0.6265553832054138,-0.3161402940750122,0.9890435338020325
119,squat,0,0.48447075486183167,0.3640647232532501,-0.9682591557502747,0.9999906420707703,0.494965523481369,0.35646599531173706,-0.9406675696372986,0.999969482421875,0.5013291239738464,0.3560941517353058,-0.9406722187995911,0.9999786615371704,0.5075687766075134,0.35567763447761536,-0.9408236742019653,0.9999338984489441,0.4750727415084839,0.35613352060317993,-0.9428152441978455,0.9999613165855408,0.4673629701137543,0.3553536534309387,-0.9430246949195862,0.999979555606842,0.46083441376686096,0.35441604256629944,-0.9430403113365173,0.9999611377716064,0.5198489427566528,0.3551971912384033,-0.6939507722854614,0.9999624490737915,0.45109137892723083,0.35308659076690674,-0.7034327387809753,0.9999783635139465,0.49415186047554016,0.3700951933860779,-0.8687654137611389,0.9999945163726807,0.4720398783683777,0.36947980523109436,-0.872105062007904,0.9999958276748657,0.5567335486412048,0.3892616927623749,-0.4579768478870392,0.9999808669090271,0.4006876051425934,0.38912177085876465,-0.4742702543735504,0.9999658465385437,0.626325786113739,0.44261419773101807,-0.6554145216941833,0.997006356716156,0.3241596221923828,0.44411399960517883,-0.670060396194458,0.9962645173072815,0.5999134182929993,0.44414517283439636,-1.110388994216919,0.984773576259613,0.3887956142425537,0.43645918369293213,-1.0816848278045654,0.9846015572547913,0.583681046962738,0.4486292600631714,-1.205210566520691,0.9535406231880188,0.4072224497795105,0.4341071546077728,-1.1724411249160767,0.9463871121406555,0.5801575779914856,0.44214609265327454,-1.2073471546173096,0.9425762295722961,0.41358840465545654,0.42672497034072876,-1.1614347696304321,0.9264752268791199,0.580085039138794,0.44087308645248413,-1.1203689575195312,0.8685614466667175,0.4106166362762451,0.428574800491333,-1.0833349227905273,0.8391168713569641,0.5132240056991577,0.46700048446655273,0.001428813673555851,0.9997338652610779,0.41945311427116394,0.4680119752883911,-0.0013710171915590763,0.999666690826416,0.5426173806190491,0.532852292060852,-0.3897493779659271,0.9951306581497192,0.4083561897277832,0.5303198099136353,-0.40221935510635376,0.9866572022438049,0.5530621409416199,0.6034660339355469,-0.042000122368335724,0.9891360998153687,0.38311460614204407,0.6019689440727234,-0.0495406910777092,0.9943128228187561,0.5482659339904785,0.6118602752685547,-0.023520320653915405,0.8851513862609863,0.38206613063812256,0.609258234500885,-0.03023429773747921,0.9136214256286621,0.5457083582878113,0.6277112364768982,-0.31329768896102905,0.9845064878463745,0.3927348256111145,0.6261671185493469,-0.3266681134700775,0.9886161684989929
120,squat,0,0.4845091998577118,0.3564489483833313,-0.9553711414337158,0.9999914765357971,0.49496662616729736,0.3488336205482483,-0.9288802742958069,0.9999723434448242,0.5012593865394592,0.34849148988723755,-0.9288510084152222,0.999980628490448,0.5075667500495911,0.348134309053421,-0.9289737939834595,0.9999402761459351,0.47505825757980347,0.3485589623451233,-0.9292998909950256,0.9999650120735168,0.46742790937423706,0.3478701710700989,-0.9295318126678467,0.9999814629554749,0.46097755432128906,0.3471660912036896,-0.9295399188995361,0.9999648928642273,0.5198490619659424,0.3479461669921875,-0.6898664832115173,0.9999659061431885,0.45185115933418274,0.34651514887809753,-0.6916717290878296,0.9999804496765137,0.4945119023323059,0.363102525472641,-0.8594579100608826,0.9999949932098389,0.47243720293045044,0.36214905977249146,-0.8606318831443787,0.9999962449073792,0.5569309592247009,0.38415107131004333,-0.4610458016395569,0.9999819397926331,0.4018903374671936,0.38331571221351624,-0.4710402190685272,0.9999685287475586,0.6261985301971436,0.4372115135192871,-0.6128708720207214,0.996755063533783,0.3256543278694153,0.4374116361141205,-0.6381492018699646,0.9963105320930481,0.6038486957550049,0.44975924491882324,-1.0181326866149902,0.9812828898429871,0.3865363299846649,0.43710607290267944,-1.0440282821655273,0.9843742251396179,0.5907582640647888,0.4563094973564148,-1.1081682443618774,0.9462569952011108,0.4052284061908722,0.4395624101161957,-1.13675856590271,0.9471056461334229,0.5890055298805237,0.45220819115638733,-1.1234972476959229,0.9359589219093323,0.4129888713359833,0.4310057759284973,-1.1346768140792847,0.9286372065544128,0.5902345180511475,0.4499920606613159,-1.032042145729065,0.8613443970680237,0.4096309542655945,0.4288094937801361,-1.0493377447128296,0.8451425433158875,0.5138260722160339,0.46285006403923035,0.0010970673756673932,0.9997419118881226,0.4212639033794403,0.46271491050720215,-0.0011131534120067954,0.9996818900108337,0.5418812036514282,0.5307577848434448,-0.23926874995231628,0.995251476764679,0.4084150195121765,0.5288028120994568,-0.25123336911201477,0.9873711466789246,0.5533145666122437,0.6024600267410278,0.06653176248073578,0.9898121953010559,0.3834368586540222,0.6011768579483032,0.05762392655014992,0.9943588972091675,0.5484950542449951,0.6110735535621643,0.08147038519382477,0.8867982029914856,0.3825456202030182,0.6087840795516968,0.07389936596155167,0.9086869955062866,0.5444881916046143,0.6272607445716858,-0.19879649579524994,0.9850513339042664,0.39276671409606934,0.6253650784492493,-0.20604561269283295,0.9885994791984558
121,squat,0,0.48485463857650757,0.3503633141517639,-0.9025270938873291,0.9999922513961792,0.49517086148262024,0.34321194887161255,-0.8748237490653992,0.9999749064445496,0.5013390183448792,0.34278830885887146,-0.8748175501823425,0.9999823570251465,0.5078082084655762,0.3423311412334442,-0.8749265074729919,0.9999459981918335,0.4751878082752228,0.342496782541275,-0.8759134411811829,0.9999682903289795,0.467716246843338,0.3416125178337097,-0.8761082291603088,0.9999831318855286,0.4613911211490631,0.3407934308052063,-0.8760780096054077,0.9999682307243347,0.5199034214019775,0.34173449873924255,-0.6352759003639221,0.9999690055847168,0.4525474011898041,0.33973029255867004,-0.6408770084381104,0.9999822378158569,0.4951382875442505,0.35717055201530457,-0.8067917823791504,0.9999954700469971,0.4730936288833618,0.35588711500167847,-0.8089841604232788,0.9999966025352478,0.5571038722991943,0.3779227137565613,-0.42020875215530396,0.9999834299087524,0.4027172327041626,0.3765125274658203,-0.42208924889564514,0.9999708533287048,0.6249505281448364,0.42841559648513794,-0.5426051616668701,0.9967590570449829,0.3257386088371277,0.42960336804389954,-0.575255811214447,0.9962987303733826,0.6196596026420593,0.450704962015152,-0.9389310479164124,0.9814609885215759,0.37612184882164,0.43812090158462524,-0.9777659177780151,0.9845008254051208,0.6148595213890076,0.4615326523780823,-1.032374382019043,0.9475085139274597,0.3940531015396118,0.4433630108833313,-1.0708478689193726,0.9490536451339722,0.6072894930839539,0.458284854888916,-1.0624781847000122,0.9383569955825806,0.4019262492656708,0.4351506233215332,-1.0825402736663818,0.9322719573974609,0.6064932346343994,0.45482000708580017,-0.9588267803192139,0.8684395551681519,0.39906641840934753,0.43126022815704346,-0.988787055015564,0.854112446308136,0.5154615044593811,0.4612041115760803,0.000884310167748481,0.9997593760490417,0.42329415678977966,0.4606369137763977,-0.000929681584239006,0.9996992349624634,0.5417872071266174,0.5286378860473633,-0.3356380760669708,0.9955049157142639,0.40848425030708313,0.5273810625076294,-0.2997743487358093,0.9881532788276672,0.5539098978042603,0.602139949798584,-0.0376402921974659,0.9905644655227661,0.38348132371902466,0.5999547243118286,-0.011826862581074238,0.9944899082183838,0.5486889481544495,0.6110748052597046,-0.022932186722755432,0.8921141028404236,0.38256046175956726,0.6081494688987732,0.002023647539317608,0.9068013429641724,0.5445169806480408,0.6269886493682861,-0.3093239665031433,0.9859146475791931,0.3927542269229889,0.6251400709152222,-0.281313955783844,0.9887735247612
122,squat,0,0.4850720763206482,0.3422600328922272,-0.8152304291725159,0.9999929666519165,0.4953647553920746,0.33447909355163574,-0.7895140051841736,0.9999773502349854,0.5013595223426819,0.33416256308555603,-0.789497435092926,0.9999840259552002,0.5078213214874268,0.33374112844467163,-0.7895552515983582,0.9999513030052185,0.47544974088668823,0.33439159393310547,-0.7912977337837219,0.9999713897705078,0.46812617778778076,0.3336920738220215,-0.7914782762527466,0.9999847412109375,0.46177399158477783,0.3328664004802704,-0.7914223670959473,0.999971330165863,0.5198569893836975,0.3338720202445984,-0.5589670538902283,0.9999719262123108,0.4532451927661896,0.33248504996299744,-0.5683969855308533,0.9999839067459106,0.4956052005290985,0.34865331649780273,-0.7223172783851624,0.9999958872795105,0.47355523705482483,0.348082959651947,-0.7255316972732544,0.9999969005584717,0.5570986866950989,0.36894771456718445,-0.33954283595085144,0.9999849200248718,0.40481793880462646,0.3693486750125885,-0.3595263957977295,0.9999731183052063,0.6239309310913086,0.41855573654174805,-0.3321726322174072,0.996931791305542,0.3339684009552002,0.41920292377471924,-0.45853787660598755,0.9963589906692505,0.6307734251022339,0.4518604576587677,-0.6159374117851257,0.9828823804855347,0.36408522725105286,0.4383081793785095,-0.8197514414787292,0.9852604866027832,0.6299941539764404,0.46602416038513184,-0.6866257786750793,0.951459527015686,0.382983535528183,0.4453001618385315,-0.9033539295196533,0.9521344304084778,0.6184157133102417,0.463740736246109,-0.7395364046096802,0.9433435797691345,0.3912246525287628,0.43819016218185425,-0.9293807148933411,0.9370590448379517,0.6164119243621826,0.4592488408088684,-0.6412936449050903,0.8797957301139832,0.387710839509964,0.43383094668388367,-0.8352757692337036,0.8653382658958435,0.5159221887588501,0.458295077085495,0.006472628563642502,0.9997764825820923,0.4253493845462799,0.45746907591819763,-0.0066571361385285854,0.9997156858444214,0.5419530272483826,0.5280373692512512,-0.20870719850063324,0.9957128763198853,0.40861043334007263,0.5261425375938416,-0.21303154528141022,0.988967776298523,0.5538979768753052,0.6033613085746765,0.010472533293068409,0.9912415742874146,0.38343003392219543,0.6000113487243652,0.0018606899539008737,0.9946082830429077,0.5477058291435242,0.613525390625,0.017706802114844322,0.8968137502670288,0.3825381100177765,0.6084005236625671,0.010166224092245102,0.9052422046661377,0.5445248484611511,0.6271367073059082,-0.24792936444282532,0.986724317073822,0.39270666241645813,0.6251767873764038,-0.25395169854164124,0.9889973998069763
153,squat,0,0.47833144664764404,0.3126760423183441,-0.7392604351043701,0.9999926686286926,0.49136975407600403,0.30372193455696106,-0.7163273096084595,0.999985933303833,0.4987868070602417,0.3033975660800934,-0.7163231372833252,0.9999843239784241,0.5042021870613098,0.30311858654022217,-0.7164422273635864,0.9999817609786987,0.46728554368019104,0.3039810359477997,-0.7142316699028015,0.9999837875366211,0.45918023586273193,0.30334824323654175,-0.7143122553825378,0.999981701374054,0.45264747738838196,0.30282774567604065,-0.7142964601516724,0.9999811053276062,0.5131853818893433,0.30312150716781616,-0.47851255536079407,0.9999791383743286,0.44281959533691406,0.3027559816837311,-0.46869775652885437,0.9999752640724182,0.4914969503879547,0.3195919394493103,-0.6411587595939636,0.9999904632568359,0.46510079503059387,0.31983354687690735,-0.6390452980995178,0.9999904632568359,0.5518618822097778,0.3371090590953827,-0.28537309169769287,0.9999696016311646,0.3967897891998291,0.3378108739852905,-0.2609958052635193,0.9999239444732666,0.6008089780807495,0.3948119282722473,-0.5404677987098694,0.9911604523658752,0.34584441781044006,0.39485830068588257,-0.5065215229988098,0.9662343859672546,0.5236260890960693,0.3505030870437622,-0.9614905118942261,0.9812372326850891,0.4205186069011688,0.35519057512283325,-0.9375625252723694,0.9562262296676636,0.5025822520256042,0.33850863575935364,-1.0476540327072144,0.9522451758384705,0.4433078467845917,0.34290316700935364,-1.023099660873413,0.9160088300704956,0.5008195638656616,0.3342665135860443,-1.0290298461914062,0.9528027176856995,0.4451840817928314,0.3379553556442261,-1.0026265382766724,0.9146263599395752,0.5024417638778687,0.3387451767921448,-0.9612438678741455,0.9277130961418152,0.4412939250469208,0.3421681821346283,-0.9371181130409241,0.8819898366928101,0.5179044604301453,0.4380585849285126,-0.01679885946214199,0.9996550679206848,0.42368870973587036,0.4357273578643799,0.016800427809357643,0.9996272325515747,0.5400724411010742,0.5242257714271545,-0.08058138191699982,0.9962813258171082,0.3940041959285736,0.5199737548828125,-0.03916480392217636,0.9964652061462402,0.5373652577400208,0.6023329496383667,0.19424542784690857,0.9962968826293945,0.38563960790634155,0.6014006733894348,0.21997611224651337,0.9968093037605286,0.5205495953559875,0.6150929927825928,0.2070448100566864,0.9476755261421204,0.4001869559288025,0.6159630417823792,0.23233330249786377,0.9400044679641724,0.5569470524787903,0.6282157897949219,-0.05534956604242325,0.9932168126106262,0.35994958877563477,0.6272616982460022,-0.02026762254536152,0.9933789968490601
154,squat,0,0.47681957483291626,0.3184394836425781,-0.7249390482902527,0.999992311000824,0.4897855222225189,0.3098312318325043,-0.70301753282547,0.9999855756759644,0.49712371826171875,0.3093968331813812,-0.7030190825462341,0.9999840259552002,0.5023350119590759,0.3090004622936249,-0.7031416893005371,0.9999815225601196,0.4666925370693207,0.3096379041671753,-0.699376106262207,0.9999833703041077,0.4588278830051422,0.309012770652771,-0.6994496583938599,0.9999811053276062,0.4521424472332001,0.30821922421455383,-0.699440062046051,0.9999804496765137,0.5125259757041931,0.30896422266960144,-0.47414982318878174,0.99997878074646,0.44287535548210144,0.3079338073730469,-0.45656999945640564,0.9999746084213257,0.49009373784065247,0.3251378536224365,-0.6304436326026917,0.9999898076057434,0.46391141414642334,0.3250757157802582,-0.6260755658149719,0.9999897480010986,0.551979124546051,0.3426825702190399,-0.2877843379974365,0.9999653697013855,0.3972826302051544,0.34209689497947693,-0.2542531490325928,0.9999164938926697,0.5978325009346008,0.3994816541671753,-0.5386313199996948,0.9915682077407837,0.34680867195129395,0.39886003732681274,-0.49429333209991455,0.9682546257972717,0.5248525738716125,0.35340532660484314,-0.9475494027137756,0.9822830557823181,0.41981199383735657,0.3592633903026581,-0.9211780428886414,0.95844966173172,0.5028809309005737,0.34265923500061035,-1.0316967964172363,0.9539773464202881,0.44163426756858826,0.3471466302871704,-1.0063859224319458,0.9179175496101379,0.5010566115379333,0.3387163579463959,-1.013313889503479,0.9542103409767151,0.4432906210422516,0.3426407277584076,-0.9861440658569336,0.9156477451324463,0.5030207633972168,0.34304067492485046,-0.947344183921814,0.9290645122528076,0.43947577476501465,0.346820592880249,-0.9210782647132874,0.8820763826370239,0.5174104571342468,0.4410746395587921,-0.016277054324746132,0.9996448159217834,0.4227486550807953,0.4383031725883484,0.016285952180624008,0.9996200799942017,0.5402647256851196,0.5251535177230835,-0.09668979048728943,0.9963111877441406,0.3941652774810791,0.5207295417785645,-0.055078569799661636,0.996524453163147,0.5373588800430298,0.6023448705673218,0.18022596836090088,0.9963138699531555,0.3858397305011749,0.601422131061554,0.20915797352790833,0.9968426823616028,0.5211032032966614,0.614968478679657,0.193357452750206,0.9478757381439209,0.4007379710674286,0.6158745884895325,0.22206944227218628,0.9410854578018188,0.5564906597137451,0.6281626224517822,-0.06663504987955093,0.9932384490966797,0.3600265383720398,0.6273980140686035,-0.027221158146858215,0.9933908581733704
155,squat,0,0.47439658641815186,0.324023962020874,-0.7096456289291382,0.9999918937683105,0.48734062910079956,0.31591135263442993,-0.6897866725921631,0.9999852180480957,0.49449312686920166,0.31556975841522217,-0.6897818446159363,0.9999834895133972,0.500028669834137,0.31514453887939453,-0.6898991465568542,0.9999811053276062,0.4655436873435974,0.3152269423007965,-0.6849372386932373,0.9999830722808838,0.45816922187805176,0.31441816687583923,-0.685005247592926,0.9999805688858032,0.45177221298217773,0.31349217891693115,-0.6850053071975708,0.9999800324440002,0.5108714699745178,0.314801961183548,-0.46817249059677124,0.9999780058860779,0.44325530529022217,0.31291964650154114,-0.4455515146255493,0.9999743700027466,0.48767396807670593,0.33068370819091797,-0.6175851225852966,0.9999892115592957,0.462470680475235,0.3298640251159668,-0.6117597818374634,0.99998939037323,0.5516038537025452,0.34782832860946655,-0.277100145816803,0.9999607801437378,0.39766478538513184,0.3466576337814331,-0.24379892647266388,0.9999145865440369,0.5945299863815308,0.4039916396141052,-0.5171933174133301,0.9918649196624756,0.34700262546539307,0.4035574495792389,-0.4673389196395874,0.9702375531196594,0.5227214097976685,0.35602203011512756,-0.9177642464637756,0.9831420183181763,0.4170188307762146,0.3609101176261902,-0.873087465763092,0.9604973793029785,0.5026174187660217,0.34578800201416016,-0.9975615739822388,0.9552106261253357,0.4386584758758545,0.35209739208221436,-0.9528728127479553,0.919495165348053,0.5005389451980591,0.3423309028148651,-0.9786022305488586,0.9550855755805969,0.44023704528808594,0.3478793799877167,-0.9319669008255005,0.9163357019424438,0.5019773840904236,0.34654128551483154,-0.9168963432312012,0.9296290874481201,0.4370223879814148,0.35129785537719727,-0.8718104958534241,0.8818314671516418,0.5166786313056946,0.44304800033569336,-0.01318645104765892,0.999637246131897,0.4220883846282959,0.4404224455356598,0.013152169063687325,0.9996198415756226,0.5410900712013245,0.5263829231262207,-0.1091829463839531,0.9962894320487976,0.39425310492515564,0.521821141242981,-0.08665245771408081,0.9966155290603638,0.537665069103241,0.6023175120353699,0.15015211701393127,0.9962599873542786,0.38611066341400146,0.6013434529304504,0.1628183275461197,0.9968820810317993,0.5215708613395691,0.6149047613143921,0.16209281980991364,0.9483765363693237,0.40073204040527344,0.6155558228492737,0.17440997064113617,0.9420192837715149,0.5572699308395386,0.628002405166626,-0.09040946513414383,0.9931480884552002,0.36155760288238525,0.6268349885940552,-0.07212124764919281,0.9933920502662659
156,squat,0,0.4747747778892517,0.3351230025291443,-0.8959092497825623,0.9999924302101135,0.4876265227794647,0.3274983763694763,-0.8747426271438599,0.9999862313270569,0.4946080446243286,0.3273559510707855,-0.8746798038482666,0.9999845623970032,0.50010746717453,0.32716065645217896,-0.8748588562011719,0.9999824166297913,0.46568581461906433,0.3264513313770294,-0.8727853894233704,0.9999843239784241,0.4583413898944855,0.3255459666252136,-0.8729112148284912,0.9999819993972778,0.451960951089859,0.3247033357620239,-0.8729311227798462,0.9999815225601196,0.5110768675804138,0.32813143730163574,-0.6467157602310181,0.9999794363975525,0.44367745518684387,0.32528766989707947,-0.6373905539512634,0.9999764561653137,0.4879799485206604,0.34262797236442566,-0.8014768958091736,0.9999898076057434,0.46267735958099365,0.3413068354129791,-0.7992295026779175,0.9999901056289673,0.5517991185188293,0.3620450496673584,-0.45010659098625183,0.9999580383300781,0.39765071868896484,0.35961493849754333,-0.4360160529613495,0.999918520450592,0.5939299464225769,0.41578930616378784,-0.7506087422370911,0.9923176169395447,0.3471529483795166,0.41314563155174255,-0.7354316115379333,0.9726086854934692,0.5228220224380493,0.362557053565979,-1.1698496341705322,0.9839579463005066,0.41656145453453064,0.37382450699806213,-1.1627651453018188,0.9629366993904114,0.5058242678642273,0.3481350243091583,-1.2591890096664429,0.9563304781913757,0.4378702938556671,0.35640251636505127,-1.2498023509979248,0.922533392906189,0.5030632019042969,0.3447881042957306,-1.2318201065063477,0.9558074474334717,0.43972504138946533,0.3528766632080078,-1.2230265140533447,0.9185805320739746,0.5037688612937927,0.3477631211280823,-1.1684942245483398,0.9296787977218628,0.43750062584877014,0.35830599069595337,-1.1608680486679077,0.8836926817893982,0.5168641805648804,0.4488760232925415,-0.010390803217887878,0.9996345043182373,0.4222889542579651,0.44641607999801636,0.010246576741337776,0.9996317028999329,0.5441814064979553,0.5285403728485107,-0.16384467482566833,0.9961933493614197,0.3932112157344818,0.5241263508796692,-0.16433630883693695,0.9965848922729492,0.5376662611961365,0.6025166511535645,0.11183030903339386,0.9961118698120117,0.38631629943847656,0.6013634204864502,0.11616335064172745,0.9968101978302002,0.5218011736869812,0.6149754524230957,0.12395281344652176,0.9476345181465149,0.4007393717765808,0.615524411201477,0.1301180124282837,0.9420217871665955,0.5581413507461548,0.6278780698776245,-0.1310524195432663,0.9928700923919678,0.3615811765193939,0.6268297433853149,-0.11729874461889267,0.9932656288146973
157,squat,0,0.4741183817386627,0.34242409467697144,-0.8743066191673279,0.999992847442627,0.48681241273880005,0.33518528938293457,-0.8521188497543335,0.9999870657920837,0.4937337040901184,0.3350369334220886,-0.8520615696907043,0.9999854564666748,0.49915745854377747,0.33487486839294434,-0.8522226214408875,0.9999834895133972,0.4653335213661194,0.3340381681919098,-0.8487377166748047,0.9999853372573853,0.4581136703491211,0.3332081139087677,-0.8488748669624329,0.9999831914901733,0.45186084508895874,0.3323172926902771,-0.848910927772522,0.9999828338623047,0.5107924342155457,0.3360249698162079,-0.6299830079078674,0.9999803900718689,0.4438704550266266,0.3331889510154724,-0.6158213019371033,0.9999783635139465,0.4875611662864685,0.3501437306404114,-0.7834681272506714,0.9999902248382568,0.46228769421577454,0.3485865592956543,-0.779823899269104,0.999990701675415,0.5510725975036621,0.3697420060634613,-0.44209393858909607,0.9999526143074036,0.39718756079673767,0.36854293942451477,-0.42618149518966675,0.9999217987060547,0.5932865142822266,0.42303386330604553,-0.7376024127006531,0.9926955103874207,0.3475895822048187,0.42038777470588684,-0.7188764810562134,0.9747329950332642,0.5210773944854736,0.3688978850841522,-1.1367679834365845,0.9846749305725098,0.41682031750679016,0.38276076316833496,-1.1303774118423462,0.9652461409568787,0.5043483376502991,0.35376080870628357,-1.2218165397644043,0.9572591185569763,0.4372791051864624,0.3657383322715759,-1.2141906023025513,0.9256450533866882,0.5023502111434937,0.3505099415779114,-1.1904863119125366,0.9563191533088684,0.43953296542167664,0.36233580112457275,-1.1847304105758667,0.9209828972816467,0.5028923153877258,0.3558967411518097,-1.133042573928833,0.9292893409729004,0.43826737999916077,0.36743879318237305,-1.1268855333328247,0.885564386844635,0.516605019569397,0.4531033933162689,-0.007691874634474516,0.9996382594108582,0.42244264483451843,0.4509235918521881,0.007478164974600077,0.9996456503868103,0.5464397072792053,0.5300806760787964,-0.20664803683757782,0.9958386421203613,0.39264553785324097,0.5247325301170349,-0.22748911380767822,0.9963779449462891,0.537682831287384,0.602554440498352,0.07665640860795975,0.9957234263420105,0.38640883564949036,0.6011476516723633,0.07423042505979538,0.9966244101524353,0.5218300819396973,0.6150657534599304,0.08998767286539078,0.946520984172821,0.40009206533432007,0.6145655512809753,0.09082701057195663,0.9407685399055481,0.5602321624755859,0.6284179091453552,-0.15860429406166077,0.9922118782997131,0.36195164918899536,0.626823902130127,-0.15309493243694305,0.9929121136665344
158,squat,0,0.47432705760002136,0.3494260907173157,-0.8958861827850342,0.9999932646751404,0.4870169758796692,0.3422561585903168,-0.8725056052207947,0.999987781047821,0.493859201669693,0.34203168749809265,-0.8724386692047119,0.9999862313270569,0.49927741289138794,0.34184935688972473,-0.8726083040237427,0.9999843835830688,0.4654639959335327,0.34114760160446167,-0.8706763386726379,0.9999862909317017,0.4581824839115143,0.34034043550491333,-0.8708291053771973,0.9999843239784241,0.45188090205192566,0.339474618434906,-0.870866060256958,0.9999840259552002,0.5108476877212524,0.34265175461769104,-0.6479347348213196,0.9999812841415405,0.44371527433395386,0.3402315080165863,-0.6410324573516846,0.9999801516532898,0.4876480996608734,0.35720294713974,-0.8044670820236206,0.9999906420707703,0.4621177017688751,0.3558945655822754,-0.8029367327690125,0.9999912977218628,0.5502375364303589,0.37687018513679504,-0.4565974175930023,0.9999463558197021,0.39644426107406616,0.3756659924983978,-0.4549671709537506,0.9999251365661621,0.5929707884788513,0.4309404790401459,-0.7616490125656128,0.9928765296936035,0.3478379249572754,0.42718979716300964,-0.7605279088020325,0.9766333103179932,0.524267315864563,0.38075682520866394,-1.1580878496170044,0.9847121238708496,0.4254835546016693,0.3859468102455139,-1.1505316495895386,0.9670770168304443,0.5073994994163513,0.3676248788833618,-1.2389274835586548,0.9560943841934204,0.4486556053161621,0.37079447507858276,-1.2298554182052612,0.9275580644607544,0.5049068331718445,0.3643398880958557,-1.201423168182373,0.9542961120605469,0.44708630442619324,0.3682670295238495,-1.1942296028137207,0.9218238592147827,0.5055863261222839,0.36878758668899536,-1.1518248319625854,0.9246135950088501,0.44460296630859375,0.3729475438594818,-1.1438475847244263,0.8847063779830933,0.5164617300033569,0.4560719430446625,-0.004609094932675362,0.9996424317359924,0.42255014181137085,0.4541378915309906,0.004385198932141066,0.9996606111526489,0.5506607294082642,0.5317761301994324,-0.2614063620567322,0.9954895377159119,0.3904210329055786,0.5252172350883484,-0.2955957353115082,0.9962345361709595,0.5376902222633362,0.6026288866996765,0.04115809127688408,0.9952601194381714,0.3864714801311493,0.601163923740387,0.02878839708864689,0.9965305328369141,0.5220990180969238,0.6150841116905212,0.0563652366399765,0.945270299911499,0.39989814162254333,0.6144998073577881,0.04719824716448784,0.940609335899353,0.5608170628547668,0.628659725189209,-0.18849432468414307,0.9913583993911743,0.36181655526161194,0.6268885135650635,-0.19572892785072327,0.9926376938819885
159,squat,0,0.47432124614715576,0.35500502586364746,-0.8846637606620789,0.9999934434890747,0.48706769943237305,0.3479248285293579,-0.860055148601532,0.9999879598617554,0.4937712550163269,0.34770873188972473,-0.8599908351898193,0.9999863505363464,0.4991893172264099,0.347591757774353,-0.8601551055908203,0.9999843239784241,0.46545037627220154,0.3468286991119385,-0.8560745716094971,0.9999868273735046,0.45812153816223145,0.3460409641265869,-0.856236457824707,0.9999850392341614,0.45183220505714417,0.3452416658401489,-0.8562807440757751,0.9999847412109375,0.5107966065406799,0.3487371504306793,-0.6423417925834656,0.9999808669090271,0.4437912106513977,0.346447616815567,-0.6270840167999268,0.9999815225601196,0.487676739692688,0.36267340183258057,-0.7973586320877075,0.9999905228614807,0.46204063296318054,0.36128345131874084,-0.7933574318885803,0.9999915957450867,0.5501587390899658,0.3844301700592041,-0.457467645406723,0.9999290704727173,0.3962370455265045,0.38359642028808594,-0.447803795337677,0.9999284744262695,0.5921568274497986,0.4366776645183563,-0.7631127238273621,0.9930506348609924,0.34746938943862915,0.4337445795536041,-0.759244441986084,0.978381872177124,0.5225345492362976,0.38546645641326904,-1.1428313255310059,0.9848560690879822,0.42356058955192566,0.3947600722312927,-1.1473102569580078,0.9687883853912354,0.5067052245140076,0.3731931746006012,-1.2204246520996094,0.9553450345993042,0.44614821672439575,0.37879306077957153,-1.2252957820892334,0.9292272329330444,0.5047246217727661,0.3702605068683624,-1.1797717809677124,0.95267653465271,0.44582462310791016,0.3768409192562103,-1.1850582361221313,0.9223199486732483,0.5052744150161743,0.3748546540737152,-1.1344232559204102,0.9202053546905518,0.44367220997810364,0.38166266679763794,-1.1386661529541016,0.8832070827484131,0.51642245054245,0.4582141935825348,0.0008169317152351141,0.9996474385261536,0.42264193296432495,0.456277072429657,-0.0010327087948098779,0.9996770024299622,0.5531647801399231,0.5314967036247253,-0.3512016832828522,0.9947574734687805,0.3884357511997223,0.5252301096916199,-0.3860422968864441,0.9958954453468323,0.5379455089569092,0.6028276681900024,-0.07161170244216919,0.9943532347679138,0.3865991532802582,0.6011784672737122,-0.0775555893778801,0.9963442087173462,0.5221139788627625,0.6154900193214417,-0.05936359614133835,0.9436967372894287,0.3999796509742737,0.614582359790802,-0.0623127743601799,0.939799427986145,0.5642194747924805,0.6289547085762024,-0.3096040189266205,0.9898883104324341,0.3609621524810791,0.626795768737793,-0.31553733348846436,0.9920485615730286
160,squat,0,0.47539016604423523,0.36721134185791016,-0.9549710154533386,0.9999939203262329,0.48738834261894226,0.3595649302005768,-0.9309257864952087,0.9999887347221375,0.4938930571079254,0.3592032790184021,-0.9308485984802246,0.9999872446060181,0.4993157982826233,0.3589392900466919,-0.931034505367279,0.9999852776527405,0.46641096472740173,0.35923299193382263,-0.9287818074226379,0.999987781047821,0.4590218961238861,0.3585938811302185,-0.9289334416389465,0.9999861717224121,0.45251038670539856,0.35811126232147217,-0.9289469122886658,0.9999858736991882,0.5109556913375854,0.35960960388183594,-0.7081314921379089,0.9999819993972778,0.4441279172897339,0.35847553610801697,-0.701025128364563,0.9999831318855286,0.48816293478012085,0.37410062551498413,-0.8646947145462036,0.9999910593032837,0.46299707889556885,0.37347161769866943,-0.8629750609397888,0.9999921917915344,0.5502398610115051,0.39495715498924255,-0.5071015357971191,0.9999274611473083,0.3960193693637848,0.3944171369075775,-0.5063537955284119,0.9999334216117859,0.591565728187561,0.4485950767993927,-0.8149105906486511,0.9932594299316406,0.34735995531082153,0.4458044171333313,-0.8213059902191162,0.9801163673400879,0.521679162979126,0.39922937750816345,-1.2069987058639526,0.9851725101470947,0.423481285572052,0.40673282742500305,-1.20449960231781,0.9705772995948792,0.5073826909065247,0.38689687848091125,-1.2874202728271484,0.9553819298744202,0.4456154704093933,0.39933639764785767,-1.2823865413665771,0.9314686059951782,0.5048960447311401,0.38402560353279114,-1.2437198162078857,0.9519637227058411,0.4469151496887207,0.38924503326416016,-1.2419369220733643,0.9235946536064148,0.5050013065338135,0.388614684343338,-1.1979268789291382,0.9171885251998901,0.4434691071510315,0.39588356018066406,-1.1956701278686523,0.8826319575309753,0.5164915323257446,0.4634871184825897,0.004859483800828457,0.999663770198822,0.42271849513053894,0.4615708291530609,-0.00503143947571516,0.9996973276138306,0.5577434301376343,0.5326626896858215,-0.39760756492614746,0.9942411780357361,0.38499876856803894,0.5259554386138916,-0.4284221827983856,0.9956587553024292,0.5385085344314575,0.6030963659286499,-0.09761480987071991,0.9936707019805908,0.3865664303302765,0.6010792851448059,-0.10131506621837616,0.9962312579154968,0.5222622156143188,0.6155329346656799,-0.0835881158709526,0.9438769221305847,0.3998863697052002,0.6143963932991028,-0.08448300510644913,0.9401152729988098,0.5657776594161987,0.6292174458503723,-0.3376317322254181,0.988879919052124,0.36096909642219543,0.6268940567970276,-0.3407469093799591,0.991693913936615
161,squat,0,0.4755118787288666,0.37293896079063416,-0.9826338887214661,0.9999942779541016,0.4874403774738312,0.3657721281051636,-0.9573171734809875,0.9999892711639404,0.49398455023765564,0.3655417859554291,-0.9572427868843079,0.9999878406524658,0.4993790090084076,0.36540135741233826,-0.9574294090270996,0.9999856948852539,0.46662622690200806,0.36509236693382263,-0.9548860788345337,0.9999884963035583,0.4592706263065338,0.36442843079566956,-0.9550525546073914,0.9999871253967285,0.4527221620082855,0.36387717723846436,-0.9550624489784241,0.9999867677688599,0.5110108256340027,0.3667786121368408,-0.7345132827758789,0.9999826550483704,0.4441972076892853,0.36459437012672424,-0.7261890172958374,0.9999845623970032,0.48819592595100403,0.38034147024154663,-0.8931100964546204,0.9999913573265076,0.46303486824035645,0.3792343735694885,-0.891074538230896,0.9999926686286926,0.5503023862838745,0.40174543857574463,-0.5408857464790344,0.9999207854270935,0.39512571692466736,0.4006827175617218,-0.5363115668296814,0.9999377131462097,0.5912379026412964,0.45522356033325195,-0.8665339350700378,0.9934319257736206,0.3475426435470581,0.45181310176849365,-0.8741753101348877,0.9816972017288208,0.5205656290054321,0.4050491750240326,-1.2446978092193604,0.9853188991546631,0.42825761437416077,0.41066524386405945,-1.2571858167648315,0.9722380042076111,0.5073521137237549,0.39310842752456665,-1.3216679096221924,0.9548065662384033,0.4545545279979706,0.39567938446998596,-1.3349721431732178,0.9334705471992493,0.5047203898429871,0.39031681418418884,-1.274340033531189,0.9502773284912109,0.45272085070610046,0.392230361700058,-1.2873313426971436,0.9243802428245544,0.5044545531272888,0.3949127495288849,-1.2339637279510498,0.9120890498161316,0.44716888666152954,0.39919066429138184,-1.245663046836853,0.8809497952461243,0.5165429711341858,0.46788549423217773,0.005766976624727249,0.9996762871742249,0.4223475754261017,0.4661230444908142,-0.005909295752644539,0.9997164011001587,0.5598055720329285,0.5340198278427124,-0.44917580485343933,0.9935091733932495,0.38246509432792664,0.527319610118866,-0.48976853489875793,0.9953790903091431,0.5385125875473022,0.6043721437454224,-0.14655601978302002,0.9926859736442566,0.3865693509578705,0.6019734740257263,-0.1578439623117447,0.9961563944816589,0.5221179723739624,0.6163972616195679,-0.1330983191728592,0.9438032507896423,0.39978012442588806,0.615615725517273,-0.14132674038410187,0.9413832426071167,0.5680432319641113,0.6292974948883057,-0.39203912019729614,0.9875661134719849,0.35947901010513306,0.6268945336341858,-0.4031681716442108,0.9914314150810242
162,squat,0,0.47566431760787964,0.37945690751075745,-1.0165351629257202,0.9999947547912598,0.48755067586898804,0.37231820821762085,-0.9921203255653381,0.9999900460243225,0.4940079152584076,0.3720593750476837,-0.9920380115509033,0.9999887347221375,0.49948200583457947,0.37183067202568054,-0.9922156929969788,0.9999865293502808,0.46687495708465576,0.37169110774993896,-0.9886906743049622,0.99998939037323,0.4595116674900055,0.37099993228912354,-0.9888725876808167,0.9999881982803345,0.4529426395893097,0.37040814757347107,-0.9888761043548584,0.9999878406524658,0.5112993121147156,0.37282419204711914,-0.7691399455070496,0.9999838471412659,0.444280207157135,0.37071493268013,-0.7566089630126953,0.9999859929084778,0.48823246359825134,0.38736259937286377,-0.9267753958702087,0.9999919533729553,0.4630531072616577,0.3861331045627594,-0.9235175848007202,0.9999932646751404,0.5503365993499756,0.40686655044555664,-0.5723478198051453,0.9999203681945801,0.3946484923362732,0.4054446220397949,-0.5608184337615967,0.9999424815177917,0.5912063717842102,0.46118301153182983,-0.9073283672332764,0.9936920404434204,0.3476492464542389,0.4574463665485382,-0.9026012420654297,0.9832298755645752,0.521099865436554,0.41064387559890747,-1.2940300703048706,0.9857833981513977,0.42854559421539307,0.4173806607723236,-1.2916713953018188,0.9740288853645325,0.5078399777412415,0.3986656367778778,-1.3722623586654663,0.9554594159126282,0.45366209745407104,0.40117746591567993,-1.3700706958770752,0.9362202286720276,0.5052012205123901,0.39627042412757874,-1.3247367143630981,0.9501495957374573,0.45345157384872437,0.3983854651451111,-1.3201295137405396,0.9262433052062988,0.5049155354499817,0.40063220262527466,-1.283402681350708,0.9095191359519958,0.44776561856269836,0.40508031845092773,-1.2791001796722412,0.8810397982597351,0.5172122120857239,0.4715965688228607,0.005111902952194214,0.9996910095214844,0.4222842752933502,0.46971598267555237,-0.00524521479383111,0.9997355341911316,0.561494767665863,0.5348036885261536,-0.47943007946014404,0.9929835796356201,0.3794548809528351,0.5276607871055603,-0.5149474143981934,0.995204508304596,0.5388316512107849,0.6045101881027222,-0.1454850733280182,0.9919180870056152,0.3865675628185272,0.6020976901054382,-0.15836487710475922,0.996161699295044,0.5227572321891785,0.616418719291687,-0.12921138107776642,0.9439685344696045,0.39977124333381653,0.6158098578453064,-0.13953816890716553,0.9431334733963013,0.5694624185562134,0.6294247508049011,-0.38773465156555176,0.986561119556427,0.35923540592193604,0.6270720958709717,-0.4005819857120514,0.9913285970687866
163,squat,0,0.47594496607780457,0.3848787546157837,-1.0832592248916626,0.9999950528144836,0.48797670006752014,0.37764549255371094,-1.0565531253814697,0.9999904036521912,0.4942558705806732,0.3773437440395355,-1.0564939975738525,0.9999893307685852,0.49983301758766174,0.37707433104515076,-1.0566738843917847,0.9999865889549255,0.4670875072479248,0.37713783979415894,-1.0529611110687256,0.999989926815033,0.4596623182296753,0.37635448575019836,-1.0531595945358276,0.9999890327453613,0.45308756828308105,0.37566667795181274,-1.0531591176986694,0.9999885559082031,0.5117665529251099,0.37779009342193604,-0.8237370848655701,0.9999845027923584,0.4443526268005371,0.3754720985889435,-0.810876190662384,0.9999872446060181,0.4883977770805359,0.3925611078739166,-0.9904984831809998,0.9999923706054688,0.4630878269672394,0.3913643956184387,-0.9871918559074402,0.9999937415122986,0.5506986975669861,0.41212719678878784,-0.6250036358833313,0.9999200105667114,0.3940703570842743,0.41033974289894104,-0.6095208525657654,0.999946653842926,0.5912830829620361,0.466033011674881,-0.9942911267280579,0.9939661622047424,0.3478124439716339,0.46244320273399353,-0.9825000166893005,0.9846352934837341,0.5215651392936707,0.41625916957855225,-1.396242618560791,0.9862274527549744,0.4314817786216736,0.42064428329467773,-1.3919987678527832,0.9757219552993774,0.5082198977470398,0.40370771288871765,-1.4769748449325562,0.9562875032424927,0.4556713104248047,0.40427443385124207,-1.4760407209396362,0.9391494989395142,0.505580723285675,0.401529461145401,-1.4280035495758057,0.9500695466995239,0.4558417797088623,0.40219512581825256,-1.4186068773269653,0.9282905459403992,0.5053265690803528,0.40567758679389954,-1.3858004808425903,0.9064987897872925,0.45074379444122314,0.40831905603408813,-1.3773088455200195,0.8809171915054321,0.5172336101531982,0.4743124842643738,0.004897524137049913,0.9997052550315857,0.4219435453414917,0.472897469997406,-0.005021730437874794,0.999752402305603,0.5628716349601746,0.533990740776062,-0.5889118313789368,0.9918874502182007,0.3765179216861725,0.5279094576835632,-0.6305389404296875,0.9946650862693787,0.5393157005310059,0.6045011878013611,-0.25656449794769287,0.9902942776679993,0.3864728808403015,0.601996123790741,-0.2763991355895996,0.9960662126541138,0.5236458778381348,0.6164002418518066,-0.24186763167381287,0.9416748285293579,0.39966699481010437,0.6157944202423096,-0.25892940163612366,0.944316029548645,0.5696486830711365,0.6297740936279297,-0.5210927724838257,0.9848222732543945,0.35929813981056213,0.6270818114280701,-0.5364598631858826,0.9910746216773987
164,squat,0,0.4760206639766693,0.38995081186294556,-1.0944219827651978,0.9999952912330627,0.48811832070350647,0.38251838088035583,-1.0663892030715942,0.9999906420707703,0.49440428614616394,0.38200774788856506,-1.0663418769836426,0.9999897480010986,0.5000401735305786,0.381499707698822,-1.0665204524993896,0.9999862313270569,0.4671207368373871,0.38226795196533203,-1.0616793632507324,0.9999902844429016,0.45970186591148376,0.38145214319229126,-1.0618776082992554,0.9999896883964539,0.45312774181365967,0.38073474168777466,-1.0618821382522583,0.9999890923500061,0.5122017860412598,0.38144856691360474,-0.8341073393821716,0.9999849796295166,0.4443969428539276,0.3803362250328064,-0.8164979815483093,0.999988317489624,0.488431841135025,0.3973897695541382,-1.002895474433899,0.9999927282333374,0.46331220865249634,0.3968598246574402,-0.9981605410575867,0.999994158744812,0.5532451868057251,0.417237251996994,-0.641879677772522,0.9999189376831055,0.39391788840293884,0.41483813524246216,-0.6208322048187256,0.9999502897262573,0.5913436412811279,0.471162885427475,-1.0197808742523193,0.9942786693572998,0.34789004921913147,0.46704432368278503,-1.0038025379180908,0.9859107136726379,0.5219957828521729,0.4208488166332245,-1.4170085191726685,0.9868924021720886,0.43071022629737854,0.4257173538208008,-1.4205942153930664,0.9773966073989868,0.5084854960441589,0.40771758556365967,-1.4976431131362915,0.9579199552536011,0.45500266551971436,0.4087362587451935,-1.5063462257385254,0.9423741102218628,0.5058513879776001,0.40545231103897095,-1.4492318630218506,0.9511209726333618,0.456087201833725,0.40661317110061646,-1.4464945793151855,0.9308581948280334,0.5056270956993103,0.40955525636672974,-1.4066609144210815,0.905831515789032,0.4513072371482849,0.4126257300376892,-1.4053223133087158,0.8820476531982422,0.5173443555831909,0.47709834575653076,0.004766109399497509,0.9997186064720154,0.4217742681503296,0.4752906262874603,-0.004885029047727585,0.9997690320014954,0.5649648904800415,0.5334845781326294,-0.6286340951919556,0.9898449182510376,0.3752550780773163,0.5277083516120911,-0.6727390885353088,0.9938086867332458,0.5393726825714111,0.6047099232673645,-0.29332423210144043,0.9872034192085266,0.38615161180496216,0.6019858121871948,-0.31727468967437744,0.9958739280700684,0.5236274600028992,0.6165902614593506,-0.2784115970134735,0.9383202791213989,0.39930325746536255,0.6157932281494141,-0.2996331453323364,0.9453297257423401,0.570306122303009,0.6300144791603088,-0.557242214679718,0.9817625284194946,0.3581964671611786,0.6270599961280823,-0.5764471888542175,0.990557074546814
165,squat,0,0.4759847819805145,0.39756810665130615,-1.1096981763839722,0.9999947547912598,0.4881994128227234,0.39056396484375,-1.081377625465393,0.9999880790710449,0.49447688460350037,0.39015763998031616,-1.0813575983047485,0.9999880790710449,0.5001139640808105,0.38976719975471497,-1.0815495252609253,0.9999790191650391,0.46707597374916077,0.3902079164981842,-1.076942801475525,0.9999881386756897,0.4596484899520874,0.3895256221294403,-1.0771384239196777,0.9999889731407166,0.45315316319465637,0.3888207674026489,-1.0771509408950806,0.9999873638153076,0.5127571225166321,0.3898673355579376,-0.8439396619796753,0.9999821186065674,0.4444409906864166,0.3882293701171875,-0.8271313309669495,0.9999887347221375,0.48849883675575256,0.4047752618789673,-1.0161248445510864,0.9999921917915344,0.46331021189689636,0.40384238958358765,-1.0117048025131226,0.9999940991401672,0.5560041069984436,0.4249504506587982,-0.6495586037635803,0.999909520149231,0.3937801718711853,0.4221858084201813,-0.6301138401031494,0.9999524354934692,0.5918564796447754,0.47988197207450867,-1.0384339094161987,0.9943849444389343,0.3484331965446472,0.474404901266098,-1.01443612575531,0.9869312644004822,0.5223743915557861,0.4290739595890045,-1.4419025182724,0.9867417216300964,0.43061432242393494,0.4330250918865204,-1.4339951276779175,0.9786221385002136,0.5089121460914612,0.4152488112449646,-1.5227084159851074,0.9569153189659119,0.45604825019836426,0.41607391834259033,-1.5202720165252686,0.9445651769638062,0.506007194519043,0.41298332810401917,-1.4747023582458496,0.94843590259552,0.4576050043106079,0.41442468762397766,-1.460047721862793,0.9319613575935364,0.5057013034820557,0.41834354400634766,-1.432235598564148,0.896872878074646,0.4526093304157257,0.42108291387557983,-1.4186275005340576,0.8796406984329224,0.5172736048698425,0.48536548018455505,0.004966889973729849,0.999726414680481,0.41996341943740845,0.48330605030059814,-0.005059934686869383,0.9997827410697937,0.566897988319397,0.530227780342102,-0.6830326914787292,0.9882638454437256,0.3706327974796295,0.5263523459434509,-0.7290088534355164,0.9929834604263306,0.5393306612968445,0.6047582030296326,-0.3379094898700714,0.984372615814209,0.38515397906303406,0.6017981767654419,-0.3620607554912567,0.9958140850067139,0.5235909223556519,0.6167154312133789,-0.32221370935440063,0.9363183975219727,0.3990309238433838,0.6157980561256409,-0.34354740381240845,0.9470753073692322,0.5711985230445862,0.629999041557312,-0.6086418032646179,0.979464590549469,0.35683923959732056,0.6270068287849426,-0.6305112838745117,0.9904082417488098
166,squat,0,0.4756193459033966,0.402047336101532,-1.0949575901031494,0.9999950528144836,0.4882541298866272,0.3950202167034149,-1.0668394565582275,0.9999885559082031,0.49465426802635193,0.3947206735610962,-1.06680166721344,0.9999887347221375,0.5004857182502747,0.39437922835350037,-1.0669749975204468,0.9999791979789734,0.46675264835357666,0.39405643939971924,-1.0617707967758179,0.9999886155128479,0.45934098958969116,0.3932482898235321,-1.0619497299194336,0.9999896883964539,0.4530581831932068,0.39236098527908325,-1.061937689781189,0.9999879598617554,0.5135722756385803,0.3939531743526459,-0.8344649076461792,0.999983012676239,0.4442654252052307,0.3912138342857361,-0.8149669766426086,0.9999896883964539,0.48850804567337036,0.40998879075050354,-1.0039314031600952,0.9999926686286926,0.46249663829803467,0.4083046615123749,-0.9986584186553955,0.9999945163726807,0.5583704710006714,0.42754197120666504,-0.6489690542221069,0.9999117255210876,0.3938237428665161,0.4262599050998688,-0.6296738386154175,0.9999555945396423,0.5921306014060974,0.4840891361236572,-1.038509488105774,0.9946430325508118,0.34874123334884644,0.47801920771598816,-1.0194687843322754,0.9879719614982605,0.5233422517776489,0.43315640091896057,-1.4305779933929443,0.9873806834220886,0.4313161075115204,0.4373392164707184,-1.432003140449524,0.9801157116889954,0.509540319442749,0.42051878571510315,-1.5105969905853271,0.9583883881568909,0.45665180683135986,0.4211132526397705,-1.5173531770706177,0.9477074146270752,0.5073843002319336,0.41797617077827454,-1.4625858068466187,0.9493944048881531,0.45815739035606384,0.4193911552429199,-1.4548053741455078,0.9346997737884521,0.5073029398918152,0.42196834087371826,-1.4207923412322998,0.8961012363433838,0.45383310317993164,0.42459166049957275,-1.4156372547149658,0.8810103535652161,0.517215371131897,0.4879874289035797,0.004897246137261391,0.9997415542602539,0.41987723112106323,0.4858066439628601,-0.004990425892174244,0.9997988939285278,0.5683838129043579,0.5282005667686462,-0.6814370155334473,0.986630916595459,0.3682202994823456,0.524500846862793,-0.7060879468917847,0.9920996427536011,0.5394405126571655,0.6042227149009705,-0.33515992760658264,0.9809202551841736,0.38475099205970764,0.6016063094139099,-0.3527657091617584,0.9957437515258789,0.5235865116119385,0.6167030930519104,-0.31790587306022644,0.9348762631416321,0.3989715278148651,0.6157476305961609,-0.3342950642108917,0.9484226107597351,0.572029173374176,0.6299940347671509,-0.5923085808753967,0.9774031639099121,0.3556869328022003,0.6270138621330261,-0.6100280284881592,0.990317165851593
167,squat,0,0.47565412521362305,0.406901091337204,-1.0975677967071533,0.9999953508377075,0.48872750997543335,0.40007248520851135,-1.0711272954940796,0.9999890327453613,0.49520912766456604,0.3997882008552551,-1.071079134941101,0.9999893307685852,0.5012253522872925,0.3994086980819702,-1.0712579488754272,0.9999793767929077,0.4667890965938568,0.39914804697036743,-1.0663964748382568,0.9999891519546509,0.45936229825019836,0.3983578681945801,-1.0665684938430786,0.9999904036521912,0.4531504511833191,0.39744657278060913,-1.0665512084960938,0.9999885559082031,0.5144826769828796,0.39858248829841614,-0.843113362789154,0.9999838471412659,0.44428741931915283,0.39600884914398193,-0.8252556324005127,0.9999905824661255,0.48854193091392517,0.41525474190711975,-1.0076096057891846,0.9999932050704956,0.46241146326065063,0.4134122133255005,-1.0028488636016846,0.9999949336051941,0.5593319535255432,0.4318443834781647,-0.6563836932182312,0.9999136328697205,0.3936997652053833,0.4305586516857147,-0.633788526058197,0.9999588131904602,0.5924481153488159,0.4869022071361542,-1.0373637676239014,0.9948505163192749,0.3488011658191681,0.4818064868450165,-1.010332465171814,0.9888608455657959,0.5235483646392822,0.43687400221824646,-1.4229826927185059,0.9878547191619873,0.4290883243083954,0.4442846179008484,-1.4157854318618774,0.981278657913208,0.5096670985221863,0.42470186948776245,-1.5016844272613525,0.9595571160316467,0.4564773738384247,0.42608150839805603,-1.4990768432617188,0.9500787258148193,0.5083238482475281,0.4221789538860321,-1.4537347555160522,0.9500108361244202,0.45728573203086853,0.42450347542762756,-1.4395297765731812,0.9365556836128235,0.5084502696990967,0.42590630054473877,-1.4128503799438477,0.8948967456817627,0.45302510261535645,0.4300871789455414,-1.4003947973251343,0.88120436668396,0.5172327756881714,0.4905818700790405,0.004771598614752293,0.9997545480728149,0.4199218451976776,0.48860612511634827,-0.004861935041844845,0.9998131394386292,0.5683939456939697,0.5269799828529358,-0.6835529208183289,0.9855664968490601,0.36608415842056274,0.5230141878128052,-0.7028021812438965,0.9911982417106628,0.5394917726516724,0.6042217016220093,-0.3524834215641022,0.9785909652709961,0.38468801975250244,0.6016913652420044,-0.36670365929603577,0.9956629276275635,0.5236415266990662,0.6167214512825012,-0.33651286363601685,0.9333043098449707,0.39877045154571533,0.6157310605049133,-0.34973716735839844,0.9494197964668274,0.5717917680740356,0.6297056674957275,-0.6102029085159302,0.9759896397590637,0.3550119996070862,0.6267293691635132,-0.6240528225898743,0.9902308583259583
168,squat,0,0.4758484959602356,0.41079095005989075,-1.0881932973861694,0.9999954700469971,0.48890241980552673,0.404084175825119,-1.0638242959976196,0.9999891519546509,0.49532097578048706,0.4036608040332794,-1.0637719631195068,0.9999896883964539,0.5014128684997559,0.4031338393688202,-1.0639562606811523,0.9999788403511047,0.4668431282043457,0.4032618999481201,-1.0596779584884644,0.9999892115592957,0.45940524339675903,0.40246114134788513,-1.059837818145752,0.9999908208847046,0.453243225812912,0.4015573263168335,-1.0598118305206299,0.9999887347221375,0.5149134397506714,0.40213945508003235,-0.8386596441268921,0.9999843239784241,0.444306343793869,0.40033137798309326,-0.8224329352378845,0.9999912977218628,0.48861509561538696,0.41881200671195984,-0.9981095790863037,0.999993622303009,0.4624462127685547,0.41756778955459595,-0.9938253164291382,0.9999952912330627,0.5601016879081726,0.43419089913368225,-0.6518912315368652,0.9999172687530518,0.39372310042381287,0.43265512585639954,-0.6308452486991882,0.9999613761901855,0.5924645662307739,0.4897611439228058,-1.0336275100708008,0.9950723648071289,0.3495560884475708,0.48393645882606506,-1.0028892755508423,0.9896643757820129,0.5236489772796631,0.44006556272506714,-1.4129606485366821,0.9883118271827698,0.4326256215572357,0.443101704120636,-1.3945893049240112,0.9822899699211121,0.509767472743988,0.4277147650718689,-1.4885684251785278,0.9604213237762451,0.4586079716682434,0.42678892612457275,-1.4741524457931519,0.9518787264823914,0.508665919303894,0.4251805245876312,-1.4373149871826172,0.9502841830253601,0.4605005383491516,0.42477792501449585,-1.4123948812484741,0.9376493692398071,0.5088859796524048,0.4290880560874939,-1.4011671543121338,0.8932802677154541,0.4561309814453125,0.42992502450942993,-1.3776320219039917,0.8801027536392212,0.517117440700531,0.4940631687641144,0.0041300272569060326,0.9997620582580566,0.4199736416339874,0.492322713136673,-0.004242490977048874,0.9998236298561096,0.5680645704269409,0.5256587266921997,-0.6895591616630554,0.984527587890625,0.36540618538856506,0.5219618678092957,-0.7073422074317932,0.9903563857078552,0.5394941568374634,0.6042224168777466,-0.3551875352859497,0.9764368534088135,0.3845612704753876,0.601686954498291,-0.3660098612308502,0.9955318570137024,0.523633599281311,0.6167031526565552,-0.33816415071487427,0.930588960647583,0.3986954092979431,0.6154283881187439,-0.34745216369628906,0.9498602747917175,0.571671187877655,0.6296238899230957,-0.6067196726799011,0.9746217131614685,0.3551064133644104,0.626405656337738,-0.6149419546127319,0.9900733828544617
169,squat,0,0.47672826051712036,0.4166398048400879,-1.0607280731201172,0.9999955296516418,0.4897708594799042,0.4097374677658081,-1.0354477167129517,0.9999892115592957,0.4961921274662018,0.4093645215034485,-1.035395860671997,0.999989926815033,0.5023279786109924,0.4089449942111969,-1.0355734825134277,0.9999783039093018,0.4674280881881714,0.40904688835144043,-1.0314135551452637,0.9999890923500061,0.45972442626953125,0.40825507044792175,-1.0315741300582886,0.9999911189079285,0.4534585475921631,0.40750399231910706,-1.0315570831298828,0.9999886751174927,0.5154885649681091,0.408516526222229,-0.8124720454216003,0.9999847412109375,0.44432780146598816,0.4064283072948456,-0.7967084050178528,0.9999918937683105,0.4892146587371826,0.424710214138031,-0.9701897501945496,0.9999939799308777,0.46307608485221863,0.4233223497867584,-0.9660532474517822,0.9999955296516418,0.5611218214035034,0.43990179896354675,-0.627607524394989,0.9999220371246338,0.3937741816043854,0.43892112374305725,-0.6108927130699158,0.9999638795852661,0.5924375653266907,0.497793585062027,-0.9976187348365784,0.9952206611633301,0.3495699167251587,0.4913093149662018,-0.971051812171936,0.9904596209526062,0.5236597061157227,0.4462357461452484,-1.3706992864608765,0.9887055158615112,0.4363611042499542,0.4463302195072174,-1.381630301475525,0.9833927154541016,0.5099253058433533,0.43444716930389404,-1.4460335969924927,0.9608486890792847,0.4599326252937317,0.4316973388195038,-1.4332576990127563,0.9537995457649231,0.5091073513031006,0.4319535493850708,-1.4008327722549438,0.9500320553779602,0.46156367659568787,0.42966821789741516,-1.3566762208938599,0.9390882253646851,0.5092133283615112,0.43563899397850037,-1.358966588973999,0.8909860849380493,0.457554429769516,0.43481212854385376,-1.3514741659164429,0.8800130486488342,0.5159761309623718,0.4979170560836792,0.0038439619820564985,0.9997752904891968,0.4198562800884247,0.496908575296402,-0.003969524055719376,0.9998354911804199,0.5675991773605347,0.5260235071182251,-0.7040234208106995,0.9836328029632568,0.3631793260574341,0.5217563509941101,-0.6906387805938721,0.9893625974655151,0.5396199822425842,0.604219913482666,-0.3724258244037628,0.9746514558792114,0.38446688652038574,0.6016986966133118,-0.35702818632125854,0.9953652024269104,0.5236766934394836,0.616469144821167,-0.3541889786720276,0.9293307662010193,0.39868664741516113,0.6151111125946045,-0.3384210169315338,0.9503169059753418,0.5718823075294495,0.6296234726905823,-0.6137131452560425,0.9739844799041748,0.35503894090652466,0.6264298558235168,-0.5986667275428772,0.9899811744689941
170,squat,0,0.4765670895576477,0.4203450679779053,-1.051646113395691,0.9999957084655762,0.48978716135025024,0.4134063124656677,-1.0260424613952637,0.9999895095825195,0.4962117075920105,0.41303005814552307,-1.0259923934936523,0.9999904036521912,0.5023391246795654,0.4125877916812897,-1.0261688232421875,0.9999786019325256,0.46737122535705566,0.41261595487594604,-1.0221110582351685,0.99998939037323,0.4597005248069763,0.41179555654525757,-1.0222749710083008,0.9999915957450867,0.45346418023109436,0.41088080406188965,-1.0222643613815308,0.9999890327453613,0.5156658887863159,0.4120173156261444,-0.8050812482833862,0.99998539686203,0.4443718194961548,0.40953007340431213,-0.7876837849617004,0.9999924898147583,0.48915308713912964,0.42804762721061707,-0.961198627948761,0.9999943375587463,0.46293777227401733,0.42667028307914734,-0.9568836688995361,0.9999958276748657,0.5619024634361267,0.44441694021224976,-0.6270911693572998,0.9999256730079651,0.39406800270080566,0.4418392479419708,-0.6070311069488525,0.9999662637710571,0.5919206142425537,0.5021621584892273,-1.0047338008880615,0.9954085350036621,0.3495745360851288,0.4956497251987457,-0.9736731648445129,0.9911675453186035,0.5237131714820862,0.4492299556732178,-1.3745605945587158,0.9891855120658875,0.4353943169116974,0.45111438632011414,-1.3536150455474854,0.9843160510063171,0.5099491477012634,0.436764657497406,-1.4475047588348389,0.9618092179298401,0.4592303931713104,0.4349275529384613,-1.4230049848556519,0.9551833868026733,0.5092463493347168,0.43435657024383545,-1.3935832977294922,0.9506295323371887,0.4616917669773102,0.4328867793083191,-1.355603814125061,0.9396998882293701,0.5094265937805176,0.4380803406238556,-1.3606643676757812,0.8899863958358765,0.45720458030700684,0.4384823143482208,-1.3334203958511353,0.8779257535934448,0.515602707862854,0.5013277530670166,0.0030969337094575167,0.9997872114181519,0.4199340045452118,0.5002386569976807,-0.003234719391912222,0.9998468160629272,0.567312479019165,0.5261821150779724,-0.7028433084487915,0.9829176664352417,0.36083871126174927,0.521897554397583,-0.7050492763519287,0.9887025952339172,0.5394754409790039,0.6042273640632629,-0.3657618463039398,0.9733502864837646,0.3844664394855499,0.601710319519043,-0.35923317074775696,0.9953184723854065,0.5236597657203674,0.6163845658302307,-0.34733548760414124,0.9290792346000671,0.39869314432144165,0.6148755550384521,-0.3394310474395752,0.9515796899795532,0.5719212293624878,0.6290507316589355,-0.6069142818450928,0.9736006259918213,0.35428622364997864,0.6261053681373596,-0.5982305407524109,0.9900830984115601
171,squat,0,0.4765692949295044,0.4249183237552643,-1.0312355756759644,0.9999957084655762,0.48987841606140137,0.4179477095603943,-1.0098127126693726,0.9999892115592957,0.49631667137145996,0.41760703921318054,-1.0097382068634033,0.9999904036521912,0.5024194121360779,0.4171808362007141,-1.0099045038223267,0.9999773502349854,0.46737122535705566,0.416923463344574,-1.0057960748672485,0.9999890923500061,0.45969730615615845,0.4159587621688843,-1.005934476852417,0.9999917149543762,0.4534618556499481,0.41492345929145813,-1.0059109926223755,0.9999886155128479,0.5157238245010376,0.41671785712242126,-0.8013501167297363,0.9999853372573853,0.44439131021499634,0.413687527179718,-0.784873902797699,0.999992847442627,0.48911845684051514,0.43292510509490967,-0.9463595151901245,0.9999945163726807,0.4629259407520294,0.43136173486709595,-0.9419360160827637,0.9999959468841553,0.5616635680198669,0.44905510544776917,-0.6179076433181763,0.9999276399612427,0.3940436840057373,0.4453504979610443,-0.5991678237915039,0.9999679923057556,0.5907613039016724,0.506733775138855,-0.985370397567749,0.9954642057418823,0.34918585419654846,0.4998852610588074,-0.9588088393211365,0.9917365312576294,0.5237839221954346,0.45356300473213196,-1.3466830253601074,0.9894031286239624,0.4348814785480499,0.45407596230506897,-1.3138750791549683,0.9849565029144287,0.5100160837173462,0.44081664085388184,-1.4123272895812988,0.9617086052894592,0.45914363861083984,0.4378646910190582,-1.3817354440689087,0.9555555582046509,0.5092604756355286,0.43851202726364136,-1.3522661924362183,0.9497560858726501,0.4625217318534851,0.4356105625629425,-1.3162063360214233,0.9388959407806396,0.5095192193984985,0.4423403739929199,-1.328525185585022,0.885883629322052,0.4575098752975464,0.44126856327056885,-1.2931634187698364,0.8730593323707581,0.5150358080863953,0.5043187737464905,0.002904203487560153,0.9997947812080383,0.4199603796005249,0.5038313269615173,-0.003038749098777771,0.999855637550354,0.5670540928840637,0.526332676410675,-0.7022853493690491,0.9826755523681641,0.3594795763492584,0.5221042037010193,-0.6968759298324585,0.9882473349571228,0.539426863193512,0.6042267680168152,-0.34701043367385864,0.9727712869644165,0.3844645619392395,0.6022593975067139,-0.33776742219924927,0.9953760504722595,0.523654580116272,0.6158503890037537,-0.3264223337173462,0.929236888885498,0.39875301718711853,0.6150405406951904,-0.3166249990463257,0.9530544877052307,0.5701276659965515,0.6285290718078613,-0.5821855068206787,0.9737000465393066,0.35380855202674866,0.6260581612586975,-0.5740854740142822,0.9903232455253601
172,squat,0,0.4762691855430603,0.42865216732025146,-1.0081614255905151,0.9999955892562866,0.4898335039615631,0.4215161204338074,-0.987578809261322,0.9999884963035583,0.4962957501411438,0.42123064398765564,-0.9875062704086304,0.9999901056289673,0.502350926399231,0.4208783209323883,-0.9876698851585388,0.9999748468399048,0.467237651348114,0.420328825712204,-0.9834011793136597,0.9999881982803345,0.45963138341903687,0.41928064823150635,-0.9835364818572998,0.9999915361404419,0.4534398019313812,0.418221652507782,-0.9835163354873657,0.9999876022338867,0.5157162547111511,0.4202839434146881,-0.7814837694168091,0.9999846816062927,0.444405734539032,0.41676753759384155,-0.7642777562141418,0.9999929666519165,0.4887317419052124,0.4365358352661133,-0.9238125681877136,0.9999946355819702,0.4626884162425995,0.4350336194038391,-0.9193049669265747,0.9999960660934448,0.5614964962005615,0.45226773619651794,-0.6087960600852966,0.9999302625656128,0.39400753378868103,0.4479939043521881,-0.5918446779251099,0.9999696612358093,0.5883380174636841,0.5113753080368042,-0.9711771011352539,0.9953680038452148,0.3476986289024353,0.5033938884735107,-0.9436138868331909,0.9922311902046204,0.5238986015319824,0.45758146047592163,-1.3199450969696045,0.9895268082618713,0.4327673017978668,0.46220672130584717,-1.2870535850524902,0.9856055378913879,0.510086178779602,0.44488540291786194,-1.3876601457595825,0.9615551829338074,0.4568704664707184,0.44280654191970825,-1.355910062789917,0.956287145614624,0.5092637538909912,0.4419765770435333,-1.3291425704956055,0.949016809463501,0.46174341440200806,0.44059625267982483,-1.2925746440887451,0.9389550089836121,0.5095987319946289,0.44571709632873535,-1.303155541419983,0.8822548389434814,0.4563719630241394,0.44603410363197327,-1.267331600189209,0.8703513145446777,0.5142863988876343,0.5072973966598511,0.002819739980623126,0.9998044371604919,0.41995513439178467,0.5072302222251892,-0.002947762608528137,0.9998645186424255,0.5671981573104858,0.5265072584152222,-0.7231383919715881,0.9824774861335754,0.3587241768836975,0.5219402313232422,-0.7124729752540588,0.9877585172653198,0.539465606212616,0.6042618155479431,-0.34509190917015076,0.9726207256317139,0.3843497931957245,0.6023511290550232,-0.33211687207221985,0.9954487681388855,0.5237270593643188,0.6155400276184082,-0.3217189908027649,0.9297274351119995,0.39871519804000854,0.614899754524231,-0.308351993560791,0.9543672800064087,0.570121705532074,0.6283619403839111,-0.5753549337387085,0.9740324020385742,0.35520121455192566,0.6260620355606079,-0.5651516318321228,0.9905892014503479
173,squat,0,0.47599372267723083,0.4336174726486206,-1.0142276287078857,0.9999951720237732,0.48981204628944397,0.42643821239471436,-0.9996048808097839,0.9999869465827942,0.4963066279888153,0.4261910617351532,-0.999503493309021,0.9999891519546509,0.5023506879806519,0.4258910119533539,-0.9996671676635742,0.9999699592590332,0.4670439064502716,0.42523959279060364,-0.9967378973960876,0.9999862313270569,0.4594971835613251,0.42420247197151184,-0.996852457523346,0.9999908208847046,0.45334580540657043,0.423181414604187,-0.9968241453170776,0.99998539686203,0.5157158970832825,0.4255911409854889,-0.7955840229988098,0.9999831318855286,0.4441956877708435,0.421750009059906,-0.7826293706893921,0.999992847442627,0.4884308874607086,0.4416329860687256,-0.9316319227218628,0.9999945759773254,0.46252328157424927,0.4399537146091461,-0.9288667440414429,0.9999960064888,0.5613434314727783,0.45763030648231506,-0.6140556335449219,0.999932587146759,0.39366820454597473,0.45203131437301636,-0.6024177670478821,0.9999713897705078,0.5867246985435486,0.5166241526603699,-0.9806354641914368,0.9952218532562256,0.3452378213405609,0.507427990436554,-0.9486992359161377,0.9927317500114441,0.52507483959198,0.46427059173583984,-1.3383545875549316,0.9894962906837463,0.43177059292793274,0.46365201473236084,-1.2869271039962769,0.986275851726532,0.5102941989898682,0.4500737190246582,-1.4042620658874512,0.960509181022644,0.4529564678668976,0.4478670656681061,-1.3547786474227905,0.9569059014320374,0.5093940496444702,0.4470992088317871,-1.3356717824935913,0.9470524191856384,0.4586443603038788,0.4456121027469635,-1.2897616624832153,0.9388817548751831,0.5100020170211792,0.45134031772613525,-1.3183300495147705,0.8757118582725525,0.45352986454963684,0.45109713077545166,-1.2661826610565186,0.8668854236602783,0.5134900212287903,0.5097197890281677,0.0028228501323610544,0.9998118281364441,0.41964098811149597,0.5094618797302246,-0.0029466121923178434,0.9998721480369568,0.5677257180213928,0.5275911688804626,-0.7230820059776306,0.9817716479301453,0.35681700706481934,0.5214242935180664,-0.7090596556663513,0.9870083928108215,0.5394673943519592,0.6044172644615173,-0.3302798271179199,0.971248984336853,0.3838252127170563,0.6023394465446472,-0.32032278180122375,0.9953857064247131,0.5237264037132263,0.6154457926750183,-0.30658671259880066,0.9283233284950256,0.3984457552433014,0.6145169138908386,-0.30517926812171936,0.9546719193458557,0.5701161026954651,0.6283741593360901,-0.5656560659408569,0.973668098449707,0.3559727668762207,0.6260653138160706,-0.5535006523132324,0.990707278251648
174,squat,0,0.4754621386528015,0.44006314873695374,-1.0771912336349487,0.999995231628418,0.489065557718277,0.4328450858592987,-1.0589244365692139,0.9999868869781494,0.4957292079925537,0.4325956702232361,-1.0588157176971436,0.9999893307685852,0.5016422867774963,0.43230199813842773,-1.0589823722839355,0.9999690055847168,0.46633264422416687,0.4314787685871124,-1.0558393001556396,0.9999861121177673,0.459104061126709,0.43036144971847534,-1.0559831857681274,0.9999909996986389,0.45312750339508057,0.42929115891456604,-1.0559417009353638,0.9999851584434509,0.5148001909255981,0.43224573135375977,-0.8441322445869446,0.9999832510948181,0.44327664375305176,0.42692291736602783,-0.8316166400909424,0.9999931454658508,0.4876480996608734,0.447600781917572,-0.9886834621429443,0.9999948143959045,0.46239709854125977,0.445681631565094,-0.9856405854225159,0.9999961853027344,0.5591171979904175,0.4638504981994629,-0.6485167741775513,0.999935507774353,0.3922416865825653,0.46000564098358154,-0.6368324160575867,0.9999731183052063,0.5861886739730835,0.5231333374977112,-1.0074518918991089,0.9948872327804565,0.3440423607826233,0.5153020620346069,-0.9679772853851318,0.9932214617729187,0.5250934362411499,0.4696137309074402,-1.3768061399459839,0.9890461564064026,0.42491498589515686,0.47018611431121826,-1.2954013347625732,0.9868800640106201,0.5111366510391235,0.4541025459766388,-1.4474856853485107,0.9580873250961304,0.4426328241825104,0.4550769329071045,-1.3661819696426392,0.9574496150016785,0.5094068050384521,0.4507960379123688,-1.3890703916549683,0.9432244300842285,0.4484342336654663,0.452645480632782,-1.3035894632339478,0.9388889074325562,0.5100315809249878,0.45686113834381104,-1.3611714839935303,0.8656077980995178,0.4451291561126709,0.4589206576347351,-1.2762744426727295,0.8639461994171143,0.5133159160614014,0.5132099986076355,0.0030341665260493755,0.9998210072517395,0.41983762383461,0.5138050317764282,-0.00315188174135983,0.999880313873291,0.5720237493515015,0.5299600958824158,-0.7441172003746033,0.9812009334564209,0.35317501425743103,0.5226518511772156,-0.7187790870666504,0.9868443608283997,0.5396161079406738,0.6048632860183716,-0.31701675057411194,0.9702991247177124,0.3835492432117462,0.6025597453117371,-0.300112247467041,0.995492160320282,0.5236880779266357,0.6157039999961853,-0.28170931339263916,0.9277533292770386,0.39835596084594727,0.6144188642501831,-0.27174344658851624,0.9559793472290039,0.5710417628288269,0.6289076209068298,-0.5373654961585999,0.9737264513969421,0.35590609908103943,0.6262325048446655,-0.528434693813324,0.9910625219345093
175,squat,0,0.47519105672836304,0.4465159475803375,-1.1018445491790771,0.9999953508377075,0.4881412386894226,0.43954145908355713,-1.086893081665039,0.9999871253967285,0.49473509192466736,0.43909719586372375,-1.0867900848388672,0.9999896883964539,0.5007703900337219,0.43862056732177734,-1.0869628190994263,0.9999692440032959,0.4664049744606018,0.4387322664260864,-1.0849359035491943,0.9999863505363464,0.45943740010261536,0.43742644786834717,-1.0851068496704102,0.9999912977218628,0.45342710614204407,0.4362662732601166,-1.085086703300476,0.99998539686203,0.5130508542060852,0.4368828535079956,-0.8771228790283203,0.9999839067459106,0.44224873185157776,0.43307599425315857,-0.8685291409492493,0.9999935626983643,0.48651477694511414,0.4521707594394684,-1.0132650136947632,0.9999951124191284,0.46244117617607117,0.45088422298431396,-1.0112768411636353,0.9999964237213135,0.5569055080413818,0.4666372239589691,-0.6708499193191528,0.9999393820762634,0.3914836347103119,0.46426451206207275,-0.6603802442550659,0.9999749660491943,0.5859302878379822,0.5251028537750244,-1.0229663848876953,0.9943110346794128,0.3425290584564209,0.5188402533531189,-0.97260981798172,0.9936496615409851,0.5268800258636475,0.4740103781223297,-1.4133094549179077,0.9871500730514526,0.4132525324821472,0.47565773129463196,-1.299131989479065,0.9870821833610535,0.5102555155754089,0.4623936414718628,-1.4882032871246338,0.9514523148536682,0.4307209849357605,0.4604329466819763,-1.3666983842849731,0.9565282464027405,0.5095850229263306,0.4551425278186798,-1.4369481801986694,0.9340528845787048,0.4368795156478882,0.45759066939353943,-1.3130921125411987,0.9368859529495239,0.5103086233139038,0.460336297750473,-1.4010034799575806,0.8462497591972351,0.43489745259284973,0.4638059139251709,-1.281707525253296,0.8569344282150269,0.5131036043167114,0.5141801238059998,0.003004308557137847,0.9998325705528259,0.41987988352775574,0.5157040357589722,-0.003117966465651989,0.9998892545700073,0.5733736157417297,0.5320973992347717,-0.7568537592887878,0.9805707335472107,0.352830708026886,0.5252004265785217,-0.7236373424530029,0.9865512251853943,0.5398713946342468,0.6051186919212341,-0.32362842559814453,0.9694706201553345,0.38345322012901306,0.6026617288589478,-0.3087575137615204,0.9955463409423828,0.5236873030662537,0.616077184677124,-0.291568785905838,0.9273014664649963,0.39847856760025024,0.6146205067634583,-0.2796846628189087,0.9569985866546631,0.5716305375099182,0.6289076209068298,-0.5482551455497742,0.9738718271255493,0.35425013303756714,0.626562774181366,-0.5396577715873718,0.9913549423217773
254,squat,0,0.35451796650886536,0.35737890005111694,-0.07265791296958923,0.9999650716781616,0.35883399844169617,0.3476243019104004,-0.11033974587917328,0.9999691843986511,0.36186280846595764,0.3467538356781006,-0.11031737178564072,0.9999690651893616,0.3652653694152832,0.34579235315322876,-0.1103939339518547,0.9999766945838928,0.35549986362457275,0.3482470214366913,-0.05369960144162178,0.9999620914459229,0.3561932146549225,0.347858190536499,-0.053688742220401764,0.9999552369117737,0.35713768005371094,0.34735649824142456,-0.05365491658449173,0.9999619722366333,0.3878660500049591,0.34482231736183167,-0.17658363282680511,0.9999721050262451,0.3810318112373352,0.34560704231262207,0.07083837687969208,0.9999192953109741,0.37078484892845154,0.3624085485935211,-0.09258382022380829,0.9999687671661377,0.36534449458122253,0.3634774386882782,-0.020504185929894447,0.9999315142631531,0.4288909137248993,0.3803304135799408,-0.3393007516860962,0.9999703764915466,0.43195655941963196,0.38602665066719055,0.2858072519302368,0.999815046787262,0.3215552866458893,0.42046698927879333,-0.31662529706954956,0.9911988973617554,0.3424247205257416,0.4273360073566437,0.33269569277763367,0.503208339214325,0.23711681365966797,0.3882017135620117,-0.015593630261719227,0.9787463545799255,0.2486342191696167,0.3972429037094116,0.19010210037231445,0.5327271819114685,0.21730957925319672,0.38601866364479065,-0.038220278918743134,0.9629362225532532,0.22705547511577606,0.3937625288963318,0.17722128331661224,0.4799540340900421,0.22069807350635529,0.38112348318099976,-0.036855705082416534,0.9606923460960388,0.2302142232656479,0.3899664282798767,0.1557905077934265,0.46097320318222046,0.22884654998779297,0.3819481134414673,-0.0065669952891767025,0.9442801475524902,0.24094489216804504,0.3909602761268616,0.1727709174156189,0.44593170285224915,0.5366224050521851,0.48079612851142883,-0.20051632821559906,0.9998053312301636,0.5255711078643799,0.4804430305957794,0.20062389969825745,0.9995543956756592,0.37260720133781433,0.5337558388710022,-0.2197791486978531,0.9919906854629517,0.3802390396595001,0.5281769037246704,0.36943039298057556,0.5846521258354187,0.4915420711040497,0.6138413548469543,-0.12667939066886902,0.9926548004150391,0.4802534878253937,0.5948271155357361,0.6193492412567139,0.7550548911094666,0.5190765261650085,0.6246592998504639,-0.11547399312257767,0.9860532283782959,0.509644091129303,0.6082049012184143,0.6431838870048523,0.7783700823783875,0.4048222303390503,0.6305623054504395,-0.15600943565368652,0.9911577701568604,0.41948792338371277,0.6150513887405396,0.6390823721885681,0.8403601050376892
255,squat,0,0.35261642932891846,0.3593670427799225,-0.07552839815616608,0.9999666810035706,0.3573799431324005,0.3497225344181061,-0.11376028507947922,0.9999710917472839,0.3603927791118622,0.34898436069488525,-0.11374188959598541,0.9999711513519287,0.3638678789138794,0.3481476604938507,-0.113819919526577,0.9999781250953674,0.3542650640010834,0.3502765893936157,-0.05686398595571518,0.9999644160270691,0.3550945818424225,0.34988802671432495,-0.0568479523062706,0.9999579787254333,0.3562139868736267,0.34941592812538147,-0.05681057274341583,0.9999642372131348,0.3863184154033661,0.34752827882766724,-0.183564692735672,0.9999731779098511,0.38026437163352966,0.34797391295433044,0.06542235612869263,0.9999250173568726,0.3688940405845642,0.36433145403862,-0.0967983603477478,0.9999679923057556,0.36384469270706177,0.3652799427509308,-0.024340394884347916,0.9999317526817322,0.423935204744339,0.3842688798904419,-0.34574905037879944,0.9999659657478333,0.4322895109653473,0.3875407576560974,0.2801172733306885,0.9997979402542114,0.3181743025779724,0.423797070980072,-0.3188673257827759,0.9906437397003174,0.3413625657558441,0.42872726917266846,0.3436554968357086,0.49141669273376465,0.23254337906837463,0.39256876707077026,-0.018842294812202454,0.9789602756500244,0.24483291804790497,0.3998694121837616,0.22089362144470215,0.5242536664009094,0.21197549998760223,0.3911806643009186,-0.04307424649596214,0.963890552520752,0.22040192782878876,0.3974273204803467,0.21086937189102173,0.47598448395729065,0.21458297967910767,0.3866770565509796,-0.04198121652007103,0.9617537260055542,0.22373400628566742,0.3939327597618103,0.18545448780059814,0.4583432674407959,0.2227526605129242,0.3868529498577118,-0.010285899043083191,0.9457797408103943,0.23481862246990204,0.394273579120636,0.2023647129535675,0.44492998719215393,0.5368475317955017,0.48285776376724243,-0.2005232572555542,0.9998214244842529,0.5275737047195435,0.4813944101333618,0.20063886046409607,0.9995908737182617,0.3719274699687958,0.5349189043045044,-0.21985094249248505,0.9919980764389038,0.3808833360671997,0.5292873978614807,0.35899844765663147,0.5761135220527649,0.4907243251800537,0.613808810710907,-0.1315089911222458,0.9930906295776367,0.4802553653717041,0.5951323509216309,0.5993119478225708,0.7537854909896851,0.5188004374504089,0.6246511936187744,-0.12106253206729889,0.9870582818984985,0.5098512768745422,0.6082819700241089,0.6218758225440979,0.7812623381614685,0.40458914637565613,0.6303445100784302,-0.16375528275966644,0.9917007088661194,0.4193841516971588,0.6135029196739197,0.6145012974739075,0.8412653803825378
256,squat,0,0.35021060705184937,0.36199426651000977,-0.07216030359268188,0.9999685883522034,0.35514840483665466,0.35250124335289,-0.11052404344081879,0.9999730587005615,0.35805782675743103,0.35180315375328064,-0.11050279438495636,0.9999732375144958,0.3614722192287445,0.3509904146194458,-0.11057844758033752,0.9999796152114868,0.35236501693725586,0.3529718816280365,-0.053229767829179764,0.9999668002128601,0.3533329665660858,0.35257571935653687,-0.05321811884641647,0.9999607801437378,0.3546198010444641,0.3520837128162384,-0.053179048001766205,0.9999666213989258,0.3840208351612091,0.350557416677475,-0.18216824531555176,0.9999744296073914,0.37868449091911316,0.350890189409256,0.06900418549776077,0.9999305605888367,0.3663911521434784,0.36699795722961426,-0.09413863718509674,0.9999681711196899,0.36185523867607117,0.36793023347854614,-0.0210989061743021,0.9999332427978516,0.4222201108932495,0.3868981897830963,-0.34440332651138306,0.999962568283081,0.43199846148490906,0.3909309208393097,0.28128913044929504,0.9997854232788086,0.31686559319496155,0.4268731474876404,-0.3232012689113617,0.9902812838554382,0.33959031105041504,0.4314173758029938,0.34611859917640686,0.48111826181411743,0.22622306644916534,0.3974193334579468,-0.044700562953948975,0.9795957207679749,0.24073725938796997,0.40517112612724304,0.21831637620925903,0.5182888507843018,0.20539849996566772,0.39641401171684265,-0.07406830042600632,0.9654304385185242,0.21453635394573212,0.40206336975097656,0.20821769535541534,0.4743552505970001,0.20822203159332275,0.3921796381473541,-0.07138390839099884,0.9634191989898682,0.2172616720199585,0.3988673985004425,0.17986290156841278,0.4581201374530792,0.2159382849931717,0.3921699821949005,-0.03656782582402229,0.9480298757553101,0.2274276614189148,0.39933091402053833,0.19840480387210846,0.4462864100933075,0.5368629097938538,0.4850188195705414,-0.2004746049642563,0.9998358488082886,0.5294981598854065,0.48395079374313354,0.20059314370155334,0.9996240139007568,0.36986109614372253,0.5356307029724121,-0.21970629692077637,0.992153525352478,0.3805028200149536,0.530398428440094,0.3517533540725708,0.5713656544685364,0.4894021451473236,0.6137843728065491,-0.1196180135011673,0.9935319423675537,0.48026564717292786,0.596264123916626,0.5868000388145447,0.7566305994987488,0.5181088447570801,0.6246472001075745,-0.10731826722621918,0.9880260825157166,0.5098207592964172,0.6084491610527039,0.6089004278182983,0.7860039472579956,0.40456661581993103,0.6298443675041199,-0.14432144165039062,0.9922336339950562,0.41909417510032654,0.613564670085907,0.5973258018493652,0.8443384766578674
257,squat,0,0.34643566608428955,0.36708489060401917,-0.07067637145519257,0.9999688267707825,0.35180169343948364,0.35780012607574463,-0.10885394364595413,0.999973714351654,0.35491710901260376,0.35715019702911377,-0.1088341623544693,0.9999741315841675,0.35826900601387024,0.35651087760925293,-0.10890968888998032,0.999980092048645,0.3487986922264099,0.35814324021339417,-0.05163362994790077,0.9999675750732422,0.3498287796974182,0.3576912581920624,-0.05162310600280762,0.9999619126319885,0.3511563539505005,0.35718029737472534,-0.051584504544734955,0.999967634677887,0.3806461989879608,0.3561534583568573,-0.1804327815771103,0.9999735951423645,0.37513524293899536,0.3563123345375061,0.07036114484071732,0.9999337196350098,0.3624515235424042,0.3723002076148987,-0.09264204651117325,0.9999648928642273,0.35781556367874146,0.37301692366600037,-0.019770029932260513,0.9999289512634277,0.41859573125839233,0.3925090730190277,-0.34165287017822266,0.9999532699584961,0.43039149045944214,0.3948693573474884,0.27854880690574646,0.9997581839561462,0.313753604888916,0.431486576795578,-0.3249223232269287,0.9896480441093445,0.33535531163215637,0.43525275588035583,0.33210688829421997,0.4649549126625061,0.21931679546833038,0.4051557779312134,-0.05787953734397888,0.9798297882080078,0.23552905023097992,0.4119098484516144,0.19212040305137634,0.5053369998931885,0.1951221376657486,0.4046153724193573,-0.08938693255186081,0.9664521813392639,0.20668569207191467,0.4089849889278412,0.18026036024093628,0.46656087040901184,0.19584514200687408,0.40151217579841614,-0.08316341787576675,0.9645438194274902,0.20946596562862396,0.4068431854248047,0.14983230829238892,0.452004998922348,0.20478126406669617,0.40149450302124023,-0.04894125089049339,0.9495989680290222,0.2203035205602646,0.4073444902896881,0.17101462185382843,0.44228336215019226,0.5387076139450073,0.4886854588985443,-0.19867806136608124,0.9998472929000854,0.5318198800086975,0.48756590485572815,0.19880682229995728,0.9996510744094849,0.3680590093135834,0.5366573929786682,-0.21485914289951324,0.9919856786727905,0.37858566641807556,0.5320006608963013,0.3477151393890381,0.5579563975334167,0.488534539937973,0.6137571930885315,-0.1024387925863266,0.9937768578529358,0.48038285970687866,0.5975958704948425,0.5777817368507385,0.7531888484954834,0.5174362659454346,0.6246904730796814,-0.08882276713848114,0.9887442588806152,0.5099546313285828,0.6091210246086121,0.5975272059440613,0.7853677868843079,0.4045111835002899,0.6298097968101501,-0.12025380879640579,0.9925545454025269,0.4188825190067291,0.6136965751647949,0.5817060470581055,0.8431776762008667
258,squat,0,0.3442022204399109,0.37048566341400146,-0.08206726610660553,0.9999687075614929,0.34956011176109314,0.3612791895866394,-0.11968310922384262,0.9999740123748779,0.3526668846607208,0.3606335520744324,-0.11967308819293976,0.99997478723526,0.35613277554512024,0.35987868905067444,-0.11974640935659409,0.9999802708625793,0.3464072346687317,0.3616635203361511,-0.06263629347085953,0.9999678134918213,0.3473100960254669,0.3612801134586334,-0.0626184269785881,0.9999624490737915,0.34848272800445557,0.36082738637924194,-0.06257457286119461,0.9999681115150452,0.37879642844200134,0.35967591404914856,-0.18955235183238983,0.9999725222587585,0.37283456325531006,0.360018253326416,0.06102175638079643,0.9999361038208008,0.36044448614120483,0.3759465515613556,-0.10368417948484421,0.9999622702598572,0.3557390868663788,0.3766075372695923,-0.030807705596089363,0.9999252557754517,0.4164526164531708,0.3967592716217041,-0.3477691411972046,0.9999459981918335,0.4284800887107849,0.3983854055404663,0.26522061228752136,0.9997317790985107,0.31139233708381653,0.43542975187301636,-0.3398796617984772,0.9890261292457581,0.3289943039417267,0.43749260902404785,0.32042196393013,0.45046502351760864,0.21741650998592377,0.4095141589641571,-0.08915373682975769,0.9801835417747498,0.2306584268808365,0.4148311913013458,0.17120559513568878,0.49350079894065857,0.19316759705543518,0.4091085195541382,-0.12459930777549744,0.9676126837730408,0.20291706919670105,0.4128454625606537,0.15775246918201447,0.46009010076522827,0.19356805086135864,0.40602099895477295,-0.11823628097772598,0.965804934501648,0.2041918933391571,0.41017788648605347,0.12704487144947052,0.447055846452713,0.20236727595329285,0.405811071395874,-0.08104264736175537,0.9513396620750427,0.21396473050117493,0.4103403687477112,0.14961601793766022,0.4393775463104248,0.5407209992408752,0.4924595057964325,-0.19794981181621552,0.9998567700386047,0.5342593193054199,0.4903053939342499,0.19808760285377502,0.9996733069419861,0.36575818061828613,0.5372203588485718,-0.21206806600093842,0.991885244846344,0.37612900137901306,0.5328795909881592,0.3413797616958618,0.5482228994369507,0.48853257298469543,0.6139628887176514,-0.09288650751113892,0.9940412640571594,0.4802781641483307,0.5985015034675598,0.5726712942123413,0.7510617971420288,0.5172962546348572,0.6250637173652649,-0.0785609632730484,0.9894024729728699,0.5099412798881531,0.6098234057426453,0.5914995670318604,0.7857213616371155,0.40461069345474243,0.6297817230224609,-0.11077708005905151,0.9928720593452454,0.4183395802974701,0.6145928502082825,0.575195848941803,0.8425964117050171
259,squat,0,0.34264257550239563,0.37298235297203064,-0.0842985287308693,0.999967098236084,0.3477325439453125,0.3640648126602173,-0.12198654562234879,0.9999731183052063,0.3507066071033478,0.3633616268634796,-0.1219821348786354,0.9999743103981018,0.35405054688453674,0.36261463165283203,-0.12205532193183899,0.9999794363975525,0.3447849154472351,0.3644818961620331,-0.06430792063474655,0.9999664425849915,0.34564152359962463,0.36410149931907654,-0.06428749859333038,0.9999614357948303,0.3468201458454132,0.36365512013435364,-0.06424618512392044,0.9999672770500183,0.37683477997779846,0.362500935792923,-0.19293566048145294,0.9999694228172302,0.3708612024784088,0.36292290687561035,0.06047128513455391,0.9999366402626038,0.35899388790130615,0.37832218408584595,-0.10654111951589584,0.9999570250511169,0.35440418124198914,0.37888169288635254,-0.03276702016592026,0.9999182224273682,0.4153155982494354,0.398920476436615,-0.35215750336647034,0.9999366402626038,0.42555391788482666,0.4011925458908081,0.26422691345214844,0.9997058510780334,0.310754656791687,0.4383721649646759,-0.35437461733818054,0.9882215261459351,0.324846476316452,0.43958309292793274,0.3164442181587219,0.43655627965927124,0.2163553237915039,0.4130079448223114,-0.11707346141338348,0.9807525277137756,0.22741283476352692,0.41810959577560425,0.16731393337249756,0.48707854747772217,0.19166143238544464,0.41265058517456055,-0.15593847632408142,0.9690360426902771,0.2003784030675888,0.4162282645702362,0.1553000807762146,0.459145188331604,0.19126321375370026,0.40959903597831726,-0.1470484733581543,0.9673526883125305,0.19948624074459076,0.4136801064014435,0.12059880793094635,0.44792333245277405,0.20008017122745514,0.4092707633972168,-0.10868560522794724,0.9534022212028503,0.2089332640171051,0.41374751925468445,0.14428287744522095,0.44229790568351746,0.5425577759742737,0.4950879216194153,-0.19784000515937805,0.9998626708984375,0.5349569916725159,0.4927283823490143,0.1979845017194748,0.9996899366378784,0.3651251792907715,0.5379400849342346,-0.20759594440460205,0.9914986491203308,0.3738158047199249,0.5334113836288452,0.31440991163253784,0.5363556742668152,0.4884645938873291,0.6135810613632202,-0.07002770155668259,0.9941949248313904,0.4796888828277588,0.5984824299812317,0.5433366894721985,0.7476086020469666,0.5167987942695618,0.6248075366020203,-0.053780414164066315,0.9898949861526489,0.5093896985054016,0.6093634963035583,0.5643431544303894,0.7848790884017944,0.4064716398715973,0.6297703385353088,-0.0790201872587204,0.9930500984191895,0.41824832558631897,0.6155418753623962,0.5496910214424133,0.8406964540481567
260,squat,0,0.3409532904624939,0.3760199546813965,-0.0814562663435936,0.9999659657478333,0.34587734937667847,0.3670061528682709,-0.11926518380641937,0.9999724626541138,0.34883472323417664,0.3662952780723572,-0.11925577372312546,0.9999740123748779,0.35215097665786743,0.36557140946388245,-0.11932726204395294,0.9999788403511047,0.34297695755958557,0.36743688583374023,-0.06151697784662247,0.9999653100967407,0.34380316734313965,0.36704397201538086,-0.061499129980802536,0.9999606013298035,0.344998300075531,0.366595983505249,-0.06145811825990677,0.9999666810035706,0.3748326301574707,0.365474134683609,-0.19100017845630646,0.9999666810035706,0.36875811219215393,0.36592230200767517,0.06263764202594757,0.9999372363090515,0.35768184065818787,0.3814872205257416,-0.10401707887649536,0.9999523758888245,0.3529837131500244,0.38194015622138977,-0.030199669301509857,0.9999115467071533,0.41386085748672485,0.4022810161113739,-0.3498552441596985,0.9999257326126099,0.42326709628105164,0.40328553318977356,0.2639247477054596,0.9996768832206726,0.30866479873657227,0.4413274824619293,-0.35102972388267517,0.9874857068061829,0.32156968116760254,0.440884530544281,0.3138284385204315,0.42315685749053955,0.21403361856937408,0.41604194045066833,-0.11179246008396149,0.9813891649246216,0.22403985261917114,0.4204196333885193,0.16264671087265015,0.48062241077423096,0.18960419297218323,0.4158978760242462,-0.15015634894371033,0.9704735279083252,0.19685521721839905,0.41874322295188904,0.1500074416399002,0.4579141438007355,0.188944011926651,0.412504106760025,-0.14168238639831543,0.968910813331604,0.19626934826374054,0.4160914421081543,0.11524423956871033,0.4484911561012268,0.19776718318462372,0.4119662046432495,-0.10368192195892334,0.9555311799049377,0.20557080209255219,0.4159555733203888,0.13932877779006958,0.44495299458503723,0.5449070334434509,0.49737831950187683,-0.19669805467128754,0.9998674392700195,0.5354400277137756,0.49456503987312317,0.19684700667858124,0.9997045993804932,0.3649556338787079,0.5383569002151489,-0.20704714953899384,0.9909849166870117,0.37230291962623596,0.5332623720169067,0.299019455909729,0.5259029865264893,0.4894002079963684,0.6136137843132019,-0.07338908314704895,0.9942910671234131,0.4805571436882019,0.5986263751983643,0.5191913843154907,0.7441274523735046,0.5170149207115173,0.6247403025627136,-0.05760784074664116,0.9902917146682739,0.510094165802002,0.6092928647994995,0.5398719310760498,0.7835798263549805,0.40832945704460144,0.6300561428070068,-0.08346716314554214,0.993171751499176,0.41959455609321594,0.6167799830436707,0.5259262323379517,0.8389654755592346
261,squat,0,0.3389910161495209,0.3772325813770294,-0.09174088388681412,0.9999616146087646,0.34369733929634094,0.36855190992355347,-0.12923577427864075,0.9999693632125854,0.34665796160697937,0.3678857684135437,-0.12923400104045868,0.9999715685844421,0.3499506711959839,0.36723026633262634,-0.1293036937713623,0.9999762177467346,0.34089547395706177,0.36899176239967346,-0.0715656653046608,0.9999611377716064,0.3416595757007599,0.36863574385643005,-0.07154802978038788,0.9999566078186035,0.3428124487400055,0.3682515621185303,-0.07151079177856445,0.9999633431434631,0.3726729154586792,0.3673907220363617,-0.20016536116600037,0.9999600648880005,0.36676493287086487,0.36787381768226624,0.0533343106508255,0.9999334216117859,0.3558206260204315,0.3829646110534668,-0.11400976777076721,0.9999427199363708,0.3512440323829651,0.3832552433013916,-0.04030326381325722,0.999897837638855,0.41049137711524963,0.4053116738796234,-0.35693734884262085,0.9999101758003235,0.4203110933303833,0.40521323680877686,0.25324228405952454,0.9996465444564819,0.30547359585762024,0.4440893828868866,-0.3570137321949005,0.9866927862167358,0.3198910653591156,0.44281649589538574,0.30255141854286194,0.40955090522766113,0.21153494715690613,0.41876286268234253,-0.11352389305830002,0.9818626642227173,0.22231429815292358,0.4224832057952881,0.15771149098873138,0.4729788899421692,0.1872144341468811,0.41895362734794617,-0.15266571938991547,0.9716207385063171,0.1943156123161316,0.4211268126964569,0.14379121363162994,0.4553787410259247,0.18717019259929657,0.41547995805740356,-0.14479777216911316,0.9701839089393616,0.19496537744998932,0.41816672682762146,0.10454180091619492,0.447660356760025,0.1963568478822708,0.41470998525619507,-0.10567368566989899,0.9572352170944214,0.20397831499576569,0.41760727763175964,0.1359611302614212,0.4459327161312103,0.5457832217216492,0.49861636757850647,-0.1958053559064865,0.9998660087585449,0.5359644293785095,0.495482474565506,0.19595396518707275,0.9997110962867737,0.3655526041984558,0.5386889576911926,-0.1935342252254486,0.99021315574646,0.37280523777008057,0.5334500670433044,0.3025687336921692,0.5165581703186035,0.48926669359207153,0.6126794219017029,-0.0424969345331192,0.9942031502723694,0.4803955852985382,0.5981053113937378,0.5255753397941589,0.7411018013954163,0.5171752572059631,0.6235345602035522,-0.024976804852485657,0.9904796481132507,0.5107742547988892,0.6089885830879211,0.5466639995574951,0.7831030488014221,0.4086909294128418,0.6300340294837952,-0.04569081962108612,0.9930911660194397,0.4197860658168793,0.6167630553245544,0.5338426232337952,0.8369395732879639
262,squat,0,0.33481866121292114,0.3837372660636902,-0.08779507130384445,0.9999600052833557,0.3397619426250458,0.37478986382484436,-0.1255917102098465,0.9999682903289795,0.3425652086734772,0.374118447303772,-0.12558718025684357,0.9999709129333496,0.34570521116256714,0.3733662962913513,-0.12566150724887848,0.999975323677063,0.33722686767578125,0.37501877546310425,-0.06797713786363602,0.999959409236908,0.33811724185943604,0.37452399730682373,-0.06796189397573471,0.9999553561210632,0.33938202261924744,0.37396395206451416,-0.06792515516281128,0.9999624490737915,0.3679259419441223,0.37303340435028076,-0.19699104130268097,0.9999561309814453,0.36318209767341614,0.3731746971607208,0.056299902498722076,0.9999329447746277,0.35124722123146057,0.38915732502937317,-0.11005386710166931,0.9999374747276306,0.3470742106437683,0.38952532410621643,-0.03643530607223511,0.999890923500061,0.40866735577583313,0.4103039801120758,-0.35418900847435,0.9998946785926819,0.4183739423751831,0.4101455807685852,0.24850071966648102,0.9996142387390137,0.303180068731308,0.44986534118652344,-0.34896519780158997,0.985973596572876,0.3156704008579254,0.44818857312202454,0.29109618067741394,0.39826226234436035,0.2109362632036209,0.4246998131275177,-0.10695043951272964,0.9824166297912598,0.22080975770950317,0.42807039618492126,0.15203644335269928,0.4648507237434387,0.18656545877456665,0.4241066575050354,-0.14607448875904083,0.9728035926818848,0.19326259195804596,0.42625555396080017,0.13903869688510895,0.45187345147132874,0.18725386261940002,0.42078474164009094,-0.13853712379932404,0.9714688062667847,0.19473110139369965,0.423622727394104,0.09412278980016708,0.4457084834575653,0.1967543512582779,0.42053884267807007,-0.0996161475777626,0.9590188264846802,0.20479589700698853,0.4237472414970398,0.1259377896785736,0.4459581673145294,0.5487958788871765,0.5015938878059387,-0.1935390681028366,0.9998642206192017,0.5376129150390625,0.4985247552394867,0.19368791580200195,0.999717652797699,0.36641186475753784,0.5393927693367004,-0.19513407349586487,0.989736795425415,0.37328875064849854,0.5341553688049316,0.2887204587459564,0.5071955323219299,0.4893839955329895,0.6125479936599731,-0.04855692759156227,0.9941065311431885,0.4805231988430023,0.5984622240066528,0.5000566244125366,0.7368496060371399,0.5179856419563293,0.6234959363937378,-0.030972914770245552,0.990641713142395,0.5116879343986511,0.6094715595245361,0.520263135433197,0.7810558676719666,0.4089260697364807,0.6300784349441528,-0.04976833984255791,0.9929864406585693,0.41971662640571594,0.6178643703460693,0.5063412189483643,0.8342306017875671
263,squat,0,0.3323388397693634,0.38614219427108765,-0.09129726141691208,0.9999569654464722,0.33662769198417664,0.37729212641716003,-0.12881498038768768,0.9999660849571228,0.33918797969818115,0.37665489315986633,-0.1288064569234848,0.9999692440032959,0.3421059548854828,0.3760005831718445,-0.12886807322502136,0.999973475933075,0.33452868461608887,0.3775329291820526,-0.07115715742111206,0.9999563097953796,0.33548763394355774,0.3770354092121124,-0.07114487141370773,0.9999525547027588,0.336852103471756,0.3765013813972473,-0.07110963016748428,0.9999600648880005,0.3647007644176483,0.375734806060791,-0.20258960127830505,0.9999508857727051,0.36045601963996887,0.37586161494255066,0.050877656787633896,0.9999305009841919,0.3487127423286438,0.3916330635547638,-0.11498347669839859,0.9999316334724426,0.3450007140636444,0.3921456038951874,-0.04130612313747406,0.9998834729194641,0.40849724411964417,0.41293472051620483,-0.35611411929130554,0.9998818039894104,0.41555336117744446,0.41366082429885864,0.24174295365810394,0.9995899200439453,0.3003365993499756,0.4528777003288269,-0.35693731904029846,0.985468327999115,0.31274351477622986,0.45118439197540283,0.28200584650039673,0.3898344337940216,0.20855924487113953,0.4275106191635132,-0.12988005578517914,0.9830729961395264,0.2205650806427002,0.4309358596801758,0.13501356542110443,0.461485892534256,0.18399609625339508,0.42675888538360596,-0.17245329916477203,0.9740575551986694,0.1919844001531601,0.42857420444488525,0.12222534418106079,0.4525405168533325,0.18615645170211792,0.4233603775501251,-0.16444019973278046,0.972828209400177,0.1945471465587616,0.4254379868507385,0.08013443648815155,0.44791674613952637,0.19631777703762054,0.4231986999511719,-0.12282818555831909,0.9608322381973267,0.20480965077877045,0.4256202280521393,0.10936667025089264,0.449686199426651,0.550900936126709,0.5029876828193665,-0.19228297472000122,0.9998600482940674,0.5386214256286621,0.4999200403690338,0.19242790341377258,0.9997208714485168,0.3668007552623749,0.5398525595664978,-0.1893828958272934,0.9890944957733154,0.3738273084163666,0.5344893932342529,0.2921861708164215,0.5020779371261597,0.4893920123577118,0.6124280691146851,-0.03717619925737381,0.9940230846405029,0.4805789887905121,0.598608672618866,0.5096715688705444,0.7357156276702881,0.5179822444915771,0.6235021352767944,-0.019696298986673355,0.9907644987106323,0.5116733908653259,0.6094752550125122,0.5305637121200562,0.7817927598953247,0.40804940462112427,0.6298304796218872,-0.04219760745763779,0.992893636226654,0.4186934530735016,0.6171879172325134,0.5178160071372986,0.8339787125587463
264,squat,0,0.33180272579193115,0.3885890245437622,-0.0923113003373146,0.9999535083770752,0.3354431986808777,0.3796347975730896,-0.12967650592327118,0.999963641166687,0.3379305601119995,0.37899744510650635,-0.1296691745519638,0.9999672770500183,0.3407084345817566,0.37836846709251404,-0.12973175942897797,0.9999715089797974,0.33339595794677734,0.37992510199546814,-0.0725257471203804,0.9999529123306274,0.3343331813812256,0.3794557750225067,-0.07251482456922531,0.9999491572380066,0.3356425166130066,0.3789629340171814,-0.07248198240995407,0.9999571442604065,0.3634507358074188,0.3778800666332245,-0.2029687613248825,0.9999451637268066,0.35939714312553406,0.3779982924461365,0.0482792928814888,0.999927282333374,0.3481772840023041,0.3939991891384125,-0.1158607080578804,0.9999249577522278,0.3444845378398895,0.39464303851127625,-0.042796630412340164,0.9998753070831299,0.40778279304504395,0.4147283434867859,-0.3554902672767639,0.9998705387115479,0.4141007363796234,0.41560107469558716,0.23882295191287994,0.9995673298835754,0.29949095845222473,0.45580077171325684,-0.3611138164997101,0.985065221786499,0.31290099024772644,0.453691691160202,0.27785369753837585,0.3831802010536194,0.2082035392522812,0.4302508234977722,-0.14100007712841034,0.983779788017273,0.2210012674331665,0.4334379732608795,0.13035954535007477,0.46002474427223206,0.18314923346042633,0.42876261472702026,-0.18367743492126465,0.975304901599884,0.1916259229183197,0.4304783046245575,0.11712509393692017,0.45444247126579285,0.1858833283185959,0.4253276586532593,-0.1768639087677002,0.9741639494895935,0.19456417858600616,0.42728814482688904,0.07849164307117462,0.4511178135871887,0.19660404324531555,0.4254724085330963,-0.13476970791816711,0.9626419544219971,0.2050221860408783,0.4276646375656128,0.10591049492359161,0.4541337788105011,0.5520367622375488,0.5041899681091309,-0.19086304306983948,0.9998562932014465,0.5397096872329712,0.501161515712738,0.19099527597427368,0.9997255802154541,0.3667741119861603,0.5400397181510925,-0.18406982719898224,0.9884191155433655,0.37415844202041626,0.5350622534751892,0.2832375168800354,0.49964454770088196,0.48937729001045227,0.6123551726341248,-0.022612350061535835,0.9938434362411499,0.4805104434490204,0.5990310907363892,0.4933658242225647,0.7347599267959595,0.5180858373641968,0.6235188841819763,-0.003497169818729162,0.9907750487327576,0.5116109251976013,0.609832763671875,0.5136937499046326,0.7821987271308899,0.40805062651634216,0.6289460062980652,-0.018006175756454468,0.9926878809928894,0.41682395339012146,0.6171879172325134,0.5024373531341553,0.8327814936637878
265,squat,0,0.33155402541160583,0.39134442806243896,-0.09175414592027664,0.9999493956565857,0.33472591638565063,0.382472425699234,-0.12935315072536469,0.9999610185623169,0.337117463350296,0.3818124234676361,-0.12934893369674683,0.9999651908874512,0.3398411273956299,0.38116195797920227,-0.12941646575927734,0.9999695420265198,0.3327001929283142,0.3827943801879883,-0.07256639003753662,0.9999493956565857,0.3335708975791931,0.3823232054710388,-0.07255770266056061,0.9999455213546753,0.33478444814682007,0.38183003664016724,-0.07252673804759979,0.9999539256095886,0.362434983253479,0.3804183900356293,-0.20246921479701996,0.9999397397041321,0.35862284898757935,0.3804765045642853,0.04716033861041069,0.999923825263977,0.347873717546463,0.3964793086051941,-0.11512304842472076,0.9999189972877502,0.34415262937545776,0.3972347378730774,-0.042440325021743774,0.9998675584793091,0.40595120191574097,0.4171038866043091,-0.3546622693538666,0.9998629689216614,0.41299861669540405,0.4175330400466919,0.23774607479572296,0.9995397925376892,0.2968243956565857,0.4583894908428192,-0.36227408051490784,0.9847527742385864,0.31255269050598145,0.4562627673149109,0.27625831961631775,0.37524089217185974,0.20685918629169464,0.432309091091156,-0.1444079577922821,0.9843502044677734,0.22076533734798431,0.4362561106681824,0.12896472215652466,0.45424506068229675,0.18175804615020752,0.4307827949523926,-0.18673035502433777,0.9763380289077759,0.1911158561706543,0.43288886547088623,0.11576294153928757,0.4519011080265045,0.1847085803747177,0.4272206723690033,-0.1806873232126236,0.9752565026283264,0.19381242990493774,0.4300636947154999,0.07886935770511627,0.44954559206962585,0.19486308097839355,0.4274405539035797,-0.13856859505176544,0.9641270637512207,0.20398730039596558,0.4304704964160919,0.10521914809942245,0.4537193477153778,0.5530471205711365,0.5058364868164062,-0.18990163505077362,0.9998542666435242,0.5403465032577515,0.5026785731315613,0.19004400074481964,0.9997273087501526,0.36687153577804565,0.5403797626495361,-0.18653087317943573,0.9876682758331299,0.3740404546260834,0.5354715585708618,0.2775475084781647,0.495182067155838,0.48958486318588257,0.612482488155365,-0.04315827786922455,0.9936010241508484,0.48029008507728577,0.6004325747489929,0.47893455624580383,0.7293252348899841,0.5191550254821777,0.6240711212158203,-0.02652721479535103,0.9906722903251648,0.5113297700881958,0.6113162040710449,0.4984312951564789,0.7799884676933289,0.40834909677505493,0.6289736032485962,-0.049034856259822845,0.9924175143241882,0.41452598571777344,0.6177728176116943,0.4872731566429138,0.8289687633514404
266,squat,0,0.3306044936180115,0.39481955766677856,-0.103780597448349,0.9999403953552246,0.33347639441490173,0.3856213390827179,-0.14112725853919983,0.9999552965164185,0.33589258790016174,0.3849407732486725,-0.1411362737417221,0.9999604225158691,0.33874794840812683,0.3842438757419586,-0.14121364057064056,0.9999653697013855,0.33121514320373535,0.38603469729423523,-0.08498306572437286,0.9999423623085022,0.3319319188594818,0.38559865951538086,-0.08498063683509827,0.9999375343322754,0.3329493999481201,0.38514581322669983,-0.08495593816041946,0.9999467134475708,0.3615258038043976,0.38355356454849243,-0.21185988187789917,0.9999300837516785,0.3570617735385895,0.38374510407447815,0.035430148243904114,0.9999145269393921,0.3470654785633087,0.39997291564941406,-0.1261184960603714,0.9999082088470459,0.34301894903182983,0.400784432888031,-0.05419563874602318,0.9998534321784973,0.4041954278945923,0.42064589262008667,-0.3609614372253418,0.9998500943183899,0.41201651096343994,0.420297771692276,0.2281845062971115,0.9995000958442688,0.296414852142334,0.4623526930809021,-0.36792483925819397,0.9842066764831543,0.3119441866874695,0.46010732650756836,0.26863306760787964,0.36426860094070435,0.2074432224035263,0.43631070852279663,-0.1470494568347931,0.9846455454826355,0.22137850522994995,0.44012054800987244,0.12097711116075516,0.44407305121421814,0.18207873404026031,0.43521368503570557,-0.18872253596782684,0.9769482612609863,0.19153505563735962,0.4372767508029938,0.10705002397298813,0.44495442509651184,0.18535108864307404,0.4318452775478363,-0.18406397104263306,0.9759037494659424,0.1946028470993042,0.43436023592948914,0.07169774174690247,0.44345709681510925,0.19605834782123566,0.4318535029888153,-0.14155253767967224,0.9649565815925598,0.20535951852798462,0.43475306034088135,0.09779337793588638,0.4485178589820862,0.5535836815834045,0.5081402063369751,-0.18817797303199768,0.9998469352722168,0.5420858860015869,0.5049355626106262,0.1883126050233841,0.9997216463088989,0.36655884981155396,0.5401687622070312,-0.18371371924877167,0.9867265224456787,0.3742569386959076,0.5355421304702759,0.2843337655067444,0.4919976592063904,0.48964256048202515,0.6127618551254272,-0.03712913766503334,0.9931567311286926,0.48026707768440247,0.601649284362793,0.49075835943222046,0.7244749665260315,0.5191786885261536,0.624856173992157,-0.019782302901148796,0.9904443025588989,0.5108627676963806,0.6122008562088013,0.5107179284095764,0.7782096266746521,0.40901604294776917,0.6288758516311646,-0.040801674127578735,0.9919723272323608,0.4143312871456146,0.6179338097572327,0.4992627799510956,0.8255007266998291
267,squat,0,0.3289579153060913,0.3958002030849457,-0.11522293090820312,0.9999279975891113,0.33181244134902954,0.3870214521884918,-0.15229611098766327,0.9999473094940186,0.33416318893432617,0.38635164499282837,-0.15231972932815552,0.9999539256095886,0.3368997275829315,0.38573676347732544,-0.1524030715227127,0.9999597668647766,0.3295099437236786,0.3874424695968628,-0.09664198011159897,0.999932050704956,0.3301905393600464,0.3870135545730591,-0.09663696587085724,0.9999260306358337,0.33116263151168823,0.38657236099243164,-0.09662003815174103,0.9999359250068665,0.3594941198825836,0.3852608799934387,-0.22207434475421906,0.9999164342880249,0.3555951714515686,0.3853728771209717,0.023358944803476334,0.9998987913131714,0.34518370032310486,0.40112411975860596,-0.1371854841709137,0.9998944401741028,0.3411036431789398,0.4018133282661438,-0.06573361158370972,0.9998308420181274,0.40364813804626465,0.4219672679901123,-0.36830613017082214,0.9998390674591064,0.40985432267189026,0.4219183921813965,0.21578586101531982,0.9994338154792786,0.2950899302959442,0.4643184542655945,-0.3770008981227875,0.9835366606712341,0.3105180561542511,0.4616272747516632,0.2574920654296875,0.35245633125305176,0.20697742700576782,0.4382897913455963,-0.16703912615776062,0.9849072098731995,0.22010457515716553,0.44158539175987244,0.11206961423158646,0.434440940618515,0.18161039054393768,0.43720752000808716,-0.21075305342674255,0.9775492548942566,0.19014382362365723,0.43875160813331604,0.09803683310747147,0.4387046992778778,0.18508359789848328,0.43370330333709717,-0.20689508318901062,0.9765414595603943,0.19323912262916565,0.4357321560382843,0.0630008801817894,0.4379318058490753,0.1952785849571228,0.4336426556110382,-0.16233853995800018,0.9657500982284546,0.203518345952034,0.4360022246837616,0.0891014114022255,0.4437919557094574,0.5542146563529968,0.5087360739707947,-0.18665726482868195,0.9998418092727661,0.5418448448181152,0.5053462982177734,0.1868027150630951,0.9997128248214722,0.36637067794799805,0.5400211215019226,-0.18602313101291656,0.985811710357666,0.37321633100509644,0.5354604125022888,0.2874908745288849,0.49073168635368347,0.48984846472740173,0.6134135127067566,-0.03814692795276642,0.9928247332572937,0.479140043258667,0.6018232703208923,0.49607378244400024,0.7201405763626099,0.5196089744567871,0.6260249614715576,-0.021342292428016663,0.9901263117790222,0.5087855458259583,0.6122493147850037,0.516374409198761,0.7771045565605164,0.41032081842422485,0.6289816498756409,-0.05171956494450569,0.9916346073150635,0.41368770599365234,0.6180429458618164,0.5051185488700867,0.8233150839805603
268,squat,0,0.3269287049770355,0.39663344621658325,-0.10980584472417831,0.9999220967292786,0.3298605978488922,0.38797351717948914,-0.14711087942123413,0.9999434947967529,0.33199045062065125,0.3874134421348572,-0.14712537825107574,0.9999510049819946,0.3344642221927643,0.38688886165618896,-0.14720210433006287,0.999957263469696,0.32789310812950134,0.3882334232330322,-0.09117895364761353,0.9999275207519531,0.32867246866226196,0.387776643037796,-0.09117263555526733,0.9999209642410278,0.32966822385787964,0.3873134255409241,-0.09115272015333176,0.999931275844574,0.3571135699748993,0.3865314722061157,-0.21867628395557404,0.9999101758003235,0.3539685606956482,0.3864591717720032,0.027800150215625763,0.9998931288719177,0.3427610695362091,0.40222787857055664,-0.13229206204414368,0.9998869895935059,0.33896857500076294,0.40256303548812866,-0.060514651238918304,0.9998195171356201,0.4032112956047058,0.422577828168869,-0.3661480247974396,0.9998309016227722,0.4090236723423004,0.42284706234931946,0.2204437404870987,0.999397873878479,0.2949334681034088,0.4649805724620819,-0.3764188587665558,0.9831851124763489,0.3079550266265869,0.46288570761680603,0.2633243203163147,0.3492177426815033,0.20532256364822388,0.43938449025154114,-0.16868393123149872,0.9852580428123474,0.21789966523647308,0.44231846928596497,0.11509649455547333,0.432088702917099,0.18099753558635712,0.43850192427635193,-0.211191326379776,0.9782159328460693,0.18953007459640503,0.43988966941833496,0.09925845265388489,0.4375404715538025,0.18439394235610962,0.4348851144313812,-0.20566228032112122,0.9772481918334961,0.1928025633096695,0.43684643507003784,0.0639420822262764,0.4371751844882965,0.19411927461624146,0.4348004460334778,-0.16306152939796448,0.9666287899017334,0.20235750079154968,0.4369569718837738,0.09196583926677704,0.4435105621814728,0.5538775324821472,0.509130597114563,-0.18656322360038757,0.9998352527618408,0.542268693447113,0.5058971643447876,0.18671070039272308,0.9997060894966125,0.3660317361354828,0.5399385094642639,-0.1871815174818039,0.9849247336387634,0.37270259857177734,0.5353506803512573,0.2879278063774109,0.48817428946495056,0.49000856280326843,0.613663911819458,-0.045073408633470535,0.9924647808074951,0.4788905382156372,0.6017402410507202,0.5041571855545044,0.7145880460739136,0.5197234749794006,0.6262356638908386,-0.02888975851237774,0.9898037910461426,0.5084699988365173,0.6121857166290283,0.526106059551239,0.7747713923454285,0.4115093946456909,0.6292480230331421,-0.05663859099149704,0.9911966919898987,0.41424524784088135,0.618345320224762,0.5232213139533997,0.8198255896568298
269,squat,0,0.3263930380344391,0.39774826169013977,-0.10665257275104523,0.9999165534973145,0.32908639311790466,0.3891679346561432,-0.14408966898918152,0.9999399781227112,0.33110347390174866,0.3886275291442871,-0.14410185813903809,0.999948263168335,0.3335072100162506,0.3880852162837982,-0.14417798817157745,0.9999550580978394,0.32728180289268494,0.38939598202705383,-0.08809574693441391,0.9999231696128845,0.32806456089019775,0.38894036412239075,-0.0880889967083931,0.9999159574508667,0.3290773332118988,0.38846322894096375,-0.0880671814084053,0.9999266862869263,0.3568277955055237,0.38735297322273254,-0.21651899814605713,0.999904215335846,0.35387271642684937,0.38731202483177185,0.029901180416345596,0.9998875260353088,0.342274934053421,0.40324321389198303,-0.12937548756599426,0.9998798966407776,0.3385864496231079,0.4035224914550781,-0.05753961205482483,0.9998082518577576,0.40375879406929016,0.4223974347114563,-0.3644010126590729,0.9998254179954529,0.4085923135280609,0.422812283039093,0.2220965474843979,0.9993650317192078,0.2957051396369934,0.4661561846733093,-0.3756215274333954,0.9827935695648193,0.308058500289917,0.4639142155647278,0.26591578125953674,0.3446488678455353,0.20472030341625214,0.44066372513771057,-0.17073145508766174,0.9856330752372742,0.21730515360832214,0.4435478448867798,0.11555521190166473,0.4288879930973053,0.18050776422023773,0.43943697214126587,-0.21287737786769867,0.9788993000984192,0.18941715359687805,0.44091394543647766,0.10154245793819427,0.4356434941291809,0.1842798888683319,0.43572068214416504,-0.20767004787921906,0.9779685139656067,0.19259338080883026,0.43777891993522644,0.06666161119937897,0.43566396832466125,0.19407323002815247,0.4358813464641571,-0.16534720361232758,0.9675519466400146,0.20226150751113892,0.4379378855228424,0.09211704879999161,0.44253095984458923,0.5538990497589111,0.5091667771339417,-0.1862611025571823,0.9998291730880737,0.5422027111053467,0.5060867667198181,0.18641193211078644,0.9996974468231201,0.36605167388916016,0.5398748517036438,-0.18873730301856995,0.9838628172874451,0.37191352248191833,0.5352665185928345,0.28696349263191223,0.48508670926094055,0.49002450704574585,0.6138400435447693,-0.05178741738200188,0.9920200109481812,0.47827091813087463,0.6016440391540527,0.4982108473777771,0.7073916792869568,0.5197454690933228,0.6262282133102417,-0.0366247221827507,0.9893799424171448,0.5077871084213257,0.612060546875,0.519288957118988,0.771580696105957,0.41215619444847107,0.6294217705726624,-0.06466314196586609,0.9906672835350037,0.41405537724494934,0.6183310151100159,0.516109824180603,0.8151342868804932
270,squat,0,0.32679420709609985,0.39804762601852417,-0.10476168245077133,0.9999099969863892,0.3293876349925995,0.3894444704055786,-0.14222775399684906,0.9999354481697083,0.3314376473426819,0.38884711265563965,-0.14223675429821014,0.9999446272850037,0.3339058756828308,0.388236939907074,-0.14231200516223907,0.9999520182609558,0.32762226462364197,0.389585942029953,-0.08606905490159988,0.9999175071716309,0.3283688426017761,0.3890797793865204,-0.08606220781803131,0.9999096393585205,0.329386442899704,0.38852399587631226,-0.08603832870721817,0.9999212622642517,0.3572119176387787,0.3871341049671173,-0.21497976779937744,0.999897301197052,0.35409677028656006,0.3870440721511841,0.03253712132573128,0.9998816251754761,0.34276673197746277,0.40347006916999817,-0.12752079963684082,0.9998708963394165,0.3390396237373352,0.40369918942451477,-0.05550190806388855,0.9997956156730652,0.40413713455200195,0.4222981035709381,-0.36344438791275024,0.9998181462287903,0.40705281496047974,0.4230595827102661,0.22549088299274445,0.9993336796760559,0.29620611667633057,0.4660135805606842,-0.38290485739707947,0.9825001358985901,0.30756691098213196,0.4639870226383209,0.26774170994758606,0.34231331944465637,0.20423631370067596,0.44099581241607666,-0.19123564660549164,0.9860103726387024,0.21576061844825745,0.44360461831092834,0.12120068073272705,0.4302741289138794,0.18034373223781586,0.43987971544265747,-0.23635363578796387,0.979572057723999,0.188679039478302,0.44138646125793457,0.10934818536043167,0.4382496178150177,0.18393605947494507,0.43615075945854187,-0.22894370555877686,0.9786763191223145,0.1915850192308426,0.4382816553115845,0.0732305496931076,0.4387800097465515,0.19353090226650238,0.4362906813621521,-0.18540698289871216,0.9684266448020935,0.20091453194618225,0.4383481740951538,0.0976489782333374,0.44599488377571106,0.5537276864051819,0.5092872381210327,-0.18644596636295319,0.999819278717041,0.5421828627586365,0.506687343120575,0.1865968406200409,0.9996863603591919,0.3660239577293396,0.5398334264755249,-0.19121699035167694,0.9829891324043274,0.37090104818344116,0.5352017879486084,0.28395479917526245,0.48205626010894775,0.490080863237381,0.6139072775840759,-0.053205251693725586,0.991636335849762,0.47827887535095215,0.6018595695495605,0.4939436614513397,0.7008224725723267,0.5199213624000549,0.6262426972389221,-0.0376570038497448,0.988975465297699,0.5077927112579346,0.6121314167976379,0.5147895812988281,0.7684880495071411,0.41283953189849854,0.6301501989364624,-0.06273648887872696,0.9901247620582581,0.4141128361225128,0.6200279593467712,0.5111183524131775,0.8102121353149414
271,squat,0,0.3272077739238739,0.3966224491596222,-0.1052251085639,0.9999071955680847,0.3298768103122711,0.3881215751171112,-0.14255979657173157,0.999933660030365,0.3319874703884125,0.38748595118522644,-0.14256420731544495,0.9999430775642395,0.33447036147117615,0.3868766129016876,-0.14263221621513367,0.9999507665634155,0.3280581831932068,0.38827863335609436,-0.08627624064683914,0.9999159574508667,0.3288101255893707,0.3877268433570862,-0.08626893907785416,0.9999076128005981,0.32981425523757935,0.3871193528175354,-0.08624555915594101,0.9999195337295532,0.3576277792453766,0.38611069321632385,-0.21442478895187378,0.9998944997787476,0.35428184270858765,0.38590970635414124,0.03370353952050209,0.999880313873291,0.3429676592350006,0.40242084860801697,-0.12762673199176788,0.9998669624328613,0.33919453620910645,0.4023455083370209,-0.05540887266397476,0.9997924566268921,0.4037795960903168,0.42200911045074463,-0.3646431565284729,0.9998122453689575,0.4058414101600647,0.42228618264198303,0.22741153836250305,0.9993175268173218,0.2966902554035187,0.46622234582901,-0.38299253582954407,0.9823285341262817,0.30803823471069336,0.4634597897529602,0.2690860331058502,0.3416435122489929,0.20400382578372955,0.4409412443637848,-0.18172964453697205,0.9861871004104614,0.21328853070735931,0.4425934851169586,0.12199390679597855,0.43012067675590515,0.18045906722545624,0.44006219506263733,-0.22546124458312988,0.9799185991287231,0.186606764793396,0.44112515449523926,0.10995017737150192,0.4383556842803955,0.1838536560535431,0.4366125166416168,-0.21925923228263855,0.979042649269104,0.19007529318332672,0.43802329897880554,0.07471437752246857,0.4391431212425232,0.19333620369434357,0.4365413784980774,-0.1759084314107895,0.9688302278518677,0.19924473762512207,0.4378452003002167,0.09889165312051773,0.44653427600860596,0.5536970496177673,0.5090422034263611,-0.18752439320087433,0.9998079538345337,0.5424678325653076,0.5063167214393616,0.18767130374908447,0.9996756911277771,0.3660295903682709,0.5397709608078003,-0.19637349247932434,0.9825325608253479,0.3705984354019165,0.5350573062896729,0.2836751341819763,0.48195308446884155,0.4900831878185272,0.614138662815094,-0.06484983116388321,0.9914215207099915,0.4782770276069641,0.6021082401275635,0.49133604764938354,0.6956889033317566,0.5199313759803772,0.6262826919555664,-0.050156109035015106,0.988739550113678,0.5077998042106628,0.612541913986206,0.5116905570030212,0.7661173343658447,0.41290467977523804,0.6304644346237183,-0.07844347506761551,0.98976731300354,0.4141748249530792,0.6206085681915283,0.5055656433105469,0.8055400848388672
272,squat,0,0.3275199234485626,0.3955937623977661,-0.11027385294437408,0.9998988509178162,0.3302510976791382,0.3869955241680145,-0.14696180820465088,0.9999282956123352,0.3323957622051239,0.38637658953666687,-0.14696913957595825,0.9999386072158813,0.3348955512046814,0.3857614994049072,-0.14703933894634247,0.9999470710754395,0.32838544249534607,0.38715171813964844,-0.09067878127098083,0.9999099969863892,0.3291381895542145,0.3865915834903717,-0.09067022055387497,0.999900758266449,0.33013296127319336,0.38597428798675537,-0.09064578264951706,0.9999133944511414,0.3579356372356415,0.3851306140422821,-0.21692053973674774,0.9998863339424133,0.3544559180736542,0.38491201400756836,0.031520240008831024,0.999872624874115,0.3430419862270355,0.40156081318855286,-0.13215571641921997,0.9998569488525391,0.33925673365592957,0.4014297425746918,-0.0598660446703434,0.9997793436050415,0.4039364159107208,0.42159897089004517,-0.3679518401622772,0.9998037815093994,0.4048852026462555,0.4219043552875519,0.22747579216957092,0.9992822408676147,0.2964784502983093,0.4658522307872772,-0.3852766752243042,0.9820394515991211,0.3076693117618561,0.46287399530410767,0.2701285481452942,0.3380870521068573,0.20369626581668854,0.44057705998420715,-0.18265271186828613,0.9862383008003235,0.2115297019481659,0.44192343950271606,0.12241397798061371,0.4274575114250183,0.18083764612674713,0.4398668110370636,-0.22657623887062073,0.9801020622253418,0.18623916804790497,0.44065403938293457,0.11015903204679489,0.4363761246204376,0.18421238660812378,0.4362507462501526,-0.2212027907371521,0.9792351126670837,0.1898088902235031,0.43749192357063293,0.07510347664356232,0.4373526871204376,0.19357417523860931,0.43613874912261963,-0.17718876898288727,0.9689903855323792,0.19863228499889374,0.4372999370098114,0.09942403435707092,0.4446732699871063,0.5535796880722046,0.508621871471405,-0.18792928755283356,0.9997996091842651,0.5425544381141663,0.5059903264045715,0.1880793273448944,0.9996663331985474,0.3660641312599182,0.5397318601608276,-0.20022299885749817,0.9819656014442444,0.3705298602581024,0.5349891185760498,0.281792014837265,0.4820155203342438,0.49025654792785645,0.6148961782455444,-0.07331977784633636,0.9911817312240601,0.4784844219684601,0.6025428771972656,0.48583993315696716,0.6906980872154236,0.5201589465141296,0.6270418167114258,-0.0591457262635231,0.9884241223335266,0.5078849792480469,0.6129676699638367,0.5056442022323608,0.7629497647285461,0.41348499059677124,0.6308014988899231,-0.09225058555603027,0.989420473575592,0.4154231548309326,0.6209646463394165,0.4964205026626587,0.8012347221374512
273,squat,0,0.32755330204963684,0.3948935568332672,-0.12004610896110535,0.9998826384544373,0.3303983807563782,0.3861536383628845,-0.15551535785198212,0.9999168515205383,0.3325847089290619,0.3855361044406891,-0.15553945302963257,0.9999294281005859,0.3350381553173065,0.3849218487739563,-0.15561816096305847,0.999939501285553,0.32844340801239014,0.38632574677467346,-0.09944359213113785,0.9998969435691833,0.32926174998283386,0.38578304648399353,-0.0994284451007843,0.9998865127563477,0.3303155303001404,0.385183721780777,-0.09940801560878754,0.9999006390571594,0.3581012785434723,0.384429931640625,-0.22261939942836761,0.9998692274093628,0.3546541929244995,0.38421764969825745,0.025435689836740494,0.9998569488525391,0.34325364232063293,0.4010717272758484,-0.14100299775600433,0.9998393058776855,0.3394797444343567,0.4009576439857483,-0.06882832944393158,0.9997548460960388,0.4041624963283539,0.4211309850215912,-0.3730669617652893,0.9997984170913696,0.40500515699386597,0.42165711522102356,0.2240125983953476,0.9992348551750183,0.29670608043670654,0.4652051627635956,-0.3975599706172943,0.9816993474960327,0.30780312418937683,0.4623269736766815,0.2708134949207306,0.33354297280311584,0.202933669090271,0.4398269057273865,-0.21783946454524994,0.9863771796226501,0.21128270030021667,0.4415077865123749,0.12330501526594162,0.4268937110900879,0.18087029457092285,0.43921080231666565,-0.26665404438972473,0.9804775714874268,0.1864446997642517,0.44016033411026,0.1116158738732338,0.4371863901615143,0.1841873824596405,0.4352996349334717,-0.2607189118862152,0.9796282649040222,0.1898936778306961,0.4369790852069855,0.07588940858840942,0.43843722343444824,0.19329534471035004,0.43533048033714294,-0.21309663355350494,0.9693880677223206,0.19868206977844238,0.4368858337402344,0.10019645094871521,0.44542717933654785,0.5536721348762512,0.5083562731742859,-0.1883544921875,0.9997895956039429,0.5426360964775085,0.5057167410850525,0.18852561712265015,0.9996463060379028,0.3660779297351837,0.5396432280540466,-0.2017228901386261,0.981367826461792,0.37010613083839417,0.5345819592475891,0.2822425663471222,0.4791433811187744,0.49025198817253113,0.6150615811347961,-0.07626059651374817,0.9909246563911438,0.47755879163742065,0.6020287871360779,0.4903363883495331,0.683388352394104,0.5201538801193237,0.6271082758903503,-0.06256487220525742,0.9879600405693054,0.507624089717865,0.6127836108207703,0.5108645558357239,0.7580657005310059,0.4130312502384186,0.6310823559761047,-0.09958986937999725,0.988982617855072,0.41530632972717285,0.6209059953689575,0.5030506253242493,0.7958037257194519
274,squat,0,0.32832878828048706,0.39138832688331604,-0.13271082937717438,0.9998607039451599,0.3317859470844269,0.3826747536659241,-0.16725248098373413,0.9999002814292908,0.3342095911502838,0.38226258754730225,-0.1672830879688263,0.9999158382415771,0.3369740843772888,0.38186249136924744,-0.16736222803592682,0.9999276399612427,0.3291841745376587,0.3827802538871765,-0.11083568632602692,0.9998779892921448,0.32982856035232544,0.3824131190776825,-0.11081720888614655,0.9998667240142822,0.3307327628135681,0.38199150562286377,-0.11079385876655579,0.9998838305473328,0.3592020869255066,0.3825189173221588,-0.23009800910949707,0.9998437166213989,0.35496053099632263,0.3822817802429199,0.01959778554737568,0.9998359680175781,0.34328317642211914,0.3982623517513275,-0.1523866057395935,0.999815046787262,0.33962222933769226,0.3981645405292511,-0.07969339191913605,0.9997248649597168,0.4042419195175171,0.42060068249702454,-0.38263311982154846,0.999791145324707,0.40538305044174194,0.4208206236362457,0.21928861737251282,0.9991879463195801,0.29687702655792236,0.46438440680503845,-0.4082511067390442,0.9819572567939758,0.30855852365493774,0.4613438844680786,0.26858535408973694,0.3310365080833435,0.20275190472602844,0.4388234615325928,-0.2314952164888382,0.98639315366745,0.21108298003673553,0.4411151111125946,0.12088172137737274,0.42612871527671814,0.18108879029750824,0.4381897449493408,-0.28288617730140686,0.9806216359138489,0.18647103011608124,0.4392514228820801,0.10890644043684006,0.43740415573120117,0.18417005240917206,0.4343019723892212,-0.2760705053806305,0.9797819256782532,0.1897972673177719,0.43609413504600525,0.07241743057966232,0.43922150135040283,0.19302316009998322,0.4343334138393402,-0.22663889825344086,0.9694758057594299,0.19856344163417816,0.4360502362251282,0.0976189449429512,0.44584670662879944,0.5538350939750671,0.5082609057426453,-0.18985259532928467,0.9997721910476685,0.54257732629776,0.5052467584609985,0.1900760978460312,0.9996148347854614,0.36617982387542725,0.5394627451896667,-0.20422481000423431,0.9809561371803284,0.36995378136634827,0.5338846445083618,0.2832552194595337,0.47733911871910095,0.4903532862663269,0.6151147484779358,-0.07614142447710037,0.9906885623931885,0.47727763652801514,0.6017559170722961,0.49120837450027466,0.6764420866966248,0.5205594897270203,0.627112627029419,-0.06197109445929527,0.9874421954154968,0.5075499415397644,0.6124047636985779,0.5114149451255798,0.7522451877593994,0.4131251573562622,0.6315489411354065,-0.09879368543624878,0.9885790944099426,0.4153588116168976,0.620804488658905,0.5044417977333069,0.7898842096328735
275,squat,0,0.3295813202857971,0.38833701610565186,-0.13448631763458252,0.9998421669006348,0.3336672782897949,0.379546582698822,-0.1693299114704132,0.9998868107795715,0.3362407982349396,0.3792150616645813,-0.1693606823682785,0.9999051690101624,0.3391418159008026,0.37889084219932556,-0.16944372653961182,0.9999180436134338,0.330816388130188,0.37965062260627747,-0.1125807911157608,0.999862551689148,0.3314359486103058,0.37934401631355286,-0.11256358027458191,0.9998510479927063,0.332368403673172,0.3789450526237488,-0.11253829300403595,0.9998701810836792,0.3607865869998932,0.3799780607223511,-0.23297007381916046,0.999824047088623,0.3566329777240753,0.3796687722206116,0.018383441492915154,0.9998190402984619,0.34351933002471924,0.395336389541626,-0.15459497272968292,0.9997957944869995,0.3397959768772125,0.39526107907295227,-0.08141258358955383,0.9997003078460693,0.40432754158973694,0.42037248611450195,-0.38565975427627563,0.9997869729995728,0.40566402673721313,0.42000284790992737,0.2179117053747177,0.9991445541381836,0.2969608008861542,0.46430131793022156,-0.4047035872936249,0.9821778535842896,0.31026268005371094,0.46036505699157715,0.2684803605079651,0.3282811641693115,0.20296108722686768,0.438619464635849,-0.21660210192203522,0.9863109588623047,0.21163970232009888,0.44034087657928467,0.12104462087154388,0.4241621196269989,0.18148691952228546,0.4380057752132416,-0.2653537392616272,0.9806470274925232,0.18652480840682983,0.4390057325363159,0.1096014529466629,0.436100572347641,0.18458591401576996,0.43376022577285767,-0.25927045941352844,0.9798105955123901,0.19030585885047913,0.4356575608253479,0.07264136523008347,0.4382718801498413,0.19310982525348663,0.4340451657772064,-0.21146667003631592,0.969402015209198,0.19879034161567688,0.4357163608074188,0.09779547899961472,0.44443997740745544,0.5541197061538696,0.5074012875556946,-0.1915072351694107,0.9997652173042297,0.542402982711792,0.5041787028312683,0.19178564846515656,0.9995970129966736,0.3668428063392639,0.5393000841140747,-0.21317173540592194,0.980901300907135,0.3699471950531006,0.5333520174026489,0.2910228371620178,0.474872887134552,0.4904274344444275,0.6151145100593567,-0.09369690716266632,0.9906129240989685,0.47618481516838074,0.6011404991149902,0.506426215171814,0.6705032587051392,0.5206905007362366,0.6271087527275085,-0.08013699948787689,0.9871905446052551,0.5065426230430603,0.611912727355957,0.5277182459831238,0.7470544576644897,0.41309836506843567,0.6317620277404785,-0.11968708783388138,0.9884153008460999,0.41493338346481323,0.6207156777381897,0.5202128887176514,0.7850006222724915
276,squat,0,0.33120670914649963,0.38674628734588623,-0.1353178322315216,0.9998233914375305,0.3355047106742859,0.37784507870674133,-0.17030490934848785,0.9998743534088135,0.3382277190685272,0.37750178575515747,-0.17034178972244263,0.9998955726623535,0.3412654995918274,0.3771314322948456,-0.1704331487417221,0.9999095797538757,0.3325415551662445,0.377917617559433,-0.11331819742918015,0.9998474717140198,0.33322980999946594,0.3775692582130432,-0.11330021172761917,0.9998356103897095,0.3342766761779785,0.3771141469478607,-0.1132735088467598,0.9998567700386047,0.3630259335041046,0.3779846131801605,-0.2344687283039093,0.9998075366020203,0.3587464392185211,0.3776518702507019,0.018135594204068184,0.999803900718689,0.34485071897506714,0.39364349842071533,-0.15564146637916565,0.9997786283493042,0.34091654419898987,0.39348718523979187,-0.08207152038812637,0.9996765851974487,0.40552130341529846,0.41826358437538147,-0.38552889227867126,0.9997842907905579,0.4081578552722931,0.41793203353881836,0.21806327998638153,0.9991000294685364,0.2977137565612793,0.4632968306541443,-0.4038984775543213,0.9822218418121338,0.3134160339832306,0.45875251293182373,0.26888805627822876,0.32522308826446533,0.20342516899108887,0.4375828504562378,-0.21957573294639587,0.9862853288650513,0.21206800639629364,0.43904462456703186,0.12363073974847794,0.4242406189441681,0.1835746169090271,0.4359259605407715,-0.2691115438938141,0.9807727336883545,0.18903525173664093,0.4367479979991913,0.11230359226465225,0.4373445212841034,0.1867886632680893,0.43114352226257324,-0.2633025646209717,0.9799440503120422,0.1928509771823883,0.4333711862564087,0.07525770366191864,0.4398610591888428,0.19482697546482086,0.4319963753223419,-0.21465769410133362,0.9694890379905701,0.20108669996261597,0.4340105354785919,0.10049884766340256,0.44527527689933777,0.554161012172699,0.5061232447624207,-0.19222243130207062,0.9997605085372925,0.5425892472267151,0.5026291012763977,0.19252833724021912,0.9995819330215454,0.3674779236316681,0.5390299558639526,-0.21245115995407104,0.9806914925575256,0.3699864149093628,0.5329807996749878,0.29517513513565063,0.4696302115917206,0.4905698001384735,0.6151105761528015,-0.09011180698871613,0.9904429912567139,0.47596094012260437,0.6006293296813965,0.5168522000312805,0.6617456078529358,0.5207995772361755,0.6270975470542908,-0.07607276737689972,0.9869157671928406,0.5062758326530457,0.6115586161613464,0.5389191508293152,0.7394916415214539,0.41297832131385803,0.6319283246994019,-0.11424792557954788,0.9881367087364197,0.41488680243492126,0.6207004189491272,0.5291883945465088,0.7782340049743652
277,squat,0,0.33305054903030396,0.38570353388786316,-0.13089033961296082,0.999801516532898,0.3369463086128235,0.3766246736049652,-0.16632141172885895,0.9998598098754883,0.3396780490875244,0.3762117624282837,-0.16635118424892426,0.9998838901519775,0.34274938702583313,0.3757387697696686,-0.16643743216991425,0.9998996257781982,0.3341403901576996,0.3766572177410126,-0.10949338227510452,0.9998307824134827,0.3349033296108246,0.3762311637401581,-0.10947716981172562,0.9998180270195007,0.3360724449157715,0.3756922483444214,-0.10945093631744385,0.9998419880867004,0.36453551054000854,0.3761810064315796,-0.23189304769039154,0.9997878074645996,0.36040568351745605,0.37579721212387085,0.019790267571806908,0.9997862577438354,0.34667426347732544,0.3922024965286255,-0.151651993393898,0.999754786491394,0.3429718315601349,0.3919619619846344,-0.07838191837072372,0.9996435642242432,0.40796464681625366,0.4151320457458496,-0.3830570876598358,0.999774694442749,0.4118943512439728,0.41502121090888977,0.2188069224357605,0.9990410208702087,0.30081433057785034,0.4608583450317383,-0.4015616476535797,0.9819135665893555,0.31665313243865967,0.45628517866134644,0.2772444188594818,0.32217997312545776,0.20479318499565125,0.43462321162223816,-0.21133972704410553,0.9859573841094971,0.21465623378753662,0.4363568127155304,0.13749568164348602,0.4238230884075165,0.18637825548648834,0.4328237771987915,-0.25972437858581543,0.9805328249931335,0.1918625384569168,0.433663934469223,0.12661656737327576,0.43825212121009827,0.1889452040195465,0.4278755486011505,-0.2535492777824402,0.9796978235244751,0.19542892277240753,0.4302721917629242,0.09152664244174957,0.44102004170417786,0.19650806486606598,0.4286694824695587,-0.20619601011276245,0.9690818786621094,0.20365940034389496,0.43094402551651,0.11519061774015427,0.44577282667160034,0.5543050169944763,0.5037471652030945,-0.19250568747520447,0.9997532963752747,0.5433180928230286,0.500147819519043,0.19281864166259766,0.999565839767456,0.3686772584915161,0.5385740399360657,-0.21601252257823944,0.9801555871963501,0.37077298760414124,0.5325626134872437,0.29479533433914185,0.46258264780044556,0.4906371831893921,0.615105390548706,-0.09621306508779526,0.9901241064071655,0.47598567605018616,0.6002200841903687,0.5163100957870483,0.6508463025093079,0.5208333134651184,0.6270859241485596,-0.08219912648200989,0.9865514039993286,0.5062738060951233,0.6110761761665344,0.5380691885948181,0.7303974032402039,0.4129851460456848,0.632039487361908,-0.11796849220991135,0.9876810312271118,0.4152103066444397,0.6206132769584656,0.5289139151573181,0.7694315314292908
278,squat,0,0.3360106647014618,0.38046368956565857,-0.15375544130802155,0.9997552037239075,0.34067627787590027,0.3711879551410675,-0.18742375075817108,0.9998295307159424,0.3433387279510498,0.3708299994468689,-0.1874666064977646,0.9998595714569092,0.34631919860839844,0.3703497350215912,-0.1875600516796112,0.999879002571106,0.33785128593444824,0.37153053283691406,-0.13139992952346802,0.9997988343238831,0.33872801065444946,0.37129998207092285,-0.13139617443084717,0.9997837543487549,0.33995693922042847,0.3709131181240082,-0.1313851773738861,0.9998117685317993,0.36876654624938965,0.37127000093460083,-0.24868716299533844,0.9997467398643494,0.36349573731422424,0.37089720368385315,0.0006888270727358758,0.9997449517250061,0.3495173752307892,0.3868477940559387,-0.17312076687812805,0.9997130632400513,0.34528061747550964,0.3868675231933594,-0.10051900893449783,0.9995821714401245,0.41003549098968506,0.4110419452190399,-0.3950357437133789,0.9997581243515015,0.4143228530883789,0.41106149554252625,0.20348459482192993,0.9989209771156311,0.30520325899124146,0.4565224349498749,-0.4045366644859314,0.9814664721488953,0.3204498291015625,0.4527347683906555,0.27216291427612305,0.31643906235694885,0.21095159649848938,0.4294440746307373,-0.20987823605537415,0.984904944896698,0.22141064703464508,0.4316432476043701,0.13759058713912964,0.41949787735939026,0.19238978624343872,0.42746198177337646,-0.25598299503326416,0.9793886542320251,0.1986657828092575,0.428779661655426,0.12657530605793,0.43508803844451904,0.1944197416305542,0.42297646403312683,-0.2521153688430786,0.9785197973251343,0.2019341140985489,0.42572319507598877,0.09353549778461456,0.4378513991832733,0.20221418142318726,0.4236922562122345,-0.20512618124485016,0.9672867059707642,0.21018172800540924,0.42629286646842957,0.11624084413051605,0.4414588212966919,0.5550313591957092,0.5002026557922363,-0.19249562919139862,0.9997408986091614,0.5446878671646118,0.49652811884880066,0.19280695915222168,0.9995343089103699,0.3726733922958374,0.5373551249504089,-0.2179298847913742,0.9797495007514954,0.37463200092315674,0.5315733551979065,0.29695162177085876,0.46200358867645264,0.49064186215400696,0.6151431202888489,-0.1134721040725708,0.9898638725280762,0.4760061204433441,0.6002573370933533,0.5151088237762451,0.6446132659912109,0.5207591652870178,0.6273048520088196,-0.10180816799402237,0.9860188961029053,0.5058290362358093,0.6111243963241577,0.5366277098655701,0.7245587706565857,0.41297462582588196,0.6320745348930359,-0.15001550316810608,0.987337589263916,0.41507747769355774,0.6205976605415344,0.5274586081504822,0.7643364667892456
279,squat,0,0.33850154280662537,0.37678107619285583,-0.15992428362369537,0.9997325539588928,0.3435015380382538,0.36755049228668213,-0.19354143738746643,0.9998152852058411,0.3461321294307709,0.3671706020832062,-0.19356770813465118,0.9998477101325989,0.34919843077659607,0.36660218238830566,-0.19364701211452484,0.9998695850372314,0.34067651629447937,0.36796149611473083,-0.13832776248455048,0.9997863173484802,0.3415980339050293,0.367771714925766,-0.13833478093147278,0.9997696876525879,0.3428584337234497,0.3674067258834839,-0.13833332061767578,0.9997996091842651,0.3718523681163788,0.3675466775894165,-0.25394800305366516,0.9997274279594421,0.3662099242210388,0.36724403500556946,-0.008285860531032085,0.9997239112854004,0.3521837294101715,0.3829316198825836,-0.17900635302066803,0.9996947050094604,0.3474525213241577,0.38313499093055725,-0.10746785253286362,0.9995532035827637,0.41111165285110474,0.40774986147880554,-0.39777353405952454,0.999748945236206,0.4178725779056549,0.4070618748664856,0.19548872113227844,0.998812735080719,0.31303563714027405,0.4534837305545807,-0.40345168113708496,0.9808425307273865,0.32619842886924744,0.4499432444572449,0.26680871844291687,0.3095097243785858,0.21996845304965973,0.4257768988609314,-0.19229485094547272,0.9834431409835815,0.2289862483739853,0.4277701675891876,0.136583149433136,0.41275715827941895,0.19941546022891998,0.42398732900619507,-0.2334352731704712,0.9777475595474243,0.20505206286907196,0.4248446822166443,0.1253676563501358,0.42946484684944153,0.2018054872751236,0.41960352659225464,-0.23409850895404816,0.9768385887145996,0.20792372524738312,0.421962171792984,0.09275729954242706,0.43206727504730225,0.20989906787872314,0.42008835077285767,-0.188272163271904,0.9648272395133972,0.21652397513389587,0.4224368929862976,0.11530250310897827,0.4345511198043823,0.5562521815299988,0.4976194202899933,-0.19251100718975067,0.9997416138648987,0.5463328957557678,0.49307700991630554,0.19282139837741852,0.9995200634002686,0.37604638934135437,0.5362681150436401,-0.23285816609859467,0.980085015296936,0.3778967261314392,0.530317485332489,0.3229931592941284,0.4606340229511261,0.4906478822231293,0.6154073476791382,-0.1632351279258728,0.9900500178337097,0.47506946325302124,0.6000396609306335,0.5471137166023254,0.6397764682769775,0.5207497477531433,0.627482533454895,-0.15586380660533905,0.9859675168991089,0.504445493221283,0.6110982894897461,0.5691174268722534,0.720267653465271,0.41288065910339355,0.632068932056427,-0.21982945501804352,0.987540066242218,0.41413041949272156,0.6199406981468201,0.5612392425537109,0.7617421746253967
280,squat,0,0.3408283293247223,0.37361711263656616,-0.15236513316631317,0.9997289776802063,0.3460187315940857,0.3643330931663513,-0.18839611113071442,0.9998133778572083,0.3486013412475586,0.3638838529586792,-0.18843889236450195,0.9998458027839661,0.35166874527931213,0.36323630809783936,-0.18853802978992462,0.9998682737350464,0.3433607518672943,0.36476999521255493,-0.1314123421907425,0.9997867345809937,0.3443373441696167,0.36456558108329773,-0.13139913976192474,0.9997696280479431,0.34561687707901,0.3641776740550995,-0.13137991726398468,0.9997996091842651,0.3744407892227173,0.3641699552536011,-0.24714520573616028,0.9997252225875854,0.36887121200561523,0.36389750242233276,-0.003887908300384879,0.9997214674949646,0.35458722710609436,0.37956997752189636,-0.17395757138729095,0.9996902346611023,0.34973201155662537,0.3797306418418884,-0.10031471401453018,0.9995467662811279,0.4130164682865143,0.40366268157958984,-0.39227011799812317,0.9997411966323853,0.42374467849731445,0.4034764766693115,0.2018861174583435,0.9987406730651855,0.31896090507507324,0.45032647252082825,-0.3777032792568207,0.980242908000946,0.3320603370666504,0.44757941365242004,0.27934354543685913,0.3046630024909973,0.22729845345020294,0.423380583524704,-0.15364645421504974,0.9823170304298401,0.235057532787323,0.4252072274684906,0.15272057056427002,0.4072568118572235,0.20592661201953888,0.42082589864730835,-0.19100670516490936,0.9764900207519531,0.2111922651529312,0.4217023551464081,0.14191679656505585,0.42465969920158386,0.20916742086410522,0.41638243198394775,-0.191529780626297,0.9755578637123108,0.21356795728206635,0.4183865487575531,0.11228732019662857,0.42703643441200256,0.2172664850950241,0.41712686419487,-0.1489291936159134,0.9630141258239746,0.2219856232404709,0.4191639721393585,0.1326538622379303,0.42867767810821533,0.556885838508606,0.4948456585407257,-0.19280506670475006,0.9997409582138062,0.5497256517410278,0.4905271530151367,0.1931077241897583,0.9995123147964478,0.37772777676582336,0.5351861119270325,-0.23312699794769287,0.9805051684379578,0.3813663423061371,0.529435396194458,0.32032373547554016,0.46024858951568604,0.49070656299591064,0.6155925989151001,-0.16113261878490448,0.9902762174606323,0.4753058850765228,0.6005668044090271,0.538802981376648,0.637381374835968,0.520838737487793,0.6277317404747009,-0.15327014029026031,0.9861456751823425,0.5044326186180115,0.6113507151603699,0.5600748062133789,0.7182849049568176,0.4128868579864502,0.6320490837097168,-0.21299591660499573,0.9877984523773193,0.4141341745853424,0.6199339628219604,0.5506955981254578,0.7608191967010498
281,squat,0,0.34266191720962524,0.3703763484954834,-0.14987662434577942,0.9997120499610901,0.3481634259223938,0.36084479093551636,-0.1842331737279892,0.9998027086257935,0.3507196009159088,0.3604048490524292,-0.18426276743412018,0.9998366236686707,0.3538016974925995,0.35977596044540405,-0.18434613943099976,0.9998611807823181,0.3454907536506653,0.3612760603427887,-0.128313809633255,0.9997767210006714,0.3464478850364685,0.3610628843307495,-0.1283120959997177,0.999757707118988,0.3476645052433014,0.36067813634872437,-0.12830761075019836,0.9997895956039429,0.3765886425971985,0.36080366373062134,-0.2438805252313614,0.9997100234031677,0.37085944414138794,0.3605557084083557,0.0008780797943472862,0.9997040629386902,0.35652804374694824,0.3761971890926361,-0.16967375576496124,0.9996758103370667,0.3514811396598816,0.3763882517814636,-0.09736918658018112,0.9995216727256775,0.41540101170539856,0.4000842869281769,-0.39014822244644165,0.9997365474700928,0.42454540729522705,0.3998528718948364,0.20533041656017303,0.9986549019813538,0.32311365008354187,0.44767796993255615,-0.37961727380752563,0.9796772599220276,0.33460134267807007,0.4450639486312866,0.2793010473251343,0.30150434374809265,0.23268264532089233,0.42022329568862915,-0.1607755720615387,0.9815616607666016,0.23905645310878754,0.42176276445388794,0.14842569828033447,0.4059422016143799,0.21163475513458252,0.4170330762863159,-0.19424639642238617,0.975726306438446,0.2155212014913559,0.4180367588996887,0.137180358171463,0.42376431822776794,0.21530845761299133,0.41274183988571167,-0.20518803596496582,0.9747887849807739,0.21828265488147736,0.41431066393852234,0.10641543567180634,0.4260292649269104,0.22309456765651703,0.41348540782928467,-0.15899083018302917,0.9618249535560608,0.2261873483657837,0.41505375504493713,0.12784917652606964,0.4268307387828827,0.558744490146637,0.49199384450912476,-0.19291068613529205,0.9997426271438599,0.5500556826591492,0.4876340925693512,0.19320985674858093,0.999502420425415,0.38015690445899963,0.5343548059463501,-0.2358885556459427,0.9810121059417725,0.3824934661388397,0.5283240675926208,0.3296903967857361,0.461402952671051,0.49109992384910583,0.6155890226364136,-0.16790984570980072,0.9905573725700378,0.47521457076072693,0.6003483533859253,0.5513619780540466,0.6350879073143005,0.5213227272033691,0.6277894973754883,-0.16078169643878937,0.9862279295921326,0.5035865902900696,0.610990583896637,0.572820246219635,0.7155479192733765,0.4130677580833435,0.631768524646759,-0.2266577035188675,0.9881120324134827,0.4139874577522278,0.6191086769104004,0.5627176761627197,0.7605119943618774
282,squat,0,0.3478805422782898,0.3596895933151245,-0.12930850684642792,0.9997191429138184,0.35353249311447144,0.3506278991699219,-0.16230018436908722,0.9998067617416382,0.35605117678642273,0.35028350353240967,-0.16230788826942444,0.9998395442962646,0.35889461636543274,0.34989574551582336,-0.16237422823905945,0.9998639225959778,0.3508862257003784,0.3511154353618622,-0.10585720092058182,0.9997835159301758,0.35193267464637756,0.350973516702652,-0.10588032752275467,0.999765157699585,0.35311374068260193,0.3507465422153473,-0.10589256882667542,0.999796986579895,0.38246893882751465,0.35124471783638,-0.22242069244384766,0.999714732170105,0.37649011611938477,0.35091498494148254,0.027304204180836678,0.9997131824493408,0.36017170548439026,0.365944504737854,-0.1490066796541214,0.9996811747550964,0.355826735496521,0.3664550185203552,-0.07589942216873169,0.9995294809341431,0.42236655950546265,0.3895212709903717,-0.37346386909484863,0.9997333884239197,0.4246312081813812,0.39461684226989746,0.23228980600833893,0.9986181259155273,0.33712682127952576,0.44048017263412476,-0.3691656291484833,0.9795099496841431,0.3415655493736267,0.4407944977283478,0.3059178590774536,0.30356261134147644,0.2449665367603302,0.41385412216186523,-0.16227789223194122,0.9804445505142212,0.24858690798282623,0.4164971113204956,0.1748911738395691,0.4069734811782837,0.22345410287380219,0.41119274497032166,-0.19910366833209991,0.9742478132247925,0.22534993290901184,0.41325899958610535,0.16493651270866394,0.42253580689430237,0.22619134187698364,0.4062800109386444,-0.20106947422027588,0.9732658267021179,0.22706256806850433,0.4086189866065979,0.1374446004629135,0.4246804714202881,0.23515278100967407,0.40654799342155457,-0.15800882875919342,0.9595649242401123,0.23515895009040833,0.4085821807384491,0.15545623004436493,0.4249022901058197,0.5610324740409851,0.4841255843639374,-0.19476155936717987,0.9997380971908569,0.5504125952720642,0.4822867214679718,0.19507142901420593,0.9994935393333435,0.386480450630188,0.533266544342041,-0.24138765037059784,0.9815884828567505,0.3873980939388275,0.5280325412750244,0.3261803686618805,0.4631749093532562,0.4909699857234955,0.6153140068054199,-0.17848576605319977,0.9907707571983337,0.47508707642555237,0.6002580523490906,0.5452645421028137,0.6319887638092041,0.5209540128707886,0.627757728099823,-0.1717928797006607,0.986189603805542,0.5026172995567322,0.6109376549720764,0.566924512386322,0.7113617062568665,0.41306236386299133,0.6317145228385925,-0.2424156814813614,0.9883278608322144,0.41396546363830566,0.6187887191772461,0.5509427785873413,0.7594035863876343
283,squat,0,0.3510937988758087,0.35611507296562195,-0.10730484127998352,0.9997349977493286,0.35664623975753784,0.3470853865146637,-0.1425306499004364,0.9998173117637634,0.359474778175354,0.346554160118103,-0.14252351224422455,0.9998481273651123,0.3623080551624298,0.3460856080055237,-0.1425902545452118,0.9998712539672852,0.35426491498947144,0.3476257622241974,-0.08530540019273758,0.9997963905334473,0.35542625188827515,0.3474351167678833,-0.08532670885324478,0.999779224395752,0.3567669987678528,0.3470897972583771,-0.0853295847773552,0.9998095035552979,0.3856341242790222,0.3477117419242859,-0.2076389193534851,0.9997299909591675,0.37997835874557495,0.34746360778808594,0.04543289914727211,0.9997302293777466,0.3629007935523987,0.3624953031539917,-0.12809836864471436,0.9996954202651978,0.3587351441383362,0.362819641828537,-0.0541992224752903,0.9995506405830383,0.4250412881374359,0.3859570622444153,-0.3617897927761078,0.9997397065162659,0.43168625235557556,0.38972795009613037,0.25520193576812744,0.9986268281936646,0.34220123291015625,0.4370517432689667,-0.347225159406662,0.9792038798332214,0.35084861516952515,0.4371010959148407,0.328053742647171,0.3024314343929291,0.25237607955932617,0.4104906916618347,-0.11856863647699356,0.979226291179657,0.2578551471233368,0.41313436627388,0.20072683691978455,0.4053598642349243,0.23067975044250488,0.4073745608329773,-0.15235865116119385,0.9727281332015991,0.23315805196762085,0.40939176082611084,0.192137211561203,0.41976794600486755,0.2335204929113388,0.40229079127311707,-0.1519893854856491,0.971663236618042,0.23443886637687683,0.40483739972114563,0.164224311709404,0.42164507508277893,0.24267347157001495,0.4025574028491974,-0.1126575693488121,0.9573846459388733,0.24357573688030243,0.404994934797287,0.18123307824134827,0.42142921686172485,0.5607883334159851,0.480005145072937,-0.19883763790130615,0.9997445344924927,0.5527587532997131,0.47806572914123535,0.1991465836763382,0.9995039701461792,0.38965314626693726,0.5321380496025085,-0.25062331557273865,0.9824183583259583,0.39246100187301636,0.5270215272903442,0.3218885362148285,0.4640704095363617,0.49091219902038574,0.6145341396331787,-0.192265123128891,0.9911881685256958,0.4754681885242462,0.5998917818069458,0.5407962799072266,0.632160484790802,0.5209460258483887,0.6275628805160522,-0.18584495782852173,0.9866127967834473,0.5028079152107239,0.610903263092041,0.5620685815811157,0.7115052938461304,0.4130150079727173,0.6308557987213135,-0.2529047429561615,0.9888050556182861,0.4130590558052063,0.6180353760719299,0.5472870469093323,0.761070966720581
284,squat,0,0.35385799407958984,0.35135799646377563,-0.11008335649967194,0.9997512102127075,0.35982099175453186,0.34255266189575195,-0.14543937146663666,0.9998278021812439,0.36279845237731934,0.3420173227787018,-0.14543646574020386,0.9998566508293152,0.36584433913230896,0.3415047824382782,-0.1455051302909851,0.9998782277107239,0.3576056957244873,0.34299999475479126,-0.08711152523756027,0.9998087286949158,0.3587387204170227,0.34281665086746216,-0.08713088184595108,0.9997929930686951,0.36015191674232483,0.34245696663856506,-0.08713112771511078,0.999821662902832,0.38867032527923584,0.34323495626449585,-0.21058478951454163,0.99974524974823,0.3833186626434326,0.3429821729660034,0.048321809619665146,0.9997474551200867,0.3655095398426056,0.35784417390823364,-0.1308470368385315,0.9997113347053528,0.3614417314529419,0.35800158977508545,-0.055530767887830734,0.9995755553245544,0.4272106885910034,0.3819131553173065,-0.3649005591869354,0.9997493624687195,0.43334394693374634,0.38519829511642456,0.2602285146713257,0.998673141002655,0.3483593165874481,0.433374285697937,-0.35336166620254517,0.9792277812957764,0.3578183352947235,0.4330231845378876,0.3302932679653168,0.3040449321269989,0.2580457925796509,0.4064808487892151,-0.12464875727891922,0.9785374999046326,0.26256105303764343,0.4084704518318176,0.1972396820783615,0.4082948863506317,0.23673535883426666,0.40412724018096924,-0.16230815649032593,0.9717416167259216,0.23811136186122894,0.4056739807128906,0.18768678605556488,0.4206996560096741,0.238917738199234,0.3990447521209717,-0.16126851737499237,0.9706318378448486,0.23974359035491943,0.40127208828926086,0.1569574922323227,0.42261698842048645,0.24837739765644073,0.39920416474342346,-0.11887355893850327,0.9558892250061035,0.24900981783866882,0.40114426612854004,0.17642341554164886,0.42214637994766235,0.5617075562477112,0.47697609663009644,-0.20337311923503876,0.9997501969337463,0.5538668632507324,0.47471022605895996,0.20369456708431244,0.9995184540748596,0.39535030722618103,0.5318148732185364,-0.24513496458530426,0.983299732208252,0.3964773714542389,0.5263963937759399,0.3247450292110443,0.46954911947250366,0.49094802141189575,0.6143621206283569,-0.18127267062664032,0.991581380367279,0.47651904821395874,0.5997739434242249,0.5517258048057556,0.6372241973876953,0.5206035375595093,0.6276259422302246,-0.17545637488365173,0.9869718551635742,0.5031604170799255,0.6111745238304138,0.5735036134719849,0.7140443325042725,0.41286399960517883,0.6298013925552368,-0.22221370041370392,0.9892722368240356,0.41232064366340637,0.6177946329116821,0.5513656139373779,0.7656795382499695
285,squat,0,0.35705968737602234,0.3466563820838928,-0.10457984358072281,0.9997681379318237,0.3629615306854248,0.33782699704170227,-0.14059190452098846,0.9998387098312378,0.365900456905365,0.3373062312602997,-0.1405850499868393,0.9998655915260315,0.3689570724964142,0.3367941677570343,-0.14064915478229523,0.999885618686676,0.3609548807144165,0.33822891116142273,-0.08124386519193649,0.9998213648796082,0.3621169626712799,0.33802875876426697,-0.08126520365476608,0.9998069405555725,0.36359864473342896,0.3376586437225342,-0.08126998692750931,0.9998337626457214,0.39158686995506287,0.3386216461658478,-0.20726311206817627,0.9997609853744507,0.3867831528186798,0.33839520812034607,0.05500612035393715,0.9997649192810059,0.3687131404876709,0.3530873656272888,-0.12594644725322723,0.9997284412384033,0.3648242950439453,0.3532778322696686,-0.049460794776678085,0.9996018409729004,0.4294889271259308,0.3774140179157257,-0.36482805013656616,0.9997622966766357,0.43392297625541687,0.38093024492263794,0.26761043071746826,0.998727023601532,0.35244250297546387,0.428989440202713,-0.350142240524292,0.9794186949729919,0.3620505630970001,0.4287954866886139,0.33961746096611023,0.3071303069591522,0.26351046562194824,0.40167513489723206,-0.11836662143468857,0.9781442880630493,0.2672131061553955,0.4042661488056183,0.20836012065410614,0.4147518575191498,0.24287346005439758,0.3995414078235626,-0.15487878024578094,0.971131443977356,0.24438965320587158,0.40145593881607056,0.19975963234901428,0.42460015416145325,0.24595072865486145,0.39435574412345886,-0.1554565727710724,0.9699806571006775,0.24593906104564667,0.39708107709884644,0.1694844663143158,0.4264489412307739,0.2552410662174225,0.39459332823753357,-0.11305248737335205,0.9549612402915955,0.25500625371932983,0.39715149998664856,0.1878354549407959,0.42546841502189636,0.5626385807991028,0.4734829068183899,-0.20557472109794617,0.9997612833976746,0.553521990776062,0.47114551067352295,0.20591360330581665,0.9995394349098206,0.39929255843162537,0.5310990810394287,-0.24641448259353638,0.9841902256011963,0.3970295488834381,0.5257099866867065,0.3211449086666107,0.47580668330192566,0.4914199709892273,0.614460825920105,-0.1870495229959488,0.9920406937599182,0.4764704406261444,0.5993507504463196,0.5448957681655884,0.641153872013092,0.5201264023780823,0.6275588274002075,-0.18106478452682495,0.9874504804611206,0.502875566482544,0.6111868619918823,0.5651631355285645,0.7165611386299133,0.41291821002960205,0.6295462846755981,-0.25479939579963684,0.9898353815078735,0.41079509258270264,0.6177740097045898,0.5344573855400085,0.7699835896492004
286,squat,0,0.36075517535209656,0.34163808822631836,-0.08359961211681366,0.9997876286506653,0.36696332693099976,0.3330511748790741,-0.12150759249925613,0.9998518228530884,0.36986854672431946,0.33258408308029175,-0.1214856281876564,0.9998764395713806,0.37283673882484436,0.3321407437324524,-0.12153296172618866,0.9998947381973267,0.3651239573955536,0.33331915736198425,-0.061499256640672684,0.999836266040802,0.3664165437221527,0.33304986357688904,-0.061533354222774506,0.999823272228241,0.3680260181427002,0.3326478600502014,-0.06155143305659294,0.9998480081558228,0.3955964744091034,0.33399805426597595,-0.19508369266986847,0.9997800588607788,0.39156374335289,0.3336341679096222,0.0692431777715683,0.9997850656509399,0.37264132499694824,0.3480638563632965,-0.10749068111181259,0.9997491836547852,0.36897286772727966,0.34824347496032715,-0.030318303033709526,0.9996331930160522,0.4328724443912506,0.37183499336242676,-0.35327503085136414,0.999775767326355,0.43663743138313293,0.3760586380958557,0.2781308889389038,0.9988003969192505,0.3597997725009918,0.42440566420555115,-0.3224053382873535,0.9794842600822449,0.3677636682987213,0.42440518736839294,0.3484310507774353,0.31596869230270386,0.268658310174942,0.39669081568717957,-0.06653334200382233,0.9773523211479187,0.27138426899909973,0.39996951818466187,0.22486315667629242,0.4256483018398285,0.24750033020973206,0.39501720666885376,-0.09597840905189514,0.9699062705039978,0.24829742312431335,0.3972947299480438,0.21816936135292053,0.43141889572143555,0.25134050846099854,0.38973528146743774,-0.09692870825529099,0.9686386585235596,0.2503115236759186,0.39295971393585205,0.18990257382392883,0.432980477809906,0.260833203792572,0.38976117968559265,-0.05997465178370476,0.9531777501106262,0.25970253348350525,0.392986923456192,0.2056189775466919,0.43145155906677246,0.5629074573516846,0.46960461139678955,-0.20635339617729187,0.9997745156288147,0.5535370111465454,0.46730995178222656,0.2066865861415863,0.9995656609535217,0.40301090478897095,0.5296687483787537,-0.2553721070289612,0.9850932955741882,0.401618629693985,0.5245051383972168,0.3201431632041931,0.48279646039009094,0.4932278096675873,0.6146475076675415,-0.21710540354251862,0.9924999475479126,0.4760633111000061,0.597990095615387,0.5424458980560303,0.6462019085884094,0.5201855301856995,0.6271012425422668,-0.21370789408683777,0.9879670739173889,0.5028257369995117,0.6107791066169739,0.5632558465003967,0.7204042673110962,0.4140760004520416,0.6295629143714905,-0.2950207591056824,0.9904144406318665,0.410463809967041,0.6177922487258911,0.5340238809585571,0.7754784822463989
287,squat,0,0.36523908376693726,0.33526983857154846,-0.047329697757959366,0.9998070597648621,0.37166279554367065,0.32688528299331665,-0.08714763820171356,0.9998651146888733,0.3746207654476166,0.3264838755130768,-0.08712111413478851,0.9998874068260193,0.37750810384750366,0.32614314556121826,-0.08716724812984467,0.9999040365219116,0.36976271867752075,0.32713767886161804,-0.02512332983314991,0.9998512268066406,0.37115031480789185,0.3268894553184509,-0.02516518533229828,0.9998394846916199,0.37279143929481506,0.3265235722064972,-0.025188812986016273,0.9998620748519897,0.40046852827072144,0.32829272747039795,-0.1700829714536667,0.9997996091842651,0.39633461833000183,0.3279264271259308,0.10224081575870514,0.9998049139976501,0.3768710494041443,0.3419105112552643,-0.07483834773302078,0.9997703433036804,0.3732931613922119,0.3420771658420563,0.004632935393601656,0.9996650218963623,0.4356186091899872,0.3662080764770508,-0.3336557447910309,0.9997888207435608,0.44110485911369324,0.37064409255981445,0.30826666951179504,0.9988815784454346,0.3649597465991974,0.4192051291465759,-0.29258689284324646,0.9796164035797119,0.3758344054222107,0.41974103450775146,0.3803768754005432,0.3227705657482147,0.2745053768157959,0.3915570378303528,-0.007725052069872618,0.9760532975196838,0.27805227041244507,0.3951273560523987,0.26914575695991516,0.43298307061195374,0.2539312243461609,0.390613317489624,-0.02980092167854309,0.967743992805481,0.2546984553337097,0.3933925926685333,0.26761001348495483,0.4339616298675537,0.2576603591442108,0.3854450285434723,-0.03028399869799614,0.9662285447120667,0.2575976252555847,0.3888048827648163,0.24044208228588104,0.4352073073387146,0.26703980565071106,0.38524776697158813,0.0005608302308246493,0.9500740766525269,0.2682584822177887,0.3884521424770355,0.2509755790233612,0.4334106147289276,0.5628475546836853,0.4651278555393219,-0.20745690166950226,0.9997860789299011,0.5533485412597656,0.463588684797287,0.20778708159923553,0.9995917081832886,0.40706074237823486,0.5288209319114685,-0.2658099830150604,0.9858909249305725,0.40768593549728394,0.5239653587341309,0.2914488911628723,0.49317383766174316,0.4946227967739105,0.6147048473358154,-0.24171289801597595,0.9928658604621887,0.4764590859413147,0.5978041887283325,0.48474401235580444,0.6530212759971619,0.5202279686927795,0.6268705725669861,-0.24015134572982788,0.9883711338043213,0.503507137298584,0.6107983589172363,0.5016246438026428,0.7245538234710693,0.4182640612125397,0.6301128268241882,-0.3253841996192932,0.990871250629425,0.41176098585128784,0.6192947030067444,0.47004854679107666,0.7805861830711365
333,squat,0,0.35447022318840027,0.42310118675231934,-0.1343187391757965,0.999351978302002,0.3527025878429413,0.4140542447566986,-0.1755422055721283,0.9993798732757568,0.3547433614730835,0.41335412859916687,-0.1756158024072647,0.9994478225708008,0.3571835160255432,0.41264593601226807,-0.17576339840888977,0.9995501041412354,0.3515225052833557,0.41399526596069336,-0.1135578453540802,0.9993373155593872,0.35258445143699646,0.41324320435523987,-0.11358422040939331,0.9993346929550171,0.3537725508213043,0.4124038517475128,-0.11355756223201752,0.999443531036377,0.38162100315093994,0.41120046377182007,-0.2620986998081207,0.9989268779754639,0.378213107585907,0.41069209575653076,0.01623024232685566,0.9992449879646301,0.36957499384880066,0.42774665355682373,-0.16265903413295746,0.9992720484733582,0.36776694655418396,0.4280398488044739,-0.08074050396680832,0.9989963173866272,0.43598759174346924,0.44220784306526184,-0.4101799428462982,0.9995247721672058,0.43947815895080566,0.4385610818862915,0.20511867105960846,0.9983832240104675,0.31270632147789,0.46727606654167175,-0.5327954292297363,0.9853886961936951,0.3214399218559265,0.464117169380188,0.29196348786354065,0.3326508402824402,0.1917455643415451,0.4628666043281555,-0.46447890996932983,0.9835212230682373,0.1999197155237198,0.4633582830429077,0.11581902951002121,0.5080410838127136,0.16377489268779755,0.46707457304000854,-0.5432997941970825,0.976018488407135,0.17390237748622894,0.46595609188079834,0.10341423749923706,0.5280418992042542,0.15973925590515137,0.46362796425819397,-0.5129459500312805,0.9734447598457336,0.16950932145118713,0.4647219181060791,0.04727184399962425,0.5387899279594421,0.16898038983345032,0.4621520936489105,-0.45536911487579346,0.95665442943573,0.17826814949512482,0.46360811591148376,0.0837366059422493,0.5579589009284973,0.6223722100257874,0.5195958614349365,-0.198494091629982,0.9989919066429138,0.6133142709732056,0.514223575592041,0.19850528240203857,0.9981632232666016,0.42942267656326294,0.5265681147575378,-0.1894221007823944,0.9482219219207764,0.43062177300453186,0.5238333344459534,0.28531619906425476,0.27718105912208557,0.4895525276660919,0.6140956878662109,0.02718433365225792,0.9736742377281189,0.47968780994415283,0.5999981164932251,0.5332728624343872,0.41929012537002563,0.5184146165847778,0.6276793479919434,0.04686934873461723,0.9626052975654602,0.5046898126602173,0.6124452948570251,0.5556429624557495,0.5978098511695862,0.40763476490974426,0.626041829586029,0.008804602548480034,0.9605792760848999,0.40893346071243286,0.6163433194160461,0.5436647534370422,0.5853161811828613
334,squat,0,0.35514289140701294,0.4303591847419739,-0.13875851035118103,0.999330461025238,0.35412535071372986,0.4221417307853699,-0.17809869349002838,0.9993739724159241,0.35614246129989624,0.4216393828392029,-0.1781817376613617,0.9994450211524963,0.3585984408855438,0.4211048483848572,-0.17831943929195404,0.9995487928390503,0.35300949215888977,0.4220617413520813,-0.11639726907014847,0.9993249773979187,0.3540073037147522,0.4215376079082489,-0.11641654372215271,0.9993200302124023,0.35519787669181824,0.4209820330142975,-0.1163874939084053,0.9994282722473145,0.3834434151649475,0.42003199458122253,-0.26520147919654846,0.9989304542541504,0.38024047017097473,0.41950294375419617,0.013780017383396626,0.9992316365242004,0.37001633644104004,0.4350777566432953,-0.16735216975212097,0.9992637038230896,0.36818215250968933,0.43554171919822693,-0.08568897843360901,0.9989962577819824,0.43601885437965393,0.4504009783267975,-0.409071147441864,0.9995230436325073,0.4406159222126007,0.44597336649894714,0.1960611343383789,0.9983728528022766,0.31176796555519104,0.47393810749053955,-0.5340973734855652,0.9850436449050903,0.32149332761764526,0.4701237678527832,0.27924883365631104,0.32370349764823914,0.19156557321548462,0.471030056476593,-0.487552672624588,0.9831531047821045,0.2005683183670044,0.4705545902252197,0.10468046367168427,0.5004509091377258,0.16279228031635284,0.4742245078086853,-0.5698630213737488,0.9754597544670105,0.1744372844696045,0.4725024402141571,0.09073466807603836,0.5235182046890259,0.15906395018100739,0.4711867868900299,-0.5390854477882385,0.9727594256401062,0.17000451683998108,0.4713782072067261,0.034013502299785614,0.534674882888794,0.16869458556175232,0.47020724415779114,-0.47925031185150146,0.9556427001953125,0.17884446680545807,0.4706401824951172,0.07195523381233215,0.5552439093589783,0.6221270561218262,0.527215301990509,-0.19689500331878662,0.9990485310554504,0.6125805974006653,0.5203942656517029,0.19691435992717743,0.9982525706291199,0.4291507303714752,0.5277702808380127,-0.1921050250530243,0.9461998343467712,0.4301190972328186,0.5240362882614136,0.3014020323753357,0.26684632897377014,0.4896683692932129,0.6141646504402161,0.020128563046455383,0.972588062286377,0.47972720861434937,0.5999609231948853,0.5462416410446167,0.40707293152809143,0.5193461179733276,0.6284438967704773,0.03918377310037613,0.960772693157196,0.5047138333320618,0.6120650768280029,0.5681032538414001,0.5884905457496643,0.40808406472206116,0.62610924243927,-0.0020953621715307236,0.9586279392242432,0.408982515335083,0.6162970066070557,0.5603697299957275,0.5747085809707642
335,squat,0,0.3565484583377838,0.43593358993530273,-0.14329688251018524,0.9993246793746948,0.35581234097480774,0.4275684952735901,-0.1821136623620987,0.999380350112915,0.3579236567020416,0.4269992709159851,-0.18219970166683197,0.9994527101516724,0.3603755235671997,0.42644748091697693,-0.18233361840248108,0.9995542764663696,0.35461047291755676,0.4275916516780853,-0.12151676416397095,0.9993313550949097,0.3556242883205414,0.42705217003822327,-0.12153615802526474,0.9993253946304321,0.3568706512451172,0.4264570474624634,-0.12150914967060089,0.9994287490844727,0.3854001462459564,0.4253893196582794,-0.267375111579895,0.9989539384841919,0.38230445981025696,0.4247637987136841,0.006881196517497301,0.9992392659187317,0.3714505434036255,0.4405112564563751,-0.17076021432876587,0.9992712140083313,0.3696514368057251,0.44111236929893494,-0.09062477201223373,0.9990232586860657,0.4360347092151642,0.45586130023002625,-0.4073774218559265,0.999527096748352,0.442501962184906,0.45167502760887146,0.18924778699874878,0.9983952641487122,0.3095759153366089,0.4791364371776581,-0.5300124287605286,0.9848578572273254,0.32169675827026367,0.4756374657154083,0.26567497849464417,0.31724444031715393,0.1887960135936737,0.47534987330436707,-0.48202750086784363,0.9830350875854492,0.2008839100599289,0.47467273473739624,0.08677533268928528,0.493154913187027,0.1597404032945633,0.4784393608570099,-0.5684797763824463,0.9752025604248047,0.17484571039676666,0.4761306345462799,0.06921251118183136,0.518625795841217,0.15695233643054962,0.4743175804615021,-0.5361831784248352,0.9724207520484924,0.17038071155548096,0.4748767018318176,0.012882417067885399,0.5302934646606445,0.16682299971580505,0.47342950105667114,-0.4760144352912903,0.955311119556427,0.17928294837474823,0.47442543506622314,0.053981535136699677,0.5522354245185852,0.6218591332435608,0.5323423743247986,-0.19479434192180634,0.9991136193275452,0.615014374256134,0.5246132016181946,0.19481799006462097,0.9983633160591125,0.4281351864337921,0.5285462141036987,-0.17638109624385834,0.945554792881012,0.4302060604095459,0.5238624215126038,0.346280038356781,0.25639772415161133,0.4905605614185333,0.6138511896133423,0.06474179029464722,0.9707218408584595,0.4800923466682434,0.5989950299263,0.6110583543777466,0.3955109715461731,0.5201939940452576,0.6283389329910278,0.08674556761980057,0.9580300450325012,0.5047222971916199,0.6108574271202087,0.6350681185722351,0.5780091285705566,0.4090445041656494,0.6254739761352539,0.05307598412036896,0.9560112357139587,0.4091890752315521,0.6132266521453857,0.6284093856811523,0.5661134123802185
336,squat,0,0.3575133979320526,0.4406636953353882,-0.1483185589313507,0.9993091821670532,0.3570926785469055,0.4319652020931244,-0.18648084998130798,0.9993814826011658,0.3592483699321747,0.431387722492218,-0.18657809495925903,0.9994556903839111,0.3616708219051361,0.43084412813186646,-0.1867212951183319,0.9995567202568054,0.3558408319950104,0.43199533224105835,-0.12693171203136444,0.9993289709091187,0.3569188117980957,0.4314078986644745,-0.12695066630840302,0.9993215203285217,0.35822486877441406,0.4307619631290436,-0.12692312896251678,0.9994206428527832,0.3865424394607544,0.4301351308822632,-0.26981139183044434,0.9989715814590454,0.3835369348526001,0.42943936586380005,-0.00018620344053488225,0.9992293119430542,0.37228289246559143,0.4452354609966278,-0.17498745024204254,0.9992642998695374,0.3706318736076355,0.4458717107772827,-0.09633500874042511,0.9990316033363342,0.4360526502132416,0.46080103516578674,-0.4073718786239624,0.9995157718658447,0.443448007106781,0.45622891187667847,0.18193182349205017,0.9983553886413574,0.3072507083415985,0.48364466428756714,-0.528827428817749,0.9843325018882751,0.32159966230392456,0.4802689850330353,0.2515695095062256,0.30525800585746765,0.18567825853824615,0.47863689064979553,-0.4712812900543213,0.9824790954589844,0.19818155467510223,0.478106826543808,0.07346335798501968,0.47592535614967346,0.1567516326904297,0.48135724663734436,-0.555381715297699,0.9743471741676331,0.1723996251821518,0.48004069924354553,0.05613906681537628,0.503919780254364,0.15418681502342224,0.47775426506996155,-0.5278337597846985,0.9714449644088745,0.16857939958572388,0.4789549708366394,0.0003540396864991635,0.5161691904067993,0.16435551643371582,0.4767855405807495,-0.46576252579689026,0.9541018009185791,0.17780204117298126,0.4782086908817291,0.04073677957057953,0.5396031141281128,0.6217297315597534,0.5371787548065186,-0.19123777747154236,0.9991675615310669,0.6137844920158386,0.5287734270095825,0.19127407670021057,0.998455822467804,0.42790257930755615,0.5291884541511536,-0.17511029541492462,0.944243311882019,0.4296613335609436,0.5237108469009399,0.34042415022850037,0.24587209522724152,0.49191972613334656,0.613798975944519,0.07372201234102249,0.9677284955978394,0.4801829159259796,0.5988863706588745,0.5892820358276367,0.38346701860427856,0.5203996300697327,0.6278862953186035,0.09649825841188431,0.9536595940589905,0.5047722458839417,0.610805332660675,0.6114049553871155,0.5656977891921997,0.4118441045284271,0.6254823207855225,0.06650832295417786,0.9518336057662964,0.40949705243110657,0.6132731437683105,0.6033439636230469,0.5552760362625122
337,squat,0,0.35814517736434937,0.4454317092895508,-0.14566513895988464,0.9993166327476501,0.3577239215373993,0.43647900223731995,-0.18343794345855713,0.9994016289710999,0.35984739661216736,0.4358959496021271,-0.183534175157547,0.9994746446609497,0.3621992766857147,0.43534553050994873,-0.1836736649274826,0.9995722770690918,0.3565535545349121,0.43643876910209656,-0.12447761744260788,0.9993478655815125,0.35769397020339966,0.43580561876296997,-0.12449349462985992,0.9993388652801514,0.3590577244758606,0.43511033058166504,-0.12446266412734985,0.9994308948516846,0.38686421513557434,0.43478354811668396,-0.2665553689002991,0.9990160465240479,0.3840053081512451,0.4340623915195465,-0.0012976696016266942,0.9992433786392212,0.37288734316825867,0.4500313699245453,-0.17229372262954712,0.9992783069610596,0.37138262391090393,0.4505600035190582,-0.09457894414663315,0.9990626573562622,0.4362395405769348,0.46484872698783875,-0.4066525995731354,0.9995119571685791,0.44512468576431274,0.459332674741745,0.17824091017246246,0.9983306527137756,0.3073887526988983,0.4878966212272644,-0.5122271776199341,0.9838926196098328,0.32181495428085327,0.4837819039821625,0.24271005392074585,0.293631374835968,0.18444617092609406,0.4824114739894867,-0.45463070273399353,0.9820098280906677,0.1969967782497406,0.4814939498901367,0.06415756791830063,0.46121129393577576,0.15487393736839294,0.4846550226211548,-0.5355361104011536,0.9735800623893738,0.17080570757389069,0.4829251170158386,0.04556817561388016,0.49145713448524475,0.1525622308254242,0.4812174439430237,-0.5103768110275269,0.9705462455749512,0.1673906445503235,0.4820738434791565,-0.009683727286756039,0.5042878985404968,0.162992462515831,0.48046615719795227,-0.44901242852211,0.9531109929084778,0.17684027552604675,0.48154717683792114,0.031506460160017014,0.5291770100593567,0.6215831637382507,0.5428676605224609,-0.1864548921585083,0.9992279410362244,0.6134400963783264,0.5329457521438599,0.18649844825267792,0.9985568523406982,0.4277718961238861,0.529209315776825,-0.1737355887889862,0.9421825408935547,0.4293241798877716,0.5236011743545532,0.36105042695999146,0.2349502444267273,0.4931895136833191,0.6138128042221069,0.08805280923843384,0.9627729654312134,0.4805370271205902,0.5987427830696106,0.613620400428772,0.37077656388282776,0.5204084515571594,0.6272715330123901,0.11222337931394577,0.9468756914138794,0.5047935843467712,0.6107317209243774,0.6359273791313171,0.55078125,0.4129381775856018,0.6254957318305969,0.09014873951673508,0.9457144737243652,0.4099384844303131,0.6119886636734009,0.6315027475357056,0.5440635085105896
338,squat,0,0.35842952132225037,0.45296308398246765,-0.14580103754997253,0.999315083026886,0.3584415018558502,0.44516733288764954,-0.18408098816871643,0.9994160532951355,0.3604663610458374,0.4446600377559662,-0.18418903648853302,0.9994895458221436,0.3627122938632965,0.4441126883029938,-0.18433256447315216,0.9995836019515991,0.35734930634498596,0.4452500343322754,-0.1250907927751541,0.9993606805801392,0.3584422469139099,0.44480544328689575,-0.12509964406490326,0.9993493556976318,0.3597206771373749,0.4443370997905731,-0.12506580352783203,0.9994323253631592,0.38764140009880066,0.4432786703109741,-0.2720925807952881,0.9990559220314026,0.3854168653488159,0.4428171217441559,-0.005069232080131769,0.9992374181747437,0.3731473684310913,0.4575897455215454,-0.17363592982292175,0.9992792010307312,0.37170371413230896,0.45814773440361023,-0.09568839520215988,0.9990772604942322,0.4359883666038513,0.4725848436355591,-0.40635472536087036,0.9995132684707642,0.4463585615158081,0.4664745330810547,0.17597953975200653,0.99830162525177,0.3049224019050598,0.49379298090934753,-0.5100629925727844,0.9835360646247864,0.3228718340396881,0.48999375104904175,0.24458684027194977,0.2815907299518585,0.1814764142036438,0.4901963770389557,-0.45191460847854614,0.9815996289253235,0.1974707841873169,0.4887169599533081,0.0710364431142807,0.44783294200897217,0.14963635802268982,0.4919789731502533,-0.5330191254615784,0.9728469252586365,0.17103759944438934,0.48908188939094543,0.054719436913728714,0.4792187213897705,0.1481163501739502,0.4882141351699829,-0.5075675845146179,0.969659149646759,0.1672055572271347,0.4882356822490692,-0.0015704171964898705,0.4923974573612213,0.15906992554664612,0.4878116846084595,-0.44585323333740234,0.9520350098609924,0.1768125593662262,0.4882751703262329,0.03837023302912712,0.5185254216194153,0.6211910843849182,0.552139163017273,-0.18493983149528503,0.9992925524711609,0.6105619668960571,0.5403995513916016,0.18501345813274384,0.9986652135848999,0.4280644357204437,0.5300613641738892,-0.17695200443267822,0.9414811134338379,0.4294276535511017,0.5235207080841064,0.44966819882392883,0.2246713638305664,0.4944702982902527,0.6142342686653137,0.08523398637771606,0.9560046792030334,0.48298248648643494,0.5985416769981384,0.7224363684654236,0.36204054951667786,0.52045738697052,0.6272891759872437,0.10973748564720154,0.9386935234069824,0.5058321952819824,0.6103118658065796,0.7466092109680176,0.5381854772567749,0.4129709005355835,0.6256663799285889,0.09166461229324341,0.939215362071991,0.41254955530166626,0.6112131476402283,0.7480276226997375,0.5391128659248352
339,squat,0,0.3605246841907501,0.45837703347206116,-0.14428508281707764,0.9992768168449402,0.360910028219223,0.45084846019744873,-0.18241865932941437,0.9994047284126282,0.36305856704711914,0.45024532079696655,-0.1825200766324997,0.9994823932647705,0.3653663992881775,0.4495990574359894,-0.18265846371650696,0.9995763897895813,0.3593372106552124,0.45105642080307007,-0.12338127195835114,0.9993445873260498,0.36023563146591187,0.4506588876247406,-0.12339170277118683,0.9993299245834351,0.3612862229347229,0.45019519329071045,-0.12336012721061707,0.999405026435852,0.38930168747901917,0.44851765036582947,-0.27098503708839417,0.9990600943565369,0.38663071393966675,0.4480571746826172,-0.005955576431006193,0.9991992712020874,0.3759993016719818,0.4627562463283539,-0.17208902537822723,0.9992360472679138,0.3742487132549286,0.46355074644088745,-0.09432455897331238,0.9990590214729309,0.4357171952724457,0.4772328734397888,-0.4056098759174347,0.9995036721229553,0.44641321897506714,0.46986156702041626,0.1756654977798462,0.9982836842536926,0.3035469055175781,0.4979386627674103,-0.5098053812980652,0.983101487159729,0.32333385944366455,0.49394944310188293,0.2499861866235733,0.2695123851299286,0.17944279313087463,0.4932841360569,-0.44900915026664734,0.9809996485710144,0.1977694183588028,0.49062567949295044,0.07717028260231018,0.43810775876045227,0.14777185022830963,0.4948500394821167,-0.5285507440567017,0.9719529747962952,0.1711754947900772,0.4909181594848633,0.061565954238176346,0.4723700284957886,0.146481454372406,0.4910355806350708,-0.5023011565208435,0.968598484992981,0.1671944111585617,0.4904882311820984,0.005184910260140896,0.48592856526374817,0.15758082270622253,0.49066343903541565,-0.44229093194007874,0.9507052898406982,0.17691513895988464,0.49060848355293274,0.04463275149464607,0.5130656361579895,0.6209158897399902,0.5573849678039551,-0.18421095609664917,0.9993384480476379,0.6087830662727356,0.5447448492050171,0.18427695333957672,0.998737096786499,0.42884552478790283,0.5308676958084106,-0.16610229015350342,0.9370501637458801,0.429794579744339,0.5234984755516052,0.41706863045692444,0.21114563941955566,0.4945850074291229,0.6146877408027649,0.11802748590707779,0.9458820223808289,0.4832865595817566,0.598505973815918,0.6911735534667969,0.34555283188819885,0.5198731422424316,0.6272783875465393,0.14439360797405243,0.9264891147613525,0.5054755210876465,0.6103295683860779,0.7151773571968079,0.5181519985198975,0.4112578332424164,0.6256953477859497,0.14106017351150513,0.9268625378608704,0.41224032640457153,0.6100634336471558,0.7211974859237671,0.5206831097602844
340,squat,0,0.36185404658317566,0.4625422954559326,-0.1453915387392044,0.9992854595184326,0.36251917481422424,0.4549916386604309,-0.18401207029819489,0.9994238615036011,0.3647652268409729,0.4543827474117279,-0.18411196768283844,0.9995009303092957,0.36713922023773193,0.45375460386276245,-0.18425065279006958,0.9995908141136169,0.3607158660888672,0.4552111327648163,-0.12524624168872833,0.9993640780448914,0.3615831732749939,0.45480668544769287,-0.12525776028633118,0.9993484020233154,0.36258089542388916,0.45433101058006287,-0.1252179741859436,0.9994158148765564,0.3907872140407562,0.4529217481613159,-0.2765808701515198,0.999099850654602,0.38807857036590576,0.45222923159599304,-0.01070562843233347,0.9992091655731201,0.3778562843799591,0.46699070930480957,-0.17440977692604065,0.9992438554763794,0.37604662775993347,0.467786967754364,-0.09671825170516968,0.9990838766098022,0.43569090962409973,0.4811898171901703,-0.4070574641227722,0.9995035529136658,0.44903460144996643,0.4730428159236908,0.16887742280960083,0.9982911348342896,0.29973551630973816,0.5005781054496765,-0.5138424634933472,0.9829167127609253,0.32310765981674194,0.49597489833831787,0.2461218684911728,0.26044490933418274,0.17514072358608246,0.4959169626235962,-0.4552750587463379,0.9807937741279602,0.19687017798423767,0.49293869733810425,0.07011295109987259,0.43082815408706665,0.14339269697666168,0.49748319387435913,-0.5385998487472534,0.9716420769691467,0.17055481672286987,0.49348288774490356,0.05260476469993591,0.46757984161376953,0.14237043261528015,0.4936446249485016,-0.5134719014167786,0.9681893587112427,0.166386216878891,0.4933150112628937,-0.0056495205499231815,0.4814198911190033,0.15328769385814667,0.4933418035507202,-0.44981732964515686,0.9502235651016235,0.17581059038639069,0.49347785115242004,0.036804601550102234,0.50944983959198,0.6188935041427612,0.5616809725761414,-0.1836705505847931,0.999373733997345,0.6087406873703003,0.5487829446792603,0.18376313149929047,0.9987797737121582,0.4289608299732208,0.5310544371604919,-0.15914824604988098,0.9331795573234558,0.4322091042995453,0.5230718851089478,0.42305704951286316,0.19792455434799194,0.4935491383075714,0.6150738596916199,0.10714875161647797,0.9400632381439209,0.4830884337425232,0.5984801054000854,0.7339816093444824,0.32962438464164734,0.5173483490943909,0.6278887391090393,0.13038484752178192,0.9196336269378662,0.5051741600036621,0.6103757619857788,0.7614328265190125,0.4996556341648102,0.40563303232192993,0.6257061958312988,0.10785399377346039,0.9202183485031128,0.4104715585708618,0.6086735725402832,0.7619800567626953,0.5041089653968811
341,squat,0,0.3623141944408417,0.46545079350471497,-0.14504235982894897,0.999247670173645,0.3630748987197876,0.4578664004802704,-0.18364332616329193,0.999413788318634,0.36535656452178955,0.45718395709991455,-0.1837400645017624,0.9994955658912659,0.36774468421936035,0.4564664661884308,-0.18387627601623535,0.9995845556259155,0.3612268269062042,0.4581345021724701,-0.12473701685667038,0.9993496537208557,0.3620850741863251,0.4577169120311737,-0.12474776059389114,0.999330997467041,0.36306989192962646,0.45722490549087524,-0.1247040331363678,0.9993908405303955,0.3912964165210724,0.4551646113395691,-0.276889830827713,0.9991008639335632,0.38862642645835876,0.45483455061912537,-0.009180325083434582,0.9991733431816101,0.3782750964164734,0.4696522653102875,-0.17435768246650696,0.9991967082023621,0.37653055787086487,0.47045308351516724,-0.09635176509618759,0.9990577697753906,0.4346064329147339,0.4848197400569916,-0.40708473324775696,0.9994990825653076,0.44872918725013733,0.47589725255966187,0.1706344038248062,0.9982772469520569,0.2963298261165619,0.5031209588050842,-0.5162400007247925,0.9829468131065369,0.32263943552970886,0.4977855384349823,0.25022009015083313,0.2516067922115326,0.1706804633140564,0.49914777278900146,-0.45897212624549866,0.9808898568153381,0.19707441329956055,0.4951726496219635,0.07400958985090256,0.42778921127319336,0.13764280080795288,0.4999757707118988,-0.5420962572097778,0.9717187285423279,0.1707465648651123,0.49462762475013733,0.056663334369659424,0.46664223074913025,0.13729217648506165,0.49623048305511475,-0.516450822353363,0.9682045578956604,0.16622312366962433,0.49458372592926025,3.677951463032514e-05,0.48044338822364807,0.14821341633796692,0.4962015450000763,-0.4532282054424286,0.9502137303352356,0.17539256811141968,0.49524006247520447,0.04075953736901283,0.5091248154640198,0.6168711185455322,0.5657317638397217,-0.18268296122550964,0.9993969202041626,0.6066132187843323,0.551664412021637,0.18278972804546356,0.9987943172454834,0.42909783124923706,0.5320031046867371,-0.15788672864437103,0.927861213684082,0.432322233915329,0.5230395793914795,0.42644113302230835,0.18495574593544006,0.49336501955986023,0.6150494813919067,0.10517894476652145,0.9307157397270203,0.4829860031604767,0.5974081754684448,0.7229238152503967,0.3129952549934387,0.5173372030258179,0.6279467940330505,0.12805406749248505,0.9092332720756531,0.5051827430725098,0.6088281273841858,0.7488292455673218,0.4801337718963623,0.40575292706489563,0.6241515278816223,0.10906090587377548,0.9090162515640259,0.41055557131767273,0.6066017746925354,0.7523984313011169,0.4849707782268524
342,squat,0,0.3627583086490631,0.4708534777164459,-0.1440180093050003,0.9992453455924988,0.36314600706100464,0.4626481831073761,-0.18329696357250214,0.9994263648986816,0.36535829305648804,0.4620707333087921,-0.18338017165660858,0.9995089173316956,0.36771613359451294,0.46146175265312195,-0.18350818753242493,0.9995942711830139,0.36148491501808167,0.46281343698501587,-0.12422869354486465,0.9993606209754944,0.3624096214771271,0.462380975484848,-0.12424371391534805,0.9993401765823364,0.3634668290615082,0.46193987131118774,-0.12421299517154694,0.9993916749954224,0.3915036916732788,0.46010085940361023,-0.27632102370262146,0.9991277456283569,0.3890879452228546,0.4599638879299164,-0.010442305356264114,0.9991636872291565,0.3788325786590576,0.4749756157398224,-0.17373235523700714,0.9991875886917114,0.3774350583553314,0.47561439871788025,-0.09536392986774445,0.999055027961731,0.4341290593147278,0.48710983991622925,-0.40664881467819214,0.9994990229606628,0.450692355632782,0.47942209243774414,0.17067618668079376,0.9982802271842957,0.29478663206100464,0.5069307684898376,-0.5161477327346802,0.982948362827301,0.32316121459007263,0.5028484463691711,0.2527928054332733,0.24327896535396576,0.16855497658252716,0.5032512545585632,-0.45950689911842346,0.9810115098953247,0.19874051213264465,0.4997369050979614,0.07633528858423233,0.4239305257797241,0.13549591600894928,0.5041412115097046,-0.5426313877105713,0.9718239903450012,0.17196008563041687,0.4984942376613617,0.059228017926216125,0.4645712375640869,0.13454632461071014,0.5001705884933472,-0.5172580480575562,0.968291163444519,0.16634675860404968,0.49809667468070984,0.004868552554398775,0.4783809781074524,0.1464066356420517,0.5002573132514954,-0.4540533125400543,0.9503918886184692,0.17554521560668945,0.49898961186408997,0.044642217457294464,0.5072320103645325,0.613588273525238,0.5685316324234009,-0.18274825811386108,0.9994179010391235,0.6063678860664368,0.5563244819641113,0.18284249305725098,0.9988088011741638,0.4295443892478943,0.532538890838623,-0.16226039826869965,0.9219632148742676,0.43518826365470886,0.5233036875724792,0.4526296854019165,0.17343460023403168,0.493473082780838,0.6150294542312622,0.09161558747291565,0.921893298625946,0.4845341742038727,0.5971990823745728,0.765332818031311,0.30027562379837036,0.5179768800735474,0.6285092830657959,0.11384736001491547,0.8997622728347778,0.5096620321273804,0.6078476905822754,0.7929471135139465,0.46487855911254883,0.40588849782943726,0.624180018901825,0.08895738422870636,0.9003457427024841,0.4116820991039276,0.6071097254753113,0.7953962683677673,0.4724012017250061
343,squat,0,0.3632427453994751,0.4737391471862793,-0.13589631021022797,0.9992237091064453,0.3633447587490082,0.46565109491348267,-0.17479576170444489,0.9994216561317444,0.365479439496994,0.4650351405143738,-0.17487187683582306,0.9995060563087463,0.3677811622619629,0.4643854796886444,-0.1749899536371231,0.9995914101600647,0.36191171407699585,0.4658191204071045,-0.11802716553211212,0.9993509650230408,0.36294254660606384,0.46535828709602356,-0.11804108321666718,0.9993285536766052,0.36411961913108826,0.4649026095867157,-0.1179903969168663,0.9993754625320435,0.39161327481269836,0.4624802768230438,-0.2747749090194702,0.9991269707679749,0.38937515020370483,0.4626811742782593,-0.00916338711977005,0.9991229176521301,0.379570335149765,0.47777169942855835,-0.167287215590477,0.9991580843925476,0.3785657286643982,0.47831302881240845,-0.09160320460796356,0.9990230202674866,0.43708497285842896,0.48642587661743164,-0.3960261046886444,0.9994798302650452,0.45115888118743896,0.4814910590648651,0.1679796576499939,0.9982821941375732,0.29568803310394287,0.5071501135826111,-0.5160858631134033,0.9829874634742737,0.321888267993927,0.5045450925827026,0.25381213426589966,0.23923859000205994,0.169503852725029,0.5046489834785461,-0.4779094159603119,0.9813512563705444,0.20115841925144196,0.5023046135902405,0.09042815119028091,0.42795705795288086,0.13774724304676056,0.5054084062576294,-0.5579046010971069,0.9722466468811035,0.17545031011104584,0.5007309913635254,0.08022358268499374,0.4696712791919708,0.13623663783073425,0.5018612742424011,-0.5299667716026306,0.9687150716781616,0.1691654920578003,0.49990347027778625,0.023985739797353745,0.4835602939128876,0.1472533941268921,0.5020828247070312,-0.4712422490119934,0.9509760737419128,0.1772778481245041,0.5007902979850769,0.05915107950568199,0.512596845626831,0.6128365397453308,0.5694516897201538,-0.17750786244869232,0.9994120597839355,0.6036542654037476,0.5585775971412659,0.17757220566272736,0.9987763166427612,0.43234145641326904,0.5330483317375183,-0.16929873824119568,0.918653130531311,0.4356674253940582,0.5241043567657471,0.42005664110183716,0.16673707962036133,0.49347442388534546,0.6143161058425903,0.08423007279634476,0.91582852602005,0.4865584373474121,0.5961248874664307,0.71205073595047,0.29336413741111755,0.5181093215942383,0.6278483867645264,0.10619210451841354,0.8925610780715942,0.5122992992401123,0.6051549315452576,0.7270441651344299,0.4552973508834839,0.40593042969703674,0.6236330270767212,0.0827789157629013,0.8931351900100708,0.41243308782577515,0.6073537468910217,0.7468949556350708,0.4644354581832886
344,squat,0,0.3631455898284912,0.47365856170654297,-0.14031222462654114,0.9992232918739319,0.363298237323761,0.4657948911190033,-0.17909638583660126,0.9994295239448547,0.3654560148715973,0.4651927947998047,-0.17917943000793457,0.9995133280754089,0.36774420738220215,0.4645461142063141,-0.1792958378791809,0.9995975494384766,0.3618427813053131,0.4658851623535156,-0.1216241791844368,0.9993591904640198,0.3628920316696167,0.4653845429420471,-0.12163420766592026,0.9993361234664917,0.3641074597835541,0.46488070487976074,-0.12158697098493576,0.9993792176246643,0.391562819480896,0.46236318349838257,-0.2798069715499878,0.9991468191146851,0.389387845993042,0.46254053711891174,-0.01344731729477644,0.9991161227226257,0.37944546341896057,0.4777123034000397,-0.1724967211484909,0.9991572499275208,0.37852174043655396,0.4781709611415863,-0.0957314521074295,0.9990293383598328,0.4376988410949707,0.4869619905948639,-0.4061606824398041,0.9994729161262512,0.4512898623943329,0.48176226019859314,0.16336631774902344,0.9983093738555908,0.2948770821094513,0.5081396698951721,-0.5405248403549194,0.9830883741378784,0.31780141592025757,0.5061777830123901,0.2494616061449051,0.2353888750076294,0.16969873011112213,0.5068255066871643,-0.5160355567932129,0.9815516471862793,0.20089879631996155,0.5043050050735474,0.08799964189529419,0.4278671145439148,0.13722078502178192,0.5084511637687683,-0.6002533435821533,0.9724244475364685,0.17527133226394653,0.5029545426368713,0.07743168622255325,0.4694371819496155,0.13564537465572357,0.5050407648086548,-0.5725242495536804,0.9688764810562134,0.16851989924907684,0.5021268725395203,0.019631868228316307,0.4832485616207123,0.1474517434835434,0.5047411322593689,-0.5099406838417053,0.9510079622268677,0.17624275386333466,0.5029187798500061,0.055792003870010376,0.5123390555381775,0.6118206977844238,0.5711218118667603,-0.1768583506345749,0.9994286894798279,0.6003965735435486,0.5588379502296448,0.1769108772277832,0.9987902641296387,0.4333330988883972,0.5333705544471741,-0.20440176129341125,0.9157156944274902,0.4358385503292084,0.5242210626602173,0.41861632466316223,0.16070014238357544,0.4935498535633087,0.6141833662986755,0.06730335205793381,0.905817449092865,0.48757439851760864,0.5936057567596436,0.6876063942909241,0.28487834334373474,0.5183892250061035,0.6276456713676453,0.09089082479476929,0.8819937109947205,0.5119725465774536,0.6036599278450012,0.7079364061355591,0.44421154260635376,0.4065968692302704,0.6223183274269104,0.07500370591878891,0.8833273649215698,0.4125213921070099,0.6074430346488953,0.7140213847160339,0.45571213960647583
345,squat,0,0.36310094594955444,0.4724571406841278,-0.1368943154811859,0.9991860389709473,0.3632524907588959,0.46457964181900024,-0.176462322473526,0.9994102716445923,0.36541396379470825,0.46390363574028015,-0.17654448747634888,0.9994984269142151,0.3677144944667816,0.4631802439689636,-0.176654651761055,0.9995838403701782,0.3618399202823639,0.46466487646102905,-0.11789495497941971,0.9993383884429932,0.362933486700058,0.4640970528125763,-0.11791085451841354,0.9993170499801636,0.36422449350357056,0.46346330642700195,-0.11786160618066788,0.9993585348129272,0.3916762173175812,0.4608112573623657,-0.27872052788734436,0.9991301894187927,0.3895063102245331,0.46082186698913574,-0.009852984920144081,0.9990760684013367,0.37941768765449524,0.4765644371509552,-0.16966277360916138,0.9991145133972168,0.3784785270690918,0.4770272970199585,-0.0914478674530983,0.9990012645721436,0.437642365694046,0.48695108294487,-0.40601232647895813,0.9994643926620483,0.45018067955970764,0.48285770416259766,0.17087192833423615,0.9983456134796143,0.2942209243774414,0.5089632868766785,-0.5351457595825195,0.9831968545913696,0.3151075839996338,0.5066706538200378,0.2717948853969574,0.23520559072494507,0.17069421708583832,0.5081628561019897,-0.5018899440765381,0.9819483160972595,0.20082193613052368,0.5055660009384155,0.12109958380460739,0.43551772832870483,0.1379602700471878,0.5103849768638611,-0.5843302011489868,0.9729291796684265,0.17529143393039703,0.5047621130943298,0.1145014837384224,0.4768339991569519,0.13635845482349396,0.5063801407814026,-0.5561502575874329,0.969382107257843,0.16852159798145294,0.5034244060516357,0.05452943965792656,0.490721195936203,0.14832182228565216,0.5059226155281067,-0.49504733085632324,0.9516506791114807,0.17623119056224823,0.5039858818054199,0.08856704831123352,0.5198671221733093,0.6106967329978943,0.5712629556655884,-0.1774536669254303,0.9994292855262756,0.598931074142456,0.5599039196968079,0.17751464247703552,0.998782753944397,0.43332767486572266,0.5331769585609436,-0.2031741738319397,0.9140484929084778,0.43533462285995483,0.5242124795913696,0.41788387298583984,0.15515127778053284,0.4935215711593628,0.6140695214271545,0.060866326093673706,0.8996780514717102,0.4878115952014923,0.5935044884681702,0.6544836163520813,0.27884846925735474,0.5184447765350342,0.6272501945495605,0.08411287516355515,0.8748713731765747,0.5117963552474976,0.6039716005325317,0.673897385597229,0.4379241466522217,0.40728113055229187,0.6222193241119385,0.07270029187202454,0.8762725591659546,0.4123475253582001,0.6076117753982544,0.6819689869880676,0.44914302229881287
346,squat,0,0.36331915855407715,0.4727652966976166,-0.1358487457036972,0.9991506338119507,0.36337167024612427,0.4648230969905853,-0.17507095634937286,0.9993947148323059,0.36553311347961426,0.46410197019577026,-0.17514529824256897,0.9994855523109436,0.3678493797779083,0.4633351266384125,-0.17524324357509613,0.9995720386505127,0.36207982897758484,0.4648919999599457,-0.11674092710018158,0.9993267059326172,0.36327606439590454,0.4642556309700012,-0.11676453053951263,0.9993065595626831,0.3647198975086212,0.46352991461753845,-0.11672032624483109,0.9993459582328796,0.3920021653175354,0.46072277426719666,-0.2772437632083893,0.9991136789321899,0.3897574543952942,0.46076783537864685,-0.009204128757119179,0.9990488290786743,0.3796033263206482,0.4768810570240021,-0.16831764578819275,0.9990730285644531,0.3787252604961395,0.4772847592830658,-0.09054172039031982,0.9989728927612305,0.43815338611602783,0.48678770661354065,-0.4037202000617981,0.9994414448738098,0.4501209259033203,0.4820018410682678,0.17168842256069183,0.9983677268028259,0.2946183681488037,0.5098142623901367,-0.533921480178833,0.9830814599990845,0.31515687704086304,0.5063512921333313,0.2722172141075134,0.23631620407104492,0.17221017181873322,0.5088831782341003,-0.49572402238845825,0.9820966720581055,0.20132510364055634,0.5057915449142456,0.11892881989479065,0.4441489279270172,0.13895760476589203,0.511603593826294,-0.5775670409202576,0.973049521446228,0.1756729930639267,0.5054362416267395,0.11092130839824677,0.4845234453678131,0.13643872737884521,0.507067859172821,-0.5494062900543213,0.969468891620636,0.1686376929283142,0.5039934515953064,0.05217324569821358,0.49839696288108826,0.1487494856119156,0.5065529942512512,-0.4887091815471649,0.951693058013916,0.17643742263317108,0.5045177340507507,0.08674093335866928,0.5274041295051575,0.6107625365257263,0.5707888007164001,-0.17761941254138947,0.9994226694107056,0.5989184975624084,0.559424102306366,0.1776799112558365,0.9987647533416748,0.43336066603660583,0.5330598950386047,-0.21015526354312897,0.9124624133110046,0.43511104583740234,0.5241820812225342,0.41155263781547546,0.15072910487651825,0.49297767877578735,0.613897979259491,0.031082939356565475,0.8946428894996643,0.48697629570961,0.5929920673370361,0.6422250270843506,0.27405911684036255,0.5184343457221985,0.6265373229980469,0.051131632179021835,0.8691561818122864,0.5113874077796936,0.6038654446601868,0.6614459156990051,0.4322953224182129,0.40736645460128784,0.6222186088562012,0.02595456689596176,0.8710490465164185,0.4103466272354126,0.6077218651771545,0.6612740159034729,0.44437703490257263
347,squat,0,0.3635873794555664,0.472944974899292,-0.13498565554618835,0.9991471767425537,0.36348384618759155,0.46489250659942627,-0.17420046031475067,0.9994004964828491,0.3656463325023651,0.4641321301460266,-0.17426927387714386,0.9994903802871704,0.36797311902046204,0.4633314311504364,-0.17435994744300842,0.9995750188827515,0.36223727464675903,0.46501874923706055,-0.11587315797805786,0.9993359446525574,0.36346563696861267,0.46438491344451904,-0.11590024828910828,0.9993167519569397,0.36496078968048096,0.4636562168598175,-0.11585807055234909,0.9993531703948975,0.39223822951316833,0.4605972170829773,-0.27694809436798096,0.9991289973258972,0.3899632692337036,0.4607718288898468,-0.008686134591698647,0.9990549087524414,0.3799048662185669,0.4769613742828369,-0.16733938455581665,0.9990725517272949,0.3790415823459625,0.4774487614631653,-0.08970528095960617,0.9989808797836304,0.43805328011512756,0.4865933656692505,-0.40274032950401306,0.9994357824325562,0.45002633333206177,0.482054740190506,0.1719200313091278,0.9984017610549927,0.2947929799556732,0.509881854057312,-0.5333235263824463,0.9830634593963623,0.31494957208633423,0.5065474510192871,0.27560919523239136,0.23770327866077423,0.1739649474620819,0.5079634785652161,-0.4926038086414337,0.9823103547096252,0.20149050652980804,0.5049381256103516,0.12484262883663177,0.4522204101085663,0.14155156910419464,0.5103356838226318,-0.574693500995636,0.9732466340065002,0.17594927549362183,0.5049206018447876,0.11719871312379837,0.49138888716697693,0.13803468644618988,0.506169319152832,-0.5460518002510071,0.9696416258811951,0.16881832480430603,0.5033241510391235,0.05979328230023384,0.5051850080490112,0.15001700818538666,0.5056903958320618,-0.48552125692367554,0.9519020318984985,0.17673511803150177,0.5037133693695068,0.09320520609617233,0.5339605808258057,0.610813319683075,0.5706551671028137,-0.17775602638721466,0.9994310140609741,0.599012553691864,0.5595805048942566,0.17781634628772736,0.9987727999687195,0.4333632290363312,0.5330430269241333,-0.2255755364894867,0.912603497505188,0.4350349009037018,0.5241935849189758,0.40606454014778137,0.14902400970458984,0.49288612604141235,0.6138785481452942,0.01252186018973589,0.890751302242279,0.4863402247428894,0.5928540825843811,0.6287862062454224,0.2739271819591522,0.5184633731842041,0.6263370513916016,0.03249862417578697,0.8647974133491516,0.5105116963386536,0.603172779083252,0.6467829942703247,0.4316194951534271,0.40743887424468994,0.6223196387290955,0.00592195987701416,0.8675606846809387,0.40894538164138794,0.608448326587677,0.6432792544364929,0.4450308382511139
348,squat,0,0.36374956369400024,0.4727831184864044,-0.1341329962015152,0.9991486072540283,0.36354538798332214,0.46453362703323364,-0.17319105565547943,0.9994094371795654,0.3657205402851105,0.4637536406517029,-0.173256978392601,0.9994981288909912,0.3680673837661743,0.462942510843277,-0.17334167659282684,0.999580442905426,0.3623177409172058,0.46467748284339905,-0.11467189341783524,0.9993467926979065,0.36356985569000244,0.4640255868434906,-0.11469937860965729,0.9993289709091187,0.3651030361652374,0.4632803201675415,-0.1146574467420578,0.9993622303009033,0.3924374282360077,0.460182249546051,-0.2750980257987976,0.9991501569747925,0.3900863528251648,0.46034783124923706,-0.006676690652966499,0.9990660548210144,0.3800297975540161,0.4768097400665283,-0.16631454229354858,0.999079167842865,0.37913188338279724,0.4774034321308136,-0.08856747299432755,0.9989923238754272,0.43828830122947693,0.48581457138061523,-0.40153738856315613,0.9994293451309204,0.4495314657688141,0.48281997442245483,0.17470133304595947,0.9984210133552551,0.2967149019241333,0.5095373392105103,-0.531718909740448,0.9829049706459045,0.3149588704109192,0.5070468187332153,0.28198087215423584,0.23822471499443054,0.17660191655158997,0.5071541666984558,-0.4933100938796997,0.9825354814529419,0.2019105851650238,0.5046756267547607,0.1358029991388321,0.4606286585330963,0.14570289850234985,0.5089083909988403,-0.573140025138855,0.9734907150268555,0.17669981718063354,0.5044054388999939,0.12945495545864105,0.49873653054237366,0.1421320140361786,0.5050936937332153,-0.5457416772842407,0.969871997833252,0.16961632668972015,0.5027665495872498,0.07309917360544205,0.512551486492157,0.15316060185432434,0.5048497319221497,-0.4864717721939087,0.952200710773468,0.17744717001914978,0.5032065510749817,0.10456549376249313,0.5410028100013733,0.6108792424201965,0.570468008518219,-0.177594393491745,0.9994350671768188,0.5986680388450623,0.5603289604187012,0.17765028774738312,0.9987772107124329,0.43338099122047424,0.532983660697937,-0.24225158989429474,0.9129273891448975,0.4343849718570709,0.5244004726409912,0.38245919346809387,0.14963708817958832,0.49271419644355774,0.6138407588005066,0.003786746645346284,0.8877615928649902,0.4854915142059326,0.5930059552192688,0.5853841304779053,0.2761880159378052,0.5185086131095886,0.6261794567108154,0.02462317980825901,0.8613201975822449,0.5097059607505798,0.6033443808555603,0.6014776825904846,0.4327211081981659,0.4077278971672058,0.6226475834846497,-0.003162934212014079,0.8648199439048767,0.40835040807724,0.6097562909126282,0.5941396951675415,0.44747477769851685
349,squat,0,0.36372774839401245,0.4725213050842285,-0.1341940313577652,0.9991415143013,0.36353442072868347,0.4643642008304596,-0.17325566709041595,0.9994116425514221,0.3657125234603882,0.46364960074424744,-0.173320934176445,0.9995007514953613,0.3680563271045685,0.4629020392894745,-0.1734037697315216,0.9995818734169006,0.36230531334877014,0.4644224941730499,-0.1146814227104187,0.9993511438369751,0.363581120967865,0.46376505494117737,-0.11470886319875717,0.9993341565132141,0.36517807841300964,0.46302199363708496,-0.11466715484857559,0.9993646144866943,0.3924430012702942,0.46044468879699707,-0.27462297677993774,0.9991607069969177,0.3901298940181732,0.460420697927475,-0.006266388110816479,0.9990649819374084,0.3800064027309418,0.4766349494457245,-0.1663358360528946,0.9990729689598083,0.37908902764320374,0.4771157205104828,-0.08856150507926941,0.998995304107666,0.4369354248046875,0.4867985248565674,-0.4020443558692932,0.9994273781776428,0.4495142102241516,0.48178377747535706,0.17485937476158142,0.9984427094459534,0.2962922155857086,0.5095998048782349,-0.5302572846412659,0.9828876852989197,0.3146701157093048,0.5064581036567688,0.27971357107162476,0.2362809032201767,0.17509278655052185,0.508643388748169,-0.4919213354587555,0.9827512502670288,0.20186609029769897,0.5047116875648499,0.1286619007587433,0.4630846679210663,0.14355503022670746,0.5107316970825195,-0.5719349384307861,0.9737693071365356,0.176602303981781,0.5042409896850586,0.12044601142406464,0.5011637210845947,0.1409008502960205,0.506536602973938,-0.5445249676704407,0.9701542854309082,0.16933463513851166,0.5027298331260681,0.06357307732105255,0.5148745179176331,0.1522190421819687,0.5062244534492493,-0.48502621054649353,0.9525790810585022,0.17710810899734497,0.5032998323440552,0.09701332449913025,0.5432122349739075,0.6102532148361206,0.5711548328399658,-0.17779718339443207,0.9994465112686157,0.5987365245819092,0.5598942041397095,0.1778540313243866,0.9987881183624268,0.43298742175102234,0.5330005884170532,-0.22875729203224182,0.9126659631729126,0.4342014193534851,0.5243851542472839,0.404094398021698,0.14645762741565704,0.49204936623573303,0.6137969493865967,0.014068310149013996,0.8839681148529053,0.4851287603378296,0.5928205251693726,0.6392608880996704,0.27382156252861023,0.518261730670929,0.626127302646637,0.034361157566308975,0.857245683670044,0.5091648697853088,0.6028878688812256,0.658687949180603,0.4303441643714905,0.40775954723358154,0.6226645708084106,0.007977664470672607,0.861375093460083,0.408400297164917,0.6097303628921509,0.6562681198120117,0.4466066360473633
350,squat,0,0.36367684602737427,0.47282811999320984,-0.13422606885433197,0.9991534352302551,0.3634665608406067,0.46491631865501404,-0.17327755689620972,0.9994229078292847,0.3656487464904785,0.4641876518726349,-0.17334319651126862,0.9995101094245911,0.36799561977386475,0.46340063214302063,-0.17342746257781982,0.999589204788208,0.3622661530971527,0.4649777412414551,-0.1147039532661438,0.9993647336959839,0.3635595440864563,0.4643279016017914,-0.11473092436790466,0.9993482828140259,0.36517173051834106,0.4635746479034424,-0.11468907445669174,0.999376654624939,0.3924367129802704,0.46064597368240356,-0.274458646774292,0.9991822242736816,0.39011672139167786,0.46073266863822937,-0.005933141335844994,0.9990748763084412,0.3799005150794983,0.4768674969673157,-0.16635476052761078,0.99908447265625,0.3790207803249359,0.4773428738117218,-0.08855655789375305,0.9990165829658508,0.4370463490486145,0.48739099502563477,-0.40190649032592773,0.9994319081306458,0.44901376962661743,0.4816107749938965,0.17524607479572296,0.9984884262084961,0.2960551679134369,0.5097556114196777,-0.5282824635505676,0.9829279184341431,0.31349846720695496,0.5061972141265869,0.27883899211883545,0.23943398892879486,0.17516246438026428,0.5098088979721069,-0.491059273481369,0.9828435778617859,0.2001836895942688,0.5058194994926453,0.12504500150680542,0.47065407037734985,0.14355039596557617,0.5121113061904907,-0.5710763931274414,0.9737979173660278,0.17563234269618988,0.5051687955856323,0.11731291562318802,0.5071059465408325,0.14078208804130554,0.5079901218414307,-0.543825089931488,0.9701660871505737,0.16801157593727112,0.503840982913971,0.05779857933521271,0.5210143327713013,0.1523425132036209,0.507371723651886,-0.4841149151325226,0.9525120854377747,0.17496828734874725,0.5045179128646851,0.0924871638417244,0.5488871932029724,0.6076865196228027,0.5727362632751465,-0.17753463983535767,0.9994636178016663,0.5963404178619385,0.56061190366745,0.17758050560951233,0.9988206624984741,0.43187597393989563,0.5330342054367065,-0.23805953562259674,0.9114288091659546,0.43313947319984436,0.5243737101554871,0.4065360724925995,0.14406029880046844,0.49179887771606445,0.6137356162071228,0.01240494754165411,0.8765147924423218,0.48522186279296875,0.5922366380691528,0.6462358236312866,0.2696067988872528,0.5181466937065125,0.6258234977722168,0.03398977965116501,0.8499307036399841,0.5091236233711243,0.6026859283447266,0.6659702658653259,0.42568686604499817,0.4077743887901306,0.6227034330368042,0.014259734191000462,0.854618489742279,0.40855807065963745,0.6095009446144104,0.6690030097961426,0.4431057572364807
351,squat,0,0.3635256290435791,0.47281232476234436,-0.13458485901355743,0.9991438388824463,0.363361656665802,0.4651428163051605,-0.17364701628684998,0.9994199872016907,0.3655405044555664,0.46446654200553894,-0.17371146380901337,0.9995075464248657,0.3678746521472931,0.4637243151664734,-0.17379166185855865,0.9995859861373901,0.362216979265213,0.46512529253959656,-0.11508235335350037,0.9993640780448914,0.3635391592979431,0.4644753038883209,-0.11511263251304626,0.999347984790802,0.3651636242866516,0.4637226462364197,-0.11508044600486755,0.9993753433227539,0.3923206031322479,0.46111032366752625,-0.27408087253570557,0.9991832375526428,0.39004242420196533,0.4610762596130371,-0.005798052530735731,0.9990620017051697,0.37978482246398926,0.4769749939441681,-0.1665336787700653,0.9990716576576233,0.3789757490158081,0.4773329496383667,-0.0887550637125969,0.9990131258964539,0.43668869137763977,0.4885043203830719,-0.40180444717407227,0.9994211196899414,0.4489457309246063,0.48131853342056274,0.1754014790058136,0.9985118508338928,0.2955576479434967,0.510510265827179,-0.5189834833145142,0.9826709032058716,0.3124904930591583,0.5064100027084351,0.26929259300231934,0.24144674837589264,0.17526374757289886,0.5107022523880005,-0.4826398491859436,0.9827568531036377,0.19882307946681976,0.5059592127799988,0.10844119638204575,0.47648680210113525,0.14296282827854156,0.5131014585494995,-0.562544584274292,0.9736104011535645,0.17402847111225128,0.5051475763320923,0.09833580255508423,0.5109078884124756,0.14022809267044067,0.5088503956794739,-0.5379955172538757,0.9699561595916748,0.16615010797977448,0.503989577293396,0.0395846851170063,0.5250728726387024,0.15221770107746124,0.5081053972244263,-0.4766460359096527,0.9521618485450745,0.17293418943881989,0.5047279000282288,0.07606973499059677,0.5523020625114441,0.6061292886734009,0.5737030506134033,-0.17704272270202637,0.9994785785675049,0.5954050421714783,0.5607553720474243,0.17707309126853943,0.9988546967506409,0.4317433536052704,0.5335655808448792,-0.23859922587871552,0.9087057113647461,0.43328338861465454,0.5245603919029236,0.42224591970443726,0.14061187207698822,0.49146613478660583,0.6135708689689636,0.017220422625541687,0.8662312030792236,0.4853859841823578,0.5911892056465149,0.6740949749946594,0.2640542984008789,0.5179515480995178,0.6254844069480896,0.03905615210533142,0.8401947021484375,0.5093817710876465,0.6008498072624207,0.6953737139701843,0.4196343719959259,0.40782713890075684,0.6224069595336914,0.018034012988209724,0.845903754234314,0.4087846875190735,0.6082534790039062,0.6992861032485962,0.43824663758277893
352,squat,0,0.3634284734725952,0.47299671173095703,-0.13856810331344604,0.9991523623466492,0.3633466362953186,0.46545371413230896,-0.1775401383638382,0.9994281530380249,0.3655242621898651,0.464812695980072,-0.17760783433914185,0.9995143413543701,0.36785322427749634,0.4640975892543793,-0.17768912017345428,0.9995905756950378,0.3622046709060669,0.465374231338501,-0.11833909153938293,0.9993751645088196,0.36354121565818787,0.464718222618103,-0.11837108433246613,0.9993595480918884,0.36519306898117065,0.4639551639556885,-0.11835289746522903,0.9993850588798523,0.39229220151901245,0.461607426404953,-0.27601924538612366,0.9992004632949829,0.39002957940101624,0.4614878296852112,-0.0062587670981884,0.9990716576576233,0.3795854151248932,0.47725000977516174,-0.16991694271564484,0.9990801811218262,0.37890997529029846,0.4775473475456238,-0.09140778332948685,0.9990327954292297,0.43649452924728394,0.48917850852012634,-0.40475016832351685,0.9994226694107056,0.44849634170532227,0.48156771063804626,0.17480634152889252,0.9985539317131042,0.2933562397956848,0.5104019045829773,-0.5224277377128601,0.9827582240104675,0.3103027045726776,0.5064565539360046,0.2623109519481659,0.2443482130765915,0.17156584560871124,0.5110583305358887,-0.49096253514289856,0.9828972816467285,0.19565388560295105,0.5062761902809143,0.0976870208978653,0.48244789242744446,0.13609106838703156,0.5141684412956238,-0.5738863945007324,0.973737895488739,0.1710539162158966,0.5055230259895325,0.08570878952741623,0.5147915482521057,0.13385607302188873,0.5096022486686707,-0.5493595600128174,0.970094621181488,0.16252633929252625,0.504384458065033,0.026319121941924095,0.5290441513061523,0.14686627686023712,0.5086957812309265,-0.4853920638561249,0.952280580997467,0.16947363317012787,0.5050399303436279,0.06477019935846329,0.5557671189308167,0.6050418019294739,0.5750532150268555,-0.17711946368217468,0.9995028376579285,0.5939559936523438,0.5615348219871521,0.17715014517307281,0.9989039897918701,0.43159881234169006,0.5341243147850037,-0.2492722123861313,0.9079213738441467,0.43327030539512634,0.5247586965560913,0.43444186449050903,0.13809902966022491,0.4912470877170563,0.613499104976654,0.016976160928606987,0.8577361702919006,0.48555129766464233,0.5910550951957703,0.7000861763954163,0.2601120173931122,0.517788827419281,0.6253678202629089,0.03995385393500328,0.8328580856323242,0.5098007917404175,0.6004717946052551,0.7229234576225281,0.4151761531829834,0.4077487289905548,0.6222196817398071,0.019725091755390167,0.8393373489379883,0.40882381796836853,0.607921302318573,0.7262841463088989,0.43548908829689026
353,squat,0,0.3633609712123871,0.47338587045669556,-0.13864997029304504,0.9991576075553894,0.36325281858444214,0.46582263708114624,-0.1776885986328125,0.9994347095489502,0.3653862476348877,0.4652169346809387,-0.1777554452419281,0.9995195865631104,0.36766836047172546,0.46452823281288147,-0.17783573269844055,0.9995940923690796,0.3621951639652252,0.4656830132007599,-0.11849471181631088,0.9993842840194702,0.3635433316230774,0.4650118052959442,-0.1185246929526329,0.9993683695793152,0.3652418851852417,0.464229553937912,-0.11850649863481522,0.9993917346000671,0.39211517572402954,0.46207115054130554,-0.27597594261169434,0.9992131590843201,0.389981746673584,0.4618734121322632,-0.006439374294131994,0.9990742802619934,0.3794715702533722,0.47755587100982666,-0.16995403170585632,0.9990831017494202,0.3788735866546631,0.4777793884277344,-0.09148061275482178,0.9990432858467102,0.4363529682159424,0.4889095425605774,-0.4053701162338257,0.999412477016449,0.44859814643859863,0.4818487763404846,0.17493179440498352,0.9985686540603638,0.2921540141105652,0.510029137134552,-0.5243862271308899,0.9826953411102295,0.3102051615715027,0.506553590297699,0.26136934757232666,0.24209649860858917,0.16918803751468658,0.5112770795822144,-0.4925931692123413,0.9828748106956482,0.19496867060661316,0.5065001845359802,0.09538561850786209,0.48168447613716125,0.13259367644786835,0.5147592425346375,-0.5753828883171082,0.9736431837081909,0.17072845995426178,0.5055021643638611,0.08311781287193298,0.5133508443832397,0.1301117092370987,0.5098568797111511,-0.5498365759849548,0.9699831008911133,0.16171030700206757,0.5044273734092712,0.023540226742625237,0.5277016162872314,0.14330555498600006,0.5089913010597229,-0.48660004138946533,0.9520757794380188,0.16875985264778137,0.5051736831665039,0.06226719543337822,0.5543153285980225,0.6035223007202148,0.575254499912262,-0.17714890837669373,0.9995189309120178,0.5934834480285645,0.5630839467048645,0.17718642950057983,0.9989352226257324,0.43096569180488586,0.5341018438339233,-0.24137350916862488,0.9064896702766418,0.4333764910697937,0.5251724720001221,0.44120997190475464,0.13531433045864105,0.49081599712371826,0.6134966611862183,0.01754060573875904,0.8509896993637085,0.48572203516960144,0.5911780595779419,0.7062436938285828,0.25651630759239197,0.5174311399459839,0.6253753304481506,0.04043222591280937,0.8264497518539429,0.5104787349700928,0.6010492444038391,0.7290458679199219,0.4108441174030304,0.40751779079437256,0.6222463846206665,0.0216252189129591,0.8339864611625671,0.40881311893463135,0.6079967021942139,0.7303219437599182,0.4334642291069031
354,squat,0,0.36163201928138733,0.4728923738002777,-0.1387932300567627,0.9991588592529297,0.3613245189189911,0.465302973985672,-0.17828552424907684,0.9994408488273621,0.363357812166214,0.46467262506484985,-0.17835304141044617,0.999525249004364,0.365575909614563,0.46395784616470337,-0.17843283712863922,0.9995977878570557,0.3607132136821747,0.4652307629585266,-0.11858455091714859,0.9993913173675537,0.36228179931640625,0.4645964801311493,-0.11861135810613632,0.9993755221366882,0.364201158285141,0.4638426899909973,-0.11858893930912018,0.999396800994873,0.390006422996521,0.46150195598602295,-0.2785302996635437,0.9992275834083557,0.3881918489933014,0.46136176586151123,-0.006417252589017153,0.9990788698196411,0.37707746028900146,0.47706809639930725,-0.17043590545654297,0.9990876913070679,0.3768649399280548,0.4773902893066406,-0.09144199639558792,0.9990531802177429,0.4349757134914398,0.48837873339653015,-0.4108232855796814,0.9994128942489624,0.4476139545440674,0.4815637171268463,0.1796688437461853,0.9985828995704651,0.2903050482273102,0.509680986404419,-0.528921902179718,0.9828389883041382,0.31079643964767456,0.5064891576766968,0.27273422479629517,0.24089576303958893,0.169026717543602,0.5104621648788452,-0.49232208728790283,0.9830226898193359,0.19621112942695618,0.5061625242233276,0.10511523485183716,0.4835941195487976,0.13244986534118652,0.513678252696991,-0.5748055577278137,0.9737308621406555,0.17163226008415222,0.5054309964179993,0.09468585252761841,0.5146322846412659,0.13069428503513336,0.509071946144104,-0.5489488244056702,0.9700726866722107,0.162835493683815,0.5042797923088074,0.03447969630360603,0.5292778015136719,0.14391791820526123,0.5082573890686035,-0.4861036241054535,0.9520943760871887,0.1695604771375656,0.5050419569015503,0.0719628855586052,0.5555940866470337,0.6020261645317078,0.5743528604507446,-0.18039315938949585,0.9995312690734863,0.5925751328468323,0.5623701810836792,0.18044300377368927,0.9989582896232605,0.43061167001724243,0.5344178676605225,-0.23897001147270203,0.9062304496765137,0.4324197471141815,0.52584308385849,0.4561760127544403,0.134528249502182,0.49079927802085876,0.613532543182373,0.032894812524318695,0.8439938426017761,0.4864523112773895,0.5912690758705139,0.7076154947280884,0.25557807087898254,0.5173267722129822,0.6254285573959351,0.05828811600804329,0.8187934160232544,0.5114730000495911,0.6012079119682312,0.7290680408477783,0.40902242064476013,0.40775325894355774,0.6223661303520203,0.044019199907779694,0.8281832933425903,0.4089583456516266,0.6081362962722778,0.7325885891914368,0.43380215764045715
355,squat,0,0.36126062273979187,0.47293010354042053,-0.13941456377506256,0.999158501625061,0.3604360520839691,0.4651043713092804,-0.1790020763874054,0.9994433522224426,0.3623470962047577,0.46443578600883484,-0.1790732890367508,0.9995265603065491,0.36451277136802673,0.4636879861354828,-0.1791563630104065,0.9995987415313721,0.36001643538475037,0.46505942940711975,-0.11932214349508286,0.9993942975997925,0.36159807443618774,0.4644010066986084,-0.11934474110603333,0.999377965927124,0.36355507373809814,0.4636310935020447,-0.11932137608528137,0.9993983507156372,0.38937249779701233,0.46114107966423035,-0.27948296070098877,0.9992342591285706,0.3874231278896332,0.46105682849884033,-0.007561793085187674,0.9990711808204651,0.37659209966659546,0.47685733437538147,-0.17120976746082306,0.9990898370742798,0.3763635754585266,0.4771113991737366,-0.09216628223657608,0.9990543723106384,0.4353036880493164,0.48769330978393555,-0.4128212630748749,0.9993991255760193,0.4471447467803955,0.4813576638698578,0.17795544862747192,0.9985809326171875,0.28942134976387024,0.5088634490966797,-0.5375183820724487,0.9827661514282227,0.3098943829536438,0.5061501264572144,0.264931857585907,0.240212082862854,0.16406314074993134,0.5099676251411438,-0.5043497085571289,0.9828988313674927,0.1951388418674469,0.5058340430259705,0.09403648972511292,0.48277127742767334,0.12718336284160614,0.5130617618560791,-0.5871521830558777,0.9734514951705933,0.17060726881027222,0.5050486326217651,0.08295165747404099,0.5127710103988647,0.12581510841846466,0.508486807346344,-0.5596056580543518,0.969767153263092,0.1617824137210846,0.5038639903068542,0.02277611941099167,0.5275298357009888,0.1395937204360962,0.5077025294303894,-0.49748384952545166,0.9515150785446167,0.1683497577905655,0.504596471786499,0.060559071600437164,0.5536301136016846,0.6020407676696777,0.5738959908485413,-0.18043795228004456,0.999545693397522,0.5910133719444275,0.5618504881858826,0.1804816573858261,0.9989784955978394,0.43054550886154175,0.5346587896347046,-0.2550409138202667,0.9044641256332397,0.4316994547843933,0.5262546539306641,0.44913673400878906,0.13283273577690125,0.4908004701137543,0.6135929822921753,0.030515560880303383,0.8361712098121643,0.48655638098716736,0.5911750793457031,0.7042750716209412,0.25255826115608215,0.5173254609107971,0.6254738569259644,0.05703015998005867,0.8115500211715698,0.5114300847053528,0.6011549234390259,0.7262156009674072,0.40520069003105164,0.40777361392974854,0.6223841905593872,0.04253912717103958,0.8220072984695435,0.4089824855327606,0.6081385016441345,0.7305779457092285,0.4319828748703003
356,squat,0,0.3595193326473236,0.47154098749160767,-0.13950978219509125,0.9991670846939087,0.3583085238933563,0.46290627121925354,-0.1794271022081375,0.9994495511054993,0.36012664437294006,0.46216273307800293,-0.17949989438056946,0.9995319843292236,0.3621409237384796,0.4613710045814514,-0.1795806735754013,0.9996014833450317,0.3581106662750244,0.46274450421333313,-0.11948122829198837,0.9994058012962341,0.3597812056541443,0.46190690994262695,-0.11950686573982239,0.9993913173675537,0.36179354786872864,0.4609673023223877,-0.11948941648006439,0.9994102120399475,0.38583633303642273,0.4591471552848816,-0.2799495756626129,0.9992455840110779,0.38478803634643555,0.4586213529109955,-0.007436192594468594,0.9990874528884888,0.3745053708553314,0.4755913317203522,-0.17132550477981567,0.999099850654602,0.3745574653148651,0.4757160246372223,-0.09213481843471527,0.9990732669830322,0.42985567450523376,0.4873969554901123,-0.4147697687149048,0.9993833899497986,0.445268452167511,0.4799557030200958,0.17923210561275482,0.9985962510108948,0.2828328311443329,0.5083850622177124,-0.5358968377113342,0.9825714230537415,0.3054857850074768,0.5051425695419312,0.260714590549469,0.24093423783779144,0.15475782752037048,0.509964644908905,-0.49089524149894714,0.9827721118927002,0.18941038846969604,0.5055514574050903,0.08710025250911713,0.4810961186885834,0.11910238116979599,0.5131746530532837,-0.5734317302703857,0.973282516002655,0.165476456284523,0.5047501921653748,0.07507292181253433,0.5101802945137024,0.11810067296028137,0.5084331035614014,-0.5473007559776306,0.9695793986320496,0.15693390369415283,0.5035858154296875,0.014970332384109497,0.5252715349197388,0.1312531977891922,0.5076157450675964,-0.4840408265590668,0.951269805431366,0.16316638886928558,0.5042903423309326,0.05365951359272003,0.5513733625411987,0.6016905903816223,0.5716931223869324,-0.18219821155071259,0.9995613694190979,0.5911213159561157,0.5597140192985535,0.18224599957466125,0.9990140199661255,0.42850568890571594,0.5346636176109314,-0.25437331199645996,0.90494704246521,0.42983847856521606,0.526223361492157,0.47606533765792847,0.13013304769992828,0.4902849793434143,0.6135804653167725,0.025587618350982666,0.8305497765541077,0.486225426197052,0.5906105637550354,0.7469744682312012,0.2496163547039032,0.5168256759643555,0.6254854798316956,0.051704611629247665,0.8068677186965942,0.5104619264602661,0.6004819273948669,0.7706749439239502,0.4030567705631256,0.40768763422966003,0.6223723292350769,0.03725928068161011,0.8184542059898376,0.4089430272579193,0.6079497337341309,0.7766388654708862,0.43075621128082275
357,squat,0,0.35761886835098267,0.4685450792312622,-0.13106156885623932,0.9991679787635803,0.356462299823761,0.45953282713890076,-0.1737832874059677,0.9994531273841858,0.3582783341407776,0.4588673412799835,-0.17384913563728333,0.9995357394218445,0.36027705669403076,0.4581625759601593,-0.17391608655452728,0.9996035099029541,0.35642924904823303,0.4593155086040497,-0.11204669624567032,0.9994162321090698,0.3582482933998108,0.4584785997867584,-0.11207788437604904,0.9994041919708252,0.36042311787605286,0.4575592279434204,-0.11206966638565063,0.9994222521781921,0.3837326169013977,0.45634129643440247,-0.27978575229644775,0.9992573857307434,0.3831716477870941,0.45554572343826294,-0.00037033972330391407,0.999107301235199,0.37262362241744995,0.47307145595550537,-0.16481035947799683,0.9991093873977661,0.3730512261390686,0.47320812940597534,-0.08312130719423294,0.999086856842041,0.4285271167755127,0.4863453209400177,-0.41414934396743774,0.9993801712989807,0.4452792704105377,0.478438138961792,0.19610050320625305,0.998620331287384,0.2838425040245056,0.5066214799880981,-0.5265178084373474,0.9822782278060913,0.30617183446884155,0.5026631951332092,0.2810705602169037,0.24204838275909424,0.15624862909317017,0.5097262263298035,-0.4693833291530609,0.9827165603637695,0.19454939663410187,0.5051783919334412,0.10523523390293121,0.48305609822273254,0.1218334510922432,0.5129414796829224,-0.5484616160392761,0.9731943607330322,0.1711939126253128,0.5044481158256531,0.09654147922992706,0.5114026069641113,0.11983873695135117,0.5081779360771179,-0.5219988226890564,0.9694648385047913,0.16270750761032104,0.5034102201461792,0.03712064027786255,0.5268376469612122,0.13285161554813385,0.5073838829994202,-0.46155524253845215,0.9510893821716309,0.16799259185791016,0.5040857195854187,0.07250857353210449,0.552657425403595,0.6017909049987793,0.5683114528656006,-0.18756240606307983,0.9995670318603516,0.5940335392951965,0.557375431060791,0.18761339783668518,0.9990301728248596,0.4285453259944916,0.5346701145172119,-0.25583258271217346,0.9074302315711975,0.4299043118953705,0.5262039303779602,0.4830155670642853,0.13013789057731628,0.49012884497642517,0.6135714054107666,0.004141311161220074,0.8302358984947205,0.48569369316101074,0.5906776189804077,0.7310922145843506,0.25127819180488586,0.5167505145072937,0.6254885196685791,0.02713065594434738,0.8057936429977417,0.5102909207344055,0.6016634702682495,0.7525986433029175,0.4065079689025879,0.40767812728881836,0.6226277351379395,0.005785305052995682,0.8187535405158997,0.40893733501434326,0.6083483695983887,0.7576866745948792,0.4350466728210449
358,squat,0,0.35478657484054565,0.46207407116889954,-0.13838452100753784,0.9991660118103027,0.3540659546852112,0.45394986867904663,-0.18127018213272095,0.999448835849762,0.35617831349372864,0.45330095291137695,-0.18135371804237366,0.9995337128639221,0.3584408164024353,0.45260992646217346,-0.181438148021698,0.9996004104614258,0.3536020517349243,0.45396754145622253,-0.1181875690817833,0.9994152784347534,0.3554200232028961,0.45332077145576477,-0.11823103576898575,0.9994078278541565,0.35752078890800476,0.4525698721408844,-0.1182260662317276,0.9994263648986816,0.3821782171726227,0.4506374001502991,-0.28562435507774353,0.9992495775222778,0.38072729110717773,0.45029890537261963,-0.0013607369037345052,0.9991199970245361,0.3714098632335663,0.46759098768234253,-0.17173145711421967,0.9991158843040466,0.37148576974868774,0.46837013959884644,-0.08815169334411621,0.999087929725647,0.429551362991333,0.4773179292678833,-0.42323029041290283,0.9993691444396973,0.4451899230480194,0.47446849942207336,0.19387148320674896,0.9986231327056885,0.284318208694458,0.5016136765480042,-0.542694628238678,0.9820103645324707,0.30629947781562805,0.49865028262138367,0.2759016454219818,0.2453201860189438,0.15811288356781006,0.5082038640975952,-0.5040975213050842,0.9822453260421753,0.19662481546401978,0.5031334757804871,0.09476485848426819,0.4791075587272644,0.12294264882802963,0.5119806528091431,-0.5894715785980225,0.9725281596183777,0.17236590385437012,0.5022741556167603,0.08412710577249527,0.5070207118988037,0.12166152894496918,0.507104754447937,-0.5606993436813354,0.9686784148216248,0.16421274840831757,0.5014522671699524,0.021992402151226997,0.5229979753494263,0.134581059217453,0.5062954425811768,-0.4965529441833496,0.9498744010925293,0.16895791888237,0.5023876428604126,0.060387201607227325,0.549614667892456,0.6067097783088684,0.5593034029006958,-0.18959936499595642,0.9995567202568054,0.5969821214675903,0.5504621863365173,0.18966814875602722,0.9990135431289673,0.4281992018222809,0.5342902541160583,-0.25237390398979187,0.9086829423904419,0.42925357818603516,0.5261876583099365,0.43130818009376526,0.13079550862312317,0.4901036322116852,0.6135702729225159,0.0306903924793005,0.8328863978385925,0.4844820201396942,0.5915139317512512,0.6844737529754639,0.25124433636665344,0.5168623924255371,0.6256881356239319,0.05673522502183914,0.8084031939506531,0.509351372718811,0.6039677858352661,0.7068859934806824,0.40875330567359924,0.40764543414115906,0.6229540109634399,0.0301319882273674,0.8211661577224731,0.4082385301589966,0.6084251999855042,0.707468569278717,0.4370627999305725
359,squat,0,0.3533840775489807,0.45878246426582336,-0.14226073026657104,0.9991689920425415,0.3525889813899994,0.45071324706077576,-0.18581891059875488,0.9994462132453918,0.3547752797603607,0.45000723004341125,-0.18590755760669708,0.9995325207710266,0.35706764459609985,0.44924765825271606,-0.18600104749202728,0.9995989799499512,0.3520908057689667,0.4507363438606262,-0.12239383906126022,0.9994176626205444,0.3539217412471771,0.4500432014465332,-0.12243728339672089,0.9994127750396729,0.3559893071651459,0.4492211639881134,-0.12243108451366425,0.9994323253631592,0.3807864785194397,0.446817010641098,-0.29043012857437134,0.9992403984069824,0.3792354464530945,0.4464292526245117,-0.003999711479991674,0.999138355255127,0.3708469867706299,0.4640871286392212,-0.1754915714263916,0.9991262555122375,0.37086063623428345,0.4649817943572998,-0.09136006236076355,0.9990983605384827,0.42979300022125244,0.4725649952888489,-0.4321799874305725,0.9993641972541809,0.4455972909927368,0.4700341820716858,0.1920335739850998,0.9986422657966614,0.2848391830921173,0.49904024600982666,-0.5546361207962036,0.9818505644798279,0.30696097016334534,0.49574729800224304,0.2754996120929718,0.24849553406238556,0.159051775932312,0.506223738193512,-0.5110188126564026,0.9820234775543213,0.1984286904335022,0.5003496408462524,0.09390294551849365,0.4754279553890228,0.12385289371013641,0.5101869702339172,-0.5964816212654114,0.9722875952720642,0.17377306520938873,0.4998987317085266,0.08238417655229568,0.5043054223060608,0.12267673760652542,0.5049136877059937,-0.5676817297935486,0.9683843851089478,0.16573843359947205,0.4988555312156677,0.020341411232948303,0.5207100510597229,0.13563351333141327,0.5039999485015869,-0.5034198760986328,0.9493533372879028,0.17051930725574493,0.49962425231933594,0.05946055054664612,0.5480455756187439,0.6095622181892395,0.5544187426567078,-0.19282099604606628,0.9995254874229431,0.602103054523468,0.5466378331184387,0.1929122507572174,0.9989636540412903,0.4257647395133972,0.5333446264266968,-0.22124134004116058,0.9102864861488342,0.42711108922958374,0.5262354016304016,0.41439875960350037,0.13087092339992523,0.4912390112876892,0.6136894822120667,0.06915386766195297,0.8382337689399719,0.48444730043411255,0.5924077033996582,0.6816145181655884,0.24845817685127258,0.5173295736312866,0.6258278489112854,0.09511628746986389,0.8133018016815186,0.5093470215797424,0.6061197519302368,0.7051395773887634,0.40824759006500244,0.40794453024864197,0.6235147714614868,0.07383088767528534,0.8254774212837219,0.4083613157272339,0.6111779808998108,0.707102358341217,0.4343282878398895
360,squat,0,0.35242289304733276,0.4541752338409424,-0.14285510778427124,0.9991357326507568,0.35220804810523987,0.4458554685115814,-0.18616732954978943,0.9994188547134399,0.3544025421142578,0.4451545476913452,-0.1862557828426361,0.9995108246803284,0.35672256350517273,0.4444030523300171,-0.18635523319244385,0.9995807409286499,0.3516262471675873,0.44584372639656067,-0.12267500162124634,0.9993984699249268,0.3533764183521271,0.4451340138912201,-0.122716523706913,0.9993961453437805,0.35535067319869995,0.44431352615356445,-0.12270902097225189,0.9994186162948608,0.3803790807723999,0.44191792607307434,-0.28927576541900635,0.999202311038971,0.37823286652565,0.44142526388168335,-0.0027994110714644194,0.9991342425346375,0.3695511817932129,0.4590585231781006,-0.17559367418289185,0.999104380607605,0.3693583905696869,0.45989224314689636,-0.0914304107427597,0.9990810751914978,0.43008679151535034,0.46836745738983154,-0.43142029643058777,0.9993524551391602,0.44523489475250244,0.4666638970375061,0.19525699317455292,0.9986396431922913,0.2912392020225525,0.49559807777404785,-0.5533555746078491,0.9815976023674011,0.3096044957637787,0.49209484457969666,0.2887035608291626,0.24745583534240723,0.16687260568141937,0.5007200241088867,-0.5070285797119141,0.981515109539032,0.20064391195774078,0.49536776542663574,0.11772949993610382,0.46862727403640747,0.1320517361164093,0.5047053694725037,-0.5912111401557922,0.9716910123825073,0.17720811069011688,0.49516594409942627,0.10702420771121979,0.49886587262153625,0.130802720785141,0.49987509846687317,-0.563046395778656,0.967694103717804,0.1697746217250824,0.49395930767059326,0.04698213189840317,0.5155696272850037,0.14309802651405334,0.4986492991447449,-0.499588280916214,0.9481468796730042,0.1751473844051361,0.49437299370765686,0.08409737050533295,0.5434961915016174,0.610654890537262,0.5495710372924805,-0.19521783292293549,0.9994792938232422,0.6037165522575378,0.5422139763832092,0.19532302021980286,0.9988883137702942,0.424322247505188,0.5329341888427734,-0.20653286576271057,0.9117558002471924,0.4241347014904022,0.5261596441268921,0.39353200793266296,0.13075469434261322,0.4929170310497284,0.613628089427948,0.06874822080135345,0.8441689610481262,0.4836483299732208,0.5948870778083801,0.6470025777816772,0.24594178795814514,0.5181869268417358,0.6257983446121216,0.09321572631597519,0.8185945153236389,0.5093016028404236,0.6087108850479126,0.6691307425498962,0.4076823592185974,0.41104182600975037,0.624060869216919,0.07149738073348999,0.8296293616294861,0.4083562195301056,0.612456202507019,0.6700626611709595,0.4301771819591522
361,squat,0,0.3494652509689331,0.44827407598495483,-0.14526799321174622,0.9991505742073059,0.3511274755001068,0.439831405878067,-0.18778003752231598,0.9994226098060608,0.35329023003578186,0.43922528624534607,-0.18786996603012085,0.9995156526565552,0.35567623376846313,0.43857279419898987,-0.1879742592573166,0.9995852708816528,0.3507705330848694,0.4397353529930115,-0.12424308061599731,0.9994098544120789,0.3525930345058441,0.43905317783355713,-0.1242833286523819,0.9994083046913147,0.3546678125858307,0.4382418990135193,-0.12427239120006561,0.9994314908981323,0.3792239725589752,0.43738967180252075,-0.2883530557155609,0.9992061257362366,0.3774908185005188,0.43622663617134094,-0.0019350337097421288,0.9991626143455505,0.3645648956298828,0.4528505504131317,-0.17645005881786346,0.9991271495819092,0.3642885982990265,0.4534930884838104,-0.09223479777574539,0.9990982413291931,0.4296959340572357,0.46608999371528625,-0.4289727807044983,0.9993463754653931,0.44375136494636536,0.46332788467407227,0.1953807920217514,0.9986335635185242,0.29120972752571106,0.4924112558364868,-0.5504289269447327,0.9814548492431641,0.30967819690704346,0.48827797174453735,0.2847689390182495,0.24697329103946686,0.1674966961145401,0.497344434261322,-0.5064141750335693,0.9810478091239929,0.20026971399784088,0.4918097257614136,0.11441797763109207,0.4599322974681854,0.13259337842464447,0.5012277960777283,-0.5893558859825134,0.9712691903114319,0.1762222796678543,0.4922176003456116,0.10422693938016891,0.4912821352481842,0.13090437650680542,0.4975942373275757,-0.5615256428718567,0.967203676700592,0.1694902926683426,0.49141472578048706,0.04368731752038002,0.5081414580345154,0.14323142170906067,0.4962344765663147,-0.4994496703147888,0.9473166465759277,0.17502744495868683,0.4914560914039612,0.08089745789766312,0.5369641780853271,0.61113041639328,0.5448954701423645,-0.19637258350849152,0.9994516968727112,0.6056461930274963,0.5385190844535828,0.19647857546806335,0.9988394379615784,0.42359045147895813,0.5327856540679932,-0.18121197819709778,0.9145212769508362,0.42255064845085144,0.5261530876159668,0.4017610251903534,0.13027815520763397,0.49288180470466614,0.6139038801193237,0.07508997619152069,0.8537286520004272,0.4834839701652527,0.5979143977165222,0.7074977159500122,0.2457781285047531,0.5181886553764343,0.6272803544998169,0.09722572565078735,0.8284129500389099,0.5092735886573792,0.6116198897361755,0.7346658706665039,0.40933844447135925,0.4080107510089874,0.624135434627533,0.06280593574047089,0.8383223414421082,0.4082951247692108,0.6131027340888977,0.7323014736175537,0.43040791153907776
520,squat,1,0.5087502002716064,0.3828188180923462,-0.6674678325653076,0.9999540448188782,0.5198252201080322,0.3765176832675934,-0.633465588092804,0.999900758266449,0.5254162549972534,0.3763882517814636,-0.6334583759307861,0.9998930096626282,0.5307170748710632,0.3762602210044861,-0.6335809826850891,0.9998703598976135,0.49940764904022217,0.3763836920261383,-0.6317223906517029,0.9998955726623535,0.4911998212337494,0.37604254484176636,-0.6318333148956299,0.999899685382843,0.4839209020137787,0.3757893741130829,-0.6318608522415161,0.9998934864997864,0.5375005602836609,0.3772697448730469,-0.43409857153892517,0.9998558163642883,0.47219929099082947,0.37677839398384094,-0.4267268478870392,0.9998968839645386,0.518371045589447,0.3916703462600708,-0.5933037996292114,0.9999277591705322,0.49415847659111023,0.39137595891952515,-0.591556966304779,0.999942421913147,0.5699783563613892,0.4135470390319824,-0.35959163308143616,0.9993742108345032,0.42408064007759094,0.4132125675678253,-0.3299754559993744,0.9995453953742981,0.6203516125679016,0.4565596878528595,-0.6994903683662415,0.9916811585426331,0.3696238398551941,0.4537351429462433,-0.6933165788650513,0.983557939529419,0.5323372483253479,0.4116366505622864,-0.9926156401634216,0.9757960438728333,0.4704403281211853,0.40872111916542053,-1.0305907726287842,0.9384793639183044,0.5208430290222168,0.39926329255104065,-1.0590170621871948,0.9220224022865295,0.49118921160697937,0.39487573504447937,-1.101955533027649,0.8202224969863892,0.5200537443161011,0.3983916640281677,-1.0044612884521484,0.9048498272895813,0.4923865497112274,0.39450421929359436,-1.0489217042922974,0.7673653960227966,0.5193507671356201,0.40336766839027405,-0.9779238104820251,0.8273751139640808,0.48852601647377014,0.40061306953430176,-1.0178996324539185,0.6532293558120728,0.5351942181587219,0.49576592445373535,-0.006492675747722387,0.9994197487831116,0.44494202733039856,0.49575239419937134,0.00657465448603034,0.9995269179344177,0.5697259306907654,0.5338953733444214,-0.571290910243988,0.9892160892486572,0.40063413977622986,0.5276489853858948,-0.6181697249412537,0.9902144074440002,0.5481308102607727,0.6033854484558105,-0.25325191020965576,0.9827594757080078,0.4113689661026001,0.6010106205940247,-0.27736589312553406,0.992821455001831,0.5364648699760437,0.6122268438339233,-0.23520790040493011,0.8915159702301025,0.42312321066856384,0.61082923412323,-0.25584378838539124,0.9220343232154846,0.5630781054496765,0.6280742883682251,-0.48343557119369507,0.976348876953125,0.4024670720100403,0.6262592673301697,-0.5002194046974182,0.9858125448226929
521,squat,1,0.5082710981369019,0.3844583332538605,-0.6674641370773315,0.9999558329582214,0.5193101763725281,0.3782942593097687,-0.6335150599479675,0.9999046921730042,0.5247777104377747,0.378164678812027,-0.6335073113441467,0.9998976588249207,0.529919445514679,0.3780350983142853,-0.6336301565170288,0.9998753070831299,0.4988061487674713,0.37813833355903625,-0.6317957639694214,0.9998993277549744,0.4904589056968689,0.37778764963150024,-0.6319077610969543,0.9999038577079773,0.4830911457538605,0.3775075376033783,-0.6319364905357361,0.9998971223831177,0.5364237427711487,0.37912648916244507,-0.4339427351951599,0.9998621940612793,0.47139525413513184,0.3787544071674347,-0.42655619978904724,0.9999011158943176,0.5177093744277954,0.3930073082447052,-0.5932443141937256,0.9999315738677979,0.49365127086639404,0.39276039600372314,-0.5915325880050659,0.9999454617500305,0.5693961977958679,0.4147610664367676,-0.3584785759449005,0.9993951320648193,0.4236157536506653,0.41496941447257996,-0.3244951069355011,0.9995484948158264,0.6202121376991272,0.4582044780254364,-0.6953513026237488,0.9920353889465332,0.368766188621521,0.45638343691825867,-0.6919875144958496,0.9838545918464661,0.5316404700279236,0.41338738799095154,-0.9980586767196655,0.9772220849990845,0.46640095114707947,0.4123044013977051,-1.033696174621582,0.9397844076156616,0.5194059014320374,0.40142548084259033,-1.0675199031829834,0.9263108968734741,0.48842528462409973,0.39807337522506714,-1.1076619625091553,0.8233698606491089,0.5188353657722473,0.40026170015335083,-1.015089750289917,0.9098787903785706,0.4900462031364441,0.3967849612236023,-1.0557081699371338,0.7707787156105042,0.5183835029602051,0.4048735201358795,-0.9843288064002991,0.8349605202674866,0.4855307936668396,0.40313613414764404,-1.021492838859558,0.6564948558807373,0.534853458404541,0.49655553698539734,-0.00666507612913847,0.999434232711792,0.44478172063827515,0.49667078256607056,0.006761120166629553,0.9995366334915161,0.5697075128555298,0.5329360365867615,-0.5880654454231262,0.9888052344322205,0.40006136894226074,0.5272846817970276,-0.6356756091117859,0.9897274971008301,0.5481259822845459,0.6035118699073792,-0.2781241536140442,0.9819875955581665,0.4115928113460541,0.6010086536407471,-0.30076712369918823,0.992433488368988,0.5364660620689392,0.612530529499054,-0.2609163522720337,0.891036331653595,0.42326977849006653,0.610588014125824,-0.27969351410865784,0.9216015338897705,0.5639702081680298,0.6280301213264465,-0.5149194002151489,0.9758372902870178,0.40252453088760376,0.6265028715133667,-0.5303089618682861,0.9852475523948669
522,squat,1,0.5072529911994934,0.3861563205718994,-0.6954521536827087,0.9999568462371826,0.5184522867202759,0.3800821602344513,-0.6603264212608337,0.9999063611030579,0.5238780975341797,0.37996408343315125,-0.6603321433067322,0.9999001622200012,0.5289639234542847,0.3798403739929199,-0.660457968711853,0.9998770356178284,0.49768227338790894,0.3799361288547516,-0.6584154963493347,0.9999003410339355,0.48934608697891235,0.37958505749702454,-0.6585299372673035,0.9999058842658997,0.4818914532661438,0.3792901933193207,-0.6585589051246643,0.9998977184295654,0.5354100465774536,0.3810082972049713,-0.4509370028972626,0.999865710735321,0.47045624256134033,0.38041436672210693,-0.44331052899360657,0.9999025464057922,0.5167670249938965,0.39487919211387634,-0.6170679330825806,0.9999341368675232,0.4925898611545563,0.3945505917072296,-0.6154242157936096,0.9999474883079529,0.568451464176178,0.41634634137153625,-0.367062509059906,0.9994030594825745,0.4230911135673523,0.41641750931739807,-0.3340640962123871,0.9995366334915161,0.6200475096702576,0.45997706055641174,-0.7140188217163086,0.9923356175422668,0.3689291179180145,0.45764753222465515,-0.7048656344413757,0.9838963747024536,0.5308758020401001,0.41513681411743164,-1.0239853858947754,0.9783334136009216,0.46672987937927246,0.41288742423057556,-1.0631482601165771,0.9398805499076843,0.5183889269828796,0.40307411551475525,-1.0947058200836182,0.9295709729194641,0.488589346408844,0.39910468459129333,-1.138940691947937,0.8234604597091675,0.5179049968719482,0.40205278992652893,-1.0409847497940063,0.913621723651886,0.49008429050445557,0.398202508687973,-1.085777997970581,0.7702435255050659,0.5175337195396423,0.4067443013191223,-1.0097756385803223,0.8401040434837341,0.48565348982810974,0.40458789467811584,-1.05061936378479,0.6542015075683594,0.5343232750892639,0.4978961944580078,-0.006783970165997744,0.9994492530822754,0.4443519115447998,0.4981623888015747,0.006891709752380848,0.999544620513916,0.569836437702179,0.5324956774711609,-0.6225553750991821,0.9882366061210632,0.40005114674568176,0.5263189673423767,-0.6703219413757324,0.9889113306999207,0.5481137037277222,0.6036471724510193,-0.28771576285362244,0.9807607531547546,0.4115985929965973,0.6009427309036255,-0.3131617307662964,0.9919399619102478,0.5364688634872437,0.6128237247467041,-0.268228143453598,0.8894901275634766,0.4229908883571625,0.6099607348442078,-0.29041925072669983,0.9203281998634338,0.5642614960670471,0.6279984712600708,-0.5293638110160828,0.9749943614006042,0.40250739455223083,0.626520037651062,-0.5514994859695435,0.9844943284988403
523,squat,1,0.5055115818977356,0.38845548033714294,-0.7572073340415955,0.9999579787254333,0.5172435641288757,0.3820914924144745,-0.7222706079483032,0.9999080300331116,0.5227329730987549,0.3818948566913605,-0.7222828269004822,0.9999027252197266,0.5278136134147644,0.3816857635974884,-0.7224219441413879,0.9998780488967896,0.4957202970981598,0.3821384906768799,-0.7196204662322998,0.9999015927314758,0.48729726672172546,0.38182389736175537,-0.7197439074516296,0.9999083280563354,0.4799789488315582,0.38159674406051636,-0.7197755575180054,0.9998986721038818,0.5344672203063965,0.38248211145401,-0.5055773258209229,0.9998694062232971,0.46922388672828674,0.3823111057281494,-0.49458304047584534,0.9999055862426758,0.5155816674232483,0.3969964385032654,-0.6756083965301514,0.9999365210533142,0.4906858205795288,0.39674460887908936,-0.6730000972747803,0.9999493956565857,0.5679116249084473,0.41752883791923523,-0.40868836641311646,0.999408483505249,0.42232373356819153,0.4177490174770355,-0.3750421404838562,0.9995372295379639,0.6198248267173767,0.46180853247642517,-0.7755591869354248,0.9926208853721619,0.3690016269683838,0.4595397710800171,-0.7596588134765625,0.9839265942573547,0.5299897789955139,0.4166622757911682,-1.0995991230010986,0.9791685342788696,0.4669550955295563,0.41484981775283813,-1.1323169469833374,0.9394142627716064,0.5177993178367615,0.40478482842445374,-1.172515630722046,0.9318907856941223,0.4885740876197815,0.40121781826019287,-1.210173487663269,0.8221187591552734,0.51731938123703,0.4036981165409088,-1.1169573068618774,0.916069507598877,0.4898039400577545,0.40036436915397644,-1.1555207967758179,0.7675327658653259,0.516831636428833,0.40832751989364624,-1.0852155685424805,0.8426203727722168,0.4855469763278961,0.40643662214279175,-1.119646668434143,0.6488713026046753,0.5340200066566467,0.4988279342651367,-0.006898295134305954,0.9994637966156006,0.4439723491668701,0.49913713335990906,0.007014226634055376,0.9995562434196472,0.5700920224189758,0.5324909090995789,-0.6350455284118652,0.9874297380447388,0.3990493714809418,0.5262013673782349,-0.6829204559326172,0.987964928150177,0.5477598309516907,0.6044333577156067,-0.2975451350212097,0.9789546132087708,0.41149112582206726,0.6011523604393005,-0.32198187708854675,0.9914134740829468,0.5359336733818054,0.613885223865509,-0.27855950593948364,0.8876741528511047,0.42219284176826477,0.6101983189582825,-0.29972800612449646,0.9194391965866089,0.5645719766616821,0.6276634335517883,-0.5465794801712036,0.9736900925636292,0.40205785632133484,0.6267116665840149,-0.5675703287124634,0.9836365580558777
524,squat,1,0.5024673342704773,0.39099764823913574,-0.7246899604797363,0.9999553561210632,0.5141839385032654,0.38501930236816406,-0.6908642053604126,0.9999009966850281,0.5200258493423462,0.3848966956138611,-0.6908726096153259,0.9998966455459595,0.5249814987182617,0.3847777247428894,-0.6910112500190735,0.9998677372932434,0.4933272898197174,0.3848044276237488,-0.6886966824531555,0.9998935461044312,0.48513829708099365,0.38437405228614807,-0.6888131499290466,0.9999030828475952,0.47822630405426025,0.3840300142765045,-0.6888460516929626,0.9998900294303894,0.532050609588623,0.38572391867637634,-0.48191389441490173,0.9998620748519897,0.46790406107902527,0.38454172015190125,-0.4724658727645874,0.9998996257781982,0.5133869647979736,0.39991337060928345,-0.6458452939987183,0.9999346137046814,0.4876765310764313,0.39843258261680603,-0.643707275390625,0.9999477863311768,0.5665857195854187,0.4200553596019745,-0.3904033601284027,0.9993849396705627,0.41977500915527344,0.4206681549549103,-0.36074745655059814,0.9995155930519104,0.6194165349006653,0.4644583761692047,-0.7446864247322083,0.9926100373268127,0.36863434314727783,0.4638495147228241,-0.7317354679107666,0.9832255840301514,0.5296763181686401,0.4199294447898865,-1.0584919452667236,0.9787412285804749,0.46703627705574036,0.41771525144577026,-1.0874719619750977,0.9361786246299744,0.5173376798629761,0.4084275960922241,-1.1284685134887695,0.9305068850517273,0.48849689960479736,0.40505459904670715,-1.162227749824524,0.815115213394165,0.5166944861412048,0.4075094163417816,-1.0726041793823242,0.913857102394104,0.48935675621032715,0.40353041887283325,-1.1088552474975586,0.7583534717559814,0.516234278678894,0.411467581987381,-1.0436642169952393,0.8371866345405579,0.48531433939933777,0.40916356444358826,-1.0748231410980225,0.6362960338592529,0.5330912470817566,0.5005040168762207,-0.007001231424510479,0.9994655251502991,0.44336503744125366,0.5008299350738525,0.007124641910195351,0.999553918838501,0.5703437924385071,0.5325146913528442,-0.6288117170333862,0.9865413308143616,0.39779654145240784,0.5261391401290894,-0.670221209526062,0.9868395328521729,0.5478197932243347,0.6044285893440247,-0.3030647933483124,0.9774392247200012,0.41130727529525757,0.6011502742767334,-0.3206382393836975,0.9907909035682678,0.5359690189361572,0.6138716340065002,-0.2845768630504608,0.8850781321525574,0.4220050573348999,0.6102076172828674,-0.29879269003868103,0.9178104996681213,0.5648476481437683,0.6275922656059265,-0.5483579635620117,0.9724640250205994,0.40139174461364746,0.6266535520553589,-0.5601406097412109,0.9826716184616089
525,squat,1,0.49993792176246643,0.3926002085208893,-0.7412609457969666,0.9999539852142334,0.5117751955986023,0.38682466745376587,-0.7079172730445862,0.9998967051506042,0.5178071856498718,0.3866949677467346,-0.7079360485076904,0.9998936653137207,0.5228162407875061,0.38657593727111816,-0.708087682723999,0.9998602867126465,0.49095168709754944,0.3863755762577057,-0.7054666876792908,0.9998882412910461,0.4828406572341919,0.3859259784221649,-0.7055816650390625,0.9999005794525146,0.4763166010379791,0.3855666220188141,-0.7056083679199219,0.9998844861984253,0.53022301197052,0.3871764838695526,-0.4976488947868347,0.9998577833175659,0.46646061539649963,0.38605770468711853,-0.4871997833251953,0.9998971819877625,0.5115101337432861,0.4013768136501312,-0.6618197560310364,0.9999346733093262,0.48506224155426025,0.399823397397995,-0.6593554615974426,0.9999477863311768,0.5656046271324158,0.42172518372535706,-0.3978706896305084,0.9993749856948853,0.41825100779533386,0.42196977138519287,-0.3710545599460602,0.9995154738426208,0.6188708543777466,0.4665190279483795,-0.7623481750488281,0.9927566647529602,0.36762094497680664,0.4666582942008972,-0.7451172471046448,0.9830278158187866,0.5296315550804138,0.4214966893196106,-1.0884380340576172,0.9789109826087952,0.46688053011894226,0.41986536979675293,-1.1116786003112793,0.935676634311676,0.5173379182815552,0.41011714935302734,-1.1604214906692505,0.9308669567108154,0.4872643053531647,0.40675681829452515,-1.1879513263702393,0.8145835399627686,0.5166696906089783,0.4088614881038666,-1.1040037870407104,0.9138245582580566,0.48790737986564636,0.40498408675193787,-1.1344841718673706,0.756919801235199,0.51616370677948,0.4129050672054291,-1.073840618133545,0.8356513977050781,0.4839588701725006,0.41058406233787537,-1.0990549325942993,0.6326000094413757,0.5320326685905457,0.5014891028404236,-0.006038775201886892,0.9994754791259766,0.4422726333141327,0.5017821788787842,0.006182368379086256,0.9995587468147278,0.5701838135719299,0.5325037240982056,-0.6331989169120789,0.98585444688797,0.39737826585769653,0.526104748249054,-0.6729410290718079,0.9858682751655579,0.547897219657898,0.6045381426811218,-0.31467482447624207,0.9760637283325195,0.41111159324645996,0.6019276976585388,-0.33571234345436096,0.9902855157852173,0.535974383354187,0.6140629053115845,-0.29703399538993835,0.8847323656082153,0.42146065831184387,0.6116358637809753,-0.3154904842376709,0.91706782579422,0.5662568807601929,0.6274608373641968,-0.561165988445282,0.9715494513511658,0.4006493389606476,0.6266423463821411,-0.5821486115455627,0.9818713665008545
526,squat,1,0.49875032901763916,0.394137978553772,-0.7562386989593506,0.9999534487724304,0.5105626583099365,0.3884482979774475,-0.7230358123779297,0.9998944997787476,0.5165809392929077,0.38830605149269104,-0.723049521446228,0.9998925924301147,0.5216773152351379,0.3881732225418091,-0.723202109336853,0.9998553991317749,0.48987746238708496,0.38804253935813904,-0.7205560207366943,0.9998856782913208,0.48181411623954773,0.38758528232574463,-0.7206693291664124,0.9999002814292908,0.4753274619579315,0.3872482478618622,-0.7206906676292419,0.9998819828033447,0.5295276045799255,0.38889065384864807,-0.5135360956192017,0.999856173992157,0.4657294750213623,0.3877379596233368,-0.5030379295349121,0.9998980164527893,0.5104617476463318,0.40277016162872314,-0.6772475838661194,0.9999353885650635,0.48411503434181213,0.40142822265625,-0.6747403144836426,0.9999485611915588,0.5653021335601807,0.4236791133880615,-0.416500985622406,0.9993650913238525,0.4174014627933502,0.42350783944129944,-0.3881027400493622,0.9995247721672058,0.6184554100036621,0.4684358537197113,-0.7919489145278931,0.9929125308990479,0.36657607555389404,0.46823927760124207,-0.7707197070121765,0.9830805659294128,0.5289766788482666,0.4230669140815735,-1.1202409267425537,0.9791104197502136,0.4667426645755768,0.42096561193466187,-1.1376227140426636,0.9356201887130737,0.5162601470947266,0.4114663600921631,-1.19309401512146,0.9312800765037537,0.4864545464515686,0.407645046710968,-1.2136999368667603,0.8148574233055115,0.5156498551368713,0.410299152135849,-1.1353991031646729,0.9138272404670715,0.48686888813972473,0.4059521555900574,-1.1593204736709595,0.7564285397529602,0.5152158737182617,0.4143765866756439,-1.1055048704147339,0.8341345191001892,0.4829716682434082,0.41163691878318787,-1.1247012615203857,0.6301830410957336,0.5318459272384644,0.5026674270629883,-0.005947993136942387,0.9994880557060242,0.44190067052841187,0.5028471350669861,0.006089475937187672,0.9995710253715515,0.5700889229774475,0.5325167775154114,-0.6356682181358337,0.9852854013442993,0.39656323194503784,0.5260341763496399,-0.6716879606246948,0.9848360419273376,0.5478855967521667,0.6047536134719849,-0.3210539221763611,0.9747791290283203,0.4109772741794586,0.6024745106697083,-0.34322336316108704,0.989772617816925,0.5359699130058289,0.6142510771751404,-0.3039090931415558,0.8843249082565308,0.42113450169563293,0.6124922633171082,-0.3241851329803467,0.916168212890625,0.5666582584381104,0.6272504925727844,-0.568193256855011,0.9707379937171936,0.39942657947540283,0.6266045570373535,-0.5911950469017029,0.9811183214187622
527,squat,1,0.49763524532318115,0.3957501947879791,-0.759673535823822,0.9999509453773499,0.5098536610603333,0.3901265859603882,-0.7260202169418335,0.9998857975006104,0.5159266591072083,0.3900255560874939,-0.7260326147079468,0.9998859167098999,0.5210471749305725,0.38993963599205017,-0.7261782884597778,0.9998394250869751,0.48882120847702026,0.389470636844635,-0.7234410047531128,0.999875545501709,0.4808383285999298,0.38891875743865967,-0.7235586047172546,0.9998950958251953,0.47443053126335144,0.38849344849586487,-0.72358638048172,0.9998723864555359,0.5289716720581055,0.3906300961971283,-0.5136767625808716,0.9998455047607422,0.4649362564086914,0.38886573910713196,-0.5028751492500305,0.9998934864997864,0.5095425248146057,0.40474939346313477,-0.6795653700828552,0.9999342560768127,0.48265302181243896,0.40298184752464294,-0.6769989728927612,0.9999480843544006,0.5646122097969055,0.4251803159713745,-0.4129088222980499,0.9993504881858826,0.4159114360809326,0.4250102639198303,-0.3844699561595917,0.9995259046554565,0.6180482506752014,0.47011634707450867,-0.7846568822860718,0.9929945468902588,0.3657183051109314,0.4699689447879791,-0.7641509771347046,0.9831109046936035,0.5287676453590393,0.4247792065143585,-1.1154570579528809,0.9792611002922058,0.46583354473114014,0.4237828850746155,-1.13408625125885,0.9364045858383179,0.5158134698867798,0.41307881474494934,-1.1878687143325806,0.9316697120666504,0.4857655465602875,0.4098486006259918,-1.2104578018188477,0.8171866536140442,0.5150770545005798,0.41196903586387634,-1.1315394639968872,0.9138577580451965,0.4861665368080139,0.4080418050289154,-1.1551213264465332,0.7585597634315491,0.5146899819374084,0.4160768985748291,-1.101061463356018,0.8327250480651855,0.48213210701942444,0.41394200921058655,-1.1204874515533447,0.6306367516517639,0.5315867066383362,0.5035314559936523,-0.005959492642432451,0.9994902610778809,0.44124647974967957,0.5040826797485352,0.00609986949712038,0.9995734691619873,0.5699617266654968,0.53252774477005,-0.6616589426994324,0.9849334359169006,0.3961377441883087,0.5256801247596741,-0.6887467503547668,0.9838866591453552,0.5482243895530701,0.604557991027832,-0.3284023404121399,0.9735291600227356,0.4110168218612671,0.6023997068405151,-0.34393882751464844,0.9893681406974792,0.536516547203064,0.6135783791542053,-0.309601366519928,0.8833342790603638,0.42139390110969543,0.61243736743927,-0.3233988881111145,0.9157710075378418,0.5666207671165466,0.6268463730812073,-0.5762162804603577,0.9699952006340027,0.39925265312194824,0.6259576678276062,-0.5935502052307129,0.9805139899253845
528,squat,1,0.49787765741348267,0.3983282446861267,-0.7433229684829712,0.9999493360519409,0.5098865032196045,0.3923422694206238,-0.7097829580307007,0.9998793005943298,0.5158628821372986,0.3921170234680176,-0.7097901105880737,0.9998819828033447,0.5210172533988953,0.39198410511016846,-0.7099308967590332,0.9998285174369812,0.48886027932167053,0.3921702206134796,-0.7073630094528198,0.9998672604560852,0.4808891713619232,0.3917121887207031,-0.7074801325798035,0.9998913407325745,0.4742732346057892,0.3912753462791443,-0.7075101137161255,0.9998642802238464,0.5282735228538513,0.3928018808364868,-0.5010363459587097,0.9998388886451721,0.46422693133354187,0.3913370966911316,-0.4901793301105499,0.9998894929885864,0.5094961524009705,0.40693268179893494,-0.6645921468734741,0.9999346733093262,0.4829477071762085,0.4053887128829956,-0.6619535088539124,0.9999486804008484,0.5641021728515625,0.42705073952674866,-0.4023054838180542,0.999355137348175,0.4145522713661194,0.4265049695968628,-0.3835276663303375,0.9995306730270386,0.6172890663146973,0.4732363224029541,-0.7773193717002869,0.993103563785553,0.36524027585983276,0.47259312868118286,-0.7483060956001282,0.983214259147644,0.528598964214325,0.4282117784023285,-1.0885813236236572,0.9795547127723694,0.46511244773864746,0.42749670147895813,-1.1118956804275513,0.9379420876502991,0.5151765942573547,0.41765618324279785,-1.1604622602462769,0.9326962232589722,0.484961599111557,0.4136567711830139,-1.187234878540039,0.821971595287323,0.5143821239471436,0.4158647358417511,-1.105614423751831,0.9148983955383301,0.4854007363319397,0.41159600019454956,-1.1333482265472412,0.7642720937728882,0.514129638671875,0.41952377557754517,-1.0745292901992798,0.8332201242446899,0.48150965571403503,0.41720739006996155,-1.098881721496582,0.6357203722000122,0.5308675169944763,0.504883348941803,-0.00593916280195117,0.9994943737983704,0.4403783679008484,0.5052765011787415,0.0060906782746315,0.9995764493942261,0.569617509841919,0.5325384140014648,-0.6561678647994995,0.9849864840507507,0.39534664154052734,0.5252406597137451,-0.6917726397514343,0.9835142493247986,0.5484405159950256,0.6041421890258789,-0.3286852240562439,0.9733706116676331,0.41100120544433594,0.6021672487258911,-0.35407280921936035,0.9892496466636658,0.5371501445770264,0.6125191450119019,-0.31006449460983276,0.8848298192024231,0.4213588237762451,0.6114416718482971,-0.33387547731399536,0.9170811772346497,0.5650581121444702,0.6263547539710999,-0.5751132369041443,0.9701291918754578,0.3992979824542999,0.6256226301193237,-0.6037434935569763,0.980415940284729
529,squat,1,0.49727559089660645,0.4001421630382538,-0.816226601600647,0.9999492764472961,0.5091463923454285,0.39410799741744995,-0.7812300324440002,0.9998765587806702,0.5151225328445435,0.3938802480697632,-0.7812396287918091,0.9998810887336731,0.5203016400337219,0.39374494552612305,-0.7813901901245117,0.9998196363449097,0.4881763160228729,0.3939940929412842,-0.7787951827049255,0.9998630285263062,0.4802677631378174,0.3935459554195404,-0.7789210081100464,0.9998908638954163,0.47362497448921204,0.3931334316730499,-0.7789368033409119,0.9998607635498047,0.5274398326873779,0.39461928606033325,-0.5581860542297363,0.9998371005058289,0.46345868706703186,0.39318791031837463,-0.5480460524559021,0.9998914003372192,0.5089309215545654,0.40863582491874695,-0.732471227645874,0.9999375343322754,0.482505202293396,0.4071609079837799,-0.7301218509674072,0.9999510049819946,0.5636634826660156,0.4284535050392151,-0.44439372420310974,0.999370276927948,0.4138220250606537,0.4279603362083435,-0.4163285791873932,0.9995515942573547,0.6163948774337769,0.47501862049102783,-0.8379042744636536,0.9934302568435669,0.3646017014980316,0.4741992652416229,-0.8113489747047424,0.9837595224380493,0.5277829766273499,0.42976418137550354,-1.1917752027511597,0.9804043173789978,0.46437591314315796,0.4294251799583435,-1.206020712852478,0.9407228231430054,0.5136137008666992,0.4194011688232422,-1.2687824964523315,0.9350110292434692,0.4842892289161682,0.41570234298706055,-1.2870657444000244,0.8293867707252502,0.512848973274231,0.41764649748802185,-1.2126437425613403,0.9173601865768433,0.4847613573074341,0.41372209787368774,-1.231088399887085,0.7729200124740601,0.5127907395362854,0.42123836278915405,-1.1779557466506958,0.8363020420074463,0.48089268803596497,0.4191738963127136,-1.1923925876617432,0.645034909248352,0.530269205570221,0.5060024857521057,-0.00610615499317646,0.9995036125183105,0.4395083785057068,0.5064010620117188,0.006270652636885643,0.9995884299278259,0.5690229535102844,0.5319089889526367,-0.692857563495636,0.9852866530418396,0.3932795226573944,0.5250402688980103,-0.7047029733657837,0.9831507205963135,0.5486174821853638,0.6040958166122437,-0.3730952739715576,0.9728879332542419,0.4108530879020691,0.6027008891105652,-0.38117730617523193,0.9892159700393677,0.5372297167778015,0.6125348806381226,-0.35732030868530273,0.8868914246559143,0.4208422303199768,0.6131553053855896,-0.3647283911705017,0.9190304279327393,0.5646644830703735,0.626329779624939,-0.633365273475647,0.970259964466095,0.3984827697277069,0.6256409287452698,-0.6480091214179993,0.9805536866188049
530,squat,1,0.4964568018913269,0.4017212390899658,-0.8239452242851257,0.9999486804008484,0.5083659887313843,0.39575719833374023,-0.7897526621818542,0.9998723268508911,0.5144587755203247,0.3954884111881256,-0.7897632122039795,0.9998787641525269,0.5197376012802124,0.39531052112579346,-0.789914608001709,0.9998082518577576,0.487207293510437,0.39567646384239197,-0.7865672707557678,0.9998573660850525,0.47925323247909546,0.3952139914035797,-0.7866930961608887,0.9998891353607178,0.4726885259151459,0.3948003053665161,-0.7867147922515869,0.9998555183410645,0.5270358324050903,0.3960784673690796,-0.5686458349227905,0.9998336434364319,0.4626639783382416,0.3947691321372986,-0.5549367070198059,0.9998920559883118,0.5084921717643738,0.4102717638015747,-0.740710437297821,0.9999391436576843,0.48188990354537964,0.40874767303466797,-0.7372903823852539,0.9999522566795349,0.5635555386543274,0.4298950433731079,-0.4545844495296478,0.9993739128112793,0.41332435607910156,0.4291220009326935,-0.4247651696205139,0.9995681047439575,0.6156694293022156,0.4766574501991272,-0.8495529890060425,0.9936350584030151,0.36432045698165894,0.475565642118454,-0.8246549367904663,0.9841317534446716,0.5270503759384155,0.43079549074172974,-1.2018734216690063,0.9809532761573792,0.4642098844051361,0.43022823333740234,-1.21616530418396,0.942962646484375,0.5125203728675842,0.420411080121994,-1.2782924175262451,0.9364331364631653,0.48355334997177124,0.4168053865432739,-1.2961596250534058,0.8352755308151245,0.5117035508155823,0.41878607869148254,-1.221331000328064,0.9186649918556213,0.4840333163738251,0.41485050320625305,-1.239425539970398,0.7794592976570129,0.5116632580757141,0.42233696579933167,-1.1877763271331787,0.8371541500091553,0.4804258644580841,0.4201177656650543,-1.2022595405578613,0.6513165235519409,0.5294008255004883,0.5074355602264404,-0.006251400802284479,0.9995129108428955,0.43862777948379517,0.5078566074371338,0.006422290578484535,0.9996008276939392,0.5689781904220581,0.5316480994224548,-0.7002070546150208,0.9854307770729065,0.39087027311325073,0.5250446200370789,-0.7057584524154663,0.9828934073448181,0.5486234426498413,0.6041921377182007,-0.3789362907409668,0.9725126624107361,0.41072720289230347,0.6036145687103271,-0.3774265944957733,0.9892457127571106,0.5372060537338257,0.6128604412078857,-0.362895667552948,0.8895602226257324,0.4206746816635132,0.6147943735122681,-0.36027583479881287,0.9210696816444397,0.5647969841957092,0.626337468624115,-0.6379151344299316,0.9704582691192627,0.3969671428203583,0.6258637309074402,-0.6401982307434082,0.9807197451591492
531,squat,1,0.49602752923965454,0.40306827425956726,-0.8186147212982178,0.9999465346336365,0.5078942775726318,0.3970518708229065,-0.7842076420783997,0.9998632669448853,0.5139569640159607,0.3967662453651428,-0.7842238545417786,0.9998729228973389,0.5192896723747253,0.3965762257575989,-0.7843722105026245,0.9997888207435608,0.4867408573627472,0.39698535203933716,-0.7813948392868042,0.9998438954353333,0.47877806425094604,0.3965035378932953,-0.781511664390564,0.9998826384544373,0.47217321395874023,0.3960636258125305,-0.7815321683883667,0.9998422265052795,0.5266914367675781,0.397295206785202,-0.5606023669242859,0.9998237490653992,0.4621538817882538,0.3959822952747345,-0.5489752292633057,0.9998874664306641,0.5080145597457886,0.41141122579574585,-0.7342738509178162,0.999940037727356,0.48153355717658997,0.41005924344062805,-0.7314988970756531,0.9999528527259827,0.5634583234786987,0.43091151118278503,-0.44449448585510254,0.9993840456008911,0.41259562969207764,0.43040916323661804,-0.41452452540397644,0.9995815753936768,0.6143276691436768,0.47803792357444763,-0.8362893462181091,0.9937777519226074,0.36398446559906006,0.4769822061061859,-0.8114638924598694,0.9842957854270935,0.5263546705245972,0.43183115124702454,-1.1927642822265625,0.9815031886100769,0.4635882079601288,0.4313807487487793,-1.208917260169983,0.9448343515396118,0.5119532942771912,0.4215139150619507,-1.26924729347229,0.9381023049354553,0.482260525226593,0.4178577959537506,-1.289463996887207,0.8404448628425598,0.5111358761787415,0.41988682746887207,-1.213792324066162,0.9204480648040771,0.4827565550804138,0.415841668844223,-1.2336443662643433,0.7854602932929993,0.5111123919487,0.4233773350715637,-1.1792032718658447,0.8391651511192322,0.479292094707489,0.4211589992046356,-1.1953285932540894,0.6573100686073303,0.5286988019943237,0.5081689953804016,-0.006257317494601011,0.9995232224464417,0.4376506805419922,0.5088635683059692,0.006426688749343157,0.9996091723442078,0.5686641335487366,0.5309262871742249,-0.7136750817298889,0.9857775568962097,0.3907316029071808,0.5250421762466431,-0.7208418846130371,0.9826416373252869,0.5486235022544861,0.6041916608810425,-0.3983398675918579,0.9726114869117737,0.4106653034687042,0.6035223007202148,-0.3930024802684784,0.9892836809158325,0.5372052192687988,0.6128742694854736,-0.38337787985801697,0.8923032283782959,0.4206182360649109,0.6144800782203674,-0.3764556646347046,0.9229461550712585,0.5645920038223267,0.6263348460197449,-0.6645573973655701,0.971043050289154,0.397330105304718,0.6258628964424133,-0.6633480191230774,0.980968713760376
532,squat,1,0.49626925587654114,0.40563005208969116,-0.8199701905250549,0.9999451637268066,0.5079225301742554,0.39947038888931274,-0.784832775592804,0.9998555183410645,0.5138587951660156,0.3992077708244324,-0.7848531603813171,0.9998682141304016,0.5191971063613892,0.3989768624305725,-0.7849991917610168,0.9997717142105103,0.48678821325302124,0.3994522988796234,-0.7823039889335632,0.9998308420181274,0.47884657979011536,0.3990155756473541,-0.7824171185493469,0.999876081943512,0.47211793065071106,0.39853963255882263,-0.7824326753616333,0.9998286366462708,0.5264459848403931,0.39979156851768494,-0.555062472820282,0.9998155832290649,0.46192696690559387,0.39849498867988586,-0.544731080532074,0.9998829364776611,0.507968008518219,0.4135313034057617,-0.7330939173698425,0.9999421238899231,0.48177987337112427,0.412789523601532,-0.7307543754577637,0.9999542832374573,0.5634667873382568,0.4337942600250244,-0.4355974793434143,0.9994069933891296,0.41245490312576294,0.43240952491760254,-0.40524163842201233,0.9995972514152527,0.6137511134147644,0.4810657799243927,-0.8298893570899963,0.9939594864845276,0.36273667216300964,0.4795699119567871,-0.8036667704582214,0.9843928217887878,0.526233434677124,0.4344565272331238,-1.1945569515228271,0.9821734428405762,0.4621519446372986,0.43376243114471436,-1.2118955850601196,0.9465104937553406,0.5120534896850586,0.4231509268283844,-1.2718347311019897,0.9401452541351318,0.48189306259155273,0.41930046677589417,-1.294141173362732,0.8451445698738098,0.511236846446991,0.42153024673461914,-1.2174135446548462,0.9228005409240723,0.48233550786972046,0.4173024892807007,-1.2388092279434204,0.7911274433135986,0.5111818313598633,0.42544129490852356,-1.1814178228378296,0.8425698280334473,0.4784006178379059,0.42308610677719116,-1.1986291408538818,0.6633251309394836,0.5285269618034363,0.5106649398803711,-0.0064410194754600525,0.9995308518409729,0.4371201694011688,0.5112432837486267,0.0066337971948087215,0.9996160268783569,0.5681489109992981,0.5300604701042175,-0.7245349884033203,0.9862305521965027,0.39036980271339417,0.5248630046844482,-0.7400240302085876,0.9825049042701721,0.5487549304962158,0.603874146938324,-0.4160587787628174,0.97283935546875,0.41044941544532776,0.6034830212593079,-0.42421960830688477,0.9894111752510071,0.5374865531921387,0.612271249294281,-0.40237024426460266,0.8953901529312134,0.42035573720932007,0.6142911314964294,-0.4095897078514099,0.9256308078765869,0.5637678503990173,0.6263474225997925,-0.6874971985816956,0.971854031085968,0.3975861966609955,0.6258580684661865,-0.7034038305282593,0.9814879894256592
533,squat,1,0.4954560101032257,0.4075970947742462,-0.8453712463378906,0.9999442100524902,0.5069271922111511,0.4014665186405182,-0.812782883644104,0.9998497366905212,0.5128006935119629,0.4012031853199005,-0.8127906322479248,0.9998650550842285,0.518154501914978,0.40094250440597534,-0.8129451274871826,0.9997580647468567,0.48583248257637024,0.40147027373313904,-0.8094050288200378,0.9998210072517395,0.47796255350112915,0.40105584263801575,-0.8095287084579468,0.9998721480369568,0.4713461995124817,0.40062734484672546,-0.8095508813858032,0.9998193979263306,0.5256639719009399,0.40149107575416565,-0.5873045921325684,0.9998087882995605,0.46133673191070557,0.40042605996131897,-0.5739012956619263,0.9998804926872253,0.5071538090705872,0.41526660323143005,-0.7592914700508118,0.999943196773529,0.48150426149368286,0.4144279658794403,-0.7560092210769653,0.9999549984931946,0.563374400138855,0.43504950404167175,-0.45994895696640015,0.9994327425956726,0.4122397005558014,0.43306827545166016,-0.43177133798599243,0.9996163249015808,0.6131455302238464,0.48253583908081055,-0.8495240807533264,0.9940565228462219,0.36212968826293945,0.48048967123031616,-0.8289862871170044,0.9846386313438416,0.5250903367996216,0.4358330965042114,-1.2084987163543701,0.9824891090393066,0.46158918738365173,0.4352073073387146,-1.225005030632019,0.9476540684700012,0.5112650394439697,0.42473745346069336,-1.2847492694854736,0.9410413503646851,0.48151886463165283,0.42089247703552246,-1.304996132850647,0.8480782508850098,0.510706901550293,0.4230562746524811,-1.2284413576126099,0.9236567616462708,0.48181620240211487,0.4189665615558624,-1.2476239204406738,0.7942297458648682,0.5107254385948181,0.4268500804901123,-1.1944469213485718,0.8428063988685608,0.4781263768672943,0.4245297312736511,-1.210584282875061,0.6651283502578735,0.5283036828041077,0.5108168125152588,-0.00586664630100131,0.9995481967926025,0.43693166971206665,0.5115576982498169,0.006070991512387991,0.9996271133422852,0.5679435729980469,0.5299009680747986,-0.7330679893493652,0.986019492149353,0.3904489278793335,0.5248395204544067,-0.7392825484275818,0.9816288948059082,0.5486977100372314,0.6039294600486755,-0.39451271295547485,0.9721912145614624,0.41027501225471497,0.6025907397270203,-0.39288467168807983,0.9891911149024963,0.5373995304107666,0.6123194098472595,-0.37680500745773315,0.8965326547622681,0.4203169345855713,0.6127625107765198,-0.37480729818344116,0.9258315563201904,0.5637804865837097,0.6264978647232056,-0.6567142009735107,0.9717885851860046,0.3987579345703125,0.6255643963813782,-0.6582160592079163,0.9813030958175659
534,squat,1,0.49540162086486816,0.40877678990364075,-0.8224418759346008,0.999942421913147,0.5068081021308899,0.4024643898010254,-0.7893901467323303,0.9998412132263184,0.512666642665863,0.4021773040294647,-0.7893982529640198,0.9998595118522644,0.518033504486084,0.40193966031074524,-0.7895437479019165,0.9997398853302002,0.4857155382633209,0.40259766578674316,-0.7865406274795532,0.9998080730438232,0.47785282135009766,0.4022125005722046,-0.7866636514663696,0.9998656511306763,0.47117751836776733,0.4018290340900421,-0.7866907715797424,0.9998058080673218,0.525538980960846,0.4026622772216797,-0.566358208656311,0.9997969269752502,0.4609965682029724,0.4018673598766327,-0.555366575717926,0.9998739361763,0.5070207715034485,0.4165283143520355,-0.737544059753418,0.999943733215332,0.4816269278526306,0.4158065915107727,-0.7349799275398254,0.9999553561210632,0.5633856058120728,0.43669426441192627,-0.4458669424057007,0.9994505643844604,0.4117259383201599,0.4346497654914856,-0.4178082048892975,0.9996296763420105,0.6125969886779785,0.4842841625213623,-0.830283522605896,0.9940826892852783,0.361245334148407,0.4820180833339691,-0.808280885219574,0.9847372174263,0.5249300003051758,0.43741899728775024,-1.1776783466339111,0.9828352928161621,0.4605863392353058,0.43719008564949036,-1.1967196464538574,0.9485887289047241,0.5109499096870422,0.42601051926612854,-1.2527029514312744,0.9422309994697571,0.48112016916275024,0.4227946996688843,-1.2760282754898071,0.8508443236351013,0.5105478763580322,0.4243112802505493,-1.197198510169983,0.9249905347824097,0.4815446436405182,0.4210488498210907,-1.2202621698379517,0.7973349094390869,0.5105488300323486,0.42839595675468445,-1.163749098777771,0.844295859336853,0.4777035117149353,0.42681220173835754,-1.1829463243484497,0.6673694252967834,0.5283281207084656,0.5119547247886658,-0.0055391499772667885,0.9995604157447815,0.43665939569473267,0.5126403570175171,0.005762030836194754,0.9996359348297119,0.5679207444190979,0.5294637084007263,-0.7307284474372864,0.9860984683036804,0.3905109167098999,0.5248531699180603,-0.743141233921051,0.9813234210014343,0.548498809337616,0.6039295792579651,-0.3927430212497711,0.9723649621009827,0.4102659821510315,0.6026563048362732,-0.39045149087905884,0.9892794489860535,0.5371514558792114,0.6124674081802368,-0.37439998984336853,0.8991963863372803,0.42023706436157227,0.6127389073371887,-0.3708323836326599,0.927396833896637,0.5637999773025513,0.6265382766723633,-0.6534678936004639,0.9723392128944397,0.4000140428543091,0.6254686713218689,-0.6550976037979126,0.981545627117157
535,squat,1,0.4949711561203003,0.4100887179374695,-0.8342247009277344,0.9999417066574097,0.5062755346298218,0.40392035245895386,-0.800898551940918,0.9998363852500916,0.5121352076530457,0.4036508798599243,-0.8009034991264343,0.9998568892478943,0.5174958109855652,0.4034011662006378,-0.8010500073432922,0.9997285604476929,0.48523780703544617,0.4038868248462677,-0.7980612516403198,0.9998007416725159,0.47741907835006714,0.40345677733421326,-0.7981871962547302,0.9998629093170166,0.4708026349544525,0.4030446410179138,-0.798211395740509,0.9997989535331726,0.5250529050827026,0.4038768708705902,-0.5767477750778198,0.9997908473014832,0.4606318771839142,0.4028865694999695,-0.5658631920814514,0.9998719692230225,0.5065135955810547,0.4177837073802948,-0.7491150498390198,0.9999445676803589,0.48131299018859863,0.4168807864189148,-0.7465583682060242,0.999955952167511,0.5630941987037659,0.43777552247047424,-0.45411163568496704,0.9994630217552185,0.4112158715724945,0.4361704885959625,-0.4276978671550751,0.9996441006660461,0.6118206977844238,0.485647976398468,-0.8433236479759216,0.9941064715385437,0.36068183183670044,0.4834640920162201,-0.8235809803009033,0.9848788380622864,0.5247458219528198,0.43821579217910767,-1.2003417015075684,0.9829479455947876,0.4605104923248291,0.43793830275535583,-1.2149696350097656,0.9493898153305054,0.5107365846633911,0.42692863941192627,-1.275503158569336,0.9425678253173828,0.480802446603775,0.4236390292644501,-1.2941166162490845,0.8528623580932617,0.5102607607841492,0.4253793954849243,-1.2198461294174194,0.9251482486724854,0.48110300302505493,0.4219345152378082,-1.2363970279693604,0.7993084788322449,0.5102440118789673,0.4294466972351074,-1.1865062713623047,0.8433786034584045,0.4773796796798706,0.4277121424674988,-1.2002884149551392,0.6678780317306519,0.5282379984855652,0.5127269625663757,-0.005175609607249498,0.9995695352554321,0.4367084503173828,0.5132706165313721,0.005399525631219149,0.9996441602706909,0.5679439306259155,0.5296097993850708,-0.7288430333137512,0.986007571220398,0.39051076769828796,0.5249781608581543,-0.737538754940033,0.980830729007721,0.5483831167221069,0.6039789319038391,-0.39086446166038513,0.9718964099884033,0.41023480892181396,0.602732241153717,-0.3888934552669525,0.9892638325691223,0.5366881489753723,0.6126964092254639,-0.3729328215122223,0.9003007411956787,0.42010802030563354,0.6129202246665955,-0.36981797218322754,0.928402304649353,0.5638144016265869,0.6265952587127686,-0.6514034867286682,0.9723877906799316,0.4000672698020935,0.6254262328147888,-0.6541993021965027,0.9816390872001648
536,squat,1,0.4948819875717163,0.4114202558994293,-0.859485387802124,0.9999415278434753,0.506121814250946,0.4051103889942169,-0.826543927192688,0.9998341202735901,0.5119884014129639,0.4048089385032654,-0.8265454173088074,0.9998559355735779,0.517368495464325,0.40452978014945984,-0.8267017602920532,0.9997215270996094,0.48503628373146057,0.4051480293273926,-0.823740541934967,0.9997975826263428,0.4772138297557831,0.4047497510910034,-0.8238665461540222,0.9998622536659241,0.4705716669559479,0.4043505787849426,-0.8238872289657593,0.9997959733009338,0.5249245166778564,0.40497511625289917,-0.6019272208213806,0.999788761138916,0.46030929684638977,0.4041106700897217,-0.5908012390136719,0.9998731017112732,0.5063689947128296,0.41918838024139404,-0.7739455699920654,0.999945342540741,0.48124226927757263,0.41843241453170776,-0.7712697386741638,0.9999566078186035,0.5629543662071228,0.43846404552459717,-0.4762793481349945,0.9994779825210571,0.4109322428703308,0.4370657205581665,-0.4517044425010681,0.9996592998504639,0.611362099647522,0.48668500781059265,-0.8679090738296509,0.9941432476043701,0.36016738414764404,0.48457810282707214,-0.8503062725067139,0.9851279258728027,0.5247610807418823,0.43924179673194885,-1.2271348237991333,0.9830179214477539,0.46052542328834534,0.43866175413131714,-1.2383191585540771,0.9502719640731812,0.5105871558189392,0.42836669087409973,-1.3032746315002441,0.9426745772361755,0.4805637300014496,0.42491307854652405,-1.3174786567687988,0.8548968434333801,0.5100674629211426,0.42676687240600586,-1.2471567392349243,0.9249469637870789,0.48090675473213196,0.42336398363113403,-1.2593562602996826,0.8011148571968079,0.5101431012153625,0.4308589696884155,-1.213357925415039,0.8417285680770874,0.47739315032958984,0.42876413464546204,-1.2235305309295654,0.6680610179901123,0.5275446176528931,0.5128546953201294,-0.004890423268079758,0.999579668045044,0.4362756609916687,0.5136165022850037,0.005101649556308985,0.9996554255485535,0.5693477988243103,0.5298382043838501,-0.7294842004776001,0.9857208728790283,0.389864444732666,0.525489330291748,-0.7380922436714172,0.9803558588027954,0.5483763813972473,0.6040050387382507,-0.3884018361568451,0.9712264537811279,0.41027528047561646,0.6032767295837402,-0.385495662689209,0.9892110228538513,0.5362947583198547,0.6128712296485901,-0.37005406618118286,0.9009695649147034,0.42029616236686707,0.6135640740394592,-0.3660045862197876,0.9290782809257507,0.5647169351577759,0.6268341541290283,-0.6473901867866516,0.9721250534057617,0.3996146619319916,0.62542724609375,-0.6480545401573181,0.9815787076950073
537,squat,1,0.4944087862968445,0.41168510913848877,-0.8440547585487366,0.9999417066574097,0.5059807896614075,0.4053671061992645,-0.8115788698196411,0.9998340010643005,0.5119011402130127,0.4050459861755371,-0.8115873336791992,0.99985671043396,0.5173205137252808,0.40478530526161194,-0.8117407560348511,0.9997188448905945,0.484647661447525,0.405392050743103,-0.8088052272796631,0.9997965097427368,0.47677329182624817,0.4049524962902069,-0.8089268803596497,0.999862551689148,0.4701858162879944,0.40453779697418213,-0.8089510202407837,0.9997942447662354,0.5249713063240051,0.4052481949329376,-0.5898579359054565,0.9997880458831787,0.4599297046661377,0.4042750597000122,-0.579117476940155,0.9998737573623657,0.5061250329017639,0.4199306070804596,-0.7593986392021179,0.9999461770057678,0.480739027261734,0.41877418756484985,-0.7568397521972656,0.9999573826789856,0.5629225969314575,0.4384247958660126,-0.46544232964515686,0.9994955062866211,0.4107246994972229,0.4376314878463745,-0.4405127763748169,0.9996708631515503,0.6108697652816772,0.4864368438720703,-0.8473168015480042,0.994121789932251,0.35993993282318115,0.4851379990577698,-0.8294032216072083,0.9853123426437378,0.5245053768157959,0.44007623195648193,-1.200316309928894,0.9832441806793213,0.46040695905685425,0.4400706887245178,-1.2154113054275513,0.9510164856910706,0.5098426342010498,0.4296201467514038,-1.275809407234192,0.9434958100318909,0.47994136810302734,0.4267035126686096,-1.2943884134292603,0.856796383857727,0.5095115900039673,0.42777079343795776,-1.220322847366333,0.925826907157898,0.48059213161468506,0.4248609244823456,-1.23761785030365,0.8029695153236389,0.50984126329422,0.4315570890903473,-1.1865612268447876,0.8422942757606506,0.47722214460372925,0.4300711452960968,-1.2012073993682861,0.6686646342277527,0.5270041227340698,0.5127618312835693,-0.0044682626612484455,0.9995939135551453,0.43577876687049866,0.5138502717018127,0.004686998203396797,0.9996653199195862,0.5706414580345154,0.5298633575439453,-0.7238689661026001,0.985329270362854,0.38963690400123596,0.5256059169769287,-0.7365595102310181,0.979773759841919,0.5483687520027161,0.6041327714920044,-0.38311895728111267,0.9708380103111267,0.41026872396469116,0.6032627820968628,-0.3805008828639984,0.9890152215957642,0.5358477830886841,0.6131969690322876,-0.3653275966644287,0.9016219973564148,0.42024803161621094,0.6135258674621582,-0.35747653245925903,0.9287436008453369,0.5653197169303894,0.6269856691360474,-0.6415509581565857,0.9719221591949463,0.39973676204681396,0.6253624558448792,-0.6364955902099609,0.9812050461769104
538,squat,1,0.49400877952575684,0.41173049807548523,-0.8210792541503906,0.9999409317970276,0.5056329965591431,0.40565019845962524,-0.7904205322265625,0.9998310208320618,0.5115968585014343,0.40540024638175964,-0.7904257774353027,0.9998549222946167,0.5170177221298218,0.40521514415740967,-0.7905691266059875,0.999713122844696,0.48433658480644226,0.40540599822998047,-0.7875633835792542,0.9997923970222473,0.4764867126941681,0.4048973619937897,-0.7876827120780945,0.9998604655265808,0.46995145082473755,0.4044722318649292,-0.7877072691917419,0.9997892379760742,0.5247524976730347,0.4058050215244293,-0.5799816250801086,0.9997835159301758,0.45969659090042114,0.4044033885002136,-0.568648636341095,0.9998699426651001,0.5056123733520508,0.42031073570251465,-0.739363968372345,0.9999456405639648,0.48030415177345276,0.4188806414604187,-0.7366429567337036,0.9999570250511169,0.5628253221511841,0.4385315179824829,-0.4570316970348358,0.9995099902153015,0.41045132279396057,0.4383595585823059,-0.43076714873313904,0.9996743202209473,0.6108400225639343,0.48627081513404846,-0.8132562041282654,0.9941049218177795,0.35964182019233704,0.4854716360569,-0.7999317049980164,0.9853745102882385,0.5243417024612427,0.44046664237976074,-1.151895523071289,0.9834738373756409,0.45954763889312744,0.4411659240722656,-1.1741206645965576,0.9514578580856323,0.5093938112258911,0.42983731627464294,-1.2257397174835205,0.9443421363830566,0.47956037521362305,0.4272005558013916,-1.2506471872329712,0.8579987287521362,0.5089038014411926,0.4280625879764557,-1.1714215278625488,0.9268149733543396,0.4804568588733673,0.42531609535217285,-1.1959750652313232,0.8040909767150879,0.5093319416046143,0.43192172050476074,-1.1379647254943848,0.8433061242103577,0.47657856345176697,0.43066325783729553,-1.160216212272644,0.6685909628868103,0.5268346667289734,0.5129613280296326,-0.004477667156606913,0.9996026754379272,0.4357239603996277,0.5140373110771179,0.004696047864854336,0.9996695518493652,0.5712751746177673,0.5299555659294128,-0.718170166015625,0.9849254488945007,0.3895810842514038,0.5257768630981445,-0.7320920825004578,0.9791820049285889,0.5483669638633728,0.6039462685585022,-0.3753291368484497,0.9705449938774109,0.41019487380981445,0.6032407283782959,-0.3672640025615692,0.9887474775314331,0.5357689261436462,0.6129838228225708,-0.3543170392513275,0.9016882181167603,0.4199651777744293,0.6134114265441895,-0.3431909382343292,0.9279659390449524,0.5653722882270813,0.6269963383674622,-0.6243280172348022,0.9716847538948059,0.4006085693836212,0.6253238916397095,-0.6148365139961243,0.9806693196296692
539,squat,1,0.49331262707710266,0.41144365072250366,-0.8679507374763489,0.999943733215332,0.5051804780960083,0.4054829776287079,-0.8355151414871216,0.9998385310173035,0.5111652612686157,0.4052341878414154,-0.8355065584182739,0.9998614192008972,0.5165531635284424,0.4050038158893585,-0.8356567621231079,0.9997249245643616,0.48385387659072876,0.4051334261894226,-0.8321554064750671,0.9998018741607666,0.4760127365589142,0.40459656715393066,-0.8322781920433044,0.9998672008514404,0.4695945978164673,0.4041570723056793,-0.8322972059249878,0.9997994303703308,0.5245715379714966,0.40531349182128906,-0.6149530410766602,0.9997926950454712,0.45955890417099,0.40400415658950806,-0.6013805270195007,0.9998770952224731,0.5051485896110535,0.41978782415390015,-0.7838702201843262,0.9999483227729797,0.4796411395072937,0.4183993637561798,-0.7804155349731445,0.9999592304229736,0.5623437762260437,0.4377460181713104,-0.4924800992012024,0.999533474445343,0.41049718856811523,0.43804433941841125,-0.461867094039917,0.9996920228004456,0.6104147434234619,0.48548945784568787,-0.8800226449966431,0.9941902160644531,0.3595678508281708,0.48469963669776917,-0.8595908880233765,0.9857694506645203,0.5241610407829285,0.43983954191207886,-1.234964370727539,0.983564555644989,0.4587862491607666,0.440752238035202,-1.2476187944412231,0.9520294070243835,0.5094537138938904,0.4290367364883423,-1.3126509189605713,0.9445731043815613,0.47941485047340393,0.42678219079971313,-1.3273119926452637,0.8590110540390015,0.5089502930641174,0.42765671014785767,-1.2550773620605469,0.9268887042999268,0.4802808463573456,0.4252375066280365,-1.270412802696228,0.8046835660934448,0.5093379616737366,0.43163272738456726,-1.2206891775131226,0.8422752022743225,0.47650450468063354,0.43056780099868774,-1.233676552772522,0.6677455902099609,0.5266834497451782,0.5125926733016968,-0.004731569904834032,0.9996196627616882,0.43586814403533936,0.513577938079834,0.004923856817185879,0.9996838569641113,0.5718865990638733,0.5300050973892212,-0.7231196761131287,0.9845032095909119,0.3895539939403534,0.5258216857910156,-0.7351011037826538,0.9785524010658264,0.5483922958374023,0.6039056181907654,-0.3748060166835785,0.969950258731842,0.410160630941391,0.6032343506813049,-0.36443835496902466,0.9884880185127258,0.5357543230056763,0.6129634380340576,-0.35297054052352905,0.9006500840187073,0.4198600947856903,0.6133918762207031,-0.3407060205936432,0.9265727996826172,0.5657036900520325,0.6270090341567993,-0.6245498061180115,0.971344530582428,0.4008233845233917,0.6253294944763184,-0.6157418489456177,0.9802764058113098
540,squat,1,0.4933643341064453,0.4110659956932068,-0.8762058615684509,0.9999458193778992,0.5052314400672913,0.40502291917800903,-0.8441229462623596,0.9998437762260437,0.5112113952636719,0.40477991104125977,-0.844119668006897,0.9998663067817688,0.516599178314209,0.4045126140117645,-0.8442676067352295,0.999732255935669,0.4839192032814026,0.40468013286590576,-0.840813934803009,0.9998083114624023,0.47606807947158813,0.40415477752685547,-0.8409449458122253,0.9998720288276672,0.46964356303215027,0.4037189781665802,-0.840973436832428,0.9998061656951904,0.524602472782135,0.4046976566314697,-0.6218250393867493,0.999799370765686,0.45959270000457764,0.40358954668045044,-0.6083340644836426,0.9998824000358582,0.5051879286766052,0.419403076171875,-0.7910409569740295,0.9999503493309021,0.47966882586479187,0.41817185282707214,-0.7876229882240295,0.9999609589576721,0.5625963807106018,0.4372590482234955,-0.49422359466552734,0.9995582699775696,0.4106023609638214,0.437450647354126,-0.46486589312553406,0.9997063875198364,0.6104410290718079,0.4853985011577606,-0.8721647262573242,0.9942328929901123,0.3594738245010376,0.4842960834503174,-0.8558552265167236,0.9861809611320496,0.5240668058395386,0.4396890699863434,-1.2250139713287354,0.9838005304336548,0.4586377441883087,0.44091030955314636,-1.2397651672363281,0.9528020620346069,0.5094974040985107,0.42876675724983215,-1.3017349243164062,0.945375919342041,0.4794550836086273,0.42708665132522583,-1.3185467720031738,0.8604025840759277,0.5090303421020508,0.42713701725006104,-1.2465877532958984,0.9277327060699463,0.4803103804588318,0.42544031143188477,-1.2614126205444336,0.8056502342224121,0.50938880443573,0.4313352704048157,-1.211362361907959,0.8427417278289795,0.4765412509441376,0.43079453706741333,-1.2253036499023438,0.6672331690788269,0.5266989469528198,0.5123299360275269,-0.004830225370824337,0.9996324181556702,0.4358927607536316,0.5132606625556946,0.0050207278691232204,0.999694287776947,0.5721051692962646,0.5300554037094116,-0.723919153213501,0.9843024015426636,0.38955867290496826,0.5261210799217224,-0.7355350852012634,0.9782969951629639,0.5484641790390015,0.6038345098495483,-0.36499398946762085,0.9699358940124512,0.4101387858390808,0.6032238006591797,-0.35551366209983826,0.988486647605896,0.5357617139816284,0.6128583550453186,-0.3426625430583954,0.9005205035209656,0.4198373258113861,0.6133847236633301,-0.33124709129333496,0.9264150857925415,0.56586092710495,0.6270356774330139,-0.619574248790741,0.97132408618927,0.4008271396160126,0.6253308653831482,-0.6082726716995239,0.980164110660553
541,squat,1,0.4928199052810669,0.41065406799316406,-0.8974972367286682,0.9999486207962036,0.5048723816871643,0.40455397963523865,-0.8657393455505371,0.9998505711555481,0.51081782579422,0.40427857637405396,-0.8657142519950867,0.9998722672462463,0.5162627696990967,0.4040071368217468,-0.8658491373062134,0.9997424483299255,0.48346322774887085,0.40449097752571106,-0.8608110547065735,0.9998170137405396,0.4757024645805359,0.40408891439437866,-0.8609477877616882,0.9998783469200134,0.46942052245140076,0.40342795848846436,-0.8609775900840759,0.9998155832290649,0.5246196389198303,0.4043387770652771,-0.6452054977416992,0.9998077750205994,0.4596136510372162,0.40346407890319824,-0.6239972114562988,0.999889075756073,0.5049194097518921,0.41895464062690735,-0.8132281303405762,0.9999528527259827,0.47963541746139526,0.41767480969429016,-0.8075883984565735,0.9999629259109497,0.5639671683311462,0.4368586540222168,-0.5219358801841736,0.9995824098587036,0.411063551902771,0.4373323321342468,-0.48337575793266296,0.9997246265411377,0.6104364395141602,0.4852449893951416,-0.9116919040679932,0.9944263696670532,0.3594941794872284,0.4841899275779724,-0.8838016986846924,0.9868794083595276,0.5229479670524597,0.4376031756401062,-1.2606194019317627,0.9844177961349487,0.4587222933769226,0.43926534056663513,-1.2681169509887695,0.9547114968299866,0.5092380046844482,0.42576277256011963,-1.3383630514144897,0.9473395347595215,0.47931376099586487,0.4258430004119873,-1.3487324714660645,0.8647539019584656,0.508945882320404,0.42418575286865234,-1.2820801734924316,0.9301084876060486,0.4800041615962982,0.42510440945625305,-1.2894508838653564,0.8106426000595093,0.5092208385467529,0.42964816093444824,-1.2466373443603516,0.8464953303337097,0.4763932228088379,0.43073543906211853,-1.2531851530075073,0.6729429364204407,0.5270761847496033,0.5114203095436096,-0.006265033036470413,0.9996503591537476,0.4364043176174164,0.5123170614242554,0.006401726044714451,0.9997103214263916,0.5720577836036682,0.5301002264022827,-0.7294523119926453,0.9840095043182373,0.3894091844558716,0.5261197686195374,-0.7346172332763672,0.9780608415603638,0.5485184192657471,0.6037780046463013,-0.35961923003196716,0.9696645736694336,0.41009521484375,0.6032184958457947,-0.3471352159976959,0.9885112047195435,0.535768985748291,0.6127089262008667,-0.33692893385887146,0.8990297913551331,0.41976332664489746,0.6133738160133362,-0.3226208984851837,0.9262608289718628,0.5658580660820007,0.6271193623542786,-0.6158031225204468,0.9712228775024414,0.40076127648353577,0.6253315806388855,-0.5992174744606018,0.9802056550979614
542,squat,1,0.4930718243122101,0.40795692801475525,-0.8742960095405579,0.9999517202377319,0.504907488822937,0.40101853013038635,-0.8411209583282471,0.9998594522476196,0.5108364820480347,0.400846004486084,-0.8411040902137756,0.9998797178268433,0.5162805318832397,0.4006536900997162,-0.8412362933158875,0.9997575283050537,0.4836823642253876,0.400846928358078,-0.8372005224227905,0.9998281002044678,0.47600454092025757,0.40026170015335083,-0.8373309373855591,0.9998857378959656,0.46960335969924927,0.3995843827724457,-0.8373540639877319,0.9998272061347961,0.5250189304351807,0.4015783667564392,-0.6200560331344604,0.999819278717041,0.45979222655296326,0.40058761835098267,-0.6034544110298157,0.9998962879180908,0.5049945116043091,0.41541367769241333,-0.7904078364372253,0.9999555349349976,0.4805052876472473,0.4144796133041382,-0.7860201597213745,0.9999650120735168,0.5641137361526489,0.4352145493030548,-0.5029579997062683,0.9996047616004944,0.41132909059524536,0.4363555908203125,-0.46683499217033386,0.9997371435165405,0.610458254814148,0.48274075984954834,-0.8871959447860718,0.9946666359901428,0.3593936562538147,0.48197513818740845,-0.8652991652488708,0.9876200556755066,0.5223385691642761,0.4343780279159546,-1.2318564653396606,0.9851182103157043,0.4589683711528778,0.43673405051231384,-1.2463520765304565,0.9564929008483887,0.5091180205345154,0.4227159917354584,-1.308638572692871,0.9494314789772034,0.4799076020717621,0.42365750670433044,-1.3263003826141357,0.8684483766555786,0.508870542049408,0.4214002192020416,-1.252776861190796,0.9327182173728943,0.4801015853881836,0.4232720732688904,-1.2679589986801147,0.8148221373558044,0.5090010762214661,0.42741361260414124,-1.2179408073425293,0.8511459827423096,0.47648701071739197,0.4292260706424713,-1.2317416667938232,0.6781736612319946,0.5271995663642883,0.5102778673171997,-0.007896149531006813,0.9996649026870728,0.4365152418613434,0.5110903978347778,0.008005814626812935,0.9997230172157288,0.572022020816803,0.5301231741905212,-0.7260249853134155,0.983954131603241,0.38932228088378906,0.5261404514312744,-0.7249586582183838,0.9781202673912048,0.5485789179801941,0.6037649512290955,-0.35314884781837463,0.969667911529541,0.410039484500885,0.6032124161720276,-0.33985844254493713,0.9885013103485107,0.5357664227485657,0.6126369833946228,-0.33149975538253784,0.8973352313041687,0.4197285771369934,0.6133646368980408,-0.31611526012420654,0.925676167011261,0.5658627152442932,0.6272575855255127,-0.6105772256851196,0.9713116884231567,0.40073898434638977,0.6253322958946228,-0.5903195142745972,0.9801957011222839
543,squat,1,0.4930303692817688,0.40391913056373596,-0.8706167340278625,0.9999540448188782,0.5046975016593933,0.39739975333213806,-0.8370296359062195,0.9998654127120972,0.5105677247047424,0.39721009135246277,-0.8370088934898376,0.9998844265937805,0.515994668006897,0.39706000685691833,-0.8371312618255615,0.9997668862342834,0.4836990237236023,0.3974241018295288,-0.8326430320739746,0.9998360872268677,0.47601357102394104,0.39688700437545776,-0.8327705264091492,0.9998912215232849,0.46958088874816895,0.3963114023208618,-0.8327867388725281,0.9998363852500916,0.5250333547592163,0.39851415157318115,-0.6151489615440369,0.9998263120651245,0.45981135964393616,0.3976401388645172,-0.5965802669525146,0.9999021887779236,0.5050448775291443,0.41143402457237244,-0.786665678024292,0.9999573826789856,0.48052266240119934,0.41007137298583984,-0.7814872860908508,0.999966561794281,0.5646258592605591,0.4328782856464386,-0.500629186630249,0.9996231198310852,0.4115225076675415,0.43292343616485596,-0.4605877101421356,0.9997511506080627,0.6108394265174866,0.4796987473964691,-0.889734148979187,0.9949192404747009,0.3592163324356079,0.47937628626823425,-0.8596192002296448,0.9884164333343506,0.5209353566169739,0.4303071200847626,-1.2340655326843262,0.9856966733932495,0.4608859717845917,0.4322343170642853,-1.2403626441955566,0.9589060544967651,0.5084040760993958,0.4194418489933014,-1.3124690055847168,0.9510095715522766,0.48204588890075684,0.4199203550815582,-1.321190357208252,0.8741512298583984,0.5081329941749573,0.41854190826416016,-1.2562261819839478,0.9346410632133484,0.48084333539009094,0.42016318440437317,-1.2623991966247559,0.8220126628875732,0.5082157850265503,0.42466774582862854,-1.220272421836853,0.8545533418655396,0.4774545133113861,0.42651084065437317,-1.225581407546997,0.6883001327514648,0.5271937847137451,0.5085525512695312,-0.010398239828646183,0.9996806979179382,0.4366590976715088,0.508951723575592,0.010478097014129162,0.9997376799583435,0.5719797015190125,0.530116081237793,-0.7240276336669922,0.9837803244590759,0.389284610748291,0.5259569883346558,-0.7209239602088928,0.9781387448310852,0.5485803484916687,0.6037701964378357,-0.35533642768859863,0.9693077802658081,0.41000813245773315,0.6032096147537231,-0.34288468956947327,0.9884790778160095,0.535659909248352,0.6126396656036377,-0.33437561988830566,0.895887553691864,0.41972678899765015,0.6133674383163452,-0.31993189454078674,0.9255914688110352,0.5659762024879456,0.6274319291114807,-0.6126542091369629,0.9712360501289368,0.4006240963935852,0.6253362894058228,-0.5949389338493347,0.9802209138870239
544,squat,1,0.49283367395401,0.4006315767765045,-0.8868154883384705,0.9999573230743408,0.5041064023971558,0.394075483083725,-0.8526601195335388,0.9998749494552612,0.5097721219062805,0.3938763439655304,-0.8526492118835449,0.9998925924301147,0.5151180624961853,0.39371177554130554,-0.8527761697769165,0.9997829794883728,0.4833731949329376,0.39375796914100647,-0.8479653596878052,0.9998474717140198,0.47562375664711,0.3932211101055145,-0.8480858206748962,0.9998988509178162,0.4692182242870331,0.3927189111709595,-0.8480848670005798,0.9998482465744019,0.5248299837112427,0.3949037194252014,-0.625681459903717,0.9998390078544617,0.45959141850471497,0.39409324526786804,-0.6048669219017029,0.9999099373817444,0.5049468278884888,0.40828755497932434,-0.8010106682777405,0.9999604821205139,0.4803798198699951,0.40691521763801575,-0.7953580617904663,0.9999688863754272,0.5649851560592651,0.4296863377094269,-0.5077504515647888,0.9996502995491028,0.4116570055484772,0.4300752878189087,-0.4640330672264099,0.9997671246528625,0.6111777424812317,0.4762844741344452,-0.9121520519256592,0.9952480792999268,0.3592246472835541,0.4763619899749756,-0.8696946501731873,0.989206850528717,0.5209938287734985,0.4277043342590332,-1.2732549905776978,0.9866189360618591,0.46108829975128174,0.4291451871395111,-1.2625322341918945,0.9615766406059265,0.5084123015403748,0.4165961742401123,-1.3548223972320557,0.9537068605422974,0.48202595114707947,0.4167217016220093,-1.3455380201339722,0.8809685111045837,0.5080865025520325,0.41554978489875793,-1.2978764772415161,0.9381117820739746,0.4808400273323059,0.4169391691684723,-1.2865290641784668,0.8309201598167419,0.50812166929245,0.4213811457157135,-1.259845495223999,0.8614189028739929,0.4774520695209503,0.4233641028404236,-1.248058557510376,0.7016562223434448,0.5271154642105103,0.5066847801208496,-0.01177134644240141,0.999699056148529,0.43678224086761475,0.5066098570823669,0.011839580722153187,0.9997538328170776,0.571944534778595,0.5301470756530762,-0.7195975184440613,0.9836681485176086,0.3892897069454193,0.5255314111709595,-0.7226588129997253,0.9781980514526367,0.5485812425613403,0.6038219332695007,-0.3588120639324188,0.9686681628227234,0.4098726511001587,0.6031018495559692,-0.3501570522785187,0.9884241223335266,0.5354375839233398,0.6127817630767822,-0.3396959602832794,0.8946945071220398,0.41971731185913086,0.6133508086204529,-0.3281297981739044,0.9252207279205322,0.5660437345504761,0.6274767518043518,-0.6230435967445374,0.9710333943367004,0.40061578154563904,0.6253910064697266,-0.6083368062973022,0.9802444577217102
545,squat,1,0.49279460310935974,0.3912988603115082,-0.79680335521698,0.9999592900276184,0.5040509104728699,0.3847644031047821,-0.7608157396316528,0.9998804330825806,0.5097622275352478,0.38471388816833496,-0.7607995271682739,0.9998963475227356,0.5151430368423462,0.3847554922103882,-0.7608959078788757,0.9997914433479309,0.48331180214881897,0.3845028877258301,-0.7562174201011658,0.9998556971549988,0.475559800863266,0.38412848114967346,-0.7563340067863464,0.9999039769172668,0.4692043364048004,0.3839557468891144,-0.7563436627388,0.9998572468757629,0.5248425006866455,0.3873250484466553,-0.5470074415206909,0.9998446702957153,0.45958250761032104,0.3859829902648926,-0.5252468585968018,0.9999154806137085,0.5049687027931213,0.40056368708610535,-0.7176976203918457,0.9999615550041199,0.4803501069545746,0.3990171551704407,-0.7118235230445862,0.999970018863678,0.5649789571762085,0.4240517020225525,-0.44944891333580017,0.9996427297592163,0.411734402179718,0.42425674200057983,-0.41416534781455994,0.9997750520706177,0.61264967918396,0.46964704990386963,-0.8354710340499878,0.9954354166984558,0.3592691123485565,0.46994999051094055,-0.8031278252601624,0.9900004267692566,0.5211319923400879,0.42280563712120056,-1.1612937450408936,0.9871268272399902,0.46133068203926086,0.4229763150215149,-1.160448670387268,0.9645346403121948,0.5084835886955261,0.4119560420513153,-1.2359893321990967,0.9549309611320496,0.48274338245391846,0.40952765941619873,-1.2393078804016113,0.8890496492385864,0.5081068277359009,0.41076338291168213,-1.177427887916565,0.9395290613174438,0.4818805158138275,0.4090360403060913,-1.1800702810287476,0.8418360948562622,0.5081385374069214,0.4162094295024872,-1.146427869796753,0.8646156191825867,0.47870779037475586,0.4160904586315155,-1.1449888944625854,0.7192199230194092,0.526840329170227,0.5020101070404053,-0.011895447038114071,0.9997026324272156,0.43684107065200806,0.5013815760612488,0.011958680115640163,0.9997626543045044,0.5719287395477295,0.5310357809066772,-0.66874760389328,0.9830336570739746,0.3889610767364502,0.5255435705184937,-0.6939862370491028,0.9784830212593079,0.5486133694648743,0.6042206883430481,-0.32423925399780273,0.9675564169883728,0.4098302125930786,0.6034433245658875,-0.33351930975914,0.9884828329086304,0.5354229211807251,0.6133130788803101,-0.30521446466445923,0.891887366771698,0.41982558369636536,0.6139213442802429,-0.3117446005344391,0.9250360727310181,0.5662979483604431,0.6277667880058289,-0.5701636075973511,0.97010338306427,0.3980032503604889,0.6257380843162537,-0.5773542523384094,0.9802663326263428
546,squat,1,0.4921312928199768,0.387224406003952,-0.8196848630905151,0.9999619722366333,0.5037186741828918,0.3802713453769684,-0.7845640182495117,0.9998881220817566,0.5095521807670593,0.3800491988658905,-0.7845498323440552,0.9999025464057922,0.5150679349899292,0.3798767030239105,-0.7846571207046509,0.9998041391372681,0.48267096281051636,0.38035762310028076,-0.7798479199409485,0.999865710735321,0.47491759061813354,0.3800387680530548,-0.7799693942070007,0.9999105930328369,0.46877989172935486,0.37990912795066833,-0.7799835801124573,0.9998677372932434,0.5248516798019409,0.3821273744106293,-0.566949188709259,0.9998539090156555,0.45947080850601196,0.3817957043647766,-0.5449984073638916,0.999921977519989,0.5047018527984619,0.39644935727119446,-0.7382751703262329,0.9999637007713318,0.4798864424228668,0.3953751027584076,-0.7328193187713623,0.9999718070030212,0.5652638077735901,0.4202730655670166,-0.45817816257476807,0.9996484518051147,0.4119921028614044,0.42086896300315857,-0.42473745346069336,0.9997838735580444,0.6144660711288452,0.46572181582450867,-0.8522913455963135,0.9956804513931274,0.3594094216823578,0.4653129279613495,-0.805684506893158,0.9907599091529846,0.5214239954948425,0.41871482133865356,-1.1817373037338257,0.9878560304641724,0.46126335859298706,0.4201354384422302,-1.1880336999893188,0.9673013687133789,0.5085760951042175,0.40811628103256226,-1.258643388748169,0.956998348236084,0.48275133967399597,0.4061810076236725,-1.267482876777649,0.8966205716133118,0.5081157684326172,0.4066067636013031,-1.2026523351669312,0.9421137571334839,0.4819539189338684,0.4053924083709717,-1.209712028503418,0.8520461320877075,0.5082225203514099,0.4117369055747986,-1.1684789657592773,0.8699868321418762,0.47877487540245056,0.4126374423503876,-1.1735527515411377,0.7356739640235901,0.5268439054489136,0.49824824929237366,-0.012313434854149818,0.9997073411941528,0.4369871914386749,0.49773314595222473,0.012364472262561321,0.9997698664665222,0.5717418193817139,0.5316058993339539,-0.6594147682189941,0.9825484752655029,0.38853198289871216,0.52554851770401,-0.6940165162086487,0.9787014126777649,0.5486143827438354,0.6043391823768616,-0.3051595985889435,0.9665024876594543,0.40982457995414734,0.6032999753952026,-0.32240867614746094,0.9884610176086426,0.535456657409668,0.6132888793945312,-0.2858375012874603,0.8868939876556396,0.41993606090545654,0.6136977672576904,-0.299719899892807,0.92325359582901,0.5654780864715576,0.6279970407485962,-0.5582217574119568,0.9692149758338928,0.39804479479789734,0.6257376074790955,-0.5694646239280701,0.9801726341247559
547,squat,1,0.4915381669998169,0.38275718688964844,-0.8122658729553223,0.9999644756317139,0.503389298915863,0.37603187561035156,-0.7763137221336365,0.9998956918716431,0.5093438625335693,0.3757782280445099,-0.776293158531189,0.9999085664749146,0.5149517059326172,0.37556397914886475,-0.7763887047767639,0.9998169541358948,0.4823618531227112,0.3759639263153076,-0.7711992263793945,0.9998757243156433,0.47462326288223267,0.37563925981521606,-0.771325945854187,0.9999170303344727,0.46856433153152466,0.3754943609237671,-0.7713453769683838,0.9998779892921448,0.5248593091964722,0.377778559923172,-0.561659038066864,0.9998629689216614,0.45941001176834106,0.37738680839538574,-0.5382578372955322,0.9999281167984009,0.5043306350708008,0.39202436804771423,-0.7327988743782043,0.9999656677246094,0.47968125343322754,0.39077043533325195,-0.7265564203262329,0.9999735355377197,0.5653563737869263,0.416609525680542,-0.45948073267936707,0.9996400475502014,0.41232120990753174,0.4171578586101532,-0.42373961210250854,0.9997921586036682,0.6151847839355469,0.46202054619789124,-0.8508962392807007,0.9958764314651489,0.35953229665756226,0.4613824486732483,-0.8160988092422485,0.9914261698722839,0.5216593742370605,0.4148915112018585,-1.1750314235687256,0.9884178638458252,0.46088066697120667,0.41646239161491394,-1.1873693466186523,0.9697130918502808,0.5086554884910583,0.40381914377212524,-1.249005675315857,0.9584491848945618,0.4827318787574768,0.4018125534057617,-1.2672522068023682,0.9030979871749878,0.5081236958503723,0.40236806869506836,-1.1899298429489136,0.943856954574585,0.4819536805152893,0.40108099579811096,-1.2064822912216187,0.8607360124588013,0.5083285570144653,0.40754103660583496,-1.1598433256149292,0.8737855553627014,0.4787444770336151,0.40855613350868225,-1.1717066764831543,0.7498077154159546,0.5269039869308472,0.4951246678829193,-0.01214938797056675,0.9997042417526245,0.4372390806674957,0.4946323037147522,0.01221085712313652,0.9997747540473938,0.5710509419441223,0.5318669676780701,-0.6334430575370789,0.9821774363517761,0.38854897022247314,0.5258556604385376,-0.6795294880867004,0.9790789484977722,0.5486099123954773,0.6045305132865906,-0.2937900125980377,0.965641438961029,0.4098626673221588,0.604072630405426,-0.32160142064094543,0.9885771870613098,0.5356130003929138,0.6133324503898621,-0.2758691906929016,0.8830453157424927,0.420033723115921,0.6149284243583679,-0.3004021644592285,0.9220353364944458,0.5651066899299622,0.6280015707015991,-0.546993613243103,0.9684779644012451,0.39615100622177124,0.6262409687042236,-0.5711666345596313,0.9802475571632385
548,squat,1,0.49157440662384033,0.3776964843273163,-0.7611649632453918,0.9999663829803467,0.5033947825431824,0.3712137043476105,-0.7259862422943115,0.9999020099639893,0.5093536376953125,0.370972216129303,-0.7259699702262878,0.999913215637207,0.5149655938148499,0.37080124020576477,-0.7260594367980957,0.999828040599823,0.48238563537597656,0.37109991908073425,-0.7209688425064087,0.9998843669891357,0.4746452569961548,0.3708985149860382,-0.721082329750061,0.9999222755432129,0.46857595443725586,0.3708202838897705,-0.7211043238639832,0.9998867511749268,0.5248661041259766,0.37308427691459656,-0.520018994808197,0.9998703002929688,0.4594132602214813,0.37311023473739624,-0.496472030878067,0.999933123588562,0.5043213963508606,0.3869684338569641,-0.6851334571838379,0.9999668598175049,0.4796988070011139,0.38601112365722656,-0.6787318587303162,0.9999746680259705,0.5655736923217773,0.4122975468635559,-0.4270775318145752,0.9996235370635986,0.4129631221294403,0.41288232803344727,-0.3930763900279999,0.9997968673706055,0.615894079208374,0.4577498435974121,-0.8030177354812622,0.9959996342658997,0.3595677614212036,0.45720067620277405,-0.7761853337287903,0.9919902682304382,0.5218032598495483,0.4105328321456909,-1.1145110130310059,0.9887146949768066,0.46089524030685425,0.4117610454559326,-1.1240205764770508,0.9716622829437256,0.5086629986763,0.39929720759391785,-1.1851845979690552,0.9589217305183411,0.48267412185668945,0.3974125385284424,-1.2005982398986816,0.9078860282897949,0.5080158114433289,0.3976975381374359,-1.1259552240371704,0.9442923069000244,0.4819520115852356,0.3966231346130371,-1.1412913799285889,0.8670439720153809,0.508342981338501,0.40282803773880005,-1.0987327098846436,0.8753660321235657,0.4787527024745941,0.4038962423801422,-1.108564019203186,0.7604216933250427,0.5269840359687805,0.4918088912963867,-0.01197078824043274,0.9996981024742126,0.43738067150115967,0.4914599657058716,0.012002035044133663,0.9997748136520386,0.5705605149269104,0.5318870544433594,-0.597556471824646,0.981646716594696,0.38855522871017456,0.5265993475914001,-0.6364956498146057,0.9792572259902954,0.5484380722045898,0.6048274040222168,-0.29042550921440125,0.9647913575172424,0.409960001707077,0.604459822177887,-0.3112199604511261,0.9884923696517944,0.5356523394584656,0.6138541102409363,-0.2750656306743622,0.8794110417366028,0.42032450437545776,0.6156632900238037,-0.2927708327770233,0.9200863242149353,0.565066397190094,0.6279597878456116,-0.540401816368103,0.9676512479782104,0.3945150673389435,0.6262768507003784,-0.5557988882064819,0.9800169467926025
549,squat,1,0.49226266145706177,0.3679332733154297,-0.6954430341720581,0.999967098236084,0.5035472512245178,0.361194372177124,-0.6599195599555969,0.9999053478240967,0.5094478726387024,0.3608022630214691,-0.6599274277687073,0.9999143481254578,0.515084445476532,0.36052462458610535,-0.6600156426429749,0.999834418296814,0.4824043810367584,0.36163243651390076,-0.6546974182128906,0.9998903274536133,0.47465941309928894,0.36153334379196167,-0.6548126935958862,0.9999250173568726,0.4685980975627899,0.36152708530426025,-0.6548579335212708,0.9998928904533386,0.5249145030975342,0.36310264468193054,-0.4564512073993683,0.9998722076416016,0.4595096707344055,0.3645772635936737,-0.4317187964916229,0.9999358057975769,0.5051886439323425,0.3758431375026703,-0.6202709674835205,0.9999657869338989,0.48019787669181824,0.3756888806819916,-0.613555371761322,0.9999744892120361,0.5659175515174866,0.4041093587875366,-0.3630382716655731,0.9995506405830383,0.4149995446205139,0.40331944823265076,-0.33376258611679077,0.9997918009757996,0.6162425875663757,0.449892520904541,-0.7097260355949402,0.995940089225769,0.3597651720046997,0.448032021522522,-0.6856608986854553,0.992487907409668,0.523511528968811,0.4043261408805847,-1.0101155042648315,0.9884950518608093,0.46298569440841675,0.40404242277145386,-1.0137436389923096,0.9734660387039185,0.509276807308197,0.3933830261230469,-1.0772333145141602,0.9576389193534851,0.4870692491531372,0.3904942274093628,-1.0871552228927612,0.9122580289840698,0.5085581541061401,0.3920803964138031,-1.022204041481018,0.942655086517334,0.48510119318962097,0.3899294435977936,-1.0313756465911865,0.8730641007423401,0.5089951157569885,0.39671942591667175,-0.9952409267425537,0.873746395111084,0.48243749141693115,0.39603281021118164,-0.9988189935684204,0.7709015011787415,0.5269887447357178,0.48521003127098083,-0.011177499778568745,0.9996629357337952,0.4374164640903473,0.4851239025592804,0.011199172586202621,0.9997583031654358,0.5703397989273071,0.5325208902359009,-0.5455969572067261,0.9805362820625305,0.3886050879955292,0.5266252160072327,-0.6078965067863464,0.9795827865600586,0.5482792258262634,0.6051098108291626,-0.2382962703704834,0.9636256098747253,0.4099825620651245,0.6044238805770874,-0.27285632491111755,0.9884358048439026,0.5353353023529053,0.6143810749053955,-0.2229011058807373,0.8750544786453247,0.4204888343811035,0.6155206561088562,-0.2534307837486267,0.9179620146751404,0.5653303861618042,0.6279246807098389,-0.48043930530548096,0.9660413265228271,0.39398953318595886,0.6262561082839966,-0.5126432776451111,0.9795631170272827
550,squat,1,0.49226510524749756,0.36258330941200256,-0.669268012046814,0.9999687671661377,0.5035536885261536,0.3562024235725403,-0.6350464224815369,0.9999113082885742,0.5094587206840515,0.356052041053772,-0.635037899017334,0.9999186396598816,0.5151432156562805,0.35588935017585754,-0.6351301074028015,0.9998458027839661,0.482422798871994,0.35641583800315857,-0.6304789781570435,0.9998981952667236,0.4746960997581482,0.3563714027404785,-0.630597710609436,0.9999293684959412,0.46862372756004333,0.3563634753227234,-0.6306365132331848,0.9999006390571594,0.5250416994094849,0.3586234748363495,-0.43655842542648315,0.9998789429664612,0.45970505475997925,0.3596203923225403,-0.4149816632270813,0.999939501285553,0.5051897168159485,0.3712356984615326,-0.5955808758735657,0.9999666810035706,0.4802033603191376,0.3706476092338562,-0.5897893309593201,0.9999752640724182,0.5660322308540344,0.3998335301876068,-0.3445792496204376,0.9995260834693909,0.4164975881576538,0.3994196653366089,-0.3158988654613495,0.9997915029525757,0.6162592768669128,0.4449831545352936,-0.6730320453643799,0.9958716034889221,0.3599480092525482,0.4431963264942169,-0.65497225522995,0.9928426146507263,0.5251181721687317,0.4010038375854492,-0.9739358425140381,0.9883419275283813,0.4631461501121521,0.39991065859794617,-0.9865493178367615,0.9746481776237488,0.5103363990783691,0.39000311493873596,-1.041006088256836,0.9568817615509033,0.4869474172592163,0.3866204619407654,-1.0607281923294067,0.9146309494972229,0.5092403888702393,0.3888861835002899,-0.9894549250602722,0.9418761134147644,0.48519250750541687,0.38644903898239136,-1.0075956583023071,0.8763886094093323,0.5100573897361755,0.3936728835105896,-0.9601432681083679,0.873706042766571,0.4824129343032837,0.39259323477745056,-0.9728593230247498,0.7771610617637634,0.527164101600647,0.48126769065856934,-0.010407529771327972,0.999640166759491,0.4375900328159332,0.4810328185558319,0.010396752506494522,0.9997463822364807,0.5700011849403381,0.5325837731361389,-0.5071820020675659,0.9801692366600037,0.3886786997318268,0.5266196131706238,-0.5648795366287231,0.9801993370056152,0.5482046604156494,0.6052807569503784,-0.2086622267961502,0.963748574256897,0.41000163555145264,0.6043857932090759,-0.24102003872394562,0.9886095523834229,0.5354085564613342,0.614822506904602,-0.1935252994298935,0.8724366426467896,0.42102986574172974,0.6154153943061829,-0.2223787158727646,0.9167193174362183,0.5669277310371399,0.6284821629524231,-0.4470171630382538,0.9654519557952881,0.39357584714889526,0.6266514658927917,-0.4757869839668274,0.9795165061950684
551,squat,1,0.4923257529735565,0.3571569323539734,-0.6401984095573425,0.9999707937240601,0.5035662651062012,0.350519061088562,-0.6062682271003723,0.9999176859855652,0.5094663500785828,0.35039177536964417,-0.6062599420547485,0.9999239444732666,0.5152037143707275,0.35025885701179504,-0.6063476204872131,0.9998577833175659,0.4824378490447998,0.35069313645362854,-0.6026045680046082,0.9999059438705444,0.4747487008571625,0.3507641851902008,-0.6027247905731201,0.9999340176582336,0.4686586856842041,0.3508686125278473,-0.6027677059173584,0.9999082088470459,0.5251840949058533,0.35310760140419006,-0.40586602687835693,0.9998870491981506,0.45991960167884827,0.3546389937400818,-0.3887065351009369,0.9999434947967529,0.5053356885910034,0.3657805025577545,-0.5653741955757141,0.9999682903289795,0.4806464910507202,0.3655354976654053,-0.5608648657798767,0.999976396560669,0.566433846950531,0.3944811522960663,-0.3057156205177307,0.9995424151420593,0.4172796308994293,0.3947559595108032,-0.2808344066143036,0.9997936487197876,0.6162276864051819,0.44126278162002563,-0.6016070246696472,0.9958839416503906,0.3601936101913452,0.439373642206192,-0.5892902612686157,0.9930647015571594,0.5269753932952881,0.39780452847480774,-0.9086886048316956,0.9885580539703369,0.46047165989875793,0.39847293496131897,-0.9278357028961182,0.9754748344421387,0.5115938782691956,0.38611459732055664,-0.9755496382713318,0.9575101733207703,0.48675933480262756,0.383268266916275,-1.0017176866531372,0.9163487553596497,0.5106844902038574,0.3840296268463135,-0.9309321641921997,0.943092942237854,0.48490551114082336,0.38339945673942566,-0.9545851349830627,0.879206120967865,0.5123236179351807,0.3889683187007904,-0.8972092866897583,0.8771345019340515,0.48099932074546814,0.3905355930328369,-0.9164556264877319,0.7827146649360657,0.5271971225738525,0.47794806957244873,-0.00958588719367981,0.9996336698532104,0.43780314922332764,0.47717246413230896,0.009553303010761738,0.9997420310974121,0.5696517825126648,0.5337693095207214,-0.4473100006580353,0.9810791015625,0.3887433707714081,0.5284864902496338,-0.5036616325378418,0.9815121293067932,0.5483463406562805,0.6053166389465332,-0.13205328583717346,0.96575927734375,0.4101439416408539,0.603888750076294,-0.15855026245117188,0.989125669002533,0.5359126925468445,0.6148030161857605,-0.11505400389432907,0.8747791051864624,0.4219157099723816,0.6144145727157593,-0.1375657171010971,0.9176057577133179,0.5673797130584717,0.6289426684379578,-0.3628552556037903,0.966525137424469,0.39450305700302124,0.6266392469406128,-0.38135528564453125,0.9801563620567322
552,squat,1,0.49280908703804016,0.3505382239818573,-0.6140468716621399,0.9999717473983765,0.5038426518440247,0.3441011309623718,-0.5788821578025818,0.9999216794967651,0.5098066329956055,0.3440663516521454,-0.5788847804069519,0.9999266266822815,0.5156898498535156,0.34409067034721375,-0.5789716839790344,0.9998664259910583,0.48263657093048096,0.3440793454647064,-0.5756983160972595,0.9999114274978638,0.4752090275287628,0.3441052734851837,-0.5758112072944641,0.999936580657959,0.4690031409263611,0.344233900308609,-0.5758463144302368,0.9999136328697205,0.5255103707313538,0.34737810492515564,-0.3772115707397461,0.9998914003372192,0.46046534180641174,0.3486022651195526,-0.3621361255645752,0.9999452233314514,0.5057759284973145,0.35935014486312866,-0.5391576290130615,0.9999685287475586,0.4813489615917206,0.3589911460876465,-0.5352619886398315,0.9999765157699585,0.5666511654853821,0.39037203788757324,-0.28188544511795044,0.9995427131652832,0.41744744777679443,0.38966211676597595,-0.25483864545822144,0.9997888207435608,0.6162314414978027,0.4385288655757904,-0.5774785280227661,0.9958375692367554,0.3602490723133087,0.43488994240760803,-0.5595442652702332,0.9931665658950806,0.5278555154800415,0.39406827092170715,-0.8856928944587708,0.9885365962982178,0.45898669958114624,0.39463576674461365,-0.8973144888877869,0.9760014414787292,0.5127795338630676,0.38172653317451477,-0.9529179334640503,0.9572073817253113,0.48701125383377075,0.3792010545730591,-0.9715099334716797,0.9170254468917847,0.511701226234436,0.3805484175682068,-0.9085370898246765,0.9431625008583069,0.4851256310939789,0.37962430715560913,-0.9245452880859375,0.8807041049003601,0.5134382247924805,0.3861057460308075,-0.8743093013763428,0.8786109685897827,0.48094692826271057,0.3863969147205353,-0.8857781887054443,0.7864570021629333,0.5272292494773865,0.47493788599967957,-0.009250368922948837,0.9996134638786316,0.43784916400909424,0.4739089012145996,0.00920893345028162,0.9997308850288391,0.5689494013786316,0.5337389707565308,-0.45339521765708923,0.9816352128982544,0.39050307869911194,0.5279104709625244,-0.5206867456436157,0.9824877381324768,0.5484671592712402,0.6053141951560974,-0.1632804274559021,0.9671602845191956,0.410300612449646,0.6038827896118164,-0.1971001774072647,0.989502489566803,0.5363607406616211,0.6147658824920654,-0.14885270595550537,0.8743929862976074,0.4226174056529999,0.6144016981124878,-0.178344264626503,0.917755126953125,0.5674644708633423,0.6289517283439636,-0.4045523703098297,0.9671050310134888,0.39458900690078735,0.6268567442893982,-0.43148815631866455,0.980600118637085
553,squat,1,0.49367138743400574,0.34587234258651733,-0.6559365391731262,0.9999735355377197,0.5045040249824524,0.3394117057323456,-0.6198790669441223,0.9999269247055054,0.5107163190841675,0.33930936455726624,-0.6198768615722656,0.9999310970306396,0.5166768431663513,0.3393189311027527,-0.6199645400047302,0.9998762607574463,0.48304200172424316,0.3393112123012543,-0.6174203753471375,0.9999178647994995,0.47573158144950867,0.3392004370689392,-0.6175445318222046,0.9999406337738037,0.4693918228149414,0.33927351236343384,-0.6175863742828369,0.9999200105667114,0.526246964931488,0.3427228629589081,-0.40744009613990784,0.9998978972434998,0.4608502984046936,0.3434526026248932,-0.3964899778366089,0.9999486804008484,0.506467878818512,0.355055034160614,-0.5767426490783691,0.999970018863678,0.48196467757225037,0.35475829243659973,-0.5740612745285034,0.9999776482582092,0.5670435428619385,0.3858829736709595,-0.3003343343734741,0.9995589852333069,0.4173847734928131,0.3853045403957367,-0.27721524238586426,0.999791145324707,0.616502583026886,0.4347240924835205,-0.6000604033470154,0.9958104491233826,0.36036401987075806,0.43085697293281555,-0.5885263085365295,0.993304431438446,0.529065728187561,0.39108920097351074,-0.9311188459396362,0.9885143637657166,0.45758265256881714,0.3923613727092743,-0.9471607208251953,0.9763807654380798,0.5148345232009888,0.3779619336128235,-1.002417802810669,0.9570937156677246,0.4870550036430359,0.3765408992767334,-1.0246930122375488,0.9176444411277771,0.513637125492096,0.3766513466835022,-0.9596030116081238,0.9435051083564758,0.48511940240859985,0.3767045736312866,-0.978204607963562,0.8821737170219421,0.5151116847991943,0.3829217255115509,-0.9208022356033325,0.8801605701446533,0.4809058606624603,0.38349539041519165,-0.9362244009971619,0.7895305752754211,0.5276613235473633,0.47127336263656616,-0.008615654893219471,0.9996040463447571,0.43790683150291443,0.4701305031776428,0.00856306403875351,0.999724805355072,0.5683348774909973,0.5336730480194092,-0.4246200919151306,0.9826231002807617,0.39169958233833313,0.5278365015983582,-0.49340346455574036,0.9836584329605103,0.5484650135040283,0.6053129434585571,-0.09160295128822327,0.9690909385681152,0.41066640615463257,0.602877140045166,-0.12710081040859222,0.990006685256958,0.5366674661636353,0.6147378087043762,-0.07373283058404922,0.8765340447425842,0.42272281646728516,0.6122004985809326,-0.10495779663324356,0.9184165000915527,0.5671564936637878,0.6289360523223877,-0.33311906456947327,0.9683037400245667,0.3973716199398041,0.6267444491386414,-0.3625408709049225,0.9813044667243958
554,squat,1,0.494537353515625,0.33559781312942505,-0.6282274127006531,0.9999754428863525,0.5049471259117126,0.32926714420318604,-0.5936805605888367,0.9999325275421143,0.511002242565155,0.3289598822593689,-0.5936989188194275,0.9999361038208008,0.5170860290527344,0.32874470949172974,-0.5937793850898743,0.9998863935470581,0.4836021065711975,0.3295026123523712,-0.5910454988479614,0.9999246001243591,0.4764409363269806,0.32955488562583923,-0.5911653637886047,0.9999451041221619,0.46994367241859436,0.32966047525405884,-0.5912139415740967,0.9999265670776367,0.5268117189407349,0.33174648880958557,-0.38070982694625854,0.9999053478240967,0.46170514822006226,0.33375656604766846,-0.36875003576278687,0.9999526143074036,0.5073202252388,0.3437681794166565,-0.5479572415351868,0.9999717473983765,0.4828294813632965,0.3437187671661377,-0.5450266599655151,0.9999790191650391,0.5684053301811218,0.37566694617271423,-0.2707543969154358,0.9995765089988708,0.41870832443237305,0.37584540247917175,-0.2461656928062439,0.9997971653938293,0.6166239380836487,0.42635378241539,-0.5555569529533386,0.9958627223968506,0.36086592078208923,0.4225293695926666,-0.5368735194206238,0.9935306906700134,0.529525876045227,0.3859953284263611,-0.8860118389129639,0.9886587858200073,0.45650824904441833,0.3864161968231201,-0.8966463804244995,0.9772799015045166,0.5148677229881287,0.3728902041912079,-0.9587427973747253,0.9574686288833618,0.48748520016670227,0.3705900311470032,-0.9763666987419128,0.920219361782074,0.5134997367858887,0.37083762884140015,-0.9218322038650513,0.9445403814315796,0.4855484068393707,0.369907021522522,-0.9356107115745544,0.886521577835083,0.5149248242378235,0.3760766386985779,-0.8778765797615051,0.8833423256874084,0.48091205954551697,0.3756406307220459,-0.8881030678749084,0.79777592420578,0.5282437801361084,0.46509626507759094,-0.00876857340335846,0.9995794296264648,0.43891140818595886,0.46401649713516235,0.008716107346117496,0.9997166395187378,0.5677125453948975,0.5339222550392151,-0.3064177334308624,0.9835911393165588,0.39421042799949646,0.5278008580207825,-0.3999122977256775,0.9849011898040771,0.5485609173774719,0.605333685874939,0.0038391458801925182,0.9710835218429565,0.4106641411781311,0.6025018692016602,-0.05211158096790314,0.9905731081962585,0.5367917418479919,0.6147960424423218,0.01955529861152172,0.8803689479827881,0.42245247960090637,0.6116437315940857,-0.03109406679868698,0.9199269413948059,0.5670402646064758,0.6288182139396667,-0.23264001309871674,0.969657838344574,0.39761611819267273,0.626428484916687,-0.28257298469543457,0.9821516275405884
555,squat,1,0.4949074685573578,0.3292168080806732,-0.5395622253417969,0.9999762177467346,0.5054816007614136,0.32243213057518005,-0.505090057849884,0.9999358057975769,0.5115709900856018,0.3223681151866913,-0.5051253437995911,0.9999386668205261,0.5179042220115662,0.3223775029182434,-0.5052114129066467,0.9998936057090759,0.4838407337665558,0.3227306008338928,-0.5026435256004333,0.9999285936355591,0.47685569524765015,0.32286959886550903,-0.5027285218238831,0.9999468326568604,0.4703742265701294,0.32311415672302246,-0.5027588605880737,0.9999303817749023,0.5277537107467651,0.3255947232246399,-0.2944675385951996,0.9999097585678101,0.46266689896583557,0.3273282051086426,-0.28291481733322144,0.9999538660049438,0.5077347159385681,0.3382158577442169,-0.4600513279438019,0.9999721646308899,0.4831920564174652,0.3384021818637848,-0.4572521150112152,0.9999790787696838,0.5686754584312439,0.3695334494113922,-0.1873919516801834,0.999595046043396,0.41969987750053406,0.3703329861164093,-0.16152001917362213,0.9997830986976624,0.6180521845817566,0.4221636652946472,-0.4493683874607086,0.9957770705223083,0.36199328303337097,0.4181535542011261,-0.4256666600704193,0.9929627776145935,0.5303329825401306,0.3831852376461029,-0.7766121029853821,0.98859041929245,0.4557979106903076,0.3826282322406769,-0.7847919464111328,0.9762301445007324,0.5156798362731934,0.37035056948661804,-0.8480548858642578,0.9573476314544678,0.4874337911605835,0.3668344020843506,-0.8642275929450989,0.9176649451255798,0.5138668417930603,0.36782100796699524,-0.8164981007575989,0.9451279640197754,0.48550865054130554,0.3658772110939026,-0.8293567895889282,0.8849242329597473,0.5150810480117798,0.3732295632362366,-0.7703086733818054,0.8860288858413696,0.4808298945426941,0.37159574031829834,-0.7788905501365662,0.7982027530670166,0.5286896228790283,0.46178850531578064,-0.009250346571207047,0.9995551705360413,0.4394724667072296,0.4603864252567291,0.009213289245963097,0.9996981024742126,0.5669264197349548,0.5339092016220093,-0.24977129697799683,0.984785258769989,0.3961309790611267,0.5277437567710876,-0.34322401881217957,0.9861583709716797,0.5486706495285034,0.6044631004333496,0.06625061482191086,0.9733514189720154,0.41076046228408813,0.6013151407241821,0.0029983739368617535,0.9912106990814209,0.5371582508087158,0.6141533255577087,0.08350067585706711,0.8847575783729553,0.4224831461906433,0.6100969910621643,0.02494949847459793,0.9223756194114685,0.5644649267196655,0.628401517868042,-0.16242414712905884,0.9714049696922302,0.39871805906295776,0.6261901259422302,-0.2174498438835144,0.9831684827804565
556,squat,1,0.4951479434967041,0.32422560453414917,-0.5207674503326416,0.9999768137931824,0.5057693123817444,0.3172434866428375,-0.48670804500579834,0.9999390840530396,0.5120839476585388,0.3170554041862488,-0.4867568612098694,0.999941349029541,0.5184608101844788,0.3170672357082367,-0.48685869574546814,0.9999005198478699,0.48413556814193726,0.31757116317749023,-0.4836757183074951,0.9999324083328247,0.47722598910331726,0.3177076578140259,-0.4837498962879181,0.9999485015869141,0.47083795070648193,0.3179125189781189,-0.48376569151878357,0.9999338984489441,0.5286978483200073,0.32040873169898987,-0.2739662230014801,0.9999146461486816,0.46356114745140076,0.321592777967453,-0.2599521577358246,0.9999551773071289,0.5079286694526672,0.3334389626979828,-0.440240740776062,0.9999728202819824,0.4835459589958191,0.3339088261127472,-0.43670928478240967,0.9999793767929077,0.5701525807380676,0.363909512758255,-0.15735137462615967,0.9996141791343689,0.42097482085227966,0.3657105267047882,-0.13064832985401154,0.9997658729553223,0.6190677285194397,0.4185390770435333,-0.40377363562583923,0.9956102967262268,0.3628062605857849,0.4145425260066986,-0.3818054497241974,0.9919143915176392,0.5309840440750122,0.38006871938705444,-0.7392610907554626,0.9884369373321533,0.4514285624027252,0.38097813725471497,-0.7603530287742615,0.9741271138191223,0.5157264471054077,0.3681114614009857,-0.813012421131134,0.957081139087677,0.47898218035697937,0.3668504059314728,-0.8420450091362,0.9130542278289795,0.5137786269187927,0.3649654984474182,-0.7860769629478455,0.9455958604812622,0.48194336891174316,0.36484161019325256,-0.8130753040313721,0.8811966776847839,0.5150660276412964,0.36974674463272095,-0.7348887920379639,0.8885031938552856,0.4777076244354248,0.37001895904541016,-0.7572492957115173,0.7964572906494141,0.5296363830566406,0.4586694836616516,-0.009516027756035328,0.9995427131652832,0.4400898516178131,0.4569110572338104,0.009498629719018936,0.9996840357780457,0.5661544799804688,0.5335797667503357,-0.20512036979198456,0.9858894944190979,0.39792531728744507,0.5277126431465149,-0.29395508766174316,0.9873048067092896,0.5482696890830994,0.6044273376464844,0.10329075902700424,0.9754970073699951,0.4107038974761963,0.6013625264167786,0.04248805344104767,0.9917832016944885,0.5371565222740173,0.6141048669815063,0.11982467770576477,0.8894301652908325,0.4224153757095337,0.6103067994117737,0.06363184750080109,0.9244799613952637,0.5616189241409302,0.6281493902206421,-0.12775102257728577,0.9731351733207703,0.399106502532959,0.6259520649909973,-0.18026502430438995,0.9840628504753113
557,squat,1,0.4953117072582245,0.3132648169994354,-0.5368892550468445,0.9999783039093018,0.5061225891113281,0.30667513608932495,-0.5022422671318054,0.999943733215332,0.5124066472053528,0.30653712153434753,-0.5022872090339661,0.9999456405639648,0.5190359950065613,0.3064775764942169,-0.5023884177207947,0.9999087452888489,0.48444265127182007,0.30685755610466003,-0.49889475107192993,0.9999375343322754,0.47771403193473816,0.3069934844970703,-0.4989634156227112,0.9999518990516663,0.4714328348636627,0.307140976190567,-0.49894946813583374,0.9999387860298157,0.5297408103942871,0.30997928977012634,-0.28300467133522034,0.9999213218688965,0.46458184719085693,0.3115364611148834,-0.2675718665122986,0.9999579191207886,0.5082442760467529,0.32240456342697144,-0.45385515689849854,0.9999746084213257,0.4837147295475006,0.3222896158695221,-0.4499270021915436,0.999980628490448,0.5717966556549072,0.35576528310775757,-0.16000916063785553,0.999642550945282,0.4221596121788025,0.35736721754074097,-0.12971113622188568,0.9997619390487671,0.6208893656730652,0.41125065088272095,-0.40264469385147095,0.9955661296844482,0.3631107211112976,0.407243013381958,-0.3818907141685486,0.9912461638450623,0.5321983098983765,0.3744693398475647,-0.7554306983947754,0.9886327385902405,0.45068907737731934,0.3749016523361206,-0.7847548723220825,0.9731478691101074,0.517142117023468,0.3625313341617584,-0.83360755443573,0.9579690098762512,0.47728800773620605,0.360073059797287,-0.8715220093727112,0.9115447402000427,0.5145927667617798,0.35897475481033325,-0.8100007772445679,0.947308361530304,0.4810010492801666,0.3574427366256714,-0.8432993292808533,0.881029486656189,0.5159661769866943,0.3638633191585541,-0.752511203289032,0.8929094672203064,0.47695478796958923,0.3626515865325928,-0.782338559627533,0.7988771200180054,0.5315788388252258,0.45398157835006714,-0.00973168108612299,0.9995592832565308,0.44138818979263306,0.4523659646511078,0.00971190631389618,0.9996871948242188,0.5649829506874084,0.5315284132957458,-0.1675216257572174,0.9870055317878723,0.39997193217277527,0.5274538397789001,-0.22647158801555634,0.988382875919342,0.547878623008728,0.6038682460784912,0.18248848617076874,0.9775763154029846,0.41049641370773315,0.600097119808197,0.13957375288009644,0.9923332929611206,0.5371338129043579,0.613774836063385,0.20340465009212494,0.8944619297981262,0.4212670922279358,0.608640193939209,0.16369949281215668,0.9264160990715027,0.5595659017562866,0.6280370950698853,-0.049271564930677414,0.9749782681465149,0.3998711109161377,0.6253303289413452,-0.08243181556463242,0.9849614500999451
700,squat,1,0.3527826964855194,0.3928797245025635,-0.1175256073474884,0.9999147653579712,0.3622586727142334,0.3865324854850769,-0.15586580336093903,0.9999618530273438,0.3648771047592163,0.38647720217704773,-0.1557723581790924,0.9999658465385437,0.3677116632461548,0.38639387488365173,-0.15586963295936584,0.9999723434448242,0.36081942915916443,0.3859545588493347,-0.09928614646196365,0.9999554753303528,0.3623611330986023,0.38561323285102844,-0.09930432587862015,0.9999461770057678,0.3642200231552124,0.3852584958076477,-0.09920147061347961,0.9999570846557617,0.3898721933364868,0.38901829719543457,-0.23192492127418518,0.9999462962150574,0.3875229060649872,0.387578547000885,0.02060961164534092,0.9999485015869141,0.3603672981262207,0.400229811668396,-0.14388403296470642,0.9998877644538879,0.3592003881931305,0.3997231423854828,-0.07078268378973007,0.9999122023582458,0.42364561557769775,0.43074294924736023,-0.36004459857940674,0.9999277591705322,0.43219220638275146,0.4285580515861511,0.21037164330482483,0.9994317889213562,0.2923051416873932,0.45530328154563904,-0.29641708731651306,0.9853529930114746,0.31600406765937805,0.45452043414115906,0.2524309754371643,0.3631724417209625,0.290244996547699,0.41928747296333313,0.06222633644938469,0.7514897584915161,0.2929351031780243,0.42335543036460876,0.16857880353927612,0.1088489517569542,0.284414678812027,0.4083828330039978,0.05047881603240967,0.6518833637237549,0.28657132387161255,0.412648469209671,0.17656731605529785,0.087851382791996,0.29873690009117126,0.4082292318344116,0.044492051005363464,0.6385147571563721,0.298519104719162,0.41134539246559143,0.1867849975824356,0.08560939878225327,0.3048367500305176,0.411355197429657,0.06671181321144104,0.6154166460037231,0.30524975061416626,0.4148685336112976,0.16710799932479858,0.08634252846240997,0.5999634265899658,0.5093973278999329,-0.20079247653484344,0.9998321533203125,0.5856325030326843,0.5031404495239258,0.20108497142791748,0.9997111558914185,0.41274333000183105,0.525926411151886,-0.27484339475631714,0.980377733707428,0.41756683588027954,0.522611141204834,0.2986803650856018,0.38446563482284546,0.4791671931743622,0.6153905391693115,-0.27413105964660645,0.9880715608596802,0.4671136736869812,0.5974141955375671,0.4139953553676605,0.5878207683563232,0.5052874684333801,0.6265715956687927,-0.2741180658340454,0.9822569489479065,0.49324730038642883,0.6094053983688354,0.4242906868457794,0.6750174760818481,0.39353176951408386,0.6235693097114563,-0.3397660255432129,0.9849444627761841,0.39390307664871216,0.6093147993087769,0.4157472252845764,0.7063524723052979
701,squat,1,0.3520447909832001,0.39715978503227234,-0.11435176432132721,0.9999094009399414,0.3616023063659668,0.39067375659942627,-0.1528475135564804,0.9999604821205139,0.3642142415046692,0.39059779047966003,-0.15274426341056824,0.999964714050293,0.367082804441452,0.3905336558818817,-0.15283548831939697,0.9999714493751526,0.36032143235206604,0.3901754915714264,-0.09598813951015472,0.9999531507492065,0.3619346022605896,0.3898376524448395,-0.0960102304816246,0.9999432563781738,0.363881379365921,0.3894842565059662,-0.09591405093669891,0.9999547600746155,0.3896028995513916,0.3931913375854492,-0.23154032230377197,0.9999445080757141,0.38726428151130676,0.3917027711868286,0.02332344651222229,0.9999464154243469,0.3594716191291809,0.40452873706817627,-0.1409761607646942,0.9998835921287537,0.3584146201610565,0.4040982127189636,-0.06747570633888245,0.9999096393585205,0.4227312505245209,0.4339776039123535,-0.3591490089893341,0.9999262094497681,0.43215519189834595,0.4327976405620575,0.2153400331735611,0.9994060397148132,0.2920669615268707,0.45906999707221985,-0.30098405480384827,0.9853011965751648,0.3138670325279236,0.4584231376647949,0.24836768209934235,0.35518786311149597,0.2892523407936096,0.42303118109703064,0.04142112657427788,0.752163290977478,0.2921554446220398,0.42620790004730225,0.1428707391023636,0.10555268824100494,0.28311657905578613,0.4120456576347351,0.026299623772501945,0.6529592275619507,0.2858862578868866,0.4157887399196625,0.14832313358783722,0.085851289331913,0.29666978120803833,0.41157352924346924,0.02253887429833412,0.6396430730819702,0.29706329107284546,0.4146427512168884,0.15845057368278503,0.08372408896684647,0.3026721775531769,0.41496533155441284,0.046243272721767426,0.6164957880973816,0.30321770906448364,0.41838693618774414,0.14042551815509796,0.08467388153076172,0.5997074842453003,0.5129656195640564,-0.20045341551303864,0.9998308420181274,0.5867270231246948,0.5072353482246399,0.20074844360351562,0.9997080564498901,0.41225358843803406,0.5266603827476501,-0.2759058177471161,0.9799860715866089,0.4171028435230255,0.5238915085792542,0.2919061481952667,0.3743656873703003,0.4790833294391632,0.6157166361808777,-0.2732868492603302,0.9879457950592041,0.4665868878364563,0.597569465637207,0.40503162145614624,0.57952481508255,0.5046122074127197,0.6265415549278259,-0.27295321226119995,0.9820626974105835,0.492804616689682,0.6095444560050964,0.4151369333267212,0.6708030700683594,0.3928436040878296,0.6235380172729492,-0.3383072316646576,0.9846397638320923,0.393614798784256,0.6094682812690735,0.40671101212501526,0.6987963914871216
702,squat,1,0.3515285849571228,0.39958277344703674,-0.13504846394062042,0.999905526638031,0.3612043857574463,0.39317265152931213,-0.17318657040596008,0.9999598860740662,0.3638223707675934,0.3930944800376892,-0.1730915904045105,0.9999642372131348,0.36668679118156433,0.3930208683013916,-0.17319300770759583,0.9999710321426392,0.3598056137561798,0.39261141419410706,-0.11747583746910095,0.9999520778656006,0.36137518286705017,0.39226415753364563,-0.11750056594610214,0.9999419450759888,0.3632827699184418,0.39190641045570374,-0.11740099638700485,0.9999536871910095,0.3892081677913666,0.39576399326324463,-0.24795645475387573,0.9999435544013977,0.3867602050304413,0.39423924684524536,0.0011689398670569062,0.9999459385871887,0.35895341634750366,0.4071067273616791,-0.16072526574134827,0.9998816847801208,0.3577277958393097,0.40652498602867126,-0.0886932760477066,0.9999092817306519,0.42189687490463257,0.43728896975517273,-0.36862897872924805,0.9999238848686218,0.4309048056602478,0.4346693754196167,0.18775571882724762,0.9993963241577148,0.2919646203517914,0.4620298147201538,-0.3071272075176239,0.9847898483276367,0.3107984960079193,0.460964560508728,0.23101723194122314,0.3490232825279236,0.289238303899765,0.42509356141090393,0.041133858263492584,0.7434664368629456,0.29149729013442993,0.42774420976638794,0.14783617854118347,0.10249189287424088,0.28304022550582886,0.41406548023223877,0.0267038494348526,0.6433922052383423,0.2855510711669922,0.4173527956008911,0.15474548935890198,0.08404886722564697,0.2966475486755371,0.41371026635169983,0.0197697002440691,0.6304305791854858,0.2968403995037079,0.4163808524608612,0.1644912213087082,0.08211011439561844,0.30261874198913574,0.4170459806919098,0.044836968183517456,0.6079039573669434,0.30301815271377563,0.42004239559173584,0.14651408791542053,0.08320748805999756,0.5996675491333008,0.5153276324272156,-0.19895294308662415,0.9998288750648499,0.5867154002189636,0.508247971534729,0.19923469424247742,0.9997090101242065,0.41208627820014954,0.527154266834259,-0.26513567566871643,0.9791885614395142,0.4167007505893707,0.5243121981620789,0.29312729835510254,0.36400777101516724,0.47879016399383545,0.6157041192054749,-0.23977777361869812,0.9873936176300049,0.46457716822624207,0.5967950224876404,0.40802568197250366,0.5686434507369995,0.5034209489822388,0.6262255311012268,-0.23703879117965698,0.9812008142471313,0.49104201793670654,0.608252763748169,0.419769287109375,0.6627272963523865,0.39235350489616394,0.6232913136482239,-0.29637083411216736,0.9837232232093811,0.3934585452079773,0.6095811724662781,0.4123133718967438,0.6884260773658752
703,squat,1,0.3509949743747711,0.40272894501686096,-0.12939110398292542,0.9999030232429504,0.360384464263916,0.39589300751686096,-0.1678006649017334,0.9999597072601318,0.36296769976615906,0.3957187831401825,-0.1677030324935913,0.9999641180038452,0.36573734879493713,0.3955172300338745,-0.1678047776222229,0.9999708533287048,0.35908958315849304,0.39533907175064087,-0.11202574521303177,0.9999517798423767,0.3607127070426941,0.39490586519241333,-0.11205129325389862,0.9999416470527649,0.3626282513141632,0.39446115493774414,-0.1119520291686058,0.9999535083770752,0.3880435824394226,0.3974831998348236,-0.24367506802082062,0.9999428391456604,0.3857298195362091,0.3960875868797302,0.0059059360064566135,0.9999464154243469,0.35864901542663574,0.40977972745895386,-0.1554419994354248,0.9998799562454224,0.3575398325920105,0.4092777669429779,-0.08321208506822586,0.9999096393585205,0.4201677739620209,0.4399797022342682,-0.36469435691833496,0.9999216794967651,0.43092086911201477,0.4357476234436035,0.19310450553894043,0.9993970394134521,0.290500670671463,0.4645146131515503,-0.3026597499847412,0.9841906428337097,0.31116652488708496,0.46251675486564636,0.24619151651859283,0.34477153420448303,0.28941547870635986,0.4280426502227783,0.0527617409825325,0.7359082102775574,0.2916608452796936,0.4299642741680145,0.2039809376001358,0.10027909278869629,0.2830447256565094,0.4169381260871887,0.040015947073698044,0.6352548003196716,0.285550981760025,0.4196010231971741,0.21486148238182068,0.08292659372091293,0.29675379395484924,0.4167504608631134,0.0331760011613369,0.6223703622817993,0.29686009883880615,0.41855335235595703,0.22404329478740692,0.0811077430844307,0.30298957228660583,0.42011451721191406,0.05683210864663124,0.6005213260650635,0.30327650904655457,0.4220059812068939,0.20395582914352417,0.08237551152706146,0.5991297960281372,0.5173690319061279,-0.1988738626241684,0.9998260140419006,0.5881581902503967,0.509648323059082,0.19914652407169342,0.9997088313102722,0.4110744893550873,0.5274854302406311,-0.254022479057312,0.9782884120941162,0.41645848751068115,0.5243467688560486,0.308007150888443,0.35038161277770996,0.47861582040786743,0.615679144859314,-0.21143822371959686,0.9866831302642822,0.4640013575553894,0.5967627763748169,0.44059303402900696,0.5535811185836792,0.5030238628387451,0.6262111663818359,-0.20608530938625336,0.9802316427230835,0.490693062543869,0.6080532073974609,0.45340877771377563,0.6516503691673279,0.39172470569610596,0.6230686902999878,-0.2528982162475586,0.9826204776763916,0.3932288587093353,0.6098181009292603,0.4521750509738922,0.6751850247383118
704,squat,1,0.34981024265289307,0.40564945340156555,-0.13936547935009003,0.9999036192893982,0.359281450510025,0.3990226984024048,-0.1784268170595169,0.9999606013298035,0.36185917258262634,0.39891567826271057,-0.1783273071050644,0.9999650120735168,0.36464494466781616,0.39877602458000183,-0.17843294143676758,0.9999715089797974,0.3580435812473297,0.3983246982097626,-0.12250610440969467,0.9999526143074036,0.35970211029052734,0.3978740870952606,-0.12254052609205246,0.9999427199363708,0.36167576909065247,0.3974100351333618,-0.12243761867284775,0.9999542236328125,0.38714367151260376,0.40109318494796753,-0.2561039924621582,0.9999442100524902,0.3847936987876892,0.39929255843162537,-0.005785891320556402,0.9999477863311768,0.3573676645755768,0.41305869817733765,-0.1661243438720703,0.9998825192451477,0.35623541474342346,0.4122912287712097,-0.09369742125272751,0.9999123215675354,0.41944262385368347,0.44286295771598816,-0.3733854591846466,0.9999225735664368,0.4302636682987213,0.43846628069877625,0.18023788928985596,0.999409556388855,0.29052478075027466,0.46841225028038025,-0.3041154742240906,0.9836860299110413,0.3094814419746399,0.46631211042404175,0.2483515441417694,0.3388194441795349,0.28942373394966125,0.43164196610450745,0.051356639713048935,0.7309799194335938,0.2914315462112427,0.4335312843322754,0.20296619832515717,0.09786597639322281,0.2829980254173279,0.42058005928993225,0.037199556827545166,0.6299564242362976,0.28503701090812683,0.4230344891548157,0.21379870176315308,0.08173586428165436,0.2967732846736908,0.42041468620300293,0.02884197048842907,0.6172978281974792,0.29669108986854553,0.4222491681575775,0.2219066470861435,0.0800597295165062,0.3030412197113037,0.4239727854728699,0.05460338294506073,0.5956053733825684,0.3032360374927521,0.4260106086730957,0.20236963033676147,0.0815272107720375,0.5990180373191833,0.5198922157287598,-0.19851526618003845,0.9998295307159424,0.5883510112762451,0.5120145678520203,0.19877804815769196,0.9997167587280273,0.4110563099384308,0.5278779864311218,-0.2508179843425751,0.9775018095970154,0.416378915309906,0.5243902802467346,0.31892821192741394,0.3382372260093689,0.4779665768146515,0.6156591773033142,-0.2071218490600586,0.9859977960586548,0.463069885969162,0.5969114899635315,0.45750775933265686,0.540297269821167,0.5029960870742798,0.6262746453285217,-0.20174044370651245,0.9792768955230713,0.4900839924812317,0.6081010699272156,0.4703753888607025,0.6418957710266113,0.3914768099784851,0.6231669187545776,-0.25079652667045593,0.9816371202468872,0.3932330012321472,0.6108047962188721,0.4676893651485443,0.6634926795959473
705,squat,1,0.3489512801170349,0.4081488251686096,-0.13336670398712158,0.9999041557312012,0.35833749175071716,0.4015906751155853,-0.17216697335243225,0.9999613165855408,0.3609444499015808,0.40148836374282837,-0.1720687747001648,0.9999656081199646,0.36374175548553467,0.4013342559337616,-0.17217274010181427,0.9999719858169556,0.35708704590797424,0.4009157419204712,-0.11631812155246735,0.9999532699584961,0.358773410320282,0.4004870653152466,-0.11634793877601624,0.9999435544013977,0.36077046394348145,0.40003302693367004,-0.11624470353126526,0.9999549388885498,0.386173278093338,0.40357351303100586,-0.24927128851413727,0.9999450445175171,0.38386091589927673,0.40191102027893066,0.0004932114970870316,0.9999488592147827,0.35665273666381836,0.41539546847343445,-0.1599448174238205,0.9998842477798462,0.3555644452571869,0.41475653648376465,-0.08762603253126144,0.9999147057533264,0.4185391068458557,0.44517695903778076,-0.37049928307533264,0.9999229907989502,0.4302786886692047,0.44077083468437195,0.18660631775856018,0.9994217753410339,0.29047712683677673,0.4709395468235016,-0.30308589339256287,0.9832849502563477,0.30960628390312195,0.46873801946640015,0.2503378093242645,0.3366928994655609,0.28915339708328247,0.4338124394416809,0.054772812873125076,0.7258589267730713,0.2913116216659546,0.4357476532459259,0.19333767890930176,0.0966598391532898,0.28255099058151245,0.42266184091567993,0.04081423953175545,0.6237601041793823,0.28478023409843445,0.42553091049194336,0.20226922631263733,0.08128426969051361,0.2964859902858734,0.4224357604980469,0.03314926475286484,0.6110826134681702,0.29650574922561646,0.42448124289512634,0.21041913330554962,0.07971208542585373,0.30278652906417847,0.4259799122810364,0.05819510295987129,0.5899070501327515,0.3028097152709961,0.42822661995887756,0.19214044511318207,0.08135505020618439,0.598999559879303,0.5212936401367188,-0.19769740104675293,0.999832272529602,0.5891818404197693,0.513298511505127,0.19793866574764252,0.9997232556343079,0.41099902987480164,0.5281670689582825,-0.24988199770450592,0.977033793926239,0.4164030849933624,0.5245223641395569,0.3228391408920288,0.3269178867340088,0.4772338569164276,0.6156453490257263,-0.20387156307697296,0.9852398633956909,0.46233364939689636,0.5971674919128418,0.46218425035476685,0.5285256505012512,0.5027965307235718,0.6266183853149414,-0.1982719451189041,0.9781757593154907,0.4880933463573456,0.6082186102867126,0.4749426245689392,0.6333079934120178,0.3910427689552307,0.6231919527053833,-0.2462598979473114,0.9805716872215271,0.3930538296699524,0.6114370822906494,0.4712507724761963,0.6535781621932983
706,squat,1,0.34855204820632935,0.4110284745693207,-0.13101951777935028,0.9999011158943176,0.3575045168399811,0.40425756573677063,-0.16942352056503296,0.9999606013298035,0.36007159948349,0.4041502773761749,-0.16932392120361328,0.9999650716781616,0.3628154695034027,0.4039771258831024,-0.16942521929740906,0.9999713897705078,0.35649359226226807,0.4035942852497101,-0.11339665949344635,0.9999523162841797,0.35827285051345825,0.4031482934951782,-0.11342119425535202,0.9999427199363708,0.36034443974494934,0.4026825428009033,-0.11331892013549805,0.9999541640281677,0.38523632287979126,0.4061479866504669,-0.24582155048847198,0.9999438524246216,0.38342371582984924,0.4044502079486847,0.004212958738207817,0.9999485015869141,0.35640832781791687,0.4178891181945801,-0.15688318014144897,0.9998815655708313,0.35551923513412476,0.41737598180770874,-0.08451733738183975,0.9999145865440369,0.4174363613128662,0.44788962602615356,-0.3683680295944214,0.9999220967292786,0.43167465925216675,0.4413083791732788,0.19160489737987518,0.9994297623634338,0.28851351141929626,0.47277480363845825,-0.29760318994522095,0.9826403260231018,0.31015363335609436,0.46958982944488525,0.27465611696243286,0.33386075496673584,0.289146363735199,0.4360174834728241,0.05597301200032234,0.7239766120910645,0.29137641191482544,0.4371931850910187,0.24795812368392944,0.09627944231033325,0.28229188919067383,0.42465874552726746,0.04100411757826805,0.6218005418777466,0.28465330600738525,0.4268939197063446,0.260675847530365,0.08172260224819183,0.29607850313186646,0.42466554045677185,0.0338725782930851,0.6089918613433838,0.29633891582489014,0.4260427951812744,0.26758843660354614,0.08020379394292831,0.30254074931144714,0.42820271849632263,0.05925360321998596,0.5879690647125244,0.3027208745479584,0.429233193397522,0.24693748354911804,0.08209110796451569,0.5981879830360413,0.522340714931488,-0.1977725625038147,0.9998326301574707,0.5918331146240234,0.5137423276901245,0.1980157494544983,0.9997257590293884,0.4093702733516693,0.5281659364700317,-0.25128230452537537,0.9760098457336426,0.41609472036361694,0.5244787931442261,0.32817021012306213,0.31405678391456604,0.4757774770259857,0.6154636740684509,-0.19735488295555115,0.98372882604599,0.4623326361179352,0.5971744656562805,0.47190701961517334,0.5142903923988342,0.5022696852684021,0.6268632411956787,-0.18994051218032837,0.9762353301048279,0.4877600073814392,0.6082415580749512,0.4851917326450348,0.623292088508606,0.39109066128730774,0.6230943202972412,-0.2275809794664383,0.9786863923072815,0.3933331072330475,0.6114271283149719,0.48537272214889526,0.6418254971504211
707,squat,1,0.3475775718688965,0.4123091697692871,-0.1292267143726349,0.9998996257781982,0.3563062250614166,0.4051782190799713,-0.1676291972398758,0.99996018409729,0.3588975965976715,0.4051625728607178,-0.16752849519252777,0.999964714050293,0.3616529107093811,0.4050810933113098,-0.16762959957122803,0.9999709725379944,0.3555034101009369,0.40451493859291077,-0.11143921315670013,0.999951958656311,0.3573642075061798,0.40411874651908875,-0.11146102100610733,0.9999426007270813,0.35950684547424316,0.40372171998023987,-0.11135845631361008,0.999954104423523,0.3840072453022003,0.4072747826576233,-0.24391551315784454,0.9999428987503052,0.38261714577674866,0.40554457902908325,0.006143584847450256,0.9999489188194275,0.35559070110321045,0.41908690333366394,-0.15506906807422638,0.9998800158500671,0.3549881875514984,0.4186576306819916,-0.08258028328418732,0.9999157190322876,0.41655418276786804,0.4495329260826111,-0.361776739358902,0.999921441078186,0.4323916733264923,0.4427507519721985,0.1937473714351654,0.9994444847106934,0.28741249442100525,0.47443169355392456,-0.2928280830383301,0.9820612072944641,0.31198230385780334,0.47121748328208923,0.2743084728717804,0.334022581577301,0.28887513279914856,0.43877214193344116,0.05431244149804115,0.7212399244308472,0.2915060520172119,0.43978384137153625,0.23550337553024292,0.09720686078071594,0.2821764051914215,0.4266917109489441,0.038437604904174805,0.6189455389976501,0.2847701609134674,0.4292648732662201,0.24715791642665863,0.08303729444742203,0.2957489490509033,0.4268544316291809,0.03202654421329498,0.6059259176254272,0.2963542342185974,0.4284527897834778,0.255553275346756,0.08152280747890472,0.3021736443042755,0.43069595098495483,0.05747133493423462,0.5852402448654175,0.3027116060256958,0.4315847158432007,0.23463253676891327,0.08363449573516846,0.5980335474014282,0.5231878161430359,-0.1973150223493576,0.9998332858085632,0.5941010117530823,0.5148636698722839,0.19754433631896973,0.9997281432151794,0.4087347984313965,0.5282158851623535,-0.2519375681877136,0.9751262068748474,0.41559284925460815,0.5244148373603821,0.33310362696647644,0.3015083968639374,0.47525516152381897,0.6154107451438904,-0.1948194056749344,0.9821824431419373,0.462372750043869,0.5971992611885071,0.48379066586494446,0.5002690553665161,0.5022261738777161,0.6271378397941589,-0.18760135769844055,0.9742168188095093,0.4877515733242035,0.6082591414451599,0.49795904755592346,0.613094687461853,0.391129732131958,0.6230748891830444,-0.2243582010269165,0.9767245054244995,0.3934708535671234,0.6114087104797363,0.49989578127861023,0.6297746896743774
708,squat,1,0.34650176763534546,0.4133467972278595,-0.12861160933971405,0.9999008178710938,0.3552648723125458,0.40623873472213745,-0.16691382229328156,0.9999605417251587,0.3578813076019287,0.40629491209983826,-0.16681338846683502,0.9999650120735168,0.3606507480144501,0.40630003809928894,-0.1669117659330368,0.9999709725379944,0.3543858230113983,0.40555548667907715,-0.11119059473276138,0.9999527335166931,0.3561527132987976,0.4051930904388428,-0.11122368276119232,0.9999438524246216,0.35817962884902954,0.4048382341861725,-0.111127570271492,0.9999551177024841,0.38262882828712463,0.40849897265434265,-0.24307076632976532,0.9999431371688843,0.3810628652572632,0.4066997468471527,0.005799639970064163,0.9999505877494812,0.3546665906906128,0.4204467535018921,-0.15460465848445892,0.999880850315094,0.35402822494506836,0.4198424816131592,-0.08251631259918213,0.9999186992645264,0.416120707988739,0.450532466173172,-0.3593685030937195,0.9999207854270935,0.43218275904655457,0.4440135955810547,0.19252526760101318,0.9994666576385498,0.286668062210083,0.4764667749404907,-0.29311278462409973,0.9815797209739685,0.311269611120224,0.47337204217910767,0.2523525059223175,0.3389296233654022,0.28859943151474,0.440032035112381,0.04013305902481079,0.7195841670036316,0.29148468375205994,0.4408954977989197,0.19145749509334564,0.09975668787956238,0.28179043531417847,0.4279199242591858,0.02313520573079586,0.6174464225769043,0.284587562084198,0.43022844195365906,0.19962060451507568,0.08532815426588058,0.2949244976043701,0.42802026867866516,0.01670699380338192,0.6040534973144531,0.2958003282546997,0.4294881224632263,0.21193119883537292,0.08366698771715164,0.30170178413391113,0.43192365765571594,0.04287203028798103,0.5836459398269653,0.30215245485305786,0.4328632354736328,0.19176249206066132,0.08599947392940521,0.5982081294059753,0.5233963131904602,-0.19680185616016388,0.9998319149017334,0.5972251892089844,0.5157493352890015,0.19701673090457916,0.9997298121452332,0.4087030291557312,0.5282359719276428,-0.252666175365448,0.9747194647789001,0.4155827760696411,0.5243759155273438,0.3303427994251251,0.2905423939228058,0.4731326699256897,0.6146993041038513,-0.19592343270778656,0.9808786511421204,0.46238887310028076,0.5974735617637634,0.47579941153526306,0.4874846041202545,0.5017349720001221,0.6273961067199707,-0.18901292979717255,0.9725672006607056,0.4876457452774048,0.6089003086090088,0.4892834424972534,0.6037616729736328,0.3913126587867737,0.623081386089325,-0.22702385485172272,0.9750239253044128,0.39370352029800415,0.6113143563270569,0.4886913597583771,0.6179296970367432
709,squat,1,0.3450186252593994,0.4159054458141327,-0.13427788019180298,0.9999005198478699,0.35368871688842773,0.4087013900279999,-0.1726321280002594,0.9999605417251587,0.35638678073883057,0.4087459444999695,-0.1725371927022934,0.9999650716781616,0.359237402677536,0.4087226688861847,-0.17263652384281158,0.9999707341194153,0.35270312428474426,0.407997190952301,-0.11746681481599808,0.9999529719352722,0.354443222284317,0.40760207176208496,-0.11751263588666916,0.9999444484710693,0.35643449425697327,0.40720635652542114,-0.11742691695690155,0.999955415725708,0.3814893066883087,0.4108024835586548,-0.24912966787815094,0.99994295835495,0.3795209527015686,0.40891575813293457,-0.0018117561703547835,0.9999515414237976,0.3535284399986267,0.4229297935962677,-0.1605115532875061,0.9998809099197388,0.35268956422805786,0.42231062054634094,-0.08885465562343597,0.9999207854270935,0.41617926955223083,0.4519377648830414,-0.3601328730583191,0.9999207854270935,0.4321613013744354,0.44547390937805176,0.1846032738685608,0.9994853734970093,0.2866726517677307,0.4786575436592102,-0.296808123588562,0.9810964465141296,0.31088554859161377,0.4753684103488922,0.24907097220420837,0.3414483964443207,0.28856638073921204,0.4417996406555176,0.028970690444111824,0.7186188101768494,0.2914113402366638,0.44309285283088684,0.1941940188407898,0.10162081569433212,0.281692773103714,0.42956724762916565,0.010721434839069843,0.6166653633117676,0.2844294309616089,0.43236905336380005,0.20278260111808777,0.08727390319108963,0.29478341341018677,0.4297412931919098,0.0029244916513562202,0.6030630469322205,0.2955767512321472,0.43173375725746155,0.21406607329845428,0.08555660396814346,0.30166712403297424,0.4336856007575989,0.0309271439909935,0.5828234553337097,0.30188778042793274,0.43517908453941345,0.19424842298030853,0.08810415118932724,0.5982987880706787,0.5242775082588196,-0.19639788568019867,0.9998337626457214,0.5986971259117126,0.5170204639434814,0.1966027319431305,0.9997348785400391,0.4085402488708496,0.5282424688339233,-0.24995411932468414,0.9739480018615723,0.4154770076274872,0.5242782235145569,0.3352419137954712,0.2800120711326599,0.47296199202537537,0.6144093871116638,-0.18125490844249725,0.9790115356445312,0.46247807145118713,0.5974287986755371,0.4807038903236389,0.4742138385772705,0.5017394423484802,0.6274409890174866,-0.17326880991458893,0.9702226519584656,0.4875952899456024,0.608799397945404,0.4940784275531769,0.5936917662620544,0.3919307589530945,0.6230465769767761,-0.20812752842903137,0.9727902412414551,0.39407768845558167,0.610358476638794,0.4938099980354309,0.6063472032546997
710,squat,1,0.3440394699573517,0.4173710346221924,-0.14061929285526276,0.9998985528945923,0.352443128824234,0.41008591651916504,-0.17880280315876007,0.9999597668647766,0.35517409443855286,0.41010361909866333,-0.17871862649917603,0.9999644756317139,0.3580891788005829,0.4100765585899353,-0.17882414162158966,0.9999699592590332,0.3513149917125702,0.4094344675540924,-0.12379492819309235,0.9999523162841797,0.35294309258461,0.40902671217918396,-0.12383922189474106,0.9999440312385559,0.35480791330337524,0.4086308479309082,-0.12375518679618835,0.9999548196792603,0.38020628690719604,0.41186487674713135,-0.25454992055892944,0.9999420046806335,0.3778832256793976,0.41011330485343933,-0.007221361622214317,0.9999516606330872,0.35288405418395996,0.4243253171443939,-0.16632653772830963,0.9998794198036194,0.35185086727142334,0.4236200749874115,-0.09466029703617096,0.9999218583106995,0.41594403982162476,0.45284339785575867,-0.3624267280101776,0.9999207258224487,0.4321610927581787,0.4463305175304413,0.1829005926847458,0.9995026588439941,0.28453001379966736,0.47939667105674744,-0.304650217294693,0.9807782769203186,0.3105855882167816,0.47581857442855835,0.24774613976478577,0.3437720537185669,0.2883382737636566,0.44320183992385864,0.016552340239286423,0.719458818435669,0.29146742820739746,0.44423967599868774,0.19286435842514038,0.10402676463127136,0.2810315489768982,0.43066665530204773,-0.003198253456503153,0.6176723837852478,0.2843582332134247,0.43344175815582275,0.20126068592071533,0.0894932970404625,0.2941077947616577,0.43099838495254517,-0.009839341975748539,0.6038529276847839,0.29534515738487244,0.4328633248806,0.21230408549308777,0.0877157673239708,0.3013090193271637,0.4350617527961731,0.018819184973835945,0.5834739208221436,0.30175912380218506,0.43639007210731506,0.1927153766155243,0.09049908071756363,0.5983482003211975,0.5247849822044373,-0.19620412588119507,0.9998345375061035,0.6009469628334045,0.5178329944610596,0.19640712440013885,0.9997380375862122,0.4085894823074341,0.5282473564147949,-0.23991665244102478,0.9733281135559082,0.4157450795173645,0.5240906476974487,0.3533482551574707,0.27155962586402893,0.47234001755714417,0.6140914559364319,-0.15798144042491913,0.9772343039512634,0.4628133773803711,0.5973587036132812,0.5158633589744568,0.4644632041454315,0.501819372177124,0.6274375915527344,-0.14911159873008728,0.9678820967674255,0.4876731038093567,0.6087321043014526,0.5310337543487549,0.5864983201026917,0.392930805683136,0.6231777667999268,-0.18527399003505707,0.9708184003829956,0.3949979543685913,0.6102358102798462,0.5309861898422241,0.5983391404151917
711,squat,1,0.34293532371520996,0.41797640919685364,-0.14804616570472717,0.9998989701271057,0.35130614042282104,0.4104684591293335,-0.18597404658794403,0.9999599456787109,0.3540136218070984,0.41041940450668335,-0.18589337170124054,0.999964714050293,0.3569807708263397,0.4103662073612213,-0.18600216507911682,0.9999698996543884,0.3501614034175873,0.4098902940750122,-0.13096801936626434,0.9999527931213379,0.3517428934574127,0.409463107585907,-0.13101787865161896,0.9999449253082275,0.35355767607688904,0.40903303027153015,-0.13093891739845276,0.9999551773071289,0.379335880279541,0.412170946598053,-0.2603541314601898,0.9999425411224365,0.37680745124816895,0.41056984663009644,-0.01312774233520031,0.9999526739120483,0.35215502977371216,0.42488521337509155,-0.17324285209178925,0.9998804330825806,0.3510362207889557,0.4242343008518219,-0.10161787271499634,0.9999243021011353,0.41630882024765015,0.45328739285469055,-0.36870554089546204,0.9999213218688965,0.4321933090686798,0.44650840759277344,0.17811046540737152,0.9995235204696655,0.2846052944660187,0.4792105555534363,-0.31607016921043396,0.9807574152946472,0.3085169494152069,0.4756867587566376,0.2270245999097824,0.34912440180778503,0.2873740792274475,0.44311386346817017,2.3678412617300637e-05,0.7243292927742004,0.2910759747028351,0.44355547428131104,0.15564899146556854,0.10785874724388123,0.2797984182834625,0.43079325556755066,-0.02151661552488804,0.6233818531036377,0.28328579664230347,0.43281346559524536,0.16007845103740692,0.09257680922746658,0.2926580309867859,0.4308820366859436,-0.028683749958872795,0.609279215335846,0.2942693531513214,0.4321344792842865,0.17288649082183838,0.09054780751466751,0.3002845048904419,0.4347783029079437,0.0019648736342787743,0.5887284278869629,0.3013712465763092,0.43572303652763367,0.15544959902763367,0.09356242418289185,0.598632276058197,0.5252864956855774,-0.19611048698425293,0.9998395442962646,0.6015673279762268,0.518149733543396,0.19631163775920868,0.9997467994689941,0.40862154960632324,0.5282362103462219,-0.2343773990869522,0.9728790521621704,0.41609254479408264,0.5235915780067444,0.3635757267475128,0.2636595368385315,0.47182992100715637,0.6137972474098206,-0.14694423973560333,0.9754552841186523,0.4630587100982666,0.5970363616943359,0.5309534072875977,0.45480403304100037,0.5018340945243835,0.6273568868637085,-0.13757622241973877,0.9656942486763,0.48790204524993896,0.6087124943733215,0.5463571548461914,0.5793681740760803,0.39324888586997986,0.6230974197387695,-0.17385469377040863,0.9688336253166199,0.395009309053421,0.6095332503318787,0.5443782210350037,0.590317964553833
712,squat,1,0.3421642780303955,0.41749128699302673,-0.14762772619724274,0.9999004006385803,0.3509562909603119,0.41008663177490234,-0.1834210753440857,0.99996018409729,0.3535946309566498,0.41002050042152405,-0.1833469271659851,0.9999648928642273,0.35654884576797485,0.4099698066711426,-0.1834467500448227,0.9999698400497437,0.34982842206954956,0.409516841173172,-0.1291871964931488,0.9999534487724304,0.3513742685317993,0.4091026484966278,-0.12922453880310059,0.9999459385871887,0.35313060879707336,0.4086889326572418,-0.12914955615997314,0.999955952167511,0.3789902925491333,0.4119216501712799,-0.2527504563331604,0.9999427795410156,0.3762524724006653,0.4104193150997162,-0.00781463272869587,0.9999539256095886,0.3512631058692932,0.4246087670326233,-0.17114469408988953,0.9998813271522522,0.35023072361946106,0.42393866181373596,-0.10048052668571472,0.9999269843101501,0.4166366457939148,0.4523945450782776,-0.3635302782058716,0.9999226331710815,0.4319528341293335,0.4469902217388153,0.18382637202739716,0.9995453953742981,0.2844468653202057,0.47844669222831726,-0.31574973464012146,0.9811924695968628,0.3074597418308258,0.4753548800945282,0.22664961218833923,0.3586803078651428,0.28591927886009216,0.4427089989185333,-0.0057156323455274105,0.7282760143280029,0.2910887897014618,0.4430018663406372,0.140532448887825,0.11147338896989822,0.2786354124546051,0.4304516315460205,-0.026724817231297493,0.6267600655555725,0.2831164598464966,0.43275871872901917,0.14353911578655243,0.0946219265460968,0.29167917370796204,0.4305196702480316,-0.03127795457839966,0.6120976209640503,0.2940601110458374,0.4319552183151245,0.1596752405166626,0.0923519879579544,0.29926228523254395,0.4344658851623535,-0.0029368125833570957,0.5915253162384033,0.30125540494918823,0.4355544447898865,0.14100193977355957,0.09548791497945786,0.5986136794090271,0.5248585343360901,-0.19605641067028046,0.9998447895050049,0.6022410988807678,0.518559992313385,0.1962491124868393,0.9997561573982239,0.40865275263786316,0.5281625986099243,-0.23655419051647186,0.9729546904563904,0.4163428544998169,0.5234375596046448,0.3597080707550049,0.25828567147254944,0.47186583280563354,0.6136698722839355,-0.15664701163768768,0.9743501543998718,0.4634155333042145,0.5970853567123413,0.4985319972038269,0.4490067958831787,0.5020625591278076,0.6273525953292847,-0.14787405729293823,0.9643903374671936,0.48835599422454834,0.6089459657669067,0.5101457238197327,0.5764778852462769,0.3937896490097046,0.622981071472168,-0.1843734234571457,0.9675008654594421,0.39518317580223083,0.6095107793807983,0.5013290643692017,0.5853084921836853
713,squat,1,0.34230202436447144,0.4165002405643463,-0.1337892711162567,0.9998992681503296,0.35109034180641174,0.40918606519699097,-0.16921274363994598,0.9999592900276184,0.35367947816848755,0.40909144282341003,-0.16913148760795593,0.9999639987945557,0.35659605264663696,0.4090080261230469,-0.16922207176685333,0.9999690651893616,0.3499876856803894,0.40869981050491333,-0.11555621027946472,0.9999529123306274,0.3515363335609436,0.40832993388175964,-0.11558526009321213,0.9999454021453857,0.35330459475517273,0.4079449772834778,-0.11551370471715927,0.9999555349349976,0.37906789779663086,0.41115671396255493,-0.23907214403152466,0.9999410510063171,0.37642577290534973,0.4096357524394989,0.0036611980758607388,0.9999536275863647,0.3513409197330475,0.423724889755249,-0.15758945047855377,0.9998779296875,0.3502614200115204,0.4231472313404083,-0.08759293705224991,0.9999272227287292,0.4166397154331207,0.4517160654067993,-0.3506889045238495,0.9999231100082397,0.4335249364376068,0.4459717571735382,0.19783876836299896,0.9995571970939636,0.2836998403072357,0.47742927074432373,-0.31272071599960327,0.981303334236145,0.31189972162246704,0.47435712814331055,0.24316060543060303,0.3599184453487396,0.2845931053161621,0.44144028425216675,-0.009089765138924122,0.7365201115608215,0.2929064631462097,0.442038893699646,0.16871948540210724,0.11397729068994522,0.276414692401886,0.42954522371292114,-0.030790576711297035,0.6364452242851257,0.28312769532203674,0.43185701966285706,0.16794581711292267,0.09623539447784424,0.2896520793437958,0.42943185567855835,-0.03440841659903526,0.6212788820266724,0.2943900227546692,0.4309993386268616,0.19033092260360718,0.09361443668603897,0.2977323830127716,0.43332651257514954,-0.006168236956000328,0.6001182198524475,0.3028850853443146,0.4345269799232483,0.1702755242586136,0.09679315984249115,0.5982185006141663,0.5242918729782104,-0.1960211992263794,0.999849796295166,0.602969765663147,0.5179301500320435,0.1962035447359085,0.9997619986534119,0.40857675671577454,0.5280874371528625,-0.2344723790884018,0.9730315208435059,0.41700369119644165,0.5231615304946899,0.36296749114990234,0.25106847286224365,0.47192856669425964,0.6133741736412048,-0.15975798666477203,0.9735798239707947,0.4645693004131317,0.5970239043235779,0.5172475576400757,0.44270557165145874,0.5024155378341675,0.6273757219314575,-0.15154503285884857,0.9635403752326965,0.48991677165031433,0.6091982126235962,0.5308919548988342,0.5729913711547852,0.39439263939857483,0.6228573322296143,-0.19123031198978424,0.9667623043060303,0.39636972546577454,0.6093305349349976,0.5221228003501892,0.5813159942626953
714,squat,1,0.34251847863197327,0.4162534177303314,-0.1318683624267578,0.9998976588249207,0.3511466681957245,0.408890962600708,-0.16683752834796906,0.9999580383300781,0.3537571430206299,0.408783495426178,-0.1667606383562088,0.9999627470970154,0.3566620647907257,0.4087124764919281,-0.1668534278869629,0.9999679923057556,0.3500659465789795,0.4081841707229614,-0.11349839717149734,0.9999520778656006,0.3516333997249603,0.4076785147190094,-0.11352026462554932,0.9999445676803589,0.35342925786972046,0.40721869468688965,-0.11344258487224579,0.9999547600746155,0.37916648387908936,0.41041719913482666,-0.23470857739448547,0.9999389052391052,0.3765093684196472,0.4088596701622009,0.00630528386682272,0.9999527931213379,0.3514423072338104,0.4228418469429016,-0.1548909842967987,0.9998740553855896,0.35047537088394165,0.4222496747970581,-0.08546295017004013,0.9999269843101501,0.41695547103881836,0.45113956928253174,-0.34929800033569336,0.9999225735664368,0.43417462706565857,0.44544717669487,0.20236288011074066,0.9995666742324829,0.28378376364707947,0.4767525792121887,-0.312656432390213,0.9815425872802734,0.31328022480010986,0.47376924753189087,0.23082910478115082,0.3589836657047272,0.28293535113334656,0.44072386622428894,-0.007658790331333876,0.744513750076294,0.2930695414543152,0.44147011637687683,0.1281835287809372,0.11471369862556458,0.27454403042793274,0.42889317870140076,-0.02790239080786705,0.6457746028900146,0.28267690539360046,0.4312855005264282,0.12906916439533234,0.09642502665519714,0.28750795125961304,0.4287351369857788,-0.03074541874229908,0.6303070187568665,0.29426148533821106,0.4304172694683075,0.14678572118282318,0.09357784688472748,0.2955787777900696,0.4326164424419403,-0.004031036980450153,0.6087890267372131,0.3029118478298187,0.4339544177055359,0.12835736572742462,0.09683872759342194,0.5983243584632874,0.5240822434425354,-0.19555208086967468,0.9998524785041809,0.6025761961936951,0.5176894068717957,0.19571347534656525,0.9997657537460327,0.4084930717945099,0.5281050205230713,-0.23396441340446472,0.973033607006073,0.41702914237976074,0.5230905413627625,0.3574076294898987,0.24534094333648682,0.4719560146331787,0.6132646203041077,-0.16087152063846588,0.9728131294250488,0.4650731384754181,0.5969344973564148,0.5162041783332825,0.4381086230278015,0.5026713609695435,0.6273771524429321,-0.15300270915031433,0.9625558257102966,0.49049168825149536,0.6092005968093872,0.5279168486595154,0.5699166059494019,0.39457976818084717,0.6228600144386292,-0.1928563117980957,0.9659607410430908,0.3969445824623108,0.6093399524688721,0.5108379125595093,0.5773826837539673
715,squat,1,0.34308579564094543,0.4131029546260834,-0.12136594206094742,0.9998952746391296,0.3512211740016937,0.40618520975112915,-0.15628188848495483,0.9999561309814453,0.3537936508655548,0.40608498454093933,-0.15621133148670197,0.999960720539093,0.3567177653312683,0.406017929315567,-0.15630404651165009,0.9999663233757019,0.35014891624450684,0.4060416519641876,-0.10268481820821762,0.999950647354126,0.3516964316368103,0.405808687210083,-0.1026919037103653,0.9999430775642395,0.3534623384475708,0.40556612610816956,-0.10261216759681702,0.9999536275863647,0.3791874647140503,0.4080733358860016,-0.22225899994373322,0.9999352097511292,0.3765088617801666,0.4068623483181,0.018538111820816994,0.9999514222145081,0.3521277904510498,0.42044511437416077,-0.14396749436855316,0.999867856502533,0.3510550558567047,0.42020758986473083,-0.07443518191576004,0.9999257326126099,0.4172215163707733,0.44716039299964905,-0.34397193789482117,0.9999213218688965,0.4348953366279602,0.44420579075813293,0.2171870917081833,0.9995750188827515,0.28555360436439514,0.47654497623443604,-0.3148930072784424,0.9819325804710388,0.316246896982193,0.4734257161617279,0.22296927869319916,0.35871177911758423,0.2791758179664612,0.44021356105804443,-0.017157234251499176,0.7550520300865173,0.29291069507598877,0.4412745237350464,0.09220122545957565,0.1165468767285347,0.2709960639476776,0.4286525845527649,-0.03653349727392197,0.6584845781326294,0.2819650173187256,0.4310486316680908,0.09186651557683945,0.09725229442119598,0.284376323223114,0.42835474014282227,-0.03693484887480736,0.642899751663208,0.2938268482685089,0.4303284287452698,0.10915743559598923,0.09417492151260376,0.2924272119998932,0.4318152070045471,-0.012271580286324024,0.6210278868675232,0.30287519097328186,0.43391096591949463,0.09158673882484436,0.09756748378276825,0.5983050465583801,0.5222991704940796,-0.19546407461166382,0.99985271692276,0.6023275852203369,0.5165513157844543,0.1956154853105545,0.9997671246528625,0.40850335359573364,0.5281010270118713,-0.23530982434749603,0.9730506539344788,0.41677266359329224,0.5229964852333069,0.33705413341522217,0.24016612768173218,0.47203031182289124,0.6131290793418884,-0.1652912050485611,0.972090482711792,0.46525338292121887,0.5969293713569641,0.470138818025589,0.4338717758655548,0.5028167963027954,0.6273705959320068,-0.1576511263847351,0.9616737961769104,0.4905902147293091,0.6092001795768738,0.4805518090724945,0.5673398971557617,0.39464160799980164,0.6229662299156189,-0.19711174070835114,0.9651767015457153,0.3969639539718628,0.6094491481781006,0.4689091742038727,0.5734615921974182
716,squat,1,0.34357547760009766,0.40471574664115906,-0.1203964501619339,0.9998922348022461,0.3514433801174164,0.3978152275085449,-0.15524432063102722,0.9999538064002991,0.3541058897972107,0.3976055085659027,-0.15517911314964294,0.999958336353302,0.3570549488067627,0.3973963260650635,-0.15526999533176422,0.9999642372131348,0.35038819909095764,0.3980087339878082,-0.10127763450145721,0.9999487400054932,0.3520425856113434,0.39789068698883057,-0.10128563642501831,0.9999412298202515,0.35385662317276,0.3976447582244873,-0.1012042760848999,0.9999521374702454,0.38022562861442566,0.40021583437919617,-0.21858277916908264,0.9999313950538635,0.37701544165611267,0.39901202917099,0.022762322798371315,0.99994957447052,0.35400864481925964,0.41243964433670044,-0.14243613183498383,0.9998624920845032,0.3524772822856903,0.4124487042427063,-0.07265531271696091,0.9999245405197144,0.4196642339229584,0.44016358256340027,-0.34548377990722656,0.9999173879623413,0.4359145760536194,0.4401027262210846,0.22376056015491486,0.9995774030685425,0.2936363220214844,0.47245490550994873,-0.3274553120136261,0.9823389649391174,0.3192026913166046,0.4715268611907959,0.17783977091312408,0.36191093921661377,0.2736460864543915,0.43786799907684326,-0.022338608279824257,0.7639968395233154,0.28655925393104553,0.44105273485183716,-0.02306738868355751,0.11978316307067871,0.26411664485931396,0.4283331632614136,-0.040383584797382355,0.6690821051597595,0.27439936995506287,0.43055304884910583,-0.031408753246068954,0.09913717955350876,0.27779993414878845,0.42662814259529114,-0.0399944931268692,0.6534541249275208,0.2863025367259979,0.42890340089797974,-0.014477773569524288,0.09591294080018997,0.28535863757133484,0.4293685853481293,-0.01648722030222416,0.6311044096946716,0.2952650785446167,0.4324933886528015,-0.0259439367800951,0.09932775050401688,0.5982911586761475,0.5174903869628906,-0.19543762505054474,0.9998409152030945,0.5994751453399658,0.512283980846405,0.19559191167354584,0.999753475189209,0.408843070268631,0.528096616268158,-0.24321523308753967,0.9732349514961243,0.41653692722320557,0.5229952335357666,0.2935243844985962,0.2384776920080185,0.4720703959465027,0.6128599643707275,-0.17919492721557617,0.9722504019737244,0.4652675688266754,0.5969296097755432,0.4008568525314331,0.43055373430252075,0.5028216242790222,0.6272001266479492,-0.1731724590063095,0.9617928862571716,0.4905884563922882,0.6092219352722168,0.4087240397930145,0.5648501515388489,0.3948960602283478,0.6230960488319397,-0.21645191311836243,0.9652185440063477,0.39697983860969543,0.6094950437545776,0.39542028307914734,0.5686626434326172
717,squat,1,0.34474554657936096,0.3989538252353668,-0.11361061036586761,0.999891459941864,0.3519267439842224,0.3918288052082062,-0.14778253436088562,0.9999526143074036,0.3547281324863434,0.39168450236320496,-0.14772114157676697,0.9999570250511169,0.35776400566101074,0.39152055978775024,-0.14780424535274506,0.9999632239341736,0.3509019911289215,0.3919283449649811,-0.09292247891426086,0.9999476671218872,0.35271644592285156,0.39179712533950806,-0.09292696416378021,0.999940037727356,0.35463833808898926,0.3915363550186157,-0.09284429252147675,0.9999513626098633,0.3819204568862915,0.3944384753704071,-0.20910139381885529,0.9999285936355591,0.3784157633781433,0.3930633068084717,0.035935595631599426,0.9999479055404663,0.35611265897750854,0.406733900308609,-0.1349799782037735,0.9998584985733032,0.35449686646461487,0.406552255153656,-0.06410396844148636,0.9999226927757263,0.4202825725078583,0.43467390537261963,-0.34376370906829834,0.9999154806137085,0.4387262165546417,0.4352298378944397,0.23801051080226898,0.999576985836029,0.2988952398300171,0.46953296661376953,-0.3280748724937439,0.9829246401786804,0.32719337940216064,0.46909257769584656,0.20064544677734375,0.3657635748386383,0.2683190405368805,0.43612778186798096,-0.024890417233109474,0.7751070261001587,0.28172987699508667,0.44067904353141785,0.027068959549069405,0.124099962413311,0.2559352219104767,0.42784202098846436,-0.04388800635933876,0.6824528574943542,0.26739874482154846,0.4299602806568146,0.021992815658450127,0.10204585641622543,0.270586758852005,0.4253808259963989,-0.042119476944208145,0.6669999957084656,0.2799830436706543,0.4277166426181793,0.03303220868110657,0.09882257133722305,0.27840179204940796,0.42759212851524353,-0.018425632268190384,0.6438801288604736,0.28937870264053345,0.4309866428375244,0.022211119532585144,0.10234666615724564,0.5981923341751099,0.5133145451545715,-0.19562102854251862,0.999829113483429,0.5986900329589844,0.5075849294662476,0.19578392803668976,0.9997379183769226,0.4090217351913452,0.5279704928398132,-0.24553920328617096,0.9734271168708801,0.416558176279068,0.5229731798171997,0.29541322588920593,0.2392243891954422,0.471815288066864,0.6127824783325195,-0.19315414130687714,0.9729123711585999,0.4652959704399109,0.5966863036155701,0.413404256105423,0.43215444684028625,0.5026199817657471,0.6269707083702087,-0.1887131780385971,0.9626246094703674,0.4905756711959839,0.6087197065353394,0.42261260747909546,0.566731333732605,0.3950558304786682,0.6229994893074036,-0.24051541090011597,0.9659729599952698,0.39714738726615906,0.6094564199447632,0.40828630328178406,0.5699524879455566
718,squat,1,0.3464590013027191,0.3924697935581207,-0.11499599367380142,0.9998881816864014,0.3531814515590668,0.3851926326751709,-0.14888659119606018,0.9999502301216125,0.35603639483451843,0.3851096034049988,-0.14883005619049072,0.9999549388885498,0.3591413199901581,0.38497206568717957,-0.1489161252975464,0.9999614357948303,0.3521029055118561,0.38516831398010254,-0.09424365311861038,0.9999452233314514,0.3539440631866455,0.38500046730041504,-0.09425362199544907,0.9999374151229858,0.35587266087532043,0.3847105801105499,-0.09417165070772171,0.9999491572380066,0.38325443863868713,0.38804715871810913,-0.2075129598379135,0.9999245405197144,0.3795134127140045,0.3865996301174164,0.03553378954529762,0.9999452829360962,0.35837522149086,0.4000265300273895,-0.13602598011493683,0.9998524785041809,0.35655996203422546,0.3998089134693146,-0.06544289737939835,0.9999185800552368,0.42234769463539124,0.42866817116737366,-0.3448033332824707,0.9999115467071533,0.43850547075271606,0.4307042062282562,0.23673780262470245,0.9995511770248413,0.3047226369380951,0.46664896607398987,-0.34685876965522766,0.9835430383682251,0.32834064960479736,0.46678221225738525,0.20845313370227814,0.3660818934440613,0.2622949481010437,0.4329376816749573,-0.07407993823289871,0.7905542850494385,0.2745324969291687,0.43815454840660095,0.03447280079126358,0.12831974029541016,0.24181640148162842,0.4265766143798828,-0.09936479479074478,0.7031349539756775,0.25306645035743713,0.42847856879234314,0.02754039131104946,0.10560926049947739,0.2580357789993286,0.4228045344352722,-0.09710776060819626,0.6883218288421631,0.26558223366737366,0.4256522059440613,0.03354495391249657,0.10245481133460999,0.26705464720726013,0.42412540316581726,-0.06835844367742538,0.664730966091156,0.2767699956893921,0.42838582396507263,0.027004580944776535,0.10622137039899826,0.5983626842498779,0.5090441107749939,-0.19584807753562927,0.9997972846031189,0.5947878956794739,0.5031107664108276,0.19604969024658203,0.9996889233589172,0.40945321321487427,0.5278435945510864,-0.24552541971206665,0.9736536741256714,0.4151116907596588,0.5229711532592773,0.27294471859931946,0.23908469080924988,0.4713282883167267,0.6123268008232117,-0.1914222687482834,0.9735091924667358,0.46453720331192017,0.5967909097671509,0.3883882164955139,0.42861083149909973,0.5023343563079834,0.6264336705207825,-0.18649181723594666,0.9634029269218445,0.48917046189308167,0.608723521232605,0.3973793387413025,0.5629594326019287,0.3950555920600891,0.6231746673583984,-0.24037791788578033,0.9665322303771973,0.39715576171875,0.6096115112304688,0.3758198618888855,0.5663648843765259
719,squat,1,0.34867504239082336,0.38657787442207336,-0.11364170163869858,0.9998875856399536,0.35597193241119385,0.3793160021305084,-0.14511339366436005,0.9999488592147827,0.3589012920856476,0.37924373149871826,-0.14507319033145905,0.99995356798172,0.3620626926422119,0.37906378507614136,-0.14515355229377747,0.9999603033065796,0.35488495230674744,0.3792327046394348,-0.09043905884027481,0.999944269657135,0.3568401634693146,0.3790542781352997,-0.09044555574655533,0.999936580657959,0.3589332103729248,0.37869611382484436,-0.0903654545545578,0.9999487996101379,0.38537925481796265,0.3824715316295624,-0.19763611257076263,0.9999206066131592,0.38185426592826843,0.38070204854011536,0.045796409249305725,0.9999445676803589,0.3601217269897461,0.39387500286102295,-0.13293509185314178,0.9998486638069153,0.3581830859184265,0.39377981424331665,-0.06233109161257744,0.9999160766601562,0.42368021607398987,0.4242008626461029,-0.3421332538127899,0.9999080896377563,0.43834489583969116,0.42842400074005127,0.2503543794155121,0.9995326995849609,0.3097837269306183,0.46408435702323914,-0.3519277572631836,0.9837725758552551,0.3354884088039398,0.4652654230594635,0.262911856174469,0.3623902201652527,0.2545466125011444,0.433042049407959,-0.10200398415327072,0.8062808513641357,0.2683030366897583,0.438599169254303,0.10821869969367981,0.13673639297485352,0.23165717720985413,0.42745113372802734,-0.1320565938949585,0.7247629761695862,0.24815644323825836,0.43051597476005554,0.10454604029655457,0.11383998394012451,0.2467726618051529,0.4228780269622803,-0.12765656411647797,0.7108251452445984,0.25958889722824097,0.4271485209465027,0.08309632539749146,0.11111168563365936,0.256745845079422,0.4244983494281769,-0.09630947560071945,0.6866487264633179,0.2701011300086975,0.4294545352458954,0.0917990654706955,0.11508394777774811,0.5979820489883423,0.5048650503158569,-0.1966736614704132,0.9997532963752747,0.5926507115364075,0.49928954243659973,0.19693715870380402,0.999616801738739,0.40971124172210693,0.5273909568786621,-0.24688616394996643,0.9738627672195435,0.41344884037971497,0.522969126701355,0.2614411413669586,0.2394910305738449,0.4713456630706787,0.6122646331787109,-0.19313952326774597,0.9741174578666687,0.46451619267463684,0.5970668196678162,0.37756896018981934,0.42862817645072937,0.5021948218345642,0.6263332962989807,-0.1882375180721283,0.9643163084983826,0.4891796112060547,0.6086926460266113,0.3865869343280792,0.5628731846809387,0.3950028717517853,0.623175859451294,-0.24252288043498993,0.9671454429626465,0.39709192514419556,0.6105454564094543,0.3641228675842285,0.5671776533126831
720,squat,1,0.35179007053375244,0.38052916526794434,-0.11449162662029266,0.9998731017112732,0.35948169231414795,0.37326908111572266,-0.14615170657634735,0.9999387860298157,0.36250749230384827,0.3731914460659027,-0.14611706137657166,0.9999446868896484,0.36563393473625183,0.3729991018772125,-0.14619599282741547,0.9999527931213379,0.35815712809562683,0.3729995787143707,-0.09171482175588608,0.9999349117279053,0.3600941598415375,0.3727361261844635,-0.09172598272562027,0.9999269247055054,0.3622152805328369,0.37229782342910767,-0.09165126085281372,0.999941349029541,0.3875816762447357,0.3761746287345886,-0.20066329836845398,0.9999013543128967,0.3838689923286438,0.3742886483669281,0.041289009153842926,0.9999333024024963,0.3628687858581543,0.3876323103904724,-0.13411904871463776,0.9998287558555603,0.3605633080005646,0.3873920440673828,-0.06374768167734146,0.9999001026153564,0.42526546120643616,0.41776004433631897,-0.3424791395664215,0.9998906850814819,0.43691033124923706,0.42142021656036377,0.24251534044742584,0.9994473457336426,0.3223259449005127,0.46264293789863586,-0.3473440706729889,0.9828479290008545,0.3422582447528839,0.4626396596431732,0.27088314294815063,0.35142648220062256,0.25051289796829224,0.4336448907852173,-0.09734746068716049,0.8185920715332031,0.2599976062774658,0.438972532749176,0.11861402541399002,0.14418725669384003,0.23084084689617157,0.43207985162734985,-0.12935501337051392,0.7423685193061829,0.2417915314435959,0.4352182447910309,0.11354998499155045,0.12361904233694077,0.23869360983371735,0.426851361989975,-0.12561003863811493,0.7293075919151306,0.24684913456439972,0.43078160285949707,0.09340917319059372,0.121577188372612,0.2481343299150467,0.42659273743629456,-0.09170253574848175,0.7040642499923706,0.25596460700035095,0.43109598755836487,0.09884274750947952,0.12533855438232422,0.5973042249679565,0.4994683563709259,-0.197529137134552,0.9996755719184875,0.5888682007789612,0.494655579328537,0.19784358143806458,0.9994851350784302,0.4100704789161682,0.5268401503562927,-0.2480018585920334,0.9738290905952454,0.4114745855331421,0.5229433178901672,0.26839274168014526,0.2405851036310196,0.4713696241378784,0.6123178005218506,-0.1920795887708664,0.9747129082679749,0.46380290389060974,0.5972462892532349,0.40359732508659363,0.42965468764305115,0.5021734237670898,0.626335620880127,-0.1868659257888794,0.9651224613189697,0.48896628618240356,0.6088988780975342,0.41353610157966614,0.5636259913444519,0.39486753940582275,0.6231886148452759,-0.24299095571041107,0.9676317572593689,0.3970230519771576,0.6111908555030823,0.3965018689632416,0.5695303082466125
721,squat,1,0.35366091132164,0.3651186525821686,-0.095041424036026,0.99981290102005,0.36300188302993774,0.35887783765792847,-0.12976960837841034,0.999879777431488,0.3659527897834778,0.35903581976890564,-0.12979120016098022,0.9998918771743774,0.3690618872642517,0.35912996530532837,-0.12983708083629608,0.9999038577079773,0.3615613579750061,0.35837680101394653,-0.07408279180526733,0.9998869299888611,0.36350125074386597,0.35824283957481384,-0.07411850243806839,0.9998838305473328,0.3656904995441437,0.3579889237880707,-0.07410033047199249,0.9999087452888489,0.39109060168266296,0.3636297583580017,-0.19867537915706635,0.9997950196266174,0.3880772590637207,0.3616645336151123,0.04845760017633438,0.9998844861984253,0.36452117562294006,0.3750556409358978,-0.11822894960641861,0.9997544288635254,0.3621153235435486,0.373954176902771,-0.046187032014131546,0.9998335838317871,0.4249744415283203,0.40686753392219543,-0.3533001244068146,0.9998487234115601,0.43922269344329834,0.4042429029941559,0.2477216124534607,0.9993125200271606,0.3537954092025757,0.459575891494751,-0.3609062433242798,0.9805702567100525,0.3688339591026306,0.4551907181739807,0.3182470202445984,0.33420732617378235,0.25345590710639954,0.44426363706588745,-0.1861526519060135,0.8301401138305664,0.26276084780693054,0.4460945725440979,0.16968096792697906,0.15915696322917938,0.23008646070957184,0.44746720790863037,-0.23464465141296387,0.7598190307617188,0.23958557844161987,0.4483383297920227,0.16574151813983917,0.14546720683574677,0.23142258822917938,0.4433106482028961,-0.22168706357479095,0.7476533651351929,0.23910188674926758,0.44494789838790894,0.11283176392316818,0.14567023515701294,0.24138067662715912,0.44170600175857544,-0.17788414657115936,0.7213627099990845,0.24863317608833313,0.443561315536499,0.14121106266975403,0.14951808750629425,0.5912690758705139,0.4896622896194458,-0.20504643023014069,0.9993721842765808,0.5892523527145386,0.48486945033073425,0.2053680419921875,0.9990659952163696,0.40977728366851807,0.5261548757553101,-0.20226050913333893,0.9731007218360901,0.4122982621192932,0.522244393825531,0.3088819682598114,0.23447127640247345,0.47328290343284607,0.6124503016471863,-0.058627188205718994,0.9744069576263428,0.46428436040878296,0.597171425819397,0.5418438911437988,0.42022624611854553,0.5021743774414062,0.6259652972221375,-0.044961147010326385,0.9646425843238831,0.48988455533981323,0.6088427901268005,0.5632166266441345,0.5549558401107788,0.39477190375328064,0.6231871843338013,-0.103786900639534,0.9667436480522156,0.39722082018852234,0.6111875772476196,0.5335286855697632,0.5639369487762451
722,squat,1,0.35631921887397766,0.3596332371234894,-0.1003553569316864,0.9997846484184265,0.3653886020183563,0.35252344608306885,-0.13465674221515656,0.9998504519462585,0.36829420924186707,0.35259345173835754,-0.13467402756214142,0.9998657703399658,0.37120139598846436,0.3526413142681122,-0.13473396003246307,0.9998824596405029,0.3640373945236206,0.3521610498428345,-0.0770326778292656,0.9998598098754883,0.3659515380859375,0.35191866755485535,-0.07706782966852188,0.9998592734336853,0.3680882155895233,0.35159778594970703,-0.07705532014369965,0.9998898506164551,0.3925606310367584,0.35661086440086365,-0.20215550065040588,0.9997366070747375,0.39011427760124207,0.35482773184776306,0.05670696124434471,0.9998589754104614,0.36685097217559814,0.367639422416687,-0.12326867878437042,0.9997217655181885,0.3646427094936371,0.36715054512023926,-0.0493275448679924,0.9997901320457458,0.4272308051586151,0.3975984454154968,-0.3601485788822174,0.9998371005058289,0.44041186571121216,0.3981174826622009,0.2530970573425293,0.9992238283157349,0.3769032061100006,0.4543383717536926,-0.40586817264556885,0.9799395799636841,0.3827345371246338,0.45180314779281616,0.3319275975227356,0.31813111901283264,0.25447383522987366,0.44948428869247437,-0.3158106803894043,0.8445585370063782,0.26468977332115173,0.451303631067276,0.17846399545669556,0.17500583827495575,0.23443779349327087,0.4540967047214508,-0.38067957758903503,0.7805867791175842,0.24270887672901154,0.45524516701698303,0.1774405688047409,0.16726164519786835,0.2337394803762436,0.45065101981163025,-0.3598009943962097,0.7694568037986755,0.24109484255313873,0.4527956247329712,0.11702986061573029,0.16957120597362518,0.24453577399253845,0.44884076714515686,-0.30731046199798584,0.7435223460197449,0.2514761984348297,0.45105820894241333,0.1473083347082138,0.17433097958564758,0.5907489061355591,0.4843732714653015,-0.2060827612876892,0.999232292175293,0.5838839411735535,0.48030412197113037,0.20646102726459503,0.9987697601318359,0.4097805321216583,0.5254599452018738,-0.21171846985816956,0.9726205468177795,0.4123302400112152,0.5210520625114441,0.29447898268699646,0.23491324484348297,0.4740608036518097,0.6135576963424683,-0.09458192437887192,0.9749851226806641,0.46487733721733093,0.5980049967765808,0.5215422511100769,0.4171808660030365,0.5021451711654663,0.6259664297103882,-0.08455914258956909,0.9654510617256165,0.4908640682697296,0.6104402542114258,0.5433311462402344,0.5524768829345703,0.3930865526199341,0.6230188012123108,-0.15239065885543823,0.967007040977478,0.3963698148727417,0.6110329031944275,0.5127536058425903,0.5651178359985352
723,squat,1,0.35996365547180176,0.3539181649684906,-0.08563143759965897,0.9997385740280151,0.3691285252571106,0.3467739224433899,-0.12137161195278168,0.9997981190681458,0.3719577491283417,0.34673210978507996,-0.1214689388871193,0.9998182654380798,0.3748319149017334,0.34669044613838196,-0.1215357780456543,0.9998461008071899,0.36774155497550964,0.3464911878108978,-0.05937860533595085,0.9998165965080261,0.3695962727069855,0.34625592827796936,-0.05942518264055252,0.9998199939727783,0.37154096364974976,0.34592413902282715,-0.05944718047976494,0.9998605847358704,0.3970232605934143,0.3503260016441345,-0.20090752840042114,0.9996436238288879,0.39428946375846863,0.3487318456172943,0.073265440762043,0.9998214244842529,0.37031641602516174,0.36143720149993896,-0.11265340447425842,0.9996717572212219,0.36799296736717224,0.3609568774700165,-0.03241598233580589,0.9997109174728394,0.4295748472213745,0.39039716124534607,-0.3606453239917755,0.9998316168785095,0.44295409321784973,0.39247918128967285,0.2704732120037079,0.9991668462753296,0.3868238925933838,0.4499596357345581,-0.4169537127017975,0.979479968547821,0.3943854868412018,0.4477373957633972,0.35455042123794556,0.30804553627967834,0.26459020376205444,0.4551963806152344,-0.3420594334602356,0.8577439785003662,0.27458488941192627,0.4563353359699249,0.21917608380317688,0.19335120916366577,0.238434836268425,0.462675005197525,-0.40883803367614746,0.7994273900985718,0.24465236067771912,0.4626457989215851,0.2252393662929535,0.18782919645309448,0.2397398054599762,0.4593164324760437,-0.3791412115097046,0.7891536355018616,0.24742110073566437,0.4606139063835144,0.16272182762622833,0.1913166493177414,0.25001826882362366,0.45658212900161743,-0.33021119236946106,0.7634366750717163,0.25741249322891235,0.4582238495349884,0.1874445378780365,0.19757212698459625,0.5889288783073425,0.4798732399940491,-0.20723335444927216,0.9991676211357117,0.5804451704025269,0.47606161236763,0.20765110850334167,0.9986101984977722,0.4100685715675354,0.5254883766174316,-0.21356889605522156,0.9715141654014587,0.412368506193161,0.5199178457260132,0.294485479593277,0.2390507012605667,0.4748632311820984,0.614041805267334,-0.0978255644440651,0.9757277965545654,0.4657396972179413,0.5978302955627441,0.5451585650444031,0.41912615299224854,0.5032998323440552,0.626615047454834,-0.08838702738285065,0.966546893119812,0.49167224764823914,0.6104704737663269,0.5699215531349182,0.5555106401443481,0.39409497380256653,0.623825192451477,-0.16572992503643036,0.9676604270935059,0.3966881036758423,0.610849916934967,0.5433475971221924,0.5715041756629944
724,squat,1,0.36293092370033264,0.34786391258239746,-0.061229441314935684,0.9996986985206604,0.37137994170188904,0.3410061001777649,-0.09924886375665665,0.9997498989105225,0.37407195568084717,0.3409251868724823,-0.09937041997909546,0.9997722506523132,0.37709152698516846,0.34082645177841187,-0.09944258630275726,0.999814510345459,0.37019795179367065,0.3407880365848541,-0.03406418487429619,0.9997779130935669,0.3718860149383545,0.3405607044696808,-0.03410336747765541,0.999782145023346,0.3738027811050415,0.34021610021591187,-0.034129805862903595,0.9998326897621155,0.39941009879112244,0.3438209891319275,-0.1914244443178177,0.9995752573013306,0.39705055952072144,0.34264034032821655,0.09838026016950607,0.9997840523719788,0.37292173504829407,0.355002760887146,-0.0923420786857605,0.999630868434906,0.3707052767276764,0.3546457588672638,-0.007443840615451336,0.9996389150619507,0.4310291111469269,0.38366928696632385,-0.36060425639152527,0.9998379349708557,0.4475363790988922,0.385685533285141,0.30379483103752136,0.9991581439971924,0.3976057767868042,0.44545766711235046,-0.42291316390037537,0.9799490571022034,0.4075939357280731,0.44297900795936584,0.39862972497940063,0.30285918712615967,0.2857557237148285,0.4570634663105011,-0.3423106372356415,0.8702967762947083,0.30725592374801636,0.4573422074317932,0.26607686281204224,0.21893642842769623,0.26231226325035095,0.46529996395111084,-0.4063625931739807,0.8169989585876465,0.283965528011322,0.4630032479763031,0.27669039368629456,0.2135971188545227,0.25433996319770813,0.4628613293170929,-0.37391379475593567,0.8075291514396667,0.2756270170211792,0.4619147777557373,0.21572759747505188,0.21815212070941925,0.2627570629119873,0.45977941155433655,-0.32799679040908813,0.7822173833847046,0.28314298391342163,0.45991089940071106,0.23501154780387878,0.22526369988918304,0.5854249596595764,0.4758627116680145,-0.21097059547901154,0.9991711974143982,0.5765376687049866,0.47171545028686523,0.2113795429468155,0.9985933899879456,0.41230282187461853,0.5254750847816467,-0.21650348603725433,0.9700210690498352,0.4149453938007355,0.5192633867263794,0.28844013810157776,0.2439797967672348,0.47485360503196716,0.613585352897644,-0.09736442565917969,0.9763303995132446,0.46600255370140076,0.5952760577201843,0.5404229760169983,0.41824403405189514,0.5032926797866821,0.6265687942504883,-0.08706001937389374,0.9674819111824036,0.4919641613960266,0.60999995470047,0.5645438432693481,0.5577800869941711,0.3952581584453583,0.6242458820343018,-0.16348646581172943,0.96817547082901,0.3976696729660034,0.6107627153396606,0.5435649752616882,0.573999285697937
725,squat,1,0.3659265339374542,0.340065598487854,-0.042844563722610474,0.9996867775917053,0.37508752942085266,0.3336102366447449,-0.08081892132759094,0.9997295141220093,0.37772026658058167,0.3336714506149292,-0.08093861490488052,0.9997521638870239,0.3807358741760254,0.3337198495864868,-0.08100055903196335,0.9998007416725159,0.373704731464386,0.333493709564209,-0.016003910452127457,0.9997648000717163,0.37520700693130493,0.3334493935108185,-0.016039518639445305,0.9997706413269043,0.3768741488456726,0.3333456516265869,-0.01607193797826767,0.9998251795768738,0.40216952562332153,0.33754149079322815,-0.17471793293952942,0.999550998210907,0.3997403383255005,0.33672475814819336,0.11508923023939133,0.9997761249542236,0.37570229172706604,0.3480325937271118,-0.07413239777088165,0.9996208548545837,0.37340742349624634,0.3477374017238617,0.010607381351292133,0.9996100068092346,0.4325006604194641,0.3774847090244293,-0.35635560750961304,0.9998489022254944,0.4561769664287567,0.3812628984451294,0.3255567252635956,0.9991942048072815,0.4061684012413025,0.4386990964412689,-0.4219854772090912,0.9806677103042603,0.41830193996429443,0.43933501839637756,0.42587023973464966,0.30191507935523987,0.2980150282382965,0.45882850885391235,-0.3602038621902466,0.8816019296646118,0.32525068521499634,0.46004417538642883,0.30015602707862854,0.246059387922287,0.2729025185108185,0.46789389848709106,-0.4250923693180084,0.8328018188476562,0.30324581265449524,0.4666954576969147,0.31343719363212585,0.2400512844324112,0.2649654746055603,0.46584707498550415,-0.38823604583740234,0.8240225315093994,0.2958970069885254,0.4664325714111328,0.25302672386169434,0.2453618198633194,0.27553609013557434,0.4624253809452057,-0.34424111247062683,0.7989689707756042,0.3031979203224182,0.4638972282409668,0.26981061697006226,0.2525028586387634,0.5806372165679932,0.47281399369239807,-0.21602129936218262,0.9992057085037231,0.5768977999687195,0.46901389956474304,0.21633188426494598,0.9986428022384644,0.41339871287345886,0.525137186050415,-0.21880416572093964,0.9695907831192017,0.41689085960388184,0.5188213586807251,0.27618536353111267,0.25045669078826904,0.47529083490371704,0.6132938861846924,-0.08560285717248917,0.9773117899894714,0.46611711382865906,0.5953773260116577,0.5242029428482056,0.42199844121932983,0.5032949447631836,0.6260647177696228,-0.07247216999530792,0.9688213467597961,0.49230602383613586,0.6104823350906372,0.5469287037849426,0.563857913017273,0.3954581320285797,0.6243758797645569,-0.13950207829475403,0.9691585302352905,0.39739689230918884,0.6108127236366272,0.5254865884780884,0.5798159241676331
726,squat,1,0.37079644203186035,0.3284836709499359,-0.03306875005364418,0.9996882081031799,0.3801709711551666,0.32125893235206604,-0.07264208793640137,0.9997202157974243,0.3828687071800232,0.3211710751056671,-0.07274379581212997,0.9997429251670837,0.3856862187385559,0.32103613018989563,-0.07277954369783401,0.9997946619987488,0.3789680302143097,0.3211734890937805,-0.005627944599837065,0.9997581243515015,0.380691260099411,0.32102563977241516,-0.005659876856952906,0.9997663497924805,0.3825743496417999,0.3207712769508362,-0.0057151298969984055,0.9998229146003723,0.4069628119468689,0.3245471119880676,-0.17325954139232635,0.9995435476303101,0.40504616498947144,0.3234202265739441,0.12421529740095139,0.9997686147689819,0.3807946741580963,0.33622074127197266,-0.06706132739782333,0.9996280074119568,0.3786650598049164,0.3360079526901245,0.020086506381630898,0.9995968341827393,0.4378170371055603,0.3645135760307312,-0.3567873239517212,0.9998612403869629,0.4616660475730896,0.3709811568260193,0.3350115716457367,0.9992285966873169,0.42346590757369995,0.4270626902580261,-0.4131891131401062,0.9818830490112305,0.43760883808135986,0.429605633020401,0.42558032274246216,0.2957368493080139,0.3272760212421417,0.4605362117290497,-0.32135260105133057,0.8922444581985474,0.358879953622818,0.4610450565814972,0.31324270367622375,0.2612794041633606,0.30623719096183777,0.47319772839546204,-0.3806435167789459,0.8474350571632385,0.34132054448127747,0.47076550126075745,0.3277287185192108,0.2536618113517761,0.2994536757469177,0.4720856845378876,-0.34590649604797363,0.8393314480781555,0.33210206031799316,0.47020670771598816,0.26798221468925476,0.25940802693367004,0.30818670988082886,0.4675465226173401,-0.304238498210907,0.8146734833717346,0.3382086157798767,0.46654263138771057,0.2835012376308441,0.26587656140327454,0.5751944184303284,0.4640669822692871,-0.21826395392417908,0.9992369413375854,0.572087287902832,0.4621317386627197,0.218508780002594,0.9986781477928162,0.417974054813385,0.5247628092765808,-0.21384389698505402,0.9693686962127686,0.4181762933731079,0.518456757068634,0.2602526843547821,0.26330330967903137,0.47549909353256226,0.61329585313797,-0.07378065586090088,0.9782900810241699,0.46607205271720886,0.5953940153121948,0.5132058262825012,0.43342918157577515,0.5032257437705994,0.6258586049079895,-0.06126394867897034,0.969667375087738,0.49180838465690613,0.6103745698928833,0.5338717699050903,0.572952151298523,0.39617615938186646,0.6248993277549744,-0.13431048393249512,0.9702532887458801,0.39665696024894714,0.610755980014801,0.513225793838501,0.5924258232116699
795,squat,1,0.33682018518447876,0.407747745513916,-0.10263518244028091,0.9998931884765625,0.3391840159893036,0.40020543336868286,-0.1394176036119461,0.9999406933784485,0.3416007161140442,0.3995690643787384,-0.13932393491268158,0.9999503493309021,0.344126433134079,0.39892786741256714,-0.13941547274589539,0.999959409236908,0.33751028776168823,0.40055954456329346,-0.08699748665094376,0.9999282956123352,0.3385661244392395,0.4002191424369812,-0.08700248599052429,0.9999168515205383,0.3396226167678833,0.39988964796066284,-0.08693456649780273,0.9999248385429382,0.3682883679866791,0.39747336506843567,-0.21269403398036957,0.9999167323112488,0.3628403842449188,0.3978252708911896,0.023436427116394043,0.9999111890792847,0.3510800004005432,0.41298824548721313,-0.12686146795749664,0.9998477697372437,0.34888237714767456,0.41368281841278076,-0.05828023701906204,0.9998496174812317,0.4170472323894501,0.43269047141075134,-0.32886430621147156,0.9999372959136963,0.43014729022979736,0.43141698837280273,0.21257665753364563,0.9992806911468506,0.2939903736114502,0.461921751499176,-0.2856123149394989,0.9826936721801758,0.31560373306274414,0.4604986906051636,0.34741783142089844,0.35588178038597107,0.28302162885665894,0.42459195852279663,0.025153132155537605,0.9046152234077454,0.2880433201789856,0.42806923389434814,0.3922617733478546,0.15416190028190613,0.27649861574172974,0.4153245985507965,0.01172354444861412,0.8606345653533936,0.28230875730514526,0.4193139672279358,0.41422396898269653,0.1291574388742447,0.2890445291996002,0.4136519134044647,0.0025252019986510277,0.8518519997596741,0.29202866554260254,0.4175783693790436,0.42061471939086914,0.12405189126729965,0.29537108540534973,0.4166979193687439,0.027202138677239418,0.8226845264434814,0.2970413565635681,0.4202754497528076,0.3922351896762848,0.12510181963443756,0.5991756916046143,0.5093190670013428,-0.1922655552625656,0.999751091003418,0.5884515047073364,0.5039002895355225,0.19254185259342194,0.9995408654212952,0.4149165451526642,0.5261508226394653,-0.2376135140657425,0.9795765280723572,0.42030569911003113,0.5227187275886536,0.27704909443855286,0.38639676570892334,0.48070409893989563,0.6122516393661499,-0.20526514947414398,0.9882415533065796,0.4650673568248749,0.5966432690620422,0.38908514380455017,0.5645474791526794,0.5058688521385193,0.6246680617332458,-0.20192642509937286,0.9826448559761047,0.4910113215446472,0.6091806292533875,0.39935314655303955,0.6632215976715088,0.39707159996032715,0.6223474144935608,-0.2547011971473694,0.9859780669212341,0.39674508571624756,0.6106633543968201,0.39117932319641113,0.70414137840271
796,squat,1,0.33692920207977295,0.4091082513332367,-0.09880959987640381,0.9998840093612671,0.3392987847328186,0.40162593126296997,-0.13590043783187866,0.9999386668205261,0.3417155146598816,0.40104231238365173,-0.13580180704593658,0.9999487400054932,0.3442419171333313,0.4004042446613312,-0.13589121401309967,0.9999580979347229,0.3375822901725769,0.4019540250301361,-0.0831218808889389,0.9999253153800964,0.3385995328426361,0.4016414284706116,-0.08312880247831345,0.9999129176139832,0.33961695432662964,0.4012957811355591,-0.08305978775024414,0.9999216198921204,0.36835142970085144,0.3990307152271271,-0.21052075922489166,0.9999134540557861,0.3626183271408081,0.399380087852478,0.02715570665895939,0.9999097585678101,0.35118386149406433,0.414548397064209,-0.12363733351230621,0.9998393058776855,0.34894993901252747,0.41504812240600586,-0.05459294095635414,0.9998468160629272,0.41705918312072754,0.43393486738204956,-0.32952433824539185,0.9999361634254456,0.43026968836784363,0.4326813817024231,0.21756091713905334,0.999288022518158,0.29503217339515686,0.4629858434200287,-0.28917837142944336,0.9822003245353699,0.31592753529548645,0.4618302881717682,0.3498392105102539,0.3511408865451813,0.2843950390815735,0.42623183131217957,0.026813309639692307,0.8953866958618164,0.28875911235809326,0.4281172454357147,0.385979562997818,0.14945872128009796,0.27812373638153076,0.41553422808647156,0.013891642913222313,0.8481487035751343,0.28358304500579834,0.41922008991241455,0.4068000614643097,0.12554293870925903,0.29129523038864136,0.4139392375946045,0.0052587129175662994,0.8390929102897644,0.29374873638153076,0.4174148738384247,0.41465193033218384,0.12066419422626495,0.297212690114975,0.41725954413414,0.029216738417744637,0.8098719120025635,0.2989249527454376,0.4202420711517334,0.3861735761165619,0.12177227437496185,0.5991029739379883,0.5099861025810242,-0.19410879909992218,0.9997596740722656,0.5893048644065857,0.504718542098999,0.19433963298797607,0.999560534954071,0.4147617816925049,0.5264597535133362,-0.23902548849582672,0.9784209728240967,0.4201821982860565,0.5232175588607788,0.27541670203208923,0.3721054494380951,0.48068058490753174,0.6126551032066345,-0.20093484222888947,0.9876028299331665,0.4650894105434418,0.596643328666687,0.37069398164749146,0.5489768385887146,0.5056301951408386,0.624614417552948,-0.1957847774028778,0.9818066358566284,0.4910203516483307,0.6091969013214111,0.3780497610569,0.6523231267929077,0.3971349895000458,0.6222537159919739,-0.2394421547651291,0.9850504994392395,0.3972996771335602,0.6106769442558289,0.36966243386268616,0.6894802451133728
797,squat,1,0.33699938654899597,0.41162189841270447,-0.09833832085132599,0.9998741149902344,0.33936840295791626,0.40425482392311096,-0.13594019412994385,0.9999362230300903,0.3417758345603943,0.4037175178527832,-0.1358429342508316,0.9999467134475708,0.3442896604537964,0.4031326472759247,-0.13593703508377075,0.9999566078186035,0.33764463663101196,0.4044867157936096,-0.08285532146692276,0.999921977519989,0.3386593461036682,0.4041304290294647,-0.08286617696285248,0.9999083280563354,0.3396804928779602,0.40373942255973816,-0.0827997699379921,0.9999179840087891,0.36823251843452454,0.40171176195144653,-0.21313652396202087,0.9999092221260071,0.36248865723609924,0.40188565850257874,0.026633188128471375,0.9999078512191772,0.35121482610702515,0.41695937514305115,-0.12422740459442139,0.9998303055763245,0.34896090626716614,0.417380154132843,-0.05467308685183525,0.999843180179596,0.4170783758163452,0.43630361557006836,-0.33167317509651184,0.9999350309371948,0.4304385483264923,0.43405550718307495,0.21651342511177063,0.9992915987968445,0.2954491078853607,0.4653899669647217,-0.28970032930374146,0.9815890789031982,0.3160575032234192,0.4637720584869385,0.35379475355148315,0.34599900245666504,0.2851712703704834,0.4289112091064453,0.027030454948544502,0.8860662579536438,0.28928354382514954,0.42992234230041504,0.390063613653183,0.1448979377746582,0.27900922298431396,0.4177402853965759,0.012810281477868557,0.8357880115509033,0.2844240963459015,0.42098405957221985,0.40913286805152893,0.12220091372728348,0.2923027276992798,0.41630059480667114,0.005047987215220928,0.8265740275382996,0.2947387099266052,0.41911453008651733,0.4163178503513336,0.11756999790668488,0.2982901334762573,0.41955024003982544,0.02942804805934429,0.7971921563148499,0.2999931871891022,0.42187339067459106,0.38984912633895874,0.118767648935318,0.5990461111068726,0.5116562843322754,-0.19544418156147003,0.9997676610946655,0.5893595814704895,0.5055919289588928,0.19564495980739594,0.9995760321617126,0.4136867821216583,0.5269320607185364,-0.23872452974319458,0.9771037697792053,0.41883522272109985,0.5233674049377441,0.2901735007762909,0.35661184787750244,0.48067212104797363,0.613323986530304,-0.19287174940109253,0.9868999719619751,0.46499085426330566,0.5962246656417847,0.40608346462249756,0.53191077709198,0.505571186542511,0.6246405243873596,-0.18687957525253296,0.9808699488639832,0.4908446967601776,0.6081830263137817,0.4161926507949829,0.640634298324585,0.3969314396381378,0.6223154664039612,-0.22854432463645935,0.984018087387085,0.3973822593688965,0.6106483936309814,0.4102492034435272,0.6737223267555237
798,squat,1,0.3366912603378296,0.4144727885723114,-0.10272739082574844,0.9998653531074524,0.3391208350658417,0.4071201682090759,-0.14048990607261658,0.9999339580535889,0.34145063161849976,0.4066118597984314,-0.14039643108844757,0.9999449253082275,0.3438745141029358,0.4060911238193512,-0.14049361646175385,0.9999552369117737,0.33747759461402893,0.4072624444961548,-0.08760713785886765,0.9999187588691711,0.338520348072052,0.406842976808548,-0.08762036263942719,0.9999037981033325,0.3395705819129944,0.4063981771469116,-0.08755812793970108,0.9999142289161682,0.36744341254234314,0.40471819043159485,-0.21864737570285797,0.9999057054519653,0.36193662881851196,0.4047156870365143,0.020305868238210678,0.9999058842658997,0.3505989611148834,0.4196285903453827,-0.12903690338134766,0.999823272228241,0.34845414757728577,0.4201014041900635,-0.05969886854290962,0.9998395442962646,0.4171714186668396,0.43861931562423706,-0.33426839113235474,0.9999333620071411,0.43053460121154785,0.43635809421539307,0.20543526113033295,0.9992860555648804,0.29579511284828186,0.4675980806350708,-0.290492445230484,0.9808670282363892,0.3153093159198761,0.46591952443122864,0.3459530174732208,0.34149909019470215,0.28583356738090515,0.43111830949783325,0.02274167165160179,0.876777172088623,0.2895832657814026,0.43169164657592773,0.3917442560195923,0.14005355536937714,0.27971819043159485,0.4196701645851135,0.006792156957089901,0.8240222930908203,0.284832626581192,0.42254316806793213,0.4112544059753418,0.1184585690498352,0.29332712292671204,0.4183453321456909,-0.0015122595941647887,0.814752459526062,0.2953181564807892,0.42088478803634644,0.41808798909187317,0.11404509842395782,0.2994646728038788,0.42163801193237305,0.02456190623342991,0.7852909564971924,0.3006751239299774,0.4237079918384552,0.3917633295059204,0.11534614115953445,0.5991128087043762,0.5138775706291199,-0.19534353911876678,0.9997730255126953,0.589393675327301,0.5073760747909546,0.19554215669631958,0.9995859265327454,0.4133881628513336,0.5273073315620422,-0.23112444579601288,0.97573322057724,0.41778239607810974,0.5235915780067444,0.30577006936073303,0.3425205647945404,0.48096415400505066,0.6141231656074524,-0.18178798258304596,0.9861324429512024,0.4648568630218506,0.5960468053817749,0.4396999776363373,0.5154475569725037,0.5056615471839905,0.6247057318687439,-0.17602726817131042,0.9798278212547302,0.4905627965927124,0.6075357794761658,0.45196330547332764,0.6287063956260681,0.39643755555152893,0.6226298809051514,-0.2217160165309906,0.9829094409942627,0.3971826732158661,0.610781192779541,0.4471336603164673,0.6582421064376831
799,squat,1,0.33651700615882874,0.4170399010181427,-0.10075195878744125,0.9998571276664734,0.33888182044029236,0.40967845916748047,-0.13840311765670776,0.9999314546585083,0.3411605954170227,0.4091741144657135,-0.1383063644170761,0.9999428391456604,0.3435306251049042,0.40865960717201233,-0.13839949667453766,0.9999536871910095,0.33728012442588806,0.4098338484764099,-0.08553141355514526,0.9999157786369324,0.3383365571498871,0.40942448377609253,-0.08554466813802719,0.9998998641967773,0.33940237760543823,0.4089934229850769,-0.08548179268836975,0.9999111890792847,0.36692896485328674,0.40726056694984436,-0.21597324311733246,0.9999012351036072,0.36152002215385437,0.4071958661079407,0.021822145208716393,0.9999043941497803,0.35027948021888733,0.42218127846717834,-0.12680114805698395,0.9998137354850769,0.3481767177581787,0.4226638376712799,-0.05761492997407913,0.9998359084129333,0.41718900203704834,0.4409335255622864,-0.33194026350975037,0.9999303817749023,0.43076714873313904,0.43849948048591614,0.20613598823547363,0.9992870688438416,0.2958061993122101,0.4702775180339813,-0.2842295169830322,0.9798083901405334,0.31550776958465576,0.46850475668907166,0.34829336404800415,0.3384484350681305,0.2862028181552887,0.43376079201698303,0.026012353599071503,0.8675016164779663,0.29017895460128784,0.4344303607940674,0.3944661021232605,0.13679859042167664,0.2800428569316864,0.421958327293396,0.008556786924600601,0.8125272393226624,0.2852756977081299,0.42503535747528076,0.41543132066726685,0.11611215770244598,0.29362568259239197,0.42067867517471313,0.00017699741874821484,0.8030617833137512,0.29569387435913086,0.423370361328125,0.4219147861003876,0.11184767633676529,0.29979750514030457,0.42404142022132874,0.027071820572018623,0.773820161819458,0.3011595606803894,0.4262514114379883,0.3937467932701111,0.11315680295228958,0.5991407036781311,0.515862226486206,-0.19446997344493866,0.99977707862854,0.5900782346725464,0.5092884302139282,0.19464239478111267,0.9995973110198975,0.412802517414093,0.5275327563285828,-0.2294488251209259,0.9743194580078125,0.4173894226551056,0.5237864851951599,0.2964533269405365,0.32787272334098816,0.4799692928791046,0.6141112446784973,-0.17390909790992737,0.9851030707359314,0.4647986590862274,0.59614098072052,0.41908302903175354,0.49811986088752747,0.5053791403770447,0.6250013709068298,-0.167141392827034,0.9785206913948059,0.4902248680591583,0.6075639724731445,0.4300288259983063,0.6155760884284973,0.3950631022453308,0.6226471066474915,-0.20632806420326233,0.9814823865890503,0.396555632352829,0.610834002494812,0.4237465560436249,0.6413213610649109
800,squat,1,0.3349827826023102,0.4209502041339874,-0.09385253489017487,0.9998555779457092,0.3375645577907562,0.41355034708976746,-0.13263729214668274,0.9999313950538635,0.33985376358032227,0.4129922389984131,-0.13253234326839447,0.9999431371688843,0.3422030210494995,0.4124625623226166,-0.13262824714183807,0.9999536871910095,0.33611974120140076,0.4136662781238556,-0.08001096546649933,0.9999155402183533,0.33727630972862244,0.4132208228111267,-0.08004555851221085,0.9999000430107117,0.33839404582977295,0.41277942061424255,-0.07999593764543533,0.9999110698699951,0.3658308684825897,0.4111328125,-0.21531882882118225,0.9999008774757385,0.3602825701236725,0.41132619976997375,0.022136857733130455,0.9999053478240967,0.3483339548110962,0.4260494112968445,-0.12170568853616714,0.9998108148574829,0.34649693965911865,0.4263404309749603,-0.052715327590703964,0.9998365640640259,0.41638433933258057,0.44505971670150757,-0.3270566165447235,0.9999286532402039,0.42991477251052856,0.4420218765735626,0.20879164338111877,0.9992882013320923,0.2958137094974518,0.47545453906059265,-0.2779698073863983,0.9786219000816345,0.3154296278953552,0.47226622700691223,0.3507045805454254,0.3324320316314697,0.2864251136779785,0.438071608543396,0.024803051725029945,0.8626171946525574,0.29044046998023987,0.43863165378570557,0.4180588126182556,0.13358061015605927,0.28028249740600586,0.4272406995296478,0.007782714441418648,0.8069093823432922,0.28525614738464355,0.42911824584007263,0.4405536651611328,0.11426843702793121,0.29375773668289185,0.4259452223777771,-0.0014026232529431581,0.7972835302352905,0.29564735293388367,0.42776915431022644,0.4467901587486267,0.11016809195280075,0.2999761402606964,0.4292328953742981,0.025595854967832565,0.768204927444458,0.3011070191860199,0.4310339093208313,0.41846802830696106,0.1115843877196312,0.5991103649139404,0.5180308818817139,-0.1944621056318283,0.9997773766517639,0.5933535099029541,0.5131710171699524,0.19463154673576355,0.9996058344841003,0.4126339256763458,0.5274751782417297,-0.23113331198692322,0.9732842445373535,0.41716518998146057,0.5241804718971252,0.2918112277984619,0.31278514862060547,0.47624653577804565,0.6140114665031433,-0.17456461489200592,0.9836549758911133,0.46450796723365784,0.5969424843788147,0.4097914397716522,0.480090469121933,0.5045503377914429,0.6254561543464661,-0.16692909598350525,0.9767346978187561,0.4899653196334839,0.6089372038841248,0.420293927192688,0.6017372608184814,0.39459946751594543,0.6231074929237366,-0.20306073129177094,0.979590654373169,0.3964228928089142,0.6118488907814026,0.4119621515274048,0.6239132285118103
801,squat,1,0.3346669375896454,0.42508387565612793,-0.09662584960460663,0.9998506903648376,0.3372153639793396,0.4177429974079132,-0.13447321951389313,0.9999299049377441,0.3395124077796936,0.4171789884567261,-0.13437309861183167,0.9999420642852783,0.3418547511100769,0.41664621233940125,-0.13446836173534393,0.9999526143074036,0.33571743965148926,0.4179050922393799,-0.0824090763926506,0.9999139904975891,0.3368479609489441,0.41748398542404175,-0.08245156705379486,0.9998986721038818,0.33790385723114014,0.4170670211315155,-0.08240998536348343,0.9999099969863892,0.3654297888278961,0.415065199136734,-0.21475329995155334,0.9998973608016968,0.3595854938030243,0.41540899872779846,0.020936116576194763,0.9999053478240967,0.34809091687202454,0.43008148670196533,-0.12386644631624222,0.9998030066490173,0.34616947174072266,0.4304390847682953,-0.05552210658788681,0.9998353123664856,0.4159948527812958,0.44862011075019836,-0.32222333550453186,0.9999244213104248,0.4299944043159485,0.44496485590934753,0.19920854270458221,0.9992806911468506,0.29584911465644836,0.47874006628990173,-0.2774401605129242,0.977100133895874,0.3154710829257965,0.47552627325057983,0.33676984906196594,0.3300999402999878,0.28642240166664124,0.4412882328033447,0.008752167224884033,0.8580435514450073,0.29070428013801575,0.4413906931877136,0.40128621459007263,0.13275714218616486,0.2801404595375061,0.43074876070022583,-0.010722861625254154,0.8018703460693359,0.2852169871330261,0.4326622784137726,0.42016851902008057,0.11413057893514633,0.2937191128730774,0.42954695224761963,-0.01999264396727085,0.7918148040771484,0.29560577869415283,0.4312823712825775,0.4279658794403076,0.10998736321926117,0.2999149262905121,0.4327714741230011,0.008562994189560413,0.7629884481430054,0.3010621666908264,0.43450215458869934,0.402360737323761,0.11150412261486053,0.5985440611839294,0.520545482635498,-0.1922977864742279,0.9997780919075012,0.596269428730011,0.5158615112304688,0.1924515962600708,0.9996092915534973,0.4118843376636505,0.5275756120681763,-0.23183421790599823,0.9721197485923767,0.41620010137557983,0.5243574976921082,0.286416232585907,0.2980135679244995,0.4757087230682373,0.614338219165802,-0.1801445037126541,0.982336163520813,0.4645138084888458,0.5979828834533691,0.4052014648914337,0.461432546377182,0.5045281052589417,0.6267721652984619,-0.17337025701999664,0.9751973748207092,0.48996761441230774,0.6103633642196655,0.4156162142753601,0.587440550327301,0.39479395747184753,0.6231839060783386,-0.21260927617549896,0.977840006351471,0.39642682671546936,0.611996591091156,0.406897634267807,0.6060087084770203
802,squat,1,0.33473336696624756,0.4255003035068512,-0.09877665340900421,0.9998443722724915,0.33727455139160156,0.4180997610092163,-0.13689221441745758,0.9999275803565979,0.339573472738266,0.4175839424133301,-0.1367984265089035,0.9999401569366455,0.34191998839378357,0.4170284569263458,-0.1368923932313919,0.999950647354126,0.335766464471817,0.41826337575912476,-0.08465644717216492,0.9999114871025085,0.3368820548057556,0.41788122057914734,-0.08469326794147491,0.9998966455459595,0.337930291891098,0.4174812138080597,-0.0846485048532486,0.9999080300331116,0.3654899299144745,0.4158478081226349,-0.21639980375766754,0.9998937845230103,0.35949262976646423,0.4158730208873749,0.019722137600183487,0.9999046921730042,0.3481655418872833,0.4307382106781006,-0.12601354718208313,0.9997991919517517,0.3462478518486023,0.430780291557312,-0.057509895414114,0.9998372793197632,0.41756513714790344,0.4482477903366089,-0.3251531422138214,0.9999234676361084,0.43016237020492554,0.4467509984970093,0.19906333088874817,0.9993017911911011,0.2966769337654114,0.47859159111976624,-0.2924245595932007,0.9772313833236694,0.3154938817024231,0.4770629405975342,0.31160515546798706,0.33432814478874207,0.2874995470046997,0.441819429397583,-0.009327203966677189,0.8548502922058105,0.29107820987701416,0.44350919127464294,0.33210110664367676,0.1322682499885559,0.2807527184486389,0.4303876459598541,-0.0266786627471447,0.7968208193778992,0.28582102060317993,0.43446406722068787,0.34825801849365234,0.11339321732521057,0.2944274842739105,0.42917051911354065,-0.0339474231004715,0.7863378524780273,0.29611676931381226,0.4329286813735962,0.3601870834827423,0.10930611193180084,0.3005260229110718,0.43267881870269775,-0.00820512231439352,0.7579792141914368,0.3014219403266907,0.43571293354034424,0.333687424659729,0.1110411062836647,0.5989994406700134,0.521077573299408,-0.19211836159229279,0.9997837543487549,0.5967848896980286,0.5164507627487183,0.192262202501297,0.9996224045753479,0.4116044342517853,0.5277207493782043,-0.2348063588142395,0.9710816144943237,0.4148220121860504,0.5245518684387207,0.27706626057624817,0.2852329909801483,0.4744516611099243,0.6141988039016724,-0.17289739847183228,0.9800244569778442,0.46428608894348145,0.598635196685791,0.37026622891426086,0.4432016909122467,0.5044565200805664,0.6273518800735474,-0.1645616739988327,0.9724113345146179,0.48964565992355347,0.6108924746513367,0.37742528319358826,0.5723057389259338,0.3947983980178833,0.6233772039413452,-0.19625268876552582,0.9751591086387634,0.39577463269233704,0.6119909882545471,0.3672775328159332,0.5879706144332886
803,squat,1,0.3347572982311249,0.4265238344669342,-0.10540387034416199,0.9998443722724915,0.33731141686439514,0.41913512349128723,-0.14380989968776703,0.9999282360076904,0.33961647748947144,0.4186064898967743,-0.14372333884239197,0.9999409317970276,0.3419738709926605,0.41803452372550964,-0.14382553100585938,0.9999508857727051,0.33576416969299316,0.41931796073913574,-0.09109596163034439,0.999912440776825,0.3368419110774994,0.418919175863266,-0.0911354124546051,0.9998984336853027,0.33787280321121216,0.4185025691986084,-0.09107621759176254,0.9999092221260071,0.36553680896759033,0.41695329546928406,-0.22329583764076233,0.9998956322669983,0.35947418212890625,0.41691306233406067,0.014796272851526737,0.9999071955680847,0.3482360541820526,0.43185365200042725,-0.13247182965278625,0.9998025894165039,0.34629714488983154,0.4318889081478119,-0.06336358934640884,0.9998429417610168,0.41771402955055237,0.4498283565044403,-0.3318013846874237,0.999923825263977,0.43038877844810486,0.44769519567489624,0.19561266899108887,0.9993283748626709,0.2965197265148163,0.4800066351890564,-0.29203367233276367,0.9773913621902466,0.3154684603214264,0.47833451628685,0.2994668483734131,0.3378342390060425,0.287473201751709,0.44422388076782227,-0.001787245855666697,0.8493605852127075,0.29108667373657227,0.4453788101673126,0.304703027009964,0.13124607503414154,0.28074169158935547,0.4324013292789459,-0.01776544377207756,0.7886490225791931,0.2858040928840637,0.4360073208808899,0.319595605134964,0.11265493184328079,0.2943912446498871,0.431151807308197,-0.025955520570278168,0.7778649926185608,0.2960866689682007,0.43439990282058716,0.32959461212158203,0.10869413614273071,0.30050405859947205,0.4348486363887787,-0.0005863055703230202,0.7500330209732056,0.3014114499092102,0.43719393014907837,0.3053942620754242,0.11062788963317871,0.5992226600646973,0.5218557119369507,-0.19213716685771942,0.9997892379760742,0.5988599061965942,0.5173287987709045,0.19228443503379822,0.9996361136436462,0.41131553053855896,0.5276939272880554,-0.23395207524299622,0.9701067209243774,0.414887398481369,0.5244832634925842,0.28744715452194214,0.27405938506126404,0.47371166944503784,0.6139869093894958,-0.1517365723848343,0.9774917960166931,0.46449005603790283,0.5986111760139465,0.4018150568008423,0.4276398718357086,0.5044568181037903,0.6273841261863708,-0.1417960524559021,0.9693251252174377,0.48987624049186707,0.6108628511428833,0.4117741882801056,0.5595609545707703,0.39545559883117676,0.6234260201454163,-0.16872753202915192,0.9721792936325073,0.39592093229293823,0.6118869185447693,0.4098767936229706,0.5728666186332703
804,squat,1,0.334788054227829,0.42878690361976624,-0.10528743267059326,0.999842643737793,0.33717554807662964,0.4213809370994568,-0.14347662031650543,0.9999280571937561,0.3394472301006317,0.42084166407585144,-0.14338871836662292,0.9999408721923828,0.3418223559856415,0.4202287495136261,-0.14348964393138885,0.9999504685401917,0.3356270492076874,0.42157652974128723,-0.0908028781414032,0.9999125599861145,0.3366522789001465,0.42118221521377563,-0.09084176272153854,0.9998993277549744,0.33765584230422974,0.4207603633403778,-0.09078304469585419,0.9999096393585205,0.36521726846694946,0.4187295734882355,-0.22225047647953033,0.9998959302902222,0.3589229881763458,0.418773889541626,0.015565209090709686,0.9999087452888489,0.3482973277568817,0.43393605947494507,-0.13217443227767944,0.9998030066490173,0.3463423252105713,0.43409618735313416,-0.06314520537853241,0.9998471140861511,0.4184662103652954,0.45138421654701233,-0.3319014310836792,0.999923825263977,0.43044114112854004,0.44929030537605286,0.1971179097890854,0.9993519186973572,0.2969439923763275,0.48205024003982544,-0.29477378726005554,0.9775113463401794,0.3155151903629303,0.48022085428237915,0.3032841682434082,0.34168532490730286,0.2876882553100586,0.4456157684326172,-0.001885871635749936,0.8454062938690186,0.29137301445007324,0.44614601135253906,0.31726059317588806,0.13032567501068115,0.28071829676628113,0.4340572655200958,-0.01787634938955307,0.7825313210487366,0.28586599230766296,0.43686041235923767,0.332989364862442,0.111665740609169,0.2944127321243286,0.43257829546928406,-0.025630831718444824,0.7713114619255066,0.29608288407325745,0.43541428446769714,0.34502363204956055,0.10777009278535843,0.30055153369903564,0.4362232983112335,-0.0005034172791056335,0.743976354598999,0.30151206254959106,0.43810319900512695,0.31881389021873474,0.10991691052913666,0.5998335480690002,0.5232086777687073,-0.19218334555625916,0.9997952580451965,0.5995633006095886,0.5186631679534912,0.1923341602087021,0.9996507167816162,0.41138309240341187,0.5279514193534851,-0.23426584899425507,0.9689854383468628,0.41496533155441284,0.5245455503463745,0.28336966037750244,0.26385337114334106,0.4734093248844147,0.6136310696601868,-0.15073910355567932,0.9746198058128357,0.4647136926651001,0.598552942276001,0.3846854567527771,0.4122575521469116,0.504457950592041,0.6273547410964966,-0.1407870501279831,0.9659554958343506,0.4903271794319153,0.6108365654945374,0.3928143084049225,0.5468405485153198,0.39596083760261536,0.623769223690033,-0.16829092800617218,0.9689450263977051,0.3960603177547455,0.6118817329406738,0.38773295283317566,0.5576778650283813
805,squat,1,0.33447328209877014,0.4287184178829193,-0.10525961965322495,0.9998458623886108,0.33689579367637634,0.42140519618988037,-0.14338456094264984,0.9999300241470337,0.3391771912574768,0.4208656847476959,-0.1432926058769226,0.9999424815177917,0.34158292412757874,0.42033347487449646,-0.14339004456996918,0.9999516010284424,0.33527347445487976,0.42153382301330566,-0.0906607061624527,0.9999154806137085,0.3362824320793152,0.42106589674949646,-0.09070275723934174,0.9999030232429504,0.3373076617717743,0.4205976724624634,-0.09064377844333649,0.9999127984046936,0.3647158145904541,0.4193190634250641,-0.22235876321792603,0.9998990893363953,0.3585248589515686,0.41913631558418274,0.01549440436065197,0.9999123811721802,0.34813791513442993,0.43405506014823914,-0.1323574334383011,0.9998086094856262,0.34602096676826477,0.4339750111103058,-0.06334079056978226,0.9998542070388794,0.4184838831424713,0.452999085187912,-0.3320358693599701,0.9999243021011353,0.4304800033569336,0.44999271631240845,0.19702666997909546,0.9993754625320435,0.2957495152950287,0.4828132390975952,-0.2935507297515869,0.9772841930389404,0.3128839433193207,0.4803485572338104,0.2923218309879303,0.3409544825553894,0.2876940071582794,0.4470902681350708,0.001122749294154346,0.8375059962272644,0.2913358807563782,0.44688403606414795,0.2895765006542206,0.12743288278579712,0.2809755206108093,0.43485134840011597,-0.014774734154343605,0.7722101211547852,0.28585734963417053,0.4369378387928009,0.3028646409511566,0.10932415723800659,0.2945510447025299,0.4336872696876526,-0.02245265617966652,0.760501503944397,0.29607847332954407,0.4352741241455078,0.3169156610965729,0.10547063499689102,0.3007853627204895,0.4372032582759857,0.0026909057050943375,0.7337486147880554,0.3015138804912567,0.4382416605949402,0.2916875183582306,0.10774501413106918,0.6003478169441223,0.5232911705970764,-0.19235564768314362,0.999803364276886,0.6002106666564941,0.5187966823577881,0.1924913078546524,0.9996655583381653,0.41143450140953064,0.5280969142913818,-0.23737908899784088,0.968513011932373,0.4150010049343109,0.5245569348335266,0.3004840314388275,0.25287744402885437,0.47352173924446106,0.6136254072189331,-0.15757425129413605,0.9728372097015381,0.46491241455078125,0.5985036492347717,0.41761887073516846,0.3982837200164795,0.5050941705703735,0.6276559829711914,-0.14934086799621582,0.9638027548789978,0.4904721677303314,0.610821545124054,0.42727816104888916,0.53507399559021,0.39554667472839355,0.6241910457611084,-0.18324187397956848,0.966800332069397,0.39459702372550964,0.611873984336853,0.41911599040031433,0.5435580611228943
806,squat,1,0.334273099899292,0.42873406410217285,-0.11183042824268341,0.999849796295166,0.3368050456047058,0.42123183608055115,-0.14934878051280975,0.9999321103096008,0.33905935287475586,0.4207071363925934,-0.14925646781921387,0.9999440908432007,0.3414441645145416,0.42021867632865906,-0.14935044944286346,0.9999527335166931,0.3351941704750061,0.42134028673171997,-0.09663403034210205,0.9999188184738159,0.3362073302268982,0.42086708545684814,-0.0966782197356224,0.9999070763587952,0.3372451663017273,0.4203931391239166,-0.0966210886836052,0.9999164342880249,0.3643231987953186,0.41950592398643494,-0.22552020847797394,0.999902069568634,0.3584270775318146,0.41919755935668945,0.011920114047825336,0.9999165534973145,0.34793582558631897,0.43430736660957336,-0.1379355639219284,0.9998146295547485,0.3457696735858917,0.4340371787548065,-0.06906115263700485,0.9998618364334106,0.4187541902065277,0.453686386346817,-0.3342517614364624,0.9999247789382935,0.4310416877269745,0.4505503475666046,0.19534535706043243,0.999406099319458,0.29535236954689026,0.48259976506233215,-0.2999517321586609,0.9775365591049194,0.31298714876174927,0.48019739985466003,0.2724626958370209,0.3473539650440216,0.287492960691452,0.446111798286438,-0.009822380729019642,0.8336269855499268,0.29177355766296387,0.4457399845123291,0.2602666914463043,0.1274263560771942,0.2810719907283783,0.43453606963157654,-0.02670539915561676,0.7665339112281799,0.2866283655166626,0.43610239028930664,0.2719014883041382,0.1085369735956192,0.2947257459163666,0.4334397315979004,-0.03360103815793991,0.7542293071746826,0.29777052998542786,0.4343183934688568,0.2909148037433624,0.10449643433094025,0.30094584822654724,0.43681320548057556,-0.008100252598524094,0.728078305721283,0.30264049768447876,0.4375849962234497,0.26398980617523193,0.10695677995681763,0.6008586287498474,0.5234455466270447,-0.19238121807575226,0.9998127222061157,0.6013348698616028,0.5187717080116272,0.19252151250839233,0.9996827244758606,0.41146713495254517,0.528104305267334,-0.23508059978485107,0.968201220035553,0.4155353009700775,0.5245310068130493,0.3161461055278778,0.24367207288742065,0.47354504466056824,0.6136163473129272,-0.15832310914993286,0.971404492855072,0.4662976562976837,0.5984870195388794,0.4491722881793976,0.3871387243270874,0.505579948425293,0.6276136636734009,-0.15002775192260742,0.9622041583061218,0.4922685921192169,0.6108132004737854,0.46059662103652954,0.52590012550354,0.3956981897354126,0.6241908073425293,-0.18640346825122833,0.9652228355407715,0.39471378922462463,0.611748456954956,0.45202261209487915,0.5325466394424438
807,squat,1,0.3341393768787384,0.4288952648639679,-0.13466696441173553,0.9998572468757629,0.33679693937301636,0.42101728916168213,-0.17186038196086884,0.9999358654022217,0.3390725553035736,0.42039045691490173,-0.17176496982574463,0.999947190284729,0.3414579927921295,0.41979947686195374,-0.17186075448989868,0.9999551773071289,0.3348101079463959,0.4214325249195099,-0.11918818950653076,0.9999237060546875,0.33557072281837463,0.4210682213306427,-0.11924482882022858,0.9999129772186279,0.336297869682312,0.420670747756958,-0.11917643249034882,0.9999215602874756,0.36425402760505676,0.4191918671131134,-0.24428445100784302,0.9999076128005981,0.357450395822525,0.4192073941230774,-0.007606955710798502,0.999921977519989,0.3478524088859558,0.4345364570617676,-0.15922416746616364,0.9998245239257812,0.3449963331222534,0.4342712461948395,-0.0905432403087616,0.9998709559440613,0.4187560975551605,0.4536958336830139,-0.3509049713611603,0.9999262094497681,0.4300871789455414,0.45040276646614075,0.17699989676475525,0.9994385838508606,0.2952677607536316,0.4828786253929138,-0.30847030878067017,0.9777781963348389,0.31274381279945374,0.4799407720565796,0.24950702488422394,0.3496701419353485,0.2873813509941101,0.4467868506908417,-0.006985862739384174,0.8295512199401855,0.29190394282341003,0.44624966382980347,0.23111020028591156,0.12638702988624573,0.28100472688674927,0.4355669319629669,-0.023546291515231133,0.7606472373008728,0.2866118848323822,0.4368034899234772,0.24279150366783142,0.10762598365545273,0.2945612072944641,0.4343298375606537,-0.03153263032436371,0.7480208277702332,0.2977583706378937,0.43498051166534424,0.2588872015476227,0.10347508639097214,0.3008701801300049,0.43761903047561646,-0.005411524325609207,0.7224207520484924,0.3027864694595337,0.4382178783416748,0.23418168723583221,0.10606895387172699,0.6016049981117249,0.5234867334365845,-0.19225455820560455,0.9998204708099365,0.6009772419929504,0.5181794166564941,0.19239836931228638,0.9996969103813171,0.4115017056465149,0.528104305267334,-0.23143163323402405,0.9679102897644043,0.41562560200691223,0.5240400433540344,0.31161266565322876,0.23698309063911438,0.4741109609603882,0.613792896270752,-0.15987199544906616,0.9705306887626648,0.46648040413856506,0.5979685187339783,0.4409158527851105,0.37832340598106384,0.5063601732254028,0.6280201077461243,-0.15216177701950073,0.9609915018081665,0.4922795593738556,0.6102003455162048,0.45181992650032043,0.5179352760314941,0.39588165283203125,0.6244800686836243,-0.18959343433380127,0.9641377925872803,0.39473849534988403,0.6116875410079956,0.4438239336013794,0.5229988694190979
808,squat,1,0.333523154258728,0.42771875858306885,-0.14242388308048248,0.9998656511306763,0.33658772706985474,0.41975513100624084,-0.17967289686203003,0.9999398589134216,0.33898842334747314,0.4191925525665283,-0.17957982420921326,0.9999504089355469,0.3414498269557953,0.4186355769634247,-0.17968186736106873,0.999957799911499,0.3339117467403412,0.42010223865509033,-0.12672871351242065,0.999928891658783,0.33436891436576843,0.419760137796402,-0.126777783036232,0.999919056892395,0.33482441306114197,0.4193870723247528,-0.12669400870800018,0.9999268651008606,0.3641088306903839,0.41802293062210083,-0.2505188286304474,0.9999134540557861,0.3566735088825226,0.4180005192756653,-0.01321994699537754,0.9999274015426636,0.34703686833381653,0.4334460198879242,-0.1662275493144989,0.999835193157196,0.3433758318424225,0.43331220746040344,-0.0973871722817421,0.9998802542686462,0.4184868335723877,0.4527547061443329,-0.36192989349365234,0.999927818775177,0.42828816175460815,0.44956228137016296,0.17546235024929047,0.999471127986908,0.29518091678619385,0.4824565649032593,-0.3148561120033264,0.9782769083976746,0.31247398257255554,0.47941258549690247,0.24334093928337097,0.3483491837978363,0.2865239977836609,0.44561558961868286,-0.0038381065241992474,0.8259393572807312,0.2921253740787506,0.44520628452301025,0.21606743335723877,0.12362609803676605,0.28058844804763794,0.4347831904888153,-0.01997695490717888,0.7551736235618591,0.28660255670547485,0.4360077679157257,0.22748833894729614,0.10518629848957062,0.2942071855068207,0.4334445595741272,-0.028016582131385803,0.7422419190406799,0.29801276326179504,0.4340903162956238,0.2454216629266739,0.10093304514884949,0.3006744086742401,0.43675875663757324,-0.00216037780046463,0.7170055508613586,0.3039674758911133,0.4371653199195862,0.2197098582983017,0.10361985117197037,0.6023200750350952,0.5231021642684937,-0.1922769993543625,0.9998273849487305,0.6005792021751404,0.5175385475158691,0.19242313504219055,0.9997100830078125,0.41160592436790466,0.5280892252922058,-0.2237946093082428,0.9678612947463989,0.41569679975509644,0.5237809419631958,0.315573513507843,0.23212216794490814,0.47454601526260376,0.6141358017921448,-0.15326179563999176,0.9698814749717712,0.4665709435939789,0.5977763533592224,0.44949090480804443,0.3715364933013916,0.5070541501045227,0.6282947063446045,-0.14566613733768463,0.9599375128746033,0.49224501848220825,0.6099047064781189,0.46084901690483093,0.5113095045089722,0.3959817588329315,0.6247647404670715,-0.18455833196640015,0.9633403420448303,0.39465129375457764,0.6116757392883301,0.4540705680847168,0.5147558450698853
809,squat,1,0.3335385322570801,0.4269712567329407,-0.13583701848983765,0.9998711347579956,0.33670955896377563,0.41900354623794556,-0.17313367128372192,0.999942421913147,0.33912914991378784,0.41844895482063293,-0.17304345965385437,0.9999524354934692,0.3416343033313751,0.41789478063583374,-0.17314322292804718,0.9999593496322632,0.33397775888442993,0.4193190336227417,-0.12039445340633392,0.9999326467514038,0.33441224694252014,0.4189664125442505,-0.12043745070695877,0.9999235272407532,0.3348535895347595,0.41858598589897156,-0.12035704404115677,0.999930739402771,0.3641986548900604,0.41719016432762146,-0.2445099651813507,0.9999172687530518,0.35704290866851807,0.4171820282936096,-0.007883476093411446,0.9999313354492188,0.3470379412174225,0.43265438079833984,-0.1598294973373413,0.9998427629470825,0.34339818358421326,0.4326125681400299,-0.09121744334697723,0.9998876452445984,0.4186318814754486,0.4517594277858734,-0.35871097445487976,0.9999291896820068,0.4275159537792206,0.44912779331207275,0.18043076992034912,0.9995030164718628,0.2946659326553345,0.48215121030807495,-0.31518039107322693,0.9789559841156006,0.31213054060935974,0.47927528619766235,0.23062093555927277,0.35345458984375,0.2861863076686859,0.44527947902679443,-0.002465527970343828,0.8250080347061157,0.29235684871673584,0.44497212767601013,0.17212946712970734,0.12418877333402634,0.28027868270874023,0.4344933331012726,-0.018068822100758553,0.7528888583183289,0.2864614427089691,0.4359513521194458,0.18082883954048157,0.10509911924600601,0.29399555921554565,0.43317487835884094,-0.026077426970005035,0.7396855354309082,0.29797759652137756,0.4340207874774933,0.199896901845932,0.1006014421582222,0.30065256357192993,0.43645626306533813,-0.000490982667542994,0.7147752046585083,0.3042135536670685,0.4369245767593384,0.17535416781902313,0.10333611071109772,0.6030929088592529,0.5225594639778137,-0.19228875637054443,0.9998335838317871,0.600250244140625,0.5170936584472656,0.19243663549423218,0.9997230768203735,0.411977082490921,0.528083086013794,-0.22529606521129608,0.9679707884788513,0.4157537519931793,0.5235792398452759,0.31211307644844055,0.22856967151165009,0.4749853312969208,0.6142334938049316,-0.15707050263881683,0.9694936275482178,0.466774582862854,0.5975492000579834,0.43914932012557983,0.3671223521232605,0.5079885125160217,0.628291130065918,-0.1494554877281189,0.9592263698577881,0.4922366440296173,0.6096879839897156,0.4475601315498352,0.5073290467262268,0.3962950110435486,0.6250631809234619,-0.18836675584316254,0.962860643863678,0.3946845531463623,0.6116649508476257,0.44229593873023987,0.5089275240898132
810,squat,1,0.33360010385513306,0.4265327453613281,-0.13113312423229218,0.9998751282691956,0.3368268311023712,0.4185521602630615,-0.1686423271894455,0.999944269657135,0.3392661511898041,0.41800543665885925,-0.16854706406593323,0.9999538660049438,0.3418157994747162,0.4174601435661316,-0.16864453256130219,0.9999604225158691,0.3340378999710083,0.41884738206863403,-0.11589425802230835,0.9999356269836426,0.3344419300556183,0.41849106550216675,-0.11593631654977798,0.9999271035194397,0.33488139510154724,0.4181104004383087,-0.1158636137843132,0.9999337792396545,0.3643377423286438,0.4167521893978119,-0.24368636310100555,0.9999200105667114,0.3571040630340576,0.4167899489402771,-0.00571848452091217,0.9999344348907471,0.34708401560783386,0.43215006589889526,-0.1560668796300888,0.9998487830162048,0.3434576392173767,0.4321615397930145,-0.08724427223205566,0.9998937845230103,0.4188501536846161,0.4515363872051239,-0.35486677289009094,0.9999303221702576,0.42708778381347656,0.4486147463321686,0.18486429750919342,0.9995318651199341,0.29467853903770447,0.48167258501052856,-0.3124171495437622,0.9795240759849548,0.3118424117565155,0.47897252440452576,0.2458145022392273,0.3569542169570923,0.2859816551208496,0.444953590631485,-0.0015837865648791194,0.8264384269714355,0.29242438077926636,0.4447755217552185,0.19975049793720245,0.12499342858791351,0.27965107560157776,0.4342082440853119,-0.015441556461155415,0.7541241645812988,0.28603535890579224,0.4358583688735962,0.2107016146183014,0.10532742738723755,0.2934163808822632,0.4328131377696991,-0.02358049340546131,0.7408098578453064,0.2978244721889496,0.43388068675994873,0.2291274517774582,0.10060557723045349,0.30048587918281555,0.43605005741119385,0.0010780768934637308,0.7158561944961548,0.30418598651885986,0.4366742670536041,0.20292839407920837,0.10346106439828873,0.6037631034851074,0.522476077079773,-0.19229836761951447,0.9998375177383423,0.6001121997833252,0.5168439149856567,0.19244953989982605,0.9997329711914062,0.4126947224140167,0.5280768275260925,-0.22626027464866638,0.9677249789237976,0.41583603620529175,0.5234093070030212,0.3101114332675934,0.22448082268238068,0.4751065969467163,0.6142342686653137,-0.1594475954771042,0.9688572883605957,0.4668390154838562,0.5971422791481018,0.42592349648475647,0.36124950647354126,0.5083186626434326,0.6282733082771301,-0.15192420780658722,0.9582509994506836,0.4921519458293915,0.6091569066047668,0.433123916387558,0.5016639232635498,0.39641907811164856,0.6252098083496094,-0.1905159056186676,0.9622259140014648,0.3946983814239502,0.6116557717323303,0.4289282262325287,0.5021581053733826
811,squat,1,0.33360955119132996,0.42624035477638245,-0.12844666838645935,0.9998748898506165,0.3368716537952423,0.41836729645729065,-0.16595155000686646,0.9999443292617798,0.3392837643623352,0.4178219437599182,-0.1658562421798706,0.9999538660049438,0.3418234884738922,0.4172966480255127,-0.16595257818698883,0.9999603033065796,0.33424630761146545,0.4188021719455719,-0.11323577165603638,0.9999365210533142,0.3347426950931549,0.4183577597141266,-0.11327537894248962,0.9999284148216248,0.335320383310318,0.4178289771080017,-0.11320298165082932,0.9999345541000366,0.3643553555011749,0.4166927933692932,-0.24297331273555756,0.9999206066131592,0.35738861560821533,0.41658177971839905,-0.003113224869593978,0.9999352693557739,0.3470754027366638,0.43182915449142456,-0.15372127294540405,0.9998519420623779,0.3434946835041046,0.4318433403968811,-0.08465162664651871,0.9998972415924072,0.4202719032764435,0.4496900141239166,-0.35269540548324585,0.9999306797981262,0.42712029814720154,0.448430597782135,0.18623808026313782,0.9995520710945129,0.2951377034187317,0.48132428526878357,-0.31237712502479553,0.9801813960075378,0.31120091676712036,0.4786215126514435,0.23873451352119446,0.36026257276535034,0.2859446406364441,0.44485577940940857,-0.0008129329071380198,0.8279471397399902,0.2924787402153015,0.4446445107460022,0.1824416071176529,0.12406136840581894,0.2795180380344391,0.4337710440158844,-0.01483483798801899,0.7550255656242371,0.2856253385543823,0.4355240762233734,0.19151118397712708,0.10417782515287399,0.29336556792259216,0.43244263529777527,-0.023177696391940117,0.7416677474975586,0.29772692918777466,0.4335816204547882,0.21002767980098724,0.09935879707336426,0.3004750609397888,0.43573272228240967,0.0018156713340431452,0.7169612050056458,0.30421486496925354,0.43645837903022766,0.18525642156600952,0.10230898857116699,0.6051969528198242,0.5220996737480164,-0.1916881799697876,0.999840259552002,0.5996044874191284,0.516281247138977,0.19184610247612,0.9997401237487793,0.4136321246623993,0.5280463099479675,-0.22528843581676483,0.967492401599884,0.4158768057823181,0.5232603549957275,0.29618051648139954,0.22058621048927307,0.47525498270988464,0.6141877174377441,-0.15395206212997437,0.9682621359825134,0.46683868765830994,0.5969005823135376,0.39519837498664856,0.3546455204486847,0.5084648132324219,0.6280642747879028,-0.14629805088043213,0.9573119878768921,0.491889089345932,0.6088312268257141,0.40196818113327026,0.49530482292175293,0.3965858221054077,0.6255668997764587,-0.1815459430217743,0.9616081118583679,0.39469918608665466,0.6116634011268616,0.39603596925735474,0.49501466751098633
812,squat,1,0.3338977098464966,0.42397722601890564,-0.11432662606239319,0.9998676180839539,0.33699658513069153,0.4154926836490631,-0.15214352309703827,0.9999412894248962,0.3393535912036896,0.4149186313152313,-0.15205302834510803,0.9999510645866394,0.3418503999710083,0.4143504500389099,-0.15215295553207397,0.9999579787254333,0.3348495662212372,0.4157600998878479,-0.10073035955429077,0.9999345541000366,0.33565446734428406,0.41527414321899414,-0.10075342655181885,0.9999262690544128,0.33657050132751465,0.41471490263938904,-0.10068471729755402,0.9999327659606934,0.36436986923217773,0.41415128111839294,-0.2252863198518753,0.9999158978462219,0.35776612162590027,0.4140004515647888,0.006696317344903946,0.9999327659606934,0.34749236702919006,0.4298067092895508,-0.13859573006629944,0.9998463988304138,0.344501793384552,0.4295176565647125,-0.0714915543794632,0.9998955726623535,0.42032328248023987,0.445405513048172,-0.34429681301116943,0.9999282956123352,0.42675724625587463,0.4461601972579956,0.1991962194442749,0.9995564818382263,0.2962478995323181,0.4792848527431488,-0.30794450640678406,0.9804155826568604,0.3112885653972626,0.4774431586265564,0.24755966663360596,0.359660267829895,0.28592953085899353,0.4436149299144745,0.016153978183865547,0.820895791053772,0.29199469089508057,0.44427022337913513,0.21578563749790192,0.12025292962789536,0.27923235297203064,0.43289119005203247,0.007504185661673546,0.744880735874176,0.28330886363983154,0.43474090099334717,0.22730623185634613,0.10071089118719101,0.2930644452571869,0.4311177432537079,0.0010859472677111626,0.7311544418334961,0.2956197261810303,0.4325224757194519,0.24174857139587402,0.0959540456533432,0.30043941736221313,0.43442365527153015,0.020011253654956818,0.706886887550354,0.3034150302410126,0.4353809058666229,0.21796828508377075,0.09890016168355942,0.6050087213516235,0.5190728902816772,-0.19195005297660828,0.9998385906219482,0.5995045900344849,0.5145729184150696,0.19210076332092285,0.9997408986091614,0.41458797454833984,0.5277319550514221,-0.22608160972595215,0.9676828980445862,0.41666191816329956,0.5232446789741516,0.2911987602710724,0.21643944084644318,0.47528311610221863,0.6141796708106995,-0.16184082627296448,0.9684539437294006,0.4668411314487457,0.5971036553382874,0.3815389573574066,0.34899598360061646,0.5084077715873718,0.6278870105743408,-0.1548173576593399,0.9573290348052979,0.4918573498725891,0.6090730428695679,0.3877767324447632,0.48952195048332214,0.3965931534767151,0.6257304549217224,-0.19145973026752472,0.9618205428123474,0.39461833238601685,0.6117104291915894,0.37736502289772034,0.48829975724220276
813,squat,1,0.3340992331504822,0.4182875454425812,-0.11328127980232239,0.9998633861541748,0.3370063006877899,0.40960678458213806,-0.15057700872421265,0.9999394416809082,0.33935385942459106,0.40898987650871277,-0.1504853516817093,0.9999492168426514,0.34182608127593994,0.408282995223999,-0.1505807340145111,0.999956488609314,0.33500775694847107,0.4101884663105011,-0.09892924129962921,0.9999332427978516,0.33595824241638184,0.4098871648311615,-0.09895623475313187,0.9999249577522278,0.33700957894325256,0.40943750739097595,-0.09888262301683426,0.999931812286377,0.3644011318683624,0.40781670808792114,-0.22172345221042633,0.9999112486839294,0.3578692674636841,0.4081296920776367,0.010989094153046608,0.9999302625656128,0.3485184907913208,0.42389431595802307,-0.13735294342041016,0.9998423457145691,0.34582391381263733,0.42381829023361206,-0.06994719058275223,0.9998936653137207,0.42418140172958374,0.43867138028144836,-0.33989211916923523,0.9999237060546875,0.4267953634262085,0.44066333770751953,0.20170022547245026,0.9995442032814026,0.3012167811393738,0.47366228699684143,-0.3081156015396118,0.9802818894386292,0.3138972222805023,0.4733073115348816,0.2541196644306183,0.3560088872909546,0.2854037582874298,0.43874961137771606,0.008889037184417248,0.8180683255195618,0.29150858521461487,0.4416045844554901,0.21657830476760864,0.11720596253871918,0.27812260389328003,0.4298115372657776,0.0006645313114859164,0.7410262823104858,0.2809065878391266,0.4321644902229309,0.22686438262462616,0.09813562035560608,0.2909974753856659,0.42781731486320496,-0.0029340635519474745,0.7267708778381348,0.2931709587574005,0.4297753870487213,0.24515289068222046,0.09333240240812302,0.29922571778297424,0.4306279420852661,0.013253710232675076,0.7026586532592773,0.30208179354667664,0.43263503909111023,0.21953056752681732,0.09625838696956635,0.6056951284408569,0.5133911371231079,-0.1920616775751114,0.9998339414596558,0.5993900299072266,0.5095662474632263,0.1922183483839035,0.9997312426567078,0.41633981466293335,0.527216374874115,-0.2385697215795517,0.968227207660675,0.4166715443134308,0.5227743983268738,0.2673008441925049,0.21478378772735596,0.475318044424057,0.6142563819885254,-0.19876767694950104,0.9696164727210999,0.4668257534503937,0.5972374677658081,0.3513076603412628,0.34549251198768616,0.5082703232765198,0.6278743147850037,-0.19455932080745697,0.9585153460502625,0.4916033446788788,0.6090914607048035,0.35679522156715393,0.4852445125579834,0.39649295806884766,0.6258586645126343,-0.24673175811767578,0.9630839824676514,0.3944198489189148,0.6117185354232788,0.33690690994262695,0.48460349440574646
814,squat,1,0.33428966999053955,0.416718453168869,-0.11414381861686707,0.9998595118522644,0.3370424509048462,0.4079916179180145,-0.15145330131053925,0.9999372959136963,0.3393681049346924,0.4073936641216278,-0.1513661891222,0.9999472498893738,0.3418335020542145,0.40674322843551636,-0.1514604538679123,0.9999547600746155,0.3352102041244507,0.4083801507949829,-0.10028692334890366,0.9999319911003113,0.33626142144203186,0.40799421072006226,-0.10031544417142868,0.9999237656593323,0.3374098539352417,0.40748846530914307,-0.10024493932723999,0.9999306201934814,0.3643925189971924,0.40607625246047974,-0.22215402126312256,0.9999080300331116,0.35798269510269165,0.40634700655937195,0.00938961748033762,0.9999284744262695,0.3485799729824066,0.422283798456192,-0.1374117136001587,0.9998400211334229,0.34604883193969727,0.4221663177013397,-0.07064726203680038,0.999893307685852,0.42396095395088196,0.4375099539756775,-0.34153974056243896,0.999921441078186,0.4267524480819702,0.4388744831085205,0.20111818611621857,0.999552309513092,0.3016059696674347,0.47234097123146057,-0.31110212206840515,0.9807172417640686,0.3148222267627716,0.4713740050792694,0.23957593739032745,0.3587237596511841,0.28419697284698486,0.437643438577652,0.006158572155982256,0.8207568526268005,0.29069453477859497,0.44069910049438477,0.16703732311725616,0.11777292937040329,0.2760426104068756,0.428205668926239,-0.0009286495624110103,0.744004487991333,0.2792341411113739,0.43083053827285767,0.17336954176425934,0.09838034212589264,0.2892407774925232,0.42583683133125305,-0.0047576236538589,0.7296714782714844,0.2917061746120453,0.42827391624450684,0.19308990240097046,0.09332099556922913,0.2977835237979889,0.4285919666290283,0.0107065225020051,0.7056141495704651,0.3009850084781647,0.4310532510280609,0.16963127255439758,0.09622947126626968,0.6056356430053711,0.5120770335197449,-0.19154776632785797,0.9998300671577454,0.5981879830360413,0.5079165697097778,0.19170363247394562,0.9997290968894958,0.4167616367340088,0.5270596146583557,-0.23382669687271118,0.9684284329414368,0.41682514548301697,0.5226368308067322,0.26780855655670166,0.21324434876441956,0.47530999779701233,0.6141351461410522,-0.18925176560878754,0.9700995683670044,0.46675392985343933,0.5972287058830261,0.3611082434654236,0.3430998921394348,0.508007287979126,0.6277852058410645,-0.18517011404037476,0.9590249061584473,0.4915088713169098,0.6090841889381409,0.3677199184894562,0.48371782898902893,0.39612436294555664,0.6258503794670105,-0.23345622420310974,0.9636467695236206,0.39400291442871094,0.611565113067627,0.3545977473258972,0.4817803204059601
815,squat,1,0.33463355898857117,0.4135179817676544,-0.11266787350177765,0.9998558759689331,0.33722710609436035,0.40463531017303467,-0.1502491980791092,0.9999353289604187,0.33948683738708496,0.4040956497192383,-0.15016216039657593,0.9999454617500305,0.34188830852508545,0.4035160541534424,-0.15025301277637482,0.9999533295631409,0.33566659688949585,0.40501725673675537,-0.09879960864782333,0.9999307990074158,0.33681872487068176,0.40467190742492676,-0.09883149713277817,0.9999224543571472,0.3380303382873535,0.4042156934738159,-0.09876656532287598,0.9999297261238098,0.3644165098667145,0.403090238571167,-0.22081612050533295,0.9999040365219116,0.35829195380210876,0.40328481793403625,0.010988789610564709,0.9999264478683472,0.34877872467041016,0.419155478477478,-0.13606467843055725,0.9998369812965393,0.3465198278427124,0.4189811944961548,-0.06900084763765335,0.9998918175697327,0.4241577088832855,0.43463730812072754,-0.3411821722984314,0.9999182820320129,0.4270738959312439,0.43654486536979675,0.20366139709949493,0.999553382396698,0.30307537317276,0.4700661599636078,-0.31053462624549866,0.9810059070587158,0.31723496317863464,0.4693101644515991,0.245249941945076,0.3623403012752533,0.28398361802101135,0.43618354201316833,0.009742937982082367,0.8205453753471375,0.2901865243911743,0.4391339421272278,0.17325538396835327,0.11834899336099625,0.2752295136451721,0.42660024762153625,0.002156968228518963,0.7430212497711182,0.27759480476379395,0.42929521203041077,0.17947058379650116,0.09863024950027466,0.2885076701641083,0.4241749346256256,-0.0032324017956852913,0.7285449504852295,0.2901855707168579,0.4266813099384308,0.19842703640460968,0.09339476376771927,0.29721829295158386,0.426851749420166,0.014178608544170856,0.7045015096664429,0.29999735951423645,0.42944154143333435,0.1755482703447342,0.09616947174072266,0.6055639982223511,0.5096515417098999,-0.19160151481628418,0.9998224973678589,0.5981407165527344,0.5057565569877625,0.19175921380519867,0.9997202754020691,0.4170816242694855,0.5267670750617981,-0.2348450869321823,0.9686597585678101,0.4168972074985504,0.5223928093910217,0.26749497652053833,0.21255753934383392,0.4752790331840515,0.6139853596687317,-0.188884899020195,0.9710232019424438,0.4667563736438751,0.5972112417221069,0.3662815988063812,0.341306209564209,0.5076531171798706,0.6277756094932556,-0.18410451710224152,0.9600652456283569,0.49141553044319153,0.6090522408485413,0.37358152866363525,0.4826788306236267,0.3959716856479645,0.6259596943855286,-0.23030976951122284,0.964667797088623,0.3940111994743347,0.6116069555282593,0.361332505941391,0.4798893928527832
816,squat,1,0.336311012506485,0.40136170387268066,-0.0959426611661911,0.9998567700386047,0.338277131319046,0.39294561743736267,-0.133278027176857,0.9999351501464844,0.34047919511795044,0.39237692952156067,-0.1331803947687149,0.9999451637268066,0.34285545349121094,0.39175155758857727,-0.13326384127140045,0.9999532699584961,0.3369755446910858,0.39331620931625366,-0.07961583137512207,0.9999305605888367,0.33822962641716003,0.39297041296958923,-0.07965101301670074,0.9999221563339233,0.33952611684799194,0.392551451921463,-0.07958007603883743,0.9999300241470337,0.3661116659641266,0.3905107080936432,-0.20664595067501068,0.9999024271965027,0.36112260818481445,0.3901683986186981,0.034743379801511765,0.9999253153800964,0.35090014338493347,0.4069184362888336,-0.12102604657411575,0.9998354315757751,0.3488995134830475,0.407370388507843,-0.05105534568428993,0.999889612197876,0.42329996824264526,0.4250013530254364,-0.33345282077789307,0.9999151229858398,0.42915767431259155,0.4245867133140564,0.22503802180290222,0.9995310306549072,0.30785518884658813,0.4629722833633423,-0.30441558361053467,0.9809200167655945,0.32848691940307617,0.46130692958831787,0.30249857902526855,0.3525823950767517,0.28289398550987244,0.4312337636947632,0.01834019646048546,0.8225681185722351,0.290176123380661,0.43296727538108826,0.2699960768222809,0.11608250439167023,0.2708868384361267,0.42259711027145386,0.008962821215391159,0.7453320622444153,0.27416640520095825,0.4240264296531677,0.2802024483680725,0.09744436293840408,0.2830503284931183,0.42016151547431946,0.004099478013813496,0.730725884437561,0.28731635212898254,0.4209723472595215,0.2889523506164551,0.0923159196972847,0.29292547702789307,0.42279577255249023,0.022964181378483772,0.7061845064163208,0.2979971468448639,0.423319548368454,0.26842471957206726,0.09498906135559082,0.6044543385505676,0.50046706199646,-0.1934528648853302,0.9998124837875366,0.598546028137207,0.49715638160705566,0.1936555802822113,0.9997017979621887,0.4181370735168457,0.525445818901062,-0.24066659808158875,0.9695086479187012,0.4185623526573181,0.5214457511901855,0.26074281334877014,0.21473626792430878,0.47576355934143066,0.6135264039039612,-0.20826756954193115,0.9723410606384277,0.46729275584220886,0.5972248315811157,0.3499242663383484,0.3423456847667694,0.5074433088302612,0.6276785135269165,-0.20423731207847595,0.9615855813026428,0.4915531873703003,0.60930335521698,0.35630398988723755,0.48220986127853394,0.3964594006538391,0.6257473826408386,-0.25668227672576904,0.9660733938217163,0.3952482044696808,0.6115996241569519,0.3362421989440918,0.48122456669807434
817,squat,1,0.3381279408931732,0.3988642394542694,-0.09389983862638474,0.9998556971549988,0.33959338068962097,0.38999348878860474,-0.13111861050128937,0.999934196472168,0.34177473187446594,0.3893534243106842,-0.13102449476718903,0.999944269657135,0.34413671493530273,0.388618528842926,-0.1311032474040985,0.9999527335166931,0.3383711278438568,0.39054274559020996,-0.07805879414081573,0.9999294281005859,0.3396141231060028,0.3902559280395508,-0.07809237390756607,0.9999207854270935,0.34088414907455444,0.3898162543773651,-0.07802460342645645,0.9999293684959412,0.36711567640304565,0.38790881633758545,-0.1999828815460205,0.9999014735221863,0.36190593242645264,0.38815838098526,0.03694499284029007,0.9999234080314636,0.35286909341812134,0.4043010175228119,-0.11727364361286163,0.999833881855011,0.3505839407444,0.4045626223087311,-0.0484507791697979,0.9998871684074402,0.4232843518257141,0.42175763845443726,-0.33183303475379944,0.9999141097068787,0.42998576164245605,0.4243296980857849,0.22953055799007416,0.9995244145393372,0.309111624956131,0.46182388067245483,-0.30283981561660767,0.9814381003379822,0.329568475484848,0.46075281500816345,0.2629161775112152,0.3544396758079529,0.2813567817211151,0.43023741245269775,0.026812173426151276,0.8268685340881348,0.28862622380256653,0.43341952562332153,0.1295272707939148,0.1186443418264389,0.2683582007884979,0.42128267884254456,0.018190788105130196,0.7499588131904602,0.2733035087585449,0.42427656054496765,0.12885107100009918,0.10017076879739761,0.2812596559524536,0.41891929507255554,0.013363604433834553,0.7355751395225525,0.28519406914711,0.4213520586490631,0.13851043581962585,0.09498564153909683,0.2908419966697693,0.4216557443141937,0.03206200152635574,0.7109286189079285,0.29544487595558167,0.4238605201244354,0.12578199803829193,0.09740006923675537,0.6038801670074463,0.4986264705657959,-0.19337023794651031,0.9997943639755249,0.5984770059585571,0.495539128780365,0.1935766339302063,0.9996799230575562,0.418347030878067,0.5250501036643982,-0.24178554117679596,0.9704649448394775,0.41737744212150574,0.5215004086494446,0.24462750554084778,0.21960791945457458,0.47561925649642944,0.6134450435638428,-0.20458446443080902,0.9736477136611938,0.46665212512016296,0.5973532199859619,0.3302585780620575,0.3497546911239624,0.50660240650177,0.6275683045387268,-0.19979459047317505,0.9632889628410339,0.4903234839439392,0.6097884774208069,0.33631980419158936,0.48899954557418823,0.39683976769447327,0.6253014206886292,-0.24573452770709991,0.96757972240448,0.39660775661468506,0.6119083762168884,0.3200305998325348,0.48826977610588074
818,squat,1,0.3394629955291748,0.393798828125,-0.09574590623378754,0.9998503923416138,0.340807169675827,0.3850134313106537,-0.13284863531589508,0.999931275844574,0.3429807126522064,0.3843807876110077,-0.13275913894176483,0.9999418258666992,0.34530919790267944,0.3836752772331238,-0.13284148275852203,0.9999508261680603,0.3395313322544098,0.3856391906738281,-0.07943685352802277,0.9999258518218994,0.3407210111618042,0.3854040205478668,-0.0794704407453537,0.9999168515205383,0.3419351577758789,0.3849956691265106,-0.07940468192100525,0.9999265074729919,0.36772769689559937,0.38331201672554016,-0.20070382952690125,0.999897837638855,0.36253052949905396,0.383617639541626,0.03799212723970413,0.9999198913574219,0.35352128744125366,0.39925557374954224,-0.11880993098020554,0.9998273253440857,0.351087749004364,0.3995368480682373,-0.049579448997974396,0.9998806715011597,0.4232676327228546,0.41826745867729187,-0.33268260955810547,0.9999125003814697,0.42830508947372437,0.42147302627563477,0.23152534663677216,0.999509871006012,0.31118112802505493,0.4595189690589905,-0.3056361973285675,0.981918454170227,0.32904353737831116,0.4581122100353241,0.2555634081363678,0.35519763827323914,0.2802318334579468,0.42835167050361633,0.025947336107492447,0.8312909007072449,0.2863676846027374,0.4309956729412079,0.1200694665312767,0.12140949070453644,0.2646617293357849,0.41983920335769653,0.0160689540207386,0.7548743486404419,0.2695700228214264,0.422267884016037,0.11966519802808762,0.10326992720365524,0.27854377031326294,0.4169193506240845,0.009270940907299519,0.7407900094985962,0.2813299894332886,0.41938427090644836,0.12827277183532715,0.09813432395458221,0.28891521692276,0.4193316698074341,0.02942558564245701,0.7158859968185425,0.29173994064331055,0.42184552550315857,0.11596917361021042,0.10027821362018585,0.6038591265678406,0.4957852065563202,-0.1933952271938324,0.9997761845588684,0.5948476791381836,0.4923267960548401,0.19360646605491638,0.9996607303619385,0.41845831274986267,0.524726927280426,-0.24120624363422394,0.971170961856842,0.41571515798568726,0.5215035676956177,0.22404563426971436,0.2251545786857605,0.4754723012447357,0.6126503348350525,-0.19910576939582825,0.9747241139411926,0.46608030796051025,0.5976880788803101,0.30309173464775085,0.35486021637916565,0.506155788898468,0.6264281272888184,-0.19387230277061462,0.9647852182388306,0.49021610617637634,0.6099752187728882,0.30875083804130554,0.4935941696166992,0.39668646454811096,0.6252403259277344,-0.24038101732730865,0.9687598347663879,0.3971242904663086,0.6125285029411316,0.2931589186191559,0.4926568567752838
819,squat,1,0.3406945765018463,0.3885221481323242,-0.09776628762483597,0.999844491481781,0.34202951192855835,0.3797786831855774,-0.13489946722984314,0.999927818775177,0.3442153036594391,0.3791579604148865,-0.13481062650680542,0.9999390244483948,0.3465462327003479,0.3784850835800171,-0.13489459455013275,0.9999485611915588,0.3407866358757019,0.3803539276123047,-0.08151259273290634,0.9999222755432129,0.34200870990753174,0.3800840973854065,-0.08154819160699844,0.9999128580093384,0.3432838022708893,0.37963661551475525,-0.08148524165153503,0.9999233484268188,0.3690827190876007,0.3782326281070709,-0.20306406915187836,0.9998940825462341,0.36426347494125366,0.3782775104045868,0.036088936030864716,0.9999159574508667,0.3542942702770233,0.39380091428756714,-0.12099318206310272,0.9998207092285156,0.3517916202545166,0.39418452978134155,-0.05179367586970329,0.999873161315918,0.4236629605293274,0.4138665199279785,-0.33651652932167053,0.9999088048934937,0.42768165469169617,0.41702792048454285,0.23139503598213196,0.9994872808456421,0.316283255815506,0.4558889865875244,-0.30845457315444946,0.9820613861083984,0.33059993386268616,0.4551679193973541,0.23413145542144775,0.35128599405288696,0.27903324365615845,0.42747247219085693,0.023928901180624962,0.8356891870498657,0.28407022356987,0.4301970303058624,0.0651945173740387,0.12436486035585403,0.25902408361434937,0.4201453924179077,0.014189556241035461,0.7608413100242615,0.2652193307876587,0.42231473326683044,0.05897090956568718,0.10724680870771408,0.27489036321640015,0.41636013984680176,0.006766860838979483,0.7472624778747559,0.2773875892162323,0.41886621713638306,0.06502605229616165,0.10212403535842896,0.28625866770744324,0.41850540041923523,0.026871072128415108,0.721890926361084,0.2879261076450348,0.4210396707057953,0.05908665433526039,0.10389667004346848,0.6030837893486023,0.4920264780521393,-0.1944751888513565,0.9997559785842896,0.5940569043159485,0.48861172795295715,0.19469274580478668,0.9996387958526611,0.41846615076065063,0.5241498351097107,-0.2533709704875946,0.9715752601623535,0.4157496392726898,0.5214475989341736,0.2297813892364502,0.229135200381279,0.4768429100513458,0.6126316785812378,-0.21691788733005524,0.9756536483764648,0.46624505519866943,0.5975997447967529,0.32507580518722534,0.35930898785591125,0.5057615041732788,0.6254532933235168,-0.21195706725120544,0.9661665558815002,0.4903266429901123,0.6096895337104797,0.33231842517852783,0.49866726994514465,0.3964173197746277,0.6246618628501892,-0.25650301575660706,0.9697403907775879,0.3973383903503418,0.6125344038009644,0.31909018754959106,0.49644073843955994
