frame,exercise_type,form_label,nose_x,nose_y,nose_z,nose_vis,left_eye_inner_x,left_eye_inner_y,left_eye_inner_z,left_eye_inner_vis,left_eye_x,left_eye_y,left_eye_z,left_eye_vis,left_eye_outer_x,left_eye_outer_y,left_eye_outer_z,left_eye_outer_vis,right_eye_inner_x,right_eye_inner_y,right_eye_inner_z,right_eye_inner_vis,right_eye_x,right_eye_y,right_eye_z,right_eye_vis,right_eye_outer_x,right_eye_outer_y,right_eye_outer_z,right_eye_outer_vis,left_ear_x,left_ear_y,left_ear_z,left_ear_vis,right_ear_x,right_ear_y,right_ear_z,right_ear_vis,mouth_left_x,mouth_left_y,mouth_left_z,mouth_left_vis,mouth_right_x,mouth_right_y,mouth_right_z,mouth_right_vis,left_shoulder_x,left_shoulder_y,left_shoulder_z,left_shoulder_vis,right_shoulder_x,right_shoulder_y,right_shoulder_z,right_shoulder_vis,left_elbow_x,left_elbow_y,left_elbow_z,left_elbow_vis,right_elbow_x,right_elbow_y,right_elbow_z,right_elbow_vis,left_wrist_x,left_wrist_y,left_wrist_z,left_wrist_vis,right_wrist_x,right_wrist_y,right_wrist_z,right_wrist_vis,left_pinky_x,left_pinky_y,left_pinky_z,left_pinky_vis,right_pinky_x,right_pinky_y,right_pinky_z,right_pinky_vis,left_index_x,left_index_y,left_index_z,left_index_vis,right_index_x,right_index_y,right_index_z,right_index_vis,left_thumb_x,left_thumb_y,left_thumb_z,left_thumb_vis,right_thumb_x,right_thumb_y,right_thumb_z,right_thumb_vis,left_hip_x,left_hip_y,left_hip_z,left_hip_vis,right_hip_x,right_hip_y,right_hip_z,right_hip_vis,left_knee_x,left_knee_y,left_knee_z,left_knee_vis,right_knee_x,right_knee_y,right_knee_z,right_knee_vis,left_ankle_x,left_ankle_y,left_ankle_z,left_ankle_vis,right_ankle_x,right_ankle_y,right_ankle_z,right_ankle_vis,left_heel_x,left_heel_y,left_heel_z,left_heel_vis,right_heel_x,right_heel_y,right_heel_z,right_heel_vis,left_foot_index_x,left_foot_index_y,left_foot_index_z,left_foot_index_vis,right_foot_index_x,right_foot_index_y,right_foot_index_z,right_foot_index_vis
1,lunge,0,0.4643787145614624,0.451752245426178,-0.15913884341716766,0.9999154806137085,0.472327321767807,0.441162645816803,-0.1974683701992035,0.9999608993530273,0.47610026597976685,0.44038790464401245,-0.19747455418109894,0.9999678134918213,0.4799636900424957,0.4395819902420044,-0.19760295748710632,0.9999695420265198,0.46903303265571594,0.441784530878067,-0.1281859576702118,0.9999173283576965,0.4704265594482422,0.4413925111293793,-0.12816362082958221,0.9999099373817444,0.4717562198638916,0.4408973157405853,-0.1282101273536682,0.999936580657959,0.5116617679595947,0.4406210482120514,-0.29433539509773254,0.9999620914459229,0.4990755319595337,0.44079023599624634,0.008667130954563618,0.9999115467071533,0.48120325803756714,0.45946457982063293,-0.1848818063735962,0.9998984932899475,0.4767911434173584,0.4604460895061493,-0.09741458296775818,0.9998102188110352,0.5827070474624634,0.4916378855705261,-0.4660432040691376,0.9999849200248718,0.5613793730735779,0.49025997519493103,0.2589954435825348,0.9996777176856995,0.5947034955024719,0.5865475535392761,-0.5243357419967651,0.9932381510734558,0.5629732012748718,0.5697143077850342,0.36824482679367065,0.03861599415540695,0.5444704294204712,0.675250232219696,-0.4058113992214203,0.9857006072998047,0.5340700149536133,0.6399086713790894,0.27751433849334717,0.05062112212181091,0.5476461052894592,0.6982063055038452,-0.4603796899318695,0.9724855422973633,0.5265860557556152,0.6542363166809082,0.27973535656929016,0.055644456297159195,0.5297943353652954,0.7012311220169067,-0.43776676058769226,0.9705051779747009,0.524055540561676,0.6536282300949097,0.2262597680091858,0.05545978993177414,0.5245981216430664,0.6931152939796448,-0.3860376477241516,0.9570885300636292,0.5288535356521606,0.6476390361785889,0.25065508484840393,0.06513974815607071,0.6067019701004028,0.6469014286994934,-0.20963846147060394,0.9997195601463318,0.6354950070381165,0.6443933248519897,0.20950742065906525,0.9995952844619751,0.345242440700531,0.6486030220985413,-0.06449081748723984,0.9741220474243164,0.7546405792236328,0.7291845083236694,0.3753897249698639,0.8422433137893677,0.41687414050102234,0.7600504159927368,0.2113099843263626,0.9254052042961121,0.9712636470794678,0.7196806073188782,0.5497837662696838,0.9463946223258972,0.4473074972629547,0.7761862874031067,0.23906636238098145,0.9169850945472717,1.0156623125076294,0.7026208639144897,0.5775780081748962,0.9761227965354919,0.29613614082336426,0.7792520523071289,0.2792607545852661,0.8912243247032166,1.0197874307632446,0.7287200093269348,0.6099487543106079,0.9358827471733093
2,lunge,0,0.4442436695098877,0.4409479796886444,-0.1718721240758896,0.9998859167098999,0.4495526850223541,0.4297325909137726,-0.21289455890655518,0.9999498724937439,0.45293861627578735,0.42889106273651123,-0.21291664242744446,0.99996018409729,0.45626384019851685,0.42798495292663574,-0.2130417376756668,0.9999638795852661,0.4471641778945923,0.43024709820747375,-0.14705128967761993,0.9998815059661865,0.44905129075050354,0.42966559529304504,-0.14702807366847992,0.9998584985733032,0.4509773850440979,0.4289540946483612,-0.14708426594734192,0.9998909831047058,0.488958477973938,0.4273225665092468,-0.3047838807106018,0.9999573230743408,0.4841591715812683,0.42797398567199707,-0.020347682759165764,0.9998598694801331,0.4600173830986023,0.4475994110107422,-0.19578564167022705,0.9998837113380432,0.4576294720172882,0.4486147463321686,-0.11281724274158478,0.9997367858886719,0.5632674098014832,0.47537878155708313,-0.47990232706069946,0.9999855160713196,0.5522089600563049,0.4761285185813904,0.2609776556491852,0.9995392560958862,0.5861548185348511,0.5664083957672119,-0.5697159767150879,0.9936487078666687,0.5279028415679932,0.5373136401176453,0.47692304849624634,0.037042830139398575,0.5355806350708008,0.6624833941459656,-0.487941175699234,0.9866889715194702,0.4999730885028839,0.5593919157981873,0.5656058192253113,0.05018436908721924,0.5404316186904907,0.6829172372817993,-0.5399244427680969,0.9742329716682434,0.49077895283699036,0.5652759075164795,0.5980872511863708,0.055864788591861725,0.5238844156265259,0.6854723691940308,-0.5247620344161987,0.9724555611610413,0.48143792152404785,0.5622330904006958,0.5634655952453613,0.05571828410029411,0.5185657143592834,0.6785100102424622,-0.47179681062698364,0.9598977565765381,0.48778635263442993,0.5615960359573364,0.5507978796958923,0.06527546793222427,0.5979374051094055,0.6294341087341309,-0.2142653912305832,0.9997065663337708,0.6316842436790466,0.6296765804290771,0.2141398936510086,0.999538779258728,0.34514865279197693,0.6485434770584106,-0.05665557458996773,0.9744102954864502,0.7544757127761841,0.7175812721252441,0.37270835041999817,0.8448777794837952,0.41687527298927307,0.7598152160644531,0.2176753133535385,0.9312741756439209,0.9692436456680298,0.7190786004066467,0.5366264581680298,0.9489412307739258,0.4470383822917938,0.7762013077735901,0.24679581820964813,0.9238002896308899,1.0210705995559692,0.700938880443573,0.5619218945503235,0.977051854133606,0.2952951192855835,0.7792884111404419,0.2892649471759796,0.8994362950325012,1.0197725296020508,0.7287952303886414,0.5859150290489197,0.9380910992622375
17,lunge,0,0.3199187219142914,0.4289523959159851,-0.24813635647296906,0.999957263469696,0.3297516703605652,0.41674572229385376,-0.2875736355781555,0.9999691843986511,0.33357417583465576,0.4157142639160156,-0.28763067722320557,0.999971866607666,0.3374636173248291,0.4146116077899933,-0.2876700758934021,0.9999805092811584,0.32746976613998413,0.4170737862586975,-0.21089062094688416,0.9999481439590454,0.3296312689781189,0.4162485897541046,-0.21078187227249146,0.9999316930770874,0.33198174834251404,0.41525956988334656,-0.210879385471344,0.9999516010284424,0.3698435425758362,0.41290390491485596,-0.3806775212287903,0.999975323677063,0.36308175325393677,0.4131394326686859,-0.06635918468236923,0.9999285340309143,0.33919185400009155,0.4349226951599121,-0.28672459721565247,0.9999576807022095,0.3355664014816284,0.43563196063041687,-0.19439275562763214,0.9999102354049683,0.4385993778705597,0.46236881613731384,-0.5627495050430298,0.9999910593032837,0.4070297181606293,0.4665812849998474,0.20434172451496124,0.9997434020042419,0.46070942282676697,0.557166337966919,-0.6294751763343811,0.9943588376045227,0.4174949824810028,0.554897665977478,0.25616970658302307,0.07045400142669678,0.4589405953884125,0.646147608757019,-0.5140888690948486,0.9819289445877075,0.38050714135169983,0.6328611373901367,0.10208746790885925,0.10615471750497818,0.4716528356075287,0.6666730642318726,-0.5826736092567444,0.9652449488639832,0.37504342198371887,0.647782564163208,0.08757410198450089,0.10867734998464584,0.45108845829963684,0.6698230504989624,-0.5737098455429077,0.9628996253013611,0.3944849967956543,0.6508655548095703,0.018926186487078667,0.11151329427957535,0.4442119896411896,0.6640729904174805,-0.5042374134063721,0.9453232884407043,0.38455936312675476,0.6455972790718079,0.06727920472621918,0.11878902465105057,0.5102517008781433,0.6139541268348694,-0.24479691684246063,0.9996910095214844,0.49947232007980347,0.6151386499404907,0.24473948776721954,0.9996273517608643,0.2688852548599243,0.6643623113632202,-0.04616208001971245,0.9775208234786987,0.49222978949546814,0.6979913115501404,0.2632637917995453,0.8447391986846924,0.4114261567592621,0.7584474682807922,0.37500879168510437,0.980125904083252,0.7576666474342346,0.7244904637336731,0.5062971115112305,0.9456331133842468,0.4807712137699127,0.7437599897384644,0.41843026876449585,0.9681227803230286,0.8066818714141846,0.7250155806541443,0.5290464758872986,0.9483987092971802,0.3102058470249176,0.779410183429718,0.4240346848964691,0.967837929725647,0.7341855764389038,0.7635980844497681,0.5427441000938416,0.9258710145950317
18,lunge,0,0.32271742820739746,0.4451840817928314,-0.25915083289146423,0.9999551177024841,0.33152908086776733,0.4337148070335388,-0.3043135106563568,0.999962329864502,0.335193008184433,0.4325689673423767,-0.30437666177749634,0.9999641180038452,0.3388706147670746,0.4313000738620758,-0.3043982684612274,0.999975860118866,0.32888099551200867,0.4342118501663208,-0.22727923095226288,0.9999385476112366,0.3307877480983734,0.43341395258903503,-0.22715088725090027,0.9999182820320129,0.3328658640384674,0.4324091374874115,-0.22722125053405762,0.999940812587738,0.3722972869873047,0.4293029010295868,-0.421482115983963,0.999970555305481,0.36443260312080383,0.4300526976585388,-0.07968106120824814,0.999901294708252,0.3426882028579712,0.45167115330696106,-0.3001989722251892,0.9999565482139587,0.3391881287097931,0.4522617757320404,-0.2014320343732834,0.9999079704284668,0.4547571837902069,0.48034608364105225,-0.5998122096061707,0.9999914765357971,0.41236746311187744,0.48290663957595825,0.17891646921634674,0.9997463822364807,0.4680385887622833,0.5763413310050964,-0.6809458136558533,0.9946092367172241,0.42213889956474304,0.569664478302002,0.2586841583251953,0.06781379878520966,0.460641086101532,0.6653978824615479,-0.577675998210907,0.983180582523346,0.4022846221923828,0.6409971117973328,0.11542222648859024,0.10480508208274841,0.47173887491226196,0.6867758631706238,-0.6483904719352722,0.9673725962638855,0.3993496596813202,0.6567729711532593,0.11469506472349167,0.10748898237943649,0.45130547881126404,0.6896935105323792,-0.634183406829834,0.9652087092399597,0.4060349762439728,0.6589301824569702,0.036867160350084305,0.11008297652006149,0.4453059136867523,0.683080792427063,-0.5664243698120117,0.9480418562889099,0.399736225605011,0.6522018909454346,0.0782274603843689,0.11737299710512161,0.5191669464111328,0.6283684968948364,-0.24208487570285797,0.9997204542160034,0.48868054151535034,0.6271770000457764,0.24196578562259674,0.9996635913848877,0.49557870626449585,0.7382159233093262,-0.17729626595973969,0.979592502117157,0.2682715952396393,0.67635577917099,0.2294931858778,0.8575447797775269,0.7063955664634705,0.7250912189483643,0.24626369774341583,0.9817508459091187,0.4300585985183716,0.7549242973327637,0.42746782302856445,0.9485543370246887,0.7464817762374878,0.711430549621582,0.3005925416946411,0.9691230654716492,0.4668814241886139,0.7683243155479431,0.44390517473220825,0.9494884610176086,0.7267913818359375,0.768540620803833,0.3571629822254181,0.9704122543334961,0.3334257900714874,0.7798849940299988,0.4419683516025543,0.9301874041557312
19,lunge,0,0.32416006922721863,0.45041221380233765,-0.253030002117157,0.9999564290046692,0.3322853446006775,0.43890872597694397,-0.2967318594455719,0.9999621510505676,0.33583760261535645,0.4379870593547821,-0.29676416516304016,0.9999635815620422,0.33934712409973145,0.4369892477989197,-0.29682767391204834,0.9999759197235107,0.3295096755027771,0.43927785754203796,-0.22414444386959076,0.9999383687973022,0.3312838077545166,0.4386139512062073,-0.22404871881008148,0.9999175667762756,0.3332652151584625,0.43777698278427124,-0.22408534586429596,0.999940812587738,0.37374651432037354,0.43536776304244995,-0.40041306614875793,0.9999707341194153,0.3652568757534027,0.4359545111656189,-0.07458248734474182,0.9998993873596191,0.34517577290534973,0.456365704536438,-0.28668472170829773,0.9999579191207886,0.34183454513549805,0.4572259783744812,-0.19250629842281342,0.9999109506607056,0.46180757880210876,0.48631998896598816,-0.5860482454299927,0.9999916553497314,0.41529685258865356,0.489820271730423,0.18963615596294403,0.9997454285621643,0.4759553372859955,0.5839234590530396,-0.6600053906440735,0.9948421120643616,0.42988279461860657,0.57675701379776,0.26431047916412354,0.06922551989555359,0.46032124757766724,0.6724575757980347,-0.5466858148574829,0.9843456745147705,0.41485175490379333,0.6443715691566467,0.10669168829917908,0.1104961559176445,0.47149378061294556,0.6950094699859619,-0.6171141862869263,0.969420850276947,0.40876710414886475,0.6598291993141174,0.09969066083431244,0.11207303404808044,0.451176255941391,0.697039008140564,-0.6043037176132202,0.967464804649353,0.41137921810150146,0.6607054471969604,0.027925997972488403,0.11482357978820801,0.4448627233505249,0.6892552971839905,-0.5358211398124695,0.9509763717651367,0.40501275658607483,0.6540603637695312,0.07089682668447495,0.12243126332759857,0.5239379405975342,0.6342425346374512,-0.24412301182746887,0.999745786190033,0.4900619089603424,0.6327334642410278,0.2441505640745163,0.9996955394744873,0.48286476731300354,0.7455528974533081,-0.2365284115076065,0.9813616275787354,0.34808921813964844,0.6862775087356567,0.2496783435344696,0.8692740201950073,0.5811500549316406,0.7342674136161804,0.21983937919139862,0.982780933380127,0.5391088128089905,0.7490116357803345,0.43351858854293823,0.9514368176460266,0.6193493604660034,0.7253473997116089,0.27328500151634216,0.9681111574172974,0.5835764408111572,0.753592312335968,0.4501192271709442,0.9509081244468689,0.554365336894989,0.7688004970550537,0.2950783967971802,0.9720603227615356,0.517244815826416,0.7877762913703918,0.46164777874946594,0.9339631199836731
20,lunge,0,0.3315794765949249,0.4546668827533722,-0.2850037217140198,0.9999558925628662,0.33999043703079224,0.4438852369785309,-0.32757413387298584,0.9999592900276184,0.3438055217266083,0.44323810935020447,-0.3276166021823883,0.9999608397483826,0.34770846366882324,0.4424878656864166,-0.32766658067703247,0.9999741315841675,0.33608853816986084,0.443991482257843,-0.25062814354896545,0.9999322891235352,0.33736932277679443,0.4434332847595215,-0.2505033314228058,0.9999099969863892,0.3389296531677246,0.4427046775817871,-0.2505679428577423,0.9999345541000366,0.38414427638053894,0.4420897662639618,-0.4347080886363983,0.9999703168869019,0.3717937767505646,0.44247376918792725,-0.08723520487546921,0.9998873472213745,0.3522317409515381,0.4621751010417938,-0.32134199142456055,0.9999589920043945,0.3477623760700226,0.46289166808128357,-0.22056841850280762,0.9999116063117981,0.46901026368141174,0.4946461319923401,-0.6245758533477783,0.9999918937683105,0.41562896966934204,0.49957218766212463,0.18009689450263977,0.9997316598892212,0.48094838857650757,0.5924439430236816,-0.7083752155303955,0.9951039552688599,0.43346264958381653,0.5841581225395203,0.25573083758354187,0.07060638815164566,0.45880135893821716,0.6818450689315796,-0.6083643436431885,0.985322117805481,0.4118984341621399,0.6519872546195984,0.088919498026371,0.11529550701379776,0.46918216347694397,0.7053636312484741,-0.6862534880638123,0.9711319804191589,0.4036015272140503,0.6687926054000854,0.08310428261756897,0.11611372232437134,0.44988977909088135,0.7072541117668152,-0.6741962432861328,0.969343364238739,0.4047987759113312,0.6694513559341431,0.005245552863925695,0.11875195801258087,0.4437720477581024,0.6990187168121338,-0.5985549092292786,0.9533334374427795,0.40870511531829834,0.6627296209335327,0.05041065067052841,0.1269121617078781,0.5250407457351685,0.6409841179847717,-0.24738556146621704,0.9997696280479431,0.48501574993133545,0.6408765316009521,0.24754028022289276,0.9997240900993347,0.43813055753707886,0.7465359568595886,-0.34812265634536743,0.98309725522995,0.25255921483039856,0.6797642707824707,0.3147531747817993,0.8792203068733215,0.5996041297912598,0.7379851937294006,0.08971255272626877,0.9841111898422241,0.5132929682731628,0.7480258345603943,0.5132293701171875,0.9541722536087036,0.63105708360672,0.725750744342804,0.13590088486671448,0.9689785838127136,0.5566802024841309,0.7504711151123047,0.5308754444122314,0.9527915716171265,0.6079373359680176,0.7766868472099304,0.1446782946586609,0.9742222428321838,0.5001954436302185,0.7891606688499451,0.5502173900604248,0.9379703998565674
21,lunge,0,0.33962228894233704,0.45228928327560425,-0.3181098401546478,0.999954342842102,0.3473605811595917,0.4415939748287201,-0.3599429428577423,0.9999554753303528,0.3510791063308716,0.4407830536365509,-0.35996854305267334,0.9999572038650513,0.3551121652126312,0.4399736821651459,-0.3599761128425598,0.9999716877937317,0.3434850871562958,0.4421981871128082,-0.28575876355171204,0.9999240040779114,0.34458184242248535,0.44175660610198975,-0.2856452465057373,0.9999001026153564,0.34582293033599854,0.4412578344345093,-0.28571224212646484,0.9999255537986755,0.39434993267059326,0.44015592336654663,-0.4604070782661438,0.9999691247940063,0.38097959756851196,0.44081249833106995,-0.12457700818777084,0.9998651146888733,0.359072208404541,0.4593462646007538,-0.3519759178161621,0.9999592900276184,0.3545587658882141,0.46030205488204956,-0.2547752261161804,0.9999091625213623,0.47301608324050903,0.4954449534416199,-0.6378589272499084,0.9999922513961792,0.4168655276298523,0.4969962537288666,0.14956724643707275,0.9997145533561707,0.480795681476593,0.5920146107673645,-0.7250800132751465,0.9954372644424438,0.43242329359054565,0.5831878185272217,0.23589923977851868,0.07203049212694168,0.45871496200561523,0.6820057034492493,-0.651875913143158,0.9865232706069946,0.4118669033050537,0.6496317982673645,0.0829576700925827,0.12285356968641281,0.46899592876434326,0.7057101130485535,-0.730896532535553,0.9733449220657349,0.40096917748451233,0.668188214302063,0.08291842043399811,0.12278800457715988,0.44934868812561035,0.708338737487793,-0.7188115119934082,0.9717162251472473,0.39940500259399414,0.668968915939331,0.0013758887071162462,0.12530061602592468,0.44254687428474426,0.6995682120323181,-0.6421337127685547,0.9566187262535095,0.407243937253952,0.6622692942619324,0.044091928750276566,0.13371247053146362,0.5244681239128113,0.6390371322631836,-0.24524065852165222,0.9997909069061279,0.47853726148605347,0.6386780738830566,0.24534185230731964,0.9997485876083374,0.4610775113105774,0.7450348138809204,-0.3518843650817871,0.984644889831543,0.24541543424129486,0.6728285551071167,0.3394249677658081,0.8872867822647095,0.6835648417472839,0.7326540350914001,-0.007395993918180466,0.9853689670562744,0.44351616501808167,0.7506281733512878,0.4998800754547119,0.9558169841766357,0.716099202632904,0.718049943447113,0.027559597045183182,0.9699504971504211,0.4820393919944763,0.7544829845428467,0.5141110420227051,0.9534381031990051,0.7219139337539673,0.7728031873703003,0.011048057116568089,0.9762980937957764,0.42374280095100403,0.790684163570404,0.520659863948822,0.9409599304199219
22,lunge,0,0.3413468301296234,0.4506400525569916,-0.29199540615081787,0.9999564290046692,0.34975090622901917,0.44013553857803345,-0.33320626616477966,0.9999568462371826,0.35340526700019836,0.43927568197250366,-0.33323758840560913,0.9999585151672363,0.3572264611721039,0.4384334087371826,-0.33327701687812805,0.9999725222587585,0.34639719128608704,0.44084224104881287,-0.25958406925201416,0.9999258518218994,0.3478378355503082,0.44039642810821533,-0.25948038697242737,0.999902606010437,0.349373996257782,0.4398937225341797,-0.2595471739768982,0.999927282333374,0.3949987292289734,0.43826013803482056,-0.43349066376686096,0.9999704360961914,0.38308367133140564,0.439371794462204,-0.10377053171396255,0.9998666048049927,0.36032208800315857,0.45704275369644165,-0.32457372546195984,0.9999613165855408,0.35662922263145447,0.45796719193458557,-0.229214608669281,0.9999123811721802,0.474595308303833,0.4932282269001007,-0.6132729053497314,0.9999926090240479,0.4186137318611145,0.49453437328338623,0.1650204211473465,0.9997106194496155,0.48154425621032715,0.5903679132461548,-0.6943027973175049,0.995710551738739,0.43324100971221924,0.5828846096992493,0.23823219537734985,0.0752178281545639,0.4578445851802826,0.6797090172767639,-0.599179744720459,0.9875772595405579,0.4013068974018097,0.6472834944725037,0.08076813817024231,0.13436193764209747,0.467029869556427,0.7029433846473694,-0.6727182865142822,0.9752792716026306,0.39826539158821106,0.6695090532302856,0.07540740817785263,0.13270142674446106,0.4461396336555481,0.7060493230819702,-0.661605179309845,0.9738025069236755,0.3967335522174835,0.6699045896530151,-0.0007603613776154816,0.13531506061553955,0.43929606676101685,0.6983056664466858,-0.5891113877296448,0.9595773220062256,0.4065249264240265,0.6630210876464844,0.04329412430524826,0.14361035823822021,0.5213190317153931,0.6387581825256348,-0.24397553503513336,0.9998102188110352,0.47131359577178955,0.6368535161018372,0.2440461367368698,0.9997714161872864,0.4448723793029785,0.7395264506340027,-0.3521502912044525,0.9859457015991211,0.30984148383140564,0.694333016872406,0.323920339345932,0.8942060470581055,0.6365192532539368,0.7333429455757141,0.045391567051410675,0.9862415194511414,0.48290368914604187,0.751177191734314,0.5079516172409058,0.9574164152145386,0.670117974281311,0.7210147380828857,0.08554928749799728,0.969795286655426,0.5220468640327454,0.7534156441688538,0.5252155661582947,0.9543339014053345,0.6495177745819092,0.773173987865448,0.08699776977300644,0.9777999520301819,0.46498504281044006,0.7928480505943298,0.5431162714958191,0.943557620048523
23,lunge,0,0.34744733572006226,0.44378525018692017,-0.1730661690235138,0.9999597072601318,0.35436975955963135,0.43260136246681213,-0.20899935066699982,0.9999604821205139,0.3577350676059723,0.43169793486595154,-0.20901913940906525,0.9999619722366333,0.36126720905303955,0.4308027923107147,-0.2090679407119751,0.9999748468399048,0.352003276348114,0.43319016695022583,-0.1350402683019638,0.9999316930770874,0.35378456115722656,0.43264806270599365,-0.1349535435438156,0.9999099373817444,0.3557434380054474,0.43206587433815,-0.13503199815750122,0.9999332427978516,0.39691951870918274,0.4327881336212158,-0.30735743045806885,0.9999728798866272,0.3881971836090088,0.43359798192977905,0.019272319972515106,0.9998774528503418,0.36487287282943726,0.4516417682170868,-0.2051028311252594,0.9999643564224243,0.36234188079833984,0.4525727331638336,-0.11060912162065506,0.999919056892395,0.47185128927230835,0.48831701278686523,-0.5214197635650635,0.999993085861206,0.4349827468395233,0.48586419224739075,0.2721097767353058,0.9997206926345825,0.4823261797428131,0.5856785178184509,-0.6063339114189148,0.9959297776222229,0.4438539147377014,0.5719209909439087,0.29591524600982666,0.07736290246248245,0.45622947812080383,0.6720706224441528,-0.5161532759666443,0.9885448813438416,0.4054686427116394,0.6355292201042175,0.0997881069779396,0.14191824197769165,0.46404629945755005,0.6944574117660522,-0.5941020846366882,0.9771038293838501,0.4021000564098358,0.6541168093681335,0.09727700054645538,0.13898630440235138,0.4450364112854004,0.6980492472648621,-0.5803351998329163,0.9757771492004395,0.40221866965293884,0.6562054753303528,0.026697523891925812,0.14210818707942963,0.439052015542984,0.6904415488243103,-0.504211962223053,0.9624838829040527,0.415566623210907,0.6495707631111145,0.06571952998638153,0.1500670611858368,0.5207834839820862,0.6317815780639648,-0.25298774242401123,0.9998262524604797,0.47566109895706177,0.6300309300422668,0.2529008984565735,0.999790608882904,0.26712608337402344,0.6703543066978455,-0.2786496877670288,0.985821008682251,0.5020309090614319,0.7224730849266052,0.3000132441520691,0.8994170427322388,0.4234856367111206,0.7497233152389526,0.17062613368034363,0.9864823222160339,0.734962522983551,0.7286214828491211,0.5001485347747803,0.9598143696784973,0.4643094837665558,0.7301744222640991,0.21482321619987488,0.969399631023407,0.7858944535255432,0.7214059829711914,0.5149694085121155,0.9572361707687378,0.32603809237480164,0.7784073948860168,0.21954204142093658,0.9784325361251831,0.7210978269577026,0.7703584432601929,0.521958589553833,0.9465517997741699
24,lunge,0,0.348844438791275,0.44119858741760254,-0.17961333692073822,0.9999626278877258,0.3560728430747986,0.4292861521244049,-0.21538344025611877,0.999963641166687,0.3593471050262451,0.4283224046230316,-0.21540609002113342,0.9999649524688721,0.36274394392967224,0.4273706376552582,-0.21545033156871796,0.9999768733978271,0.3541044592857361,0.42972278594970703,-0.1434556394815445,0.9999368190765381,0.35610154271125793,0.4290269911289215,-0.1433665156364441,0.9999162554740906,0.35821840167045593,0.4283074140548706,-0.14344309270381927,0.9999384880065918,0.39756959676742554,0.4305258095264435,-0.31211698055267334,0.9999750256538391,0.3898370862007141,0.4304746389389038,0.005940622184425592,0.9998869895935059,0.36664706468582153,0.45044437050819397,-0.21099428832530975,0.9999669790267944,0.36467429995536804,0.45147931575775146,-0.1189315989613533,0.9999249577522278,0.470819354057312,0.4841340184211731,-0.5184100866317749,0.9999935030937195,0.4382881820201874,0.48145362734794617,0.25779539346694946,0.9997342228889465,0.48310714960098267,0.5825956463813782,-0.5983043313026428,0.9961526393890381,0.44573014974594116,0.5662385821342468,0.29172834753990173,0.0797216147184372,0.45529529452323914,0.6676348447799683,-0.501958966255188,0.9894455075263977,0.40639176964759827,0.634186863899231,0.10554662346839905,0.15124516189098358,0.46197745203971863,0.6910071969032288,-0.5771728754043579,0.9787956476211548,0.3985227048397064,0.6512709856033325,0.08859413862228394,0.14700642228126526,0.4439721703529358,0.6969334483146667,-0.5665329098701477,0.9775943160057068,0.4042896330356598,0.6540228128433228,0.021759100258350372,0.15069249272346497,0.4387248158454895,0.6889034509658813,-0.49110332131385803,0.9651704430580139,0.4160637855529785,0.6473599076271057,0.07028130441904068,0.15852920711040497,0.5198477506637573,0.6278316974639893,-0.25099197030067444,0.9998404383659363,0.48034289479255676,0.6259915232658386,0.2509108781814575,0.9998086094856262,0.25634902715682983,0.6632072925567627,-0.21592086553573608,0.9858822822570801,0.5188445448875427,0.7253355383872986,0.29991379380226135,0.9037238359451294,0.41054823994636536,0.7525506019592285,0.21810929477214813,0.9864316582679749,0.7551816701889038,0.7230620384216309,0.4757172763347626,0.9613958597183228,0.47430360317230225,0.7330529689788818,0.25940319895744324,0.9683497548103333,0.8059225082397461,0.7160141468048096,0.4923698604106903,0.9593435525894165,0.316820353269577,0.7796915769577026,0.27210038900375366,0.9785962700843811,0.7354262471199036,0.7653099894523621,0.5138120651245117,0.9483941793441772
96,lunge,1,0.5453026294708252,0.45132458209991455,0.045903708785772324,0.99978107213974,0.5561940670013428,0.442171186208725,0.009445471689105034,0.9998044967651367,0.5594555735588074,0.4417920410633087,0.009563851170241833,0.9998530149459839,0.563043475151062,0.4413490891456604,0.009593578986823559,0.99985271692276,0.5549086928367615,0.4421500563621521,0.0823923721909523,0.9995024800300598,0.5570806860923767,0.4417397677898407,0.08237729221582413,0.9995265007019043,0.5597595572471619,0.4412287175655365,0.08215929567813873,0.9996215105056763,0.5943458080291748,0.44313526153564453,-0.10875951498746872,0.9998410940170288,0.5899898409843445,0.44304269552230835,0.20681767165660858,0.9994539022445679,0.5578817129135132,0.46014404296875,0.006408038083463907,0.9996786117553711,0.5548263192176819,0.4602223336696625,0.09823611378669739,0.9990496635437012,0.6454273462295532,0.499509334564209,-0.30868643522262573,0.9999783635139465,0.6099923849105835,0.49613094329833984,0.40024304389953613,0.9983994960784912,0.6719510555267334,0.5834370255470276,-0.37357115745544434,0.9905714988708496,0.611985981464386,0.5741367936134338,0.44815605878829956,0.03916483372449875,0.6275860667228699,0.6604077219963074,-0.298155814409256,0.9852442741394043,0.5852876305580139,0.6414507627487183,0.34919965267181396,0.0760849118232727,0.6418555974960327,0.6791849732398987,-0.34438660740852356,0.9746794700622559,0.5906453728675842,0.6567375063896179,0.35334140062332153,0.07710994780063629,0.634093701839447,0.6809724569320679,-0.32991114258766174,0.9737630486488342,0.5907966494560242,0.6560624241828918,0.30217981338500977,0.07668854296207428,0.6268429756164551,0.6730880737304688,-0.2845952808856964,0.9616386294364929,0.5823879837989807,0.6500786542892456,0.3219101130962372,0.08436144143342972,0.6242230534553528,0.6383010745048523,-0.23932845890522003,0.9998632073402405,0.6211077570915222,0.6371759176254272,0.23865258693695068,0.9996979236602783,0.3624924123287201,0.624862551689148,-0.12382066994905472,0.9816005229949951,0.6063166856765747,0.7517513036727905,0.19910241663455963,0.5463688373565674,0.31891918182373047,0.7420130968093872,0.056363850831985474,0.9790772199630737,0.8231790661811829,0.7241408824920654,0.453188955783844,0.669677197933197,0.32982614636421204,0.7651107907295227,0.0742175355553627,0.9546411037445068,0.8675283789634705,0.7060715556144714,0.49042391777038574,0.7666031122207642,0.2084767073392868,0.7430340051651001,0.08499633520841599,0.9757262468338013,0.8509699106216431,0.7633074522018433,0.5280059576034546,0.7830636501312256
97,lunge,1,0.5395393967628479,0.45057570934295654,0.040809135884046555,0.9997878670692444,0.5511299967765808,0.44133561849594116,0.0048082140274345875,0.999819278717041,0.554327130317688,0.44093194603919983,0.004903771448880434,0.9998626112937927,0.5578147172927856,0.44048863649368286,0.00492327194660902,0.9998642206192017,0.5500116348266602,0.44131991267204285,0.07786592841148376,0.9995406866073608,0.5522609353065491,0.44088301062583923,0.07785315066576004,0.9995543360710144,0.5550698637962341,0.44035467505455017,0.07761918753385544,0.999650239944458,0.5899468660354614,0.44291266798973083,-0.11586042493581772,0.999850869178772,0.5860574245452881,0.442762553691864,0.20013710856437683,0.9994889497756958,0.552403450012207,0.459755539894104,-0.00011817801714641973,0.9996923804283142,0.5495771765708923,0.4598555564880371,0.09191835671663284,0.9990941286087036,0.6378822326660156,0.49959254264831543,-0.31673485040664673,0.9999755620956421,0.6063912510871887,0.49639928340911865,0.39196810126304626,0.9983181953430176,0.6618764400482178,0.5827527642250061,-0.38932004570961,0.9873825311660767,0.5988975763320923,0.5747122168540955,0.43502065539360046,0.03703315183520317,0.6151888966560364,0.6600555777549744,-0.32687559723854065,0.982664942741394,0.5801184177398682,0.642509400844574,0.3371599316596985,0.07179377228021622,0.6278408765792847,0.6791863441467285,-0.37602105736732483,0.971435546875,0.5806156396865845,0.6580670475959778,0.3418521583080292,0.07295307517051697,0.6211302876472473,0.6813052296638489,-0.3610326647758484,0.9703724980354309,0.5812298655509949,0.65757817029953,0.29071637988090515,0.07258135080337524,0.6158744692802429,0.6731430292129517,-0.31389373540878296,0.9574353694915771,0.5823997259140015,0.6517734527587891,0.30988237261772156,0.08042799681425095,0.6183726787567139,0.6386781334877014,-0.23761454224586487,0.999850332736969,0.617141842842102,0.6373929977416992,0.23704618215560913,0.9996903538703918,0.3558945953845978,0.6267438530921936,-0.13887295126914978,0.9780811667442322,0.6089202761650085,0.7514553666114807,0.2188699096441269,0.5784071683883667,0.3080950379371643,0.7424978613853455,0.04072648286819458,0.9783975481987,0.8258737921714783,0.7246954441070557,0.4833262860774994,0.6967549920082092,0.3204418122768402,0.7671893835067749,0.06034807488322258,0.9544457197189331,0.8723495006561279,0.7076935768127441,0.5230810046195984,0.7874506115913391,0.19547463953495026,0.7416788935661316,0.05451653152704239,0.9738322496414185,0.8479097485542297,0.7649343609809875,0.5491331219673157,0.796755850315094
98,lunge,1,0.5331912636756897,0.4495723843574524,0.033993009477853775,0.9997974038124084,0.5446680784225464,0.44023048877716064,-0.0021785178687423468,0.9998335838317871,0.5477430820465088,0.43980923295021057,-0.002092999406158924,0.9998722672462463,0.5511695742607117,0.4393785297870636,-0.0020854133181273937,0.9998751878738403,0.5437496900558472,0.44020625948905945,0.07046011835336685,0.9995772838592529,0.5459644794464111,0.4397323429584503,0.07045338302850723,0.9995831251144409,0.5487411618232727,0.4391903579235077,0.07023216038942337,0.9996777772903442,0.5816007256507874,0.44212231040000916,-0.1223774328827858,0.9998611807823181,0.5788238644599915,0.4420008063316345,0.19195906817913055,0.999524712562561,0.5448882579803467,0.45872369408607483,-0.006636513862758875,0.999709963798523,0.5428629517555237,0.45891761779785156,0.08498857915401459,0.9991472363471985,0.6291936039924622,0.49912092089653015,-0.3190319240093231,0.9999740123748779,0.6007063984870911,0.49630007147789,0.38526326417922974,0.9982813000679016,0.6511061787605286,0.5828856229782104,-0.3809773325920105,0.9849444627761841,0.594140887260437,0.5749503374099731,0.4260989725589752,0.035317692905664444,0.6029289364814758,0.6595999598503113,-0.30209118127822876,0.9808353185653687,0.5678060054779053,0.6426486968994141,0.32758378982543945,0.06851425021886826,0.6164788007736206,0.6783384680747986,-0.351092666387558,0.9690043330192566,0.5637633204460144,0.6583008766174316,0.3414140045642853,0.06978194415569305,0.6079201102256775,0.6804385781288147,-0.3368276357650757,0.9678561091423035,0.5645524263381958,0.6578371524810791,0.28389787673950195,0.0694541484117508,0.6018218398094177,0.672488808631897,-0.2889469265937805,0.9544451832771301,0.5707103610038757,0.6519109010696411,0.29980236291885376,0.07761108875274658,0.6167437434196472,0.6385915875434875,-0.23518413305282593,0.999838650226593,0.6142569780349731,0.6368796825408936,0.2347206026315689,0.9996841549873352,0.34974223375320435,0.6288657784461975,-0.12486971169710159,0.9740521311759949,0.6090308427810669,0.7510477900505066,0.2479911744594574,0.6039527058601379,0.30307233333587646,0.7434186935424805,0.06189127638936043,0.9774662256240845,0.8266043066978455,0.7247723937034607,0.49745386838912964,0.721506655216217,0.3147382438182831,0.7679779529571533,0.07863865792751312,0.953877329826355,0.8710713982582092,0.7087969183921814,0.5342811942100525,0.8062514066696167,0.1888505220413208,0.7455155253410339,0.06275133043527603,0.9717905521392822,0.8498697876930237,0.7650635242462158,0.5499328374862671,0.8097002506256104
99,lunge,1,0.5165435671806335,0.4477705657482147,0.040079712867736816,0.9998045563697815,0.5292373299598694,0.4381033778190613,0.0029468487482517958,0.9998460412025452,0.532464325428009,0.4376739263534546,0.0030141572933644056,0.9998807311058044,0.5360066890716553,0.4372224807739258,0.0030136380810290575,0.999884843826294,0.5281845331192017,0.43815404176712036,0.07774316519498825,0.999608039855957,0.5304107666015625,0.43772920966148376,0.07775311917066574,0.9996054768562317,0.533170223236084,0.4372297525405884,0.07753481715917587,0.999700665473938,0.5648354291915894,0.44046008586883545,-0.12105325609445572,0.9998703598976135,0.5620123744010925,0.44044438004493713,0.20248360931873322,0.9995521306991577,0.5269158482551575,0.4567015469074249,-0.0020236512646079063,0.9997234344482422,0.5250425338745117,0.4568745791912079,0.09226283431053162,0.9991832375526428,0.6067445874214172,0.49710363149642944,-0.32553189992904663,0.9999734163284302,0.5863333940505981,0.4958573281764984,0.40108737349510193,0.9982388019561768,0.6245752573013306,0.581112802028656,-0.3881511986255646,0.983269989490509,0.5795190334320068,0.5750099420547485,0.4467906355857849,0.03398778662085533,0.5747739672660828,0.6597654223442078,-0.29693666100502014,0.979981541633606,0.5426799654960632,0.6406291127204895,0.34286078810691833,0.0664556697010994,0.5856519937515259,0.6775108575820923,-0.3438214957714081,0.9678866863250732,0.5377637147903442,0.6569841504096985,0.3478739857673645,0.06768884509801865,0.5775952339172363,0.6794335246086121,-0.3309327960014343,0.9667249917984009,0.5371615290641785,0.6562770009040833,0.2960401475429535,0.06741120666265488,0.5728034377098083,0.6720988154411316,-0.28340423107147217,0.9531072378158569,0.5446640849113464,0.6503645777702332,0.31491854786872864,0.07596955448389053,0.6000048518180847,0.6381959319114685,-0.23554570972919464,0.9998315572738647,0.6041346788406372,0.6367631554603577,0.23508289456367493,0.9996833205223083,0.3311276137828827,0.629665732383728,-0.12245640903711319,0.9699015617370605,0.6080288290977478,0.751177191734314,0.2562459409236908,0.6266607046127319,0.2946573495864868,0.7461369633674622,0.07398325949907303,0.9766214489936829,0.8264329433441162,0.7251955270767212,0.496444433927536,0.7446104288101196,0.3109198808670044,0.7689553499221802,0.09098948538303375,0.9539826512336731,0.8706507682800293,0.7090386152267456,0.5310543775558472,0.8236642479896545,0.1771785467863083,0.7468830943107605,0.08060568571090698,0.9702637791633606,0.8509915471076965,0.7648981809616089,0.5486975312232971,0.8224790096282959
100,lunge,1,0.5102027654647827,0.44739195704460144,0.03129350394010544,0.9998072385787964,0.522019624710083,0.43768760561943054,-0.005465237889438868,0.9998562335968018,0.5249354243278503,0.43724513053894043,-0.005399473011493683,0.9998871088027954,0.5282605886459351,0.43678897619247437,-0.005407329648733139,0.9998929500579834,0.5213079452514648,0.4377746880054474,0.06828036159276962,0.9996330142021179,0.5236319303512573,0.4373711347579956,0.06829569488763809,0.9996203780174255,0.5264840126037598,0.4368988275527954,0.06808684766292572,0.9997192621231079,0.5572294592857361,0.439881831407547,-0.12817756831645966,0.9998776912689209,0.5558640956878662,0.4399283230304718,0.19153596460819244,0.9995740056037903,0.5202524065971375,0.45628201961517334,-0.010213688015937805,0.9997321963310242,0.5187134146690369,0.45659229159355164,0.08296313136816025,0.9992072582244873,0.5994282960891724,0.49670571088790894,-0.32958152890205383,0.9999715685844421,0.5859897136688232,0.49570947885513306,0.3896336257457733,0.9981586933135986,0.6115079522132874,0.5814282298088074,-0.39121782779693604,0.9812085032463074,0.5785472989082336,0.5751740336418152,0.43466073274612427,0.03235539421439171,0.5619610548019409,0.660074770450592,-0.29710131883621216,0.9784829020500183,0.5462448000907898,0.6412791609764099,0.33479180932044983,0.0635576918721199,0.5719262361526489,0.6778128147125244,-0.34442317485809326,0.9658647179603577,0.5414698123931885,0.657343327999115,0.3412770628929138,0.0648408830165863,0.5659312009811401,0.6795798540115356,-0.32862862944602966,0.9646391868591309,0.5401668548583984,0.6566281318664551,0.2881118357181549,0.06458740681409836,0.5615516304969788,0.6725335121154785,-0.28279510140419006,0.9506216049194336,0.5466122627258301,0.6508057117462158,0.30698680877685547,0.07322916388511658,0.5888192057609558,0.6381126046180725,-0.23486264050006866,0.9998195767402649,0.597321629524231,0.6369835734367371,0.23444274067878723,0.9996757507324219,0.32132479548454285,0.6301082372665405,-0.11698359996080399,0.9635360240936279,0.6079015731811523,0.7513041496276855,0.2591158151626587,0.6450208425521851,0.29255685210227966,0.7466752529144287,0.09505771845579147,0.9748699069023132,0.8291053175926208,0.7254703044891357,0.49657565355300903,0.7643904685974121,0.3092583417892456,0.7697631120681763,0.11423486471176147,0.9526783227920532,0.8725398182868958,0.709805965423584,0.5305714011192322,0.8389259576797485,0.16825145483016968,0.747464120388031,0.10778640955686569,0.9673712253570557,0.8512017726898193,0.764603316783905,0.5479342341423035,0.8323473334312439
101,lunge,1,0.5037703514099121,0.4470703601837158,0.03214489668607712,0.9998099207878113,0.5153599977493286,0.4373888373374939,-0.00421260017901659,0.9998657703399658,0.5183644890785217,0.4369450509548187,-0.004142560064792633,0.9998931884765625,0.5217785835266113,0.436489462852478,-0.004152137320488691,0.9999004006385803,0.5149239897727966,0.43747398257255554,0.06879126280546188,0.9996562600135803,0.5174800157546997,0.4370785355567932,0.06881465017795563,0.9996348023414612,0.5205799341201782,0.4366139769554138,0.06861867755651474,0.9997366666793823,0.551750123500824,0.4394984841346741,-0.12563300132751465,0.9998844861984253,0.5508108735084534,0.439497172832489,0.19079098105430603,0.9995952248573303,0.5141510963439941,0.4561135768890381,-0.008557896129786968,0.9997388124465942,0.5129699110984802,0.45645636320114136,0.08366198092699051,0.9992262125015259,0.5934388041496277,0.4966409504413605,-0.32426345348358154,0.999969482421875,0.5847948789596558,0.49553167819976807,0.38688281178474426,0.9980860352516174,0.5977628827095032,0.5816872715950012,-0.3827033042907715,0.9789571166038513,0.5781547427177429,0.5752683281898499,0.42880967259407043,0.030723556876182556,0.5485681891441345,0.6601303219795227,-0.28077343106269836,0.9767236113548279,0.5452459454536438,0.6416037082672119,0.3307311534881592,0.060332879424095154,0.5593124032020569,0.6781455874443054,-0.32737115025520325,0.9634231925010681,0.5407008528709412,0.6580126881599426,0.34078747034072876,0.0616205632686615,0.5542983412742615,0.679828941822052,-0.30912894010543823,0.9621379375457764,0.5399632453918457,0.6581923961639404,0.28420013189315796,0.06135932356119156,0.5492717623710632,0.6728737950325012,-0.2657175660133362,0.9476790428161621,0.5442951321601868,0.6510539054870605,0.30287301540374756,0.06996314972639084,0.5763794779777527,0.6374836564064026,-0.23348668217658997,0.9998062252998352,0.5925700664520264,0.6371432542800903,0.23307734727859497,0.9996670484542847,0.30978158116340637,0.6303297281265259,-0.11251165717840195,0.9561733603477478,0.6068437099456787,0.7517120242118835,0.2559938132762909,0.6607030034065247,0.28856587409973145,0.7467412948608398,0.10247591882944107,0.9726191163063049,0.8330530524253845,0.725762665271759,0.48425278067588806,0.7818983793258667,0.30747121572494507,0.7696147561073303,0.12216263264417648,0.950884997844696,0.8720477223396301,0.710433304309845,0.5184428691864014,0.8526178598403931,0.16990293562412262,0.7519139051437378,0.12229719012975693,0.9637517929077148,0.8529409766197205,0.7644672989845276,0.5311732888221741,0.8406075835227966
102,lunge,1,0.4993889033794403,0.44694143533706665,0.025117140263319016,0.9998083710670471,0.5108461380004883,0.4372231066226959,-0.01176292821764946,0.9998730421066284,0.5137028098106384,0.43677374720573425,-0.01168869063258171,0.9998973608016968,0.5169697999954224,0.43631863594055176,-0.011695829220116138,0.9999063014984131,0.5107120871543884,0.43731585144996643,0.06151527538895607,0.99967360496521,0.5133416056632996,0.43692052364349365,0.061540570110082626,0.999641478061676,0.5165270566940308,0.4364641308784485,0.06134495511651039,0.9997488260269165,0.5458334684371948,0.43934375047683716,-0.1318885087966919,0.9998900294303894,0.5460658669471741,0.4393441379070282,0.1844675987958908,0.99960857629776,0.5095407962799072,0.45609429478645325,-0.015562266111373901,0.9997427463531494,0.5086056590080261,0.4564327597618103,0.07691652327775955,0.9992413520812988,0.5841951966285706,0.49678051471710205,-0.3274994194507599,0.9999690651893616,0.5826945304870605,0.4955408573150635,0.3856808841228485,0.9980592131614685,0.5868367552757263,0.5818891525268555,-0.39887604117393494,0.9780130982398987,0.5744540691375732,0.5753474831581116,0.4298642873764038,0.029279053211212158,0.5390162467956543,0.6599045991897583,-0.28508391976356506,0.9761232137680054,0.5398155450820923,0.6418495178222656,0.3287326693534851,0.05834265425801277,0.549405574798584,0.6781601905822754,-0.336826890707016,0.9626219272613525,0.5333611369132996,0.6581006646156311,0.3363174498081207,0.05977466702461243,0.5435033440589905,0.6797563433647156,-0.32034093141555786,0.9612973928451538,0.5329400300979614,0.6590073704719543,0.2829860746860504,0.059503223747015,0.5389414429664612,0.6729898452758789,-0.27149397134780884,0.9465582966804504,0.5388041138648987,0.6513897180557251,0.30087313055992126,0.06820791214704514,0.5674274563789368,0.6376148462295532,-0.23412252962589264,0.9998016357421875,0.587571382522583,0.6371914744377136,0.23372820019721985,0.9996637105941772,0.3012760281562805,0.630971372127533,-0.11885523051023483,0.9532783031463623,0.6057969927787781,0.7516475319862366,0.3001856505870819,0.6750031113624573,0.2861907482147217,0.7474953532218933,0.10031227767467499,0.9715566039085388,0.8371769785881042,0.7263026237487793,0.5226627588272095,0.7984054088592529,0.3060762584209442,0.7686845064163208,0.1209605485200882,0.9508174061775208,0.8659791946411133,0.7258903980255127,0.5548790097236633,0.8650856018066406,0.16891750693321228,0.7558246850967407,0.1276906132698059,0.9614616632461548,0.8545202016830444,0.764384388923645,0.571229875087738,0.8490188121795654
103,lunge,1,0.49227121472358704,0.44701316952705383,0.027521450072526932,0.9998205900192261,0.50388503074646,0.4373455047607422,-0.010169552639126778,0.9998834729194641,0.5066772699356079,0.4369042217731476,-0.010089822113513947,0.9999052286148071,0.5098667740821838,0.43644678592681885,-0.010085178539156914,0.9999141097068787,0.5033613443374634,0.4374195337295532,0.06395138055086136,0.9997000694274902,0.5056353807449341,0.4370160400867462,0.06398090720176697,0.9996665120124817,0.5082942247390747,0.4365400969982147,0.06379938125610352,0.9997687935829163,0.5375877618789673,0.4393683075904846,-0.13210168480873108,0.9998987913131714,0.5369038581848145,0.4393227696418762,0.18852828443050385,0.9996379613876343,0.5023871064186096,0.456118106842041,-0.013262060470879078,0.9997594952583313,0.5006453990936279,0.45645424723625183,0.08031590282917023,0.9992928504943848,0.5726913809776306,0.49650487303733826,-0.333003968000412,0.9999703168869019,0.5742313265800476,0.4952612519264221,0.39741483330726624,0.998135507106781,0.5670402646064758,0.5809425115585327,-0.4011392593383789,0.9786051511764526,0.5622758269309998,0.5752406120300293,0.4418376386165619,0.028686530888080597,0.5206429958343506,0.6593301892280579,-0.3033318519592285,0.976895272731781,0.5234085917472839,0.6432968378067017,0.33687999844551086,0.058128565549850464,0.5299927592277527,0.6776179075241089,-0.35436299443244934,0.9636077880859375,0.5167653560638428,0.6591378450393677,0.3390619158744812,0.05926744267344475,0.5238367915153503,0.6793657541275024,-0.33735543489456177,0.9623269438743591,0.5156235694885254,0.660369873046875,0.28902584314346313,0.05897948518395424,0.5190538167953491,0.6726413369178772,-0.28925785422325134,0.9479022026062012,0.5168911814689636,0.6530385613441467,0.3097113370895386,0.068018339574337,0.5499102473258972,0.637759268283844,-0.23592883348464966,0.9998019933700562,0.575941264629364,0.63817298412323,0.2355417013168335,0.9996733665466309,0.28688934445381165,0.6313030123710632,-0.11965318024158478,0.9514262080192566,0.6046444177627563,0.7516486048698425,0.2871907651424408,0.6898134350776672,0.2807290554046631,0.7478187680244446,0.10409419238567352,0.9708806872367859,0.8383461236953735,0.7263017892837524,0.501010000705719,0.81434565782547,0.30394938588142395,0.7678059935569763,0.1253000795841217,0.9515150785446167,0.8557501435279846,0.7287156581878662,0.5308650732040405,0.8769204616546631,0.1665945053100586,0.7609626054763794,0.14383085072040558,0.9603461623191833,0.8561683297157288,0.7642630338668823,0.547500491142273,0.8581970930099487
104,lunge,1,0.4837404489517212,0.44706183671951294,0.040985625237226486,0.9998226165771484,0.49531543254852295,0.437508761882782,0.0016118580242618918,0.9998900294303894,0.49824216961860657,0.43712306022644043,0.0017060796963050961,0.9999093413352966,0.5015373229980469,0.4367237091064453,0.0017291574040427804,0.9999191761016846,0.4945738911628723,0.43754538893699646,0.07669476419687271,0.9997162222862244,0.49674192070961,0.43716588616371155,0.07672607898712158,0.999675452709198,0.49919208884239197,0.4367199242115021,0.07651827484369278,0.9997807741165161,0.5303799510002136,0.4394371807575226,-0.1257563978433609,0.9999037384986877,0.5282521843910217,0.439340740442276,0.19970186054706573,0.9996497631072998,0.49473509192466736,0.45616593956947327,-0.0007650588522665203,0.999762237071991,0.4926559329032898,0.4565073549747467,0.0939972847700119,0.9993082880973816,0.5655670762062073,0.49614542722702026,-0.3343140482902527,0.9999706745147705,0.5651357769966125,0.4951980710029602,0.41212567687034607,0.9981653094291687,0.5514586567878723,0.5809337496757507,-0.4020442068576813,0.978410542011261,0.5492944717407227,0.5750870108604431,0.45558494329452515,0.027656380087137222,0.5049822926521301,0.6590128540992737,-0.3086484372615814,0.9769454002380371,0.5047777891159058,0.6432421803474426,0.34809842705726624,0.056895870715379715,0.5132724642753601,0.6777727007865906,-0.3565852642059326,0.9636337757110596,0.5011694431304932,0.6590155363082886,0.34854400157928467,0.05809104070067406,0.5065061450004578,0.6794666051864624,-0.3395489454269409,0.9623160362243652,0.5002652406692505,0.6599206328392029,0.2984749972820282,0.057736169546842575,0.5021801590919495,0.6726430654525757,-0.29537057876586914,0.9478534460067749,0.506986677646637,0.65314120054245,0.3206055462360382,0.06696593761444092,0.5421488881111145,0.6378734111785889,-0.23741157352924347,0.9997930526733398,0.5702016949653625,0.6382434964179993,0.2369871288537979,0.99966961145401,0.278037428855896,0.6325461268424988,-0.1187756359577179,0.9521652460098267,0.6038884520530701,0.7516136765480042,0.29016438126564026,0.7072300314903259,0.2782318890094757,0.7486202716827393,0.09499514847993851,0.9709029197692871,0.8395640850067139,0.7263028025627136,0.48656395077705383,0.8301573395729065,0.30665138363838196,0.767749547958374,0.11547752469778061,0.9521466493606567,0.8712127208709717,0.7189656496047974,0.5138759613037109,0.8878752589225769,0.1586061418056488,0.7655296921730042,0.13197685778141022,0.9596182703971863,0.8602026700973511,0.7645715475082397,0.5212949514389038,0.8681261539459229
105,lunge,1,0.4785584509372711,0.44715332984924316,0.034679051488637924,0.9998252987861633,0.49059849977493286,0.43756118416786194,-0.003912436775863171,0.999896228313446,0.49348965287208557,0.4371618628501892,-0.0038198819383978844,0.9999133348464966,0.4968535006046295,0.4367566406726837,-0.003803555155172944,0.9999239444732666,0.4898073971271515,0.437592476606369,0.07035748660564423,0.9997308850288391,0.4919224679470062,0.4371958076953888,0.0703834518790245,0.999683678150177,0.4945700764656067,0.43674236536026,0.07018034160137177,0.9997909069061279,0.5253716707229614,0.4394588768482208,-0.12741248309612274,0.999908983707428,0.5237162709236145,0.43938207626342773,0.1938735544681549,0.9996592998504639,0.4890865683555603,0.4561917781829834,-0.006534102838486433,0.9997686743736267,0.48675453662872314,0.456563800573349,0.08740884810686111,0.9993289113044739,0.5621225237846375,0.4961276054382324,-0.3428335189819336,0.9999716877937317,0.5548371076583862,0.4952346384525299,0.40760552883148193,0.9981746673583984,0.5534941554069519,0.5810288190841675,-0.4261050820350647,0.9789969325065613,0.5403175354003906,0.5751240253448486,0.4545800983905792,0.026672489941120148,0.5034778714179993,0.6589462757110596,-0.3571643829345703,0.9777507781982422,0.49680033326148987,0.6432772278785706,0.3457780182361603,0.05576168745756149,0.5113459229469299,0.6778866052627563,-0.41499441862106323,0.9647179841995239,0.491985946893692,0.6590607166290283,0.34609752893447876,0.0570356622338295,0.5029813647270203,0.679510772228241,-0.3969310224056244,0.9634294509887695,0.4912469983100891,0.659808874130249,0.2956426441669464,0.05665726214647293,0.4990324378013611,0.6726723909378052,-0.34267258644104004,0.9492945671081543,0.4990858733654022,0.6532354354858398,0.3180394470691681,0.06604442745447159,0.5365817546844482,0.6388541460037231,-0.23864416778087616,0.9997885227203369,0.5587592124938965,0.6386606693267822,0.2382158637046814,0.9996654987335205,0.2747207283973694,0.6329762935638428,-0.12661398947238922,0.9533224105834961,0.6038177609443665,0.7515019774436951,0.29699310660362244,0.7222367525100708,0.28027400374412537,0.7489479780197144,0.09116355329751968,0.9710385799407959,0.8394256234169006,0.7262966632843018,0.48223164677619934,0.8443284034729004,0.3104923963546753,0.7698321342468262,0.11204925179481506,0.9528895020484924,0.866637647151947,0.7254875898361206,0.5082354545593262,0.8977240920066833,0.15924903750419617,0.7672480344772339,0.12469813227653503,0.9590606689453125,0.8601194024085999,0.7633088827133179,0.5126602649688721,0.8770455718040466
106,lunge,1,0.4742344617843628,0.4473642110824585,0.014192718081176281,0.9998271465301514,0.4863486588001251,0.43784499168395996,-0.02639194391667843,0.9999016523361206,0.48929068446159363,0.4374934732913971,-0.026322554796934128,0.9999168515205383,0.49266311526298523,0.4371260702610016,-0.026318438351154327,0.9999280571937561,0.485813170671463,0.43782809376716614,0.05035240203142166,0.9997438788414001,0.48808467388153076,0.4374501407146454,0.05040770396590233,0.9996914863586426,0.490911602973938,0.4370245039463043,0.05021229758858681,0.9997994303703308,0.5217626094818115,0.43952691555023193,-0.15359874069690704,0.9999139904975891,0.5203279852867126,0.43939879536628723,0.17980994284152985,0.9996696710586548,0.4846542179584503,0.4562237560749054,-0.02736641652882099,0.9997750520706177,0.4827933609485626,0.456587553024292,0.06976552307605743,0.9993534088134766,0.5580974221229553,0.4961571991443634,-0.36852678656578064,0.999972403049469,0.5538516044616699,0.49526333808898926,0.4022285044193268,0.9982118010520935,0.554609477519989,0.5811202526092529,-0.45371681451797485,0.9794272184371948,0.5362348556518555,0.5751493573188782,0.4490868151187897,0.02591181918978691,0.5043131709098816,0.6590322852134705,-0.38162994384765625,0.9782691597938538,0.4980521500110626,0.6428475379943848,0.34138843417167664,0.055085424333810806,0.5118299722671509,0.6779820919036865,-0.44126155972480774,0.9653380513191223,0.48648765683174133,0.6590558290481567,0.34042617678642273,0.05640830844640732,0.50276118516922,0.6795924305915833,-0.4241970181465149,0.964076578617096,0.4861842095851898,0.6596961617469788,0.2885582149028778,0.05605483427643776,0.49907076358795166,0.6727413535118103,-0.3675783574581146,0.9500817656517029,0.4942416548728943,0.6533026695251465,0.31271371245384216,0.06562217324972153,0.5349332690238953,0.6400058269500732,-0.2401181012392044,0.9997870326042175,0.5553027987480164,0.6389213800430298,0.2397177666425705,0.9996675252914429,0.27341222763061523,0.6326217651367188,-0.1389746516942978,0.9550562500953674,0.6037189364433289,0.7513810992240906,0.31433093547821045,0.7382320165634155,0.28188589215278625,0.7493391036987305,0.08917535841464996,0.9713025689125061,0.8383536338806152,0.725981593132019,0.48070189356803894,0.8578352928161621,0.3103776276111603,0.7696065902709961,0.1090262234210968,0.9539892077445984,0.8708886504173279,0.7134336233139038,0.5048279166221619,0.9068635106086731,0.158682718873024,0.7688102722167969,0.11986594647169113,0.9589598774909973,0.8593016862869263,0.7629563212394714,0.5067243576049805,0.8862159848213196
107,lunge,1,0.4682339131832123,0.4474119544029236,-0.01834876649081707,0.9998331665992737,0.4806704819202423,0.4379236698150635,-0.05872449278831482,0.9999068379402161,0.48378968238830566,0.4375659227371216,-0.05867784842848778,0.9999203681945801,0.4873100817203522,0.4371888339519501,-0.05869021266698837,0.999932050704956,0.47992879152297974,0.4379134476184845,0.01764857769012451,0.9997565150260925,0.48222652077674866,0.43753597140312195,0.01770784519612789,0.999700665473938,0.4850805699825287,0.43710681796073914,0.017550989985466003,0.9998080134391785,0.5169755816459656,0.4396000802516937,-0.18363730609416962,0.9999191164970398,0.5150702595710754,0.4394773542881012,0.14964956045150757,0.9996828436851501,0.47892194986343384,0.45626145601272583,-0.05941152200102806,0.9997861981391907,0.4768236577510834,0.4566228985786438,0.03756243735551834,0.999390721321106,0.5545411109924316,0.4961782693862915,-0.3942624628543854,0.9999738335609436,0.5367988348007202,0.495270311832428,0.37660953402519226,0.9982821941375732,0.5492755174636841,0.5811815857887268,-0.4771209955215454,0.9802086353302002,0.5214853882789612,0.5751744508743286,0.4213978350162506,0.026186302304267883,0.5027467608451843,0.65910804271698,-0.4035663306713104,0.9791371822357178,0.48195093870162964,0.6427923440933228,0.2860442101955414,0.05661677569150925,0.5108409523963928,0.6779950857162476,-0.46692022681236267,0.9665324091911316,0.4733829200267792,0.6583426594734192,0.2813781499862671,0.058131441473960876,0.5010024905204773,0.6797959804534912,-0.4511328637599945,0.9653438329696655,0.475383460521698,0.658794105052948,0.2278563231229782,0.057906895875930786,0.496746689081192,0.6730053424835205,-0.3903864026069641,0.951715886592865,0.48414120078086853,0.652675211429596,0.2564117908477783,0.06805963814258575,0.5430849194526672,0.6411065459251404,-0.23989716172218323,0.9997820258140564,0.5326032638549805,0.6378373503684998,0.23955634236335754,0.9996664524078369,0.2752710282802582,0.633200466632843,-0.15454795956611633,0.9557251334190369,0.6035670042037964,0.7513450980186462,0.3041006624698639,0.7488865852355957,0.2823438048362732,0.7502886652946472,0.08261033892631531,0.9714739918708801,0.8382225632667542,0.7256140112876892,0.46818530559539795,0.8692055940628052,0.3080715835094452,0.7696703672409058,0.10347923636436462,0.9546247124671936,0.8700885772705078,0.7073606252670288,0.4909270405769348,0.9149144291877747,0.1581195592880249,0.7693783044815063,0.08363867551088333,0.9589737057685852,0.8593031764030457,0.761695384979248,0.47932764887809753,0.893670380115509
108,lunge,1,0.4642932713031769,0.44741418957710266,-0.024597207084298134,0.9998399615287781,0.4762847125530243,0.43797868490219116,-0.0635727122426033,0.9999122023582458,0.4791143536567688,0.43761998414993286,-0.06352423876523972,0.9999241828918457,0.4822658598423004,0.4372415840625763,-0.06354150921106339,0.9999362826347351,0.4761694073677063,0.43796706199645996,0.011379486881196499,0.9997703433036804,0.478633850812912,0.43758851289749146,0.011437216773629189,0.9997124671936035,0.48145201802253723,0.4371570944786072,0.011296792887151241,0.9998175501823425,0.5117975473403931,0.4396648705005646,-0.18372803926467896,0.9999241828918457,0.5102262496948242,0.439535528421402,0.14260496199131012,0.9996973276138306,0.47533050179481506,0.4562286138534546,-0.06395634263753891,0.9997971057891846,0.4736315608024597,0.4566241502761841,0.031030669808387756,0.9994255900382996,0.5531265735626221,0.49619215726852417,-0.39478275179862976,0.9999748468399048,0.5326808094978333,0.4952857494354248,0.3675197660923004,0.9982949495315552,0.5485026836395264,0.5815653204917908,-0.4703294038772583,0.9808312058448792,0.5193113684654236,0.5758063197135925,0.4088435173034668,0.025617428123950958,0.5023193955421448,0.6591821908950806,-0.38510099053382874,0.9798071384429932,0.48764508962631226,0.6425401568412781,0.27576515078544617,0.05564187094569206,0.5103612542152405,0.6780592799186707,-0.44395843148231506,0.9674152731895447,0.48201656341552734,0.6583631038665771,0.27098631858825684,0.057526957243680954,0.5003736615180969,0.6798527836799622,-0.42780283093452454,0.9662878513336182,0.48454415798187256,0.658825159072876,0.22163139283657074,0.05736447498202324,0.49664542078971863,0.673069179058075,-0.37141942977905273,0.9529743194580078,0.49236977100372314,0.6527348160743713,0.24783706665039062,0.06765496730804443,0.5454807281494141,0.6415798664093018,-0.23626762628555298,0.9997575879096985,0.5261663198471069,0.6370993852615356,0.2360861748456955,0.999642014503479,0.27697649598121643,0.633164644241333,-0.15444613993167877,0.9541757106781006,0.6033580303192139,0.7511178255081177,0.2615034282207489,0.7551010847091675,0.28236669301986694,0.7506882548332214,0.07175521552562714,0.9712846279144287,0.8378126621246338,0.7256795167922974,0.4360419511795044,0.8781669735908508,0.3085176348686218,0.7701895236968994,0.08983676880598068,0.9551099538803101,0.8742998242378235,0.7143498063087463,0.45964768528938293,0.9218605160713196,0.15759776532649994,0.7688774466514587,0.04913530871272087,0.9584975838661194,0.8857216835021973,0.7588920593261719,0.4450288414955139,0.8986031413078308
109,lunge,1,0.4437337815761566,0.38292041420936584,-0.024555185809731483,0.9998433589935303,0.45277154445648193,0.3777049481868744,-0.062199998646974564,0.9999144673347473,0.45719414949417114,0.3776492774486542,-0.062157221138477325,0.9999240040779114,0.46191850304603577,0.3775499761104584,-0.06222839653491974,0.9999375939369202,0.4497286081314087,0.37830039858818054,0.017574703320860863,0.9997660517692566,0.4517366886138916,0.3788256049156189,0.017681220546364784,0.9996863603591919,0.45385316014289856,0.37931278347969055,0.01753472536802292,0.9998055696487427,0.5073965787887573,0.38118776679039,-0.1783021241426468,0.9999291300773621,0.4990457594394684,0.38269513845443726,0.1742449849843979,0.9996851086616516,0.4621841013431549,0.3873261511325836,-0.06296789646148682,0.9998083114624023,0.4588785767555237,0.38902440667152405,0.03831176459789276,0.9994443655014038,0.5485786199569702,0.4403991103172302,-0.4239139258861542,0.9999762177467346,0.5100484490394592,0.4480694830417633,0.43607714772224426,0.9979933500289917,0.5488146543502808,0.5529480576515198,-0.5085218548774719,0.9798921346664429,0.5243362784385681,0.5449141263961792,0.4542640149593353,0.024945978075265884,0.49433737993240356,0.6556167602539062,-0.38736632466316223,0.9788118600845337,0.4735029935836792,0.6151337623596191,0.290273517370224,0.05541979894042015,0.507516086101532,0.6781145334243774,-0.46438267827033997,0.9653252363204956,0.457920640707016,0.6344121098518372,0.28494516015052795,0.056390728801488876,0.49556681513786316,0.6805456280708313,-0.45697692036628723,0.9643886685371399,0.4589375853538513,0.6324400901794434,0.22661489248275757,0.05626644194126129,0.4908766448497772,0.6722300052642822,-0.37880080938339233,0.9515202641487122,0.468921035528183,0.6266356706619263,0.25983962416648865,0.06666401028633118,0.5474466681480408,0.6009589433670044,-0.28030914068222046,0.9997780323028564,0.5265175104141235,0.6024680733680725,0.2800312340259552,0.9996687173843384,0.282392680644989,0.6512206196784973,-0.29455891251564026,0.9541484117507935,0.5212641358375549,0.7070655822753906,0.32613033056259155,0.728294849395752,0.37089210748672485,0.7495533227920532,-0.039024896919727325,0.9709781408309937,0.781270444393158,0.735301673412323,0.4881664216518402,0.8789892792701721,0.3985016942024231,0.7556576728820801,-0.0166870579123497,0.9527143836021423,0.8240283131599426,0.7300772666931152,0.5004430413246155,0.922605574131012,0.32800132036209106,0.786798357963562,-0.07233699411153793,0.958837628364563,0.8265601396560669,0.774010419845581,0.4687916934490204,0.8958309888839722
110,lunge,1,0.4292483627796173,0.3634512424468994,0.010528252460062504,0.9998456835746765,0.4421217441558838,0.35205021500587463,-0.033716730773448944,0.9999188780784607,0.4462333917617798,0.3516099154949188,-0.03363759443163872,0.9999266862869263,0.450730562210083,0.35101667046546936,-0.03364545851945877,0.9999408721923828,0.4411865472793579,0.3525258004665375,0.05719098076224327,0.9997764825820923,0.44456133246421814,0.3523566424846649,0.05729452520608902,0.9996926784515381,0.448503315448761,0.35191699862480164,0.057096537202596664,0.9998139142990112,0.4924885332584381,0.35400500893592834,-0.1751704216003418,0.9999328255653381,0.49139219522476196,0.35396307706832886,0.20228220522403717,0.9996957778930664,0.44458654522895813,0.37286293506622314,-0.04397973045706749,0.9998125433921814,0.44253677129745483,0.3745523989200592,0.0719708725810051,0.9994524121284485,0.5448951721191406,0.43290022015571594,-0.4159102439880371,0.9999749660491943,0.5261197090148926,0.4342445135116577,0.4461655616760254,0.9978120923042297,0.5504823327064514,0.5463759899139404,-0.5015409588813782,0.9774652123451233,0.530543327331543,0.5421156883239746,0.4915911555290222,0.02500048093497753,0.49310043454170227,0.6537215709686279,-0.3088361918926239,0.9779823422431946,0.4814862906932831,0.6211474537849426,0.36530616879463196,0.058068256825208664,0.506243109703064,0.6781392693519592,-0.3790692985057831,0.964462399482727,0.4679500460624695,0.6395125985145569,0.3577418625354767,0.058839473873376846,0.4899123013019562,0.6809849739074707,-0.3616198003292084,0.9635586142539978,0.4691687524318695,0.6384011507034302,0.29816699028015137,0.0585811547935009,0.48503684997558594,0.6717050075531006,-0.29388847947120667,0.951132595539093,0.4785533845424652,0.6328439712524414,0.33139556646347046,0.07005277276039124,0.5501477122306824,0.6085907816886902,-0.28401610255241394,0.9997902512550354,0.535000205039978,0.606306791305542,0.28352463245391846,0.9996882081031799,0.20741769671440125,0.6156792640686035,-0.22895202040672302,0.9514755606651306,0.6144524812698364,0.7527589201927185,0.32400694489479065,0.7381349205970764,0.21833203732967377,0.7615055441856384,0.04184863716363907,0.9673393368721008,0.9077561497688293,0.7354820370674133,0.5356759428977966,0.887495219707489,0.2545938193798065,0.7818983793258667,0.07248267531394958,0.9481865167617798,0.9467359781265259,0.7277845740318298,0.5663859248161316,0.9283859133720398,0.0872470885515213,0.8009960651397705,0.06243827939033508,0.9539327025413513,0.9427520036697388,0.7772141695022583,0.5509059429168701,0.9007434844970703
111,lunge,1,0.4226081073284149,0.35616105794906616,0.020108625292778015,0.9998525977134705,0.43656814098358154,0.3455967307090759,-0.025204913690686226,0.9999240636825562,0.4407084286212921,0.34548041224479675,-0.025107184424996376,0.9999306201934814,0.4453756511211395,0.34525489807128906,-0.025091517716646194,0.9999447464942932,0.4354228377342224,0.3455427885055542,0.06685909628868103,0.9997909665107727,0.43857342004776,0.3453761637210846,0.06693640351295471,0.9997086524963379,0.4424555003643036,0.34503352642059326,0.06669162958860397,0.9998258948326111,0.4865781366825104,0.3490505814552307,-0.1734776496887207,0.9999366402626038,0.48568597435951233,0.34802958369255066,0.21068832278251648,0.9997146725654602,0.4383804500102997,0.37003418803215027,-0.035691797733306885,0.999821126461029,0.43594828248023987,0.37028661370277405,0.08198734372854233,0.9994810223579407,0.5338888168334961,0.4289015829563141,-0.41500312089920044,0.9999735951423645,0.5285998582839966,0.4281906187534332,0.4595073163509369,0.9977887868881226,0.5414642691612244,0.5429020524024963,-0.4830295443534851,0.97642982006073,0.5245498418807983,0.5372230410575867,0.5174366235733032,0.02583017386496067,0.48127076029777527,0.6529629230499268,-0.31890812516212463,0.9781305193901062,0.4691806435585022,0.6231255531311035,0.42042726278305054,0.06103738397359848,0.493439644575119,0.6786952018737793,-0.385830819606781,0.9648439288139343,0.45391646027565,0.6420738101005554,0.41901257634162903,0.061020754277706146,0.47764715552330017,0.6815247535705566,-0.3694014549255371,0.9639472961425781,0.4557684361934662,0.6417366862297058,0.3610837459564209,0.06069318205118179,0.47163477540016174,0.6717157363891602,-0.3042280375957489,0.9518996477127075,0.4657430648803711,0.6359981298446655,0.3878781795501709,0.07312434911727905,0.5483511686325073,0.6108434200286865,-0.2832745909690857,0.9997954368591309,0.5511279106140137,0.6088874936103821,0.28272876143455505,0.999703586101532,0.19403599202632904,0.6096476912498474,-0.19614538550376892,0.9502527117729187,0.6331968307495117,0.7617064714431763,0.3260537087917328,0.7477104067802429,0.20334281027317047,0.7639769315719604,0.13736923038959503,0.9629990458488464,0.9232271313667297,0.737325131893158,0.5467427968978882,0.8944432139396667,0.2462281435728073,0.7883062958717346,0.16902993619441986,0.9437655210494995,0.9655389189720154,0.7251148223876953,0.5806645154953003,0.9331324100494385,0.05895229056477547,0.7988572120666504,0.18749989569187164,0.9475558400154114,0.9750382304191589,0.7771120071411133,0.5757567286491394,0.9038845896720886
112,lunge,1,0.4220537841320038,0.354356974363327,0.004877085331827402,0.9998598098754883,0.43567562103271484,0.34335729479789734,-0.04057954624295235,0.9999286532402039,0.4394082725048065,0.3432706594467163,-0.04047871753573418,0.9999340772628784,0.4437691569328308,0.34308820962905884,-0.040454261004924774,0.9999482035636902,0.4356105327606201,0.3432820737361908,0.049100346863269806,0.9998052716255188,0.43902280926704407,0.343100905418396,0.04914776608347893,0.9997259378433228,0.44296085834503174,0.3427561819553375,0.04888997972011566,0.9998379349708557,0.4838808476924896,0.3470543324947357,-0.18649733066558838,0.9999397993087769,0.4816780984401703,0.34591376781463623,0.18913568556308746,0.9997342228889465,0.4353592097759247,0.36592867970466614,-0.046318065375089645,0.9998310804367065,0.434378057718277,0.3664717376232147,0.06669799983501434,0.999514639377594,0.5316199064254761,0.4239597022533417,-0.41438281536102295,0.9999724626541138,0.5236743092536926,0.4241178035736084,0.4470699727535248,0.9978142380714417,0.5354839563369751,0.5418291687965393,-0.4666312634944916,0.9767299890518188,0.517682671546936,0.5360479950904846,0.4934544563293457,0.027410021051764488,0.4748227596282959,0.6509498953819275,-0.3068934381008148,0.9788291454315186,0.46614381670951843,0.620922327041626,0.387624055147171,0.06299497932195663,0.4835718870162964,0.678631067276001,-0.36970946192741394,0.965847373008728,0.45332032442092896,0.6426230669021606,0.38522881269454956,0.06250297278165817,0.4703509211540222,0.6812814474105835,-0.35598042607307434,0.9649209976196289,0.4556703269481659,0.6424691081047058,0.32998329401016235,0.062188196927309036,0.4656777083873749,0.6706994771957397,-0.29181262850761414,0.9533265829086304,0.46560102701187134,0.6362248063087463,0.3568677604198456,0.07523971796035767,0.5498354434967041,0.6132441163063049,-0.2819502353668213,0.9997792840003967,0.5531022548675537,0.6106300950050354,0.2812793552875519,0.9996920824050903,0.19690591096878052,0.6093325018882751,-0.1332976073026657,0.94786536693573,0.6430112719535828,0.7663969993591309,0.2920725643634796,0.7531554698944092,0.20334090292453766,0.7688659429550171,0.1665097326040268,0.9593720436096191,0.9364441633224487,0.7378151416778564,0.5077104568481445,0.8992097973823547,0.24553349614143372,0.7955129146575928,0.19507752358913422,0.9412841796875,0.9738724231719971,0.7201116681098938,0.5454748868942261,0.9368502497673035,0.045166343450546265,0.7963082194328308,0.19201785326004028,0.9421950578689575,0.9941078424453735,0.7748462557792664,0.5194230675697327,0.9044123291969299
232,lunge,1,0.28186771273612976,0.30298101902008057,-0.0012212905567139387,0.9998437166213989,0.2833999991416931,0.2883143126964569,-0.08923883736133575,0.9999239444732666,0.2900591194629669,0.2871086597442627,-0.08932308107614517,0.9999289512634277,0.29702308773994446,0.28572383522987366,-0.08968517929315567,0.9999404549598694,0.27795228362083435,0.28870242834091187,0.022144295275211334,0.9998624324798584,0.28127843141555786,0.28785333037376404,0.02221011556684971,0.99981689453125,0.28456705808639526,0.2868680953979492,0.022409217432141304,0.999863862991333,0.3628977835178375,0.2762238681316376,-0.24579119682312012,0.9999222159385681,0.3444204330444336,0.2777002155780792,0.1971103399991989,0.9999011158943176,0.318759948015213,0.3112840950489044,-0.06554140895605087,0.999873161315918,0.31523561477661133,0.3114714026451111,0.07441939413547516,0.9997378587722778,0.44650769233703613,0.3446637690067291,-0.47769880294799805,0.9997652769088745,0.45581960678100586,0.33766892552375793,0.5204716920852661,0.9994732141494751,0.29363709688186646,0.4410495460033417,-0.3591175675392151,0.9171920418739319,0.332355797290802,0.4203259348869324,0.5675232410430908,0.13060370087623596,0.16916610300540924,0.36839374899864197,0.2891632318496704,0.9294531345367432,0.20964732766151428,0.36617255210876465,0.28703629970550537,0.20499655604362488,0.12410596013069153,0.3549906313419342,0.3002164363861084,0.9158795475959778,0.16097277402877808,0.3510349988937378,0.27466413378715515,0.2143804430961609,0.14807553589344025,0.3445167541503906,0.28633323311805725,0.9144918918609619,0.1870572566986084,0.34089574217796326,0.2596096396446228,0.2136979103088379,0.1701243370771408,0.34790945053100586,0.3040195107460022,0.8990703821182251,0.20912623405456543,0.3469213545322418,0.26937735080718994,0.21622994542121887,0.6994565725326538,0.5174070000648499,-0.3192954361438751,0.9996343851089478,0.6407939195632935,0.5101701617240906,0.3203456401824951,0.9998918771743774,0.5754483938217163,0.5914965271949768,-0.29254063963890076,0.9555324912071228,0.3182750940322876,0.5209401845932007,0.2669835388660431,0.8967226147651672,0.7786713242530823,0.6439490914344788,0.2627183496952057,0.9656832218170166,0.26886698603630066,0.6679370999336243,0.048013996332883835,0.8837059140205383,0.8288811445236206,0.641477644443512,0.33974796533584595,0.9492397308349609,0.3063145875930786,0.6904047131538391,0.026250334456562996,0.9115341305732727,0.7798254489898682,0.6789435744285583,0.5188491940498352,0.9625982642173767,0.11638377606868744,0.6981384754180908,0.05494708940386772,0.896778404712677
233,lunge,1,0.2687913477420807,0.297191858291626,0.032285772264003754,0.9998580813407898,0.2739523947238922,0.2815497815608978,-0.046233855187892914,0.9999313354492188,0.28002649545669556,0.2803177833557129,-0.046090688556432724,0.9999358654022217,0.2864050567150116,0.27906689047813416,-0.04619086533784866,0.9999462366104126,0.26825451850891113,0.28195720911026,0.06407714635133743,0.9998757839202881,0.2704766094684601,0.28095686435699463,0.06398104131221771,0.9998345375061035,0.27251842617988586,0.27984675765037537,0.06392206996679306,0.9998770356178284,0.3619430959224701,0.2735636234283447,-0.2335672378540039,0.9999295473098755,0.3312041163444519,0.2744371294975281,0.24296849966049194,0.9999104738235474,0.304909884929657,0.3076469898223877,-0.021496647968888283,0.9998841285705566,0.2978299558162689,0.30706527829170227,0.11618523299694061,0.9997596740722656,0.4490291476249695,0.3447039723396301,-0.44973722100257874,0.9997733235359192,0.45385462045669556,0.32832208275794983,0.5914570093154907,0.9995020031929016,0.2919464111328125,0.4490363895893097,-0.3357970416545868,0.914025604724884,0.3319126069545746,0.4202006757259369,0.7707490921020508,0.1304813027381897,0.1674714833498001,0.3676103353500366,0.19941166043281555,0.9336747527122498,0.21002455055713654,0.3621344566345215,0.7331367135047913,0.2060854434967041,0.11893486976623535,0.3545551300048828,0.1942041963338852,0.9215425848960876,0.14959301054477692,0.3503251075744629,0.7362379431724548,0.21533718705177307,0.14068211615085602,0.3419784605503082,0.17912669479846954,0.9204192161560059,0.1798638105392456,0.33997777104377747,0.7249439358711243,0.21385633945465088,0.16848930716514587,0.3451307713985443,0.21099816262722015,0.9059603810310364,0.21315917372703552,0.3424261510372162,0.7182931303977966,0.21707133948802948,0.6917440295219421,0.5169650316238403,-0.3414584696292877,0.9996500611305237,0.6951704025268555,0.5205354690551758,0.34177377820014954,0.9998923540115356,0.3339228630065918,0.5147127509117126,-0.252384215593338,0.957352340221405,0.7491335868835449,0.5374200940132141,0.37766632437705994,0.9042784571647644,0.3212626278400421,0.6696493029594421,-0.10938775539398193,0.9675549268722534,0.955530047416687,0.6453317403793335,0.7849796414375305,0.8928642272949219,0.3759967088699341,0.695550262928009,-0.09487899392843246,0.951684832572937,0.9890833497047424,0.6072818636894226,0.8458322882652283,0.9188377857208252,0.13413633406162262,0.7020958662033081,-0.10033971816301346,0.9640597701072693,1.0415112972259521,0.6574338674545288,0.9223118424415588,0.9034181833267212
234,lunge,1,0.25942912697792053,0.3004436492919922,0.11445518583059311,0.9998711943626404,0.2631300389766693,0.2863965332508087,0.03684654086828232,0.9999380111694336,0.2684822976589203,0.28517207503318787,0.03704864904284477,0.9999420642852783,0.27449771761894226,0.28379496932029724,0.03701148182153702,0.9999514222145081,0.26058390736579895,0.28606584668159485,0.1432214081287384,0.9998877644538879,0.26401054859161377,0.2847309112548828,0.1430850476026535,0.9998505115509033,0.2676830291748047,0.28324490785598755,0.14298032224178314,0.9998890161514282,0.347603976726532,0.27634933590888977,-0.1701744645833969,0.9999361634254456,0.32468146085739136,0.2764582633972168,0.2970723509788513,0.9999189972877502,0.29486480355262756,0.30965638160705566,0.05592479556798935,0.9998939633369446,0.29284265637397766,0.3092750310897827,0.1902405321598053,0.999779462814331,0.44391196966171265,0.34049320220947266,-0.40736302733421326,0.9997847080230713,0.46679049730300903,0.32365208864212036,0.6247090697288513,0.9995335340499878,0.2908589243888855,0.44715338945388794,-0.2293320894241333,0.9111238718032837,0.3355393409729004,0.4147386848926544,0.7768706679344177,0.13464702665805817,0.16774193942546844,0.368910014629364,0.32486996054649353,0.9367694854736328,0.2096317708492279,0.3627955913543701,0.7167797684669495,0.20978668332099915,0.11797518283128738,0.35404786467552185,0.3278537690639496,0.9258268475532532,0.16226379573345184,0.34593600034713745,0.7153306603431702,0.21637792885303497,0.13886523246765137,0.34322765469551086,0.30916205048561096,0.9248729348182678,0.18269284069538116,0.33675622940063477,0.699116587638855,0.2140597552061081,0.16215471923351288,0.3488079011440277,0.33798593282699585,0.911322832107544,0.2038709968328476,0.34283602237701416,0.6995458006858826,0.2183840423822403,0.685302734375,0.5196508169174194,-0.33381956815719604,0.999671995639801,0.6975964307785034,0.5171800255775452,0.3339780569076538,0.9998966455459595,0.2863953411579132,0.5105274319648743,-0.19442032277584076,0.9595083594322205,0.7794461846351624,0.5491240620613098,0.3293492794036865,0.910812497138977,0.26102155447006226,0.6751670241355896,-0.028018880635499954,0.9684036374092102,1.0055629014968872,0.6407891511917114,0.7430615425109863,0.9007375240325928,0.3062988221645355,0.7062606811523438,-0.005599201191216707,0.9526519179344177,1.024984359741211,0.5947012305259705,0.8059530854225159,0.9253435730934143,0.081815704703331,0.707808792591095,-0.04107803478837013,0.9643282890319824,1.0851112604141235,0.6409749388694763,0.890353798866272,0.9095141291618347
235,lunge,1,0.2588752210140228,0.3005472421646118,0.11400806903839111,0.9998831748962402,0.2622166574001312,0.2866519093513489,0.040108125656843185,0.9999440312385559,0.267106294631958,0.28542524576187134,0.04031309112906456,0.999947726726532,0.2726622521877289,0.2840883731842041,0.040277618914842606,0.9999561309814453,0.26067036390304565,0.28618064522743225,0.1469344049692154,0.9998986721038818,0.2643083930015564,0.2847314476966858,0.1467873603105545,0.9998649954795837,0.26828625798225403,0.2831571698188782,0.1466955542564392,0.9998998641967773,0.3422674238681793,0.2761499583721161,-0.15523934364318848,0.9999422430992126,0.3229728639125824,0.2756824493408203,0.3129549026489258,0.999926745891571,0.2925375699996948,0.309309720993042,0.05757032707333565,0.9999030232429504,0.2919658124446869,0.3091874420642853,0.19233587384223938,0.9997978210449219,0.4443359375,0.3419495224952698,-0.40405404567718506,0.9997948408126831,0.46317747235298157,0.32885298132896423,0.6415719389915466,0.999565064907074,0.28936728835105896,0.44698023796081543,-0.2304258644580841,0.9095844030380249,0.32903796434402466,0.42326605319976807,0.7262179255485535,0.14428839087486267,0.16860578954219818,0.36981451511383057,0.351904958486557,0.9391581416130066,0.20719045400619507,0.3651372194290161,0.5585372447967529,0.21699240803718567,0.11940791457891464,0.3534693419933319,0.36050206422805786,0.9291561245918274,0.1620168387889862,0.3454161584377289,0.537599503993988,0.22110849618911743,0.14141526818275452,0.3434983491897583,0.33884909749031067,0.9283233880996704,0.1811164915561676,0.33618390560150146,0.5291541218757629,0.21790587902069092,0.16313378512859344,0.3495795726776123,0.36621665954589844,0.9154303073883057,0.20070570707321167,0.34303054213523865,0.5398819446563721,0.22286836802959442,0.6850412487983704,0.5217423439025879,-0.33559736609458923,0.9996950030326843,0.6962587237358093,0.5209869146347046,0.3356499671936035,0.9999028444290161,0.2792840600013733,0.5098070502281189,-0.1619728058576584,0.9618114233016968,0.7816441059112549,0.592243492603302,0.3183247148990631,0.9172205328941345,0.25343748927116394,0.6773011684417725,-0.0029958817176520824,0.9696673154830933,1.0093508958816528,0.6402603983879089,0.723537027835846,0.9082392454147339,0.2942924201488495,0.7094110250473022,0.018419688567519188,0.9542697668075562,1.0329062938690186,0.5882607698440552,0.7857365608215332,0.9314417243003845,0.07646264880895615,0.7088227272033691,6.473473331425339e-05,0.9650384783744812,1.090266466140747,0.6295889019966125,0.8841628432273865,0.915431559085846
236,lunge,1,0.257059782743454,0.30083325505256653,0.12741608917713165,0.9998940825462341,0.26068851351737976,0.28708723187446594,0.05226784944534302,0.9999494552612305,0.2653764486312866,0.28590697050094604,0.05248964950442314,0.9999527931213379,0.2707310914993286,0.2846294045448303,0.052453409880399704,0.9999603629112244,0.25934284925460815,0.2866416573524475,0.15915539860725403,0.9999085068702698,0.2629571259021759,0.285266637802124,0.15900856256484985,0.9998781085014343,0.267022967338562,0.28378018736839294,0.15891529619693756,0.9999096393585205,0.33786994218826294,0.2769286334514618,-0.1438950002193451,0.999947726726532,0.3209581971168518,0.27639147639274597,0.32266566157341003,0.9999337196350098,0.2902317941188812,0.3093496263027191,0.07024381309747696,0.9999112486839294,0.29013288021087646,0.3092342019081116,0.20510436594486237,0.9998143911361694,0.44505712389945984,0.3427512049674988,-0.3936469554901123,0.9998049139976501,0.46373501420021057,0.3285664916038513,0.6513873338699341,0.9995951056480408,0.2888612449169159,0.44712474942207336,-0.22217752039432526,0.9088437557220459,0.32776522636413574,0.42139095067977905,0.7239981293678284,0.15449443459510803,0.16980281472206116,0.3696388900279999,0.3528214693069458,0.9417597055435181,0.20597058534622192,0.3635866045951843,0.5619596838951111,0.22508887946605682,0.1205345094203949,0.3525330424308777,0.3623354434967041,0.9324812889099121,0.1592596471309662,0.34409499168395996,0.547760546207428,0.2253912389278412,0.14291125535964966,0.34327423572540283,0.3442344069480896,0.9317425489425659,0.18026423454284668,0.33697569370269775,0.537517249584198,0.22113732993602753,0.16452951729297638,0.3497396409511566,0.36833637952804565,0.9194654822349548,0.19940219819545746,0.3436565399169922,0.5442517399787903,0.22658707201480865,0.6784435510635376,0.5229021906852722,-0.33629515767097473,0.9997178912162781,0.712720513343811,0.5218842029571533,0.336264967918396,0.9999099373817444,0.27381882071495056,0.5091911554336548,-0.0987529531121254,0.9643614888191223,0.7771442532539368,0.6202739477157593,0.30308014154434204,0.9238938689231873,0.2537536025047302,0.676176130771637,0.10415912419557571,0.9711688160896301,0.9998994469642639,0.6380872130393982,0.6660040020942688,0.9156034588813782,0.29251566529273987,0.7095348834991455,0.12808062136173248,0.9559343457221985,1.034886360168457,0.5922721028327942,0.728253185749054,0.9372137784957886,0.08118612319231033,0.7081979513168335,0.1701616793870926,0.9661370515823364,1.0906531810760498,0.6330499053001404,0.8339995741844177,0.9216436743736267
237,lunge,1,0.2550724446773529,0.3015100955963135,0.11324536800384521,0.9999034404754639,0.2591327726840973,0.28758537769317627,0.03848552331328392,0.9999542832374573,0.26382291316986084,0.28641635179519653,0.03868715465068817,0.9999573230743408,0.2691451907157898,0.2851596176624298,0.03863891214132309,0.9999641180038452,0.2578525245189667,0.28719082474708557,0.14504040777683258,0.9999171495437622,0.26152998208999634,0.28585365414619446,0.14490285515785217,0.9998896718025208,0.26568272709846497,0.28440144658088684,0.14479917287826538,0.9999182820320129,0.3356103003025055,0.27723658084869385,-0.15254761278629303,0.999952495098114,0.3200785219669342,0.2767457365989685,0.3098265528678894,0.9999397993087769,0.28854167461395264,0.3101997971534729,0.05655853822827339,0.9999179244041443,0.2886659801006317,0.3102322518825531,0.19105786085128784,0.99982750415802,0.44775694608688354,0.3405919373035431,-0.40318605303764343,0.9998131394386292,0.46464666724205017,0.32769399881362915,0.6461703777313232,0.9996193051338196,0.2890961170196533,0.44534140825271606,-0.24238666892051697,0.9079862833023071,0.32637208700180054,0.41721174120903015,0.7302732467651367,0.16121594607830048,0.17049723863601685,0.37124103307724,0.3342630863189697,0.9437471628189087,0.20426788926124573,0.36511313915252686,0.5734753608703613,0.23047257959842682,0.12155183404684067,0.35322901606559753,0.3419922888278961,0.9350298643112183,0.15757066011428833,0.34565469622612,0.5520633459091187,0.22838380932807922,0.14382490515708923,0.34384551644325256,0.3234633207321167,0.9344254732131958,0.179484024643898,0.3385750353336334,0.5468083024024963,0.22339347004890442,0.1651238054037094,0.3505231738090515,0.3496458828449249,0.9225704669952393,0.19802239537239075,0.3449982702732086,0.555841326713562,0.22900672256946564,0.6821261048316956,0.5239123106002808,-0.3415994644165039,0.9997351765632629,0.7056267857551575,0.5223783850669861,0.34159159660339355,0.9999150633811951,0.2738296091556549,0.5102756023406982,-0.11559231579303741,0.9658781290054321,0.7741738557815552,0.6411091089248657,0.2887943387031555,0.929160475730896,0.25515109300613403,0.6753620505332947,0.09641655534505844,0.9722017049789429,1.0049796104431152,0.6409770846366882,0.644271194934845,0.9220970869064331,0.29425475001335144,0.7102057933807373,0.12015120685100555,0.9570695757865906,1.0421615839004517,0.5953269004821777,0.7006796598434448,0.942310631275177,0.08810846507549286,0.7087819576263428,0.14920379221439362,0.9667602777481079,1.0971345901489258,0.6379979252815247,0.788349986076355,0.9270402789115906
238,lunge,1,0.2539568245410919,0.3022491931915283,0.09887595474720001,0.9999116063117981,0.2580944001674652,0.2882671356201172,0.02620658650994301,0.9999585747718811,0.2628346085548401,0.28713762760162354,0.026379341259598732,0.9999613165855408,0.2681882083415985,0.28592073917388916,0.026325058192014694,0.9999674558639526,0.25680869817733765,0.2878323793411255,0.12962383031845093,0.9999248385429382,0.26053908467292786,0.2864999771118164,0.12949997186660767,0.9998999238014221,0.2647780478000641,0.2850431799888611,0.1294001042842865,0.999925971031189,0.33407941460609436,0.2779291272163391,-0.16239802539348602,0.9999566674232483,0.3194963037967682,0.27726149559020996,0.29143401980400085,0.9999452233314514,0.28793177008628845,0.31091833114624023,0.04401884973049164,0.9999234080314636,0.2880209982395172,0.3110599219799042,0.17535287141799927,0.9998384714126587,0.4474036395549774,0.34258943796157837,-0.42228254675865173,0.9998188614845276,0.4646201729774475,0.3264499008655548,0.6307563781738281,0.9996399879455566,0.2893278896808624,0.44737163186073303,-0.2430025339126587,0.9074790477752686,0.3263884484767914,0.4129318296909332,0.7697087526321411,0.16487553715705872,0.17174379527568817,0.37286970019340515,0.31671231985092163,0.9445310235023499,0.20119276642799377,0.3635350167751312,0.6994965076446533,0.23291806876659393,0.12262103706598282,0.3549633324146271,0.3255084455013275,0.9362760186195374,0.15485826134681702,0.3458348512649536,0.695286214351654,0.22986415028572083,0.14447586238384247,0.3449746072292328,0.3017275035381317,0.9359211325645447,0.17662771046161652,0.3386835753917694,0.6857710480690002,0.2245442271232605,0.1657389998435974,0.35173070430755615,0.3301239311695099,0.9244349002838135,0.19541814923286438,0.3449805676937103,0.6840322613716125,0.23002959787845612,0.6861091256141663,0.5231978297233582,-0.34673789143562317,0.9997491240501404,0.707056999206543,0.520932674407959,0.34673357009887695,0.999919056892395,0.2727351188659668,0.5089359879493713,-0.12187186628580093,0.9671691656112671,0.7756404280662537,0.643650472164154,0.297965407371521,0.9340826869010925,0.253919780254364,0.6733010411262512,0.09646359086036682,0.9731345772743225,1.0023043155670166,0.6401446461677551,0.6754387617111206,0.9279477596282959,0.2933218479156494,0.7080965638160706,0.12076038122177124,0.9581350684165955,1.045965313911438,0.594803512096405,0.7320526838302612,0.9468857049942017,0.08859287947416306,0.7081860303878784,0.1538650095462799,0.9673846960067749,1.0935646295547485,0.6378258466720581,0.8251922726631165,0.9318543672561646
239,lunge,1,0.2537720501422882,0.3024981617927551,0.10152453929185867,0.999919056892395,0.257509708404541,0.2886026203632355,0.02649766393005848,0.9999624490737915,0.26218992471694946,0.2874932289123535,0.026684509590268135,0.9999649524688721,0.2674953043460846,0.286289781332016,0.026627885177731514,0.9999704957008362,0.2563059628009796,0.28816983103752136,0.1311468631029129,0.999931812286377,0.2600376009941101,0.28685083985328674,0.13100741803646088,0.9999092221260071,0.2642976939678192,0.2853960692882538,0.13088032603263855,0.9999329447746277,0.3325774371623993,0.2782452702522278,-0.16433365643024445,0.9999604225158691,0.31888720393180847,0.277498334646225,0.28997406363487244,0.9999501705169678,0.2879199981689453,0.31111234426498413,0.04533883556723595,0.9999284744262695,0.2879975140094757,0.31124576926231384,0.17763696610927582,0.9998487234115601,0.44682735204696655,0.34273481369018555,-0.4199250340461731,0.9998236298561096,0.4656476378440857,0.32597726583480835,0.6300088763237,0.9996588826179504,0.2894268035888672,0.4469871520996094,-0.25049588084220886,0.9069979190826416,0.3280857503414154,0.41294920444488525,0.7782766222953796,0.16856177151203156,0.17175418138504028,0.3722829520702362,0.327757328748703,0.9455878138542175,0.20140652358531952,0.36338120698928833,0.7182374596595764,0.2362346649169922,0.12220978736877441,0.3552345633506775,0.3373471796512604,0.9377300143241882,0.1556224375963211,0.3463148772716522,0.7157608866691589,0.2319539338350296,0.14352399110794067,0.3452405631542206,0.31443625688552856,0.9375607371330261,0.1768319457769394,0.33888015151023865,0.7032174468040466,0.2262229025363922,0.16488006711006165,0.3517516255378723,0.3416021466255188,0.9264769554138184,0.19548387825489044,0.3451211452484131,0.7022378444671631,0.23179389536380768,0.686507523059845,0.5224313735961914,-0.3453463912010193,0.9997615218162537,0.7113767862319946,0.5205103158950806,0.34531381726264954,0.9999226927757263,0.26781386137008667,0.5121154189109802,-0.11424878239631653,0.9683762192726135,0.7723057866096497,0.649726927280426,0.2911219298839569,0.9385625720024109,0.2544197738170624,0.6742971539497375,0.10864413529634476,0.9738724231719971,1.0065114498138428,0.6411731839179993,0.6467427611351013,0.9332210421562195,0.29304516315460205,0.7077298760414124,0.1330208033323288,0.9588831067085266,1.049585223197937,0.5952962636947632,0.7021895051002502,0.9510074853897095,0.08767057210206985,0.7086269855499268,0.16779321432113647,0.9678563475608826,1.1026517152786255,0.6377686262130737,0.7901760935783386,0.9362550377845764
240,lunge,1,0.25361889600753784,0.30224525928497314,0.09787251055240631,0.9999251365661621,0.25715455412864685,0.28847837448120117,0.02248435467481613,0.9999657869338989,0.2618286907672882,0.28735628724098206,0.02266213297843933,0.9999681115150452,0.2671349346637726,0.28613290190696716,0.022600995376706123,0.9999731183052063,0.2559601068496704,0.2881253659725189,0.12713484466075897,0.9999378323554993,0.259688138961792,0.28684383630752563,0.12700103223323822,0.9999172687530518,0.26395002007484436,0.2854161858558655,0.1268690675497055,0.9999390244483948,0.3315381407737732,0.2782066762447357,-0.16829276084899902,0.9999635815620422,0.31844761967658997,0.27749890089035034,0.285619854927063,0.999954342842102,0.28786876797676086,0.31080204248428345,0.04155790060758591,0.999932050704956,0.2878207862377167,0.31100568175315857,0.17408928275108337,0.999855637550354,0.44607648253440857,0.34273093938827515,-0.42493414878845215,0.9998260736465454,0.4673345685005188,0.32638370990753174,0.6292179226875305,0.9996712803840637,0.28895482420921326,0.4469173550605774,-0.25810274481773376,0.9058637619018555,0.3293038010597229,0.41443368792533875,0.7919682860374451,0.16726775467395782,0.17187803983688354,0.37135493755340576,0.3073011040687561,0.9464149475097656,0.20403426885604858,0.3647877871990204,0.7495133280754089,0.23566417396068573,0.12162545323371887,0.3549290895462036,0.3142875134944916,0.939030110836029,0.15578460693359375,0.34683966636657715,0.750744640827179,0.23158539831638336,0.14269204437732697,0.3448444604873657,0.29256224632263184,0.9390606880187988,0.17780673503875732,0.3390430808067322,0.7369920015335083,0.22563791275024414,0.1643679291009903,0.3510776162147522,0.3207811415195465,0.9283068180084229,0.19688868522644043,0.3451656997203827,0.7334534525871277,0.23113976418972015,0.6858051419258118,0.5214746594429016,-0.346376895904541,0.9997698664665222,0.7074397206306458,0.5198603272438049,0.34635820984840393,0.9999246001243591,0.2718256413936615,0.5114976763725281,-0.11908762902021408,0.969002366065979,0.7718108892440796,0.6565747261047363,0.2958180010318756,0.9422292709350586,0.2554236948490143,0.6747295260429382,0.10234010219573975,0.974462628364563,1.0087305307388306,0.6434667110443115,0.6547242999076843,0.9380134344100952,0.2934512495994568,0.70730060338974,0.12718380987644196,0.9595692157745361,1.0538222789764404,0.5970407128334045,0.7090641856193542,0.9547311067581177,0.0895799770951271,0.708611249923706,0.154510959982872,0.9681939482688904,1.1073635816574097,0.6401875019073486,0.7893512845039368,0.9402191638946533
241,lunge,1,0.25351524353027344,0.30240872502326965,0.10710722953081131,0.9999301433563232,0.25688275694847107,0.28896257281303406,0.03038189373910427,0.9999687075614929,0.26149165630340576,0.2878324091434479,0.03055722638964653,0.9999708533287048,0.26672300696372986,0.2865894138813019,0.030482374131679535,0.9999754428863525,0.25583916902542114,0.28857511281967163,0.13687123358249664,0.9999430775642395,0.25960978865623474,0.28725573420524597,0.13674217462539673,0.9999242424964905,0.2639000713825226,0.2857804298400879,0.13659922778606415,0.9999443292617798,0.3306735157966614,0.27812692523002625,-0.1668289601802826,0.9999662637710571,0.31825870275497437,0.27744072675704956,0.2944639027118683,0.9999578595161438,0.28782573342323303,0.31064626574516296,0.04877268150448799,0.9999343156814575,0.2878498136997223,0.31088000535964966,0.18315733969211578,0.9998593926429749,0.44552871584892273,0.34225115180015564,-0.4232587218284607,0.9998266100883484,0.46875759959220886,0.3265863060951233,0.6368153095245361,0.9996789693832397,0.2888147234916687,0.44664081931114197,-0.2603331208229065,0.9036772847175598,0.3303130567073822,0.4162905812263489,0.7934798002243042,0.16599014401435852,0.1717182993888855,0.37118130922317505,0.3159707486629486,0.9470095038414001,0.20516248047351837,0.3655985891819,0.7449033856391907,0.23455694317817688,0.12097133696079254,0.35467004776000977,0.32442599534988403,0.9400598406791687,0.15565931797027588,0.34687715768814087,0.7470836639404297,0.23058657348155975,0.1421535313129425,0.3445345163345337,0.3038341999053955,0.9402193427085876,0.17783887684345245,0.33893921971321106,0.7336534261703491,0.22437770664691925,0.16385117173194885,0.35086849331855774,0.33032193779945374,0.9297218322753906,0.19714923202991486,0.3451937735080719,0.7289013266563416,0.22996720671653748,0.6872539520263672,0.5210705399513245,-0.3446858525276184,0.9997766017913818,0.7042505741119385,0.5195755362510681,0.34467893838882446,0.9999258518218994,0.2736574709415436,0.5111446380615234,-0.1234450712800026,0.9690422415733337,0.7718846797943115,0.6613044738769531,0.30521905422210693,0.9448262453079224,0.2562543451786041,0.6747355461120605,0.09608369320631027,0.9745896458625793,1.0079562664031982,0.6433495879173279,0.6584450006484985,0.9420580863952637,0.29400062561035156,0.7072389721870422,0.12056081742048264,0.9597077369689941,1.0523741245269775,0.5964338183403015,0.7121759653091431,0.9579269289970398,0.08913569152355194,0.709044337272644,0.14538845419883728,0.9678865075111389,1.1071439981460571,0.639070451259613,0.7871579527854919,0.9434239864349365
242,lunge,1,0.25354987382888794,0.30231744050979614,0.10338718444108963,0.9999337196350098,0.2567872405052185,0.288919061422348,0.027579108253121376,0.9999711513519287,0.26134440302848816,0.287779837846756,0.02774757146835327,0.9999731779098511,0.2665157914161682,0.2865293025970459,0.027669619768857956,0.9999773502349854,0.25586241483688354,0.28855323791503906,0.13308140635490417,0.9999473690986633,0.25966793298721313,0.2872326076030731,0.13295680284500122,0.9999299645423889,0.26398152112960815,0.2857535779476166,0.13281911611557007,0.9999487400054932,0.33008497953414917,0.2780313193798065,-0.16742344200611115,0.9999682307243347,0.3181723654270172,0.2773747146129608,0.29020676016807556,0.9999605417251587,0.2878813147544861,0.31049442291259766,0.04590008035302162,0.999934732913971,0.2879607379436493,0.310763418674469,0.17902801930904388,0.9998587965965271,0.445138156414032,0.3419780731201172,-0.42197301983833313,0.9998218417167664,0.4695950746536255,0.3268749415874481,0.6286588311195374,0.9996769428253174,0.2885735034942627,0.4465427100658417,-0.26186180114746094,0.9006732106208801,0.3308109641075134,0.4169110357761383,0.7786368131637573,0.16329048573970795,0.1717022806406021,0.3710826635360718,0.3140380084514618,0.9473153948783875,0.20599307119846344,0.36576011776924133,0.7235375046730042,0.23190544545650482,0.1207910105586052,0.3545059263706207,0.3222616910934448,0.9408335089683533,0.15602533519268036,0.3468822240829468,0.725101888179779,0.22852890193462372,0.1419043391942978,0.3444485366344452,0.3023681938648224,0.9411320686340332,0.1781625598669052,0.3389108180999756,0.7118722796440125,0.2221439927816391,0.16362062096595764,0.3507629632949829,0.3283853828907013,0.9308679103851318,0.1975514441728592,0.3451415002346039,0.7075984477996826,0.22775951027870178,0.6894470453262329,0.5207216739654541,-0.3427479863166809,0.9997766613960266,0.70152747631073,0.5191956162452698,0.3427440822124481,0.9999240636825562,0.2745612859725952,0.5107477307319641,-0.13024692237377167,0.9684035778045654,0.7717049717903137,0.663358211517334,0.31852829456329346,0.9465975761413574,0.2566654086112976,0.6746664047241211,0.07991839945316315,0.9745351076126099,1.00893235206604,0.6427529454231262,0.6772060990333557,0.9453969597816467,0.2947039306163788,0.7074992656707764,0.10289904475212097,0.9596003293991089,1.0509099960327148,0.5983405113220215,0.731185257434845,0.9606078863143921,0.08874291926622391,0.709307074546814,0.11747906357049942,0.9673188328742981,1.1040514707565308,0.6422920227050781,0.8030226230621338,0.9458770751953125
243,lunge,1,0.25364887714385986,0.3020405173301697,0.10200025886297226,0.9999362826347351,0.2568396031856537,0.2884615659713745,0.026765454560518265,0.9999731779098511,0.26135873794555664,0.28729602694511414,0.026927033439278603,0.9999751448631287,0.26648592948913574,0.2860245406627655,0.02684381790459156,0.9999789595603943,0.25600624084472656,0.28811851143836975,0.13203871250152588,0.9999509453773499,0.2598367929458618,0.28678107261657715,0.131916806101799,0.9999346733093262,0.26416292786598206,0.28528860211372375,0.13178013265132904,0.9999524354934692,0.3296259641647339,0.2776954472064972,-0.1678355187177658,0.9999697208404541,0.3181285262107849,0.2770482003688812,0.28918346762657166,0.999962568283081,0.2879531979560852,0.3102978467941284,0.044725656509399414,0.9999337792396545,0.2880852520465851,0.3105650544166565,0.17750445008277893,0.9998548626899719,0.44493231177330017,0.34174007177352905,-0.4211210012435913,0.9998136758804321,0.47011226415634155,0.32755720615386963,0.625514805316925,0.9996692538261414,0.2878670394420624,0.44657883048057556,-0.2600785195827484,0.8972362875938416,0.3315207064151764,0.41681376099586487,0.7707526087760925,0.1611739695072174,0.17179472744464874,0.37099573016166687,0.325082927942276,0.9474616646766663,0.20662261545658112,0.365411639213562,0.7149286866188049,0.22970768809318542,0.12072619795799255,0.354489266872406,0.33370670676231384,0.9413619637489319,0.15666787326335907,0.3467159569263458,0.7193955183029175,0.2266666442155838,0.14194639027118683,0.34437915682792664,0.313831627368927,0.9417675137519836,0.17879873514175415,0.3387899100780487,0.7034140229225159,0.2200908660888672,0.16380731761455536,0.35067713260650635,0.339523583650589,0.9317073822021484,0.1981286257505417,0.3449487090110779,0.6991817355155945,0.22576715052127838,0.6908851265907288,0.5205715894699097,-0.3415076434612274,0.9997711777687073,0.6996808052062988,0.5193020701408386,0.3415009677410126,0.9999205470085144,0.2750336229801178,0.5105068683624268,-0.13296936452388763,0.9671781659126282,0.7719416618347168,0.6646803617477417,0.31948158144950867,0.9479028582572937,0.25617486238479614,0.6746395230293274,0.07842547446489334,0.9739536046981812,1.0093438625335693,0.6424651145935059,0.660986602306366,0.9482558965682983,0.29473426938056946,0.7076563239097595,0.10111521184444427,0.9587944746017456,1.05538809299469,0.5979766249656677,0.7127408385276794,0.9629316329956055,0.08825458586215973,0.7093643546104431,0.10958177596330643,0.9660528302192688,1.1099721193313599,0.6425132155418396,0.7788822650909424,0.9478493928909302
244,lunge,1,0.2539485692977905,0.3027861416339874,0.11962121725082397,0.9999412298202515,0.2569798231124878,0.2888442873954773,0.039606451988220215,0.9999756217002869,0.2614472806453705,0.2877083420753479,0.03979163244366646,0.9999774098396301,0.2665230929851532,0.28647369146347046,0.03973163664340973,0.9999808669090271,0.2562165856361389,0.2883951961994171,0.14555580914020538,0.9999552965164185,0.26005059480667114,0.28700944781303406,0.1454218477010727,0.9999405741691589,0.2643672227859497,0.28547292947769165,0.1452856957912445,0.9999567866325378,0.3292040526866913,0.27822914719581604,-0.16312555968761444,0.9999722242355347,0.31813547015190125,0.2773190438747406,0.297287255525589,0.9999657869338989,0.2880192697048187,0.31138235330581665,0.061259228736162186,0.9999378323554993,0.2882601022720337,0.3115452229976654,0.19488854706287384,0.9998633861541748,0.44353342056274414,0.3438273072242737,-0.4129258692264557,0.9998207092285156,0.47658151388168335,0.32769718766212463,0.6432632803916931,0.9996855854988098,0.2864008843898773,0.44757577776908875,-0.24406427145004272,0.8974199891090393,0.33234378695487976,0.4144531488418579,0.8130662441253662,0.16181863844394684,0.17176009714603424,0.3706100583076477,0.34615814685821533,0.9487075209617615,0.20698343217372894,0.36489468812942505,0.7695267200469971,0.23169487714767456,0.12078983336687088,0.3543211817741394,0.3555208444595337,0.9429591298103333,0.1567114144563675,0.3466848134994507,0.7718468904495239,0.22766120731830597,0.1420585960149765,0.3443792760372162,0.33247068524360657,0.9434353113174438,0.1790214478969574,0.3387167155742645,0.754452109336853,0.2207401543855667,0.16404223442077637,0.3506343960762024,0.3596148192882538,0.9338075518608093,0.1985170990228653,0.3447234630584717,0.7525092363357544,0.2267250120639801,0.6837082505226135,0.5223729610443115,-0.3441878855228424,0.9997826218605042,0.7187344431877136,0.5207922458648682,0.3441329002380371,0.9999245405197144,0.2700153887271881,0.5118668079376221,-0.07026462256908417,0.96892249584198,0.7721922993659973,0.6714434027671814,0.26559773087501526,0.9514889121055603,0.25465843081474304,0.6752509474754333,0.1768953651189804,0.9747983813285828,1.0167986154556274,0.6428132653236389,0.6153627038002014,0.9518296718597412,0.2936810255050659,0.7079271674156189,0.20343033969402313,0.9595309495925903,1.0478341579437256,0.5982768535614014,0.6720428466796875,0.9656621813774109,0.08604662865400314,0.709341824054718,0.25056740641593933,0.9669564366340637,1.1043431758880615,0.6380579471588135,0.7736945152282715,0.9511785507202148
245,lunge,1,0.2541356384754181,0.3020169734954834,0.11544966697692871,0.9999415278434753,0.2571614980697632,0.28783926367759705,0.03634001314640045,0.9999769330024719,0.2615891993045807,0.28664377331733704,0.036519650369882584,0.9999786615371704,0.26659899950027466,0.2853563725948334,0.03645729646086693,0.9999819993972778,0.2563994526863098,0.28752297163009644,0.14168527722358704,0.9999576210975647,0.26021385192871094,0.286180704832077,0.14155705273151398,0.9999434351921082,0.2645070254802704,0.2847025394439697,0.1414278894662857,0.9999592304229736,0.3291258215904236,0.277618408203125,-0.16307072341442108,0.9999725818634033,0.3181517422199249,0.2769260108470917,0.2948821187019348,0.9999666810035706,0.2881343364715576,0.31066858768463135,0.05774610862135887,0.9999343156814575,0.2883772850036621,0.31093332171440125,0.19112858176231384,0.9998528361320496,0.4433493912220001,0.342927485704422,-0.41015732288360596,0.9998003840446472,0.47566550970077515,0.3285311460494995,0.6261566877365112,0.9996598958969116,0.28545817732810974,0.4463046193122864,-0.24144978821277618,0.8924395442008972,0.33267220854759216,0.4153091013431549,0.7573286890983582,0.15954123437404633,0.17136764526367188,0.3703208565711975,0.3338382840156555,0.9489346146583557,0.20644080638885498,0.3639329969882965,0.6800066828727722,0.2290043979883194,0.12070204317569733,0.353982537984848,0.3411433696746826,0.9437932968139648,0.15732789039611816,0.34687483310699463,0.6764782071113586,0.22609789669513702,0.14186778664588928,0.34397533535957336,0.3194810152053833,0.9443697929382324,0.17953507602214813,0.3387368321418762,0.6604032516479492,0.21896785497665405,0.1639176458120346,0.350227952003479,0.34707874059677124,0.9349738359451294,0.1989063173532486,0.34477561712265015,0.6624096035957336,0.22504374384880066,0.6934393644332886,0.5219363570213318,-0.33762866258621216,0.9997608065605164,0.711423933506012,0.52042555809021,0.33766964077949524,0.9999129772186279,0.2711179852485657,0.510645866394043,-0.14513316750526428,0.966093897819519,0.7717963457107544,0.6722972989082336,0.312312513589859,0.9515610337257385,0.25422221422195435,0.6745467782020569,0.021254034712910652,0.9725028276443481,1.01236093044281,0.6421851515769958,0.6859371066093445,0.9526716470718384,0.2933230698108673,0.7073172330856323,0.03998890146613121,0.9568455219268799,1.0467053651809692,0.5976062417030334,0.7436405420303345,0.9667768478393555,0.08188330382108688,0.7089716196060181,0.03938249126076698,0.963280200958252,1.101934790611267,0.6399531364440918,0.8202464580535889,0.9507277011871338
246,lunge,1,0.2542918026447296,0.3020135462284088,0.11595156043767929,0.9999443292617798,0.2572203576564789,0.2876802980899811,0.03893015906214714,0.9999786019325256,0.2616647183895111,0.2864646315574646,0.03910068795084953,0.9999802708625793,0.26676204800605774,0.28516262769699097,0.03902541473507881,0.9999833106994629,0.25647225975990295,0.2874011993408203,0.1444840282201767,0.9999606013298035,0.2602565288543701,0.2860666513442993,0.1443571001291275,0.9999474287033081,0.2645573914051056,0.2846069037914276,0.1442253291606903,0.9999622702598572,0.3290632665157318,0.2776365578174591,-0.15952177345752716,0.9999740719795227,0.31818050146102905,0.2769748866558075,0.29971832036972046,0.9999687075614929,0.2881912291049957,0.3106939196586609,0.05828499794006348,0.99993497133255,0.2884494364261627,0.31098881363868713,0.19156652688980103,0.9998534321784973,0.44329896569252014,0.34297245740890503,-0.40937209129333496,0.9997967481613159,0.47518759965896606,0.3287087082862854,0.631939709186554,0.9996591806411743,0.28466522693634033,0.445972204208374,-0.2443535327911377,0.8900994658470154,0.33310291171073914,0.4153658449649811,0.7618851661682129,0.15852366387844086,0.17086657881736755,0.3699401021003723,0.33195528388023376,0.9491395354270935,0.20600228011608124,0.36372727155685425,0.683040201663971,0.22758948802947998,0.12064289301633835,0.3536769449710846,0.3386165499687195,0.9443596601486206,0.15766115486621857,0.3470827341079712,0.6788177490234375,0.22487297654151917,0.14170466363430023,0.34362825751304626,0.3180259168148041,0.9450079798698425,0.1799449473619461,0.3388140797615051,0.6631640791893005,0.21759793162345886,0.16379232704639435,0.3498479723930359,0.3456205129623413,0.9357895255088806,0.19924117624759674,0.3448646366596222,0.6652337312698364,0.22387349605560303,0.6938177943229675,0.5218717455863953,-0.3377218544483185,0.9997618794441223,0.7086571455001831,0.520244300365448,0.33776283264160156,0.9999126195907593,0.2724515199661255,0.5105001330375671,-0.14402523636817932,0.9656266570091248,0.7720038890838623,0.6725544333457947,0.3215944468975067,0.9523499608039856,0.25415071845054626,0.6741694211959839,0.039565831422805786,0.9720500707626343,1.013679027557373,0.6413989067077637,0.6908649802207947,0.9544994235038757,0.29299819469451904,0.7065215706825256,0.06047940254211426,0.9562849402427673,1.0503334999084473,0.5962058901786804,0.7467866539955139,0.9684185981750488,0.08340293169021606,0.7089611291885376,0.06992654502391815,0.9623628258705139,1.107827067375183,0.63897705078125,0.8218352794647217,0.9518925547599792
247,lunge,1,0.29042887687683105,0.49253490567207336,-0.07260512560606003,0.9999053478240967,0.2877105474472046,0.4803333282470703,-0.1202021986246109,0.9999622106552124,0.2896747589111328,0.47975602746009827,-0.12028060108423233,0.999968409538269,0.29146456718444824,0.47928184270858765,-0.12043067067861557,0.9999729990959167,0.28872358798980713,0.479536771774292,-0.054200757294893265,0.9999144673347473,0.29164257645606995,0.4783123731613159,-0.05424754321575165,0.9998922944068909,0.29424452781677246,0.4771227538585663,-0.05422794446349144,0.9999089241027832,0.329100638628006,0.4757077991962433,-0.2466748207807541,0.9999595284461975,0.32412394881248474,0.4729740023612976,0.04702795669436455,0.9999107718467712,0.313631534576416,0.4970512390136719,-0.10864169150590897,0.999880850315094,0.3152841031551361,0.4959164559841156,-0.02434690296649933,0.9997316598892212,0.4075862169265747,0.5247761607170105,-0.40752339363098145,0.9997684955596924,0.45547088980674744,0.500918984413147,0.2708343267440796,0.9994354248046875,0.2778969705104828,0.5850478410720825,-0.3247149884700775,0.8985975980758667,0.34414470195770264,0.5355648994445801,0.5125786066055298,0.16164511442184448,0.19110436737537384,0.5367653369903564,0.05324571952223778,0.9464170336723328,0.2506641745567322,0.5201777815818787,0.5374646186828613,0.24444907903671265,0.1643339842557907,0.5295637845993042,0.03693898022174835,0.9393124580383301,0.22498604655265808,0.5199118852615356,0.5657311081886292,0.24869152903556824,0.1832844614982605,0.5231223702430725,0.05292430520057678,0.9395439028739929,0.2287076711654663,0.5149180293083191,0.5103234648704529,0.24291326105594635,0.19602572917938232,0.5252782702445984,0.07072002440690994,0.9297569990158081,0.23879633843898773,0.5191208124160767,0.514554500579834,0.2485537976026535,0.5871822237968445,0.6436547636985779,-0.2314724177122116,0.9997478127479553,0.6003500819206238,0.631696343421936,0.23148038983345032,0.9998891353607178,0.28225260972976685,0.6331421732902527,-0.11358642578125,0.9675393104553223,0.6420143842697144,0.7249805331230164,0.308279812335968,0.95317542552948,0.2701355516910553,0.7523637413978577,0.08001066744327545,0.9738456606864929,0.8795355558395386,0.712448239326477,0.4157210886478424,0.9567136764526367,0.29598045349121094,0.7799925208091736,0.10425703227519989,0.9591355323791504,0.9236058592796326,0.6966140270233154,0.44096148014068604,0.9693615436553955,0.11469540745019913,0.7715010046958923,0.1290435492992401,0.9642539620399475,0.9025936722755432,0.7497532963752747,0.5165449380874634,0.9539900422096252
248,lunge,1,0.2887052297592163,0.4983122944831848,-0.023457245901226997,0.9998697638511658,0.28631776571273804,0.4873841106891632,-0.07674375176429749,0.99995356798172,0.28844407200813293,0.48693764209747314,-0.0767073929309845,0.9999619126319885,0.2906216084957123,0.48645395040512085,-0.07683559507131577,0.9999669194221497,0.2867100238800049,0.4862165153026581,-0.007609829306602478,0.9998943209648132,0.289293110370636,0.48495304584503174,-0.007704312447458506,0.9998710751533508,0.2918948233127594,0.4835685193538666,-0.007770637981593609,0.9998918175697327,0.32657715678215027,0.4829081892967224,-0.2234700322151184,0.9999450445175171,0.323782742023468,0.4788229167461395,0.07849845290184021,0.9998871088027954,0.311414510011673,0.5044643878936768,-0.0655326172709465,0.9998042583465576,0.3126373589038849,0.503116250038147,0.020502235740423203,0.9996032118797302,0.3889763057231903,0.5295814871788025,-0.3661230504512787,0.9997116327285767,0.4254050552845001,0.5052937865257263,0.2991176247596741,0.9992632269859314,0.29112258553504944,0.6039884090423584,-0.2336140125989914,0.9022426009178162,0.3755284547805786,0.5543449521064758,0.562298059463501,0.1525934636592865,0.21100741624832153,0.5457295179367065,0.2012012004852295,0.9308333992958069,0.27252042293548584,0.5300866961479187,0.6999300122261047,0.23521094024181366,0.18414510786533356,0.5384064316749573,0.24660375714302063,0.920291006565094,0.24938519299030304,0.5225542187690735,0.7392536401748657,0.2434404492378235,0.2012931853532791,0.5298282504081726,0.23587347567081451,0.9216936826705933,0.24319897592067719,0.516227126121521,0.7154486179351807,0.2386905997991562,0.21565145254135132,0.5335525274276733,0.21153154969215393,0.9123969674110413,0.2510616183280945,0.5199133157730103,0.6940958499908447,0.24225816130638123,0.5497559905052185,0.6440261006355286,-0.22373808920383453,0.9997162818908691,0.5848526358604431,0.6399801969528198,0.22358350455760956,0.9998735785484314,0.2816154956817627,0.6370769143104553,-0.05066381394863129,0.9684941172599792,0.6372432708740234,0.7420558929443359,0.1843927651643753,0.9563245177268982,0.27416032552719116,0.7516050934791565,0.13407911360263824,0.9749882817268372,0.8780953884124756,0.7246924638748169,0.20472165942192078,0.9605477452278137,0.30161741375923157,0.7757477164268494,0.15762847661972046,0.9603669047355652,0.9222252368927002,0.7059239149093628,0.21750321984291077,0.9718878865242004,0.15456624329090118,0.7687090039253235,0.2267661988735199,0.9652719497680664,0.8850449919700623,0.765684962272644,0.27063602209091187,0.9578560590744019
249,lunge,1,0.28545287251472473,0.4924837052822113,-0.014859866350889206,0.9998708367347717,0.2845190465450287,0.48334673047065735,-0.06675733625888824,0.9999551177024841,0.28754672408103943,0.4827938973903656,-0.0667300596833229,0.9999632239341736,0.28993481397628784,0.4821223020553589,-0.0668427050113678,0.9999680519104004,0.28459787368774414,0.48287612199783325,0.003916652407497168,0.9998988509178162,0.2877252697944641,0.4820519983768463,0.003815797623246908,0.9998767971992493,0.29112938046455383,0.4810490608215332,0.0037516106385737658,0.9998970627784729,0.3178330659866333,0.47827422618865967,-0.22088982164859772,0.9999449253082275,0.31766122579574585,0.476439893245697,0.11008714139461517,0.9998902082443237,0.31038859486579895,0.49813035130500793,-0.0538007877767086,0.9997971653938293,0.3112231492996216,0.4977467656135559,0.035498086363077164,0.9995905756950378,0.38785967230796814,0.5225057005882263,-0.3487195372581482,0.9997063279151917,0.4225308895111084,0.5067306160926819,0.35430729389190674,0.9992141127586365,0.2920736074447632,0.5884970426559448,-0.23662060499191284,0.9065844416618347,0.38602930307388306,0.5654628872871399,0.5902901887893677,0.1412084549665451,0.21573834121227264,0.5414527654647827,0.1675720065832138,0.9275573492050171,0.283183753490448,0.5410584807395935,0.7202092409133911,0.22073455154895782,0.18824510276317596,0.530547559261322,0.18398748338222504,0.9151512980461121,0.251628041267395,0.536384642124176,0.751737117767334,0.23106630146503448,0.2038724422454834,0.524975061416626,0.1717449426651001,0.9171472191810608,0.24634326994419098,0.5298824310302734,0.7331292629241943,0.22683772444725037,0.21725012362003326,0.5286805033683777,0.1781809777021408,0.9077721834182739,0.2729039490222931,0.5283258557319641,0.7128528356552124,0.22960259020328522,0.5458242297172546,0.6384183764457703,-0.2294224202632904,0.9996888637542725,0.5882385969161987,0.6377963423728943,0.2293349802494049,0.9998594522476196,0.2844157814979553,0.6358322501182556,-0.07298330217599869,0.9691977500915527,0.6316399574279785,0.7414825558662415,0.18366770446300507,0.9595922827720642,0.27423369884490967,0.7499250173568726,0.12299375981092453,0.9765042066574097,0.8798713088035583,0.7249359488487244,0.25625500082969666,0.9641854166984558,0.3016139268875122,0.7718660235404968,0.14558088779449463,0.9620383977890015,0.9287711977958679,0.7075424194335938,0.27184736728668213,0.9743383526802063,0.15916894376277924,0.7681772708892822,0.21699276566505432,0.9668744206428528,0.878524124622345,0.7662166357040405,0.29592397809028625,0.9615768790245056
269,lunge,0,0.2748720347881317,0.44635820388793945,-0.01587897352874279,0.99993896484375,0.2765151262283325,0.43537822365760803,-0.07011131942272186,0.9999730587005615,0.27874842286109924,0.4344441890716553,-0.07009391486644745,0.9999745488166809,0.28131335973739624,0.43340030312538147,-0.07020208984613419,0.9999796748161316,0.2774742543697357,0.43492862582206726,0.010416152887046337,0.9999595284461975,0.28038984537124634,0.433694452047348,0.01044253446161747,0.9999433159828186,0.2836477756500244,0.43231791257858276,0.01050275657325983,0.999955415725708,0.314693421125412,0.43030238151550293,-0.20299489796161652,0.9999577403068542,0.3156942129135132,0.42914924025535583,0.14730976521968842,0.9999158978462219,0.29491060972213745,0.4539596736431122,-0.05629488453269005,0.9998913407325745,0.29652053117752075,0.4535936713218689,0.0450136624276638,0.9998345375061035,0.38495129346847534,0.476195365190506,-0.39719176292419434,0.9997298717498779,0.4126441478729248,0.4698806703090668,0.4371952712535858,0.999625027179718,0.2988130748271942,0.5512650012969971,-0.253110408782959,0.9351727962493896,0.3563098609447479,0.5362683534622192,0.513656735420227,0.07382380962371826,0.22924137115478516,0.5112974643707275,0.2556515634059906,0.9211064577102661,0.2743861675262451,0.5202175974845886,0.3559495210647583,0.13652311265468597,0.19563111662864685,0.49961626529693604,0.26194027066230774,0.8973497748374939,0.24642567336559296,0.5130449533462524,0.3521844744682312,0.15523050725460052,0.21162272989749908,0.49291378259658813,0.2476247400045395,0.897016167640686,0.2535100281238556,0.5054094791412354,0.3262820839881897,0.15863588452339172,0.2301216870546341,0.4992464780807495,0.26769351959228516,0.8730931878089905,0.26979151368141174,0.5070812106132507,0.3357067406177521,0.16266532242298126,0.5473684072494507,0.5982674360275269,-0.25328633189201355,0.9994134902954102,0.5663836598396301,0.5970025062561035,0.25339049100875854,0.9998610615730286,0.30892443656921387,0.6340591907501221,-0.07562985271215439,0.9561830163002014,0.6620526313781738,0.7016491889953613,0.14200475811958313,0.9616944789886475,0.27961239218711853,0.7510740160942078,0.161863312125206,0.9888320565223694,0.9074206948280334,0.7292262315750122,0.05778984725475311,0.9873095750808716,0.30748510360717773,0.7754204869270325,0.18298357725143433,0.9728032946586609,0.9673260450363159,0.735508918762207,0.05649803206324577,0.9834388494491577,0.1626959592103958,0.7704766392707825,0.15313071012496948,0.9836195111274719,0.8519328832626343,0.7632821202278137,0.041933510452508926,0.9813739657402039
270,lunge,0,0.27419817447662354,0.454679012298584,-0.000527983414940536,0.99994295835495,0.27465394139289856,0.44416776299476624,-0.05493242293596268,0.9999748468399048,0.276706725358963,0.44330355525016785,-0.05492487922310829,0.9999762773513794,0.2791138291358948,0.44229423999786377,-0.05500682070851326,0.9999810457229614,0.2757733464241028,0.4436371326446533,0.024799998849630356,0.9999622106552124,0.27858206629753113,0.44241300225257874,0.024833055213093758,0.9999470114707947,0.2817545533180237,0.4410310685634613,0.024891793727874756,0.9999583959579468,0.31198650598526,0.4384754002094269,-0.18923604488372803,0.9999604821205139,0.31383320689201355,0.43691980838775635,0.15923413634300232,0.9999205470085144,0.2942408323287964,0.46169793605804443,-0.041012320667505264,0.9998983144760132,0.2959612011909485,0.46131157875061035,0.05984007567167282,0.9998440146446228,0.38241422176361084,0.48482152819633484,-0.3790183365345001,0.9997379779815674,0.4193791151046753,0.4736308753490448,0.4441247880458832,0.9996359944343567,0.2989191710948944,0.5535202026367188,-0.24626393616199493,0.9343547821044922,0.35651421546936035,0.5355639457702637,0.5513738393783569,0.07319221645593643,0.23066022992134094,0.5153984427452087,0.24665015935897827,0.9241504669189453,0.27382639050483704,0.5196904540061951,0.4079171121120453,0.14144857227802277,0.20061680674552917,0.507060170173645,0.25102320313453674,0.901199460029602,0.24522265791893005,0.5141347050666809,0.3954075574874878,0.16118411719799042,0.2134939432144165,0.49988511204719543,0.23420920968055725,0.9009259939193726,0.25263020396232605,0.5071012377738953,0.3573620319366455,0.16500923037528992,0.2303187996149063,0.504509449005127,0.2566748857498169,0.87796550989151,0.26860368251800537,0.5083540678024292,0.38191723823547363,0.16868719458580017,0.5478839874267578,0.6025927066802979,-0.25546807050704956,0.9994401931762695,0.5663763880729675,0.6019652485847473,0.2555346190929413,0.9998696446418762,0.30611804127693176,0.6321079134941101,-0.07644455134868622,0.9561561346054077,0.6567907333374023,0.7061930298805237,0.1324966549873352,0.9643486142158508,0.27961060404777527,0.7502551078796387,0.14008508622646332,0.9890519380569458,0.9071639180183411,0.7291287183761597,0.04454479739069939,0.9882427453994751,0.3074297606945038,0.7749422788619995,0.15868084132671356,0.973206639289856,0.9662678241729736,0.7340347170829773,0.03904766961932182,0.9845540523529053,0.16253724694252014,0.7704133987426758,0.12072508037090302,0.9839751124382019,0.8536226153373718,0.7657355666160583,0.011043965816497803,0.9826532006263733
271,lunge,0,0.2700938582420349,0.468867689371109,0.026500197127461433,0.9999464154243469,0.26893314719200134,0.45940545201301575,-0.029821248725056648,0.999976634979248,0.2705792486667633,0.45863330364227295,-0.029809901490807533,0.9999779462814331,0.2724739909172058,0.45775070786476135,-0.029878836125135422,0.9999824166297913,0.2698984742164612,0.458901971578598,0.05051542446017265,0.9999648928642273,0.27218231558799744,0.45782938599586487,0.05050875246524811,0.9999505281448364,0.27474549412727356,0.45663607120513916,0.05050065368413925,0.9999613165855408,0.30081966519355774,0.4531748592853546,-0.17501389980316162,0.999963104724884,0.3024081885814667,0.45203712582588196,0.17558589577674866,0.9999263882637024,0.2886596918106079,0.4748750925064087,-0.01737374998629093,0.9999045729637146,0.2895357608795166,0.4746358096599579,0.08422472327947617,0.9998528361320496,0.3734651207923889,0.4963199496269226,-0.3704439699649811,0.9997491836547852,0.4186533987522125,0.4811334013938904,0.4564538598060608,0.999643862247467,0.2984607517719269,0.5654704570770264,-0.28267231583595276,0.9308387041091919,0.3754563331604004,0.5411037802696228,0.673797070980072,0.06860370934009552,0.22208110988140106,0.5248458981513977,0.13924674689769745,0.9264571666717529,0.2777869701385498,0.5313325524330139,0.7376065850257874,0.13487182557582855,0.18749718368053436,0.5147168636322021,0.13804225623607635,0.904830813407898,0.25210198760032654,0.5240510702133179,0.7694432139396667,0.15476557612419128,0.19892530143260956,0.5059068202972412,0.1320284605026245,0.9045886397361755,0.25236737728118896,0.5197178721427917,0.7389950752258301,0.15845732390880585,0.21428751945495605,0.5105535387992859,0.151139035820961,0.8819380402565002,0.2647913098335266,0.5229807496070862,0.7211514115333557,0.16280701756477356,0.5471494197845459,0.609989583492279,-0.2608583867549896,0.9994611144065857,0.5685566663742065,0.6099517941474915,0.2608810067176819,0.9998744130134583,0.3015284538269043,0.6316627264022827,-0.08752169460058212,0.9560090899467468,0.6460258364677429,0.7177026867866516,0.15162280201911926,0.9663705825805664,0.279422402381897,0.7501549124717712,0.13300517201423645,0.9890579581260681,0.9019094705581665,0.7290893793106079,0.1735592931509018,0.9889855980873108,0.30660924315452576,0.774807333946228,0.14899373054504395,0.9733255505561829,0.9601267576217651,0.7305272221565247,0.1803823709487915,0.9855167865753174,0.1629483997821808,0.7701621651649475,0.11021729558706284,0.9839497208595276,0.8605110049247742,0.7696729898452759,0.15701670944690704,0.9835660457611084
380,lunge,1,0.4499325156211853,0.4563305675983429,-0.058814194053411484,0.9999294877052307,0.4693397283554077,0.4492088854312897,-0.11460377275943756,0.9999511241912842,0.4729509651660919,0.4493388831615448,-0.11446027457714081,0.99996417760849,0.47694605588912964,0.4495293200016022,-0.11447200179100037,0.9999637603759766,0.46971797943115234,0.44899770617485046,-0.026639554649591446,0.9999387264251709,0.4731651842594147,0.4489313066005707,-0.026739085093140602,0.9999367594718933,0.47703608870506287,0.4489239752292633,-0.026592781767249107,0.9999402165412903,0.5058306455612183,0.4558863043785095,-0.25602659583091736,0.9999482035636902,0.5056000351905823,0.4547910690307617,0.12903358042240143,0.9999376535415649,0.45895305275917053,0.4669796824455261,-0.10422389954328537,0.9998948574066162,0.46012330055236816,0.4669632613658905,0.0069311619736254215,0.9998233318328857,0.5041803121566772,0.5209735035896301,-0.433620423078537,0.9999365210533142,0.5176157355308533,0.5154081583023071,0.390537828207016,0.9998118281364441,0.35475021600723267,0.5654712319374084,-0.2726614475250244,0.9590198397636414,0.39600253105163574,0.5581730008125305,0.31426042318344116,0.234413281083107,0.33566275238990784,0.512904167175293,0.20920781791210175,0.9370828866958618,0.34945935010910034,0.512083113193512,0.0029129183385521173,0.42199572920799255,0.32072383165359497,0.49625036120414734,0.2088114321231842,0.9211154580116272,0.33643901348114014,0.4952235817909241,-0.022439362481236458,0.4289572536945343,0.34936732053756714,0.4932042062282562,0.20565076172351837,0.9178925156593323,0.35255858302116394,0.4916970729827881,-0.045204661786556244,0.4290030896663666,0.3584413230419159,0.501531720161438,0.2252456247806549,0.8968908786773682,0.3609389066696167,0.500947117805481,-0.019116951152682304,0.4240470826625824,0.4793366491794586,0.6611620187759399,-0.2521653175354004,0.999783456325531,0.5017416477203369,0.6560195088386536,0.2518920600414276,0.9998730421066284,0.2251463085412979,0.6426846385002136,-0.12753264605998993,0.9954488277435303,0.6215980052947998,0.7481548190116882,0.2561900019645691,0.9810015559196472,0.2738266587257385,0.7520442605018616,0.10567617416381836,0.9837051033973694,0.8610703945159912,0.7264940142631531,0.006815802305936813,0.9942805171012878,0.30572935938835144,0.7726169228553772,0.1324072629213333,0.9791675209999084,0.8790631294250488,0.71538245677948,-0.010263418778777122,0.9929882884025574,0.1671183556318283,0.7710152864456177,0.18989485502243042,0.9778878688812256,0.9363694787025452,0.7308651804924011,-0.017085613682866096,0.9917261600494385
381,lunge,1,0.44793304800987244,0.4589564800262451,-0.09938079118728638,0.9999364614486694,0.46644970774650574,0.451908141374588,-0.15687605738639832,0.9999560117721558,0.47007548809051514,0.4519764184951782,-0.15672516822814941,0.9999677538871765,0.4740930497646332,0.4521179795265198,-0.15675030648708344,0.9999673366546631,0.4666038155555725,0.451648086309433,-0.07156836986541748,0.999944806098938,0.46989136934280396,0.4514928460121155,-0.07166849076747894,0.9999430775642395,0.47352904081344604,0.45141422748565674,-0.07153624296188354,0.9999461770057678,0.5030009150505066,0.4587760269641876,-0.2972400188446045,0.9999533891677856,0.5015689134597778,0.45753106474876404,0.07605056464672089,0.9999438524246216,0.4568641483783722,0.4696185290813446,-0.14205025136470795,0.9999052286148071,0.45769667625427246,0.46934786438941956,-0.03425712138414383,0.9998407959938049,0.49845758080482483,0.5224502682685852,-0.45437461137771606,0.9999417066574097,0.5169625878334045,0.5168783664703369,0.35444992780685425,0.9998293519020081,0.35124194622039795,0.5703718662261963,-0.28368428349494934,0.9613247513771057,0.39646828174591064,0.5727007389068604,0.31840425729751587,0.25206708908081055,0.33197253942489624,0.517977237701416,0.20580384135246277,0.9414308667182922,0.34914490580558777,0.517092764377594,0.05223017930984497,0.4489496052265167,0.3183952569961548,0.5001118779182434,0.209828719496727,0.9255989789962769,0.33570030331611633,0.49983566999435425,0.035902827978134155,0.45161715149879456,0.34592998027801514,0.49652203917503357,0.20596085488796234,0.922627866268158,0.3506922721862793,0.4962749183177948,0.015684522688388824,0.45186588168144226,0.35434690117836,0.5056547522544861,0.22260189056396484,0.9033328294754028,0.35797643661499023,0.5052734613418579,0.03317870572209358,0.44597285985946655,0.4732586443424225,0.6634364128112793,-0.2515072524547577,0.9998029470443726,0.5039658546447754,0.6579031944274902,0.25110700726509094,0.9998853206634521,0.22290045022964478,0.6426511406898499,-0.061429738998413086,0.9951926469802856,0.6249290704727173,0.7504889965057373,0.28029927611351013,0.981148362159729,0.27369678020477295,0.7519761323928833,0.14553599059581757,0.9811808466911316,0.8687086701393127,0.7266248464584351,0.005673253908753395,0.9946548342704773,0.303080290555954,0.7728704214096069,0.17169329524040222,0.9774307608604431,0.8833253979682922,0.7183133363723755,-0.012325323186814785,0.9935304522514343,0.16453348100185394,0.7709835171699524,0.2507605254650116,0.9757329225540161,0.9433509111404419,0.7339364886283875,-0.0073661175556480885,0.9923350811004639
382,lunge,1,0.5486963391304016,0.37971460819244385,-0.03410516306757927,0.9999377727508545,0.5685933828353882,0.36767566204071045,-0.09306507557630539,0.9999586939811707,0.5740953683853149,0.3678227365016937,-0.09299830347299576,0.999969482421875,0.5795733332633972,0.36797383427619934,-0.0930500403046608,0.9999683499336243,0.5652586221694946,0.3668079078197479,-0.011626804247498512,0.9999465942382812,0.5674558877944946,0.36646440625190735,-0.011649909429252148,0.9999446272850037,0.5698555111885071,0.3661509156227112,-0.011710858903825283,0.9999480843544006,0.6134588122367859,0.3712473213672638,-0.20733220875263214,0.9999573826789856,0.6000906229019165,0.3686058521270752,0.14555147290229797,0.999947726726532,0.5624397397041321,0.39086997509002686,-0.06086498126387596,0.9999106526374817,0.5579127073287964,0.38995590806007385,0.04112640768289566,0.9998522996902466,0.6197621822357178,0.42583197355270386,-0.3840339183807373,0.9999465346336365,0.622612476348877,0.43180975317955017,0.4696098566055298,0.9998422265052795,0.43307456374168396,0.47794273495674133,-0.30453410744667053,0.9602974653244019,0.47638440132141113,0.49883291125297546,0.44206249713897705,0.23702119290828705,0.4004541337490082,0.40997907519340515,0.07014384120702744,0.9440756440162659,0.4421941637992859,0.46924927830696106,0.18132317066192627,0.4173567295074463,0.38462886214256287,0.39629578590393066,0.03992496803402901,0.9292699694633484,0.4464516043663025,0.45546436309814453,0.18254616856575012,0.42105957865715027,0.4115418791770935,0.39506587386131287,0.061969805508852005,0.9266371726989746,0.45530226826667786,0.44914567470550537,0.16509662568569183,0.42063021659851074,0.41996753215789795,0.39917728304862976,0.0929303914308548,0.9082260131835938,0.4567776024341583,0.45423999428749084,0.1657138168811798,0.4178496301174164,0.579330563545227,0.5951198935508728,-0.264469176530838,0.9998213052749634,0.6361966729164124,0.6009260416030884,0.2643481194972992,0.9998957514762878,0.24196666479110718,0.5764992833137512,-0.185220405459404,0.9953877925872803,0.73712158203125,0.718254566192627,0.2689676880836487,0.9738585352897644,0.3050890564918518,0.7157536745071411,-0.00021785702847409993,0.9816322922706604,0.9263543486595154,0.6971168518066406,0.2501475214958191,0.9945080280303955,0.36046507954597473,0.7382078170776367,0.020024264231324196,0.9778358340263367,0.9535925388336182,0.6904065608978271,0.2570126950740814,0.9936321973800659,0.17016837000846863,0.7450783252716064,0.06207561120390892,0.9752786755561829,0.991032600402832,0.7051023840904236,0.23371930420398712,0.9919973611831665
383,lunge,1,0.5561604499816895,0.34395015239715576,-0.10411549359560013,0.9999439120292664,0.5773820877075195,0.33334654569625854,-0.1746170073747635,0.9999628067016602,0.5825366377830505,0.33346283435821533,-0.17439092695713043,0.9999725222587585,0.588201642036438,0.33348342776298523,-0.17440813779830933,0.9999715089797974,0.5759035348892212,0.3334141969680786,-0.07793959230184555,0.9999518990516663,0.5797098278999329,0.3335097134113312,-0.07800720632076263,0.999950110912323,0.5841110944747925,0.3334737718105316,-0.07795922458171844,0.9999532103538513,0.6271411776542664,0.3401584029197693,-0.337925523519516,0.9999616146087646,0.624168336391449,0.33915185928344727,0.08124750107526779,0.9999529123306274,0.566762387752533,0.35533249378204346,-0.15268585085868835,0.9999194145202637,0.5647276639938354,0.3553745448589325,-0.031213965266942978,0.9998667240142822,0.6192493438720703,0.42275819182395935,-0.5254639387130737,0.9999508261680603,0.6350353360176086,0.41643762588500977,0.41395696997642517,0.9998563528060913,0.43342283368110657,0.48462170362472534,-0.3307623565196991,0.9622693657875061,0.47050726413726807,0.4791807234287262,0.41574281454086304,0.2572980523109436,0.41304102540016174,0.4089162051677704,0.20400138199329376,0.9482365250587463,0.4262777864933014,0.41720491647720337,0.11515286564826965,0.44314345717430115,0.39484402537345886,0.3861582577228546,0.20620450377464294,0.9338183999061584,0.41243776679039,0.3874225914478302,0.10810012370347977,0.43692702054977417,0.42805540561676025,0.38072240352630615,0.19759292900562286,0.9315023422241211,0.43867117166519165,0.3836727738380432,0.08472393453121185,0.43647125363349915,0.4413495659828186,0.39023226499557495,0.22200530767440796,0.914929211139679,0.45083123445510864,0.39453575015068054,0.09625674784183502,0.433954656124115,0.5859588980674744,0.595117449760437,-0.2777360677719116,0.99983811378479,0.6436176896095276,0.5941781997680664,0.2769506871700287,0.9999058842658997,0.24291694164276123,0.5745789408683777,-0.06514307111501694,0.9949377775192261,0.7759281396865845,0.7146177887916565,0.31400367617607117,0.971760094165802,0.3180299997329712,0.7148407101631165,0.12497629225254059,0.9784361124038696,0.976060688495636,0.6786680817604065,0.24926547706127167,0.9944548606872559,0.36931025981903076,0.7384403944015503,0.14946292340755463,0.976232647895813,0.9993182420730591,0.6681444048881531,0.25411343574523926,0.9939318895339966,0.18372783064842224,0.7418943643569946,0.25308528542518616,0.9723101258277893,1.0422216653823853,0.6818121671676636,0.2990722060203552,0.9921484589576721
384,lunge,1,0.5702912211418152,0.34363219141960144,-0.09494312852621078,0.9999493360519409,0.590076208114624,0.3331791162490845,-0.16472730040550232,0.9999665021896362,0.5942902565002441,0.3327830731868744,-0.1645183116197586,0.9999752044677734,0.5989264249801636,0.3323603868484497,-0.1645219773054123,0.9999743103981018,0.5891908407211304,0.33326780796051025,-0.06882376223802567,0.9999566078186035,0.5924937725067139,0.33296191692352295,-0.06888660788536072,0.9999549984931946,0.5962934494018555,0.33258670568466187,-0.0688365176320076,0.999957799911499,0.6364200115203857,0.33817946910858154,-0.3321014642715454,0.9999654293060303,0.6347799301147461,0.3377646505832672,0.08594471961259842,0.9999575018882751,0.5773581266403198,0.3560415804386139,-0.14449189603328705,0.9999269247055054,0.5762235522270203,0.3563097417354584,-0.024007033556699753,0.9998791813850403,0.6203472018241882,0.42308592796325684,-0.5128374099731445,0.9999536275863647,0.6493766903877258,0.4135299026966095,0.41306132078170776,0.9998683333396912,0.4382634162902832,0.48160091042518616,-0.30312711000442505,0.9637171030044556,0.47170794010162354,0.4647083580493927,0.44273439049720764,0.27026987075805664,0.41669461131095886,0.4085973799228668,0.27118420600891113,0.9510779976844788,0.4286666512489319,0.4068520963191986,0.23983044922351837,0.4569336771965027,0.39762887358665466,0.3877539336681366,0.2798088490962982,0.9366450309753418,0.41155004501342773,0.38467487692832947,0.22440800070762634,0.4434906840324402,0.4315716326236725,0.38240426778793335,0.2622316777706146,0.9346818327903748,0.43678995966911316,0.3818838894367218,0.21217142045497894,0.4433443248271942,0.44444647431373596,0.39127808809280396,0.2864014208316803,0.9197328686714172,0.44837427139282227,0.390042781829834,0.22421589493751526,0.439737468957901,0.5894680023193359,0.5952657461166382,-0.2777678370475769,0.9998525381088257,0.653738796710968,0.5955339074134827,0.27695411443710327,0.9999149441719055,0.2461429089307785,0.5732637047767639,0.009851270355284214,0.9945084452629089,0.7853358387947083,0.7148948311805725,0.2964306175708771,0.971609890460968,0.32388660311698914,0.7158774137496948,0.1986217051744461,0.9760155081748962,0.9919273853302002,0.6831745505332947,0.18933828175067902,0.9945620894432068,0.3703993558883667,0.7381017804145813,0.22390718758106232,0.9745005965232849,1.011321783065796,0.6700835824012756,0.1893763542175293,0.9942585229873657,0.18941503763198853,0.7379478812217712,0.32929527759552,0.9699946641921997,1.0683703422546387,0.6857490539550781,0.23040083050727844,0.992455780506134
385,lunge,1,0.5659992694854736,0.3440721333026886,-0.06821917742490768,0.9999542236328125,0.5844596028327942,0.3320563733577728,-0.14947523176670074,0.9999698400497437,0.5882369875907898,0.3320153057575226,-0.14915437996387482,0.9999776482582092,0.5923982262611389,0.3319285213947296,-0.14910568296909332,0.9999768137931824,0.5841522812843323,0.33186933398246765,-0.0431135892868042,0.9999608397483826,0.5874925255775452,0.3316858410835266,-0.04322744533419609,0.9999594688415527,0.5912805795669556,0.33141258358955383,-0.04319671913981438,0.9999619722366333,0.6296415328979492,0.3384895622730255,-0.3047328293323517,0.9999688267707825,0.6277983784675598,0.3371244966983795,0.11127152293920517,0.9999616742134094,0.5736091732978821,0.3559821844100952,-0.1238253116607666,0.9999337792396545,0.572969913482666,0.3557158410549164,0.005792421288788319,0.9998905062675476,0.6244834065437317,0.4224807620048523,-0.4840274155139923,0.9999556541442871,0.6509365439414978,0.4126063585281372,0.45239800214767456,0.9998779296875,0.4331936538219452,0.48494207859039307,-0.24955086410045624,0.964860200881958,0.4681125283241272,0.46348217129707336,0.48087242245674133,0.2776889204978943,0.41585588455200195,0.41032832860946655,0.33790168166160583,0.953965961933136,0.4237285554409027,0.4069371819496155,0.2690024971961975,0.46224546432495117,0.39853349328041077,0.3857565224170685,0.3566698133945465,0.939731776714325,0.40704482793807983,0.38327479362487793,0.25448131561279297,0.44214367866516113,0.4312446117401123,0.3802184462547302,0.3432835340499878,0.9379926919937134,0.43091100454330444,0.3793022632598877,0.24714723229408264,0.44187623262405396,0.4462210237979889,0.391441285610199,0.3562993109226227,0.9243656992912292,0.4445768892765045,0.3888095021247864,0.2540421485900879,0.43777891993522644,0.5951716899871826,0.59451824426651,-0.27669042348861694,0.9998648762702942,0.6587595343589783,0.5940481424331665,0.27593475580215454,0.9999228715896606,0.24710863828659058,0.57329922914505,-0.0021746032871305943,0.9941391944885254,0.7887011766433716,0.7151486277580261,0.2859824299812317,0.9719471335411072,0.3253543972969055,0.7159806489944458,0.18056640028953552,0.9739299416542053,0.9948697686195374,0.6852262616157532,0.15863190591335297,0.9946696162223816,0.3695448338985443,0.7383930683135986,0.20377741754055023,0.9723116755485535,1.013817310333252,0.6701292991638184,0.16340388357639313,0.9945313334465027,0.1917395293712616,0.7370843887329102,0.28847190737724304,0.9684702754020691,1.079033613204956,0.6899904608726501,0.16785910725593567,0.9927818775177002
386,lunge,1,0.5686607360839844,0.3399391770362854,-0.07154645770788193,0.9999585747718811,0.5880820155143738,0.32886841893196106,-0.14887578785419464,0.9999728202819824,0.5917760133743286,0.3287985622882843,-0.1486329436302185,0.9999798536300659,0.5957516431808472,0.32874205708503723,-0.14864414930343628,0.9999790787696838,0.588505744934082,0.3288053870201111,-0.04435298219323158,0.9999645948410034,0.5924386382102966,0.32862043380737305,-0.04444245249032974,0.9999634623527527,0.59688401222229,0.32838383316993713,-0.044402722269296646,0.9999656677246094,0.6317518353462219,0.3359670042991638,-0.3217901587486267,0.9999719262123108,0.6327008008956909,0.33507031202316284,0.11285355687141418,0.9999653697013855,0.5771009922027588,0.3519546687602997,-0.12651024758815765,0.9999396800994873,0.5774025917053223,0.35156548023223877,0.004135338123887777,0.9999003410339355,0.623455286026001,0.4194341003894806,-0.5147567391395569,0.999957263469696,0.6635056138038635,0.411285936832428,0.46376025676727295,0.9998857378959656,0.4305611550807953,0.4843390882015228,-0.26840081810951233,0.9664527177810669,0.4730655252933502,0.4692501425743103,0.45646539330482483,0.2803042232990265,0.4124354124069214,0.40933045744895935,0.31775954365730286,0.9566688537597656,0.42711853981018066,0.4086841940879822,0.20402255654335022,0.46650564670562744,0.3948589861392975,0.3854648768901825,0.33403465151786804,0.9424212574958801,0.40888461470603943,0.384591668844223,0.18950097262859344,0.44099104404449463,0.42697659134864807,0.3792945146560669,0.3326055407524109,0.940891683101654,0.43190258741378784,0.3809002935886383,0.17866721749305725,0.44049742817878723,0.4408482313156128,0.39026883244514465,0.34143689274787903,0.9284517765045166,0.4452419877052307,0.391615629196167,0.1873585432767868,0.4355871379375458,0.5916688442230225,0.5948556065559387,-0.29125547409057617,0.9998733997344971,0.6507260799407959,0.5929839015007019,0.2905205190181732,0.9999294877052307,0.25025203824043274,0.5721095204353333,-0.030103912577033043,0.9939334392547607,0.7854790687561035,0.7146847248077393,0.321903795003891,0.971714437007904,0.3267320692539215,0.714474618434906,0.2143632173538208,0.9703154563903809,1.0160013437271118,0.6775592565536499,0.14652380347251892,0.9947490692138672,0.37091320753097534,0.7373351454734802,0.24522580206394196,0.9685797095298767,1.0342867374420166,0.6614652276039124,0.14322686195373535,0.9947773218154907,0.1941615343093872,0.7387208938598633,0.3567943572998047,0.9651520848274231,1.111843466758728,0.6805146336555481,0.1641751080751419,0.9930498600006104
387,lunge,1,0.570590615272522,0.3407369554042816,-0.07079735398292542,0.9999625086784363,0.5894218683242798,0.3302846848964691,-0.14455360174179077,0.9999755024909973,0.593379020690918,0.33003199100494385,-0.14433671534061432,0.9999818205833435,0.5975528955459595,0.3297722637653351,-0.14435400068759918,0.9999811053276062,0.5894413590431213,0.330331027507782,-0.04368776082992554,0.9999679923057556,0.5934122204780579,0.33005571365356445,-0.04376669600605965,0.9999670386314392,0.5978776812553406,0.32972660660743713,-0.04371326044201851,0.9999690055847168,0.6347443461418152,0.3362659811973572,-0.32329854369163513,0.9999746680259705,0.6345847249031067,0.3357608914375305,0.11863327026367188,0.9999687075614929,0.5798485279083252,0.35288211703300476,-0.1237938180565834,0.9999451041221619,0.5799758434295654,0.35233619809150696,0.00546064181253314,0.9999094009399414,0.6285908222198486,0.41900113224983215,-0.5155535936355591,0.999958336353302,0.666441023349762,0.4100341498851776,0.46936342120170593,0.9998931288719177,0.43436676263809204,0.4841007590293884,-0.2757490277290344,0.9675731062889099,0.47377026081085205,0.4649200439453125,0.4646371901035309,0.2841203212738037,0.41717883944511414,0.41179540753364563,0.3280494809150696,0.9584560394287109,0.43088117241859436,0.40446755290031433,0.2156655490398407,0.46950995922088623,0.39835020899772644,0.3883815407752991,0.3439132869243622,0.9438945651054382,0.41280093789100647,0.38104259967803955,0.19934183359146118,0.4394002854824066,0.4314332604408264,0.3822558522224426,0.33531203866004944,0.9425975680351257,0.437574177980423,0.37795692682266235,0.1886381357908249,0.4389972388744354,0.4446205794811249,0.3926647901535034,0.3491387367248535,0.9312264919281006,0.44992995262145996,0.388053297996521,0.19886931777000427,0.4333908259868622,0.5893596410751343,0.595291018486023,-0.2944907546043396,0.9998811483383179,0.6559355854988098,0.5936365723609924,0.2938196361064911,0.9999356865882874,0.25328177213668823,0.5715872645378113,-0.030217694118618965,0.9939337968826294,0.7901723384857178,0.7141605615615845,0.3034173250198364,0.9724674224853516,0.3276979923248291,0.713359534740448,0.25109267234802246,0.9673638939857483,1.0138936042785645,0.6778576374053955,0.14388231933116913,0.9948897361755371,0.3709719479084015,0.7369461059570312,0.28657105565071106,0.9651859402656555,1.0395450592041016,0.6617218255996704,0.14184057712554932,0.9950225353240967,0.19530518352985382,0.7379667162895203,0.40655913949012756,0.9617127776145935,1.1145410537719727,0.6784279346466064,0.14982755482196808,0.9933261871337891
388,lunge,1,0.572181761264801,0.3408372700214386,-0.038367971777915955,0.9999660849571228,0.5911271572113037,0.3304426074028015,-0.11500640958547592,0.9999778866767883,0.5954177975654602,0.3300735056400299,-0.1147804856300354,0.9999836087226868,0.5998777747154236,0.32971811294555664,-0.11479412764310837,0.9999828934669495,0.590365469455719,0.33059969544410706,-0.009002886712551117,0.9999710917472839,0.5941312909126282,0.33028438687324524,-0.009091198444366455,0.9999702572822571,0.598354160785675,0.3299453854560852,-0.00904919859021902,0.9999720454216003,0.6362545490264893,0.3362221121788025,-0.31937646865844727,0.999977171421051,0.63365638256073,0.33611664175987244,0.1572750210762024,0.9999717473983765,0.5815578103065491,0.3532696068286896,-0.09524551033973694,0.9999500513076782,0.5810039043426514,0.3525351881980896,0.03847501799464226,0.9999176859855652,0.6368069052696228,0.4189434349536896,-0.4996676743030548,0.9999597072601318,0.6623987555503845,0.4093060791492462,0.4993724822998047,0.9999006986618042,0.4445376992225647,0.48690518736839294,-0.2528765797615051,0.968826174736023,0.473155677318573,0.46714890003204346,0.48888885974884033,0.2949840724468231,0.42313259840011597,0.4151673913002014,0.37457484006881714,0.9605177640914917,0.4279596507549286,0.40834465622901917,0.22656461596488953,0.4793127477169037,0.40307116508483887,0.39276671409606934,0.3942506015300751,0.9459935426712036,0.4123428761959076,0.38534510135650635,0.20890836417675018,0.442914217710495,0.43477654457092285,0.3863109052181244,0.38553303480148315,0.9448760151863098,0.4347243010997772,0.38132649660110474,0.19952073693275452,0.44243529438972473,0.44892698526382446,0.39687380194664,0.39621299505233765,0.934433102607727,0.4485229253768921,0.3913642466068268,0.20984336733818054,0.4365600347518921,0.5927028656005859,0.5960843563079834,-0.29330217838287354,0.9998886585235596,0.6598327159881592,0.5954486727714539,0.29268935322761536,0.999941349029541,0.2550925016403198,0.5708654522895813,-0.0191894993185997,0.9939791560173035,0.7904407382011414,0.7142202854156494,0.2975805103778839,0.9733752012252808,0.32830098271369934,0.7132740616798401,0.26826533675193787,0.9653171896934509,1.0206444263458252,0.6784313917160034,0.1394689679145813,0.9950067400932312,0.3710099756717682,0.7375773191452026,0.30381977558135986,0.9626128077507019,1.0395839214324951,0.6617002487182617,0.13949821889400482,0.9952400326728821,0.1956905871629715,0.737814724445343,0.42519238591194153,0.9596391320228577,1.1147100925445557,0.6787496209144592,0.1490045040845871,0.993601381778717
389,lunge,1,0.5735701322555542,0.3405504524707794,-0.010965666733682156,0.9999693036079407,0.5921091437339783,0.3307220935821533,-0.0869995653629303,0.9999800324440002,0.5962701439857483,0.3304600119590759,-0.08678093552589417,0.9999852180480957,0.6005391478538513,0.33024153113365173,-0.0867907851934433,0.9999845623970032,0.5913452506065369,0.33091214299201965,0.018018566071987152,0.9999738931655884,0.5950551629066467,0.3307042717933655,0.017921041697263718,0.9999731779098511,0.5991765260696411,0.33048269152641296,0.01797335594892502,0.99997478723526,0.6356329917907715,0.33721527457237244,-0.28547242283821106,0.9999794363975525,0.6333966851234436,0.33689141273498535,0.18127797544002533,0.9999744892120361,0.5825422406196594,0.3531593084335327,-0.06739941239356995,0.9999545216560364,0.582112729549408,0.3525237739086151,0.06455807387828827,0.9999251365661621,0.633381724357605,0.41841956973075867,-0.48435279726982117,0.9999613761901855,0.6676673889160156,0.4088750183582306,0.52158522605896,0.9999071955680847,0.44176679849624634,0.4850412905216217,-0.23207291960716248,0.9697552919387817,0.47752755880355835,0.467698872089386,0.4961089789867401,0.2982419729232788,0.4216015338897705,0.41522741317749023,0.41496938467025757,0.9623621106147766,0.4309808909893036,0.40818679332733154,0.22908106446266174,0.48079633712768555,0.4014546275138855,0.39280202984809875,0.43962493538856506,0.9479700326919556,0.41442814469337463,0.3836105465888977,0.2130785882472992,0.44002947211265564,0.43405184149742126,0.3866787552833557,0.4313682019710541,0.9470034837722778,0.4385358393192291,0.3801996111869812,0.2073272317647934,0.4390057921409607,0.44752445816993713,0.3967849314212799,0.43767860531806946,0.9373512268066406,0.45123177766799927,0.38964468240737915,0.21348118782043457,0.4331364035606384,0.5915251970291138,0.5965909361839294,-0.29289934039115906,0.9998961091041565,0.6608898639678955,0.5965949892997742,0.29230940341949463,0.9999465346336365,0.25633418560028076,0.5695003271102905,-0.0023065591230988503,0.9940166473388672,0.7900528907775879,0.7143383622169495,0.29288819432258606,0.9740535616874695,0.3292747437953949,0.7136924862861633,0.2627701163291931,0.9640190005302429,1.026695728302002,0.6773043870925903,0.1266462653875351,0.9951528906822205,0.37186434864997864,0.7377370595932007,0.2950458228588104,0.960590124130249,1.0400110483169556,0.6608140468597412,0.12543588876724243,0.9954623579978943,0.19604967534542084,0.7378586530685425,0.409104585647583,0.958256185054779,1.1174192428588867,0.679019570350647,0.14383262395858765,0.9938870668411255
390,lunge,1,0.5787673592567444,0.3419647812843323,-0.016861477866768837,0.9999721646308899,0.5959122180938721,0.33197221159935,-0.09141290187835693,0.9999819993972778,0.5999486446380615,0.33167168498039246,-0.09120764583349228,0.9999866485595703,0.6041454076766968,0.3314230144023895,-0.09121709316968918,0.9999860525131226,0.5950782299041748,0.3322482109069824,0.012190775014460087,0.999976396560669,0.5985932946205139,0.3320724666118622,0.01209301222115755,0.9999757409095764,0.6025699973106384,0.33190158009529114,0.012142046354711056,0.9999772310256958,0.6383483409881592,0.3381006121635437,-0.28500014543533325,0.9999814629554749,0.6362603306770325,0.3379361927509308,0.1749323308467865,0.9999768733978271,0.5886287689208984,0.3542262315750122,-0.07220671325922012,0.9999583959579468,0.5883287191390991,0.35412856936454773,0.05809260532259941,0.9999316334724426,0.6335386037826538,0.4168178141117096,-0.4817422330379486,0.999962568283081,0.6739497184753418,0.40938976407051086,0.5164079666137695,0.9999131560325623,0.44090116024017334,0.48587489128112793,-0.23874758183956146,0.9705740809440613,0.4806302487850189,0.47029727697372437,0.4952068328857422,0.3020467162132263,0.4201143682003021,0.4160878360271454,0.41268980503082275,0.9638199806213379,0.43137127161026,0.41116729378700256,0.23349720239639282,0.4838820695877075,0.399316668510437,0.39444756507873535,0.4369133412837982,0.9494407773017883,0.41496220231056213,0.3862222135066986,0.21846558153629303,0.4394321143627167,0.4316033124923706,0.3885555565357208,0.4275713264942169,0.9486193060874939,0.44011586904525757,0.38188159465789795,0.21228690445423126,0.4380006194114685,0.4448930025100708,0.3980846703052521,0.43502387404441833,0.9396655559539795,0.45220208168029785,0.3921569585800171,0.21799780428409576,0.43172773718833923,0.5878268480300903,0.5970296859741211,-0.29415786266326904,0.9999014139175415,0.6594866514205933,0.5977987051010132,0.29358869791030884,0.9999510645866394,0.2576829791069031,0.5688132047653198,0.012679014354944229,0.9939669370651245,0.7915278673171997,0.7143561244010925,0.2914729416370392,0.974700927734375,0.32981041073799133,0.7126955986022949,0.28738775849342346,0.9614840149879456,1.0276062488555908,0.6777505278587341,0.11395149677991867,0.995238184928894,0.3719753623008728,0.7372648119926453,0.3210759162902832,0.957269012928009,1.045899748802185,0.6576432585716248,0.10936347395181656,0.9956323504447937,0.1964586228132248,0.7362674474716187,0.4433588981628418,0.955459475517273,1.1256738901138306,0.6741213202476501,0.14220255613327026,0.9941041469573975
391,lunge,1,0.5780429840087891,0.3417184352874756,-0.022025907412171364,0.9999746680259705,0.5950232744216919,0.33191272616386414,-0.09385900944471359,0.9999837279319763,0.5989450812339783,0.3316997289657593,-0.09366555511951447,0.9999879598617554,0.6031501293182373,0.3315267860889435,-0.09369190037250519,0.9999873638153076,0.5939317345619202,0.33208996057510376,0.007034989073872566,0.9999786019325256,0.5970965623855591,0.3319403827190399,0.006963764317333698,0.9999780654907227,0.6007925868034363,0.3317980468273163,0.007032179739326239,0.9999794363975525,0.6380488872528076,0.33874669671058655,-0.28626686334609985,0.9999832510948181,0.6359537243843079,0.3386068046092987,0.1701207160949707,0.9999790191650391,0.5875881910324097,0.3545117974281311,-0.0747646912932396,0.9999616742134094,0.5872051119804382,0.35426855087280273,0.05197307839989662,0.9999372363090515,0.6283836364746094,0.4176768660545349,-0.4807186424732208,0.999963104724884,0.67552649974823,0.40921032428741455,0.49996981024742126,0.9999179244041443,0.43819013237953186,0.4856152832508087,-0.2475309520959854,0.9707181453704834,0.48668238520622253,0.4713786840438843,0.5111842751502991,0.3036159873008728,0.4204387664794922,0.41375088691711426,0.3703886568546295,0.9646755456924438,0.437349408864975,0.41061294078826904,0.3003625273704529,0.4844321608543396,0.3987800180912018,0.39178115129470825,0.3895019292831421,0.9501510858535767,0.41872984170913696,0.3854130506515503,0.2877696454524994,0.43702682852745056,0.43082237243652344,0.38563820719718933,0.37975773215293884,0.9494558572769165,0.44082581996917725,0.38013559579849243,0.2754313051700592,0.435440331697464,0.44479331374168396,0.395127534866333,0.3909171521663666,0.9411783218383789,0.45740464329719543,0.39080190658569336,0.2837458848953247,0.4286857843399048,0.5863587856292725,0.5969297289848328,-0.2944457530975342,0.9999074339866638,0.6615455746650696,0.598173975944519,0.29388102889060974,0.9999552369117737,0.25854912400245667,0.5700458884239197,0.0073112971149384975,0.9939757585525513,0.7903132438659668,0.7141626477241516,0.2903885841369629,0.9754270911216736,0.3300170600414276,0.712597668170929,0.29517579078674316,0.95818692445755,1.0327032804489136,0.6778606176376343,0.11604126542806625,0.9952322244644165,0.37168970704078674,0.7367540001869202,0.3317115902900696,0.9533492922782898,1.0425338745117188,0.6557579040527344,0.11242836713790894,0.9957327246665955,0.1962961107492447,0.736132800579071,0.47011277079582214,0.9516444206237793,1.1211121082305908,0.6740024089813232,0.1601843535900116,0.99420166015625
392,lunge,1,0.5786531567573547,0.3414481580257416,-0.05352475494146347,0.9999768733978271,0.5960498452186584,0.3316015303134918,-0.128101646900177,0.9999852776527405,0.5999522805213928,0.3313963711261749,-0.127893328666687,0.9999890923500061,0.6041626334190369,0.3312510848045349,-0.12789590656757355,0.9999884963035583,0.5947391986846924,0.3318062722682953,-0.025787916034460068,0.9999805688858032,0.5976803302764893,0.33167287707328796,-0.025871988385915756,0.9999801516532898,0.6011484861373901,0.3315678536891937,-0.025838075205683708,0.9999813437461853,0.6387231945991516,0.33881983160972595,-0.3158089518547058,0.999984860420227,0.636600136756897,0.33873531222343445,0.13466358184814453,0.9999809265136719,0.5880265235900879,0.35429856181144714,-0.10809778422117233,0.9999644756317139,0.5876455903053284,0.3541715741157532,0.0206235870718956,0.9999421238899231,0.6262958645820618,0.4171789586544037,-0.506765604019165,0.9999627470970154,0.6773490905761719,0.4085904061794281,0.480177104473114,0.9999213814735413,0.4380527436733246,0.4853631556034088,-0.2635745406150818,0.9705319404602051,0.4913842976093292,0.47118330001831055,0.5034705400466919,0.30201253294944763,0.4198947250843048,0.41242387890815735,0.352377325296402,0.9650771617889404,0.4423363208770752,0.40875133872032166,0.3080832362174988,0.4807884097099304,0.3978690207004547,0.390520840883255,0.3690160810947418,0.9501751661300659,0.4203793704509735,0.38452833890914917,0.2954416871070862,0.43117305636405945,0.4296506643295288,0.38387730717658997,0.3614179193973541,0.9496486783027649,0.4451659023761749,0.3788420557975769,0.28059571981430054,0.42974957823753357,0.44396209716796875,0.3936356008052826,0.37286290526390076,0.9420520663261414,0.45966994762420654,0.3896724283695221,0.29101887345314026,0.42274245619773865,0.5868746638298035,0.5971710681915283,-0.2954227924346924,0.9999104738235474,0.6624144911766052,0.5982009172439575,0.2948487401008606,0.9999585747718811,0.2589656114578247,0.5704739093780518,0.0014929432654753327,0.9938900470733643,0.7920576930046082,0.7141063809394836,0.28774264454841614,0.9761128425598145,0.33030420541763306,0.7128673791885376,0.30545446276664734,0.952829122543335,1.0419690608978271,0.675403356552124,0.11674392968416214,0.9951713681221008,0.37143832445144653,0.7370526194572449,0.34417715668678284,0.9477090835571289,1.0541707277297974,0.6505857706069946,0.11375401169061661,0.9957945942878723,0.1957883983850479,0.7361735701560974,0.48391667008399963,0.944989800453186,1.1351662874221802,0.665450394153595,0.16464564204216003,0.9941837191581726
393,lunge,1,0.5787851810455322,0.3414205312728882,-0.06941550970077515,0.9999788403511047,0.5960978269577026,0.3315737247467041,-0.1439150720834732,0.9999866485595703,0.5999265909194946,0.33137887716293335,-0.14370164275169373,0.9999901056289673,0.6040781736373901,0.33125045895576477,-0.14369390904903412,0.9999895691871643,0.5948428511619568,0.3317767381668091,-0.042460065335035324,0.9999823570251465,0.5977407097816467,0.33164873719215393,-0.042548902332782745,0.9999819993972778,0.6011637449264526,0.33155643939971924,-0.04251732677221298,0.9999830722808838,0.6385575532913208,0.3389192223548889,-0.32793787121772766,0.9999862909317017,0.6367900371551514,0.338827520608902,0.11578045785427094,0.9999826550483704,0.5881057977676392,0.354329377412796,-0.12352727353572845,0.9999669790267944,0.5878124237060547,0.3542282283306122,0.0042077163234353065,0.9999465346336365,0.6246514320373535,0.41725632548332214,-0.5157354474067688,0.9999624490737915,0.6794074773788452,0.40856367349624634,0.4634864032268524,0.9999244213104248,0.4367867112159729,0.48553234338760376,-0.2746674418449402,0.9704524278640747,0.49325865507125854,0.4711705446243286,0.5066156983375549,0.3006622791290283,0.41934001445770264,0.41200530529022217,0.3455878496170044,0.9656187295913696,0.4444727599620819,0.4082658588886261,0.3300887644290924,0.47841084003448486,0.3971926271915436,0.3901170790195465,0.3606589734554291,0.9504513144493103,0.42142096161842346,0.3843383193016052,0.3188822865486145,0.4265548586845398,0.4288758635520935,0.38335782289505005,0.35684090852737427,0.9500710368156433,0.4470718801021576,0.3786088526248932,0.30228930711746216,0.425293505191803,0.4433496594429016,0.39315879344940186,0.366940438747406,0.9431108236312866,0.4607398211956024,0.38941243290901184,0.31278520822525024,0.4180152714252472,0.5863322019577026,0.5972980856895447,-0.2963530719280243,0.9999136924743652,0.6622961759567261,0.5984092354774475,0.2957562208175659,0.9999616742134094,0.25937050580978394,0.5704858899116516,0.007321459241211414,0.9938305616378784,0.7920356392860413,0.7139847278594971,0.2860183119773865,0.9767294526100159,0.33045390248298645,0.7129085659980774,0.30403807759284973,0.9486981630325317,1.0426157712936401,0.67597895860672,0.11980901658535004,0.9951236844062805,0.37125375866889954,0.7369988560676575,0.34185636043548584,0.9433939456939697,1.05224609375,0.6499266028404236,0.11739213764667511,0.9958625435829163,0.19547465443611145,0.7360275387763977,0.4826452136039734,0.9400007724761963,1.1318386793136597,0.6651518940925598,0.17187543213367462,0.9941881895065308
394,lunge,1,0.578203558921814,0.341250479221344,-0.07426642626523972,0.9999805092811584,0.5958237648010254,0.3312053084373474,-0.1483701467514038,0.9999878406524658,0.599707305431366,0.33097243309020996,-0.14816592633724213,0.9999909996986389,0.6039368510246277,0.33079788088798523,-0.14816056191921234,0.9999904632568359,0.5944610834121704,0.3313967287540436,-0.04772201180458069,0.9999839067459106,0.5973469018936157,0.33123481273651123,-0.04781727120280266,0.9999836087226868,0.6007538437843323,0.3311026990413666,-0.047795191407203674,0.9999845623970032,0.6388263702392578,0.3383263349533081,-0.32970890402793884,0.9999875426292419,0.6370775103569031,0.338289737701416,0.10957611352205276,0.9999841451644897,0.588441789150238,0.3540951609611511,-0.12740768492221832,0.9999688267707825,0.5880011916160583,0.3541242182254791,-0.0007207930320873857,0.9999499917030334,0.6246868371963501,0.41791221499443054,-0.5132994055747986,0.9999616742134094,0.6756575703620911,0.40872663259506226,0.45437830686569214,0.9999262094497681,0.43509921431541443,0.48516589403152466,-0.27938321232795715,0.9703434705734253,0.49301406741142273,0.47111546993255615,0.5081433057785034,0.29849088191986084,0.41936230659484863,0.41077202558517456,0.3385877311229706,0.9663648009300232,0.44485318660736084,0.4070855975151062,0.33792921900749207,0.474865585565567,0.39722442626953125,0.3885035216808319,0.3558589220046997,0.9510969519615173,0.42158234119415283,0.38362643122673035,0.3277758061885834,0.42120569944381714,0.42859792709350586,0.3822438418865204,0.3438510596752167,0.9508191347122192,0.4474935531616211,0.3784104287624359,0.31230148673057556,0.42004433274269104,0.4433983564376831,0.3923189043998718,0.35735148191452026,0.9443632364273071,0.4608820676803589,0.38923418521881104,0.32126545906066895,0.4125036597251892,0.5868211388587952,0.5974906086921692,-0.29546788334846497,0.9999164938926697,0.6616649031639099,0.598297119140625,0.29487815499305725,0.9999642968177795,0.2596907615661621,0.5697891712188721,0.005394520703703165,0.9936903119087219,0.7911829948425293,0.7138805389404297,0.27888181805610657,0.9771924018859863,0.33072635531425476,0.7128806710243225,0.3019065856933594,0.9445056319236755,1.0398693084716797,0.6737498641014099,0.12046866863965988,0.9950018525123596,0.3711411952972412,0.7372475266456604,0.33947837352752686,0.9388471245765686,1.0496927499771118,0.6470810174942017,0.1185489371418953,0.9958671927452087,0.1954774707555771,0.7359612584114075,0.4740850329399109,0.9351710677146912,1.1297762393951416,0.6633360385894775,0.1714358776807785,0.9941204190254211
395,lunge,1,0.5781198740005493,0.34120264649391174,-0.07663769274950027,0.9999818205833435,0.5959554314613342,0.33108749985694885,-0.15036004781723022,0.9999889135360718,0.5998928546905518,0.3308422863483429,-0.1501692235469818,0.999991774559021,0.604194700717926,0.330654114484787,-0.1501692682504654,0.999991238117218,0.594487190246582,0.33127954602241516,-0.0502203032374382,0.9999852180480957,0.5973451733589172,0.33110660314559937,-0.0503171905875206,0.9999850392341614,0.6007251143455505,0.330961138010025,-0.05030521750450134,0.9999858736991882,0.6393052339553833,0.33816900849342346,-0.33066970109939575,0.9999886155128479,0.6373202800750732,0.3381212055683136,0.10617376118898392,0.9999853372573853,0.5886565446853638,0.3540286421775818,-0.12936267256736755,0.999970018863678,0.5881003141403198,0.3540968894958496,-0.003350738203153014,0.9999525547027588,0.6250557899475098,0.41808730363845825,-0.5119866132736206,0.9999598264694214,0.6734212636947632,0.40852516889572144,0.4468734562397003,0.9999266266822815,0.4348316192626953,0.4844013750553131,-0.28264281153678894,0.9700104594230652,0.49239298701286316,0.4727437496185303,0.5093165636062622,0.29586315155029297,0.4196055829524994,0.4103620946407318,0.32318583130836487,0.9668100476264954,0.4452548325061798,0.40611445903778076,0.3476038873195648,0.46986252069473267,0.39734768867492676,0.3879467844963074,0.338632196187973,0.9514066576957703,0.4218931496143341,0.38292840123176575,0.3374388813972473,0.41552865505218506,0.42847973108291626,0.38187307119369507,0.320899099111557,0.9512248039245605,0.44784241914749146,0.37791121006011963,0.321884423494339,0.41450729966163635,0.44345712661743164,0.39207640290260315,0.3394405245780945,0.9451662302017212,0.4609580636024475,0.38872987031936646,0.33115968108177185,0.4066014587879181,0.587283730506897,0.5975439548492432,-0.2951032221317291,0.9999175071716309,0.6613708138465881,0.597920298576355,0.29449811577796936,0.9999663829803467,0.25979939103126526,0.5706210136413574,0.0005525269662030041,0.9935813546180725,0.7908564805984497,0.7137653827667236,0.2713630497455597,0.9776455760002136,0.33086705207824707,0.712903618812561,0.31305408477783203,0.9404189586639404,1.0394560098648071,0.6730798482894897,0.1213294193148613,0.9948629140853882,0.37104177474975586,0.7373920679092407,0.35275769233703613,0.9342001676559448,1.0479322671890259,0.6467204689979553,0.11979912966489792,0.9958187937736511,0.1954146921634674,0.7358660697937012,0.4860568344593048,0.9300108551979065,1.1282525062561035,0.6622081995010376,0.17012427747249603,0.9940052032470703
396,lunge,1,0.5777603983879089,0.34111741185188293,-0.07713870704174042,0.999983012676239,0.5958312153816223,0.33099010586738586,-0.1504366248846054,0.9999898672103882,0.5997922420501709,0.3307449519634247,-0.15025267004966736,0.9999924898147583,0.6041274666786194,0.33055809140205383,-0.15025600790977478,0.9999918937683105,0.5943416357040405,0.33117935061454773,-0.05064370483160019,0.9999863505363464,0.5972024202346802,0.33100420236587524,-0.050742752850055695,0.9999862909317017,0.6005845665931702,0.3308577239513397,-0.050733767449855804,0.9999870657920837,0.6393751502037048,0.3380889892578125,-0.33002176880836487,0.9999895691871643,0.6372607946395874,0.33802178502082825,0.10520891100168228,0.9999864101409912,0.5883859992027283,0.3539344370365143,-0.12963616847991943,0.9999710321426392,0.5878308415412903,0.35400933027267456,-0.004085782449692488,0.9999548196792603,0.6251303553581238,0.4181230962276459,-0.5102764964103699,0.9999580383300781,0.6722949147224426,0.4084697663784027,0.4432840347290039,0.9999268651008606,0.43473848700523376,0.4839212894439697,-0.2835078239440918,0.9697299003601074,0.49237972497940063,0.4737909734249115,0.5121267437934875,0.29313206672668457,0.41972893476486206,0.410152405500412,0.3180237114429474,0.9672582149505615,0.44569632411003113,0.4057634174823761,0.35900548100471497,0.46469011902809143,0.39735037088394165,0.38764551281929016,0.3332549035549164,0.9517825841903687,0.42218804359436035,0.38259658217430115,0.3495900332927704,0.4100710451602936,0.4283526837825775,0.381632536649704,0.3141533434391022,0.9516857266426086,0.44810014963150024,0.37765583395957947,0.33450692892074585,0.4091828763484955,0.4434041380882263,0.3918609619140625,0.333586722612381,0.9459611773490906,0.46103185415267944,0.38845592737197876,0.34296080470085144,0.4009673297405243,0.5874013900756836,0.5976181030273438,-0.29495570063591003,0.9999183416366577,0.6611284017562866,0.5977188944816589,0.2943841516971588,0.9999682307243347,0.2599565386772156,0.5710319876670837,-0.0006583777721971273,0.9934680461883545,0.790639340877533,0.7136856913566589,0.26697811484336853,0.9780361652374268,0.33098021149635315,0.7129114270210266,0.3207334280014038,0.9365325570106506,1.0393952131271362,0.6730899810791016,0.12207487970590591,0.9947165250778198,0.3709552586078644,0.7374768853187561,0.36105453968048096,0.9296809434890747,1.0460786819458008,0.6470968127250671,0.12078777700662613,0.9957541823387146,0.19542762637138367,0.7357639670372009,0.49520593881607056,0.9251409769058228,1.1259653568267822,0.6624330878257751,0.1703321784734726,0.9938821792602539
397,lunge,1,0.5776848196983337,0.34073877334594727,0.014038056135177612,0.9999844431877136,0.59599769115448,0.33066651225090027,-0.05546684190630913,0.9999908208847046,0.6000159978866577,0.3304261267185211,-0.05531742796301842,0.9999932050704956,0.6044174432754517,0.3302464485168457,-0.05531918257474899,0.9999926090240479,0.5944133400917053,0.33084723353385925,0.04560621455311775,0.9999876022338867,0.5972517132759094,0.33067017793655396,0.04545823484659195,0.9999875426292419,0.6006127595901489,0.3305194675922394,0.045473285019397736,0.9999882578849792,0.639815092086792,0.3379611372947693,-0.22857049107551575,0.9999905824661255,0.6374555826187134,0.33779019117355347,0.21005582809448242,0.9999876022338867,0.5883592367172241,0.3535766303539276,-0.03725099936127663,0.9999728798866272,0.5877190828323364,0.35362571477890015,0.08929993957281113,0.9999576210975647,0.6253286600112915,0.4176291823387146,-0.42350295186042786,0.9999580979347229,0.6730567216873169,0.40837523341178894,0.5310570001602173,0.9999266266822815,0.4337392747402191,0.48336198925971985,-0.21358337998390198,0.968991756439209,0.4981115460395813,0.47797462344169617,0.513855516910553,0.28411972522735596,0.42005425691604614,0.4101628065109253,0.4270896017551422,0.9676434397697449,0.44909846782684326,0.40652400255203247,0.2848615348339081,0.4548931121826172,0.39746764302253723,0.3876861333847046,0.4624408781528473,0.9523969888687134,0.4242289662361145,0.38350558280944824,0.274392694234848,0.4028322100639343,0.4282306134700775,0.38176268339157104,0.4497798979282379,0.9522662162780762,0.4494038224220276,0.3786633312702179,0.2797139883041382,0.40142902731895447,0.4434044361114502,0.3920317590236664,0.44918566942214966,0.9466612935066223,0.46215540170669556,0.3895080089569092,0.2721196413040161,0.3931943476200104,0.5896000862121582,0.5962257385253906,-0.2925354540348053,0.9999220371246338,0.6605653166770935,0.5956935286521912,0.29200202226638794,0.999970018863678,0.2649122178554535,0.5714333653450012,-0.030923860147595406,0.9934884905815125,0.7890596389770508,0.713274359703064,0.24534842371940613,0.9781105518341064,0.3351868689060211,0.7130950093269348,0.23882105946540833,0.9383390545845032,1.035576581954956,0.673790454864502,0.12141317874193192,0.994636595249176,0.3716886043548584,0.7375954985618591,0.2692120671272278,0.9302314519882202,1.0420169830322266,0.6456925272941589,0.12053955346345901,0.9957228302955627,0.19547109305858612,0.7359014749526978,0.3578481674194336,0.927401065826416,1.1235237121582031,0.664709210395813,0.16851359605789185,0.99391108751297
398,lunge,1,0.46268531680107117,0.4474767744541168,-0.18463318049907684,0.9999793767929077,0.47671908140182495,0.43953922390937805,-0.23705311119556427,0.9999897480010986,0.4796646535396576,0.43970000743865967,-0.23705050349235535,0.9999924302101135,0.4829310476779938,0.4399193525314331,-0.2372526377439499,0.9999915361404419,0.47890809178352356,0.439238041639328,-0.15879938006401062,0.9999837875366211,0.4828282594680786,0.4391809403896332,-0.1590273082256317,0.9999846816062927,0.4870695471763611,0.43918073177337646,-0.15914040803909302,0.9999858736991882,0.5084002017974854,0.4457128643989563,-0.3617761433124542,0.9999893307685852,0.5115307569503784,0.4448005259037018,-0.01882694475352764,0.9999828934669495,0.46991509199142456,0.4575919806957245,-0.22100912034511566,0.9999632835388184,0.4732239544391632,0.45741498470306396,-0.12247240543365479,0.9999439120292664,0.5046788454055786,0.506884753704071,-0.46563881635665894,0.9999451041221619,0.5169297456741333,0.500027596950531,0.2388373762369156,0.9999079704284668,0.3816121220588684,0.5612216591835022,-0.3385487496852875,0.9694938659667969,0.39815521240234375,0.5486378073692322,0.28491950035095215,0.2833203971385956,0.3418651819229126,0.5060471296310425,0.10495893657207489,0.9638979434967041,0.3495943248271942,0.5060995817184448,0.0964164212346077,0.45645102858543396,0.32243308424949646,0.49378830194473267,0.10793964564800262,0.9462875127792358,0.3362899720668793,0.48951947689056396,0.07515770941972733,0.4093024432659149,0.34511926770210266,0.4865560233592987,0.10758864134550095,0.9457678198814392,0.3524019420146942,0.48269516229629517,0.046211257576942444,0.4088802933692932,0.35380733013153076,0.49261024594306946,0.12275853753089905,0.9388375282287598,0.35870441794395447,0.4908631443977356,0.07485136389732361,0.3999750018119812,0.4849443733692169,0.6523728370666504,-0.24048274755477905,0.9998948574066162,0.5236194729804993,0.6526699066162109,0.2402304857969284,0.9999596476554871,0.22560091316699982,0.6319110989570618,-0.023130139335989952,0.9935920834541321,0.6362030506134033,0.7391598224639893,0.24818536639213562,0.9787217378616333,0.2803685665130615,0.748362123966217,0.2424151599407196,0.942164957523346,0.8848273754119873,0.7237321734428406,0.09818155318498611,0.9942806959152222,0.3151347041130066,0.7704545855522156,0.273185133934021,0.9323333501815796,0.9272097945213318,0.7103427052497864,0.09355082362890244,0.9952396750450134,0.16410794854164124,0.7637566924095154,0.3512413799762726,0.9310870170593262,0.900793731212616,0.7475031614303589,0.13619107007980347,0.9935443997383118
399,lunge,1,0.4527435600757599,0.44966980814933777,-0.1510290801525116,0.9999781250953674,0.4654320478439331,0.44176849722862244,-0.20360682904720306,0.9999896287918091,0.46749457716941833,0.4417634606361389,-0.20357312262058258,0.9999923706054688,0.4697929918766022,0.4417429566383362,-0.20366638898849487,0.999991238117218,0.4668726921081543,0.4418409764766693,-0.12376761436462402,0.9999831318855286,0.46972236037254333,0.44188448786735535,-0.1239643469452858,0.9999843835830688,0.47290125489234924,0.4418932795524597,-0.12400685250759125,0.9999857544898987,0.4947270154953003,0.4465462267398834,-0.34131142497062683,0.9999892115592957,0.4967743158340454,0.4460337162017822,0.018328305333852768,0.9999819397926331,0.4579976797103882,0.4590238928794861,-0.18974317610263824,0.9999605417251587,0.4603261351585388,0.45900723338127136,-0.0892547219991684,0.9999406933784485,0.49137288331985474,0.5109068751335144,-0.46455252170562744,0.9999328851699829,0.5164803266525269,0.5032342076301575,0.2722056210041046,0.9999004602432251,0.35731855034828186,0.5619329214096069,-0.32646217942237854,0.9691201448440552,0.3935331106185913,0.5496981143951416,0.3082713782787323,0.2850665748119354,0.32439860701560974,0.507963240146637,0.1304066777229309,0.9596439599990845,0.35501524806022644,0.5084904432296753,0.12190239876508713,0.46044471859931946,0.30217403173446655,0.49478286504745483,0.13390028476715088,0.9405146837234497,0.33425381779670715,0.4928113520145416,0.09786307066679001,0.4176269769668579,0.33115798234939575,0.487020879983902,0.12145762145519257,0.939966082572937,0.34949925541877747,0.4884120225906372,0.07193491607904434,0.4183279573917389,0.3388224244117737,0.4934768080711365,0.14299817383289337,0.9325862526893616,0.3619678318500519,0.4951171875,0.10071448236703873,0.40873581171035767,0.47573819756507874,0.6569964289665222,-0.23616507649421692,0.9998549818992615,0.507349967956543,0.6511275768280029,0.23606166243553162,0.9999493956565857,0.21667306125164032,0.6397023797035217,-0.05593211576342583,0.9932889342308044,0.6311509609222412,0.741460919380188,0.24098004400730133,0.9791340827941895,0.2718784809112549,0.75086510181427,0.20366860926151276,0.9436386823654175,0.8783554434776306,0.7227230072021484,0.0683995932340622,0.9941462278366089,0.3057810068130493,0.7732913494110107,0.2334057092666626,0.932182252407074,0.9164531230926514,0.712049126625061,0.060476768761873245,0.9950984716415405,0.16147539019584656,0.7665030360221863,0.3115200698375702,0.9327846169471741,0.8902222514152527,0.7528871893882751,0.0922638326883316,0.9934301972389221
400,lunge,1,0.4466068744659424,0.4373351037502289,-0.038534343242645264,0.9999799132347107,0.4638412892818451,0.42978787422180176,-0.08826180547475815,0.9999905824661255,0.46720823645591736,0.4298062324523926,-0.08816244453191757,0.9999930262565613,0.4708540439605713,0.429792195558548,-0.08820908516645432,0.9999920129776001,0.4641910195350647,0.42983120679855347,-0.004321196582168341,0.999984622001648,0.46749112010002136,0.42985889315605164,-0.004423724487423897,0.9999857544898987,0.47106099128723145,0.42980149388313293,-0.00434347428381443,0.999987006187439,0.49881628155708313,0.43543532490730286,-0.21680502593517303,0.9999901652336121,0.4965347647666931,0.4343169927597046,0.1516098529100418,0.9999833106994629,0.4548161029815674,0.4477635622024536,-0.07847471535205841,0.9999630451202393,0.45506876707077026,0.4477613866329193,0.026422616094350815,0.9999445080757141,0.5004034638404846,0.498079389333725,-0.3795093595981598,0.9999326467514038,0.500583827495575,0.49254804849624634,0.39765456318855286,0.9999016523361206,0.35774362087249756,0.5501485466957092,-0.23183390498161316,0.9697375893592834,0.3764359652996063,0.5447306632995605,0.3233507573604584,0.28218281269073486,0.33681654930114746,0.49495425820350647,0.3140828013420105,0.9597090482711792,0.3440982699394226,0.49992212653160095,0.005072851665318012,0.45460784435272217,0.31672948598861694,0.47979962825775146,0.3414323031902313,0.9395040273666382,0.33005452156066895,0.4829058051109314,-0.016414443030953407,0.4121413230895996,0.34095603227615356,0.4744322896003723,0.3392195701599121,0.9387215375900269,0.3471468687057495,0.4787044823169708,-0.014236989431083202,0.41243797540664673,0.35302016139030457,0.48132839798927307,0.33565032482147217,0.9307130575180054,0.35653260350227356,0.4863627254962921,-0.00821371003985405,0.4026026129722595,0.4755956828594208,0.6436889171600342,-0.2374499887228012,0.9998427033424377,0.5091602802276611,0.6405589580535889,0.23721271753311157,0.9999502301216125,0.2181679904460907,0.6386956572532654,-0.05530795082449913,0.9931443929672241,0.6250542998313904,0.7361958622932434,0.17782171070575714,0.979566216468811,0.2724910080432892,0.7522525787353516,0.19380317628383636,0.9462312459945679,0.8666865825653076,0.7247921824455261,-0.06891413033008575,0.9942538142204285,0.30265846848487854,0.7745944261550903,0.22056296467781067,0.933355450630188,0.9105009436607361,0.7116536498069763,-0.08733993023633957,0.9950367212295532,0.16015088558197021,0.76777583360672,0.253754585981369,0.9354238510131836,0.887289822101593,0.755573034286499,-0.10855627804994583,0.99349445104599
401,lunge,1,0.4441865086555481,0.4304059147834778,-0.05132487043738365,0.999981701374054,0.46335673332214355,0.42183932662010193,-0.1047210767865181,0.9999914765357971,0.4674207270145416,0.42177578806877136,-0.1046178936958313,0.9999936819076538,0.4715069532394409,0.42177489399909973,-0.10464465618133545,0.9999927282333374,0.46218177676200867,0.42194581031799316,-0.01904236152768135,0.9999860525131226,0.46519166231155396,0.4219481348991394,-0.01913399063050747,0.9999870657920837,0.468381404876709,0.421985000371933,-0.01905035227537155,0.9999881982803345,0.4986152946949005,0.4284707009792328,-0.23689556121826172,0.9999910593032837,0.4946799874305725,0.42793506383895874,0.13599540293216705,0.9999847412109375,0.455236554145813,0.4411870539188385,-0.09288275241851807,0.9999659657478333,0.4545440971851349,0.44088074564933777,0.014867027290165424,0.9999490976333618,0.49417680501937866,0.4903429448604584,-0.406792551279068,0.9999346733093262,0.5065351724624634,0.48549848794937134,0.3989570140838623,0.9999069571495056,0.35289493203163147,0.5430946350097656,-0.24658052623271942,0.9700781106948853,0.38823041319847107,0.5392774343490601,0.33411121368408203,0.2722480893135071,0.33870944380760193,0.49092498421669006,0.30602988600730896,0.9586217999458313,0.35223188996315,0.49475881457328796,0.05114597827196121,0.4432881772518158,0.32027190923690796,0.474094957113266,0.32796773314476013,0.9373870491981506,0.3357420861721039,0.476805716753006,0.032518669962882996,0.4046461284160614,0.3443780541419983,0.46965479850769043,0.3212237060070038,0.9364953637123108,0.3532361686229706,0.47366538643836975,0.028495699167251587,0.40489867329597473,0.3561093807220459,0.47727420926094055,0.3253878951072693,0.928176760673523,0.3658594787120819,0.4827429950237274,0.03635074198246002,0.3949018120765686,0.47328513860702515,0.6383205056190491,-0.23931804299354553,0.9998435974121094,0.5070050358772278,0.6354741454124451,0.23901233077049255,0.999953031539917,0.22207893431186676,0.6376267671585083,-0.029119903221726418,0.9928551912307739,0.6333807706832886,0.7332533001899719,0.18236084282398224,0.9796685576438904,0.27514439821243286,0.751468300819397,0.1766902655363083,0.9488857388496399,0.8815938234329224,0.7248318791389465,-0.06488260626792908,0.9945129752159119,0.3025302588939667,0.772970974445343,0.19792261719703674,0.9360039830207825,0.8994936943054199,0.7135781645774841,-0.08812172710895538,0.9951952695846558,0.16287121176719666,0.7688935399055481,0.23417973518371582,0.9381735920906067,0.9331876039505005,0.7353904843330383,-0.09878948330879211,0.9937418699264526
402,lunge,1,0.44842836260795593,0.42322292923927307,-0.035471487790346146,0.9999833703041077,0.46628469228744507,0.41460615396499634,-0.08937770873308182,0.999992311000824,0.46971043944358826,0.4144930839538574,-0.08928278833627701,0.9999942779541016,0.4730621576309204,0.4143867790699005,-0.08929137885570526,0.9999933838844299,0.46567970514297485,0.4147182106971741,-0.0027476483955979347,0.9999873638153076,0.4686582386493683,0.4146639406681061,-0.0027990764938294888,0.9999882578849792,0.4716709852218628,0.4145951271057129,-0.002668034052476287,0.9999893307685852,0.5003477334976196,0.42040833830833435,-0.2207246571779251,0.9999918937683105,0.4982317090034485,0.4202498495578766,0.15667738020420074,0.9999860525131226,0.45786529779434204,0.4331694543361664,-0.07591528445482254,0.9999688863754272,0.4577184021472931,0.4330196976661682,0.03264749422669411,0.9999534487724304,0.4964437782764435,0.482011079788208,-0.39380329847335815,0.9999365210533142,0.5153191685676575,0.47788286209106445,0.4285830855369568,0.9999111294746399,0.3455849289894104,0.5379488468170166,-0.23679843544960022,0.9697510004043579,0.39260196685791016,0.5415518879890442,0.3142225742340088,0.26006069779396057,0.3319094181060791,0.48505568504333496,0.33338430523872375,0.9580911993980408,0.3519512712955475,0.4887297749519348,-0.04090733453631401,0.4310726225376129,0.3107565939426422,0.46506136655807495,0.3600060045719147,0.9364220499992371,0.33691874146461487,0.469789981842041,-0.06627967953681946,0.3969534635543823,0.34149670600891113,0.4635355472564697,0.35308006405830383,0.935357391834259,0.35542771220207214,0.46866995096206665,-0.06328704208135605,0.39695003628730774,0.3525921404361725,0.47271764278411865,0.35377880930900574,0.9266853928565979,0.36339929699897766,0.47712385654449463,-0.055189430713653564,0.3868270218372345,0.47630658745765686,0.6344660520553589,-0.23986788094043732,0.9998423457145691,0.5090874433517456,0.6338447332382202,0.23953548073768616,0.9999551177024841,0.22546018660068512,0.6370252966880798,-0.03826981037855148,0.9925903081893921,0.6312807202339172,0.7266714572906494,0.19976389408111572,0.9798065423965454,0.2756071984767914,0.7538237571716309,0.14781633019447327,0.9521169066429138,0.8850833177566528,0.7272695302963257,-0.053926657885313034,0.9947705864906311,0.30182451009750366,0.7756442427635193,0.16593307256698608,0.9391951560974121,0.9226966500282288,0.720742404460907,-0.07418482005596161,0.995345950126648,0.16277679800987244,0.7695000767707825,0.17116336524486542,0.9415122270584106,0.8820010423660278,0.7500248551368713,-0.09510140120983124,0.9939644932746887
403,lunge,0,0.450735479593277,0.41941356658935547,-0.023907644674181938,0.9999847412109375,0.4669961929321289,0.4123840630054474,-0.0788496881723404,0.9999929666519165,0.4700242280960083,0.4121372103691101,-0.07877415418624878,0.9999947547912598,0.47321510314941406,0.4121730923652649,-0.07879612594842911,0.9999939203262329,0.4669196903705597,0.4130866527557373,0.007371750194579363,0.9999884963035583,0.46980753540992737,0.4130367040634155,0.007341376971453428,0.9999892711639404,0.47289589047431946,0.4132966101169586,0.0074489000253379345,0.9999902844429016,0.5031223297119141,0.415545254945755,-0.20885521173477173,0.9999926090240479,0.5024439096450806,0.416083961725235,0.16680464148521423,0.999987006187439,0.459733784198761,0.4328857362270355,-0.06311721354722977,0.9999709725379944,0.46000027656555176,0.43208491802215576,0.04490353539586067,0.9999566078186035,0.506594717502594,0.466769814491272,-0.38520246744155884,0.9999361038208008,0.5142591595649719,0.4731896221637726,0.44032570719718933,0.9999139904975891,0.3558967113494873,0.5217374563217163,-0.2362368255853653,0.9686176776885986,0.39566460251808167,0.5227566957473755,0.3287998139858246,0.249490886926651,0.3332546055316925,0.47479724884033203,0.3294636905193329,0.9548852443695068,0.3461328148841858,0.48316049575805664,-0.022195979952812195,0.4155283272266388,0.3120092749595642,0.4613718092441559,0.35264164209365845,0.9317196011543274,0.32871556282043457,0.4642910361289978,-0.0512491911649704,0.38544902205467224,0.3384511172771454,0.45766058564186096,0.3449307978153229,0.9303241968154907,0.34749794006347656,0.46082091331481934,-0.05125480145215988,0.3853350281715393,0.3500354588031769,0.4641493260860443,0.3490365743637085,0.9206715226173401,0.3564732074737549,0.47069454193115234,-0.03782583028078079,0.3750741481781006,0.48139989376068115,0.6122490167617798,-0.23898421227931976,0.9998302459716797,0.5174729824066162,0.6146299242973328,0.23869380354881287,0.9999551773071289,0.22680382430553436,0.63311767578125,-0.07492553442716599,0.9924398064613342,0.6319526433944702,0.7094066739082336,0.163652703166008,0.9798386693000793,0.2761930525302887,0.7524092793464661,0.14012593030929565,0.9555227756500244,0.8842271566390991,0.7265362739562988,-0.04228736087679863,0.9948318004608154,0.2997920513153076,0.7743141055107117,0.1609620749950409,0.9426490664482117,0.9301280975341797,0.7215203046798706,-0.05806070566177368,0.9952780604362488,0.1607937067747116,0.7690731287002563,0.1568157821893692,0.9449556469917297,0.8761249780654907,0.7534809708595276,-0.07867953181266785,0.993867814540863
404,lunge,0,0.4547732174396515,0.39984309673309326,-0.02679239585995674,0.9999861717224121,0.47048190236091614,0.3907274305820465,-0.08027968555688858,0.999993622303009,0.4735795557498932,0.39057445526123047,-0.08020590990781784,0.999995231628418,0.47688525915145874,0.39049455523490906,-0.08024011552333832,0.9999945163726807,0.469931036233902,0.3909047544002533,0.004498154856264591,0.9999896287918091,0.47257524728775024,0.3908349871635437,0.004491718951612711,0.9999902844429016,0.47543397545814514,0.3908379375934601,0.004609547555446625,0.999991238117218,0.5072572827339172,0.3950996696949005,-0.20476225018501282,0.9999933242797852,0.5058553814888,0.39511317014694214,0.16308188438415527,0.9999881982803345,0.46347832679748535,0.4100714325904846,-0.06420658528804779,0.9999735355377197,0.46378087997436523,0.41057002544403076,0.041823610663414,0.9999604821205139,0.508868396282196,0.44806644320487976,-0.3852819502353668,0.9999399185180664,0.5203412175178528,0.4548144042491913,0.43342769145965576,0.9999194145202637,0.3607332706451416,0.5029612183570862,-0.25875604152679443,0.9685514569282532,0.40048348903656006,0.5153250694274902,0.288498193025589,0.2322438806295395,0.3325388729572296,0.4556858241558075,0.25845736265182495,0.9520018100738525,0.35398828983306885,0.4800853729248047,-0.10585758090019226,0.38553139567375183,0.3125642240047455,0.4413022994995117,0.26942387223243713,0.9284761548042297,0.33052754402160645,0.4757007658481598,-0.1428827941417694,0.36102423071861267,0.33860835433006287,0.43714872002601624,0.2698458433151245,0.926770806312561,0.3553561568260193,0.460728257894516,-0.14292111992835999,0.3607603907585144,0.34938886761665344,0.4450627565383911,0.27878162264823914,0.9162023067474365,0.36379390954971313,0.46560704708099365,-0.12217623740434647,0.3515624701976776,0.4857642948627472,0.5948083996772766,-0.24106135964393616,0.9998264908790588,0.5211889743804932,0.597640335559845,0.24077783524990082,0.9999544620513916,0.2391802966594696,0.6334806084632874,-0.11927372217178345,0.9929100275039673,0.6352291703224182,0.6948897838592529,0.17858615517616272,0.9794771075248718,0.27682340145111084,0.7534948587417603,0.06775275617837906,0.9596302509307861,0.8779380917549133,0.7278939485549927,0.06957271695137024,0.9949623942375183,0.3024856448173523,0.7756128907203674,0.08392968773841858,0.9474026560783386,0.9277732968330383,0.7259199023246765,0.06300784647464752,0.9952263832092285,0.15655836462974548,0.7702794075012207,0.05068490281701088,0.9496357440948486,0.8655604124069214,0.7575328350067139,0.02496495097875595,0.9938248991966248
405,lunge,0,0.4542293846607208,0.3884957432746887,-0.03115062788128853,0.9999874830245972,0.46976354718208313,0.3784536123275757,-0.08585921674966812,0.9999942183494568,0.47301632165908813,0.3782802224159241,-0.08578599244356155,0.9999957084655762,0.4762677848339081,0.3781331181526184,-0.08582188934087753,0.9999950528144836,0.4689362943172455,0.3784980773925781,-0.0007148387958295643,0.9999906420707703,0.47168833017349243,0.3783870339393616,-0.0007016201852820814,0.999991238117218,0.4746001362800598,0.37831783294677734,-0.0005638815346173942,0.9999920725822449,0.5067317485809326,0.3834393620491028,-0.21476392447948456,0.9999939799308777,0.5052510499954224,0.3834761381149292,0.15564078092575073,0.9999893307685852,0.463876336812973,0.39917850494384766,-0.06983377784490585,0.9999760389328003,0.4638357162475586,0.39945855736732483,0.036740999668836594,0.9999642372131348,0.5097604990005493,0.4395497441291809,-0.3872670531272888,0.9999449253082275,0.5215312242507935,0.44472789764404297,0.4292190968990326,0.999925434589386,0.36227744817733765,0.4934803545475006,-0.2852347493171692,0.9686964750289917,0.40283775329589844,0.5067510604858398,0.2817281484603882,0.2177857607603073,0.3353269100189209,0.4470214247703552,0.20387709140777588,0.9522796273231506,0.35695016384124756,0.46558669209480286,-0.10341714322566986,0.36313724517822266,0.31576985120773315,0.43156325817108154,0.209592804312706,0.9287949204444885,0.33668774366378784,0.4519253373146057,-0.13822762668132782,0.3437541127204895,0.3401108980178833,0.42867088317871094,0.2113804668188095,0.9267476201057434,0.35861992835998535,0.4488072693347931,-0.135565847158432,0.3429521918296814,0.351232647895813,0.4361688196659088,0.2233985960483551,0.9154688119888306,0.3673398494720459,0.4561678469181061,-0.11840547621250153,0.3349466025829315,0.4893156588077545,0.5870360732078552,-0.23519711196422577,0.999835193157196,0.5119405388832092,0.5891963243484497,0.2350480854511261,0.9999567866325378,0.2501760423183441,0.6337968111038208,-0.09874872118234634,0.9934068322181702,0.639558732509613,0.6863599419593811,0.16712483763694763,0.9799261689186096,0.2774192988872528,0.7521811127662659,0.08859003335237503,0.963336169719696,0.8803051710128784,0.7262833714485168,0.06811410933732986,0.9951700568199158,0.2983609735965729,0.7739160656929016,0.10451117902994156,0.9515078067779541,0.9317229986190796,0.7245394587516785,0.06183252111077309,0.9952068328857422,0.1545979380607605,0.7696735262870789,0.058741506189107895,0.9537432193756104,0.8708481788635254,0.7531509399414062,-0.008602632209658623,0.9939368963241577
406,lunge,0,0.45480626821517944,0.3801909387111664,-0.023931698873639107,0.9999887347221375,0.4705135226249695,0.3708961009979248,-0.07907243072986603,0.9999947547912598,0.4738054573535919,0.3707549571990967,-0.07897975295782089,0.9999961256980896,0.477082222700119,0.370636522769928,-0.07901200652122498,0.9999955296516418,0.4695623219013214,0.37100160121917725,0.004900607746094465,0.9999915361404419,0.47227877378463745,0.3709782063961029,0.004942046012729406,0.9999920725822449,0.47518807649612427,0.37097978591918945,0.005122076719999313,0.999992847442627,0.507693350315094,0.37660571932792664,-0.20827338099479675,0.9999945759773254,0.5059868097305298,0.3765181601047516,0.15680529177188873,0.9999904036521912,0.4647904634475708,0.3912421464920044,-0.06218141317367554,0.9999783635139465,0.4644310474395752,0.3916894793510437,0.04268788546323776,0.9999677538871765,0.5091605186462402,0.4359433650970459,-0.37147027254104614,0.9999497532844543,0.5220557451248169,0.43840187788009644,0.4269116520881653,0.9999311566352844,0.3644527494907379,0.489263653755188,-0.2810998857021332,0.9691174626350403,0.399851530790329,0.49860653281211853,0.26764243841171265,0.20850785076618195,0.3364446759223938,0.43899109959602356,0.21486058831214905,0.9542993903160095,0.3554500639438629,0.45064184069633484,-0.11847622692584991,0.3466969430446625,0.3177579641342163,0.4220258295536041,0.2219422459602356,0.9317759871482849,0.33851727843284607,0.43322038650512695,-0.15196222066879272,0.33145132660865784,0.3426632583141327,0.42057549953460693,0.2245558500289917,0.9296196103096008,0.3594185709953308,0.43358275294303894,-0.1447601169347763,0.32998543977737427,0.3537089228630066,0.42842644453048706,0.23481716215610504,0.9182774424552917,0.36845624446868896,0.44120654463768005,-0.13129167258739471,0.32308998703956604,0.4891660511493683,0.5793569684028625,-0.23218755424022675,0.9998482465744019,0.5172184109687805,0.5816871523857117,0.23204705119132996,0.9999602437019348,0.25670772790908813,0.6339402794837952,-0.09789537638425827,0.993955671787262,0.6414429545402527,0.679455578327179,0.1502137929201126,0.9808051586151123,0.27661362290382385,0.7521544098854065,0.09094701707363129,0.9668020606040955,0.8764680624008179,0.724620521068573,0.02463357523083687,0.9954959750175476,0.30087313055992126,0.7731607556343079,0.10757215321063995,0.955481231212616,0.9144930243492126,0.7285317778587341,0.014242659322917461,0.9953818917274475,0.15329553186893463,0.770078182220459,0.06500699371099472,0.9577592015266418,0.8730272054672241,0.7487522959709167,-0.04684781655669212,0.9942516684532166
407,lunge,0,0.4568506181240082,0.3763996362686157,-0.01165634673088789,0.9999898672103882,0.47218161821365356,0.367376446723938,-0.06785149872303009,0.9999952912330627,0.4753555357456207,0.3673291504383087,-0.06776229292154312,0.999996542930603,0.4785386025905609,0.367270290851593,-0.06780955940485,0.9999960064888,0.4713309705257416,0.3673255443572998,0.01586644910275936,0.9999923706054688,0.47397083044052124,0.3672916293144226,0.01591877080500126,0.999992847442627,0.47684454917907715,0.3672288954257965,0.016117295250296593,0.9999935626983643,0.5081530809402466,0.37260714173316956,-0.1990131139755249,0.9999951124191284,0.5074254274368286,0.37231871485710144,0.16335152089595795,0.9999913573265076,0.46600449085235596,0.3872584402561188,-0.049704816192388535,0.9999805092811584,0.4659223258495331,0.3875166177749634,0.05445883423089981,0.9999709129333496,0.506456196308136,0.4320715665817261,-0.3575785756111145,0.9999544024467468,0.5259406566619873,0.4346593916416168,0.4316467344760895,0.9999368190765381,0.36570948362350464,0.4861697256565094,-0.26822012662887573,0.9698411822319031,0.4022422432899475,0.49549636244773865,0.27602261304855347,0.19909065961837769,0.3376760482788086,0.4333493709564209,0.22118254005908966,0.9568796157836914,0.3572317063808441,0.4483589828014374,-0.10305146127939224,0.3313619792461395,0.31914058327674866,0.41755411028862,0.2283121943473816,0.9355599284172058,0.34013867378234863,0.4297250509262085,-0.13148292899131775,0.3206326365470886,0.3439178764820099,0.4148200452327728,0.23483139276504517,0.9333561658859253,0.3601856827735901,0.4295977056026459,-0.12213170528411865,0.318136066198349,0.3546634316444397,0.4222750663757324,0.24272003769874573,0.9221343994140625,0.3697259724140167,0.43698984384536743,-0.11420878022909164,0.3120296001434326,0.48794612288475037,0.5749316811561584,-0.2325374335050583,0.9998616576194763,0.5211044549942017,0.5768200755119324,0.23239192366600037,0.9999637007713318,0.2628152370452881,0.6335716247558594,-0.12747803330421448,0.9944937229156494,0.6437252759933472,0.675784707069397,0.14444217085838318,0.9818449020385742,0.27609947323799133,0.7520043253898621,0.033643390983343124,0.969970703125,0.8770707845687866,0.724536657333374,-0.00015899074787739664,0.995834231376648,0.3011694550514221,0.7747910618782043,0.04785628244280815,0.9594166278839111,0.9210460782051086,0.7249640226364136,-0.012939251028001308,0.9956092238426208,0.15016241371631622,0.7694540023803711,0.014664465561509132,0.9615200161933899,0.8683056831359863,0.7491431832313538,-0.06329573690891266,0.994601845741272
408,lunge,0,0.45691004395484924,0.3732036054134369,-0.008171568624675274,0.9999908804893494,0.47225114703178406,0.36387649178504944,-0.06442264467477798,0.999995768070221,0.47551876306533813,0.36397817730903625,-0.0643538311123848,0.9999969005584717,0.4787898063659668,0.36406320333480835,-0.06442341208457947,0.9999964237213135,0.47123095393180847,0.3636628985404968,0.019883234053850174,0.9999931454658508,0.4738553762435913,0.36366352438926697,0.019942307844758034,0.9999935626983643,0.47674551606178284,0.3636240065097809,0.020140405744314194,0.9999942183494568,0.5080432295799255,0.369529128074646,-0.19610409438610077,0.9999955892562866,0.5073363780975342,0.3687717914581299,0.16796477138996124,0.9999921917915344,0.46580320596694946,0.38466817140579224,-0.04634525254368782,0.9999824166297913,0.46543875336647034,0.3846087157726288,0.05845678225159645,0.9999737739562988,0.5063117146492004,0.42885148525238037,-0.3520909547805786,0.9999585151672363,0.5275248289108276,0.4294551610946655,0.4367355704307556,0.999941885471344,0.3653320074081421,0.48543938994407654,-0.25464707612991333,0.9702430367469788,0.40498363971710205,0.49336421489715576,0.2870512008666992,0.18796761333942413,0.33856362104415894,0.43304792046546936,0.23170705139636993,0.9592873454093933,0.35841652750968933,0.44675907492637634,-0.08261415362358093,0.3133758008480072,0.31996065378189087,0.4153781235218048,0.24114207923412323,0.9390739798545837,0.34047067165374756,0.42682623863220215,-0.10947998613119125,0.3061329424381256,0.34466439485549927,0.41284120082855225,0.24373455345630646,0.9368603825569153,0.36202964186668396,0.42757856845855713,-0.10094204545021057,0.30304476618766785,0.35566630959510803,0.42026233673095703,0.2523522973060608,0.9256804585456848,0.37042108178138733,0.436676025390625,-0.094009630382061,0.2980155348777771,0.4897649586200714,0.5708741545677185,-0.23040741682052612,0.9998730421066284,0.522682785987854,0.5718238949775696,0.23034262657165527,0.9999667406082153,0.270296186208725,0.6330808401107788,-0.13158908486366272,0.9949023127555847,0.6451783776283264,0.675008237361908,0.09980808943510056,0.9824300408363342,0.2764872908592224,0.7519671320915222,0.03843594342470169,0.9726711511611938,0.8765906691551208,0.7251940965652466,-0.08027788251638412,0.9961051344871521,0.30247560143470764,0.7758788466453552,0.05354197695851326,0.9625120162963867,0.9234882593154907,0.7250774502754211,-0.09751574695110321,0.9957305192947388,0.15153490006923676,0.7694545388221741,0.019592249765992165,0.9645591378211975,0.8693737387657166,0.7571730017662048,-0.1582992970943451,0.9948591589927673
