frame,exercise_type,form_label,nose_x,nose_y,nose_z,nose_vis,left_eye_inner_x,left_eye_inner_y,left_eye_inner_z,left_eye_inner_vis,left_eye_x,left_eye_y,left_eye_z,left_eye_vis,left_eye_outer_x,left_eye_outer_y,left_eye_outer_z,left_eye_outer_vis,right_eye_inner_x,right_eye_inner_y,right_eye_inner_z,right_eye_inner_vis,right_eye_x,right_eye_y,right_eye_z,right_eye_vis,right_eye_outer_x,right_eye_outer_y,right_eye_outer_z,right_eye_outer_vis,left_ear_x,left_ear_y,left_ear_z,left_ear_vis,right_ear_x,right_ear_y,right_ear_z,right_ear_vis,mouth_left_x,mouth_left_y,mouth_left_z,mouth_left_vis,mouth_right_x,mouth_right_y,mouth_right_z,mouth_right_vis,left_shoulder_x,left_shoulder_y,left_shoulder_z,left_shoulder_vis,right_shoulder_x,right_shoulder_y,right_shoulder_z,right_shoulder_vis,left_elbow_x,left_elbow_y,left_elbow_z,left_elbow_vis,right_elbow_x,right_elbow_y,right_elbow_z,right_elbow_vis,left_wrist_x,left_wrist_y,left_wrist_z,left_wrist_vis,right_wrist_x,right_wrist_y,right_wrist_z,right_wrist_vis,left_pinky_x,left_pinky_y,left_pinky_z,left_pinky_vis,right_pinky_x,right_pinky_y,right_pinky_z,right_pinky_vis,left_index_x,left_index_y,left_index_z,left_index_vis,right_index_x,right_index_y,right_index_z,right_index_vis,left_thumb_x,left_thumb_y,left_thumb_z,left_thumb_vis,right_thumb_x,right_thumb_y,right_thumb_z,right_thumb_vis,left_hip_x,left_hip_y,left_hip_z,left_hip_vis,right_hip_x,right_hip_y,right_hip_z,right_hip_vis,left_knee_x,left_knee_y,left_knee_z,left_knee_vis,right_knee_x,right_knee_y,right_knee_z,right_knee_vis,left_ankle_x,left_ankle_y,left_ankle_z,left_ankle_vis,right_ankle_x,right_ankle_y,right_ankle_z,right_ankle_vis,left_heel_x,left_heel_y,left_heel_z,left_heel_vis,right_heel_x,right_heel_y,right_heel_z,right_heel_vis,left_foot_index_x,left_foot_index_y,left_foot_index_z,left_foot_index_vis,right_foot_index_x,right_foot_index_y,right_foot_index_z,right_foot_index_vis
3,bridge,0,0.12757731974124908,0.6103943586349487,0.05093593895435333,0.999986469745636,0.11038726568222046,0.614207923412323,0.07573831081390381,0.9999624490737915,0.11025556921958923,0.6149464845657349,0.07564914226531982,0.9999443888664246,0.10999542474746704,0.6158066987991333,0.07559863477945328,0.9999615550041199,0.10959052294492722,0.6157516837120056,0.014675823040306568,0.999988853931427,0.10896436870098114,0.6176053881645203,0.014616367407143116,0.9999895095825195,0.10805804282426834,0.6198994517326355,0.014427801594138145,0.9999921917915344,0.1164269968867302,0.6289067268371582,0.19870902597904205,0.9999327063560486,0.11303593963384628,0.6332935094833374,-0.07730977982282639,0.9999932050704956,0.14781144261360168,0.6141000390052795,0.10148206353187561,0.9999122619628906,0.14658574759960175,0.6158559322357178,0.021228058263659477,0.9999821186065674,0.23574915528297424,0.6306182742118835,0.37995097041130066,0.9998031258583069,0.19560597836971283,0.6600675582885742,-0.2728675603866577,0.999999463558197,0.38774850964546204,0.6408766508102417,0.4559982120990753,0.04291849583387375,0.35299918055534363,0.678105890750885,-0.45885878801345825,0.9946320056915283,0.5284587740898132,0.6376858353614807,0.40650156140327454,0.07566753029823303,0.5096344351768494,0.6834407448768616,-0.588222861289978,0.9911065697669983,0.5704597234725952,0.6357865929603577,0.42618393898010254,0.07732531428337097,0.5633869767189026,0.6914060115814209,-0.6507655382156372,0.9833346605300903,0.5771997570991516,0.6353356838226318,0.3733074367046356,0.07570052891969681,0.5683014988899231,0.684749960899353,-0.6198614835739136,0.9815766215324402,0.5641804933547974,0.6372359395027161,0.3814220726490021,0.0795159861445427,0.5509380102157593,0.6795428991317749,-0.5747082829475403,0.9710264205932617,0.5054240822792053,0.6192809343338013,0.21128804981708527,0.9999194741249084,0.5040952563285828,0.6439545154571533,-0.21133974194526672,0.9999710321426392,0.6614681482315063,0.5423844456672668,0.20644555985927582,0.4762882888317108,0.6739610433578491,0.5627065896987915,-0.29978474974632263,0.9895449876785278,0.6765155792236328,0.6351444721221924,0.4115636646747589,0.5229136943817139,0.7067239880561829,0.6633142828941345,-0.1567920595407486,0.9922146797180176,0.655564546585083,0.6487718224525452,0.43132123351097107,0.6398531794548035,0.6936618089675903,0.683551013469696,-0.139585480093956,0.9834600687026978,0.7691889405250549,0.6527824401855469,0.4415162205696106,0.7034531831741333,0.817685604095459,0.6815599203109741,-0.1562805324792862,0.9902263283729553
4,bridge,0,0.1295311152935028,0.6104022860527039,0.046501751989126205,0.9999854564666748,0.11213871836662292,0.6141951084136963,0.0719829648733139,0.9999597072601318,0.11194472759962082,0.6149200797080994,0.07188961654901505,0.9999406933784485,0.11160272359848022,0.6157671213150024,0.07182107120752335,0.9999591112136841,0.11135406792163849,0.6157520413398743,0.01033279299736023,0.999987781047821,0.110713891685009,0.6176064610481262,0.010270520113408566,0.9999884963035583,0.1097838506102562,0.6199015378952026,0.01008652988821268,0.9999914169311523,0.11779879778623581,0.6287965178489685,0.19767947494983673,0.9999285340309143,0.11445848643779755,0.633297324180603,-0.08010021597146988,0.9999923706054688,0.14958618581295013,0.6140386462211609,0.09823092818260193,0.9999033212661743,0.14816628396511078,0.6157984137535095,0.017231188714504242,0.9999803304672241,0.23575574159622192,0.6307312846183777,0.38006535172462463,0.9997925758361816,0.19563135504722595,0.6600728631019592,-0.2755473554134369,0.999999463558197,0.387008398771286,0.6405007839202881,0.459162175655365,0.04240524768829346,0.3530057668685913,0.678334653377533,-0.4559829533100128,0.9946061372756958,0.5271164774894714,0.637069821357727,0.40709275007247925,0.07719436287879944,0.5098941326141357,0.683429479598999,-0.5804060101509094,0.991280198097229,0.5698229670524597,0.634597897529602,0.4282292425632477,0.07889294624328613,0.5634754300117493,0.6914581060409546,-0.6421453952789307,0.9836588501930237,0.5749529600143433,0.6296107172966003,0.37331071496009827,0.07722138613462448,0.5681207180023193,0.6848839521408081,-0.612251341342926,0.9819374680519104,0.5615724325180054,0.6323100924491882,0.3812970519065857,0.08109769225120544,0.5506471991539001,0.6796367168426514,-0.5673390626907349,0.9714868068695068,0.5076430439949036,0.6207320094108582,0.21018420159816742,0.9999182224273682,0.506086528301239,0.6464082598686218,-0.21023418009281158,0.9999700784683228,0.6612576246261597,0.5415818691253662,0.20009532570838928,0.4855939447879791,0.6724539399147034,0.5626384019851685,-0.2944328188896179,0.9899460077285767,0.6748552322387695,0.6351962685585022,0.40816593170166016,0.5330014824867249,0.7058220505714417,0.6628990769386292,-0.15124624967575073,0.9925245046615601,0.6571624875068665,0.6494173407554626,0.42682236433029175,0.6467784643173218,0.6938758492469788,0.6835395097732544,-0.13514463603496552,0.9839915633201599,0.7692211866378784,0.6527562141418457,0.43644410371780396,0.7108964920043945,0.8201422691345215,0.6815602779388428,-0.15224243700504303,0.9906551241874695
5,bridge,0,0.130659818649292,0.6104016900062561,0.053529538214206696,0.9999842047691345,0.11310721188783646,0.6141974329948425,0.07914724200963974,0.9999567866325378,0.1128632202744484,0.614922285079956,0.07903490960597992,0.9999364018440247,0.11246480792760849,0.6157718896865845,0.07894153892993927,0.9999566078186035,0.11239991337060928,0.6157633662223816,0.016843166202306747,0.9999865889549255,0.11175871640443802,0.61762535572052,0.016776226460933685,0.9999872446060181,0.1108250766992569,0.6199324131011963,0.01658642664551735,0.9999904632568359,0.11878020316362381,0.628811776638031,0.20557597279548645,0.9999244213104248,0.11565865576267242,0.6333087086677551,-0.07320536673069,0.9999913573265076,0.1507052630186081,0.6139733195304871,0.10564788430929184,0.9998927116394043,0.1494116336107254,0.6157276034355164,0.024272331967949867,0.9999780654907227,0.23570217192173004,0.6308175921440125,0.39312589168548584,0.9997789859771729,0.19566991925239563,0.6600731015205383,-0.26800984144210815,0.9999994039535522,0.3850199580192566,0.6410632133483887,0.4773653447628021,0.04120643436908722,0.3527519702911377,0.678408145904541,-0.4504089653491974,0.9944283366203308,0.5228222012519836,0.6319024562835693,0.42634522914886475,0.077433280646801,0.5103217959403992,0.6832335591316223,-0.5805745720863342,0.9913259744644165,0.5648568272590637,0.6282761096954346,0.44916167855262756,0.07950756698846817,0.5630179643630981,0.6914854049682617,-0.6435913443565369,0.983780026435852,0.5684956908226013,0.6254052519798279,0.3921456038951874,0.07774126529693604,0.5678099989891052,0.6848983764648438,-0.613001823425293,0.9820764064788818,0.5542536973953247,0.6285480856895447,0.39969131350517273,0.08169926702976227,0.5505107641220093,0.6796941161155701,-0.5676727890968323,0.9716586470603943,0.5090834498405457,0.6224536895751953,0.20891179144382477,0.9999161958694458,0.5076433420181274,0.6479037404060364,-0.2089504450559616,0.9999681115150452,0.6567128896713257,0.5415425300598145,0.1792377233505249,0.4881714880466461,0.666324257850647,0.561991274356842,-0.2773011028766632,0.9900894165039062,0.6763225793838501,0.6356337070465088,0.37904757261276245,0.5381342172622681,0.705722987651825,0.6622182130813599,-0.13259725272655487,0.9928216338157654,0.6639373898506165,0.6508702635765076,0.3971034288406372,0.6507396697998047,0.6941210627555847,0.6835355162620544,-0.11615404486656189,0.9845606088638306,0.7716087698936462,0.6526349782943726,0.3987443447113037,0.714273989200592,0.8213536143302917,0.6816620230674744,-0.1413266956806183,0.9910293817520142
6,bridge,0,0.13139092922210693,0.6103916168212891,0.06061965972185135,0.9999827146530151,0.11374804377555847,0.6141631603240967,0.08628857880830765,0.9999533891677856,0.11349448561668396,0.6148808598518372,0.08616495132446289,0.999931812286377,0.11308588832616806,0.6157271862030029,0.08606810867786407,0.9999538660049438,0.11308977752923965,0.6157504916191101,0.0247233584523201,0.9999849796295166,0.11246184259653091,0.6176172494888306,0.02466166764497757,0.9999856352806091,0.11154691129922867,0.6199280619621277,0.024487989023327827,0.9999892711639404,0.11947564780712128,0.6287311911582947,0.2099791318178177,0.9999198317527771,0.11637242138385773,0.6333006620407104,-0.06523987650871277,0.999989926815033,0.1514451801776886,0.6139008402824402,0.11131039261817932,0.9998779296875,0.1502171754837036,0.615655243396759,0.030922451987862587,0.9999747276306152,0.2357386201620102,0.6311495304107666,0.3927944302558899,0.9997597336769104,0.1956840604543686,0.6600732207298279,-0.264925479888916,0.9999992847442627,0.38395383954048157,0.6427335143089294,0.4733976721763611,0.04045765846967697,0.3521726429462433,0.6788017749786377,-0.4477342963218689,0.994259238243103,0.5169598460197449,0.6345694065093994,0.4244106411933899,0.07814006507396698,0.5104659199714661,0.6830308437347412,-0.5661608576774597,0.9913081526756287,0.5622711777687073,0.6308370232582092,0.44551804661750793,0.0803825631737709,0.5628201365470886,0.6914910674095154,-0.6313395500183105,0.9837793111801147,0.5673336982727051,0.6276077628135681,0.39062508940696716,0.07854224741458893,0.5675812363624573,0.6848886013031006,-0.5969468951225281,0.9820859432220459,0.5527809858322144,0.6308268904685974,0.39859357476234436,0.08259456604719162,0.5503263473510742,0.6797249913215637,-0.5520550608634949,0.9716310501098633,0.5107011795043945,0.6259456872940063,0.20842880010604858,0.9999132752418518,0.5078889727592468,0.6506076455116272,-0.20845450460910797,0.9999653100967407,0.6523116230964661,0.5416662096977234,0.17617475986480713,0.49174612760543823,0.6599749326705933,0.5616499781608582,-0.2511572241783142,0.9901190996170044,0.6764001250267029,0.6369397640228271,0.36124032735824585,0.5457815527915955,0.7052034139633179,0.6622285842895508,-0.10520023107528687,0.99299556016922,0.6657417416572571,0.6520707011222839,0.37777888774871826,0.6557753086090088,0.6940833330154419,0.6840984225273132,-0.08841124176979065,0.9848212003707886,0.7741056084632874,0.6525896787643433,0.37412506341934204,0.7191867232322693,0.8217347860336304,0.6817047595977783,-0.11475598067045212,0.9912636280059814
23,bridge,0,0.13132807612419128,0.6142796874046326,0.14871332049369812,0.9999640583992004,0.11308661103248596,0.6182447075843811,0.17498451471328735,0.9999097585678101,0.11285741627216339,0.6189391613006592,0.1748979240655899,0.9998692274093628,0.11248869448900223,0.6198638677597046,0.17486520111560822,0.999916136264801,0.11222276836633682,0.6200390458106995,0.11804413795471191,0.9999691247940063,0.11132454127073288,0.6220277547836304,0.11799037456512451,0.9999697804450989,0.11026253551244736,0.6244325041770935,0.11782144010066986,0.9999780654907227,0.1167999878525734,0.6334525346755981,0.29947635531425476,0.9998454451560974,0.1144096702337265,0.6378488540649414,0.03919053077697754,0.9999743700027466,0.15133517980575562,0.6175937652587891,0.19979342818260193,0.9997581243515015,0.15015216171741486,0.6192861795425415,0.1243666484951973,0.9999509453773499,0.2332410216331482,0.6340648531913757,0.4368463456630707,0.9996406435966492,0.19487591087818146,0.660704493522644,-0.13715600967407227,0.9999982714653015,0.3879520297050476,0.6430847644805908,0.5106034874916077,0.05294891074299812,0.3518262803554535,0.6790956258773804,-0.2906859517097473,0.9946838021278381,0.5207316875457764,0.6429151296615601,0.43306559324264526,0.11776532232761383,0.5078235864639282,0.6860925555229187,-0.4067646861076355,0.9929330945014954,0.5605354905128479,0.6430494785308838,0.4284462630748749,0.12041249871253967,0.5577902793884277,0.692354142665863,-0.45836660265922546,0.9860056638717651,0.5622032880783081,0.6433269381523132,0.38807758688926697,0.1179901733994484,0.5609199404716492,0.6857846975326538,-0.43635621666908264,0.9845117926597595,0.5440599918365479,0.6435225605964661,0.41078081727027893,0.12035196274518967,0.5450955629348755,0.6815178394317627,-0.39508455991744995,0.9753518104553223,0.47201165556907654,0.5931330919265747,0.19706428050994873,0.9999098181724548,0.46648943424224854,0.6113750338554382,-0.19695644080638885,0.9999575614929199,0.6851572394371033,0.5413359999656677,0.15546539425849915,0.5739110708236694,0.6901383399963379,0.5633800625801086,-0.34431901574134827,0.9895195960998535,0.698453962802887,0.6398245692253113,0.392019659280777,0.6150689125061035,0.7093902826309204,0.6645335555076599,-0.2162376195192337,0.9937012195587158,0.6811553835868835,0.6449352502822876,0.41425198316574097,0.7121464610099792,0.6943411231040955,0.6839597225189209,-0.1991577297449112,0.9860771298408508,0.7826670408248901,0.6495691537857056,0.4168243408203125,0.7651277780532837,0.8221059441566467,0.6838985681533813,-0.22196994721889496,0.9922962784767151
24,bridge,0,0.1322433054447174,0.6147779226303101,0.12515564262866974,0.9999670386314392,0.11442015320062637,0.6186606287956238,0.1500004678964615,0.9999168515205383,0.11417455971240997,0.6193340420722961,0.14991898834705353,0.9998795986175537,0.11377590149641037,0.6202248930931091,0.14987905323505402,0.9999221563339233,0.11311887204647064,0.6204068064689636,0.09071653336286545,0.9999716877937317,0.11193054914474487,0.6224281787872314,0.09067241102457047,0.9999723434448242,0.11071140319108963,0.6248171329498291,0.09050531685352325,0.9999799132347107,0.11799488961696625,0.6336991786956787,0.2760768532752991,0.999857485294342,0.1149345189332962,0.6382144689559937,0.004959005396813154,0.9999767541885376,0.15286485850811005,0.6181373000144958,0.17747843265533447,0.9997793436050415,0.15090151131153107,0.6197609305381775,0.09905838966369629,0.9999551773071289,0.23322635889053345,0.6354013681411743,0.4279921054840088,0.9996678233146667,0.19477726519107819,0.6613724231719971,-0.1717275232076645,0.9999984502792358,0.38773658871650696,0.6431059837341309,0.51197350025177,0.05710779130458832,0.35215234756469727,0.678817093372345,-0.3298424184322357,0.9949904084205627,0.520287811756134,0.6424780488014221,0.43414580821990967,0.12541818618774414,0.5071630477905273,0.6860764622688293,-0.4523131549358368,0.9933615326881409,0.5584469437599182,0.6427597999572754,0.43543410301208496,0.12753386795520782,0.5552554130554199,0.6913855671882629,-0.5068411231040955,0.9866849184036255,0.5604282021522522,0.6428380012512207,0.39016231894493103,0.1248704344034195,0.5583757758140564,0.6857391595840454,-0.4852907955646515,0.9852350354194641,0.5439521670341492,0.6434218883514404,0.4111945331096649,0.1265864074230194,0.5431878566741943,0.6816880106925964,-0.4410761892795563,0.9763894081115723,0.46155408024787903,0.588372528553009,0.19817937910556793,0.9999147057533264,0.45674848556518555,0.6069687008857727,-0.19800308346748352,0.9999608993530273,0.6814730167388916,0.5416874885559082,0.15623387694358826,0.5760712623596191,0.6879009008407593,0.563342273235321,-0.36434680223464966,0.9899855852127075,0.6982414126396179,0.6390491724014282,0.3912678360939026,0.6264423131942749,0.7086334824562073,0.664569616317749,-0.2286709100008011,0.9938035607337952,0.6785581707954407,0.6454867124557495,0.41281089186668396,0.7215211987495422,0.6920890808105469,0.6838396191596985,-0.21188324689865112,0.9862442016601562,0.7813338041305542,0.6501068472862244,0.4129190444946289,0.7739397883415222,0.821438193321228,0.6833015084266663,-0.23990638554096222,0.9923508763313293
25,bridge,0,0.13221512734889984,0.6147837042808533,0.11906111240386963,0.999969482421875,0.11434493213891983,0.6186726093292236,0.14433841407299042,0.9999225735664368,0.11411567032337189,0.6193334460258484,0.14426001906394958,0.9998883008956909,0.11375083774328232,0.6202087998390198,0.14422465860843658,0.9999268054962158,0.11305493116378784,0.620380699634552,0.08354905992746353,0.9999738335609436,0.11188292503356934,0.6223912835121155,0.08352291584014893,0.9999745488166809,0.11067430675029755,0.6247999668121338,0.08337738364934921,0.9999814033508301,0.11800240725278854,0.6337382793426514,0.2734454274177551,0.9998674392700195,0.11488893628120422,0.6382970213890076,-0.004744460340589285,0.9999788403511047,0.15337766706943512,0.6180546879768372,0.1727200448513031,0.9997978806495667,0.15101037919521332,0.6197046637535095,0.09240272641181946,0.9999586939811707,0.2326962798833847,0.6368775963783264,0.4279259443283081,0.999687671661377,0.1947300285100937,0.6619460582733154,-0.18297424912452698,0.9999985694885254,0.38768041133880615,0.6422656178474426,0.5108038187026978,0.0644884780049324,0.35256391763687134,0.6786916851997375,-0.33957135677337646,0.9952832460403442,0.5172750949859619,0.6411017775535583,0.43430095911026,0.1393558830022812,0.5070860981941223,0.6860772371292114,-0.464821457862854,0.9938063025474548,0.5557832717895508,0.6420803070068359,0.438490092754364,0.14018163084983826,0.5552886724472046,0.6912243366241455,-0.5199654698371887,0.9874373078346252,0.5582272410392761,0.6425889730453491,0.3912886679172516,0.13740892708301544,0.5583576560020447,0.6860133409500122,-0.49834203720092773,0.9860529899597168,0.5422225594520569,0.6428601741790771,0.41079843044281006,0.13762329518795013,0.5424980521202087,0.68258136510849,-0.4537603259086609,0.9775809049606323,0.4550272822380066,0.5853757858276367,0.2008434385061264,0.9999169707298279,0.4522034823894501,0.6040228009223938,-0.20059335231781006,0.9999630451202393,0.6794125437736511,0.5417014360427856,0.14789007604122162,0.579931914806366,0.6867358088493347,0.5623104572296143,-0.3546622693538666,0.9904534220695496,0.6952157616615295,0.6387673616409302,0.36787164211273193,0.6404508948326111,0.705715000629425,0.665162205696106,-0.1967083364725113,0.9939450621604919,0.6769049167633057,0.6465723514556885,0.38852471113204956,0.7336707711219788,0.6880828142166138,0.6843917369842529,-0.17809318006038666,0.9866029620170593,0.7805743217468262,0.6504425406455994,0.38323500752449036,0.7840055823326111,0.8201874494552612,0.6821941137313843,-0.20510658621788025,0.9924536347389221
26,bridge,0,0.13002057373523712,0.6149085760116577,0.11357390135526657,0.9999717473983765,0.11231029033660889,0.6191681027412415,0.13819283246994019,0.9999281764030457,0.11221715062856674,0.6198781728744507,0.13810071349143982,0.9998968839645386,0.11203507333993912,0.6207782626152039,0.1380516141653061,0.9999313950538635,0.1106538325548172,0.620750904083252,0.07851284742355347,0.999975860118866,0.10952028632164001,0.6226728558540344,0.07847519218921661,0.999976634979248,0.10822229087352753,0.6249915361404419,0.07827772945165634,0.9999828338623047,0.11704882234334946,0.6342864036560059,0.26632899045944214,0.9998772144317627,0.11321017891168594,0.6385583281517029,-0.010664786212146282,0.9999808073043823,0.15217259526252747,0.6179928183555603,0.16591639816761017,0.9998152256011963,0.14906342327594757,0.6196578145027161,0.08594340085983276,0.9999619722366333,0.23185518383979797,0.6379408240318298,0.4257104694843292,0.9997057914733887,0.19467967748641968,0.6623496413230896,-0.19081884622573853,0.9999986886978149,0.38695278763771057,0.6416935920715332,0.5176876783370972,0.07778408378362656,0.3526346981525421,0.6784762740135193,-0.348508358001709,0.9955867528915405,0.5122843980789185,0.639819324016571,0.45086830854415894,0.16070617735385895,0.5072619318962097,0.6860881447792053,-0.4755556881427765,0.9942682385444641,0.5510870218276978,0.6402466297149658,0.4591403901576996,0.1590108871459961,0.5553537011146545,0.691108763217926,-0.5310074090957642,0.9882431626319885,0.5545256733894348,0.6418033242225647,0.40957537293434143,0.15623149275779724,0.5583992600440979,0.686194658279419,-0.5097477436065674,0.9869337677955627,0.5380621552467346,0.6414836645126343,0.42614156007766724,0.15419922769069672,0.542559802532196,0.6832377910614014,-0.46462786197662354,0.9788925647735596,0.45292195677757263,0.5811898112297058,0.2033315747976303,0.9999189972877502,0.45075976848602295,0.5994123816490173,-0.2030552625656128,0.9999648332595825,0.6787185072898865,0.5410736203193665,0.1314391940832138,0.588455855846405,0.6858435869216919,0.5612648725509644,-0.3514340817928314,0.990885317325592,0.6938735246658325,0.6369630098342896,0.3482534885406494,0.6551224589347839,0.7048525214195251,0.6657609343528748,-0.1753683239221573,0.9939773678779602,0.6749376058578491,0.6470589637756348,0.36919891834259033,0.7455127835273743,0.6870964765548706,0.6842030882835388,-0.15046018362045288,0.9866093397140503,0.7776930928230286,0.6502841114997864,0.3644620478153229,0.7940477728843689,0.8194962739944458,0.6809183955192566,-0.18422812223434448,0.992407500743866
27,bridge,0,0.1288234293460846,0.6149729490280151,0.11152322590351105,0.9999727606773376,0.11128650605678558,0.6191680431365967,0.13734225928783417,0.9999313950538635,0.11125441640615463,0.6198915243148804,0.13726110756397247,0.9999023675918579,0.11108057200908661,0.6208095550537109,0.13724146783351898,0.999933123588562,0.1094646230340004,0.6207451820373535,0.07536846399307251,0.9999769926071167,0.10818881541490555,0.6226629018783569,0.0753246396780014,0.9999780058860779,0.10683059692382812,0.6249659061431885,0.07516638934612274,0.9999836087226868,0.11610203236341476,0.6345446705818176,0.2746284306049347,0.9998825788497925,0.11185146868228912,0.6387297511100769,-0.014346134848892689,0.9999823570251465,0.1512002795934677,0.6179859042167664,0.16723769903182983,0.9998270869255066,0.1482442319393158,0.6196370720863342,0.0842512920498848,0.9999638199806213,0.23195664584636688,0.6397502422332764,0.4345276951789856,0.9997162818908691,0.1946927160024643,0.6627112030982971,-0.19100727140903473,0.9999988079071045,0.3873114585876465,0.6423160433769226,0.5159116983413696,0.09162082523107529,0.352801650762558,0.6782106161117554,-0.3522394299507141,0.9958158731460571,0.5116068124771118,0.6397964358329773,0.4460655450820923,0.17990989983081818,0.5077236890792847,0.6862390637397766,-0.4785849153995514,0.9946318864822388,0.550757884979248,0.6402323842048645,0.45253822207450867,0.1757647693157196,0.5549048781394958,0.691155195236206,-0.5355977416038513,0.9888277649879456,0.5539389848709106,0.6420363187789917,0.403615266084671,0.1730077564716339,0.5583091974258423,0.6864750385284424,-0.5149815082550049,0.9875714182853699,0.5377714037895203,0.6417120695114136,0.4206644892692566,0.16904564201831818,0.5423080921173096,0.6837575435638428,-0.4684636890888214,0.979777455329895,0.44757944345474243,0.5772167444229126,0.20938533544540405,0.9999212026596069,0.4456602931022644,0.5954908132553101,-0.20912985503673553,0.9999664425849915,0.6781409382820129,0.5383147597312927,0.1278395652770996,0.6022738814353943,0.6854057312011719,0.5587902665138245,-0.3659001588821411,0.9913969039916992,0.6934847831726074,0.637000322341919,0.32541757822036743,0.678490936756134,0.7027984261512756,0.6658076643943787,-0.1748293787240982,0.9942197799682617,0.6776490807533264,0.6464170813560486,0.3432706594467163,0.7628008723258972,0.685041606426239,0.6840084195137024,-0.15170177817344666,0.9869053363800049,0.7761017680168152,0.6459367275238037,0.3222459852695465,0.8089500069618225,0.8165144324302673,0.6809194684028625,-0.1895637959241867,0.992676854133606
28,bridge,0,0.12708081305027008,0.6149519681930542,0.1401442140340805,0.9999735355377197,0.10959070175886154,0.6191080808639526,0.16679836809635162,0.9999345541000366,0.10974440723657608,0.619835376739502,0.16672615706920624,0.9999079704284668,0.10977990925312042,0.620773434638977,0.16672924160957336,0.9999352097511292,0.10775619000196457,0.6206488609313965,0.10273531824350357,0.9999780058860779,0.10652921348810196,0.6225507855415344,0.10266935080289841,0.9999792575836182,0.10506022721529007,0.6248438954353333,0.10257893800735474,0.9999842643737793,0.11533091962337494,0.6344860792160034,0.3022800385951996,0.9998887777328491,0.11039434373378754,0.6387091279029846,0.0077515640296041965,0.9999837875366211,0.1497124880552292,0.6179629564285278,0.1962386965751648,0.9998378753662109,0.14660152792930603,0.6196107864379883,0.11152360588312149,0.999965250492096,0.2323257029056549,0.6408052444458008,0.45725709199905396,0.9997279047966003,0.1944846659898758,0.6626882553100586,-0.16893194615840912,0.999998927116394,0.3872486650943756,0.6442844271659851,0.5365155339241028,0.11580588668584824,0.35260313749313354,0.6775020956993103,-0.3155805468559265,0.9960640072822571,0.509057343006134,0.6398928761482239,0.4683467149734497,0.2086520493030548,0.5076209306716919,0.6862066388130188,-0.437887579202652,0.9949986338615417,0.5490584969520569,0.6402696371078491,0.4759421944618225,0.1993020623922348,0.55348801612854,0.691035807132721,-0.48817044496536255,0.9894011616706848,0.5526904463768005,0.6425254940986633,0.4257071912288666,0.1965985745191574,0.5574729442596436,0.6864734888076782,-0.46432507038116455,0.9882038831710815,0.5359861254692078,0.6419912576675415,0.44200149178504944,0.1904466152191162,0.541018545627594,0.6837485432624817,-0.42537879943847656,0.9806744456291199,0.4415464699268341,0.5735304355621338,0.21084825694561005,0.9999247789382935,0.4394053816795349,0.5906570553779602,-0.21057382225990295,0.9999684691429138,0.677686870098114,0.5372864007949829,0.1251036524772644,0.6176427006721497,0.6852062344551086,0.5575198531150818,-0.3652906119823456,0.9919478893280029,0.6920516490936279,0.6389715075492859,0.31705302000045776,0.7003505229949951,0.7007182836532593,0.6657987236976624,-0.1924440860748291,0.9945120215415955,0.6615524291992188,0.6545833349227905,0.33430999517440796,0.7783059477806091,0.6836803555488586,0.6838535666465759,-0.17227277159690857,0.9872960448265076,0.7761712074279785,0.6468715667724609,0.3041500151157379,0.8224736452102661,0.8164769411087036,0.6813442707061768,-0.2227037250995636,0.9929936528205872
29,bridge,0,0.12723712623119354,0.6150837540626526,0.16516056656837463,0.9999725818634033,0.1096029207110405,0.6191875338554382,0.19089245796203613,0.999934732913971,0.10975033044815063,0.6199173331260681,0.19081756472587585,0.9999101161956787,0.10978522151708603,0.620873212814331,0.1908104419708252,0.9999338984489441,0.10777338594198227,0.6206958889961243,0.12674292922019958,0.9999780058860779,0.10654041916131973,0.622569739818573,0.1266680657863617,0.9999797940254211,0.1050877794623375,0.6248401403427124,0.12656646966934204,0.9999842047691345,0.11524315923452377,0.634992241859436,0.3202514350414276,0.9998912811279297,0.11035055667161942,0.639117419719696,0.02604859508574009,0.999984860420227,0.14984628558158875,0.6182082295417786,0.21920977532863617,0.9998432993888855,0.14664903283119202,0.6197808384895325,0.13446442782878876,0.9999648928642273,0.23554465174674988,0.6419346928596497,0.47090697288513184,0.999731719493866,0.1944165825843811,0.662327229976654,-0.1566096693277359,0.9999989867210388,0.3909575641155243,0.6451254487037659,0.5525787472724915,0.14365796744823456,0.35252824425697327,0.675933837890625,-0.31770214438438416,0.9961497187614441,0.5094884634017944,0.6400031447410583,0.5083910822868347,0.2350049465894699,0.5074805021286011,0.6856235861778259,-0.45493751764297485,0.9952541589736938,0.5502818822860718,0.6405075788497925,0.5219805836677551,0.22039036452770233,0.5530465245246887,0.6908782720565796,-0.5071794390678406,0.9897358417510986,0.5540881752967834,0.6429395079612732,0.4719791114330292,0.21778498589992523,0.5567029118537903,0.6863688230514526,-0.48258498311042786,0.9885851740837097,0.5370832681655884,0.6424478888511658,0.48277774453163147,0.20933984220027924,0.5399888753890991,0.6834492683410645,-0.442735493183136,0.9811593294143677,0.4379989206790924,0.5723048448562622,0.21176445484161377,0.9999271035194397,0.4349207878112793,0.5891086459159851,-0.21149756014347076,0.9999703168869019,0.6713773012161255,0.533698558807373,0.12550786137580872,0.630010724067688,0.6836984753608704,0.5556243062019348,-0.37287622690200806,0.9924501776695251,0.690832257270813,0.6397618055343628,0.31313562393188477,0.7178443670272827,0.7009025812149048,0.665615975856781,-0.22037793695926666,0.9947887659072876,0.6581746935844421,0.6560403108596802,0.33021044731140137,0.790482223033905,0.6839116811752319,0.6832635402679443,-0.2017420083284378,0.9877374172210693,0.7770720720291138,0.6472364664077759,0.2978290617465973,0.8331629633903503,0.8185204267501831,0.6812914609909058,-0.2575215697288513,0.9933034181594849
30,bridge,0,0.12509174644947052,0.615166425704956,0.19815579056739807,0.9999707341194153,0.10755890607833862,0.619209349155426,0.22513379156589508,0.9999344944953918,0.10787618160247803,0.6199529767036438,0.22504755854606628,0.9999115467071533,0.1080363392829895,0.6209273934364319,0.2250189632177353,0.9999322891235352,0.10534808039665222,0.6206983923912048,0.1607363522052765,0.9999775290489197,0.10404381901025772,0.6225579380989075,0.16066846251487732,0.9999799132347107,0.10263873636722565,0.6248336434364319,0.16056984663009644,0.9999837875366211,0.11361418664455414,0.6352556347846985,0.35426661372184753,0.9998934864997864,0.10838686674833298,0.639298141002655,0.058861810714006424,0.9999856352806091,0.14814145863056183,0.6184625625610352,0.2516453266143799,0.9998462200164795,0.1446700543165207,0.6199175119400024,0.16653311252593994,0.9999634027481079,0.23819394409656525,0.6421570777893066,0.4948865473270416,0.9997385740280151,0.19329459965229034,0.6619164347648621,-0.1276603639125824,0.9999990463256836,0.3934367299079895,0.6451288461685181,0.5761862993240356,0.1752602756023407,0.349827378988266,0.6747190952301025,-0.29251930117607117,0.9960916042327881,0.5096904635429382,0.6400859951972961,0.5426459312438965,0.26369157433509827,0.5062348246574402,0.6847452521324158,-0.439953476190567,0.9953864216804504,0.551547110080719,0.6407488584518433,0.5564367771148682,0.24340413510799408,0.5524643659591675,0.6906983256340027,-0.4904595911502838,0.9897778630256653,0.5547630190849304,0.6430587768554688,0.508070170879364,0.24095402657985687,0.5559632778167725,0.6858898997306824,-0.46460387110710144,0.9886537194252014,0.5378608703613281,0.642640233039856,0.5179808735847473,0.23048129677772522,0.5389164686203003,0.6825158596038818,-0.4274853467941284,0.9811539053916931,0.4328084886074066,0.5725147724151611,0.21212919056415558,0.999931275844574,0.42887288331985474,0.5890193581581116,-0.2118912935256958,0.999972403049469,0.6701963543891907,0.5341765880584717,0.11517045646905899,0.6371941566467285,0.6815636157989502,0.554121196269989,-0.3854193091392517,0.9928386211395264,0.6907076835632324,0.6403581500053406,0.30544713139533997,0.7311581373214722,0.7010552883148193,0.6653164029121399,-0.2283669263124466,0.9949401617050171,0.6574273705482483,0.6565305590629578,0.3238067328929901,0.7998647689819336,0.6856971979141235,0.6828094720840454,-0.2078433781862259,0.9879350066184998,0.77702796459198,0.6459600329399109,0.29408183693885803,0.8412427306175232,0.8207934498786926,0.681133508682251,-0.255180686712265,0.9934627413749695
31,bridge,0,0.12418501079082489,0.6153482794761658,0.2060965746641159,0.9999681711196899,0.10669367015361786,0.6193141937255859,0.23454976081848145,0.9999337792396545,0.10709667950868607,0.6200516223907471,0.23444783687591553,0.9999125003814697,0.10737036913633347,0.6210260391235352,0.234403595328331,0.9999303817749023,0.10422885417938232,0.6207931041717529,0.1710520088672638,0.999976634979248,0.10287423431873322,0.6226213574409485,0.1709897518157959,0.9999796152114868,0.10148544609546661,0.624862015247345,0.17090155184268951,0.9999829530715942,0.11296375840902328,0.6355583667755127,0.36514902114868164,0.9998953342437744,0.10734564810991287,0.6395610570907593,0.07370337098836899,0.9999861121177673,0.14739255607128143,0.6188747882843018,0.25937917828559875,0.9998459219932556,0.143582284450531,0.6202423572540283,0.17534855008125305,0.9999606013298035,0.2405027449131012,0.6420220136642456,0.49715936183929443,0.9997430443763733,0.19235551357269287,0.6620121598243713,-0.10674908757209778,0.9999991059303284,0.3961828649044037,0.6450953483581543,0.5766147971153259,0.2018517702817917,0.34693995118141174,0.6741905212402344,-0.2638052999973297,0.9959648847579956,0.5096743702888489,0.6399195194244385,0.5470859408378601,0.28698089718818665,0.5041528344154358,0.6842820048332214,-0.4092996120452881,0.9954293370246887,0.5515685677528381,0.6407349109649658,0.5595977306365967,0.2620639204978943,0.5500614047050476,0.690244734287262,-0.45648783445358276,0.9896260499954224,0.5546561479568481,0.6429819464683533,0.5115602612495422,0.25976717472076416,0.5530382394790649,0.6854029893875122,-0.4325690269470215,0.9885311722755432,0.5377610325813293,0.6426497101783752,0.5227275490760803,0.24831250309944153,0.5370789766311646,0.6818652153015137,-0.3975144326686859,0.9809349179267883,0.42947596311569214,0.5725315809249878,0.2117067128419876,0.9999353885650635,0.42409470677375793,0.5896499752998352,-0.21148210763931274,0.9999744296073914,0.669489860534668,0.5343077182769775,0.11071700602769852,0.6410955786705017,0.6777845621109009,0.5535200238227844,-0.3858157992362976,0.993150532245636,0.6906323432922363,0.64035564661026,0.29728466272354126,0.7397350668907166,0.7012258172035217,0.6651946902275085,-0.23393186926841736,0.9949554800987244,0.6559608578681946,0.6563059091567993,0.31601595878601074,0.805875301361084,0.6861037015914917,0.6828156113624573,-0.21288640797138214,0.9878787994384766,0.7735785841941833,0.6436355113983154,0.2931245267391205,0.846450686454773,0.8211411237716675,0.6799890995025635,-0.25105005502700806,0.993452250957489
32,bridge,0,0.12285802513360977,0.6154349446296692,0.19276879727840424,0.9999660849571228,0.10555268079042435,0.6193668842315674,0.22056744992733002,0.9999334812164307,0.1061030849814415,0.6200850009918213,0.22046919167041779,0.9999139904975891,0.10657089948654175,0.621035099029541,0.22042852640151978,0.9999291300773621,0.10322415828704834,0.6208779215812683,0.1570400446653366,0.9999759197235107,0.10204459726810455,0.6226967573165894,0.1569775938987732,0.9999794363975525,0.10084067285060883,0.6249232292175293,0.15690258145332336,0.9999822378158569,0.11261197179555893,0.6355854272842407,0.351370245218277,0.9998977184295654,0.10674257576465607,0.639622151851654,0.059760622680187225,0.9999865293502808,0.1462683379650116,0.6189507842063904,0.24635079503059387,0.9998465776443481,0.14253613352775574,0.6203164458274841,0.16222800314426422,0.9999583959579468,0.24080488085746765,0.6417856812477112,0.48448413610458374,0.9997435808181763,0.19218456745147705,0.6619405150413513,-0.11400597542524338,0.9999991655349731,0.3974526822566986,0.644704282283783,0.5646169781684875,0.23548264801502228,0.3449811637401581,0.6740421652793884,-0.27075448632240295,0.9958147406578064,0.5103347301483154,0.6399132013320923,0.5363834500312805,0.31565383076667786,0.5030860900878906,0.6842921376228333,-0.4202122688293457,0.9954988956451416,0.5526024103164673,0.6408762335777283,0.5492895245552063,0.2854120135307312,0.5485464334487915,0.6902493834495544,-0.46927642822265625,0.9895868301391602,0.5548888444900513,0.6431461572647095,0.4999329745769501,0.283323734998703,0.5511740446090698,0.6853976845741272,-0.44615787267684937,0.9885381460189819,0.538338840007782,0.6430741548538208,0.5119248032569885,0.270391047000885,0.5359278917312622,0.6818321347236633,-0.4089617431163788,0.9809339046478271,0.43047142028808594,0.571404755115509,0.21010515093803406,0.9999377727508545,0.4259088635444641,0.5889779329299927,-0.20987625420093536,0.9999759197235107,0.6685414910316467,0.5341911315917969,0.10784915834665298,0.6506817936897278,0.6771010756492615,0.5534363389015198,-0.38271820545196533,0.9934737682342529,0.6907950043678284,0.6406959295272827,0.29264065623283386,0.7496150135993958,0.7025569081306458,0.6650857925415039,-0.23101869225502014,0.995019793510437,0.6570150852203369,0.656545102596283,0.31114763021469116,0.8124701976776123,0.6886613368988037,0.682832658290863,-0.21021674573421478,0.9879134297370911,0.7709749341011047,0.6418675780296326,0.2894752323627472,0.8523034453392029,0.8216009736061096,0.6787256002426147,-0.24939611554145813,0.99351567029953
33,bridge,0,0.1218336820602417,0.6155687570571899,0.18507792055606842,0.9999647736549377,0.10468841344118118,0.6194697022438049,0.2120957225561142,0.9999337792396545,0.10532476752996445,0.6201737523078918,0.21200402081012726,0.9999159574508667,0.10590753704309464,0.6211001873016357,0.21197399497032166,0.9999284148216248,0.10241479426622391,0.6209828853607178,0.1482246369123459,0.9999756217002869,0.1013539731502533,0.6227815747261047,0.1481654793024063,0.9999796152114868,0.10028328001499176,0.6249802112579346,0.14809401333332062,0.9999818801879883,0.11221956461668015,0.6357071995735168,0.34094473719596863,0.9999001622200012,0.10627694427967072,0.6396461129188538,0.048559095710515976,0.9999870657920837,0.14531056582927704,0.6190897822380066,0.23816688358783722,0.9998490214347839,0.14155258238315582,0.6204298734664917,0.153616264462471,0.999957263469696,0.24060176312923431,0.6418554186820984,0.4777795970439911,0.9997422695159912,0.1917767971754074,0.6618754863739014,-0.12772025167942047,0.9999991655349731,0.39725637435913086,0.6445140838623047,0.5588205456733704,0.27574780583381653,0.34411364793777466,0.6740753650665283,-0.2875937223434448,0.9957300424575806,0.5103551149368286,0.6400651335716248,0.5302835702896118,0.34970563650131226,0.5029425621032715,0.6845548152923584,-0.4581287205219269,0.9956310987472534,0.5530474185943604,0.6414209604263306,0.5451322197914124,0.3141214847564697,0.5482880473136902,0.6903529167175293,-0.5103527903556824,0.9897527098655701,0.5549526810646057,0.6437855958938599,0.49534547328948975,0.3122779428958893,0.5509733557701111,0.6855068206787109,-0.48642832040786743,0.9887561202049255,0.5385181307792664,0.643886148929596,0.50588458776474,0.2968413233757019,0.5358585715293884,0.6819711923599243,-0.44738301634788513,0.9812252521514893,0.4301944375038147,0.5710360407829285,0.21007537841796875,0.9999390840530396,0.4265015423297882,0.5881738066673279,-0.20984873175621033,0.9999771118164062,0.6653281450271606,0.5341705679893494,0.11455043405294418,0.6649302840232849,0.6762556433677673,0.5532010793685913,-0.38246458768844604,0.9938892722129822,0.6907706260681152,0.640681266784668,0.29790496826171875,0.7612462639808655,0.7034151554107666,0.6651074886322021,-0.23040851950645447,0.9951748847961426,0.6566976308822632,0.6564587354660034,0.31665435433387756,0.8200241327285767,0.6901125907897949,0.6831318736076355,-0.2097899168729782,0.9881632328033447,0.7712141275405884,0.6426129341125488,0.294430136680603,0.8590297102928162,0.8210989832878113,0.6785182952880859,-0.2471836507320404,0.9936785101890564
34,bridge,0,0.12179770320653915,0.615669310092926,0.18099229037761688,0.9999634027481079,0.10459952801465988,0.619541347026825,0.20823043584823608,0.9999337792396545,0.10523670166730881,0.6202267408370972,0.20814457535743713,0.9999173879623413,0.1058320477604866,0.6211325526237488,0.20811815559864044,0.999927282333374,0.1023547574877739,0.6210489273071289,0.14399978518486023,0.9999752044677734,0.10131111741065979,0.6228266358375549,0.14394013583660126,0.9999796748161316,0.10026296973228455,0.6250074505805969,0.14386627078056335,0.9999814629554749,0.11213240772485733,0.6357601284980774,0.337899774312973,0.9999017119407654,0.10617607831954956,0.6396651864051819,0.04364028200507164,0.9999874830245972,0.14523479342460632,0.6191994547843933,0.23440395295619965,0.9998512864112854,0.14153631031513214,0.6205339431762695,0.149346262216568,0.9999560713768005,0.24042148888111115,0.6420210599899292,0.4762285649776459,0.9997407793998718,0.19155162572860718,0.6618720293045044,-0.13408789038658142,0.9999991655349731,0.3970072567462921,0.6439924240112305,0.5584596991539001,0.31299471855163574,0.3442022204399109,0.6740725636482239,-0.2906196713447571,0.99566251039505,0.5109644532203674,0.639897882938385,0.531432032585144,0.3832366466522217,0.5029972791671753,0.6847333908081055,-0.48455458879470825,0.9957684874534607,0.5538139343261719,0.6414514780044556,0.5480330586433411,0.3429052531719208,0.5479663014411926,0.6905274987220764,-0.5384217500686646,0.9899476170539856,0.555266797542572,0.643795907497406,0.49821823835372925,0.3413091003894806,0.5506898760795593,0.6857726573944092,-0.5145944952964783,0.9890010952949524,0.5391190052032471,0.6438978314399719,0.5072120428085327,0.3234330117702484,0.5358330011367798,0.6821674704551697,-0.4739800989627838,0.9815529584884644,0.4289637804031372,0.5707422494888306,0.2099471390247345,0.9999406933784485,0.4254169166088104,0.5877509713172913,-0.20972783863544464,0.9999781847000122,0.6636212468147278,0.5339116454124451,0.11784137040376663,0.6781795620918274,0.6758336424827576,0.5529417395591736,-0.38405635952949524,0.9942526817321777,0.6908148527145386,0.6406729817390442,0.30875909328460693,0.7717757225036621,0.7034332752227783,0.6653614640235901,-0.2264133095741272,0.9952854514122009,0.6569452285766602,0.6567654013633728,0.3290499448776245,0.8272464871406555,0.690051257610321,0.683290958404541,-0.20542897284030914,0.9883511662483215,0.7711141705513,0.6429503560066223,0.3131774067878723,0.8652446866035461,0.8201344013214111,0.6785973310470581,-0.24292592704296112,0.9937832951545715
35,bridge,0,0.1217876523733139,0.6156964302062988,0.18533611297607422,0.9999608993530273,0.10452616214752197,0.6195576190948486,0.21209503710269928,0.9999323487281799,0.10517005622386932,0.6202371120452881,0.2120068371295929,0.9999172687530518,0.10577846318483353,0.621134877204895,0.2119765430688858,0.9999246001243591,0.10231754183769226,0.62105792760849,0.1481102854013443,0.9999741315841675,0.10130266100168228,0.6228281259536743,0.14805014431476593,0.9999791979789734,0.10028146952390671,0.6250051259994507,0.14797784388065338,0.9999804496765137,0.11207734048366547,0.6357803344726562,0.33723390102386475,0.9999013543128967,0.1061290055513382,0.6396611928939819,0.04378601536154747,0.9999876022338867,0.14522558450698853,0.6192343235015869,0.23694650828838348,0.9998509883880615,0.1415833830833435,0.6205708384513855,0.15220963954925537,0.99995356798172,0.24032573401927948,0.6423082947731018,0.47480008006095886,0.9997342228889465,0.1912682056427002,0.661830484867096,-0.1325606256723404,0.9999991655349731,0.3968488276004791,0.6439829468727112,0.5422656536102295,0.351081907749176,0.3442252576351166,0.6740967035293579,-0.2931901514530182,0.9955168962478638,0.5124105215072632,0.6399396657943726,0.5088132619857788,0.4157215654850006,0.5029541254043579,0.6850637793540955,-0.483596533536911,0.9958478808403015,0.5548546314239502,0.6415883302688599,0.5240110754966736,0.3705335259437561,0.5478609204292297,0.6906478404998779,-0.5367593169212341,0.9900150299072266,0.5561938881874084,0.6440021395683289,0.4753243029117584,0.3692575693130493,0.5506505966186523,0.6859524250030518,-0.5119314193725586,0.9891148805618286,0.5407435894012451,0.644305944442749,0.48490431904792786,0.349069744348526,0.5357984900474548,0.6824067234992981,-0.4736745059490204,0.9816811680793762,0.42859917879104614,0.5708566904067993,0.20785287022590637,0.9999408721923828,0.4236932694911957,0.58680260181427,-0.207649365067482,0.9999787211418152,0.6637322902679443,0.5341053009033203,0.12303663045167923,0.690290629863739,0.675808310508728,0.5531051158905029,-0.3730846643447876,0.9945638179779053,0.6911792755126953,0.6407074928283691,0.3091180622577667,0.7816435694694519,0.7034479975700378,0.6662272214889526,-0.20830999314785004,0.9953468441963196,0.6639835834503174,0.6511416435241699,0.32976293563842773,0.8338184952735901,0.6898366808891296,0.6838266253471375,-0.18611760437488556,0.9884735345840454,0.7741280794143677,0.6446145176887512,0.3159281015396118,0.8708807826042175,0.8199927806854248,0.678859531879425,-0.22523874044418335,0.9938112497329712
36,bridge,0,0.12181644886732101,0.6157304048538208,0.18384821712970734,0.9999582767486572,0.10451088845729828,0.6195768713951111,0.21086817979812622,0.9999305009841919,0.1051536276936531,0.6202501654624939,0.21078340709209442,0.9999164342880249,0.10576549917459488,0.6211406588554382,0.21075750887393951,0.9999216198921204,0.10233459621667862,0.6210702657699585,0.14665865898132324,0.9999728798866272,0.10133283585309982,0.6228319406509399,0.1465913951396942,0.9999786019325256,0.10032221674919128,0.625003457069397,0.14651276171207428,0.9999793767929077,0.11205294728279114,0.6357881426811218,0.3362326920032501,0.9999000430107117,0.10611633211374283,0.6396582722663879,0.042016010731458664,0.9999876022338867,0.14524050056934357,0.6192628145217896,0.23565630614757538,0.9998494982719421,0.1416330486536026,0.6206062436103821,0.15064169466495514,0.9999507069587708,0.24023747444152832,0.6422603130340576,0.4728165864944458,0.9997231364250183,0.191226527094841,0.6618292331695557,-0.1345631331205368,0.9999991655349731,0.3970154821872711,0.643905758857727,0.5425975322723389,0.37368300557136536,0.34433713555336,0.6742339730262756,-0.29539352655410767,0.9954821467399597,0.5132849812507629,0.639926016330719,0.5105578303337097,0.43977090716362,0.502984881401062,0.6857070922851562,-0.4760036766529083,0.9959748983383179,0.555950403213501,0.6416110396385193,0.5265350937843323,0.391157329082489,0.5479332208633423,0.6908305883407593,-0.5282479524612427,0.9902061223983765,0.5572916269302368,0.6440260410308838,0.47761982679367065,0.3903624415397644,0.5507647395133972,0.6861936450004578,-0.5031375288963318,0.9893568754196167,0.5417872667312622,0.6443324685096741,0.4865628480911255,0.3685082495212555,0.5358461737632751,0.6828303337097168,-0.46600791811943054,0.9820057153701782,0.42899614572525024,0.5703433156013489,0.20742805302143097,0.9999409317970276,0.4242118000984192,0.5865679383277893,-0.2072293907403946,0.9999791383743286,0.6634230017662048,0.5342677235603333,0.12376391887664795,0.7004848122596741,0.6755661964416504,0.5531918406486511,-0.37128886580467224,0.9948112368583679,0.6912635564804077,0.6407018303871155,0.31022149324417114,0.7899116277694702,0.703477144241333,0.6665667295455933,-0.20830301940441132,0.9954195022583008,0.6639575958251953,0.6542690992355347,0.33067548274993896,0.8394020199775696,0.6895835995674133,0.6840787529945374,-0.18616583943367004,0.9886156320571899,0.7762443423271179,0.6456792950630188,0.317261666059494,0.8759933114051819,0.819920539855957,0.6794102787971497,-0.23116455972194672,0.9938908219337463
37,bridge,0,0.12170588970184326,0.6157757639884949,0.18079711496829987,0.9999555349349976,0.10427971184253693,0.6196759343147278,0.2077052742242813,0.9999278783798218,0.10494932532310486,0.6203411221504211,0.207619771361351,0.999914824962616,0.10559330880641937,0.6212124228477478,0.20759299397468567,0.9999175071716309,0.10216756910085678,0.6211675405502319,0.14370781183242798,0.999971330165863,0.10121306777000427,0.6229247450828552,0.14364255964756012,0.9999778270721436,0.10025221109390259,0.62508624792099,0.14355938136577606,0.9999780654907227,0.11196647584438324,0.6358858942985535,0.3339659571647644,0.9998976588249207,0.10608898103237152,0.6397402882575989,0.04059133306145668,0.9999874830245972,0.1451491117477417,0.6192956566810608,0.23303475975990295,0.9998467564582825,0.14164364337921143,0.6206673383712769,0.14830660820007324,0.9999474287033081,0.24018549919128418,0.6422044634819031,0.46932727098464966,0.9997116327285767,0.1912258267402649,0.66184002161026,-0.1363949328660965,0.9999991655349731,0.3968793749809265,0.6434319019317627,0.5382369160652161,0.4000115394592285,0.3443763256072998,0.6743109226226807,-0.2959206998348236,0.9954212307929993,0.513791561126709,0.6397486329078674,0.5034473538398743,0.46255168318748474,0.5029818415641785,0.686327338218689,-0.46839672327041626,0.996063768863678,0.5562822222709656,0.6416002511978149,0.519956111907959,0.4101709723472595,0.5478526949882507,0.6910176277160645,-0.5188570022583008,0.9902976751327515,0.5578493475914001,0.6440170407295227,0.47146502137184143,0.40963995456695557,0.550767719745636,0.686525285243988,-0.49452176690101624,0.9894878268241882,0.5427868366241455,0.6444825530052185,0.4795711040496826,0.3860473334789276,0.535888135433197,0.6833117008209229,-0.4582861363887787,0.9821619987487793,0.42900386452674866,0.5699707865715027,0.20670601725578308,0.9999397993087769,0.42422059178352356,0.5865690112113953,-0.2065136879682541,0.9999791383743286,0.6630816459655762,0.5354427695274353,0.1271248608827591,0.705846905708313,0.6755316257476807,0.5539445281028748,-0.36017435789108276,0.9949966073036194,0.6911925673484802,0.6406229138374329,0.31522101163864136,0.7934590578079224,0.7035151720046997,0.6677273511886597,-0.20046408474445343,0.9953514337539673,0.6693397760391235,0.6492998003959656,0.3354659974575043,0.8417762517929077,0.6892313361167908,0.6847105622291565,-0.17887836694717407,0.9885547161102295,0.7762337923049927,0.6471996903419495,0.3205395042896271,0.8781009316444397,0.8197420239448547,0.6803054809570312,-0.2232799381017685,0.9937563538551331
38,bridge,0,0.12122432887554169,0.6157956719398499,0.16664473712444305,0.9999521374702454,0.1036221832036972,0.6197968125343323,0.1941729485988617,0.9999237060546875,0.1043410450220108,0.6204671859741211,0.1940757781267166,0.9999118447303772,0.10503411293029785,0.6213276982307434,0.1940498799085617,0.9999113082885742,0.10161537677049637,0.6212890148162842,0.13075906038284302,0.9999693036079407,0.10074454545974731,0.6230461597442627,0.13070300221443176,0.9999768137931824,0.09987695515155792,0.6251941919326782,0.13063247501850128,0.999976396560669,0.11179842799901962,0.6359843015670776,0.32137545943260193,0.9998934268951416,0.10597838461399078,0.6398300528526306,0.030305253341794014,0.9999871850013733,0.14466552436351776,0.6193128228187561,0.21896708011627197,0.9998419284820557,0.1413700431585312,0.6206995844841003,0.13500091433525085,0.999943733215332,0.23978829383850098,0.6421859860420227,0.45250946283340454,0.999695897102356,0.19135160744190216,0.6618779301643372,-0.14035972952842712,0.9999991059303284,0.395943820476532,0.6429057121276855,0.5228171944618225,0.4312145709991455,0.34451302886009216,0.6745020747184753,-0.297510027885437,0.9954308271408081,0.5136647820472717,0.6394444108009338,0.4893265664577484,0.48716112971305847,0.502661406993866,0.6869662404060364,-0.46791625022888184,0.9961792230606079,0.5562613010406494,0.6415032148361206,0.5057440996170044,0.430698961019516,0.5475432276725769,0.6912262439727783,-0.5183621048927307,0.9904830455780029,0.5578543543815613,0.6439968943595886,0.45813480019569397,0.43031442165374756,0.5506595373153687,0.6868906617164612,-0.49448227882385254,0.9897211194038391,0.5427964925765991,0.6445712447166443,0.4659418761730194,0.40454086661338806,0.535768449306488,0.6838584542274475,-0.45765599608421326,0.9825184941291809,0.4293297529220581,0.5694205164909363,0.20476461946964264,0.9999381303787231,0.4249158799648285,0.5865159630775452,-0.2045809030532837,0.9999790191650391,0.662316620349884,0.5363854765892029,0.1332123577594757,0.7153504490852356,0.6755227446556091,0.5545303821563721,-0.34103479981422424,0.9952118396759033,0.6910024285316467,0.6403878331184387,0.3275926113128662,0.7994526624679565,0.7035456299781799,0.6680751442909241,-0.18302763998508453,0.995387077331543,0.6717036962509155,0.6479545831680298,0.3476460576057434,0.845493495464325,0.6885969042778015,0.6849631071090698,-0.1621364951133728,0.9886676669120789,0.7754871845245361,0.6475486159324646,0.33169469237327576,0.8814111948013306,0.8190214037895203,0.6806635856628418,-0.20673182606697083,0.993766188621521
39,bridge,0,0.12105443328619003,0.6158244609832764,0.1720845103263855,0.9999491572380066,0.10336843132972717,0.6199450492858887,0.20040176808834076,0.9999203681945801,0.10409708321094513,0.6206141710281372,0.20030228793621063,0.9999095797538757,0.10480235517024994,0.6214600205421448,0.20026853680610657,0.9999064803123474,0.10140439122915268,0.6214450001716614,0.13664229214191437,0.9999675750732422,0.10056451708078384,0.623203694820404,0.13658185303211212,0.9999759197235107,0.09974119812250137,0.6253405213356018,0.13650736212730408,0.9999749660491943,0.11174698919057846,0.6360737085342407,0.32756924629211426,0.9998908042907715,0.10596266388893127,0.6399325132369995,0.03503311052918434,0.999987006187439,0.14433051645755768,0.6193288564682007,0.22418402135372162,0.9998382925987244,0.14119282364845276,0.6207349300384521,0.13976791501045227,0.9999402761459351,0.23938864469528198,0.6418748497962952,0.45553380250930786,0.9996851086616516,0.1914650946855545,0.6618775725364685,-0.13858023285865784,0.9999991059303284,0.3956431448459625,0.6419782042503357,0.5231867432594299,0.45732757449150085,0.344571053981781,0.6745203137397766,-0.29689010977745056,0.9954575300216675,0.5136473774909973,0.6388620138168335,0.4920335114002228,0.5094778537750244,0.5024337768554688,0.687213659286499,-0.46741169691085815,0.9963041543960571,0.5563762784004211,0.6412906646728516,0.509977400302887,0.44954466819763184,0.5472908616065979,0.6913747191429138,-0.5180425643920898,0.9906933307647705,0.5580690503120422,0.6439194083213806,0.4632146656513214,0.44928717613220215,0.5506748557090759,0.6872480511665344,-0.49426525831222534,0.9899767637252808,0.5430538654327393,0.644565224647522,0.46935147047042847,0.42195644974708557,0.5357723236083984,0.6843170523643494,-0.4570056200027466,0.9829069375991821,0.42950934171676636,0.5690253973007202,0.204501673579216,0.9999380111694336,0.42503511905670166,0.5865240693092346,-0.20432007312774658,0.9999792575836182,0.6621528267860413,0.5377866625785828,0.13413158059120178,0.7235888242721558,0.675307035446167,0.554776132106781,-0.3446768820285797,0.9954006671905518,0.6909327507019043,0.6402894258499146,0.3318965435028076,0.8045028448104858,0.703570544719696,0.668553352355957,-0.18688878417015076,0.9954028725624084,0.6757479310035706,0.648099958896637,0.35212305188179016,0.8487722277641296,0.6880313158035278,0.6852774620056152,-0.16604430973529816,0.9887628555297852,0.7752547860145569,0.6475885510444641,0.3342290222644806,0.8842606544494629,0.8188245892524719,0.6807861924171448,-0.2093024104833603,0.9937635064125061
40,bridge,0,0.12101966142654419,0.6158344149589539,0.17750614881515503,0.9999456405639648,0.10327544063329697,0.6200135946273804,0.20597650110721588,0.9999163150787354,0.10399902611970901,0.6206800937652588,0.20587916672229767,0.9999064803123474,0.10469833016395569,0.6215163469314575,0.20584668219089508,0.9999009966850281,0.10134251415729523,0.6215255260467529,0.14179494976997375,0.9999656081199646,0.10051516443490982,0.6232897043228149,0.14172916114330292,0.9999749064445496,0.09971266984939575,0.6254237294197083,0.14164720475673676,0.9999734163284302,0.1117156371474266,0.6361207962036133,0.3329388201236725,0.999887228012085,0.10596578568220139,0.6400259137153625,0.03861206769943237,0.9999866485595703,0.14414583146572113,0.619339108467102,0.2295166701078415,0.9998330473899841,0.1411277949810028,0.6207679510116577,0.1445179283618927,0.9999362230300903,0.2390049397945404,0.6418362259864807,0.46174389123916626,0.9996742010116577,0.19158731400966644,0.6618722081184387,-0.13805314898490906,0.9999991059303284,0.39531296491622925,0.6416919231414795,0.5334126353263855,0.48219969868659973,0.34462469816207886,0.6745394468307495,-0.297737717628479,0.9954562783241272,0.5135998725891113,0.6387114524841309,0.5063454508781433,0.530272901058197,0.5019420385360718,0.6873363256454468,-0.47387996315956116,0.9964055418968201,0.5563849210739136,0.6412717700004578,0.5252500772476196,0.46721482276916504,0.5469860434532166,0.691413164138794,-0.5251725912094116,0.9908593893051147,0.5581306219100952,0.6439034342765808,0.47861114144325256,0.46708813309669495,0.5506663918495178,0.6874004006385803,-0.5009528398513794,0.9901809096336365,0.5431623458862305,0.6445831060409546,0.48387038707733154,0.43822038173675537,0.5357415676116943,0.6845703125,-0.4631103277206421,0.9831998348236084,0.42964839935302734,0.5688449740409851,0.20469021797180176,0.9999383091926575,0.42525431513786316,0.5865421891212463,-0.2045135349035263,0.9999796748161316,0.6613866686820984,0.5380904078483582,0.13696548342704773,0.7322434782981873,0.6751353740692139,0.5548031330108643,-0.3469589054584503,0.9956029653549194,0.6907256841659546,0.6402280330657959,0.3374727666378021,0.8103840947151184,0.7035918831825256,0.6688169836997986,-0.18807058036327362,0.9954754114151001,0.6756888031959534,0.6478748917579651,0.35782390832901,0.8527781963348389,0.687506377696991,0.6854776740074158,-0.1674303412437439,0.988953709602356,0.7748554348945618,0.6475786566734314,0.33962732553482056,0.8876731991767883,0.8187246918678284,0.6808528304100037,-0.2098018378019333,0.9938406944274902
41,bridge,0,0.12098332494497299,0.6158348917961121,0.18268896639347076,0.9999420046806335,0.10317996144294739,0.6200348734855652,0.21109150350093842,0.999912440776825,0.10390816628932953,0.620698094367981,0.210997074842453,0.9999035000801086,0.10461146384477615,0.6215276122093201,0.21096113324165344,0.9998956322669983,0.10127171128988266,0.6215659379959106,0.14667417109012604,0.9999637007713318,0.1004558876156807,0.6233440041542053,0.14660601317882538,0.9999738931655884,0.099673792719841,0.6254883408546448,0.14652273058891296,0.999971866607666,0.11170791834592819,0.6361209154129028,0.3379576504230499,0.9998834729194641,0.10596990585327148,0.6401209831237793,0.04264504089951515,0.9999862909317017,0.14398619532585144,0.619339644908905,0.23471012711524963,0.9998276829719543,0.14108015596866608,0.6207882165908813,0.14940284192562103,0.9999321699142456,0.23898445069789886,0.6416944265365601,0.4684639871120453,0.9996625185012817,0.19173981249332428,0.6618714928627014,-0.1367601454257965,0.9999991059303284,0.3952726721763611,0.6411342024803162,0.5470741391181946,0.5042136311531067,0.34469982981681824,0.6745679974555969,-0.29760247468948364,0.9954448342323303,0.5135563015937805,0.6384653449058533,0.5253251194953918,0.547742486000061,0.5012150406837463,0.6873583197593689,-0.47283029556274414,0.9964926838874817,0.5563903450965881,0.6411937475204468,0.545205295085907,0.48190200328826904,0.5463710427284241,0.6914125680923462,-0.5242530703544617,0.9909914135932922,0.5581861734390259,0.6438781023025513,0.49787601828575134,0.4819197654724121,0.5504220724105835,0.6874169111251831,-0.5002188682556152,0.9903450608253479,0.5432862043380737,0.644575834274292,0.5025743246078491,0.45198187232017517,0.5354446768760681,0.6846410632133484,-0.4620177149772644,0.9834303855895996,0.429762601852417,0.5684396028518677,0.20510219037532806,0.9999396204948425,0.4251041114330292,0.5865986943244934,-0.20493263006210327,0.9999803304672241,0.6605880856513977,0.5381101965904236,0.13659366965293884,0.7407323718070984,0.6750833988189697,0.5548361539840698,-0.3494199514389038,0.9957993030548096,0.6900044679641724,0.6402397155761719,0.3424217998981476,0.8157410621643066,0.7033427953720093,0.6690719723701477,-0.18897558748722076,0.9955291152000427,0.675510823726654,0.6477636098861694,0.36389410495758057,0.8565024137496948,0.6858149170875549,0.6857768893241882,-0.16732895374298096,0.9890950918197632,0.7725935578346252,0.6479744911193848,0.34997913241386414,0.8907713890075684,0.8176025748252869,0.6810210943222046,-0.20638824999332428,0.9938942193984985
42,bridge,0,0.12036881595849991,0.6158385276794434,0.1902436912059784,0.9999396204948425,0.10262955725193024,0.6200750470161438,0.21893493831157684,0.9999107122421265,0.10340847074985504,0.6207425594329834,0.21884624660015106,0.9999024868011475,0.1041632741689682,0.6215730309486389,0.21881011128425598,0.9998927712440491,0.10083286464214325,0.621613621711731,0.15432725846767426,0.999962568283081,0.10011651366949081,0.623403012752533,0.15425610542297363,0.9999733567237854,0.09942825883626938,0.6255542039871216,0.154175266623497,0.9999710321426392,0.11163125187158585,0.6361951231956482,0.34734219312667847,0.9998823404312134,0.10594819486141205,0.640184760093689,0.05096420645713806,0.9999862313270569,0.14336921274662018,0.6193383932113647,0.24274103343486786,0.9998251795768738,0.14069212973117828,0.6207906007766724,0.1571546196937561,0.999929666519165,0.23897957801818848,0.6414211392402649,0.4800815284252167,0.9996562600135803,0.19185610115528107,0.661842405796051,-0.13216210901737213,0.9999991059303284,0.39522141218185425,0.6406822204589844,0.5661542415618896,0.5250884890556335,0.34484967589378357,0.6745895743370056,-0.29614338278770447,0.9954385161399841,0.5135095715522766,0.6384017467498779,0.549737274646759,0.5636008381843567,0.5006027817726135,0.6873927712440491,-0.4721921384334564,0.9965788125991821,0.5564925670623779,0.6411789655685425,0.5702102184295654,0.4953043758869171,0.5460306406021118,0.6914227604866028,-0.5236908197402954,0.9911242723464966,0.558341920375824,0.6438658833503723,0.5230032801628113,0.49546340107917786,0.5503513813018799,0.6875131130218506,-0.4996327757835388,0.9905055165290833,0.5434260368347168,0.6446111798286438,0.5270280241966248,0.46466612815856934,0.5351518392562866,0.6847736835479736,-0.46131783723831177,0.9836592078208923,0.42968201637268066,0.5683128237724304,0.20586250722408295,0.9999412894248962,0.42488932609558105,0.5867252945899963,-0.2056908905506134,0.9999810457229614,0.6600947976112366,0.5381325483322144,0.13271567225456238,0.7480731010437012,0.6750606298446655,0.5548823475837708,-0.3564876914024353,0.9959558844566345,0.6890078186988831,0.6402390003204346,0.3420301377773285,0.8212815523147583,0.7030177116394043,0.6693668365478516,-0.18920612335205078,0.995579183101654,0.6711054444313049,0.6463762521743774,0.36323463916778564,0.8605794906616211,0.6847092509269714,0.6862066388130188,-0.16810911893844604,0.9891992807388306,0.7712678909301758,0.6479656100273132,0.3475191295146942,0.8939933180809021,0.8174328207969666,0.6811723709106445,-0.20779283344745636,0.9939437508583069
43,bridge,0,0.11985177546739578,0.6158407330513,0.18856407701969147,0.9999362230300903,0.1021689772605896,0.6200917959213257,0.2171189934015274,0.9999074339866638,0.10296618193387985,0.6207600235939026,0.21702997386455536,0.9998997449874878,0.10374435037374496,0.6215904355049133,0.2169969230890274,0.9998881220817566,0.10047733038663864,0.6216414570808411,0.15252210199832916,0.9999607801437378,0.09982948750257492,0.6234428882598877,0.15245239436626434,0.9999723434448242,0.09920548647642136,0.6256021857261658,0.15237005054950714,0.9999696612358093,0.11145934462547302,0.6362105011940002,0.3457641899585724,0.9998787641525269,0.10587678104639053,0.6402254700660706,0.04942438751459122,0.9999858736991882,0.14279378950595856,0.61933833360672,0.2411651760339737,0.9998194575309753,0.1403731256723404,0.6207972168922424,0.15561698377132416,0.9999259114265442,0.23856651782989502,0.6413063406944275,0.47944390773773193,0.9996477365493774,0.19200743734836578,0.6618414521217346,-0.13298171758651733,0.9999991059303284,0.39520490169525146,0.640579879283905,0.5645361542701721,0.5430517196655273,0.3453516662120819,0.6745993494987488,-0.2967105209827423,0.9954153895378113,0.5129998326301575,0.6384685635566711,0.5447765588760376,0.5761644244194031,0.5005002021789551,0.6875624060630798,-0.4716785252094269,0.996648907661438,0.556420624256134,0.641198992729187,0.5641338229179382,0.5054876804351807,0.5460391044616699,0.6914886236190796,-0.5231550335884094,0.9912399649620056,0.5583223104476929,0.6439065933227539,0.5170277953147888,0.5058005452156067,0.5503605008125305,0.6879511475563049,-0.49917641282081604,0.9906473755836487,0.5433247089385986,0.6448566913604736,0.5219229459762573,0.4740797281265259,0.5351019501686096,0.6851431131362915,-0.46077868342399597,0.9838600158691406,0.4297430217266083,0.5684701800346375,0.2060462236404419,0.9999420046806335,0.42503276467323303,0.5868306159973145,-0.2058752030134201,0.9999814033508301,0.6592973470687866,0.5382401943206787,0.12971535325050354,0.7537084817886353,0.6749765872955322,0.5548751950263977,-0.3564535677433014,0.9960630536079407,0.6882860064506531,0.6402090787887573,0.3358795940876007,0.8259950280189514,0.7029252648353577,0.6694284677505493,-0.18930503726005554,0.9956265687942505,0.6684500575065613,0.6450668573379517,0.3567277193069458,0.8639972805976868,0.6845618486404419,0.6863049268722534,-0.1679026484489441,0.9892873764038086,0.7711787223815918,0.6479570269584656,0.34034624695777893,0.8967171311378479,0.8174129128456116,0.6811717748641968,-0.20900903642177582,0.9939985275268555
44,bridge,0,0.11965854465961456,0.6158314347267151,0.18745458126068115,0.9999334812164307,0.10193362087011337,0.6200887560844421,0.21567709743976593,0.9999048113822937,0.1027262732386589,0.620755136013031,0.21558643877506256,0.9998975992202759,0.10350115597248077,0.6215827465057373,0.21555204689502716,0.9998844265937805,0.10031832754611969,0.6216431260108948,0.15195050835609436,0.9999593496322632,0.09970627725124359,0.6234468817710876,0.15188466012477875,0.9999715089797974,0.09911669045686722,0.6256092190742493,0.15180343389511108,0.9999685287475586,0.11122418195009232,0.636149525642395,0.3439176380634308,0.9998759031295776,0.10578150302171707,0.640224814414978,0.04549285024404526,0.9999855756759644,0.14227430522441864,0.6193071007728577,0.23995952308177948,0.9998143911361694,0.1401747763156891,0.6207862496376038,0.15517109632492065,0.9999226331710815,0.23713280260562897,0.641285240650177,0.47810178995132446,0.9996393322944641,0.19201882183551788,0.6618375182151794,-0.14130708575248718,0.9999991059303284,0.39485734701156616,0.6405465602874756,0.5628374218940735,0.5565531849861145,0.3453753888607025,0.6746221780776978,-0.3201102912425995,0.9953987002372742,0.5122184753417969,0.6384656429290771,0.5414724946022034,0.5869936943054199,0.5000402927398682,0.6877701878547668,-0.506371796131134,0.996731162071228,0.5559476017951965,0.6411841511726379,0.561094343662262,0.5146212577819824,0.5457660555839539,0.6915712356567383,-0.5612819790840149,0.9914147853851318,0.5581520199775696,0.6438992023468018,0.5134634375572205,0.5151298642158508,0.5502641797065735,0.6883638501167297,-0.5379987955093384,0.9908504486083984,0.5430112481117249,0.6449159979820251,0.5183810591697693,0.4825606644153595,0.5347535014152527,0.6855395436286926,-0.49617692828178406,0.9841637015342712,0.4298389256000519,0.5685218572616577,0.2068668007850647,0.9999426007270813,0.42658716440200806,0.5875183939933777,-0.20670172572135925,0.9999815821647644,0.6589775085449219,0.5385217070579529,0.12941572070121765,0.7593748569488525,0.6749570965766907,0.554896354675293,-0.356499582529068,0.9961551427841187,0.6872044801712036,0.6400172114372253,0.3313194513320923,0.8303678631782532,0.702601432800293,0.6694275140762329,-0.18507267534732819,0.9956610202789307,0.6657583713531494,0.6447328329086304,0.3514423072338104,0.8671240210533142,0.6842029094696045,0.6864027976989746,-0.1629893034696579,0.989365816116333,0.7711036205291748,0.6479508280754089,0.3345542252063751,0.8992599844932556,0.817171037197113,0.6811671257019043,-0.20615899562835693,0.9940462708473206
45,bridge,0,0.11896421015262604,0.6157784461975098,0.18095709383487701,0.9999294281005859,0.1011970192193985,0.620049238204956,0.20958828926086426,0.9999004006385803,0.10199670493602753,0.6207159161567688,0.20950107276439667,0.9998936653137207,0.10279698669910431,0.6215458512306213,0.2094735950231552,0.9998785257339478,0.09970806539058685,0.6216238141059875,0.14401473104953766,0.9999573230743408,0.0991794690489769,0.6234379410743713,0.14394360780715942,0.9999703168869019,0.09868437796831131,0.6256036162376404,0.14385108649730682,0.9999669790267944,0.11067628115415573,0.636123538017273,0.3393714427947998,0.9998704195022583,0.10547950863838196,0.6402202844619751,0.035488586872816086,0.9999850392341614,0.14157360792160034,0.619255542755127,0.23393554985523224,0.9998049736022949,0.13973577320575714,0.6207472681999207,0.14689120650291443,0.9999178647994995,0.2352074235677719,0.6413055658340454,0.4766775667667389,0.9996219873428345,0.19208788871765137,0.6618428826332092,-0.15039466321468353,0.9999990463256836,0.39380085468292236,0.6405780911445618,0.5622080564498901,0.565041720867157,0.3454326093196869,0.6747292876243591,-0.3254256844520569,0.9953882694244385,0.5107887387275696,0.6384841799736023,0.544809877872467,0.5929226875305176,0.4999120831489563,0.6881113052368164,-0.5038256645202637,0.9967974424362183,0.5539320111274719,0.6411536931991577,0.5663561224937439,0.5193201303482056,0.5457693934440613,0.6919163465499878,-0.5574659705162048,0.9915476441383362,0.5570148825645447,0.6439432501792908,0.5186202526092529,0.5200401544570923,0.5502709746360779,0.6887549757957458,-0.5351255536079407,0.9910072684288025,0.541542649269104,0.6451184153556824,0.5219036936759949,0.48677998781204224,0.5346938371658325,0.686029851436615,-0.49380218982696533,0.9843938946723938,0.43034419417381287,0.5690980553627014,0.2072940468788147,0.9999425411224365,0.4293680787086487,0.588936984539032,-0.20713835954666138,0.9999815821647644,0.6590117812156677,0.5389208197593689,0.129427969455719,0.7635664939880371,0.6754288077354431,0.554916501045227,-0.35301607847213745,0.9962228536605835,0.6864502429962158,0.6393943428993225,0.33202293515205383,0.8325423002243042,0.7025995850563049,0.6694726347923279,-0.1663411259651184,0.9956253170967102,0.6607950925827026,0.6448093056678772,0.3524887263774872,0.8687419891357422,0.6842011213302612,0.6865045428276062,-0.1426444798707962,0.9893209338188171,0.7701456546783447,0.6478205919265747,0.34150946140289307,0.9005305171012878,0.81706702709198,0.6811524629592896,-0.17977577447891235,0.9939975142478943
46,bridge,0,0.11847423017024994,0.6155986189842224,0.14020492136478424,0.9999269843101501,0.10058371722698212,0.6198538541793823,0.16874690353870392,0.999897301197052,0.10136932879686356,0.6205018758773804,0.16865691542625427,0.9998912811279297,0.1021793931722641,0.6213217973709106,0.1686471849679947,0.9998742341995239,0.09923256188631058,0.6215096712112427,0.10268040746450424,0.9999561905860901,0.0987684428691864,0.6233647465705872,0.10261359065771103,0.9999697804450989,0.09833905100822449,0.6255565881729126,0.10251477360725403,0.9999662637710571,0.11022306233644485,0.6359490752220154,0.30135172605514526,0.9998664259910583,0.10522162169218063,0.6402071118354797,-0.0018046932527795434,0.9999848008155823,0.1410185992717743,0.6190932989120483,0.19434452056884766,0.9997974634170532,0.13943305611610413,0.6206409931182861,0.10682152211666107,0.9999149441719055,0.23136678338050842,0.64124995470047,0.44899681210517883,0.9995900988578796,0.19249506294727325,0.6619511246681213,-0.18207362294197083,0.9999989867210388,0.39028558135032654,0.6405895352363586,0.5582194328308105,0.5697618126869202,0.3461451828479767,0.6752105355262756,-0.3497636914253235,0.9954754114151001,0.5087554454803467,0.6387423276901245,0.5521559119224548,0.5946237444877625,0.5002738237380981,0.6888107657432556,-0.5224969387054443,0.9968920350074768,0.5510709881782532,0.6411293148994446,0.5801398158073425,0.5204691886901855,0.5468299984931946,0.692477822303772,-0.5743196606636047,0.9917640686035156,0.5553601980209351,0.6440536975860596,0.5330839157104492,0.521366536617279,0.5513495206832886,0.689233660697937,-0.5551103353500366,0.9912533164024353,0.5389049053192139,0.6453385949134827,0.5304090976715088,0.48700031638145447,0.5352635979652405,0.6866287589073181,-0.5137411952018738,0.9847856163978577,0.43578851222991943,0.5699744820594788,0.20755760371685028,0.9999423027038574,0.43880438804626465,0.59158855676651,-0.20741958916187286,0.9999815821647644,0.6588810086250305,0.5390077233314514,0.1344897449016571,0.7697426080703735,0.6773178577423096,0.5549996495246887,-0.34604412317276,0.9963340759277344,0.6852957606315613,0.6391521096229553,0.3429287374019623,0.8351950645446777,0.7025150656700134,0.6694248914718628,-0.1455453783273697,0.9956091046333313,0.6554306745529175,0.6450392603874207,0.36451923847198486,0.87007075548172,0.6835751533508301,0.6865472197532654,-0.12104208022356033,0.9892876148223877,0.7666153311729431,0.6483111381530762,0.36851826310157776,0.9021596908569336,0.8147480487823486,0.6811718940734863,-0.15027493238449097,0.9940189719200134
47,bridge,0,0.11789225786924362,0.6154707670211792,0.141897514462471,0.9999271035194397,0.09978275746107101,0.6197068691253662,0.1710762232542038,0.9998975396156311,0.10053998231887817,0.6203740239143372,0.1709924340248108,0.999891996383667,0.10133611410856247,0.6212209463119507,0.17098486423492432,0.9998744130134583,0.09842900931835175,0.6213884353637695,0.1038261204957962,0.9999563097953796,0.09796562790870667,0.6232646703720093,0.10375911742448807,0.9999699592590332,0.09755317121744156,0.6254717707633972,0.10366176068782806,0.9999664425849915,0.1093769371509552,0.635891854763031,0.30441442131996155,0.9998669028282166,0.1045491099357605,0.640049159526825,-0.003536302363499999,0.9999849200248718,0.140663743019104,0.6190480589866638,0.1961711049079895,0.9997954964637756,0.1390228122472763,0.6205841302871704,0.10714710503816605,0.9999139904975891,0.2291950136423111,0.64130038022995,0.45238474011421204,0.9995728731155396,0.19257262349128723,0.6620755791664124,-0.19293443858623505,0.999998927116394,0.3890109956264496,0.6412291526794434,0.5580085515975952,0.5678741335868835,0.34641873836517334,0.6755187511444092,-0.374936044216156,0.995561957359314,0.5081003904342651,0.6388360261917114,0.547910213470459,0.5940269827842712,0.5007199048995972,0.6889212131500244,-0.5593802332878113,0.9969834685325623,0.5503160357475281,0.6407737731933594,0.5742855668067932,0.5198904275894165,0.5471465587615967,0.6925358772277832,-0.6168984174728394,0.9919773936271667,0.5548171401023865,0.6440432667732239,0.5267248153686523,0.5208055973052979,0.5517811179161072,0.6892369985580444,-0.5959733724594116,0.9914854168891907,0.5378372073173523,0.6453359723091125,0.5256635546684265,0.485922247171402,0.5357075333595276,0.6866602301597595,-0.550483763217926,0.9851236343383789,0.4406459927558899,0.5736237168312073,0.21093297004699707,0.9999425411224365,0.4450201094150543,0.5951023697853088,-0.21083645522594452,0.9999816417694092,0.6588990688323975,0.5388466715812683,0.13529963791370392,0.7711536288261414,0.6786530017852783,0.5544401407241821,-0.35718876123428345,0.9964184761047363,0.6850248575210571,0.6389241814613342,0.3474322557449341,0.83529132604599,0.7025119066238403,0.6691890358924866,-0.15214461088180542,0.9955225586891174,0.6539512872695923,0.6452049612998962,0.36955446004867554,0.870029628276825,0.6835941672325134,0.6865506768226624,-0.12705297768115997,0.9891665577888489,0.7601890563964844,0.6472315788269043,0.37641647458076477,0.9023872017860413,0.8143681287765503,0.6812095046043396,-0.15391555428504944,0.9939373731613159
48,bridge,0,0.11797449737787247,0.6153329014778137,0.1348617970943451,0.9999279975891113,0.0997874066233635,0.619376003742218,0.16437430679798126,0.9998987317085266,0.10053174197673798,0.620005190372467,0.16429494321346283,0.9998936653137207,0.10130485147237778,0.6208120584487915,0.16429618000984192,0.9998761415481567,0.09841614216566086,0.6211766004562378,0.09675701707601547,0.9999566078186035,0.09792705625295639,0.6230869293212891,0.096711166203022,0.999970018863678,0.09747142344713211,0.6253186464309692,0.09665919840335846,0.9999665021896362,0.10885118693113327,0.6351207494735718,0.29620561003685,0.999866783618927,0.10412260890007019,0.6397066712379456,-0.012526178732514381,0.9999849200248718,0.140723317861557,0.6189990043640137,0.18851064145565033,0.999790370464325,0.13903486728668213,0.6205503344535828,0.09923991560935974,0.9999123215675354,0.2230183333158493,0.641552209854126,0.4447796940803528,0.9995561838150024,0.1926371157169342,0.6626937389373779,-0.19966082274913788,0.9999988079071045,0.38747885823249817,0.6439369320869446,0.5133853554725647,0.5427589416503906,0.3473985195159912,0.6765969395637512,-0.35884249210357666,0.9956862330436707,0.5087529420852661,0.6403113007545471,0.45966312289237976,0.5778626799583435,0.502184271812439,0.6892721652984619,-0.4844408333301544,0.9970581531524658,0.5504111051559448,0.6408396363258362,0.47854506969451904,0.5069846510887146,0.5491053462028503,0.6928409337997437,-0.5400887727737427,0.9921960830688477,0.5545180439949036,0.6441208124160767,0.42993953824043274,0.5080773830413818,0.552989661693573,0.6894146800041199,-0.5221992135047913,0.9917296767234802,0.5377392768859863,0.6457704305648804,0.4353296160697937,0.47371426224708557,0.5369403958320618,0.6868839263916016,-0.47584086656570435,0.9855034947395325,0.44508805871009827,0.5831776261329651,0.21121738851070404,0.9999402761459351,0.4500410556793213,0.603799045085907,-0.21112698316574097,0.9999805688858032,0.660273551940918,0.5388349294662476,0.13938850164413452,0.7679896354675293,0.6809037327766418,0.5544659495353699,-0.3475956916809082,0.9964945316314697,0.6847665309906006,0.6390697360038757,0.34053775668144226,0.835873007774353,0.7025464177131653,0.6691776514053345,-0.13132904469966888,0.9955257773399353,0.6498674750328064,0.6533252596855164,0.36006101965904236,0.8700000643730164,0.6836121082305908,0.6865645051002502,-0.10641539096832275,0.9890719652175903,0.7590211629867554,0.6472319960594177,0.3715817928314209,0.9030899405479431,0.8145627379417419,0.6811754107475281,-0.13030388951301575,0.99395352602005
82,bridge,0,0.1173301488161087,0.6150550842285156,0.32889339327812195,0.9999675750732422,0.09949943423271179,0.6191463470458984,0.35935312509536743,0.9999375343322754,0.09974126517772675,0.6198826432228088,0.35928425192832947,0.9999130964279175,0.09992637485265732,0.6208714842796326,0.35918211936950684,0.9999376535415649,0.09708710014820099,0.6206477880477905,0.29239943623542786,0.9999774098396301,0.09561620652675629,0.6224631667137146,0.2922637164592743,0.9999789595603943,0.09422948211431503,0.6245923042297363,0.2920546531677246,0.9999827742576599,0.10410843044519424,0.6365067958831787,0.4788241684436798,0.9998975992202759,0.09961078315973282,0.640423595905304,0.1702670007944107,0.999982476234436,0.1389811486005783,0.617920994758606,0.37639936804771423,0.9998478293418884,0.13556461036205292,0.61934894323349,0.28737637400627136,0.9999631643295288,0.23200006783008575,0.6399629712104797,0.5667324662208557,0.9997857213020325,0.17493338882923126,0.6634101867675781,-0.04398168623447418,0.9999988079071045,0.4012393355369568,0.636093020439148,0.615587055683136,0.37921956181526184,0.31304752826690674,0.672723650932312,-0.36562368273735046,0.9898236989974976,0.5199395418167114,0.6370803713798523,0.5751206874847412,0.44422683119773865,0.44375336170196533,0.6799088716506958,-0.6870113015174866,0.9925853610038757,0.5597313046455383,0.6395717263221741,0.5913819670677185,0.3999937176704407,0.46654754877090454,0.692348301410675,-0.7512699365615845,0.9842351675033569,0.5614935755729675,0.6420848369598389,0.5529336333274841,0.394491583108902,0.48099005222320557,0.6882551312446594,-0.719962477684021,0.9826109409332275,0.5468754172325134,0.6421343088150024,0.5544063448905945,0.36840957403182983,0.4755008816719055,0.6824008822441101,-0.6769703030586243,0.9704400897026062,0.4217274487018585,0.5709343552589417,0.20787207782268524,0.9999585151672363,0.4147341251373291,0.5909011363983154,-0.20788630843162537,0.9999768137931824,0.6582293510437012,0.5327072739601135,0.09326139837503433,0.6992788910865784,0.6660782694816589,0.5530884265899658,-0.4080600440502167,0.9930729866027832,0.6892188191413879,0.6425395607948303,0.3161109685897827,0.7808073163032532,0.6992854475975037,0.6640496253967285,-0.24439573287963867,0.9938737750053406,0.6696804761886597,0.652656078338623,0.33654242753982544,0.8317925333976746,0.681993842124939,0.6822503209114075,-0.22049759328365326,0.9880269765853882,0.7811617851257324,0.6579790115356445,0.31345829367637634,0.8650197386741638,0.8094198107719421,0.6810495853424072,-0.24821537733078003,0.9920743107795715
83,bridge,0,0.11671605706214905,0.6152192950248718,0.2843025028705597,0.9999664425849915,0.0991065576672554,0.6192917227745056,0.31222695112228394,0.9999389052391052,0.09940745681524277,0.6200236678123474,0.31215405464172363,0.9999160170555115,0.09967059642076492,0.6210159063339233,0.3120702803134918,0.9999376535415649,0.09666863083839417,0.6207160353660583,0.24697865545749664,0.9999776482582092,0.09521374851465225,0.6225028038024902,0.2468605637550354,0.999979555606842,0.09385059773921967,0.6246137619018555,0.24665561318397522,0.9999827146530151,0.10370860993862152,0.6365830898284912,0.43385207653045654,0.9999032616615295,0.09903237968683243,0.6403759717941284,0.13087588548660278,0.9999834895133972,0.13835041224956512,0.6181579828262329,0.33246928453445435,0.9998565316200256,0.1347450166940689,0.6195493936538696,0.245492085814476,0.9999634027481079,0.23211568593978882,0.6404237151145935,0.5391480326652527,0.9997920989990234,0.1735106110572815,0.6629952192306519,-0.07579085230827332,0.9999988675117493,0.3998299241065979,0.6361578702926636,0.5894913077354431,0.4180199205875397,0.31046751141548157,0.6725335121154785,-0.3855989873409271,0.9889209270477295,0.5196706652641296,0.6371093988418579,0.5651187300682068,0.4712175726890564,0.43932417035102844,0.6799508929252625,-0.7234792113304138,0.9923837184906006,0.5596016049385071,0.6398991942405701,0.5857727527618408,0.4210337698459625,0.460631400346756,0.6924072504043579,-0.7868215441703796,0.983686089515686,0.5609816908836365,0.6421833634376526,0.5466487407684326,0.4156562089920044,0.47624343633651733,0.6887476444244385,-0.7540594935417175,0.9821001887321472,0.546574592590332,0.6421523094177246,0.5455541610717773,0.38734984397888184,0.46924838423728943,0.6828269958496094,-0.713287353515625,0.9696314930915833,0.42197656631469727,0.5712969303131104,0.20514661073684692,0.9999615550041199,0.4147389233112335,0.5905478596687317,-0.20520612597465515,0.9999787211418152,0.6582549214363098,0.5331270694732666,0.09349672496318817,0.701504111289978,0.665285587310791,0.5533317923545837,-0.4033278226852417,0.9932896494865417,0.6865127086639404,0.6408844590187073,0.312496542930603,0.7798836827278137,0.6993317008018494,0.664043128490448,-0.23642602562904358,0.9935638904571533,0.668646514415741,0.6512466073036194,0.33435097336769104,0.8303893208503723,0.6829369068145752,0.6827898025512695,-0.21334195137023926,0.988009512424469,0.7759901881217957,0.6552595496177673,0.31393834948539734,0.8618942499160767,0.8098759651184082,0.6808686852455139,-0.24253176152706146,0.9916507601737976
84,bridge,0,0.1162947416305542,0.6154264807701111,0.2795220911502838,0.999965250492096,0.0988253578543663,0.6195071935653687,0.30688777565956116,0.9999400973320007,0.09917735308408737,0.6202256083488464,0.3068092167377472,0.9999187588691711,0.0995064303278923,0.6212090253829956,0.3067202866077423,0.9999377131462097,0.0963808223605156,0.620857298374176,0.24236179888248444,0.9999777674674988,0.09495500475168228,0.6226057410240173,0.2422458380460739,0.9999800324440002,0.09361739456653595,0.6246955990791321,0.24204766750335693,0.9999825358390808,0.10353048145771027,0.6366886496543884,0.42212074995040894,0.9999085068702698,0.09865070134401321,0.6403862237930298,0.1240767240524292,0.9999843835830688,0.13786742091178894,0.6183910369873047,0.3258110284805298,0.9998644590377808,0.13428238034248352,0.6197514533996582,0.23992298543453217,0.999963641166687,0.23303768038749695,0.6409530639648438,0.5330265164375305,0.9998000264167786,0.17271628975868225,0.6628238558769226,-0.08165920525789261,0.999998927116394,0.40046191215515137,0.6362242102622986,0.5768277645111084,0.4543899893760681,0.3099839687347412,0.6725658178329468,-0.38110941648483276,0.9882945418357849,0.5209102630615234,0.6371350288391113,0.5578789710998535,0.4976049065589905,0.4396200478076935,0.6804388761520386,-0.6994091868400574,0.9923112392425537,0.560997724533081,0.639924943447113,0.5755879282951355,0.4424547553062439,0.46491116285324097,0.6928013563156128,-0.7626505494117737,0.9834269285202026,0.5622801780700684,0.6421592235565186,0.5351423621177673,0.43701836466789246,0.478366881608963,0.6899069547653198,-0.7318354249000549,0.981886625289917,0.5476016402244568,0.6421903967857361,0.5368626117706299,0.4069152772426605,0.47151821851730347,0.6836027503013611,-0.689312219619751,0.9692728519439697,0.4221765398979187,0.5712296962738037,0.20490603148937225,0.9999645948410034,0.4150865077972412,0.5902190208435059,-0.20497460663318634,0.9999805092811584,0.6579865217208862,0.5336567759513855,0.0940530076622963,0.7049999833106995,0.6650551557540894,0.5535043478012085,-0.3987034559249878,0.993581235408783,0.684002161026001,0.6403875946998596,0.3187790811061859,0.7822859287261963,0.699300229549408,0.664442777633667,-0.23286618292331696,0.9934579730033875,0.6687365770339966,0.6515483260154724,0.34397241473197937,0.8315621018409729,0.6829546093940735,0.6831146478652954,-0.21234486997127533,0.9881737232208252,0.7761871814727783,0.6558833718299866,0.3269328773021698,0.8615273237228394,0.8111910223960876,0.6810243725776672,-0.23936915397644043,0.9914761781692505
85,bridge,0,0.11627388745546341,0.615612804889679,0.2830701172351837,0.9999638795852661,0.0988549217581749,0.6197166442871094,0.31045904755592346,0.9999409914016724,0.09920301288366318,0.6204013824462891,0.310372531414032,0.9999210834503174,0.09951882809400558,0.6213585734367371,0.31027504801750183,0.9999377131462097,0.09643668681383133,0.6210384368896484,0.24591310322284698,0.9999777674674988,0.09502498805522919,0.6227415800094604,0.24580295383930206,0.9999803900718689,0.09369044005870819,0.6247923970222473,0.24561068415641785,0.9999822378158569,0.10355235636234283,0.6369590163230896,0.4219553768634796,0.9999129176139832,0.09873142838478088,0.6404291987419128,0.12508942186832428,0.9999850988388062,0.1378672868013382,0.6185251474380493,0.32815471291542053,0.999870777130127,0.13432739675045013,0.6199052333831787,0.24235662817955017,0.9999632239341736,0.23441019654273987,0.6415196061134338,0.5269166827201843,0.9998035430908203,0.17240384221076965,0.6626502275466919,-0.08233194053173065,0.999998927116394,0.4010533392429352,0.6363579034805298,0.5663636326789856,0.4876251518726349,0.3092844784259796,0.6725822687149048,-0.3800417482852936,0.9875071048736572,0.5218415856361389,0.6373749375343323,0.5436404347419739,0.5206968784332275,0.439530611038208,0.6811055541038513,-0.695227324962616,0.9920188784599304,0.5611516237258911,0.6400209069252014,0.5643966197967529,0.4611246585845947,0.4637610614299774,0.6936134099960327,-0.7578904032707214,0.982752799987793,0.5623984336853027,0.6421961784362793,0.5277514457702637,0.45560887455940247,0.4767243564128876,0.6907814741134644,-0.7256279587745667,0.981229841709137,0.5476737022399902,0.6422102451324463,0.524738609790802,0.4237669110298157,0.4685618281364441,0.6846115589141846,-0.6845517158508301,0.9682028889656067,0.4224540889263153,0.5718647837638855,0.20487792789936066,0.999967098236084,0.41569504141807556,0.5903013348579407,-0.20494911074638367,0.9999820590019226,0.6568201184272766,0.5339691042900085,0.09691563993692398,0.709932267665863,0.664951741695404,0.5536071062088013,-0.39625921845436096,0.9938908219337463,0.6837278008460999,0.6396230459213257,0.32435259222984314,0.7847069501876831,0.6993266940116882,0.6644675731658936,-0.23074956238269806,0.9933342337608337,0.66912841796875,0.6516875624656677,0.3501652479171753,0.8326260447502136,0.68317711353302,0.6833632588386536,-0.20834800601005554,0.988309919834137,0.7769491076469421,0.656124472618103,0.3362750709056854,0.8611075282096863,0.8138639330863953,0.6810430288314819,-0.23462970554828644,0.991279125213623
86,bridge,0,0.1166776716709137,0.6158061623573303,0.27920594811439514,0.999962329864502,0.09930352121591568,0.6199078559875488,0.3068064749240875,0.999941349029541,0.09972523152828217,0.6205648183822632,0.30672046542167664,0.9999226331710815,0.10017415136098862,0.6215025186538696,0.30662664771080017,0.9999372363090515,0.09687626361846924,0.6212536096572876,0.24170127511024475,0.9999775290489197,0.09556501358747482,0.6229291558265686,0.24159251153469086,0.9999805092811584,0.0943320095539093,0.6249424815177917,0.24139663577079773,0.9999817609786987,0.10434340685606003,0.6370489597320557,0.4187079966068268,0.9999162554740906,0.09910812973976135,0.6404889225959778,0.12005255371332169,0.9999856352806091,0.13818997144699097,0.6186298131942749,0.32453855872154236,0.9998758435249329,0.13472314178943634,0.6200629472732544,0.23803499341011047,0.9999623894691467,0.2356816977262497,0.6415247917175293,0.5251668095588684,0.9998071789741516,0.17260631918907166,0.6625857353210449,-0.08711116015911102,0.999998927116394,0.4020709991455078,0.636637806892395,0.563660740852356,0.5168800354003906,0.30966150760650635,0.6725997924804688,-0.3861102759838104,0.9869571924209595,0.5227676033973694,0.6375479102134705,0.538347601890564,0.5434443950653076,0.44058072566986084,0.6817051768302917,-0.7070105075836182,0.9918239116668701,0.5613712668418884,0.6401018500328064,0.5611348152160645,0.48034077882766724,0.4639507532119751,0.6942315101623535,-0.7695960402488708,0.9822592735290527,0.5625625848770142,0.642198920249939,0.5253140926361084,0.4748798906803131,0.47765401005744934,0.69145268201828,-0.7348030209541321,0.9807572960853577,0.5479211807250977,0.6422163844108582,0.5197951793670654,0.44144412875175476,0.4692528247833252,0.6855340003967285,-0.6954928040504456,0.9674121141433716,0.42272910475730896,0.5718307495117188,0.20489813387393951,0.9999693632125854,0.4164835810661316,0.590012788772583,-0.20497624576091766,0.9999834299087524,0.6556913256645203,0.5342152118682861,0.09688178449869156,0.7136490345001221,0.6649380326271057,0.5537000894546509,-0.39816710352897644,0.9941514730453491,0.6832846403121948,0.6383073925971985,0.326023668050766,0.7854822874069214,0.6993505954742432,0.664467990398407,-0.23105813562870026,0.9931718707084656,0.6690736413002014,0.6511086225509644,0.35233598947525024,0.8328244090080261,0.6837688684463501,0.6834769248962402,-0.20742078125476837,0.988395631313324,0.7769868969917297,0.6562036275863647,0.33984988927841187,0.8600056767463684,0.8154052495956421,0.6811085343360901,-0.23240777850151062,0.9910581707954407
87,bridge,0,0.11714322865009308,0.6158617734909058,0.2929607033729553,0.9999586939811707,0.09961453080177307,0.6199401021003723,0.3219131827354431,0.9999398589134216,0.10006091743707657,0.620585560798645,0.32182759046554565,0.9999218583106995,0.10056107491254807,0.6215128898620605,0.3217262923717499,0.999934732913971,0.09714324027299881,0.6213118433952332,0.25544947385787964,0.9999765753746033,0.09586735814809799,0.6229903101921082,0.2553289532661438,0.9999800324440002,0.09469561278820038,0.6250041723251343,0.25511178374290466,0.999980628490448,0.104746513068676,0.6370775103569031,0.4344833195209503,0.9999178051948547,0.09930387884378433,0.6405113339424133,0.12964153289794922,0.9999858736991882,0.13848914206027985,0.6186947226524353,0.3383369743824005,0.9998775720596313,0.13518457114696503,0.6201738715171814,0.250042587518692,0.9999599456787109,0.23598772287368774,0.6417887806892395,0.5289981961250305,0.9998086094856262,0.17271944880485535,0.6625514030456543,-0.08249528706073761,0.999998927116394,0.4025450050830841,0.6370603442192078,0.5669721961021423,0.5387066006660461,0.3100462853908539,0.6726263761520386,-0.39076992869377136,0.9861200451850891,0.5231888294219971,0.637648344039917,0.5378321409225464,0.5617116093635559,0.44127994775772095,0.6822408437728882,-0.7251133322715759,0.991513729095459,0.5613300800323486,0.6402002573013306,0.56083744764328,0.49618300795555115,0.46360448002815247,0.6948649883270264,-0.7901933789253235,0.981597900390625,0.5625431537628174,0.6422001123428345,0.5237534642219543,0.4906909465789795,0.478017121553421,0.6919369101524353,-0.7532007694244385,0.9800997376441956,0.5479311943054199,0.6422162652015686,0.5194541811943054,0.4559307098388672,0.46988141536712646,0.686100423336029,-0.7131677865982056,0.9662846326828003,0.42236924171447754,0.5720636248588562,0.20547181367874146,0.9999714493751526,0.4159318208694458,0.589981198310852,-0.20558108389377594,0.9999846816062927,0.6555871367454529,0.5343208312988281,0.09219883382320404,0.7161814570426941,0.6646749377250671,0.5537629723548889,-0.40305399894714355,0.994368314743042,0.683633029460907,0.6381926536560059,0.32631915807724,0.7853103280067444,0.6993795037269592,0.6645087599754333,-0.2307707518339157,0.9929700493812561,0.6726810932159424,0.6516149044036865,0.3523479402065277,0.8324867486953735,0.6849193572998047,0.6836819052696228,-0.20619595050811768,0.9884268045425415,0.7781359553337097,0.6561822295188904,0.3397001028060913,0.858353853225708,0.816305935382843,0.681226372718811,-0.2309103012084961,0.990756094455719
88,bridge,0,0.11721529811620712,0.6158765554428101,0.2998254895210266,0.9999557733535767,0.09965567290782928,0.6199564337730408,0.3289399743080139,0.99993896484375,0.10012062638998032,0.6205946803092957,0.3288560211658478,0.9999216198921204,0.1006469652056694,0.6215142607688904,0.3287522792816162,0.9999328851699829,0.09716543555259705,0.6213392615318298,0.2621909976005554,0.999975860118866,0.09591230750083923,0.6230181455612183,0.2620721161365509,0.9999797344207764,0.09477739036083221,0.6250336170196533,0.26185476779937744,0.9999797940254211,0.10491065680980682,0.6370958089828491,0.440791517496109,0.9999195337295532,0.09936170279979706,0.6405248045921326,0.13443277776241302,0.9999861717224121,0.13855651021003723,0.6187196373939514,0.34487974643707275,0.9998799562454224,0.13530699908733368,0.6202179789543152,0.2561732232570648,0.999958336353302,0.2361871600151062,0.6416933536529541,0.531805694103241,0.9998107552528381,0.1728445291519165,0.6624752283096313,-0.07959690690040588,0.999998927116394,0.40258166193962097,0.6370621919631958,0.5704601407051086,0.5571222901344299,0.3103187382221222,0.6726490259170532,-0.3908231556415558,0.9853585362434387,0.5230780839920044,0.6371982097625732,0.5378636717796326,0.5756407976150513,0.44179731607437134,0.682279646396637,-0.7201372981071472,0.9912357926368713,0.5612781643867493,0.6399308443069458,0.560029923915863,0.5075481534004211,0.46521684527397156,0.6948196887969971,-0.7851564884185791,0.9810036420822144,0.5625237822532654,0.6418526768684387,0.5220171809196472,0.5020285844802856,0.4791022837162018,0.6918070912361145,-0.7492537498474121,0.9795141220092773,0.5478779673576355,0.6418834924697876,0.5192015767097473,0.46619269251823425,0.47064635157585144,0.6860517263412476,-0.7086337208747864,0.9653010368347168,0.42223772406578064,0.5720703601837158,0.20555095374584198,0.9999734163284302,0.41556042432785034,0.5899376273155212,-0.20566871762275696,0.9999858140945435,0.6555083394050598,0.534439206123352,0.08801274746656418,0.7190394401550293,0.6642310619354248,0.5538100600242615,-0.4041508436203003,0.9945588111877441,0.6840864419937134,0.6377346515655518,0.32633644342422485,0.7853414416313171,0.6994158625602722,0.6645238995552063,-0.22990581393241882,0.992778480052948,0.6764720678329468,0.6517709493637085,0.35229331254959106,0.8319868445396423,0.6856349110603333,0.6837146878242493,-0.2050733119249344,0.9884275197982788,0.7792868614196777,0.6558231711387634,0.33868053555488586,0.8567260503768921,0.8168065547943115,0.6811920404434204,-0.23004600405693054,0.9904642105102539
89,bridge,0,0.11726222932338715,0.6158974766731262,0.31753990054130554,0.9999518990516663,0.09967559576034546,0.6199733018875122,0.3474206030368805,0.9999376535415649,0.10013492405414581,0.6206067800521851,0.34733322262763977,0.999920666217804,0.10065556317567825,0.6215184926986694,0.3472163677215576,0.9999305605888367,0.09719441086053848,0.6213565468788147,0.281154602766037,0.9999749660491943,0.09594982862472534,0.6230316758155823,0.28102755546569824,0.9999792575836182,0.09481976181268692,0.6250474452972412,0.28082236647605896,0.9999788403511047,0.10492350906133652,0.6370821595191956,0.45997077226638794,0.9999209046363831,0.09941357374191284,0.6405231952667236,0.1562032401561737,0.9999864101409912,0.1385982632637024,0.618765652179718,0.36262503266334534,0.9998813271522522,0.1353754848241806,0.6202752590179443,0.2746717929840088,0.9999566078186035,0.23717203736305237,0.6416162252426147,0.5454869270324707,0.9998117089271545,0.17287886142730713,0.6623098850250244,-0.05915766581892967,0.999998927116394,0.40288612246513367,0.6371283531188965,0.5800883769989014,0.5716813802719116,0.3100989758968353,0.6726659536361694,-0.3716030418872833,0.9844356775283813,0.5229865908622742,0.6372125744819641,0.5433745384216309,0.585342288017273,0.44208091497421265,0.6822649240493774,-0.7164705395698547,0.9909843802452087,0.5611253976821899,0.6398742198944092,0.5626857280731201,0.5155364871025085,0.46479514241218567,0.6947734355926514,-0.7790449857711792,0.9805626273155212,0.5621825456619263,0.6418344378471375,0.5251066088676453,0.5098589062690735,0.478654682636261,0.6917165517807007,-0.7471863031387329,0.9791000485420227,0.5475203990936279,0.6418378949165344,0.5243732929229736,0.47330790758132935,0.47063013911247253,0.6859775185585022,-0.705353319644928,0.9646347165107727,0.42245978116989136,0.5720791220664978,0.2055961787700653,0.9999752640724182,0.41527029871940613,0.590181827545166,-0.20571120083332062,0.9999868869781494,0.6541202664375305,0.5291212201118469,0.07887788116931915,0.7224347591400146,0.6634434461593628,0.5538222789764404,-0.4071314036846161,0.9947155714035034,0.6842822432518005,0.6372894644737244,0.3266841769218445,0.785079300403595,0.6994233727455139,0.6645575761795044,-0.22899731993675232,0.992630660533905,0.6781967878341675,0.6519020199775696,0.35372596979141235,0.8314073085784912,0.685654878616333,0.6837146878242493,-0.2046203464269638,0.988429069519043,0.7798917293548584,0.6554725766181946,0.3409888744354248,0.855074942111969,0.8170579671859741,0.6811733841896057,-0.22871899604797363,0.990270733833313
90,bridge,0,0.11727342009544373,0.615924060344696,0.31315550208091736,0.9999480247497559,0.09960997104644775,0.6200152039527893,0.34277331829071045,0.999936044216156,0.1000896692276001,0.6206419467926025,0.34267985820770264,0.9999195337295532,0.10062842816114426,0.6215413212776184,0.3425629734992981,0.9999279975891113,0.0971212238073349,0.6214059591293335,0.27686452865600586,0.9999739527702332,0.0959107056260109,0.6230794787406921,0.27674177289009094,0.9999786615371704,0.0948140099644661,0.6250990629196167,0.2765437960624695,0.999977707862854,0.10494009405374527,0.6370880603790283,0.4554089307785034,0.9999217987060547,0.09944099932909012,0.6405439972877502,0.1535506695508957,0.9999865293502808,0.13862499594688416,0.61881023645401,0.3583914041519165,0.999882161617279,0.13542701303958893,0.6203352808952332,0.27097710967063904,0.9999547004699707,0.23744677007198334,0.6415930390357971,0.5428479313850403,0.9998116493225098,0.17291800677776337,0.6622350215911865,-0.059606872498989105,0.999998927116394,0.4029640555381775,0.6371753215789795,0.5797193646430969,0.5888787508010864,0.30997350811958313,0.6726741790771484,-0.3637799620628357,0.9837743043899536,0.5229537487030029,0.6372359395027161,0.5407348275184631,0.5984916090965271,0.4423588514328003,0.6822646260261536,-0.7017157077789307,0.9908300638198853,0.5609334707260132,0.6398699879646301,0.5579723119735718,0.5270295739173889,0.4652988016605377,0.6947343945503235,-0.765953004360199,0.980263888835907,0.5617169737815857,0.6418611407279968,0.5210748910903931,0.5212691426277161,0.47921690344810486,0.6916494369506836,-0.7313532829284668,0.9788303375244141,0.5473142862319946,0.6418368220329285,0.5217173099517822,0.4838985502719879,0.47099632024765015,0.6859298944473267,-0.6903811693191528,0.9641810059547424,0.42256876826286316,0.5719376802444458,0.20563150942325592,0.9999769330024719,0.41522133350372314,0.5903658866882324,-0.20574457943439484,0.9999878406524658,0.653901219367981,0.5272107124328613,0.0790555328130722,0.7260996103286743,0.6629366874694824,0.5539181232452393,-0.40541496872901917,0.9948914647102356,0.6847142577171326,0.6371639966964722,0.33219337463378906,0.7854960560798645,0.6994239687919617,0.6645455956459045,-0.22679175436496735,0.9925624132156372,0.6796255111694336,0.6519379019737244,0.36031949520111084,0.8313105702400208,0.6856362819671631,0.6835218667984009,-0.200956791639328,0.9884606003761292,0.7806493043899536,0.6552082896232605,0.3485558032989502,0.8543413877487183,0.81719970703125,0.6810124516487122,-0.22390523552894592,0.9901781678199768
91,bridge,0,0.11728609353303909,0.615934431552887,0.31015142798423767,0.9999448657035828,0.09960897266864777,0.6200236082077026,0.33966854214668274,0.9999348521232605,0.10009310394525528,0.6206464171409607,0.3395717144012451,0.9999188184738159,0.10063456743955612,0.6215407848358154,0.3394542932510376,0.9999259114265442,0.09711641073226929,0.6214239597320557,0.27417677640914917,0.9999731183052063,0.09591853618621826,0.6230998039245605,0.27405667304992676,0.999978244304657,0.0948345810174942,0.6251238584518433,0.2738637328147888,0.9999768137931824,0.10495347529649734,0.6370827555656433,0.45207706093788147,0.9999228119850159,0.09947113692760468,0.640558660030365,0.15215273201465607,0.9999866485595703,0.13864924013614655,0.6188315153121948,0.35526955127716064,0.9998834133148193,0.1354752480983734,0.6203736662864685,0.2684214413166046,0.9999532699584961,0.23773369193077087,0.6415506601333618,0.5396466255187988,0.999811589717865,0.17296423017978668,0.6622164249420166,-0.05889706686139107,0.999998927116394,0.40298306941986084,0.6372150182723999,0.5759713649749756,0.6050601005554199,0.31012552976608276,0.6726763844490051,-0.3564271330833435,0.9831733107566833,0.5229066610336304,0.6372491717338562,0.532136857509613,0.6099192500114441,0.4424006938934326,0.6822665333747864,-0.6832670569419861,0.9906632900238037,0.5607577562332153,0.6398550868034363,0.547507107257843,0.5366969704627991,0.46603453159332275,0.6946930289268494,-0.7470802068710327,0.9799138903617859,0.5613406300544739,0.6418685913085938,0.5103034377098083,0.53085857629776,0.4797336459159851,0.6915945410728455,-0.7121415138244629,0.978502631187439,0.5471180081367493,0.641834557056427,0.5127670764923096,0.49273988604545593,0.4720613658428192,0.6858700513839722,-0.6720004081726074,0.9636551141738892,0.4226696491241455,0.5718247890472412,0.20543131232261658,0.9999783635139465,0.41527533531188965,0.5904114842414856,-0.20553964376449585,0.9999886751174927,0.6538985371589661,0.5265700221061707,0.07780648022890091,0.7287943959236145,0.6627154350280762,0.5540363788604736,-0.40434959530830383,0.995040774345398,0.68501216173172,0.6371327638626099,0.33306145668029785,0.7849146723747253,0.6994171142578125,0.6645603179931641,-0.22660212218761444,0.9924430847167969,0.6804533004760742,0.6520710587501526,0.36122411489486694,0.8305498361587524,0.6857325434684753,0.6835358142852783,-0.20070742070674896,0.9884467720985413,0.781031608581543,0.6550875306129456,0.3496219217777252,0.8529576659202576,0.8172677755355835,0.6809300780296326,-0.22297869622707367,0.9900216460227966
92,bridge,0,0.11736145615577698,0.6159453988075256,0.3051404654979706,0.9999422430992126,0.09961547702550888,0.6200289130210876,0.3344321548938751,0.9999337792396545,0.10009944438934326,0.6206490397453308,0.33433666825294495,0.9999183416366577,0.10064612329006195,0.6215400695800781,0.334222674369812,0.9999242424964905,0.09712947905063629,0.6214349865913391,0.2690591812133789,0.999972403049469,0.09593351185321808,0.6231111288070679,0.26894229650497437,0.9999778866767883,0.09484747797250748,0.6251363754272461,0.2687526047229767,0.9999760389328003,0.10497545450925827,0.6370794773101807,0.44751855731010437,0.9999238848686218,0.09949137270450592,0.64056396484375,0.14826464653015137,0.9999867677688599,0.13872858881950378,0.6188539862632751,0.3506019413471222,0.999884307384491,0.1355975717306137,0.6204126477241516,0.2638632655143738,0.9999516606330872,0.23788940906524658,0.641485333442688,0.537684440612793,0.9998101592063904,0.17309720814228058,0.6621724963188171,-0.06126049906015396,0.999998927116394,0.40285763144493103,0.6373049020767212,0.5751249194145203,0.6205934882164001,0.31015560030937195,0.6726425290107727,-0.3513971269130707,0.9826793074607849,0.5225269794464111,0.6372659206390381,0.5325333476066589,0.6198694109916687,0.44308358430862427,0.6822660565376282,-0.6652585864067078,0.9904779195785522,0.5600013732910156,0.6398912072181702,0.5480623841285706,0.5447860360145569,0.467880517244339,0.6945661306381226,-0.7274179458618164,0.9794835448265076,0.5606116056442261,0.641910195350647,0.5114198327064514,0.5388966798782349,0.47985121607780457,0.6915515065193176,-0.6928358674049377,0.9780897498130798,0.5467009544372559,0.6421658396720886,0.5134440660476685,0.5000649690628052,0.47354280948638916,0.6858169436454773,-0.653876781463623,0.962985634803772,0.4228210747241974,0.5719034075737,0.2052755057811737,0.999979555606842,0.41546833515167236,0.5905147194862366,-0.20537585020065308,0.99998939037323,0.6540466547012329,0.5261369347572327,0.0776338055729866,0.7305333018302917,0.6626998782157898,0.5540843605995178,-0.4037421643733978,0.9951610565185547,0.6852351427078247,0.6370573043823242,0.3302755057811737,0.7842890024185181,0.6994245648384094,0.6645625829696655,-0.22638413310050964,0.992304801940918,0.6810788512229919,0.6521567702293396,0.3581080138683319,0.8300443291664124,0.6859466433525085,0.6835389733314514,-0.20054233074188232,0.9884215593338013,0.7812781929969788,0.6549876928329468,0.34708020091056824,0.851703941822052,0.8173995614051819,0.680822491645813,-0.22285503149032593,0.989850640296936
93,bridge,0,0.11737542599439621,0.6159418225288391,0.28940069675445557,0.9999383687973022,0.09961613267660141,0.6200153231620789,0.31871268153190613,0.9999309182167053,0.10010353475809097,0.6206302642822266,0.3186054527759552,0.9999160766601562,0.10065178573131561,0.6215074062347412,0.3184932768344879,0.9999203681945801,0.09712360054254532,0.6214326024055481,0.2540287673473358,0.9999707937240601,0.0959344208240509,0.6231109499931335,0.2539176046848297,0.9999769926071167,0.09486005455255508,0.625137448310852,0.2537451386451721,0.9999745488166809,0.10499100387096405,0.6370425224304199,0.43361589312553406,0.9999231100082397,0.09950640052556992,0.6405587792396545,0.13760004937648773,0.9999865889549255,0.13874898850917816,0.6188579201698303,0.33568185567855835,0.9998825788497925,0.13562336564064026,0.6204264760017395,0.24986198544502258,0.9999485611915588,0.23793385922908783,0.6414514780044556,0.5276126861572266,0.999805748462677,0.1732345074415207,0.6621497869491577,-0.06633330136537552,0.999998927116394,0.40283459424972534,0.6373258233070374,0.5698156952857971,0.6371971368789673,0.31044837832450867,0.6726491451263428,-0.35631704330444336,0.9824657440185547,0.5220860838890076,0.637610137462616,0.5316948890686035,0.632861316204071,0.4438961446285248,0.6822914481163025,-0.6688109636306763,0.9904665946960449,0.559347927570343,0.6402615904808044,0.5479868650436401,0.5563211441040039,0.46998998522758484,0.6944811344146729,-0.7315891981124878,0.9793694615364075,0.560038685798645,0.6422651410102844,0.5106638669967651,0.5505631566047668,0.4809845983982086,0.6915163993835449,-0.6974042057991028,0.9780102372169495,0.5464855432510376,0.6427643299102783,0.5126035213470459,0.5108736157417297,0.4754347503185272,0.6857938766479492,-0.6575523614883423,0.9628182053565979,0.42293500900268555,0.5719709992408752,0.20539745688438416,0.9999803304672241,0.415595680475235,0.5905885696411133,-0.20549112558364868,0.999989926815033,0.6551638841629028,0.5266191959381104,0.07919061183929443,0.7323337197303772,0.6627024412155151,0.5543850660324097,-0.4021015763282776,0.9952910542488098,0.6860717535018921,0.6368470788002014,0.328056275844574,0.7850106358528137,0.6993659734725952,0.6645858883857727,-0.22671250998973846,0.9922763705253601,0.6825340390205383,0.6521495580673218,0.3547896444797516,0.83066326379776,0.6860277056694031,0.6835106611251831,-0.20121608674526215,0.9884493947029114,0.7830427885055542,0.6534215807914734,0.34040504693984985,0.8520005941390991,0.8169000148773193,0.6807960867881775,-0.22549600899219513,0.989805281162262
94,bridge,0,0.1169808954000473,0.6159196496009827,0.24913449585437775,0.9999392628669739,0.09921294450759888,0.6199929118156433,0.2761506140232086,0.9999317526817322,0.09977592527866364,0.6206011772155762,0.27606475353240967,0.9999178647994995,0.10036882013082504,0.621453583240509,0.2759901285171509,0.9999206066131592,0.09680116176605225,0.6214279532432556,0.21235910058021545,0.9999709129333496,0.09570034593343735,0.6231102347373962,0.21226488053798676,0.9999773502349854,0.09470531344413757,0.6251386404037476,0.21209675073623657,0.9999746680259705,0.10499634593725204,0.6368273496627808,0.3890059292316437,0.9999246597290039,0.09951084107160568,0.6405235528945923,0.09550219774246216,0.9999869465827942,0.1385262906551361,0.6188539862632751,0.2950456738471985,0.9998856782913208,0.1355581134557724,0.620427131652832,0.21000152826309204,0.9999487400054932,0.23768439888954163,0.641197144985199,0.4943195879459381,0.9998014569282532,0.17437702417373657,0.6620982885360718,-0.10670703649520874,0.999998927116394,0.40028026700019836,0.6373199820518494,0.5525708794593811,0.6551122665405273,0.3127315938472748,0.6726548075675964,-0.3915581703186035,0.9830509424209595,0.5220119953155518,0.6375478506088257,0.5226730704307556,0.6516967415809631,0.4493730962276459,0.682577908039093,-0.7006703615188599,0.9908479452133179,0.5595128536224365,0.6399711966514587,0.5426573157310486,0.5745177865028381,0.48118850588798523,0.69456946849823,-0.765122652053833,0.9800227284431458,0.5601130127906799,0.6419976949691772,0.5003119707107544,0.5691779851913452,0.49489882588386536,0.6912014484405518,-0.7326892018318176,0.9787154197692871,0.5466667413711548,0.6426857709884644,0.5022346377372742,0.5288985371589661,0.482511430978775,0.6857591271400452,-0.6898612976074219,0.9639378786087036,0.42301496863365173,0.5720539689064026,0.205548495054245,0.9999805688858032,0.41571617126464844,0.5906426906585693,-0.20563465356826782,0.9999902844429016,0.6555781960487366,0.533810019493103,0.09907874464988708,0.7358115911483765,0.6639442443847656,0.554410994052887,-0.38519543409347534,0.995503306388855,0.6862621307373047,0.6368675827980042,0.32828956842422485,0.7878270745277405,0.6990525126457214,0.664761483669281,-0.21837593615055084,0.9923655390739441,0.6825237274169922,0.6526912450790405,0.35467278957366943,0.832756519317627,0.685978353023529,0.6835927963256836,-0.194149449467659,0.9885600209236145,0.7830327749252319,0.653401255607605,0.34022989869117737,0.854339063167572,0.8165024518966675,0.6808072924613953,-0.21951785683631897,0.9898396134376526
95,bridge,0,0.11610332876443863,0.6158636212348938,0.2367677390575409,0.9999405145645142,0.09828156977891922,0.6199442148208618,0.26352617144584656,0.9999328255653381,0.09899541735649109,0.620551586151123,0.263447642326355,0.9999198913574219,0.09970027953386307,0.6213861703872681,0.26337748765945435,0.999921441078186,0.0960460752248764,0.6214088201522827,0.19848409295082092,0.9999712705612183,0.09512969106435776,0.6231052279472351,0.19839395582675934,0.9999778866767883,0.0942743644118309,0.625139594078064,0.19821344316005707,0.9999750256538391,0.10488261282444,0.6366595029830933,0.3763912320137024,0.9999265670776367,0.09936713427305222,0.6405037045478821,0.07738762348890305,0.9999873638153076,0.13799716532230377,0.6188309788703918,0.28296416997909546,0.9998889565467834,0.13528312742710114,0.6204198598861694,0.19626861810684204,0.9999492168426514,0.23678135871887207,0.6411374807357788,0.48950889706611633,0.9997987151145935,0.17500385642051697,0.662081241607666,-0.12983976304531097,0.999998927116394,0.39746198058128357,0.6371869444847107,0.5553394556045532,0.6712295413017273,0.3142853379249573,0.672713577747345,-0.4189150035381317,0.9836302995681763,0.5213663578033447,0.6373607516288757,0.5409566164016724,0.6701616048812866,0.44994038343429565,0.683393120765686,-0.727972149848938,0.9912368655204773,0.5595066547393799,0.6396141648292542,0.5679076313972473,0.5928642749786377,0.48364752531051636,0.6948975920677185,-0.7936620116233826,0.9807220697402954,0.5601068735122681,0.6416840553283691,0.5234227180480957,0.5878761410713196,0.49639004468917847,0.6912315487861633,-0.7624804973602295,0.9794676303863525,0.5466570258140564,0.6425127387046814,0.520597517490387,0.5469783544540405,0.48423662781715393,0.6858125329017639,-0.7176316976547241,0.9650912880897522,0.42452922463417053,0.5724054574966431,0.2074236273765564,0.9999812245368958,0.4179967939853668,0.5914604067802429,-0.20753060281276703,0.9999907612800598,0.6570608615875244,0.5361067056655884,0.11124247312545776,0.7403367161750793,0.6660943627357483,0.5543701648712158,-0.3786674737930298,0.9957169890403748,0.6862719655036926,0.6368968486785889,0.34615516662597656,0.7909544110298157,0.6988344192504883,0.6648365259170532,-0.20171110332012177,0.9924899339675903,0.6810389757156372,0.6542136073112488,0.37180107831954956,0.8348941206932068,0.685770571231842,0.683615505695343,-0.17652757465839386,0.9887154698371887,0.7825592756271362,0.653479814529419,0.3623414635658264,0.8567267060279846,0.8161959052085876,0.6808939576148987,-0.19885271787643433,0.9899507164955139
96,bridge,0,0.11485835909843445,0.6157475113868713,0.19088703393936157,0.9999377727508545,0.09682150185108185,0.6198166012763977,0.21887129545211792,0.999928891658783,0.09764664620161057,0.6204185485839844,0.21878346800804138,0.9999171495437622,0.09844885766506195,0.6212297677993774,0.218720480799675,0.9999167323112488,0.0948842242360115,0.6213399767875671,0.15304414927959442,0.9999693036079407,0.094188392162323,0.6230632662773132,0.15297164022922516,0.9999769330024719,0.09352073818445206,0.6251224279403687,0.15282267332077026,0.999973475933075,0.10441556572914124,0.6363965272903442,0.34205326437950134,0.99992436170578,0.0989801287651062,0.6404276490211487,0.04019251838326454,0.999987006187439,0.13702866435050964,0.6187315583229065,0.24144607782363892,0.9998838901519775,0.13457168638706207,0.6203476786613464,0.15375541150569916,0.9999446868896484,0.23433779180049896,0.640911877155304,0.4766004979610443,0.9997833371162415,0.17703890800476074,0.6620689630508423,-0.16093847155570984,0.9999988675117493,0.3945976495742798,0.6371108293533325,0.557863175868988,0.6838042140007019,0.3183707296848297,0.6728625297546387,-0.4295669198036194,0.9842817187309265,0.5207465887069702,0.6373528242111206,0.5639815926551819,0.6878236532211304,0.45299115777015686,0.6842605471611023,-0.724564254283905,0.9916954040527344,0.559434711933136,0.6394912600517273,0.594451367855072,0.6111059188842773,0.48839840292930603,0.6954284906387329,-0.7915630340576172,0.981631338596344,0.5601017475128174,0.64165860414505,0.5491913557052612,0.6065266728401184,0.5020803213119507,0.6913238167762756,-0.7622614502906799,0.9804506897926331,0.5466352701187134,0.642479419708252,0.544184148311615,0.5650790333747864,0.48791342973709106,0.686200737953186,-0.7146866917610168,0.9666239619255066,0.4283764362335205,0.5738946199417114,0.2096107453107834,0.9999804496765137,0.4236505329608917,0.5938405990600586,-0.20971079170703888,0.9999906420707703,0.6576196551322937,0.5370981097221375,0.12506896257400513,0.7420521378517151,0.6683629751205444,0.5543299913406372,-0.3661881387233734,0.9958556890487671,0.6861113905906677,0.6371498107910156,0.36572781205177307,0.7920359969139099,0.698974609375,0.6657217741012573,-0.167940154671669,0.9925731420516968,0.6788370609283447,0.6562063694000244,0.3914530575275421,0.8358215093612671,0.6859116554260254,0.6837350130081177,-0.14061906933784485,0.9887235760688782,0.7819342613220215,0.6535291075706482,0.38591042160987854,0.858169674873352,0.816061794757843,0.6809998154640198,-0.16126586496829987,0.9900361895561218
97,bridge,0,0.1114625483751297,0.6155887246131897,0.16043886542320251,0.9999358057975769,0.09371663630008698,0.6196824908256531,0.19175995886325836,0.9999263882637024,0.09456571936607361,0.6203023791313171,0.19165712594985962,0.999916136264801,0.09544672816991806,0.6211282014846802,0.19161446392536163,0.9999143481254578,0.09222521632909775,0.6212475299835205,0.12611204385757446,0.9999677538871765,0.09179872274398804,0.6230080127716064,0.1260649412870407,0.9999760985374451,0.09138728678226471,0.6251058578491211,0.12598145008087158,0.9999722838401794,0.1026284247636795,0.636181652545929,0.33116811513900757,0.9999227523803711,0.09762284904718399,0.6401955485343933,0.030456705018877983,0.9999867677688599,0.13487417995929718,0.6186238527297974,0.2169256955385208,0.9998708367347717,0.13223797082901,0.6202563643455505,0.1295628845691681,0.9999373555183411,0.22794044017791748,0.6404377818107605,0.4792586863040924,0.9997639656066895,0.17853984236717224,0.6624014973640442,-0.1608717292547226,0.9999987483024597,0.39467158913612366,0.6382873058319092,0.5616891384124756,0.6781354546546936,0.32258883118629456,0.6738103032112122,-0.4007725417613983,0.9849991798400879,0.5212242007255554,0.6379404664039612,0.570235550403595,0.6928213238716125,0.4558895528316498,0.6848050951957703,-0.6262406706809998,0.9920836091041565,0.5590846538543701,0.6394959092140198,0.5991088151931763,0.6167263984680176,0.5062612891197205,0.6987895369529724,-0.6903581619262695,0.9824362397193909,0.5597310662269592,0.641708493232727,0.5549784302711487,0.6124963760375977,0.5082967877388,0.6915591955184937,-0.6667075753211975,0.981321394443512,0.546536922454834,0.6425525546073914,0.5506592392921448,0.5703983306884766,0.4924411475658417,0.686886727809906,-0.6177163124084473,0.9680275321006775,0.43398788571357727,0.5803878903388977,0.2108464241027832,0.9999781250953674,0.4317096769809723,0.6030751466751099,-0.21094901859760284,0.999989926815033,0.6580758094787598,0.5370673537254333,0.13983473181724548,0.7356722950935364,0.670287549495697,0.5543400049209595,-0.35773351788520813,0.9958546161651611,0.6843540668487549,0.6371214985847473,0.3589584529399872,0.7912646532058716,0.6993072032928467,0.6659104824066162,-0.13382083177566528,0.9925438761711121,0.669601559638977,0.6550548672676086,0.386741042137146,0.8349989056587219,0.686988890171051,0.6842021346092224,-0.10448741167783737,0.9882461428642273,0.7768261432647705,0.6525611877441406,0.38002681732177734,0.8589979410171509,0.8162379860877991,0.6809158325195312,-0.11402593553066254,0.9900441765785217
115,bridge,1,0.15071792900562286,0.6099082827568054,0.06973294913768768,0.9999486207962036,0.13198870420455933,0.6139107942581177,0.09026794135570526,0.9999020099639893,0.13167494535446167,0.6144301295280457,0.09009792655706406,0.9998654723167419,0.1313725709915161,0.6151024103164673,0.08994992077350616,0.9999071359634399,0.13118954002857208,0.6157369613647461,0.03180081397294998,0.999963104724884,0.13020583987236023,0.6175898909568787,0.031795158982276917,0.9999651908874512,0.12916043400764465,0.6199060082435608,0.031573086977005005,0.9999717473983765,0.13687780499458313,0.6279653906822205,0.20157042145729065,0.9998555183410645,0.13367663323879242,0.6329920291900635,-0.06856091320514679,0.9999721646308899,0.17164459824562073,0.613154411315918,0.11118060350418091,0.9997273683547974,0.17055034637451172,0.6154167652130127,0.036868900060653687,0.999934196472168,0.25846394896507263,0.6319765448570251,0.3770293891429901,0.9995967745780945,0.22595885396003723,0.6591757535934448,-0.2601906955242157,0.9999971389770508,0.40984001755714417,0.6426913738250732,0.4733240306377411,0.16890165209770203,0.39264366030693054,0.6789613962173462,-0.3827405273914337,0.9886036515235901,0.5388674736022949,0.6438676714897156,0.42823439836502075,0.21601778268814087,0.5478914380073547,0.6850172877311707,-0.4513278901576996,0.9887842535972595,0.5847679376602173,0.6459231376647949,0.4439527988433838,0.2047378569841385,0.5979223847389221,0.6927960515022278,-0.5044317841529846,0.9790105223655701,0.5905292630195618,0.6476033329963684,0.3914060890674591,0.20228001475334167,0.6036933660507202,0.6874464750289917,-0.4862154722213745,0.9770849943161011,0.5721654295921326,0.6476264595985413,0.4027113914489746,0.1933869570493698,0.5861111283302307,0.6834474802017212,-0.441559761762619,0.963409423828125,0.5237730145454407,0.6293779015541077,0.19842560589313507,0.9999217987060547,0.519948422908783,0.6518930792808533,-0.19834241271018982,0.9999547004699707,0.6747633814811707,0.5486156344413757,0.12678992748260498,0.5828778743743896,0.6860049366950989,0.5583353638648987,-0.26113268733024597,0.9876517653465271,0.7087790369987488,0.6417436599731445,0.37472495436668396,0.6616024971008301,0.7340202331542969,0.6634854078292847,-0.09874488413333893,0.9924704432487488,0.6879676580429077,0.6604159474372864,0.3985121250152588,0.7415207624435425,0.7165156006813049,0.6828540563583374,-0.079306460916996,0.9850157499313354,0.8064006567001343,0.6700287461280823,0.397386372089386,0.7869293093681335,0.848246157169342,0.6849544048309326,-0.11135805398225784,0.9914491176605225
123,bridge,1,0.15155966579914093,0.6101687550544739,0.08522533625364304,0.9999752044677734,0.13309334218502045,0.6140421628952026,0.1102055162191391,0.9999492764472961,0.13283661007881165,0.6145991683006287,0.1101558580994606,0.9999295473098755,0.13254380226135254,0.615325927734375,0.11015582829713821,0.9999513030052185,0.13224497437477112,0.615818977355957,0.05421864241361618,0.9999818205833435,0.13142885267734528,0.617673933506012,0.05416037142276764,0.9999828934669495,0.13042636215686798,0.6199632883071899,0.05400843918323517,0.9999862909317017,0.13780955970287323,0.628699004650116,0.23576262593269348,0.9999232292175293,0.13469795882701874,0.6339817047119141,-0.02196212112903595,0.9999867677688599,0.17163445055484772,0.6133958697319031,0.13731937110424042,0.9998677372932434,0.17048604786396027,0.6155202984809875,0.06308954209089279,0.9999688863754272,0.26034942269325256,0.6334165930747986,0.3759012222290039,0.9997780323028564,0.22546061873435974,0.6594536900520325,-0.1852431744337082,0.9999986290931702,0.41804230213165283,0.6451045274734497,0.4484085440635681,0.13944083452224731,0.390653133392334,0.6789333820343018,-0.3205099403858185,0.9937391877174377,0.5507878065109253,0.6465820074081421,0.3692137897014618,0.20363953709602356,0.5469242334365845,0.6876968145370483,-0.426361083984375,0.9928222894668579,0.5920829772949219,0.6472896337509155,0.3696742057800293,0.18924783170223236,0.5969011187553406,0.6931029558181763,-0.4760393798351288,0.9853329062461853,0.5953177213668823,0.6479845643043518,0.32550057768821716,0.18556469678878784,0.6026906371116638,0.6877264976501465,-0.45974844694137573,0.9838045835494995,0.5765368342399597,0.6475490927696228,0.34609848260879517,0.1806936413049698,0.5845929384231567,0.6840479373931885,-0.41685912013053894,0.9742246866226196,0.5013711452484131,0.5999724864959717,0.19504499435424805,0.9999491572380066,0.4964517652988434,0.6173533201217651,-0.19496898353099823,0.999975323677063,0.7091424465179443,0.5449044704437256,0.17269358038902283,0.61842942237854,0.7156602740287781,0.5601884722709656,-0.32652023434638977,0.992189347743988,0.7246405482292175,0.6449075937271118,0.3978593051433563,0.6981191039085388,0.7379187345504761,0.6671182513237,-0.18971647322177887,0.9946614503860474,0.7049905061721802,0.6535353660583496,0.41928449273109436,0.7709566354751587,0.7216541171073914,0.6831163167953491,-0.1721152663230896,0.9888184070587158,0.8136352300643921,0.65406334400177,0.41930708289146423,0.8140747547149658,0.8519299030303955,0.6852990984916687,-0.1871190071105957,0.9934091567993164
124,bridge,1,0.1519971489906311,0.61017906665802,0.1414712518453598,0.9999774098396301,0.13336588442325592,0.6140614151954651,0.1682138890028,0.99995356798172,0.13310322165489197,0.61461341381073,0.1681451052427292,0.9999354481697083,0.13275514543056488,0.6153398752212524,0.16812409460544586,0.9999552369117737,0.13250122964382172,0.6158121228218079,0.111411452293396,0.9999834299087524,0.13165581226348877,0.6176459193229675,0.1113533228635788,0.9999844431877136,0.130628764629364,0.6199147701263428,0.11120948940515518,0.9999875426292419,0.13820898532867432,0.6287069320678711,0.29578879475593567,0.999929666519165,0.13525374233722687,0.6340041756629944,0.035794731229543686,0.9999880194664001,0.17177647352218628,0.6133366227149963,0.19397516548633575,0.9998796582221985,0.1706334799528122,0.6154160499572754,0.11889476329088211,0.9999717473983765,0.2606362998485565,0.6337388157844543,0.4336473047733307,0.9997963905334473,0.22530639171600342,0.6595360636711121,-0.13285256922245026,0.9999987483024597,0.41834038496017456,0.6454907059669495,0.5005038380622864,0.13863563537597656,0.3901827335357666,0.6784942746162415,-0.28023093938827515,0.9941554069519043,0.551214337348938,0.6463490724563599,0.41242897510528564,0.20463524758815765,0.5465031862258911,0.6875704526901245,-0.4000454246997833,0.9932569861412048,0.591461718082428,0.64666748046875,0.4110342264175415,0.19023889303207397,0.5962478518486023,0.6923248171806335,-0.45032358169555664,0.9860555529594421,0.5946413278579712,0.6478300094604492,0.3721809983253479,0.1861957609653473,0.6021078824996948,0.6872145533561707,-0.43199631571769714,0.9845759272575378,0.5760083198547363,0.6475274562835693,0.39100953936576843,0.18140628933906555,0.584443986415863,0.6837990880012512,-0.38999003171920776,0.9753752946853638,0.49818795919418335,0.5974220037460327,0.19531506299972534,0.9999524354934692,0.4900471866130829,0.6149119138717651,-0.19524213671684265,0.9999773502349854,0.7112370729446411,0.5422878265380859,0.1711796522140503,0.6106175780296326,0.714807391166687,0.5594503879547119,-0.332948237657547,0.9922950267791748,0.7249652743339539,0.6445536017417908,0.3947025239467621,0.6967111825942993,0.7377575039863586,0.6667231917381287,-0.20116841793060303,0.9945262670516968,0.7061225771903992,0.6539011597633362,0.4155677556991577,0.7688009738922119,0.7213740348815918,0.6818817257881165,-0.18429802358150482,0.9885475039482117,0.8203260898590088,0.6523615717887878,0.4105028510093689,0.8138441443443298,0.8516387343406677,0.6843525171279907,-0.20610862970352173,0.9932125210762024
125,bridge,1,0.15203098952770233,0.6101762652397156,0.14821790158748627,0.9999793767929077,0.13338257372379303,0.6141006946563721,0.17467720806598663,0.999957263469696,0.13313999772071838,0.6146692037582397,0.1746060699224472,0.9999406933784485,0.13282623887062073,0.6153914928436279,0.17457886040210724,0.9999586343765259,0.132489874958992,0.615816593170166,0.11775307357311249,0.999984860420227,0.13166260719299316,0.6176411509513855,0.11770927160978317,0.9999858140945435,0.13066479563713074,0.6198859810829163,0.11759138107299805,0.9999886155128479,0.13849958777427673,0.6287679076194763,0.3022432029247284,0.9999352693557739,0.13577914237976074,0.6340020298957825,0.04228547587990761,0.9999891519546509,0.17180778086185455,0.613253116607666,0.20081336796283722,0.9998900890350342,0.17054876685142517,0.6152242422103882,0.12568677961826324,0.9999741911888123,0.2608722746372223,0.6340881586074829,0.44397836923599243,0.9998112916946411,0.22525131702423096,0.6596537232398987,-0.12952111661434174,0.9999988675117493,0.41837310791015625,0.6453722715377808,0.508456289768219,0.13934709131717682,0.38988810777664185,0.6783269643783569,-0.2709079086780548,0.9945657253265381,0.5506049394607544,0.6456760764122009,0.422150582075119,0.2104472815990448,0.5460759401321411,0.686957061290741,-0.38857319951057434,0.993694543838501,0.5899968147277832,0.6453009247779846,0.4225456416606903,0.1958378404378891,0.5958597660064697,0.6909589171409607,-0.4386429190635681,0.9868068695068359,0.5918110609054565,0.6467112302780151,0.38093551993370056,0.19158221781253815,0.6009476780891418,0.6862478256225586,-0.41966795921325684,0.9853916764259338,0.5734307765960693,0.6466527581214905,0.3999379277229309,0.18625536561012268,0.5843283534049988,0.6828097105026245,-0.37813013792037964,0.97660893201828,0.49528777599334717,0.5947424173355103,0.19550369679927826,0.9999545812606812,0.4878810942173004,0.6118776798248291,-0.19543714821338654,0.9999789595603943,0.7101827263832092,0.5420079827308655,0.16787607967853546,0.6078320741653442,0.7147061824798584,0.5591874718666077,-0.33179840445518494,0.992582380771637,0.7248638272285461,0.6401914358139038,0.38313794136047363,0.7012168765068054,0.7384371757507324,0.6661744117736816,-0.18750423192977905,0.9944932460784912,0.7110180854797363,0.6487438678741455,0.402548611164093,0.7722009420394897,0.7213152050971985,0.6818143129348755,-0.17084912955760956,0.9884862899780273,0.8195499777793884,0.6508709192276001,0.40010255575180054,0.8178406357765198,0.8510791659355164,0.6838435530662537,-0.19367600977420807,0.9931154847145081
126,bridge,1,0.15219032764434814,0.6102406978607178,0.1330370306968689,0.999981164932251,0.13408146798610687,0.6141841411590576,0.15907658636569977,0.9999606013298035,0.13384844362735748,0.6147885322570801,0.15901115536689758,0.9999454021453857,0.13350321352481842,0.6155375242233276,0.1589898020029068,0.9999616742134094,0.1328904777765274,0.6158983707427979,0.10131403803825378,0.9999861121177673,0.13191677629947662,0.6177177429199219,0.1012667641043663,0.999987006187439,0.1309179961681366,0.6199339628219604,0.10114915668964386,0.9999895691871643,0.13898295164108276,0.628882884979248,0.2874442934989929,0.9999402761459351,0.13625848293304443,0.6339932680130005,0.024030305445194244,0.9999901652336121,0.17204642295837402,0.613277018070221,0.1862442046403885,0.9998994469642639,0.17052717506885529,0.6152271032333374,0.11014577746391296,0.999976396560669,0.26079314947128296,0.635333776473999,0.435779869556427,0.9998236894607544,0.22511251270771027,0.6597746014595032,-0.14684192836284637,0.9999989867210388,0.41974031925201416,0.6453232169151306,0.49882733821868896,0.1401902437210083,0.3897194564342499,0.6782332062721252,-0.2904086410999298,0.9949471354484558,0.5515105128288269,0.6452360153198242,0.4161866307258606,0.2160278856754303,0.5461438894271851,0.6864721775054932,-0.4092968702316284,0.9941213130950928,0.5909547209739685,0.6449536085128784,0.41568100452423096,0.20133176445960999,0.5963062644004822,0.6894193291664124,-0.46057993173599243,0.9875611066818237,0.5940921902656555,0.646608829498291,0.37550684809684753,0.1969166100025177,0.6006700396537781,0.6851326823234558,-0.4403156042098999,0.9862130284309387,0.5742964148521423,0.64637690782547,0.3942736089229584,0.1909068077802658,0.5844018459320068,0.6820214986801147,-0.39836809039115906,0.9778364300727844,0.4924972355365753,0.5928205251693726,0.1958736628293991,0.999955415725708,0.48505258560180664,0.6084712743759155,-0.19577649235725403,0.9999802708625793,0.7087240815162659,0.5421573519706726,0.17522424459457397,0.6018579006195068,0.7138270735740662,0.5580748915672302,-0.3332727253437042,0.9928558468818665,0.7246262431144714,0.6393377184867859,0.3714410364627838,0.7047568559646606,0.7395547032356262,0.6657228469848633,-0.1851344108581543,0.9944874048233032,0.710455596446991,0.6536508202552795,0.38857632875442505,0.7752971649169922,0.7217656373977661,0.681804358959198,-0.16703283786773682,0.9884922504425049,0.818717360496521,0.654752790927887,0.3852362036705017,0.8218027949333191,0.8510411977767944,0.6837460398674011,-0.18401026725769043,0.9930488467216492
127,bridge,1,0.15210606157779694,0.6102477312088013,0.1419263780117035,0.9999826550483704,0.13440296053886414,0.6141793131828308,0.16805297136306763,0.9999633431434631,0.13421964645385742,0.6147916913032532,0.16798388957977295,0.9999493956565857,0.13389573991298676,0.6155452132225037,0.16796794533729553,0.9999640583992004,0.13316458463668823,0.6158947944641113,0.10976310074329376,0.9999871850013733,0.1321192979812622,0.6177154779434204,0.1097293570637703,0.9999880790710449,0.13104121387004852,0.6199332475662231,0.10962705314159393,0.9999904036521912,0.13933272659778595,0.628797173500061,0.296744704246521,0.9999445080757141,0.1364620327949524,0.6337449550628662,0.03041168861091137,0.9999910593032837,0.17206645011901855,0.61329585313797,0.19525675475597382,0.9999074339866638,0.17045429348945618,0.615228533744812,0.11846116930246353,0.999978244304657,0.2601860761642456,0.6358715891838074,0.4421708285808563,0.9998319745063782,0.2249917984008789,0.6598064303398132,-0.14097347855567932,0.9999990463256836,0.4194837212562561,0.645835816860199,0.5021820664405823,0.1401004195213318,0.38954612612724304,0.6779826879501343,-0.2821795344352722,0.9952890276908875,0.5514428615570068,0.6452538371086121,0.4201233983039856,0.21938689053058624,0.5461421012878418,0.6856938004493713,-0.39940890669822693,0.9945210218429565,0.5908558368682861,0.6447603702545166,0.4214312434196472,0.2048240602016449,0.5961548686027527,0.6890566349029541,-0.44910335540771484,0.988267183303833,0.5938297510147095,0.6464543342590332,0.37971070408821106,0.2003723680973053,0.6006229519844055,0.6850272417068481,-0.4299776554107666,0.9869831800460815,0.5739003419876099,0.6462746858596802,0.39749208092689514,0.19381465017795563,0.5841102600097656,0.6818563938140869,-0.3890094757080078,0.9789899587631226,0.4899967908859253,0.5905258059501648,0.1960441768169403,0.9999552965164185,0.48462650179862976,0.6058794856071472,-0.19590969383716583,0.9999812245368958,0.707865834236145,0.5417367815971375,0.1725507378578186,0.5957462787628174,0.7134047746658325,0.5567821264266968,-0.33838456869125366,0.9930641651153564,0.7244802117347717,0.6391128301620483,0.35507234930992126,0.7061187028884888,0.7408156394958496,0.6659377217292786,-0.18661345541477203,0.9943505525588989,0.7100099325180054,0.6504809856414795,0.37169015407562256,0.7773328423500061,0.722048282623291,0.683357298374176,-0.1676834672689438,0.9883092641830444,0.8022527098655701,0.65296471118927,0.37035518884658813,0.8237526416778564,0.8512897491455078,0.683160126209259,-0.18207032978534698,0.9928014278411865
128,bridge,1,0.15204934775829315,0.6102402806282043,0.15141037106513977,0.9999839663505554,0.13437344133853912,0.6141602993011475,0.17752961814403534,0.9999659061431885,0.1342311054468155,0.6147892475128174,0.17745397984981537,0.9999532103538513,0.1339777708053589,0.6155515909194946,0.17743465304374695,0.9999663829803467,0.1331762671470642,0.6158798336982727,0.11948269605636597,0.9999881386756897,0.13217517733573914,0.6177057027816772,0.1194697842001915,0.9999890327453613,0.13106819987297058,0.6199145317077637,0.11940521746873856,0.9999911189079285,0.1394679844379425,0.6287469267845154,0.3050326406955719,0.9999486207962036,0.13648121058940887,0.6335667967796326,0.03960008919239044,0.9999918937683105,0.17202264070510864,0.6132988333702087,0.20408077538013458,0.9999146461486816,0.17035609483718872,0.6152220964431763,0.12758807837963104,0.9999799132347107,0.2600614130496979,0.6361682415008545,0.44488587975502014,0.9998387694358826,0.22476379573345184,0.6598517298698425,-0.1302158683538437,0.9999991059303284,0.4192284047603607,0.6464149355888367,0.5011377930641174,0.1443287432193756,0.3894359767436981,0.6778706908226013,-0.2518337666988373,0.9955975413322449,0.551206648349762,0.6454781293869019,0.4225674271583557,0.22614160180091858,0.5459583401679993,0.6856837868690491,-0.3485490083694458,0.9948649406433105,0.5907310247421265,0.644764244556427,0.4237906038761139,0.21055063605308533,0.595949113368988,0.689174473285675,-0.39424458146095276,0.9888430237770081,0.593759298324585,0.6464633941650391,0.3822084069252014,0.20607350766658783,0.599461019039154,0.6850992441177368,-0.37671640515327454,0.9876112341880798,0.5737953186035156,0.6463993787765503,0.39985981583595276,0.19881734251976013,0.5833573937416077,0.6820160150527954,-0.33840593695640564,0.9799284338951111,0.4883417785167694,0.5897488594055176,0.1961027830839157,0.9999542236328125,0.4833464026451111,0.6056391596794128,-0.19594965875148773,0.9999818205833435,0.7072648406028748,0.5416451096534729,0.16731567680835724,0.5928452610969543,0.7129871249198914,0.55647873878479,-0.33572548627853394,0.9933469891548157,0.7243438959121704,0.6406978368759155,0.3323052227497101,0.709632158279419,0.740629255771637,0.6660323739051819,-0.18319539725780487,0.9942752718925476,0.7046412825584412,0.6505483388900757,0.3484867811203003,0.7806190848350525,0.7206803560256958,0.6839631795883179,-0.16468821465969086,0.988177478313446,0.7940204739570618,0.6534939408302307,0.3495681881904602,0.8263004422187805,0.851265549659729,0.6832886338233948,-0.1784220039844513,0.9925910234451294
129,bridge,1,0.15124046802520752,0.610225260257721,0.14317429065704346,0.9999850392341614,0.13416336476802826,0.6141318082809448,0.16897378861904144,0.9999679923057556,0.13409245014190674,0.6147722601890564,0.1688937097787857,0.9999563694000244,0.133927583694458,0.615553617477417,0.16887442767620087,0.9999681711196899,0.1330651044845581,0.6158279180526733,0.1102021113038063,0.9999889135360718,0.1321513056755066,0.617660641670227,0.110195092856884,0.9999898076057434,0.1310417503118515,0.6198384165763855,0.11012174934148788,0.9999917149543762,0.13944818079471588,0.6287340521812439,0.2960840165615082,0.9999520182609558,0.13643762469291687,0.6334366202354431,0.02784671075642109,0.9999926090240479,0.17186565697193146,0.6133009195327759,0.1957525908946991,0.999920666217804,0.17000097036361694,0.6152088642120361,0.11840740591287613,0.9999812245368958,0.2600160837173462,0.6366802453994751,0.43873846530914307,0.9998425841331482,0.2246871143579483,0.6598710417747498,-0.14319269359111786,0.9999991655349731,0.4190210998058319,0.6473262310028076,0.4982110559940338,0.15075603127479553,0.3893791735172272,0.6779125928878784,-0.2637856900691986,0.9958771467208862,0.5508384704589844,0.6456953883171082,0.41985824704170227,0.23501341044902802,0.5459229350090027,0.6860175132751465,-0.35621538758277893,0.9951775074005127,0.5881096720695496,0.6447668671607971,0.42166420817375183,0.21813440322875977,0.5957949161529541,0.6897203922271729,-0.4016500413417816,0.9893608689308167,0.5915420055389404,0.6465795636177063,0.3793328106403351,0.2135707139968872,0.5991932153701782,0.6858921647071838,-0.38458484411239624,0.9881746172904968,0.5725464224815369,0.6466026306152344,0.3969152867794037,0.20526857674121857,0.5830094218254089,0.6828235387802124,-0.3462177813053131,0.9807637333869934,0.48840805888175964,0.5889091491699219,0.19711504876613617,0.9999521374702454,0.4840288758277893,0.6046748161315918,-0.19690600037574768,0.9999819993972778,0.7068544030189514,0.541432797908783,0.16152659058570862,0.5940158367156982,0.7128791809082031,0.5563926696777344,-0.3432425856590271,0.9936840534210205,0.7242408394813538,0.6428160071372986,0.3242526352405548,0.7151026725769043,0.7405703663825989,0.666083574295044,-0.18105697631835938,0.9942060708999634,0.6990825533866882,0.6508743166923523,0.34051385521888733,0.7852039933204651,0.71928870677948,0.684093713760376,-0.1619415134191513,0.988105297088623,0.7891970276832581,0.6537739038467407,0.34627947211265564,0.8296080827713013,0.8511906266212463,0.6833102107048035,-0.17294098436832428,0.9923962950706482
130,bridge,1,0.14956547319889069,0.6101586222648621,0.13519491255283356,0.9999858736991882,0.13308632373809814,0.6140494346618652,0.16084912419319153,0.9999695420265198,0.13309316337108612,0.6147050857543945,0.16075314581394196,0.9999589323997498,0.13305750489234924,0.6155198812484741,0.16076485812664032,0.9999694228172302,0.1321195363998413,0.6156300902366638,0.10152851790189743,0.9999895095825195,0.13135167956352234,0.6174371838569641,0.1015935093164444,0.9999904632568359,0.13032782077789307,0.6195687055587769,0.10159777849912643,0.9999921917915344,0.1391494870185852,0.6286990642547607,0.28811752796173096,0.9999546408653259,0.13608813285827637,0.6331467032432556,0.01695176027715206,0.9999932050704956,0.17071297764778137,0.6132782101631165,0.18784908950328827,0.9999253749847412,0.16866447031497955,0.6151222586631775,0.10991913080215454,0.9999822378158569,0.259951651096344,0.6369990110397339,0.4276657998561859,0.9998400807380676,0.2246631234884262,0.6598343253135681,-0.1461619883775711,0.9999992251396179,0.4189368188381195,0.6480688452720642,0.4725817143917084,0.1524897664785385,0.38898736238479614,0.6779122948646545,-0.27438145875930786,0.9961113333702087,0.5507713556289673,0.6463783383369446,0.39031457901000977,0.24005787074565887,0.5455002784729004,0.6862948536872864,-0.36383920907974243,0.9954392313957214,0.5869885683059692,0.6452993750572205,0.3927730619907379,0.22322121262550354,0.5942873954772949,0.690004289150238,-0.41004109382629395,0.9898121953010559,0.5909121632575989,0.6476012468338013,0.3502693474292755,0.21863526105880737,0.5977400541305542,0.6865208745002747,-0.3934517800807953,0.9886663556098938,0.5725104212760925,0.647590696811676,0.36687782406806946,0.20951208472251892,0.5811390280723572,0.6836115717887878,-0.3542464077472687,0.9815011620521545,0.4886138141155243,0.5884438753128052,0.19771738350391388,0.9999476075172424,0.48491406440734863,0.6048755645751953,-0.19748389720916748,0.9999813437461853,0.7055338621139526,0.5414369702339172,0.1580614596605301,0.5944835543632507,0.712673008441925,0.556535542011261,-0.3420809507369995,0.9939810037612915,0.7233473062515259,0.6429221034049988,0.30877137184143066,0.7203758358955383,0.7404452562332153,0.6661449670791626,-0.16805647313594818,0.9941306710243225,0.6990705728530884,0.6501254439353943,0.32339558005332947,0.7900083661079407,0.7194063663482666,0.6840899586677551,-0.14732344448566437,0.9881044626235962,0.7907443046569824,0.6536319255828857,0.3316075801849365,0.8330472707748413,0.8505763411521912,0.6830347180366516,-0.1487751305103302,0.992239236831665
131,bridge,1,0.14882931113243103,0.6101126670837402,0.12237154692411423,0.999986469745636,0.13248856365680695,0.613973081111908,0.14828179776668549,0.9999706745147705,0.13253144919872284,0.614639937877655,0.14818209409713745,0.9999609589576721,0.13257916271686554,0.6154763102531433,0.1481958031654358,0.9999702572822571,0.13152889907360077,0.6154761910438538,0.0874616727232933,0.999989926815033,0.13085263967514038,0.6172515749931335,0.08752810209989548,0.9999909400939941,0.12991754710674286,0.6193529367446899,0.08752164989709854,0.9999924898147583,0.13901057839393616,0.6286849975585938,0.27832478284835815,0.9999565482139587,0.13584358990192413,0.632957935333252,0.0003035454428754747,0.9999936819076538,0.17025186121463776,0.6132749915122986,0.17641828954219818,0.9999291896820068,0.16807813942432404,0.6150820851325989,0.09649639576673508,0.9999829530715942,0.2595071494579315,0.637165904045105,0.4235416054725647,0.9998360276222229,0.2246316820383072,0.6598362326622009,-0.16284386813640594,0.9999992847442627,0.41878512501716614,0.6485676169395447,0.46960023045539856,0.1528112143278122,0.3888905346393585,0.6779123544692993,-0.2814967632293701,0.996313750743866,0.5506186485290527,0.6464247107505798,0.38503021001815796,0.24505570530891418,0.5454254746437073,0.6865294575691223,-0.3739696443080902,0.9956781268119812,0.5861486792564392,0.6454625725746155,0.3882153034210205,0.22890594601631165,0.5940337777137756,0.6904666423797607,-0.42133283615112305,0.9902387857437134,0.5902860760688782,0.6478626728057861,0.3441597521305084,0.2243604063987732,0.5975810885429382,0.6873966455459595,-0.40475642681121826,0.9891330599784851,0.5724802613258362,0.647748589515686,0.36100533604621887,0.2146155834197998,0.5806740522384644,0.6845465898513794,-0.36444172263145447,0.9821977019309998,0.48898929357528687,0.587596595287323,0.20043882727622986,0.999943196773529,0.4855361580848694,0.604761004447937,-0.20018361508846283,0.9999802708625793,0.705409586429596,0.5414462685585022,0.15715672075748444,0.5999417304992676,0.7126666903495789,0.5566158890724182,-0.33975571393966675,0.9942543506622314,0.7231965661048889,0.6433571577072144,0.3124454617500305,0.730311930179596,0.7397199869155884,0.6659975051879883,-0.15355844795703888,0.994117796421051,0.7064101696014404,0.6500282287597656,0.32717886567115784,0.7978824377059937,0.7188870906829834,0.6836748123168945,-0.13146664202213287,0.9881263971328735,0.799047589302063,0.6559319496154785,0.3310405910015106,0.8392757177352905,0.8492705821990967,0.6827298402786255,-0.13577841222286224,0.9921830892562866
132,bridge,1,0.14819897711277008,0.6100517511367798,0.11067961901426315,0.9999869465827942,0.13194450736045837,0.6138760447502136,0.13658888638019562,0.9999715089797974,0.13201797008514404,0.614557147026062,0.1364932656288147,0.999962568283081,0.13213537633419037,0.6154108047485352,0.13650594651699066,0.9999707341194153,0.1309492588043213,0.6153198480606079,0.07508253306150436,0.9999902844429016,0.13034431636333466,0.6170626282691956,0.07512076944112778,0.9999913573265076,0.12951195240020752,0.619151771068573,0.07508935779333115,0.9999927282333374,0.1389046162366867,0.6286752223968506,0.2681378722190857,0.9999579191207886,0.13565407693386078,0.6328511238098145,-0.012720974162220955,0.9999940991401672,0.16987071931362152,0.6132631301879883,0.1654214859008789,0.9999322295188904,0.16754239797592163,0.6150318384170532,0.08467298746109009,0.999983549118042,0.25927290320396423,0.6372084021568298,0.4189543128013611,0.9998329877853394,0.22454892098903656,0.6598301529884338,-0.17616458237171173,0.9999993443489075,0.4186679422855377,0.6489779353141785,0.4675084352493286,0.15284591913223267,0.38910356163978577,0.67791748046875,-0.2850782573223114,0.9965226054191589,0.550358235836029,0.6464025974273682,0.3776814043521881,0.24861781299114227,0.5453234910964966,0.6872338056564331,-0.3713592290878296,0.9959337711334229,0.5854158401489258,0.6454610228538513,0.380309134721756,0.23313020169734955,0.5940092206001282,0.6914547085762024,-0.41835278272628784,0.9907137155532837,0.5896677374839783,0.6478435397148132,0.33525213599205017,0.2286166399717331,0.5976012945175171,0.6883999705314636,-0.40308019518852234,0.9896572232246399,0.5724132061004639,0.6477762460708618,0.35291534662246704,0.21834608912467957,0.5806347131729126,0.6855636835098267,-0.3622090220451355,0.9829789400100708,0.4891970157623291,0.587374210357666,0.20208603143692017,0.999939501285553,0.4859808087348938,0.6045879125595093,-0.20181605219841003,0.9999793767929077,0.7052583694458008,0.5414515137672424,0.15617991983890533,0.6054345965385437,0.7125969529151917,0.5567628145217896,-0.3385213613510132,0.9945112466812134,0.7229322791099548,0.6438879370689392,0.31667765974998474,0.7400307655334473,0.739288330078125,0.6658703684806824,-0.15482103824615479,0.9941985011100769,0.7075937986373901,0.6501657962799072,0.331794410943985,0.8049899935722351,0.7188905477523804,0.6834046244621277,-0.13329075276851654,0.9882156252861023,0.7990875840187073,0.6546363234519958,0.3325449228286743,0.8454393744468689,0.848578155040741,0.6829448342323303,-0.14048932492733002,0.9922375679016113
133,bridge,1,0.14773674309253693,0.6099866628646851,0.10931605845689774,0.9999873638153076,0.13151688873767853,0.6137877702713013,0.13523367047309875,0.9999722838401794,0.13159587979316711,0.6144883036613464,0.1351395696401596,0.9999640583992004,0.13174425065517426,0.615358829498291,0.13514898717403412,0.9999711513519287,0.1304813176393509,0.615190863609314,0.07386825233697891,0.9999905824661255,0.1299106329679489,0.6169044375419617,0.07389368861913681,0.9999917149543762,0.1291583776473999,0.618980348110199,0.07384844124317169,0.9999929666519165,0.13872848451137543,0.6286556720733643,0.26663562655448914,0.9999591708183289,0.13543350994586945,0.6327207088470459,-0.013577699661254883,0.9999945163726807,0.16952277719974518,0.6132420897483826,0.16390658915042877,0.9999348521232605,0.16709153354167938,0.6149657964706421,0.08330492675304413,0.9999840259552002,0.2592436969280243,0.6372105479240417,0.41892218589782715,0.9998282194137573,0.22452232241630554,0.6597922444343567,-0.17952239513397217,0.9999993443489075,0.4187715947628021,0.6491023302078247,0.4678010642528534,0.15197838842868805,0.3890857696533203,0.6779211163520813,-0.2854040563106537,0.9967052936553955,0.5502543449401855,0.646390974521637,0.37607985734939575,0.25066691637039185,0.5451388359069824,0.6877166628837585,-0.37618106603622437,0.9961644411087036,0.584147572517395,0.6455296277999878,0.37880778312683105,0.23592065274715424,0.5936776399612427,0.6922464370727539,-0.42378970980644226,0.9911441802978516,0.588103711605072,0.6479347944259644,0.3333340883255005,0.23142465949058533,0.5975739359855652,0.6890547275543213,-0.40819162130355835,0.990131139755249,0.5721943378448486,0.6479555368423462,0.351022332906723,0.220782071352005,0.580018162727356,0.6861571073532104,-0.3669898211956024,0.9836872220039368,0.48950207233428955,0.5873657464981079,0.20320938527584076,0.9999364018440247,0.48612740635871887,0.60457843542099,-0.20293015241622925,0.9999786019325256,0.705049991607666,0.5410954356193542,0.1561298966407776,0.6102958917617798,0.7125598192214966,0.5567830204963684,-0.33769121766090393,0.9947465658187866,0.7224684357643127,0.643879771232605,0.3144606947898865,0.7491555213928223,0.7383249998092651,0.6655028462409973,-0.15606999397277832,0.9942606687545776,0.7092514634132385,0.6501989960670471,0.3287963569164276,0.8116497993469238,0.7183300852775574,0.6830340027809143,-0.1348634958267212,0.9882938265800476,0.8007144331932068,0.6557995080947876,0.32748985290527344,0.8511331081390381,0.8479301333427429,0.6831878423690796,-0.1428566426038742,0.9922686219215393
134,bridge,1,0.14746031165122986,0.6099207997322083,0.10686718672513962,0.9999876022338867,0.13121525943279266,0.6136806607246399,0.13282610476016998,0.9999726414680481,0.13129685819149017,0.6144071221351624,0.13273534178733826,0.9999650716781616,0.13146059215068817,0.6152971386909485,0.13274352252483368,0.9999711513519287,0.1300974041223526,0.6150479912757874,0.07150454074144363,0.999990701675415,0.12950702011585236,0.6167312264442444,0.07152122259140015,0.9999919533729553,0.12878207862377167,0.6187916398048401,0.0714680403470993,0.999993085861206,0.13851141929626465,0.6286168098449707,0.2643139362335205,0.9999598264694214,0.13505195081233978,0.6325631737709045,-0.015508419834077358,0.9999948740005493,0.16930288076400757,0.6132314205169678,0.16146649420261383,0.9999365210533142,0.1667265146970749,0.6149178743362427,0.08096572011709213,0.9999842643737793,0.25922662019729614,0.6371962428092957,0.4178377389907837,0.9998232126235962,0.22448426485061646,0.6597285866737366,-0.18125104904174805,0.9999993443489075,0.41873207688331604,0.6491668820381165,0.46844482421875,0.14965762197971344,0.3890485465526581,0.6779289841651917,-0.28623953461647034,0.9968903660774231,0.548974335193634,0.6463583111763,0.37617436051368713,0.2508125603199005,0.5442936420440674,0.687741756439209,-0.36176466941833496,0.9963868856430054,0.5825676918029785,0.6455108523368835,0.37848085165023804,0.23715293407440186,0.5923686623573303,0.6923207640647888,-0.4080248475074768,0.9915671944618225,0.586387574672699,0.6479265093803406,0.3329091966152191,0.23274211585521698,0.5966683626174927,0.6890227198600769,-0.3937854766845703,0.9905993938446045,0.5707184672355652,0.647945761680603,0.3510410189628601,0.22199496626853943,0.5782565474510193,0.686102032661438,-0.35279250144958496,0.9843937158584595,0.48972177505493164,0.587279200553894,0.20367760956287384,0.9999328255653381,0.4862213432788849,0.6048951745033264,-0.20339837670326233,0.9999776482582092,0.7049118876457214,0.5393678545951843,0.1543976068496704,0.6137995719909668,0.7124660015106201,0.55680912733078,-0.3370513617992401,0.9949230551719666,0.7222500443458557,0.6435673832893372,0.31493625044822693,0.7562380433082581,0.7375998497009277,0.6651192903518677,-0.1547677218914032,0.9942771792411804,0.7097839117050171,0.6494660973548889,0.3296731114387512,0.8166231513023376,0.718096911907196,0.6825911402702332,-0.13362567126750946,0.9882766008377075,0.8013267517089844,0.6558002233505249,0.3285178244113922,0.8556049466133118,0.8474613428115845,0.6830445528030396,-0.14422306418418884,0.9922522902488708
135,bridge,1,0.1471264362335205,0.6098828315734863,0.10044259577989578,0.999987781047821,0.1309327334165573,0.6136291027069092,0.12626752257347107,0.9999728798866272,0.13101455569267273,0.6143704652786255,0.1261797845363617,0.9999658465385437,0.13118477165699005,0.6152722835540771,0.1261911392211914,0.9999710321426392,0.12975937128067017,0.6149795055389404,0.06466684490442276,0.9999908208847046,0.12915246188640594,0.6166481375694275,0.06467391550540924,0.9999921321868896,0.12844432890415192,0.6187034845352173,0.06461543589830399,0.9999931454658508,0.1383017599582672,0.6286108493804932,0.2572838366031647,0.9999600648880005,0.13474492728710175,0.6325122714042664,-0.023716744035482407,0.9999951720237732,0.168965682387352,0.6132274866104126,0.15493443608283997,0.999937891960144,0.16629581153392792,0.614895224571228,0.07406910508871078,0.9999845027923584,0.25917279720306396,0.6371842622756958,0.41206544637680054,0.9998181462287903,0.22447042167186737,0.6596922874450684,-0.18854708969593048,0.9999993443489075,0.4187818169593811,0.6492748260498047,0.464277982711792,0.1480163037776947,0.38907143473625183,0.6779395341873169,-0.2888641655445099,0.99705570936203,0.5482487678527832,0.6463417410850525,0.36994871497154236,0.25124260783195496,0.54410320520401,0.6878054141998291,-0.36639267206192017,0.9965776801109314,0.5823108553886414,0.6454910039901733,0.3723781704902649,0.2385219931602478,0.5921700596809387,0.692349910736084,-0.4129968583583832,0.991926372051239,0.5861687660217285,0.6479399800300598,0.3261803090572357,0.23420144617557526,0.5965504050254822,0.6889904141426086,-0.39804863929748535,0.9909964799880981,0.5703967213630676,0.6479325890541077,0.34457865357398987,0.22326773405075073,0.5778241753578186,0.6860687136650085,-0.35715046525001526,0.984984815120697,0.489850789308548,0.587086021900177,0.20442159473896027,0.9999291896820068,0.48634082078933716,0.6048710942268372,-0.2041553407907486,0.9999767541885376,0.7047714591026306,0.538442075252533,0.15499348938465118,0.6174191236495972,0.7123943567276001,0.5568000674247742,-0.3367210030555725,0.9950987100601196,0.7221271395683289,0.643073320388794,0.3172941505908966,0.7639548182487488,0.737061083316803,0.6647838354110718,-0.15535326302051544,0.9943525195121765,0.7099606990814209,0.6488739252090454,0.33213672041893005,0.8221549391746521,0.7180784344673157,0.6822429895401001,-0.1344260573387146,0.9883467555046082,0.8019777536392212,0.6555755138397217,0.3309040665626526,0.8607279062271118,0.8474923968315125,0.683002769947052,-0.1445123553276062,0.9923365712165833
136,bridge,1,0.14698854088783264,0.6098600029945374,0.0919267013669014,0.9999880194664001,0.1308106780052185,0.6135799884796143,0.1174570843577385,0.9999731779098511,0.13088996708393097,0.6143355965614319,0.11736898124217987,0.9999666213989258,0.1310596913099289,0.6152486205101013,0.11738350987434387,0.9999710321426392,0.12958909571170807,0.6149213910102844,0.05541141703724861,0.9999909400939941,0.1289600282907486,0.616580069065094,0.055417250841856,0.999992311000824,0.12826348841190338,0.6186257004737854,0.055354926735162735,0.9999932646751404,0.13817685842514038,0.6286071538925171,0.24742189049720764,0.9999602437019348,0.13454808294773102,0.6324642896652222,-0.03544914722442627,0.9999954104423523,0.16882570087909698,0.6132271885871887,0.1461770385503769,0.9999391436576843,0.16607734560966492,0.6148833632469177,0.06473804265260696,0.9999847412109375,0.2589927315711975,0.6371880173683167,0.40408098697662354,0.9998130202293396,0.22449991106987,0.6596828103065491,-0.20027229189872742,0.9999993443489075,0.41901645064353943,0.6495720148086548,0.45660701394081116,0.14733362197875977,0.38919901847839355,0.6779609322547913,-0.30480846762657166,0.9971880912780762,0.5481638312339783,0.6464563608169556,0.3625057339668274,0.252765417098999,0.5441749691963196,0.6879658102989197,-0.376250296831131,0.9967385530471802,0.5823163390159607,0.6455779671669006,0.3660246431827545,0.24068504571914673,0.5922775268554688,0.6926349401473999,-0.42274749279022217,0.9922281503677368,0.5862138867378235,0.6482388973236084,0.3191792666912079,0.23640558123588562,0.5967743396759033,0.6891781687736511,-0.4081616699695587,0.9913299679756165,0.5705041289329529,0.648298978805542,0.33704036474227905,0.2249945104122162,0.5780208110809326,0.6862293481826782,-0.3670731484889984,0.9854721426963806,0.48990803956985474,0.5870425701141357,0.20532658696174622,0.9999255537986755,0.48647597432136536,0.6046107411384583,-0.20507393777370453,0.9999759197235107,0.7039493918418884,0.5381035804748535,0.16645847260951996,0.6223500967025757,0.7123232483863831,0.5567503571510315,-0.33464542031288147,0.9952988624572754,0.7219931483268738,0.6426103115081787,0.3186299502849579,0.7727340459823608,0.736716628074646,0.6644958257675171,-0.15653328597545624,0.9944704174995422,0.7097100615501404,0.6487132906913757,0.3327380418777466,0.8284136652946472,0.7179955840110779,0.6820521950721741,-0.13658204674720764,0.9885134100914001,0.8025461435317993,0.6554813385009766,0.33181843161582947,0.8664374947547913,0.8468276262283325,0.6829668283462524,-0.1474674940109253,0.9924768209457397
137,bridge,1,0.14686937630176544,0.6098340749740601,0.08471595495939255,0.9999880194664001,0.13068518042564392,0.6135311126708984,0.11006937175989151,0.999972939491272,0.1307603418827057,0.6142997741699219,0.1099783405661583,0.9999668598175049,0.13092415034770966,0.615222692489624,0.10999321937561035,0.9999704957008362,0.12941908836364746,0.6148669719696045,0.048049502074718475,0.9999908804893494,0.12876702845096588,0.6165157556533813,0.04805275425314903,0.9999923706054688,0.12808161973953247,0.6185494661331177,0.047983232885599136,0.9999932646751404,0.1380438506603241,0.6286065578460693,0.23947399854660034,0.9999597668647766,0.1343356817960739,0.632412850856781,-0.04314588010311127,0.9999955892562866,0.16873043775558472,0.6132255792617798,0.13878726959228516,0.9999394416809082,0.165912926197052,0.6148685216903687,0.05740341916680336,0.9999847412109375,0.2589588165283203,0.6372048258781433,0.39625662565231323,0.9998063445091248,0.22455774247646332,0.659683108329773,-0.2072942852973938,0.9999993443489075,0.41960272192955017,0.6497208476066589,0.44896283745765686,0.14633356034755707,0.3894321024417877,0.6779743432998657,-0.3107152581214905,0.997310996055603,0.5480925440788269,0.6465559005737305,0.35348060727119446,0.25337308645248413,0.5443388819694519,0.6881195902824402,-0.37815001606941223,0.9968876242637634,0.5826845169067383,0.6456843018531799,0.3571552336215973,0.24181035161018372,0.5924557447433472,0.6928802132606506,-0.4242526590824127,0.9925060868263245,0.5869289040565491,0.6485110521316528,0.3099009692668915,0.2375672608613968,0.5971749424934387,0.6893236041069031,-0.410222589969635,0.9916369915008545,0.5712118744850159,0.648655891418457,0.3278268873691559,0.22577421367168427,0.5783727765083313,0.6863486170768738,-0.36912456154823303,0.9859203696250916,0.4899856150150299,0.5868806838989258,0.20564241707324982,0.9999212026596069,0.4867096245288849,0.6044166684150696,-0.2053942233324051,0.9999747276306152,0.7035744786262512,0.5378111600875854,0.16665427386760712,0.6247146725654602,0.7122774124145508,0.5566809177398682,-0.33099162578582764,0.9954522252082825,0.721845805644989,0.6426262855529785,0.31639420986175537,0.7793840765953064,0.7362407445907593,0.6644985675811768,-0.15680420398712158,0.9945623278617859,0.7096996307373047,0.6486820578575134,0.329674631357193,0.8332127928733826,0.7179780602455139,0.6820249557495117,-0.13762211799621582,0.988645613193512,0.802241861820221,0.6527884006500244,0.32792210578918457,0.8709053993225098,0.8463509678840637,0.6830349564552307,-0.15139800310134888,0.9925829768180847
138,bridge,1,0.14673611521720886,0.6098286509513855,0.08515304327011108,0.9999881982803345,0.1305537074804306,0.6135123372077942,0.11055552959442139,0.9999731779098511,0.13062407076358795,0.614285945892334,0.11046508699655533,0.9999675154685974,0.13078193366527557,0.6152125000953674,0.1104782372713089,0.999970555305481,0.1292593628168106,0.6148506999015808,0.048676904290914536,0.9999909996986389,0.12859602272510529,0.6164977550506592,0.0486786924302578,0.9999925494194031,0.12792888283729553,0.6185288429260254,0.04860813170671463,0.9999933242797852,0.13792841136455536,0.6286070346832275,0.2400449812412262,0.9999601244926453,0.1341990977525711,0.6324030756950378,-0.04209323599934578,0.9999958276748657,0.16865397989749908,0.6132253408432007,0.13921482861042023,0.9999405741691589,0.1657850444316864,0.6148638725280762,0.05795306712388992,0.9999849200248718,0.25893527269363403,0.6372140049934387,0.3959669768810272,0.9998034834861755,0.22464780509471893,0.6596918702125549,-0.20642542839050293,0.9999993443489075,0.42036476731300354,0.6497434377670288,0.4477841556072235,0.14684820175170898,0.3897418677806854,0.6780073642730713,-0.3167913258075714,0.9974082112312317,0.5481464266777039,0.6465654969215393,0.3536115288734436,0.25649821758270264,0.5445093512535095,0.6881986260414124,-0.39434364438056946,0.9970158338546753,0.5832154154777527,0.6456927061080933,0.35746774077415466,0.2451704442501068,0.5926412343978882,0.693017840385437,-0.4418763816356659,0.9927495718002319,0.5875820517539978,0.6485710144042969,0.31046536564826965,0.24092844128608704,0.5974748730659485,0.6893700361251831,-0.4270237684249878,0.9919067621231079,0.5718072652816772,0.6487839221954346,0.3281928598880768,0.22849328815937042,0.5786349177360535,0.6863700747489929,-0.3853779733181,0.9863154888153076,0.4900144040584564,0.5866907238960266,0.20577573776245117,0.9999181032180786,0.4871465861797333,0.6041463017463684,-0.20552845299243927,0.9999740123748779,0.70350581407547,0.5377363562583923,0.17123401165008545,0.6285730600357056,0.7122488617897034,0.5566601753234863,-0.3309464156627655,0.9956061840057373,0.7218108773231506,0.6429327130317688,0.3162265717983246,0.7866241931915283,0.7359412908554077,0.6644704937934875,-0.16261935234069824,0.9946561455726624,0.698479950428009,0.6593642234802246,0.3289397954940796,0.8384256362915039,0.7179637551307678,0.6819990277290344,-0.14433445036411285,0.9887832403182983,0.8017523288726807,0.6514385342597961,0.32663264870643616,0.8755752444267273,0.8463054299354553,0.6830960512161255,-0.1595764458179474,0.9926939606666565
139,bridge,1,0.14668025076389313,0.6098251342773438,0.08471992611885071,0.9999882578849792,0.13051076233386993,0.6134953498840332,0.11031198501586914,0.9999732375144958,0.13057807087898254,0.6142722368240356,0.11022279411554337,0.9999679327011108,0.1307312697172165,0.6152005791664124,0.11023791879415512,0.9999703764915466,0.12919729948043823,0.6148397922515869,0.04832331836223602,0.9999909996986389,0.12852652370929718,0.6164859533309937,0.04832189530134201,0.9999926686286926,0.1278802454471588,0.6185134649276733,0.04825076088309288,0.9999933242797852,0.1379074901342392,0.6286060214042664,0.2404332011938095,0.9999601244926453,0.13417942821979523,0.6323919296264648,-0.042239297181367874,0.9999960064888,0.16864420473575592,0.6132241487503052,0.13897579908370972,0.9999412298202515,0.16576525568962097,0.6148585677146912,0.05754292011260986,0.9999850392341614,0.25891801714897156,0.6372087001800537,0.3962363600730896,0.9998006820678711,0.22478087246418,0.6597159504890442,-0.20618140697479248,0.9999993443489075,0.4206761121749878,0.6497167944908142,0.4493214190006256,0.14656062424182892,0.39020514488220215,0.6780538558959961,-0.3155490458011627,0.9975116848945618,0.5481013059616089,0.6465622782707214,0.3558914065361023,0.25943058729171753,0.5450517535209656,0.6882359385490417,-0.39352020621299744,0.9971473217010498,0.5832176208496094,0.6456853151321411,0.35953179001808167,0.24853424727916718,0.5933147072792053,0.6930432319641113,-0.44110721349716187,0.9930135011672974,0.5875828266143799,0.6485656499862671,0.31263214349746704,0.2443266212940216,0.5982967019081116,0.6893976330757141,-0.4260300099849701,0.9922006130218506,0.5718449950218201,0.6487864255905151,0.3305443823337555,0.2313869297504425,0.579486072063446,0.6863914132118225,-0.38445720076560974,0.9867558479309082,0.4902142286300659,0.5865921974182129,0.20597895979881287,0.9999152421951294,0.4881259799003601,0.6041853427886963,-0.20573435723781586,0.9999731779098511,0.7033724784851074,0.5377928614616394,0.170135959982872,0.632962167263031,0.7122328281402588,0.556701123714447,-0.331108957529068,0.9957365989685059,0.7217546105384827,0.6429319381713867,0.31597450375556946,0.7940273284912109,0.7356554865837097,0.6643515825271606,-0.1640138030052185,0.9947582483291626,0.6938667297363281,0.6617390513420105,0.3287663757801056,0.8437209129333496,0.7176384329795837,0.6818376779556274,-0.14581280946731567,0.9889121651649475,0.8028361797332764,0.6522113680839539,0.32591333985328674,0.8803444504737854,0.8470777869224548,0.6830715537071228,-0.16274364292621613,0.9928290843963623
140,bridge,1,0.1465628296136856,0.6098239421844482,0.08653831481933594,0.9999884366989136,0.13041740655899048,0.613491952419281,0.11219558119773865,0.999973475933075,0.1304808109998703,0.6142700910568237,0.11210673302412033,0.9999685287475586,0.1306295245885849,0.6151990294456482,0.11211946606636047,0.9999704360961914,0.1290983259677887,0.6148377060890198,0.05033707246184349,0.9999910593032837,0.12842810153961182,0.6164831519126892,0.050336144864559174,0.9999927878379822,0.12780258059501648,0.6185092329978943,0.05026496201753616,0.9999933838844299,0.13783441483974457,0.6286070942878723,0.24213559925556183,0.9999604821205139,0.1341153085231781,0.6323888301849365,-0.03997976332902908,0.9999961853027344,0.16856561601161957,0.6132258176803589,0.14067654311656952,0.9999421238899231,0.165681853890419,0.6148561835289001,0.059398896992206573,0.9999851584434509,0.2588322162628174,0.6372041702270508,0.3974124789237976,0.9997996091842651,0.2248072624206543,0.6597461700439453,-0.20497776567935944,0.9999993443489075,0.42071533203125,0.6496949791908264,0.4510253667831421,0.1470329761505127,0.39039894938468933,0.6780561804771423,-0.3142700791358948,0.9976093173027039,0.5480215549468994,0.6466100811958313,0.35781800746917725,0.26267924904823303,0.5454853773117065,0.6882429718971252,-0.38821813464164734,0.9972670078277588,0.5832079648971558,0.6457343697547913,0.3612235188484192,0.2518387734889984,0.5940799117088318,0.6930425763130188,-0.43537965416908264,0.9932489991188049,0.5875763297080994,0.648622453212738,0.31470823287963867,0.24758964776992798,0.5992369055747986,0.6894186735153198,-0.42118847370147705,0.9924620389938354,0.5718379616737366,0.648853600025177,0.33259180188179016,0.2341364473104477,0.5803980231285095,0.6864128112792969,-0.379401832818985,0.9871450662612915,0.4904034733772278,0.5867185592651367,0.206117182970047,0.999913215637207,0.48905473947525024,0.6042884588241577,-0.20587392151355743,0.9999724626541138,0.7032094597816467,0.5377458930015564,0.1699812263250351,0.6355999112129211,0.7122253775596619,0.5567141771316528,-0.32991617918014526,0.9958414435386658,0.721720278263092,0.6428865194320679,0.3149982988834381,0.7997032403945923,0.7355459928512573,0.6642921566963196,-0.16325922310352325,0.9948281049728394,0.7017149329185486,0.6541205048561096,0.32795652747154236,0.8479005098342896,0.7175368666648865,0.681831419467926,-0.1450640708208084,0.9890069365501404,0.8028472065925598,0.6506386399269104,0.32551565766334534,0.8840219974517822,0.8479179739952087,0.6830718517303467,-0.16259370744228363,0.9929133653640747
141,bridge,1,0.14649111032485962,0.6098232269287109,0.08747516572475433,0.9999885559082031,0.13037091493606567,0.6134881377220154,0.11294164508581161,0.9999736547470093,0.13043248653411865,0.6142674088478088,0.11285370588302612,0.9999690055847168,0.13057789206504822,0.6151970624923706,0.11286351084709167,0.9999704360961914,0.12904420495033264,0.6148356795310974,0.0514286607503891,0.9999911189079285,0.1283719688653946,0.616480827331543,0.05142618715763092,0.999992847442627,0.1277598887681961,0.618505597114563,0.051351383328437805,0.9999933838844299,0.1377958059310913,0.6286072731018066,0.24243752658367157,0.9999608397483826,0.1340753585100174,0.6323843002319336,-0.038171038031578064,0.9999963045120239,0.16851994395256042,0.6132285594940186,0.1415141522884369,0.9999427795410156,0.16563259065151215,0.614854097366333,0.0606270395219326,0.9999852180480957,0.2588200867176056,0.6372025012969971,0.3976285755634308,0.9997987151145935,0.22479799389839172,0.6597687005996704,-0.20347309112548828,0.9999993443489075,0.4208148419857025,0.6497099995613098,0.4517538547515869,0.14739331603050232,0.3904525339603424,0.6780584454536438,-0.3102265000343323,0.9976941347122192,0.5479867458343506,0.6467421650886536,0.359308660030365,0.2656407356262207,0.5458754301071167,0.6882576942443848,-0.3753354549407959,0.9973702430725098,0.5832498073577881,0.6458343863487244,0.3626600205898285,0.254803329706192,0.5946254134178162,0.6930432915687561,-0.4217497706413269,0.9934471845626831,0.5876128077507019,0.6487146019935608,0.3161872327327728,0.2505185902118683,0.5999137163162231,0.689451277256012,-0.4080764949321747,0.992682695388794,0.5718695521354675,0.6489527225494385,0.3341604173183441,0.23664307594299316,0.5810616612434387,0.6864510774612427,-0.36660319566726685,0.987471878528595,0.49058014154434204,0.5868052840232849,0.2061230093240738,0.9999117851257324,0.4896439015865326,0.6043984293937683,-0.20588015019893646,0.999971866607666,0.7030531764030457,0.5376468300819397,0.16876715421676636,0.6377705335617065,0.7122295498847961,0.5567228198051453,-0.32697778940200806,0.9959282279014587,0.7217009663581848,0.6429566144943237,0.31471559405326843,0.8046101331710815,0.7353346347808838,0.6642722487449646,-0.15913401544094086,0.9948842525482178,0.7061918377876282,0.6513168811798096,0.3278979957103729,0.8514793515205383,0.7174144983291626,0.68183434009552,-0.1405019760131836,0.9890666007995605,0.8031637072563171,0.6502184271812439,0.32574495673179626,0.8871786594390869,0.8484853506088257,0.6830766201019287,-0.15752872824668884,0.9929781556129456
142,bridge,1,0.14636649191379547,0.609822154045105,0.09199248254299164,0.9999887347221375,0.130250945687294,0.6134840250015259,0.11823833733797073,0.9999740123748779,0.13030819594860077,0.6142648458480835,0.11814222484827042,0.9999697208404541,0.13044820725917816,0.6151954531669617,0.11814866214990616,0.9999707937240601,0.12892697751522064,0.6148334741592407,0.056174371391534805,0.999991238117218,0.12825746834278107,0.6164785027503967,0.05617059767246246,0.9999929666519165,0.1276574730873108,0.618502676486969,0.05610620602965355,0.9999934434890747,0.13769565522670746,0.6286073327064514,0.24851907789707184,0.9999615550041199,0.1339806467294693,0.6323796510696411,-0.03453078120946884,0.9999964237213135,0.16843539476394653,0.6132283210754395,0.14607854187488556,0.999943733215332,0.16553719341754913,0.6148511171340942,0.06452003866434097,0.99998539686203,0.2588350474834442,0.6372005939483643,0.4026418924331665,0.9998000860214233,0.22478948533535004,0.6597875952720642,-0.20205378532409668,0.9999993443489075,0.4212174713611603,0.6497750282287598,0.4540829360485077,0.14834459125995636,0.39057114720344543,0.6780602931976318,-0.3051360249519348,0.9977654814720154,0.5481361746788025,0.6468856930732727,0.35940131545066833,0.2692570388317108,0.54623943567276,0.6882609724998474,-0.36967355012893677,0.9974524974822998,0.5836513042449951,0.6459416151046753,0.3628350794315338,0.2582920789718628,0.5951767563819885,0.6930402517318726,-0.4158603549003601,0.993598997592926,0.5881339907646179,0.6488888263702393,0.3168514668941498,0.2538953721523285,0.6005212664604187,0.6894675493240356,-0.4020816683769226,0.9928515553474426,0.5723947882652283,0.6491004228591919,0.33439934253692627,0.23963694274425507,0.5816799402236938,0.6864780783653259,-0.3608872592449188,0.9877147674560547,0.49126917123794556,0.5871915817260742,0.20620253682136536,0.9999126195907593,0.4906037449836731,0.6050340533256531,-0.20596343278884888,0.9999719858169556,0.7029011249542236,0.5372151732444763,0.16649456322193146,0.6401891112327576,0.712259829044342,0.5567389726638794,-0.3256464898586273,0.9960125684738159,0.7216796278953552,0.6429881453514099,0.31536316871643066,0.809015154838562,0.735187292098999,0.6642672419548035,-0.1571158617734909,0.994962215423584,0.7081975340843201,0.6501938104629517,0.3290826082229614,0.8547834157943726,0.7173396348953247,0.6818452477455139,-0.13805684447288513,0.9891632199287415,0.8038647174835205,0.6514068841934204,0.32907670736312866,0.8901232481002808,0.8488128185272217,0.6830754280090332,-0.1535331755876541,0.9930916428565979
143,bridge,1,0.14589405059814453,0.6098172664642334,0.10063803195953369,0.9999890923500061,0.1297731101512909,0.6134817600250244,0.12772752344608307,0.9999749064445496,0.12983344495296478,0.6142627596855164,0.12762194871902466,0.9999709725379944,0.12998569011688232,0.6151939034461975,0.1276215761899948,0.9999718070030212,0.12857411801815033,0.614832878112793,0.06585827469825745,0.9999914765357971,0.12798014283180237,0.6164782643318176,0.06586263328790665,0.9999932050704956,0.12744101881980896,0.6185041069984436,0.06581482291221619,0.999993622303009,0.13750210404396057,0.6286013722419739,0.2573820948600769,0.9999631643295288,0.13390371203422546,0.6323737502098083,-0.024520626291632652,0.9999966025352478,0.16807404160499573,0.613208532333374,0.15401215851306915,0.9999454021453857,0.1652655005455017,0.6148321628570557,0.07271883636713028,0.9999858140945435,0.25891855359077454,0.6371982097625732,0.40862828493118286,0.9998036026954651,0.22481286525726318,0.6597938537597656,-0.1942814588546753,0.9999993443489075,0.4217950403690338,0.6499159932136536,0.45632290840148926,0.14701296389102936,0.3911961317062378,0.6780496835708618,-0.2926187813282013,0.9978264570236206,0.5489469766616821,0.6469095945358276,0.3624155819416046,0.26945018768310547,0.5470074415206909,0.6882649660110474,-0.35129114985466003,0.9975116848945618,0.5848529934883118,0.6459373831748962,0.3658539056777954,0.2589282691478729,0.5958349704742432,0.6930361986160278,-0.3960298001766205,0.9937096238136292,0.5896337628364563,0.6489166617393494,0.3225001096725464,0.254306435585022,0.6014792323112488,0.689469039440155,-0.38349705934524536,0.992975115776062,0.5737220048904419,0.6491712331771851,0.338222473859787,0.24003241956233978,0.5830056667327881,0.6864814758300781,-0.3430078327655792,0.9878982901573181,0.4930850565433502,0.5890671610832214,0.20615722239017487,0.9999142289161682,0.49203962087631226,0.6075038909912109,-0.20592011511325836,0.999972403049469,0.7028531432151794,0.5371801853179932,0.16752322018146515,0.6418914794921875,0.7124877572059631,0.5567936897277832,-0.3214944303035736,0.9960970282554626,0.7213980555534363,0.6429986953735352,0.31610116362571716,0.8134754300117493,0.735016405582428,0.6643242835998535,-0.1593032330274582,0.99506014585495,0.7090700268745422,0.649425208568573,0.3296678066253662,0.8578473329544067,0.7172682285308838,0.6819838285446167,-0.14118005335330963,0.989315927028656,0.8040006160736084,0.6520748138427734,0.33225247263908386,0.8928881883621216,0.848746657371521,0.6830847263336182,-0.155560702085495,0.9932398200035095
144,bridge,1,0.1449609249830246,0.6097890138626099,0.10703768581151962,0.9999893307685852,0.12895050644874573,0.6134795546531677,0.13479001820087433,0.9999755024909973,0.12905222177505493,0.6142603158950806,0.13467887043952942,0.9999719262123108,0.1292460411787033,0.6151908040046692,0.13467635214328766,0.9999725222587585,0.12793128192424774,0.6148306727409363,0.07335719466209412,0.9999916553497314,0.12744702398777008,0.6164737939834595,0.07336290180683136,0.9999933838844299,0.12696091830730438,0.6185017228126526,0.07332127541303635,0.9999937415122986,0.13707445561885834,0.6285732984542847,0.2647106945514679,0.9999643564224243,0.13359615206718445,0.6323398947715759,-0.01497791800647974,0.9999967217445374,0.1672149896621704,0.6131300926208496,0.16023670136928558,0.9999463558197021,0.1646117866039276,0.614747166633606,0.07948340475559235,0.9999860525131226,0.25900769233703613,0.6370816826820374,0.4140033423900604,0.9998061060905457,0.22481077909469604,0.6597946286201477,-0.18513992428779602,0.9999993443489075,0.42330828309059143,0.6500266194343567,0.45671457052230835,0.1436677724123001,0.39174970984458923,0.6780508756637573,-0.28212442994117737,0.9978760480880737,0.5506070256233215,0.6467664241790771,0.3629051744937897,0.2670357823371887,0.5474632382392883,0.6882952451705933,-0.3448592722415924,0.9975557327270508,0.5874288082122803,0.6456944346427917,0.3663809895515442,0.25767970085144043,0.5961707830429077,0.6930888891220093,-0.3899966776371002,0.9938110709190369,0.5929092764854431,0.6488624215126038,0.3233576714992523,0.25291207432746887,0.6019825339317322,0.6895215511322021,-0.3779403865337372,0.9930924773216248,0.5764740705490112,0.6491650938987732,0.33829593658447266,0.23892125487327576,0.5838434100151062,0.6865452527999878,-0.3369530737400055,0.9880772233009338,0.4938667118549347,0.5904045104980469,0.20604461431503296,0.9999164342880249,0.4929755628108978,0.6094991564750671,-0.20581528544425964,0.9999731183052063,0.702813446521759,0.5370002388954163,0.16884562373161316,0.6423689723014832,0.7127641439437866,0.5568503737449646,-0.32132232189178467,0.9961713552474976,0.7209423780441284,0.6423760056495667,0.32366910576820374,0.8170799016952515,0.7349545955657959,0.66437166929245,-0.15928471088409424,0.9951438307762146,0.7090041637420654,0.6482371687889099,0.3383226692676544,0.8603700995445251,0.7172800302505493,0.6819847226142883,-0.14101895689964294,0.989467203617096,0.8038750886917114,0.6508364081382751,0.34607329964637756,0.8952333927154541,0.8487805128097534,0.6829503774642944,-0.15175090730190277,0.9934031367301941
145,bridge,1,0.1443464607000351,0.6096541285514832,0.11595664918422699,0.9999896883964539,0.1283409595489502,0.6133930683135986,0.14421600103378296,0.9999763369560242,0.1284828633069992,0.6141745448112488,0.1441037952899933,0.9999731183052063,0.1287238597869873,0.6150972247123718,0.14409524202346802,0.999973475933075,0.12747293710708618,0.6147572994232178,0.08277254551649094,0.9999918937683105,0.12708744406700134,0.6163880825042725,0.08278272300958633,0.999993622303009,0.12666985392570496,0.6184133887290955,0.08274845033884048,0.9999939799308777,0.13679245114326477,0.6282095909118652,0.273776650428772,0.9999659061431885,0.13346154987812042,0.6320679187774658,-0.005504801403731108,0.9999969005584717,0.16681942343711853,0.6129525303840637,0.1689099222421646,0.9999476671218872,0.16436637938022614,0.614559531211853,0.08832662552595139,0.9999863505363464,0.2590034306049347,0.636660099029541,0.4242645502090454,0.999810516834259,0.22479073703289032,0.6597381234169006,-0.17962877452373505,0.9999994039535522,0.4232737421989441,0.65006023645401,0.46308737993240356,0.14082273840904236,0.39174872636795044,0.6779851913452148,-0.26896196603775024,0.9979405403137207,0.5512084364891052,0.646625280380249,0.36453527212142944,0.26355186104774475,0.5475983619689941,0.6883066892623901,-0.3160346746444702,0.9976068139076233,0.5883374810218811,0.645587146282196,0.36753857135772705,0.25488948822021484,0.5962163805961609,0.6932540535926819,-0.35873955488204956,0.993898868560791,0.5938752889633179,0.6488327383995056,0.3266970217227936,0.2499440610408783,0.6021019816398621,0.6895954012870789,-0.3475876748561859,0.9931924343109131,0.5775205492973328,0.6491018533706665,0.3406171500682831,0.23627179861068726,0.584068238735199,0.6865810751914978,-0.30800661444664,0.98821622133255,0.49574869871139526,0.5922046899795532,0.20603597164154053,0.9999194741249084,0.4950081408023834,0.6115764379501343,-0.20580726861953735,0.9999740719795227,0.7028752565383911,0.537387490272522,0.17507481575012207,0.6389377117156982,0.713187575340271,0.5569215416908264,-0.31743624806404114,0.9962506890296936,0.7206062078475952,0.6424922347068787,0.3314383625984192,0.8177574872970581,0.7349417209625244,0.6644774675369263,-0.15908034145832062,0.9951987266540527,0.7078200578689575,0.6484180688858032,0.3464452028274536,0.8605246543884277,0.7173532247543335,0.682214617729187,-0.1407095491886139,0.9895570278167725,0.8008742928504944,0.6510072350502014,0.35824018716812134,0.8957304954528809,0.8487637639045715,0.6829885244369507,-0.14647091925144196,0.9935004711151123
146,bridge,1,0.14363202452659607,0.6095300912857056,0.11469791829586029,0.999989926815033,0.12774859368801117,0.6133198738098145,0.14229989051818848,0.9999769330024719,0.12794850766658783,0.6140908002853394,0.14219382405281067,0.9999740123748779,0.12824949622154236,0.6149972081184387,0.14219041168689728,0.9999743103981018,0.12706732749938965,0.6146910786628723,0.08082854002714157,0.9999920725822449,0.12678249180316925,0.6163166165351868,0.08082463592290878,0.9999938011169434,0.12640193104743958,0.6183556914329529,0.08076900243759155,0.9999940991401672,0.1366337388753891,0.6279398798942566,0.27275770902633667,0.9999672174453735,0.13336610794067383,0.6319082379341125,-0.00695651862770319,0.9999970197677612,0.16626283526420593,0.6128222942352295,0.1687377542257309,0.9999483823776245,0.16401568055152893,0.6144274473190308,0.08798279613256454,0.9999865889549255,0.2589317858219147,0.6360344886779785,0.4235745668411255,0.9998121857643127,0.2247857302427292,0.6597356200218201,-0.18147718906402588,0.9999994039535522,0.4225063920021057,0.6500363349914551,0.45868298411369324,0.1381913274526596,0.39065712690353394,0.6780064702033997,-0.27260327339172363,0.9979974031448364,0.5514781475067139,0.6461704969406128,0.36474609375,0.26086053252220154,0.5474473237991333,0.688297688961029,-0.3196355998516083,0.9976236820220947,0.5883236527442932,0.6454291939735413,0.36829251050949097,0.25295132398605347,0.5958657264709473,0.6932687759399414,-0.36302945017814636,0.9939517378807068,0.5943783521652222,0.6487864255905151,0.32916367053985596,0.2478746771812439,0.6018895506858826,0.6895944476127625,-0.3503711223602295,0.9932591319084167,0.5783334374427795,0.6488921642303467,0.3412191867828369,0.23437927663326263,0.5839716196060181,0.6865707635879517,-0.31111735105514526,0.9883164167404175,0.503959059715271,0.5968528389930725,0.2060292661190033,0.9999209642410278,0.5033395290374756,0.6182176470756531,-0.2058008462190628,0.9999746084213257,0.7026657462120056,0.5373967885971069,0.17504429817199707,0.6382166743278503,0.7131348252296448,0.5570350289344788,-0.30823805928230286,0.9963507652282715,0.7183142304420471,0.6419527530670166,0.33546048402786255,0.8191298246383667,0.7352681756019592,0.6644383072853088,-0.14284901320934296,0.9953177571296692,0.706824004650116,0.6481726169586182,0.35128095746040344,0.8611175417900085,0.7180744409561157,0.6822652816772461,-0.12303561717271805,0.9898487329483032,0.7990706562995911,0.6525560617446899,0.3684469163417816,0.8965455293655396,0.8489032983779907,0.6829167604446411,-0.11806537210941315,0.9937219023704529
147,bridge,1,0.14256587624549866,0.6095260977745056,0.11535735428333282,0.9999902844429016,0.12733863294124603,0.6133167147636414,0.14280913770198822,0.9999778866767883,0.12753412127494812,0.6140839457511902,0.14270058274269104,0.9999752044677734,0.1277778297662735,0.6149917244911194,0.14267994463443756,0.9999755620956421,0.12662595510482788,0.6146857142448425,0.08183654397726059,0.9999923706054688,0.1261712610721588,0.6163148880004883,0.08186135441064835,0.9999940395355225,0.12559080123901367,0.6183586716651917,0.08182364702224731,0.9999942779541016,0.13624760508537292,0.627941370010376,0.2709977924823761,0.9999690055847168,0.13286477327346802,0.6319088935852051,-0.0059580509550869465,0.9999971389770508,0.16490106284618378,0.6128216981887817,0.16818423569202423,0.9999498724937439,0.16284717619419098,0.6144294738769531,0.08812710642814636,0.9999868869781494,0.2589300572872162,0.6357190012931824,0.42170560359954834,0.9998161196708679,0.22475038468837738,0.6597558856010437,-0.17957910895347595,0.9999994039535522,0.4215390980243683,0.6499257683753967,0.4588102698326111,0.13460545241832733,0.3894564211368561,0.6780049204826355,-0.2729332745075226,0.9979972243309021,0.5515317916870117,0.6463754177093506,0.3769434690475464,0.25641289353370667,0.5474495887756348,0.6882429718971252,-0.32913628220558167,0.9975718855857849,0.5882841348648071,0.6460496783256531,0.383459210395813,0.2494327872991562,0.5957786440849304,0.693336546421051,-0.37334930896759033,0.9938851594924927,0.5943102836608887,0.6494624018669128,0.34629008173942566,0.24425163865089417,0.6017780303955078,0.6897855997085571,-0.3593590259552002,0.9931939840316772,0.5785861611366272,0.6492654085159302,0.3557308316230774,0.23145000636577606,0.5840106010437012,0.6866644620895386,-0.3203953504562378,0.988211989402771,0.5103140473365784,0.6006852984428406,0.20602978765964508,0.9999234676361084,0.5099503397941589,0.6235533356666565,-0.20580880343914032,0.9999752044677734,0.7018411159515381,0.537554919719696,0.17385295033454895,0.6394495368003845,0.7131402492523193,0.5574846863746643,-0.3049590289592743,0.9963970184326172,0.7185624837875366,0.6434743404388428,0.33595016598701477,0.819676399230957,0.7364710569381714,0.6647396087646484,-0.12904292345046997,0.9953181743621826,0.7077432870864868,0.6486547589302063,0.352369099855423,0.8612397909164429,0.7181202173233032,0.6827921867370605,-0.10754657536745071,0.9899504780769348,0.8047102093696594,0.6528641581535339,0.37077558040618896,0.8964595794677734,0.8489077091217041,0.6829202771186829,-0.09757418185472488,0.9938024878501892
148,bridge,1,0.14251504838466644,0.6095758676528931,0.11505118757486343,0.9999908804893494,0.12736156582832336,0.6133664846420288,0.1425357162952423,0.9999792575836182,0.12754639983177185,0.6141131520271301,0.14242534339427948,0.9999767541885376,0.12777875363826752,0.6150227785110474,0.14239615201950073,0.999977171421051,0.1266205608844757,0.614789605140686,0.08236472308635712,0.999992847442627,0.1261254996061325,0.616527259349823,0.08239079266786575,0.9999943971633911,0.1255083978176117,0.6186580061912537,0.0823478028178215,0.9999946355819702,0.13623283803462982,0.628000795841217,0.2697540521621704,0.9999712705612183,0.13285605609416962,0.6320468783378601,-0.0031665281858295202,0.9999973177909851,0.16475999355316162,0.6128847599029541,0.16723573207855225,0.9999524354934692,0.16274374723434448,0.6145286560058594,0.08793628960847855,0.9999875426292419,0.26010605692863464,0.6354675889015198,0.4209623634815216,0.9998242259025574,0.22476394474506378,0.6599692702293396,-0.17827700078487396,0.999999463558197,0.42185795307159424,0.6499223113059998,0.4567243158817291,0.13166725635528564,0.3894675672054291,0.6780317425727844,-0.2993699610233307,0.997927725315094,0.5532939434051514,0.6472968459129333,0.38157927989959717,0.2518690824508667,0.5477042198181152,0.6881401538848877,-0.4088347256183624,0.9974685311317444,0.5896788835525513,0.646773636341095,0.38994237780570984,0.24514441192150116,0.5959582328796387,0.6933534145355225,-0.4585578739643097,0.9937540292739868,0.5959420204162598,0.649619996547699,0.3536950945854187,0.23982983827590942,0.6017330884933472,0.6897880434989929,-0.44013628363609314,0.9930568337440491,0.5802005529403687,0.6494371891021729,0.36155587434768677,0.22757144272327423,0.584326982498169,0.6866086721420288,-0.40000712871551514,0.9880102276802063,0.5164459347724915,0.6056594848632812,0.20603226125240326,0.999927282333374,0.5145414471626282,0.6276582479476929,-0.20582328736782074,0.9999764561653137,0.6994389295578003,0.5392934679985046,0.1813734769821167,0.6359999775886536,0.7118439078330994,0.5576874017715454,-0.30635008215904236,0.9963895678520203,0.7191690802574158,0.6443979144096375,0.3387857675552368,0.8144314885139465,0.738217830657959,0.6656548976898193,-0.13096758723258972,0.9952033162117004,0.7017725706100464,0.6493062973022461,0.3547922372817993,0.8572039008140564,0.7184370756149292,0.6840420365333557,-0.11006931215524673,0.9899047017097473,0.8017783164978027,0.6535288095474243,0.3759087324142456,0.892890453338623,0.8515350818634033,0.6831884980201721,-0.11022186279296875,0.99375981092453
149,bridge,1,0.14257125556468964,0.6096084117889404,0.08631947636604309,0.9999912977218628,0.12736937403678894,0.6134453415870667,0.1121692955493927,0.999980092048645,0.12754592299461365,0.6141753792762756,0.11208351701498032,0.9999775886535645,0.12777036428451538,0.6150925159454346,0.11205846816301346,0.9999781847000122,0.1266101449728012,0.6149418950080872,0.05294322967529297,0.9999931454658508,0.12610045075416565,0.6167529821395874,0.052935775369405746,0.9999946355819702,0.1254882663488388,0.6189119815826416,0.05283734202384949,0.9999948740005493,0.1362209916114807,0.6280574798583984,0.23298150300979614,0.9999726414680481,0.13288834691047668,0.632107675075531,-0.03469136729836464,0.9999974370002747,0.16476024687290192,0.6128929853439331,0.13582971692085266,0.9999538660049438,0.16275158524513245,0.614557147026062,0.05797809734940529,0.9999880194664001,0.26006779074668884,0.6352184414863586,0.39066082239151,0.9998281598091125,0.22455474734306335,0.659810483455658,-0.21733129024505615,0.9999995231628418,0.4212806224822998,0.6496379375457764,0.4340763986110687,0.13201288878917694,0.38907039165496826,0.6780431270599365,-0.3607054352760315,0.9977914094924927,0.5534178018569946,0.6474477052688599,0.3783416748046875,0.24723286926746368,0.5476201772689819,0.6867471933364868,-0.4737277328968048,0.9973240494728088,0.5901434421539307,0.6467587351799011,0.38807010650634766,0.2391657531261444,0.5958015322685242,0.6921501755714417,-0.5294041633605957,0.9935383796691895,0.5970531105995178,0.6492090821266174,0.3518032133579254,0.23380160331726074,0.6012250781059265,0.6886627078056335,-0.5077096223831177,0.9928265810012817,0.5809845328330994,0.6490513682365417,0.3586193025112152,0.22187985479831696,0.5843585133552551,0.685272216796875,-0.4635799527168274,0.9876347184181213,0.5206387639045715,0.6099931597709656,0.2068387120962143,0.9999278783798218,0.5194470286369324,0.6305713057518005,-0.20672167837619781,0.999976634979248,0.6969215273857117,0.5423505902290344,0.1991114318370819,0.6290680170059204,0.7111521363258362,0.5574427247047424,-0.3043385446071625,0.9964460730552673,0.7183994650840759,0.6347599625587463,0.35027751326560974,0.8111484050750732,0.7403005957603455,0.6657577157020569,-0.1341700255870819,0.9951921105384827,0.7006784081459045,0.6477332711219788,0.3646082878112793,0.8546199798583984,0.721762478351593,0.6841451525688171,-0.11381653696298599,0.9900750517845154,0.8056426644325256,0.6551341414451599,0.37824752926826477,0.8908291459083557,0.8527236580848694,0.6828634142875671,-0.10934723913669586,0.9937900900840759
150,bridge,1,0.1431061178445816,0.6096693277359009,0.0683431550860405,0.9999912977218628,0.1274530291557312,0.6135597825050354,0.09365417063236237,0.9999794960021973,0.1276056319475174,0.6143136620521545,0.09356900304555893,0.9999767541885376,0.1278110295534134,0.6152804493904114,0.09353872388601303,0.9999778866767883,0.12669189274311066,0.615070104598999,0.033161718398332596,0.9999929666519165,0.12617501616477966,0.6168939471244812,0.03313620015978813,0.9999944567680359,0.12555499374866486,0.6190233826637268,0.03300439938902855,0.9999947547912598,0.13620950281620026,0.6282084584236145,0.21368743479251862,0.9999723434448242,0.1330317258834839,0.6321229338645935,-0.059321727603673935,0.9999973177909851,0.16486650705337524,0.6129751205444336,0.11770609766244888,0.9999520182609558,0.1629853993654251,0.6146384477615356,0.03842338174581528,0.999987781047821,0.25827014446258545,0.635140597820282,0.37624695897102356,0.9998269081115723,0.22419340908527374,0.6598070859909058,-0.24262450635433197,0.9999995231628418,0.41730278730392456,0.6493895649909973,0.42734789848327637,0.12757998704910278,0.38790422677993774,0.6780949831008911,-0.38954609632492065,0.9976235032081604,0.5533952713012695,0.6474045515060425,0.3782792091369629,0.23640522360801697,0.5473045110702515,0.6855444312095642,-0.49535444378852844,0.9971350431442261,0.5901048183441162,0.6459042429924011,0.38708680868148804,0.22802020609378815,0.5955435633659363,0.6904003620147705,-0.5526984333992004,0.9932539463043213,0.5969913601875305,0.6474438309669495,0.34893834590911865,0.2228187769651413,0.6010459065437317,0.686668336391449,-0.530231237411499,0.9925253391265869,0.5808499455451965,0.6479957699775696,0.3583284616470337,0.21194052696228027,0.5844944715499878,0.6831110119819641,-0.48490461707115173,0.987128496170044,0.5221496224403381,0.6122224926948547,0.20744049549102783,0.999925434589386,0.5243798494338989,0.6332952380180359,-0.20736342668533325,0.9999756217002869,0.6922273635864258,0.5446022748947144,0.19931353628635406,0.6215092539787292,0.71043860912323,0.5577652454376221,-0.30269894003868103,0.9964441061019897,0.7180199027061462,0.6360041499137878,0.36155712604522705,0.8048685193061829,0.7408550381660461,0.6657483577728271,-0.13466443121433258,0.9951908588409424,0.6991469860076904,0.6473305821418762,0.37656962871551514,0.8500634431838989,0.7239664793014526,0.684026300907135,-0.11468314379453659,0.9902482628822327,0.8046236038208008,0.6561436653137207,0.3857172131538391,0.8871284127235413,0.8526564836502075,0.6826028227806091,-0.11157458275556564,0.9938339591026306
151,bridge,1,0.14371903240680695,0.609591007232666,0.07053979486227036,0.9999909996986389,0.1275247186422348,0.6135050654411316,0.09550466388463974,0.9999780058860779,0.12766548991203308,0.614258885383606,0.09540744870901108,0.9999750256538391,0.1278502643108368,0.6152322888374329,0.09536916762590408,0.9999768733978271,0.12675125896930695,0.6150495409965515,0.03609580919146538,0.9999924898147583,0.12621431052684784,0.6168827414512634,0.03605371341109276,0.9999940395355225,0.12557116150856018,0.6190083026885986,0.03592710569500923,0.9999944567680359,0.13619929552078247,0.6281647086143494,0.2131279557943344,0.9999715089797974,0.13305138051509857,0.6321213245391846,-0.05423300713300705,0.9999970197677612,0.16502805054187775,0.6128658652305603,0.1189112514257431,0.9999473690986633,0.16339364647865295,0.6146069765090942,0.04122196137905121,0.9999868869781494,0.2569567859172821,0.6348177790641785,0.36877837777137756,0.9998231530189514,0.224179208278656,0.6597254276275635,-0.2328970730304718,0.9999995231628418,0.415526419878006,0.648992121219635,0.42049428820610046,0.12398294359445572,0.38773471117019653,0.6780907511711121,-0.37212520837783813,0.9974800944328308,0.5532174706459045,0.6474803686141968,0.3777667284011841,0.2260902374982834,0.5466150045394897,0.6853048205375671,-0.46894580125808716,0.9968796372413635,0.5900551676750183,0.6458986401557922,0.387564092874527,0.21713297069072723,0.5950517654418945,0.6900268793106079,-0.5224013328552246,0.9928243160247803,0.5968694090843201,0.6468607783317566,0.3481987714767456,0.21216066181659698,0.601032018661499,0.6863669753074646,-0.4990708529949188,0.9920729398727417,0.580772340297699,0.6476871371269226,0.35737770795822144,0.20232707262039185,0.584591269493103,0.6827921271324158,-0.457790344953537,0.9864282608032227,0.5262870192527771,0.6153647303581238,0.20542873442173004,0.9999218583106995,0.5284905433654785,0.6378240585327148,-0.20540772378444672,0.9999743700027466,0.6855032444000244,0.5449568629264832,0.1949978768825531,0.6161502599716187,0.7068870663642883,0.558077335357666,-0.2868587076663971,0.9963847398757935,0.7176105380058289,0.6361809968948364,0.3594941198825836,0.7993741631507874,0.740761399269104,0.665742814540863,-0.12198320031166077,0.9952446818351746,0.6900910139083862,0.6476959586143494,0.37514007091522217,0.8456239700317383,0.7252225279808044,0.6827768683433533,-0.10232295095920563,0.9904109835624695,0.8011288642883301,0.6560633182525635,0.38415244221687317,0.8843652009963989,0.8526029586791992,0.6821208596229553,-0.10069931298494339,0.9939523935317993
152,bridge,1,0.14402996003627777,0.609587550163269,0.07277951389551163,0.9999906420707703,0.12754729390144348,0.6135507822036743,0.09799851477146149,0.9999764561653137,0.1276821792125702,0.6143014430999756,0.09789153933525085,0.9999730587005615,0.12785303592681885,0.615259051322937,0.09784426540136337,0.999975860118866,0.12677974998950958,0.6151117086410522,0.037760570645332336,0.9999919533729553,0.1262282431125641,0.6169260740280151,0.03771320730447769,0.9999935030937195,0.12557785212993622,0.6190335750579834,0.03757472708821297,0.9999940991401672,0.13618719577789307,0.6281648278236389,0.21572895348072052,0.9999704957008362,0.13303765654563904,0.632317841053009,-0.05545033887028694,0.9999966621398926,0.16536810994148254,0.6128333210945129,0.12109711766242981,0.9999430179595947,0.16403435170650482,0.6146053671836853,0.04236093536019325,0.9999861121177673,0.25655603408813477,0.6344923377037048,0.3742835223674774,0.9998229146003723,0.22421206533908844,0.659735918045044,-0.2419692426919937,0.9999995231628418,0.4150209128856659,0.6483673453330994,0.4267733097076416,0.11987757682800293,0.3877449333667755,0.678351104259491,-0.39364761114120483,0.9973195195198059,0.5536739826202393,0.6470077037811279,0.3872605860233307,0.21560131013393402,0.547106921672821,0.6853662133216858,-0.49552470445632935,0.9965912699699402,0.5918380618095398,0.6455190181732178,0.40010812878608704,0.20640572905540466,0.5956084132194519,0.6901475787162781,-0.5513449907302856,0.9923223257064819,0.5979323387145996,0.6461312174797058,0.35838764905929565,0.20168337225914001,0.6026618480682373,0.6864326000213623,-0.5257124900817871,0.9915393590927124,0.5815252661705017,0.6470961570739746,0.3663725256919861,0.19303558766841888,0.586300253868103,0.6828440427780151,-0.4835464060306549,0.9855935573577881,0.5290949940681458,0.6187385320663452,0.20568948984146118,0.9999215006828308,0.5302363038063049,0.6424785256385803,-0.20568500459194183,0.9999741315841675,0.683612585067749,0.5445082783699036,0.20211640000343323,0.6096808314323425,0.7020610570907593,0.5589895844459534,-0.2871221899986267,0.9963313937187195,0.7172074317932129,0.6389470100402832,0.39580610394477844,0.7923197150230408,0.7407053112983704,0.6657654047012329,-0.12582054734230042,0.995352566242218,0.6845208406448364,0.6485994458198547,0.41433778405189514,0.8406341671943665,0.7252702116966248,0.682188093662262,-0.10500851273536682,0.9906680583953857,0.8001617789268494,0.6545252203941345,0.4240110218524933,0.8802584409713745,0.8526862859725952,0.6816238760948181,-0.10632461309432983,0.9941152930259705
153,bridge,1,0.14404115080833435,0.6095911860466003,0.08743377029895782,0.9999910593032837,0.12743569910526276,0.6136645078659058,0.11118076741695404,0.9999772310256958,0.12759336829185486,0.6143761277198792,0.11105174571275711,0.999973714351654,0.1277957409620285,0.6152819991111755,0.11097291857004166,0.9999768733978271,0.12661011517047882,0.6152246594429016,0.05456974357366562,0.9999922513961792,0.1260625571012497,0.6169752478599548,0.05450556427240372,0.9999936819076538,0.12544530630111694,0.6190593242645264,0.05431944504380226,0.9999942779541016,0.13614653050899506,0.6281394958496094,0.2171422690153122,0.9999719858169556,0.1326182335615158,0.6325421929359436,-0.03242112323641777,0.9999967217445374,0.16541725397109985,0.6127985119819641,0.13168400526046753,0.9999451637268066,0.16413334012031555,0.61459881067276,0.05820751190185547,0.9999867081642151,0.25647976994514465,0.63375324010849,0.37661099433898926,0.9998300671577454,0.223757803440094,0.6597287058830261,-0.24135355651378632,0.9999995231628418,0.41327103972435,0.6469441652297974,0.4498361349105835,0.11744832992553711,0.38661205768585205,0.6786143779754639,-0.3805159330368042,0.9972043037414551,0.5540600419044495,0.64690101146698,0.4218866527080536,0.2075924277305603,0.54684978723526,0.6854231953620911,-0.49586373567581177,0.996387779712677,0.5959348678588867,0.6455846428871155,0.4361814856529236,0.19766992330551147,0.5955809950828552,0.6902782320976257,-0.5531518459320068,0.9919105768203735,0.6008101105690002,0.6460946798324585,0.39304280281066895,0.19301632046699524,0.6027428507804871,0.6864826679229736,-0.5271257758140564,0.9910739064216614,0.5830844640731812,0.6469153761863708,0.4007296860218048,0.18545055389404297,0.5862698554992676,0.6827021241188049,-0.4842239022254944,0.984931468963623,0.530077338218689,0.6209918856620789,0.20406970381736755,0.9999241232872009,0.529508113861084,0.6448718309402466,-0.20406442880630493,0.9999749660491943,0.6830839514732361,0.5442855358123779,0.19499289989471436,0.5965897440910339,0.6987480521202087,0.5592511296272278,-0.2835966944694519,0.9962751269340515,0.7103060483932495,0.6378944516181946,0.38443416357040405,0.7784290313720703,0.7399281859397888,0.6660234332084656,-0.1429389864206314,0.9954620003700256,0.6820333003997803,0.6503056287765503,0.40282946825027466,0.8304391503334045,0.7251610159873962,0.6823496222496033,-0.12594972550868988,0.9909918904304504,0.8013666868209839,0.6543325781822205,0.41327688097953796,0.8704746961593628,0.8532432913780212,0.6820849776268005,-0.13213017582893372,0.9942456483840942
154,bridge,1,0.14385579526424408,0.6098288893699646,0.06563389301300049,0.9999911785125732,0.12709882855415344,0.6138336062431335,0.08938144147396088,0.9999770522117615,0.1272842288017273,0.6144780516624451,0.08925832062959671,0.9999731779098511,0.12753291428089142,0.6153290867805481,0.08918855339288712,0.9999769926071167,0.12630616128444672,0.6153300404548645,0.031499579548835754,0.9999921917915344,0.12577258050441742,0.6170664429664612,0.0314437597990036,0.9999935626983643,0.12514948844909668,0.61915522813797,0.03125951811671257,0.9999942779541016,0.13605572283267975,0.6281415820121765,0.20234797894954681,0.9999720454216003,0.1321335881948471,0.632857620716095,-0.056585125625133514,0.9999966025352478,0.16533435881137848,0.6128161549568176,0.11182421445846558,0.9999452829360962,0.16406823694705963,0.614669919013977,0.03637475520372391,0.9999868869781494,0.25627169013023376,0.6332992911338806,0.36623331904411316,0.9998314380645752,0.22339195013046265,0.6596845388412476,-0.25294825434684753,0.9999995231628418,0.41273248195648193,0.6456278562545776,0.44026631116867065,0.1139451414346695,0.38643747568130493,0.6789206266403198,-0.4023720324039459,0.9970693588256836,0.554446816444397,0.6461450457572937,0.41171884536743164,0.19963771104812622,0.5472456216812134,0.6854522228240967,-0.4982786774635315,0.9960900545120239,0.5976599454879761,0.6453074216842651,0.4219740331172943,0.18934229016304016,0.5966950058937073,0.6909957528114319,-0.5555575489997864,0.9913047552108765,0.6022478938102722,0.6452769041061401,0.38410618901252747,0.18491585552692413,0.6036795377731323,0.6865423321723938,-0.5311149954795837,0.9903954267501831,0.5844501852989197,0.6462045311927795,0.3916814625263214,0.17832350730895996,0.5864903926849365,0.6824733018875122,-0.48692014813423157,0.9839364886283875,0.5299015641212463,0.6222568154335022,0.20392243564128876,0.9999251961708069,0.5289707183837891,0.6465468406677246,-0.2039189338684082,0.9999747276306152,0.6816712021827698,0.5443505048751831,0.19124583899974823,0.5931943655014038,0.6953800320625305,0.5595793724060059,-0.2820613980293274,0.9962589740753174,0.7107710242271423,0.6373928189277649,0.38036614656448364,0.771382212638855,0.739563524723053,0.6657107472419739,-0.13455256819725037,0.9955971837043762,0.6841060519218445,0.6511457562446594,0.3984837830066681,0.8250145316123962,0.7253206968307495,0.683069109916687,-0.11707252264022827,0.991268515586853,0.8017342686653137,0.6539823412895203,0.40701824426651,0.8660206198692322,0.8530614376068115,0.6829718947410583,-0.12781313061714172,0.9944127202033997
155,bridge,1,0.14416992664337158,0.6102192401885986,0.04036251828074455,0.9999898076057434,0.12722867727279663,0.6138866543769836,0.06400538980960846,0.9999725818634033,0.1274143010377884,0.6144999861717224,0.06388886272907257,0.9999667406082153,0.12766294181346893,0.6153330206871033,0.06382134556770325,0.9999730587005615,0.12640805542469025,0.6154261827468872,0.004106434993445873,0.9999906420707703,0.12586812674999237,0.6172171831130981,0.0040563009679317474,0.9999920129776001,0.12523464858531952,0.6193423867225647,0.0038575734943151474,0.9999931454658508,0.13604500889778137,0.6281362771987915,0.18155689537525177,0.9999656081199646,0.13205741345882416,0.6331366896629333,-0.08698222041130066,0.9999954104423523,0.16551388800144196,0.6129147410392761,0.08851601928472519,0.9999359250068665,0.1642073541879654,0.6150171160697937,0.010440417565405369,0.9999852180480957,0.2557635009288788,0.6330299973487854,0.3554545044898987,0.9998199343681335,0.22291596233844757,0.6594511270523071,-0.279981791973114,0.9999994039535522,0.4093685746192932,0.6445183157920837,0.4399466812610626,0.10778526216745377,0.3853149116039276,0.679002046585083,-0.4266314208507538,0.9968250393867493,0.5487150549888611,0.6447851657867432,0.40617096424102783,0.18957719206809998,0.5475265979766846,0.6847347617149353,-0.5081104636192322,0.9956479072570801,0.5946374535560608,0.6444438099861145,0.41974955797195435,0.18011786043643951,0.5971713066101074,0.6911565661430359,-0.5660984516143799,0.9904522895812988,0.5986908674240112,0.6442530751228333,0.3747498393058777,0.1759684532880783,0.6037707924842834,0.6860551238059998,-0.5431895852088928,0.9894475936889648,0.5797926187515259,0.6453650593757629,0.3839627802371979,0.1702803075313568,0.5859796404838562,0.6812497973442078,-0.4972631633281708,0.9825025200843811,0.5315250754356384,0.6235538125038147,0.2042757272720337,0.9999227523803711,0.5302636623382568,0.6477953195571899,-0.20427903532981873,0.9999719858169556,0.6789320707321167,0.5449024438858032,0.15832969546318054,0.5892412662506104,0.6900871992111206,0.5599305033683777,-0.28364020586013794,0.9960373044013977,0.7109862565994263,0.6386054754257202,0.3792518973350525,0.7622379660606384,0.738734781742096,0.6652985215187073,-0.10986821353435516,0.995618999004364,0.6906589865684509,0.6550236940383911,0.39545896649360657,0.8186620473861694,0.7252203822135925,0.6837930679321289,-0.09011711180210114,0.9912911057472229,0.804330050945282,0.6539890170097351,0.4003664255142212,0.8606223464012146,0.8535236716270447,0.683094322681427,-0.10756586492061615,0.9944608807563782
162,bridge,1,0.14705216884613037,0.6101351380348206,0.04319657385349274,0.9999681115150452,0.12879277765750885,0.6137540936470032,0.06814679503440857,0.9999242424964905,0.12860679626464844,0.6143051385879517,0.06799719482660294,0.9998937249183655,0.128525972366333,0.6150442361831665,0.06789033859968185,0.9999328255653381,0.1279946118593216,0.6155476570129395,0.001695871353149414,0.9999722838401794,0.12707874178886414,0.6173968315124512,0.0016537097981199622,0.9999719858169556,0.12622317671775818,0.6197010278701782,0.0014416647609323263,0.999979555606842,0.1358533501625061,0.6281953454017639,0.18790613114833832,0.999878466129303,0.13193616271018982,0.6332526206970215,-0.10044333338737488,0.999976396560669,0.16892999410629272,0.6129149198532104,0.09288418292999268,0.9997847676277161,0.16806061565876007,0.615260899066925,0.006586039438843727,0.9999546408653259,0.25820067524909973,0.6323265433311462,0.37474772334098816,0.9996553063392639,0.2243729680776596,0.6589797735214233,-0.29591578245162964,0.9999976754188538,0.408152312040329,0.6421195268630981,0.49175024032592773,0.06959259510040283,0.38926729559898376,0.678857147693634,-0.4432632625102997,0.9943795800209045,0.5356345176696777,0.6408918499946594,0.4480786919593811,0.13277237117290497,0.5493162274360657,0.6842471957206726,-0.5023525953292847,0.9922073483467102,0.5768463015556335,0.64242023229599,0.4658881425857544,0.13270603120326996,0.5962538123130798,0.6928703784942627,-0.561137318611145,0.9845700263977051,0.5804484486579895,0.6432125568389893,0.41036415100097656,0.13040167093276978,0.6032865047454834,0.6864807605743408,-0.540463924407959,0.9831250309944153,0.5652852058410645,0.643440306186676,0.4216252267360687,0.12993673980236053,0.5853468179702759,0.6819296479225159,-0.49232763051986694,0.9729396104812622,0.5322718620300293,0.630087673664093,0.20821179449558258,0.9998971223831177,0.530274510383606,0.6532459855079651,-0.208240807056427,0.9999446272850037,0.6631403565406799,0.5504816174507141,0.14894212782382965,0.576794445514679,0.6709777116775513,0.5639099478721619,-0.2677619159221649,0.9913370013237,0.7065432071685791,0.6434816122055054,0.373208224773407,0.6831930875778198,0.7338299751281738,0.6654779314994812,-0.07415144890546799,0.9942854046821594,0.6948831081390381,0.6618167757987976,0.3936965763568878,0.7604328989982605,0.7212789058685303,0.6846718192100525,-0.0521676167845726,0.9880135655403137,0.8019416928291321,0.6574008464813232,0.3892042636871338,0.8098446726799011,0.8473581671714783,0.6832091808319092,-0.07445114850997925,0.9931894540786743
163,bridge,1,0.14708039164543152,0.6100589632987976,0.04391138628125191,0.9999621510505676,0.12879574298858643,0.613754153251648,0.06873181462287903,0.9999120831489563,0.1286095827817917,0.6143043637275696,0.06858957558870316,0.9998764395713806,0.12852852046489716,0.6150403618812561,0.06849147379398346,0.9999232292175293,0.12799739837646484,0.6155416369438171,0.0032066786661744118,0.9999671578407288,0.12708236277103424,0.61738121509552,0.003164618043228984,0.9999665021896362,0.1262298822402954,0.6196931004524231,0.0029606185853481293,0.999975860118866,0.1358630657196045,0.628200113773346,0.18820834159851074,0.9998565912246704,0.131971076130867,0.6332194209098816,-0.10106207430362701,0.9999709129333496,0.16909612715244293,0.6128662824630737,0.0934143140912056,0.9997395873069763,0.16823258996009827,0.6151814460754395,0.008292635902762413,0.9999445676803589,0.2584879398345947,0.6318191289901733,0.3758634328842163,0.9996209740638733,0.2251143753528595,0.6588693261146545,-0.29593387246131897,0.999997079372406,0.4077182114124298,0.6411702036857605,0.4897322356700897,0.06507309526205063,0.389950692653656,0.6788167953491211,-0.437956839799881,0.9938493371009827,0.5356065034866333,0.6409757733345032,0.4445934593677521,0.12565958499908447,0.5493953227996826,0.6842496991157532,-0.4913482964038849,0.9914134740829468,0.5767760276794434,0.6429030895233154,0.46140924096107483,0.12675857543945312,0.5962725877761841,0.6928994059562683,-0.5491969585418701,0.9832821488380432,0.5805410146713257,0.643757700920105,0.40703606605529785,0.12471040338277817,0.6033727526664734,0.6867974400520325,-0.5291478633880615,0.9817542433738708,0.5650933980941772,0.6437719464302063,0.41849496960639954,0.12481698393821716,0.585569441318512,0.6822430491447449,-0.4813736081123352,0.970833420753479,0.5320959687232971,0.6302995681762695,0.20866794884204865,0.9998933672904968,0.5302319526672363,0.6533258557319641,-0.2086995244026184,0.999939501285553,0.6628538370132446,0.5510038137435913,0.14984939992427826,0.5746971964836121,0.6703006029129028,0.564803421497345,-0.2685389816761017,0.9903421401977539,0.7067020535469055,0.6438053846359253,0.37311628460884094,0.6750567555427551,0.7335125207901001,0.6653699278831482,-0.06783057749271393,0.9938669204711914,0.6948913335800171,0.6626945734024048,0.39355453848838806,0.753787100315094,0.7198173999786377,0.6845470666885376,-0.044754866510629654,0.9869493842124939,0.8035439848899841,0.6577905416488647,0.38922378420829773,0.8050245642662048,0.8462556600570679,0.6823425889015198,-0.06765760481357574,0.9928219318389893
164,bridge,1,0.1472659856081009,0.6099811792373657,0.04402225464582443,0.9999561905860901,0.12881262600421906,0.6137524843215942,0.06893915683031082,0.9999001622200012,0.1286228597164154,0.6143034100532532,0.06878777593374252,0.9998589158058167,0.12854282557964325,0.6150400638580322,0.06868048757314682,0.9999136924743652,0.12802782654762268,0.6155040264129639,0.0041269296780228615,0.9999622702598572,0.12711283564567566,0.6173239946365356,0.004084150772541761,0.9999611973762512,0.12626531720161438,0.6196327805519104,0.003885747166350484,0.9999722838401794,0.13589909672737122,0.6282328367233276,0.18898078799247742,0.9998335242271423,0.13204599916934967,0.6331851482391357,-0.10103052109479904,0.999965488910675,0.1694050133228302,0.6128526926040649,0.09389496594667435,0.999699056148529,0.1685325652360916,0.6150975823402405,0.009310400113463402,0.9999356269836426,0.2585645020008087,0.6315493583679199,0.3773501217365265,0.9995934367179871,0.2257467806339264,0.6588181257247925,-0.29525643587112427,0.999996542930603,0.4066092073917389,0.6404832005500793,0.49399077892303467,0.06083695963025093,0.39063289761543274,0.6788154244422913,-0.43720245361328125,0.9934212565422058,0.5347925424575806,0.6406375765800476,0.44595885276794434,0.11892963945865631,0.549515426158905,0.6842535734176636,-0.4830035865306854,0.9907277822494507,0.57490473985672,0.6426897048950195,0.46229037642478943,0.12119843065738678,0.5963148474693298,0.6929776668548584,-0.5402972102165222,0.9821692109107971,0.578729510307312,0.6435911655426025,0.4074915647506714,0.11939363926649094,0.6034329533576965,0.6869253516197205,-0.5208711624145508,0.9805793166160583,0.5638533234596252,0.6436013579368591,0.4196038842201233,0.12005947530269623,0.5859386920928955,0.6824337840080261,-0.47315147519111633,0.9690455198287964,0.5319929122924805,0.6302417516708374,0.2086973935365677,0.9998906254768372,0.5301485061645508,0.6533691883087158,-0.20872841775417328,0.9999350905418396,0.6625692248344421,0.5509265661239624,0.14876709878444672,0.5731415748596191,0.6697931289672852,0.5649890303611755,-0.2737814784049988,0.9893295168876648,0.7067380547523499,0.6437802910804749,0.3724493086338043,0.6674384474754333,0.7333394885063171,0.6652440428733826,-0.06591373682022095,0.9934160709381104,0.6958765387535095,0.6627819538116455,0.3932356536388397,0.7477335929870605,0.719158947467804,0.684488832950592,-0.042021892964839935,0.985885739326477,0.804719865322113,0.6578109264373779,0.3872157335281372,0.800356388092041,0.8462472558021545,0.6817841529846191,-0.06373081356287003,0.9924300312995911
165,bridge,1,0.14757753908634186,0.6099749207496643,0.035842347890138626,0.9999522566795349,0.12899860739707947,0.6137862801551819,0.06110405549407005,0.9998929500579834,0.12879176437854767,0.6143457889556885,0.060951098799705505,0.9998490214347839,0.1286948174238205,0.6151061058044434,0.06086107715964317,0.999907374382019,0.12818071246147156,0.6155051589012146,-0.006989666726440191,0.9999596476554871,0.1272362619638443,0.6173266768455505,-0.0070493570528924465,0.9999585747718811,0.12636780738830566,0.6196380257606506,-0.007273890543729067,0.9999703168869019,0.1359376311302185,0.6285211443901062,0.18377892673015594,0.9998249411582947,0.13218306005001068,0.6331859827041626,-0.12016050517559052,0.9999638199806213,0.16968443989753723,0.612876832485199,0.08697663247585297,0.9996825456619263,0.16873174905776978,0.6150833964347839,-0.0012990414397791028,0.9999316930770874,0.2589055299758911,0.6315597891807556,0.3771079182624817,0.9995919466018677,0.2265714406967163,0.6591808795928955,-0.31681329011917114,0.9999963641166687,0.4027598202228546,0.6390475630760193,0.49956896901130676,0.05735617130994797,0.3802622854709625,0.6802355051040649,-0.4777615964412689,0.9932388067245483,0.5350968241691589,0.6421954035758972,0.44710689783096313,0.11326688528060913,0.5470119118690491,0.684157133102417,-0.5606749653816223,0.9905121922492981,0.5753411054611206,0.6430137157440186,0.46376508474349976,0.11667775362730026,0.5949422121047974,0.6928406357765198,-0.6250505447387695,0.9818475246429443,0.5782718062400818,0.6436163187026978,0.40728431940078735,0.11509552597999573,0.6026308536529541,0.6870654821395874,-0.6018401384353638,0.9802172183990479,0.5632398724555969,0.6441292762756348,0.41998323798179626,0.1162661537528038,0.5844556093215942,0.6826267242431641,-0.5496162176132202,0.9683231711387634,0.5317980647087097,0.6299446821212769,0.21415498852729797,0.9998918175697327,0.5300520062446594,0.6529201865196228,-0.21422332525253296,0.9999343156814575,0.6615970730781555,0.5509418249130249,0.16447244584560394,0.5704588890075684,0.6690115332603455,0.5660187005996704,-0.27897512912750244,0.988758385181427,0.7069839835166931,0.643761396408081,0.3998176157474518,0.6659142374992371,0.7333396673202515,0.6650623083114624,-0.052540458738803864,0.9932096004486084,0.6958616375923157,0.6624995470046997,0.4212217926979065,0.7467494010925293,0.7190805673599243,0.6837438941001892,-0.027296485379338264,0.9853965640068054,0.8074774742126465,0.6577903032302856,0.41591668128967285,0.7999565601348877,0.8456214666366577,0.6812765598297119,-0.04721849411725998,0.992243230342865
166,bridge,1,0.14783518016338348,0.6099700331687927,0.03528205305337906,0.9999493360519409,0.12909850478172302,0.6138042211532593,0.060515113174915314,0.9998869895935059,0.12887874245643616,0.6143659949302673,0.060363125056028366,0.9998406767845154,0.12876661121845245,0.6151368021965027,0.06027412787079811,0.9999024271965027,0.1282874047756195,0.6155048608779907,-0.007794042117893696,0.9999574422836304,0.12733350694179535,0.6173263788223267,-0.007851285859942436,0.9999563694000244,0.12645824253559113,0.6196382641792297,-0.008073798380792141,0.9999687671661377,0.13594874739646912,0.6287052631378174,0.18283450603485107,0.9998168349266052,0.13231287896633148,0.6331853270530701,-0.12184339761734009,0.9999620914459229,0.17002294957637787,0.6128894090652466,0.08625157177448273,0.999668538570404,0.16897247731685638,0.6150691509246826,-0.0022322589065879583,0.9999284744262695,0.2592700123786926,0.6317085027694702,0.37689799070358276,0.99958336353302,0.22765162587165833,0.6592292189598083,-0.3195401132106781,0.9999961256980896,0.4027042090892792,0.6386339664459229,0.49577316641807556,0.05414691939949989,0.3807510733604431,0.6799986362457275,-0.4775044620037079,0.9929822087287903,0.5343700051307678,0.641817033290863,0.44328662753105164,0.10794682055711746,0.5468820333480835,0.6840290427207947,-0.5611283183097839,0.990186333656311,0.5770264267921448,0.6429667472839355,0.45971187949180603,0.11233391612768173,0.5946496725082397,0.692707359790802,-0.6250113248825073,0.9813459515571594,0.5784186720848083,0.6433072686195374,0.4048812687397003,0.1109343022108078,0.6024646759033203,0.6871092319488525,-0.6023054122924805,0.9796656370162964,0.5633183717727661,0.6441440582275391,0.4167954921722412,0.11251835525035858,0.5843632221221924,0.6827024221420288,-0.5504354238510132,0.9673643708229065,0.5317355394363403,0.6299748420715332,0.21575933694839478,0.9998912811279297,0.5299080014228821,0.652621328830719,-0.2158116102218628,0.9999324679374695,0.661383867263794,0.5510016679763794,0.16812562942504883,0.5702053308486938,0.6689949035644531,0.5663744211196899,-0.2790990471839905,0.9884702563285828,0.7075108289718628,0.6439292430877686,0.40174898505210876,0.6662576198577881,0.7333739399909973,0.6650295257568359,-0.054802753031253815,0.9931862354278564,0.6970269083976746,0.6623746752738953,0.42276784777641296,0.747343897819519,0.7190930247306824,0.6834772825241089,-0.030577005818486214,0.9852344393730164,0.8104881644248962,0.6580395698547363,0.4184976816177368,0.8007336258888245,0.8454882502555847,0.6811043620109558,-0.051362860947847366,0.9922177791595459
167,bridge,1,0.14800427854061127,0.6099669933319092,0.03404983878135681,0.9999470710754395,0.1291397213935852,0.6138342022895813,0.05898699909448624,0.999882161617279,0.1289156675338745,0.6143988966941833,0.05883435532450676,0.9998339414596558,0.12879504263401031,0.6151837706565857,0.058746956288814545,0.9998981952667236,0.128345787525177,0.6155080795288086,-0.009408695623278618,0.9999558925628662,0.12739653885364532,0.6173309683799744,-0.009465481154620647,0.9999548196792603,0.1265256255865097,0.6196467280387878,-0.009690843522548676,0.9999676942825317,0.13595008850097656,0.6288667321205139,0.1808352917432785,0.9998105764389038,0.13243529200553894,0.6331842541694641,-0.12396533042192459,0.9999610185623169,0.17028959095478058,0.612902045249939,0.08488310873508453,0.9996576309204102,0.16913165152072906,0.6150571703910828,-0.003664111951366067,0.9999262690544128,0.25934094190597534,0.6317711472511292,0.37668147683143616,0.9995760917663574,0.22825759649276733,0.6592267751693726,-0.32143598794937134,0.9999959468841553,0.4021942913532257,0.6381511092185974,0.4967460334300995,0.05130133405327797,0.3805537223815918,0.6796633005142212,-0.4810423254966736,0.9927571415901184,0.5332395434379578,0.6415566802024841,0.4461296498775482,0.10346047580242157,0.5468184947967529,0.6839151978492737,-0.5681201815605164,0.9899661540985107,0.5772519111633301,0.6429350972175598,0.46343058347702026,0.10879245400428772,0.5944030284881592,0.6925933957099915,-0.6321094036102295,0.9810174703598022,0.5786547660827637,0.6431094408035278,0.40698713064193726,0.10754501074552536,0.6022565364837646,0.6871556043624878,-0.6105678081512451,0.9793028831481934,0.5633389353752136,0.6441584229469299,0.41909778118133545,0.1094532385468483,0.5842453837394714,0.6827791333198547,-0.5579487085342407,0.966717004776001,0.5316687226295471,0.6299800276756287,0.21632185578346252,0.9998908042907715,0.5298125147819519,0.6524226665496826,-0.2163688838481903,0.9999310970306396,0.661196768283844,0.5510506629943848,0.1713022142648697,0.570221483707428,0.6691212058067322,0.5664800405502319,-0.2791558802127838,0.9881514310836792,0.7080192565917969,0.6440050005912781,0.3988143503665924,0.6674528121948242,0.7333790063858032,0.6649125218391418,-0.05774910748004913,0.9931567311286926,0.6969179511070251,0.6622942090034485,0.4191760718822479,0.7485175132751465,0.7190688252449036,0.6831852197647095,-0.034166719764471054,0.9851225018501282,0.8122816681861877,0.6582878828048706,0.4149703085422516,0.801838755607605,0.8454864621162415,0.6810017824172974,-0.05542044714093208,0.992190957069397
168,bridge,1,0.14804871380329132,0.6099644303321838,0.03401857241988182,0.9999450445175171,0.12914589047431946,0.613854706287384,0.05871143192052841,0.9998776912689209,0.1289222687482834,0.6144233345985413,0.05855868384242058,0.9998273849487305,0.12880036234855652,0.6152206659317017,0.05847179517149925,0.9998940825462341,0.1283501386642456,0.6155096888542175,-0.009651833213865757,0.9999545812606812,0.12740769982337952,0.6173326969146729,-0.009707343764603138,0.99995356798172,0.12654449045658112,0.6196492314338684,-0.009933347813785076,0.9999668002128601,0.13594141602516174,0.6289929151535034,0.1802966594696045,0.9998046159744263,0.13248693943023682,0.6331761479377747,-0.12436643987894058,0.9999602437019348,0.17037852108478546,0.6129139065742493,0.08479081094264984,0.9996488094329834,0.16916824877262115,0.6150434613227844,-0.0036807970609515905,0.9999246597290039,0.25933411717414856,0.631919801235199,0.3765338957309723,0.9995704293251038,0.22845366597175598,0.6592246294021606,-0.3218930959701538,0.9999958276748657,0.4012610614299774,0.6379814147949219,0.5005685091018677,0.048722412437200546,0.37932097911834717,0.6795347929000854,-0.48056790232658386,0.9926067590713501,0.531415581703186,0.6414632797241211,0.4527197778224945,0.09947424381971359,0.5467697381973267,0.6838251948356628,-0.5664833188056946,0.9898396730422974,0.5762572884559631,0.642879843711853,0.4708089828491211,0.10563488304615021,0.593952476978302,0.6924476027488708,-0.6300675868988037,0.9808197021484375,0.5770359039306641,0.6429303288459778,0.41345810890197754,0.10451492667198181,0.6019124388694763,0.6871943473815918,-0.6090760827064514,0.9790830612182617,0.561538815498352,0.6441646218299866,0.4254140257835388,0.10671402513980865,0.584051787853241,0.6828435063362122,-0.5564228296279907,0.9663143157958984,0.531596839427948,0.6298936605453491,0.2166387289762497,0.9998909831047058,0.5298514366149902,0.6523120403289795,-0.2166833132505417,0.9999303817749023,0.6611467599868774,0.5510358214378357,0.17224490642547607,0.5687682032585144,0.6693912744522095,0.5663636922836304,-0.27990034222602844,0.9878631234169006,0.7082633972167969,0.6439980864524841,0.39688876271247864,0.6679937839508057,0.7332335710525513,0.6646692156791687,-0.05929037183523178,0.9931308627128601,0.6970034837722778,0.6621216535568237,0.41695699095726013,0.7494850754737854,0.7188460230827332,0.6827861666679382,-0.0357934832572937,0.9850900769233704,0.8128744959831238,0.6587539315223694,0.41269487142562866,0.8024200797080994,0.8454718589782715,0.6809835433959961,-0.0562504418194294,0.99216628074646
169,bridge,1,0.14809785783290863,0.60996013879776,0.035310689359903336,0.9999454021453857,0.12915128469467163,0.6138579249382019,0.05963415279984474,0.999878466129303,0.1289280503988266,0.6144292950630188,0.05947723612189293,0.9998279213905334,0.1288049966096878,0.6152349710464478,0.05938664451241493,0.9998944997787476,0.12835408747196198,0.6155051589012146,-0.00931447371840477,0.9999552965164185,0.12741748988628387,0.6173251271247864,-0.009367140009999275,0.9999542832374573,0.12655700743198395,0.6196421384811401,-0.00958196260035038,0.9999673366546631,0.13591507077217102,0.6290797591209412,0.18109144270420074,0.9998060464859009,0.13249129056930542,0.6331598162651062,-0.12118833512067795,0.9999611377716064,0.17044880986213684,0.6129209399223328,0.08618181943893433,0.9996530413627625,0.16919492185115814,0.6150245070457458,-0.003500942373648286,0.9999260306358337,0.2592217028141022,0.6321294903755188,0.37864452600479126,0.9995724558830261,0.22850298881530762,0.6592226028442383,-0.3181701898574829,0.9999958276748657,0.4008558988571167,0.6376537084579468,0.5056568384170532,0.046564482152462006,0.37820038199424744,0.6794401407241821,-0.4776238203048706,0.99248206615448,0.5288892984390259,0.6411508917808533,0.4581417739391327,0.09608609974384308,0.5466784834861755,0.6837626099586487,-0.5686616897583008,0.9896777272224426,0.574837327003479,0.6420734524726868,0.4762250781059265,0.10294633358716965,0.5937615633010864,0.6923608183860779,-0.6321452856063843,0.9805426001548767,0.5750544667243958,0.6420021057128906,0.41855067014694214,0.10191319137811661,0.6018095016479492,0.6872573494911194,-0.6115172505378723,0.9787730574607849,0.5593920350074768,0.6436718106269836,0.43073388934135437,0.10435202717781067,0.583859920501709,0.6829326748847961,-0.5587968230247498,0.96584153175354,0.531440019607544,0.6297950744628906,0.21683046221733093,0.9998921751976013,0.5297911763191223,0.652014970779419,-0.21687006950378418,0.9999308586120605,0.6613123416900635,0.5510066151618958,0.17279121279716492,0.5678695440292358,0.6702160835266113,0.5656883120536804,-0.27993839979171753,0.9877687096595764,0.7093398571014404,0.6439988613128662,0.3947853446006775,0.6696463823318481,0.7331473231315613,0.6646317839622498,-0.05999710410833359,0.9932318925857544,0.6970430612564087,0.6620157361030579,0.4148702621459961,0.7513123750686646,0.7187157869338989,0.6826730966567993,-0.036355603486299515,0.9853207468986511,0.8134204149246216,0.6594116687774658,0.4121982157230377,0.8035182356834412,0.8454958200454712,0.6810701489448547,-0.0567326620221138,0.9922521114349365
170,bridge,1,0.1480749249458313,0.6099444031715393,0.04248959571123123,0.9999478459358215,0.1290672868490219,0.6138580441474915,0.06653651595115662,0.9998835921287537,0.12885428965091705,0.6144306063652039,0.06638354063034058,0.9998346567153931,0.1287277638912201,0.615236759185791,0.06628607958555222,0.9998987913131714,0.1283043771982193,0.6154847145080566,-0.0014192976523190737,0.9999575018882751,0.12738962471485138,0.617290198802948,-0.0014686079230159521,0.9999565482139587,0.1265336275100708,0.6195999979972839,-0.0016849383246153593,0.9999690055847168,0.13579408824443817,0.6290920972824097,0.18702875077724457,0.9998137950897217,0.13243162631988525,0.633123517036438,-0.11356557160615921,0.9999632835388184,0.17043502628803253,0.6129188537597656,0.09301194548606873,0.9996690154075623,0.16914917528629303,0.6149477958679199,0.004769037012010813,0.9999298453330994,0.2592206597328186,0.6321559548377991,0.37932902574539185,0.9995814561843872,0.22843365371227264,0.6592299938201904,-0.30942755937576294,0.9999959468841553,0.4009324014186859,0.6374443769454956,0.5025072693824768,0.045015230774879456,0.37812912464141846,0.6793921589851379,-0.4747123420238495,0.9923505783081055,0.5287885069847107,0.6413425803184509,0.45592108368873596,0.09320186078548431,0.5464669466018677,0.6837635636329651,-0.5618998408317566,0.9893709421157837,0.5740488171577454,0.6432276964187622,0.4759995937347412,0.1004621684551239,0.5938756465911865,0.6924246549606323,-0.6246053576469421,0.9799784421920776,0.5755140781402588,0.6431035995483398,0.4180113971233368,0.09948000311851501,0.6018589735031128,0.6873722076416016,-0.6042802929878235,0.9781362414360046,0.5597332715988159,0.64368736743927,0.4287945330142975,0.10208354890346527,0.5838479399681091,0.683127224445343,-0.5521966218948364,0.9649813771247864,0.5291065573692322,0.629233181476593,0.2167791724205017,0.9998940825462341,0.5281282067298889,0.6509262323379517,-0.21682603657245636,0.9999322891235352,0.6636108756065369,0.5509229302406311,0.1686069816350937,0.5674630999565125,0.674206018447876,0.5636312365531921,-0.27875909209251404,0.9878652691841125,0.710416853427887,0.6439953446388245,0.39149487018585205,0.6712033748626709,0.7333343625068665,0.6646299362182617,-0.07059986889362335,0.9934639930725098,0.6971503496170044,0.6619405746459961,0.41126319766044617,0.753008246421814,0.7187178730964661,0.6826485395431519,-0.04911550506949425,0.985792875289917,0.8131968975067139,0.6647264957427979,0.40287402272224426,0.8043732643127441,0.8457561135292053,0.6818379759788513,-0.07565554231405258,0.9924570322036743
178,bridge,1,0.14906306564807892,0.6104874014854431,0.13238205015659332,0.9999750256538391,0.13102412223815918,0.6140165328979492,0.15731281042099,0.9999424815177917,0.13095968961715698,0.6145254373550415,0.15723715722560883,0.9999182820320129,0.13087819516658783,0.615250825881958,0.15720298886299133,0.9999490976333618,0.12976515293121338,0.6157669425010681,0.09870153665542603,0.9999796152114868,0.12875421345233917,0.6176023483276367,0.09865760058164597,0.9999793767929077,0.12768734991550446,0.6199471950531006,0.09852901846170425,0.9999850988388062,0.136824831366539,0.6286554932594299,0.28218433260917664,0.9999086856842041,0.13285556435585022,0.6337690949440002,0.014564340934157372,0.9999831318855286,0.1698092371225357,0.6130457520484924,0.18425332009792328,0.9998444318771362,0.16843551397323608,0.6152129769325256,0.10697450488805771,0.999967098236084,0.2597961127758026,0.6311379075050354,0.42208734154701233,0.9997754096984863,0.21959306299686432,0.6598976254463196,-0.15686693787574768,0.9999980330467224,0.4058063328266144,0.6401775479316711,0.48166316747665405,0.08770351856946945,0.36843499541282654,0.6787247061729431,-0.3158459961414337,0.9945915341377258,0.548522412776947,0.6478123664855957,0.38992083072662354,0.170354962348938,0.5336108207702637,0.6862919330596924,-0.4485373795032501,0.9924436807632446,0.586574137210846,0.6491766571998596,0.38243407011032104,0.16557247936725616,0.5873664617538452,0.6917221546173096,-0.5063701272010803,0.9849485158920288,0.5917718410491943,0.6495097279548645,0.33909356594085693,0.16283443570137024,0.5948886275291443,0.6880983114242554,-0.48509183526039124,0.9832624793052673,0.5747535824775696,0.6484234929084778,0.3682160973548889,0.1613483428955078,0.5781672596931458,0.6846693158149719,-0.4380050599575043,0.9730914235115051,0.493857741355896,0.5971059799194336,0.19950462877750397,0.999934732913971,0.4905867576599121,0.6160170435905457,-0.19937404990196228,0.9999629855155945,0.7075863480567932,0.5439065098762512,0.14853233098983765,0.602519690990448,0.7140540480613708,0.5596182942390442,-0.3049759864807129,0.9917371273040771,0.7273348569869995,0.6403356790542603,0.36572006344795227,0.7184006571769714,0.7369002103805542,0.6639096736907959,-0.14745226502418518,0.9949339032173157,0.707880973815918,0.6515849828720093,0.38607990741729736,0.7887254357337952,0.7204759120941162,0.6812891364097595,-0.12868359684944153,0.9890342354774475,0.8070492744445801,0.6578501462936401,0.38723355531692505,0.8343372344970703,0.8480937480926514,0.684468150138855,-0.14520637691020966,0.9934808015823364
179,bridge,1,0.1493365615606308,0.6104523539543152,0.11579354107379913,0.9999768733978271,0.13134586811065674,0.6140171885490417,0.1401069462299347,0.9999462366104126,0.13128125667572021,0.6145268082618713,0.14003245532512665,0.9999239444732666,0.13116520643234253,0.6152516007423401,0.14000023901462555,0.9999520182609558,0.130059152841568,0.6157373189926147,0.08053068071603775,0.9999811053276062,0.12901604175567627,0.6175132393836975,0.08049670606851578,0.9999809861183167,0.12789319455623627,0.6197776794433594,0.08036549389362335,0.9999861717224121,0.1368766576051712,0.6286063194274902,0.26469576358795166,0.9999149441719055,0.1330832988023758,0.6336930394172668,-0.006203818134963512,0.999984622001648,0.16980567574501038,0.6129949688911438,0.1679965704679489,0.9998565316200256,0.16843146085739136,0.6151329874992371,0.08970366418361664,0.9999696016311646,0.2595655024051666,0.631263256072998,0.41192522644996643,0.999786913394928,0.2191302478313446,0.6598958969116211,-0.17212893068790436,0.9999982118606567,0.4088294506072998,0.6402164697647095,0.4691738784313202,0.09183814376592636,0.3690260350704193,0.6776435375213623,-0.308117151260376,0.9948815703392029,0.5483001470565796,0.647350549697876,0.3713631331920624,0.1753714233636856,0.5340186953544617,0.6858417987823486,-0.41280901432037354,0.9928051233291626,0.5840482115745544,0.6480202078819275,0.36660319566726685,0.16977271437644958,0.5865213871002197,0.6903554201126099,-0.4650145471096039,0.9854595065116882,0.5874346494674683,0.6485965251922607,0.322952002286911,0.16688945889472961,0.5933197736740112,0.6872091889381409,-0.4445795714855194,0.9838069081306458,0.5704634785652161,0.6477724313735962,0.34842920303344727,0.16483478248119354,0.5773086547851562,0.6840167045593262,-0.4017466604709625,0.9738584756851196,0.49188634753227234,0.5955842733383179,0.19943414628505707,0.9999353289604187,0.4883597791194916,0.6136059761047363,-0.19929690659046173,0.9999650120735168,0.705858051776886,0.543300211429596,0.15345831215381622,0.6063258051872253,0.7131214141845703,0.5583165884017944,-0.3041040897369385,0.992117702960968,0.7265939712524414,0.6403553485870361,0.36633285880088806,0.7247957587242126,0.7375819683074951,0.6638026833534241,-0.13535353541374207,0.9949190020561218,0.707686722278595,0.6513439416885376,0.38643139600753784,0.7924771904945374,0.7204757332801819,0.6812582612037659,-0.11534518003463745,0.9889891743659973,0.8087781071662903,0.6622315049171448,0.38674259185791016,0.8381630182266235,0.8478575944900513,0.6845628023147583,-0.13077948987483978,0.9933783411979675
180,bridge,1,0.14972345530986786,0.6104353666305542,0.1148611307144165,0.999978244304657,0.13174481689929962,0.6140472888946533,0.13842032849788666,0.9999489188194275,0.131665900349617,0.6145795583724976,0.13835197687149048,0.99992835521698,0.13154631853103638,0.6153096556663513,0.1383206695318222,0.9999539256095886,0.13042482733726501,0.6157412528991699,0.07898726314306259,0.9999821782112122,0.12939020991325378,0.6175051927566528,0.07895153760910034,0.9999822378158569,0.1282433569431305,0.6197349429130554,0.07882845401763916,0.9999869465827942,0.13712358474731445,0.6286242008209229,0.2607596516609192,0.9999198913574219,0.13360123336315155,0.6335009932518005,-0.009477474726736546,0.9999858736991882,0.16983607411384583,0.6129666566848755,0.16681906580924988,0.9998661875724792,0.16843286156654358,0.6150157451629639,0.08876747637987137,0.9999714493751526,0.2590596377849579,0.6325794458389282,0.4104241132736206,0.9997938275337219,0.21823763847351074,0.6597787737846375,-0.17739591002464294,0.9999983906745911,0.4102764427661896,0.6408809423446655,0.4670105278491974,0.09619759023189545,0.3697148561477661,0.6759979128837585,-0.3171919882297516,0.9951179027557373,0.548886239528656,0.6473226547241211,0.3768881857395172,0.18102321028709412,0.533983588218689,0.6846404075622559,-0.42915812134742737,0.993156909942627,0.5855390429496765,0.648313581943512,0.3757684826850891,0.17455917596817017,0.5848072171211243,0.6884440183639526,-0.4814625680446625,0.9859750270843506,0.5897707343101501,0.6489864587783813,0.3304894268512726,0.1715564727783203,0.5916945934295654,0.6860507130622864,-0.4589398503303528,0.984360933303833,0.5711886286735535,0.6478559374809265,0.35357019305229187,0.16901886463165283,0.5760699510574341,0.6831580996513367,-0.417124480009079,0.9746142029762268,0.4881454110145569,0.5948517918586731,0.199820876121521,0.9999344944953918,0.482825368642807,0.6113115549087524,-0.19968512654304504,0.9999668598175049,0.7048444747924805,0.5436158180236816,0.18056879937648773,0.6045033931732178,0.7124894857406616,0.5577344298362732,-0.30664852261543274,0.9924628734588623,0.7261918187141418,0.6390838027000427,0.3767376244068146,0.7265845537185669,0.73785799741745,0.6637696623802185,-0.1502949297428131,0.9948197603225708,0.7071483731269836,0.651530385017395,0.39551305770874023,0.7929629683494568,0.7201768755912781,0.6814783215522766,-0.13132627308368683,0.9888778924942017,0.8057971000671387,0.6623467206954956,0.3983137905597687,0.8392866253852844,0.847605288028717,0.6843262910842896,-0.1391775757074356,0.9931741952896118
181,bridge,1,0.14972148835659027,0.6104812622070312,0.11991659551858902,0.9999793171882629,0.13191799819469452,0.6142057776451111,0.14418397843837738,0.999951183795929,0.13183395564556122,0.6147990822792053,0.1441081315279007,0.9999321103096008,0.13170231878757477,0.6155755519866943,0.1440747082233429,0.9999554753303528,0.1305256187915802,0.6158590912818909,0.08457060158252716,0.9999831318855286,0.12947162985801697,0.6176002621650696,0.08453582972288132,0.9999833703041077,0.12834317982196808,0.619789183139801,0.0844169333577156,0.9999876022338867,0.13725636899471283,0.6287431120872498,0.26959049701690674,0.9999239444732666,0.13381148874759674,0.6334342956542969,-0.0011930399341508746,0.999987006187439,0.16975398361682892,0.6130179166793823,0.17297962307929993,0.999874472618103,0.16816800832748413,0.615016520023346,0.09484614431858063,0.9999729990959167,0.2590535879135132,0.6330559253692627,0.419191837310791,0.9997987747192383,0.21792660653591156,0.6597778797149658,-0.1687554121017456,0.9999985098838806,0.4112637937068939,0.6418607831001282,0.47077786922454834,0.097410649061203,0.37008047103881836,0.6758866906166077,-0.3004128932952881,0.9953438639640808,0.5486643314361572,0.6472567319869995,0.3812915086746216,0.18209956586360931,0.5342881083488464,0.6843819618225098,-0.4025208652019501,0.9935055375099182,0.5857478380203247,0.6482816934585571,0.38134628534317017,0.1757316142320633,0.5837173461914062,0.6880325675010681,-0.45283153653144836,0.9864927530288696,0.590175449848175,0.6489401459693909,0.33489036560058594,0.17266473174095154,0.590044379234314,0.6855669617652893,-0.4311475455760956,0.9849185943603516,0.5711746215820312,0.6478400230407715,0.3574676811695099,0.17003625631332397,0.5750850439071655,0.6829524636268616,-0.3907574415206909,0.9753875732421875,0.48685750365257263,0.5943422317504883,0.20007863640785217,0.999935507774353,0.4814479351043701,0.6105291843414307,-0.19995057582855225,0.9999685883522034,0.7040810585021973,0.543735682964325,0.17398199439048767,0.6041918396949768,0.711851179599762,0.5574718713760376,-0.3100939989089966,0.9927043914794922,0.7288295030593872,0.6389264464378357,0.36095815896987915,0.7316763997077942,0.7383370399475098,0.6637735366821289,-0.14055579900741577,0.9947109222412109,0.7089433073997498,0.6518329381942749,0.3794235587120056,0.795864462852478,0.7205120325088501,0.6819978356361389,-0.12070897221565247,0.9887183904647827,0.8063454627990723,0.6602047085762024,0.3761601150035858,0.8423008322715759,0.8461519479751587,0.6838623285293579,-0.13141554594039917,0.9929969310760498
182,bridge,1,0.1497213989496231,0.6106374859809875,0.11413741111755371,0.999980628490448,0.13220439851284027,0.6146215200424194,0.13854092359542847,0.9999541640281677,0.13210146129131317,0.6153036952018738,0.13846422731876373,0.9999366998672485,0.13191214203834534,0.6161462664604187,0.13843023777008057,0.9999579787254333,0.1307525932788849,0.6161642670631409,0.07887595146894455,0.9999842643737793,0.12965159118175507,0.6178886294364929,0.07884721457958221,0.9999845623970032,0.12854795157909393,0.6200157999992371,0.07872488349676132,0.9999884366989136,0.13750788569450378,0.6291711926460266,0.2641080617904663,0.9999291300773621,0.13421550393104553,0.6334364414215088,-0.006211763713508844,0.9999881386756897,0.16975250840187073,0.6131958961486816,0.16716071963310242,0.9998837113380432,0.1680564135313034,0.6150580644607544,0.08902116119861603,0.99997478723526,0.25918030738830566,0.6337885856628418,0.41636624932289124,0.9998063445091248,0.21803200244903564,0.6599092483520508,-0.1734435260295868,0.9999986290931702,0.41246846318244934,0.6435312032699585,0.46699628233909607,0.09867358207702637,0.37031981348991394,0.6760779023170471,-0.30994924902915955,0.9955275654792786,0.5492909550666809,0.6476975679397583,0.3695776164531708,0.18539516627788544,0.53581702709198,0.6839709281921387,-0.41678059101104736,0.9938185214996338,0.5866369009017944,0.6485080718994141,0.3692530691623688,0.17931944131851196,0.5844499468803406,0.6875873804092407,-0.4680914282798767,0.9869734048843384,0.5917797684669495,0.6494021415710449,0.3260742425918579,0.17599551379680634,0.5903545022010803,0.6851544380187988,-0.4472009539604187,0.9854339361190796,0.5722005367279053,0.6482574343681335,0.34628307819366455,0.17299993336200714,0.5758822560310364,0.6825511455535889,-0.40558040142059326,0.9761173129081726,0.48667821288108826,0.5944569706916809,0.20025146007537842,0.9999371767044067,0.48120829463005066,0.6097947955131531,-0.2001333236694336,0.9999701380729675,0.7036496996879578,0.5438165068626404,0.17375552654266357,0.6012325882911682,0.7116922736167908,0.5569115281105042,-0.30839988589286804,0.9929462671279907,0.7286627888679504,0.64220130443573,0.34856048226356506,0.7360144853591919,0.7388763427734375,0.6637782454490662,-0.14078274369239807,0.9945206642150879,0.7172513604164124,0.6534754037857056,0.36468154191970825,0.7983458042144775,0.7205979228019714,0.6819981336593628,-0.12110132724046707,0.9886017441749573,0.8183398246765137,0.6641938090324402,0.3588656783103943,0.8440539836883545,0.846368134021759,0.6837843060493469,-0.1296473741531372,0.9926812648773193
183,bridge,1,0.14955316483974457,0.6106708645820618,0.13270071148872375,0.9999821186065674,0.13233840465545654,0.6146997809410095,0.15739913284778595,0.9999576807022095,0.13225434720516205,0.6154080629348755,0.1573149859905243,0.9999417662620544,0.13205869495868683,0.6162800788879395,0.15729208290576935,0.9999609589576721,0.1309097409248352,0.616247832775116,0.09824327379465103,0.9999855160713196,0.1297895908355713,0.6179862022399902,0.09821363538503647,0.9999858140945435,0.12867684662342072,0.6201167702674866,0.09812081605195999,0.9999893307685852,0.13775548338890076,0.6291762590408325,0.28163549304008484,0.99993497133255,0.13446198403835297,0.6334236860275269,0.01269859541207552,0.9999892115592957,0.16955377161502838,0.6133103370666504,0.18484310805797577,0.9998935461044312,0.16762606799602509,0.6150910258293152,0.10727595537900925,0.9999768137931824,0.25955817103385925,0.6340343952178955,0.4275825321674347,0.9998176097869873,0.21770454943180084,0.6599123477935791,-0.15884439647197723,0.9999987483024597,0.41332441568374634,0.6441905498504639,0.47372281551361084,0.11183500289916992,0.3705812096595764,0.6761317253112793,-0.3086848855018616,0.9957118034362793,0.5494980216026306,0.6485539674758911,0.38626307249069214,0.20214766263961792,0.5350635647773743,0.6834243535995483,-0.4332040846347809,0.9941821098327637,0.5871122479438782,0.6490879058837891,0.387365460395813,0.19297969341278076,0.5833926796913147,0.686809778213501,-0.48756644129753113,0.9875829815864563,0.5929483771324158,0.65023273229599,0.344804972410202,0.1891510933637619,0.5896559953689575,0.6846897006034851,-0.4668402075767517,0.9860941171646118,0.5733652710914612,0.6492260694503784,0.36308979988098145,0.1844351887702942,0.5751110911369324,0.6821067333221436,-0.42262107133865356,0.9770893454551697,0.4852827489376068,0.5940757989883423,0.20027506351470947,0.9999405741691589,0.4793332815170288,0.6098079681396484,-0.200154110789299,0.9999721050262451,0.7035616040229797,0.5439596772193909,0.16591544449329376,0.602856457233429,0.711240828037262,0.5563527345657349,-0.307358056306839,0.993243932723999,0.7283928990364075,0.6440960764884949,0.3281538188457489,0.742734432220459,0.7396671772003174,0.6638326644897461,-0.142278254032135,0.9944998025894165,0.7177761793136597,0.6536494493484497,0.3434034287929535,0.8024415373802185,0.7208011746406555,0.6819198131561279,-0.1231277734041214,0.9886907935142517,0.8201491236686707,0.6667670011520386,0.33628273010253906,0.8478789329528809,0.8464365601539612,0.6836997866630554,-0.13430388271808624,0.9926185607910156
184,bridge,1,0.14915087819099426,0.6106950044631958,0.13616007566452026,0.9999836087226868,0.13233955204486847,0.6147195100784302,0.1613255888223648,0.9999611973762512,0.13225962221622467,0.6154364347457886,0.16124442219734192,0.9999467730522156,0.13206841051578522,0.616322934627533,0.16122980415821075,0.9999640583992004,0.13091538846492767,0.6162790060043335,0.10178713500499725,0.9999867677688599,0.12979526817798615,0.6180166006088257,0.10175123810768127,0.9999870657920837,0.12867961823940277,0.6201410293579102,0.10166666656732559,0.9999902248382568,0.13778197765350342,0.6291598677635193,0.28810763359069824,0.9999406337738037,0.13447050750255585,0.6333825588226318,0.017067210748791695,0.9999902248382568,0.16909842193126678,0.6134395599365234,0.18915240466594696,0.9999030232429504,0.16688640415668488,0.6151571273803711,0.11104477196931839,0.9999788403511047,0.25955623388290405,0.6340897679328918,0.43599849939346313,0.9998301863670349,0.21750403940677643,0.6599324941635132,-0.15597210824489594,0.9999988675117493,0.41352513432502747,0.6442790627479553,0.48492997884750366,0.12758049368858337,0.3705919682979584,0.6761471629142761,-0.3096686899662018,0.9959359765052795,0.5493864417076111,0.6485422849655151,0.3988592028617859,0.22291980683803558,0.5335934162139893,0.6834057569503784,-0.4415546953678131,0.9945859909057617,0.5870661735534668,0.6490533947944641,0.3997184932231903,0.21024754643440247,0.5819447040557861,0.6865754127502441,-0.4967897832393646,0.9883235096931458,0.5928309559822083,0.6501703262329102,0.35544154047966003,0.20597794651985168,0.5878982543945312,0.6844249963760376,-0.47578078508377075,0.9869095683097839,0.5734293460845947,0.6493099331855774,0.37497708201408386,0.1992844045162201,0.5732428431510925,0.6819997429847717,-0.4310770630836487,0.9783355593681335,0.4843904674053192,0.5933701992034912,0.2003956288099289,0.9999440908432007,0.47811025381088257,0.6092982292175293,-0.20026607811450958,0.9999740719795227,0.7034027576446533,0.5440369248390198,0.16311348974704742,0.6071829795837402,0.7111731171607971,0.5563794374465942,-0.3139078617095947,0.9935634136199951,0.7283443212509155,0.6439758539199829,0.32368990778923035,0.7507927417755127,0.7396761178970337,0.6639782786369324,-0.1479269415140152,0.9945340752601624,0.7180591225624084,0.6537090539932251,0.338753342628479,0.8076390624046326,0.7208914756774902,0.6819260716438293,-0.12866342067718506,0.9888056516647339,0.8199785351753235,0.6616291403770447,0.33113786578178406,0.8527801632881165,0.8467761278152466,0.6838032603263855,-0.1423420011997223,0.9926292896270752
185,bridge,1,0.14868223667144775,0.6106956601142883,0.13126735389232635,0.999984860420227,0.1323067992925644,0.6147001385688782,0.15625788271427155,0.9999642372131348,0.13223876059055328,0.6154207587242126,0.1561766117811203,0.9999511241912842,0.1320604383945465,0.6163163781166077,0.15616893768310547,0.9999666213989258,0.13090825080871582,0.6162657737731934,0.09648014605045319,0.9999878406524658,0.12979382276535034,0.6180042028427124,0.09644509106874466,0.9999881386756897,0.12867029011249542,0.620119571685791,0.09635476768016815,0.9999909996986389,0.13777916133403778,0.6290406584739685,0.2826892137527466,0.9999455213546753,0.1344357281923294,0.6332990527153015,0.01068088412284851,0.9999911189079285,0.1687747836112976,0.6135286092758179,0.18417559564113617,0.9999114274978638,0.16639159619808197,0.6152009963989258,0.10570507496595383,0.999980628490448,0.25910449028015137,0.6343032121658325,0.4318898022174835,0.9998393058776855,0.21691371500492096,0.6600167155265808,-0.1621539294719696,0.9999989867210388,0.412709504365921,0.6441414952278137,0.48494669795036316,0.14441914856433868,0.36925846338272095,0.6765066385269165,-0.31656965613365173,0.9961554408073425,0.5480718016624451,0.6484998464584351,0.4038216471672058,0.24617993831634521,0.5316201448440552,0.6835024952888489,-0.4507572054862976,0.9949654936790466,0.5853608846664429,0.6485505104064941,0.4063481390476227,0.23015794157981873,0.5813595652580261,0.6867506504058838,-0.5087457895278931,0.9890477657318115,0.5913334488868713,0.649975061416626,0.3605329394340515,0.22548557817935944,0.5873395204544067,0.6844745874404907,-0.49092477560043335,0.98771071434021,0.5720722675323486,0.649269163608551,0.379704087972641,0.2165403515100479,0.5722075700759888,0.6821783781051636,-0.44220688939094543,0.9795817732810974,0.48398375511169434,0.5927280783653259,0.2006690949201584,0.9999468922615051,0.47875717282295227,0.6090081334114075,-0.2005467712879181,0.9999756813049316,0.7034826874732971,0.5440788269042969,0.15820418298244476,0.6190275549888611,0.7109415531158447,0.5564984083175659,-0.3197369873523712,0.9939596056938171,0.7280572056770325,0.6440842151641846,0.3214780390262604,0.7638694047927856,0.739835798740387,0.6641258597373962,-0.1476394236087799,0.9947214126586914,0.7213926315307617,0.6536458134651184,0.3364866077899933,0.8167194128036499,0.7213754653930664,0.6820917129516602,-0.12797515094280243,0.9891480803489685,0.8193796277046204,0.6574999094009399,0.32749465107917786,0.8607684969902039,0.8460225462913513,0.6838012933731079,-0.14342348277568817,0.992874264717102
186,bridge,1,0.14773015677928925,0.610686182975769,0.12791576981544495,0.999985933303833,0.1320672482252121,0.614642858505249,0.1526835560798645,0.9999668002128601,0.13203316926956177,0.6153609752655029,0.15259979665279388,0.999954879283905,0.13190259039402008,0.6162703037261963,0.15258866548538208,0.9999687671661377,0.13073551654815674,0.6162124276161194,0.09322991967201233,0.9999887347221375,0.12965244054794312,0.6179545521736145,0.0932014212012291,0.9999890923500061,0.12851154804229736,0.6200383305549622,0.09310983121395111,0.9999916553497314,0.13775712251663208,0.6288689374923706,0.2781517207622528,0.9999496936798096,0.1343672126531601,0.6331454515457153,0.007999799214303493,0.9999919533729553,0.16813741624355316,0.6135478019714355,0.18051669001579285,0.9999185800552368,0.16566938161849976,0.615210235118866,0.10250001400709152,0.9999821186065674,0.25873029232025146,0.6343905925750732,0.42853760719299316,0.999845027923584,0.21670345962047577,0.6601036190986633,-0.16144099831581116,0.9999990463256836,0.4121611416339874,0.6440688967704773,0.47951963543891907,0.15234218537807465,0.36812835931777954,0.6768893003463745,-0.3066037893295288,0.9963406920433044,0.5465911626815796,0.6484603881835938,0.4023177921772003,0.2591852843761444,0.5312608480453491,0.683732271194458,-0.43544381856918335,0.995291531085968,0.5825381875038147,0.6485399603843689,0.40597474575042725,0.24183687567710876,0.5810922384262085,0.6868241429328918,-0.4902293086051941,0.9896605014801025,0.58830326795578,0.6499761343002319,0.35955458879470825,0.23690049350261688,0.5870627164840698,0.6847825646400452,-0.47298067808151245,0.9883888363838196,0.5700168609619141,0.649424135684967,0.37873148918151855,0.22659945487976074,0.5710794925689697,0.6826395988464355,-0.4267371594905853,0.9806331396102905,0.484119713306427,0.5928640365600586,0.20061911642551422,0.9999489188194275,0.4788661301136017,0.609488308429718,-0.20049695670604706,0.9999769926071167,0.7034050226211548,0.544222891330719,0.15387548506259918,0.6290115714073181,0.7107499241828918,0.5566887855529785,-0.3206053078174591,0.9943056106567383,0.7278820276260376,0.6454948782920837,0.31574374437332153,0.7755576968193054,0.7398287057876587,0.6641747355461121,-0.14707288146018982,0.9948681592941284,0.7233354449272156,0.653826892375946,0.3304010331630707,0.8246278166770935,0.7220930457115173,0.6823889017105103,-0.12725208699703217,0.989388644695282,0.8193076848983765,0.6569814085960388,0.3221914768218994,0.8677639961242676,0.8454247117042542,0.6838953495025635,-0.1420026421546936,0.9930588603019714
187,bridge,1,0.14674562215805054,0.6106852293014526,0.1272009313106537,0.9999868273735046,0.13164664804935455,0.6146276593208313,0.15203368663787842,0.999968945980072,0.1316392421722412,0.6153441071510315,0.15195809304714203,0.9999580979347229,0.1315523087978363,0.6162596344947815,0.15192914009094238,0.999970555305481,0.1304226964712143,0.6161986589431763,0.09195572137832642,0.9999895095825195,0.12939223647117615,0.617942750453949,0.09192381799221039,0.999989926815033,0.12824907898902893,0.6200104355812073,0.09181751310825348,0.9999921917915344,0.1376708745956421,0.628817617893219,0.27775266766548157,0.9999533295631409,0.13425934314727783,0.6330729126930237,0.0050523048266768456,0.9999926686286926,0.1673760712146759,0.6135619282722473,0.17973889410495758,0.9999249577522278,0.16493138670921326,0.6152169704437256,0.1009427011013031,0.9999834299087524,0.2585456967353821,0.6344733238220215,0.4252505600452423,0.9998494386672974,0.21664439141750336,0.6601089239120483,-0.16592606902122498,0.9999991059303284,0.4120931029319763,0.6439929008483887,0.47277581691741943,0.16256864368915558,0.3678821623325348,0.6769992709159851,-0.3100292980670929,0.9964693784713745,0.5464140176773071,0.64842289686203,0.3995126187801361,0.2733478248119354,0.5309845805168152,0.6837548017501831,-0.45635902881622314,0.9955710768699646,0.5817877650260925,0.6485303640365601,0.40553271770477295,0.25423285365104675,0.5811557173728943,0.6869211196899414,-0.5135625600814819,0.9901849031448364,0.5876483917236328,0.6499592065811157,0.35901984572410583,0.2490311712026596,0.5872800946235657,0.6850782632827759,-0.49636226892471313,0.9889694452285767,0.5699262619018555,0.6495231986045837,0.3759157955646515,0.23703940212726593,0.5711284279823303,0.6829310059547424,-0.4483182430267334,0.9815231561660767,0.4846034049987793,0.5928362607955933,0.2006981074810028,0.9999508857727051,0.47940370440483093,0.6092429757118225,-0.20057834684848785,0.9999781847000122,0.7033295035362244,0.5444415211677551,0.15293075144290924,0.6394501328468323,0.7106466293334961,0.5568045377731323,-0.32168257236480713,0.9946379661560059,0.7277364730834961,0.6461760997772217,0.31870725750923157,0.7869649529457092,0.739824116230011,0.664178729057312,-0.14720062911510468,0.9950523972511292,0.716890811920166,0.662627100944519,0.33366915583610535,0.8323911428451538,0.7226245403289795,0.682491660118103,-0.1274314671754837,0.9897230863571167,0.8197575807571411,0.6571767926216125,0.3243791460990906,0.8746727108955383,0.8465766906738281,0.6839134097099304,-0.1441199779510498,0.9933021664619446
188,bridge,1,0.14557555317878723,0.6106836199760437,0.1257907748222351,0.9999876618385315,0.13096068799495697,0.6146220564842224,0.15071803331375122,0.9999709725379944,0.13097931444644928,0.6153386235237122,0.15064622461795807,0.9999610781669617,0.1309349238872528,0.6162578463554382,0.15060752630233765,0.9999722242355347,0.1298612654209137,0.6161898374557495,0.09006794542074203,0.9999902248382568,0.12890256941318512,0.6179361343383789,0.0900321677327156,0.999990701675415,0.1277882605791092,0.6199922561645508,0.08992017060518265,0.9999926686286926,0.13745597004890442,0.628800630569458,0.27705323696136475,0.9999567270278931,0.1340641975402832,0.6330202221870422,0.002618904458358884,0.9999933242797852,0.1663925051689148,0.6135656237602234,0.1787824034690857,0.9999307990074158,0.16407011449337006,0.615218460559845,0.09915222227573395,0.999984622001648,0.25835976004600525,0.6345129609107971,0.419936865568161,0.9998531937599182,0.21654562652111053,0.660108208656311,-0.16820694506168365,0.9999991655349731,0.4120531678199768,0.6440348625183105,0.46323323249816895,0.1719752699136734,0.36804214119911194,0.6770616173744202,-0.3147389590740204,0.9965837001800537,0.5464074015617371,0.6483919620513916,0.38953348994255066,0.28645074367523193,0.5310702323913574,0.6837947964668274,-0.4593958854675293,0.9958190321922302,0.5818312764167786,0.6485230922698975,0.3954923450946808,0.2656998038291931,0.5808836221694946,0.6869891285896301,-0.5165308713912964,0.9906540513038635,0.5876684784889221,0.6499413251876831,0.3499610126018524,0.2601594924926758,0.5872378349304199,0.6852923035621643,-0.4996192753314972,0.9894887208938599,0.5700730681419373,0.6495925188064575,0.3661017417907715,0.24662014842033386,0.5710442066192627,0.6831648349761963,-0.4515419900417328,0.9823284149169922,0.4849313497543335,0.5928757786750793,0.20046208798885345,0.9999523758888245,0.47991275787353516,0.609072208404541,-0.2003452628850937,0.9999791979789734,0.7033160328865051,0.5445073843002319,0.15314294397830963,0.6479326486587524,0.710494339466095,0.5568719506263733,-0.32097622752189636,0.9949350953102112,0.7276070713996887,0.6463675498962402,0.3188018500804901,0.7967790365219116,0.7398200035095215,0.6644194722175598,-0.15099823474884033,0.9952068328857422,0.7212346196174622,0.6606062650680542,0.3335675895214081,0.8392398953437805,0.7226255536079407,0.6829677224159241,-0.13186955451965332,0.9900312423706055,0.8195112347602844,0.6568632125854492,0.32507461309432983,0.8806305527687073,0.8467158079147339,0.6840075254440308,-0.14948807656764984,0.9935091733932495
189,bridge,1,0.14468073844909668,0.6106817722320557,0.12412451952695847,0.9999884963035583,0.13034650683403015,0.6146185398101807,0.14889751374721527,0.9999728798866272,0.13038918375968933,0.6153360605239868,0.148821160197258,0.9999638795852661,0.13038252294063568,0.6162557601928711,0.14878883957862854,0.9999738931655884,0.12933014333248138,0.6161776781082153,0.08871588110923767,0.9999908804893494,0.12842805683612823,0.6179258823394775,0.08868460357189178,0.9999913573265076,0.12734369933605194,0.6199687123298645,0.08857832103967667,0.9999931454658508,0.13724011182785034,0.6287944316864014,0.27533408999443054,0.9999598860740662,0.1338638812303543,0.6329653263092041,0.0022088433615863323,0.9999939203262329,0.16560713946819305,0.6135680675506592,0.17691297829151154,0.999936044216156,0.16338038444519043,0.6152194142341614,0.09783798456192017,0.9999856948852539,0.2582167387008667,0.6345064640045166,0.418500691652298,0.99985671043396,0.2164926379919052,0.660082995891571,-0.1665734052658081,0.9999992251396179,0.41204243898391724,0.6440144777297974,0.46380171179771423,0.17451262474060059,0.36902180314064026,0.6770759224891663,-0.306119829416275,0.9967165589332581,0.5461639761924744,0.6483697891235352,0.38972505927085876,0.29198646545410156,0.5314925909042358,0.6838319301605225,-0.4328896105289459,0.9960538148880005,0.5815199017524719,0.6483977437019348,0.39546653628349304,0.27119261026382446,0.5809165835380554,0.6870495676994324,-0.48589736223220825,0.9910979270935059,0.5875319242477417,0.6498798131942749,0.3501509428024292,0.26540759205818176,0.5873523354530334,0.6854228377342224,-0.47088271379470825,0.9899821281433105,0.5700469613075256,0.6495747566223145,0.36624395847320557,0.2512160539627075,0.571126401424408,0.6832587718963623,-0.425168514251709,0.9830975532531738,0.4852270185947418,0.5929153561592102,0.20017246901988983,0.9999536871910095,0.48028433322906494,0.609143853187561,-0.2000475823879242,0.999980092048645,0.7033262252807617,0.544535219669342,0.15487073361873627,0.6558085680007935,0.7104520797729492,0.5569270253181458,-0.3206508159637451,0.9951856732368469,0.7276122570037842,0.6463739275932312,0.31716662645339966,0.8056889772415161,0.7400679588317871,0.6645250916481018,-0.15144824981689453,0.9953063726425171,0.7245953679084778,0.6588071584701538,0.33130189776420593,0.8453753590583801,0.7231549024581909,0.6838833689689636,-0.13256561756134033,0.9901924133300781,0.8194153308868408,0.6562638878822327,0.32500776648521423,0.8859844207763672,0.846778929233551,0.6840065121650696,-0.14784680306911469,0.9936463832855225
190,bridge,1,0.14397819340229034,0.610675036907196,0.12959624826908112,0.99998939037323,0.1298496127128601,0.6146048307418823,0.1540457159280777,0.9999749660491943,0.1299254447221756,0.6153199672698975,0.15396732091903687,0.9999668002128601,0.12996360659599304,0.6162441372871399,0.1539444923400879,0.9999757409095764,0.12887641787528992,0.6161622405052185,0.09575246274471283,0.9999915957450867,0.12801304459571838,0.6179167628288269,0.09573868662118912,0.9999920725822449,0.1269485354423523,0.6199533939361572,0.09566450119018555,0.9999936819076538,0.13714148104190826,0.6287599802017212,0.2776374816894531,0.9999631643295288,0.13371862471103668,0.6329222917556763,0.012648084200918674,0.9999944567680359,0.16499139368534088,0.6135662198066711,0.18132171034812927,0.999941349029541,0.1628071814775467,0.6152176260948181,0.10472282767295837,0.9999868273735046,0.2577846646308899,0.6344465613365173,0.4217641055583954,0.9998628497123718,0.21625742316246033,0.6600347757339478,-0.15535759925842285,0.9999992847442627,0.41169142723083496,0.642336905002594,0.4714486002922058,0.17536991834640503,0.369573712348938,0.6769527792930603,-0.2941916584968567,0.9968537092208862,0.5460177659988403,0.6470285058021545,0.40610191226005554,0.29413551092147827,0.5317538976669312,0.6832030415534973,-0.41875576972961426,0.9962700605392456,0.581322968006134,0.6471771597862244,0.41168344020843506,0.27369046211242676,0.5809704065322876,0.6862741112709045,-0.47106626629829407,0.9915151596069336,0.5867999792098999,0.6483456492424011,0.36825862526893616,0.2677261233329773,0.5873562097549438,0.6847550272941589,-0.45539823174476624,0.9904454946517944,0.5693860054016113,0.6483322978019714,0.38338133692741394,0.2533981502056122,0.5711309909820557,0.6824084520339966,-0.410612016916275,0.9838290810585022,0.48546236753463745,0.5929415822029114,0.20005209743976593,0.9999556541442871,0.480549156665802,0.6092216372489929,-0.19992069900035858,0.9999812245368958,0.7032319903373718,0.5445107221603394,0.15924271941184998,0.6638402342796326,0.7104647755622864,0.5568137168884277,-0.31986740231513977,0.995439350605011,0.727543294429779,0.6462998390197754,0.3196873962879181,0.8142082691192627,0.740100085735321,0.6645431518554688,-0.15246771275997162,0.9954274296760559,0.725054919719696,0.6556925773620605,0.33399561047554016,0.8509670495986938,0.7233502268791199,0.6838762164115906,-0.13373403251171112,0.990368127822876,0.8192965388298035,0.654630184173584,0.3282189965248108,0.8908768892288208,0.8467796444892883,0.6839593648910522,-0.1470731496810913,0.9937930703163147
191,bridge,1,0.1437060385942459,0.6106728911399841,0.1319068968296051,0.9999902248382568,0.1296183168888092,0.614599883556366,0.15637747943401337,0.9999768733978271,0.1297156661748886,0.6153129935264587,0.1563001126050949,0.999969482421875,0.12978677451610565,0.616239070892334,0.15628370642662048,0.9999774694442749,0.12868502736091614,0.6161585450172424,0.0984492152929306,0.9999922513961792,0.12785358726978302,0.6179158091545105,0.09844072163105011,0.9999927282333374,0.12680041790008545,0.6199511885643005,0.09837467968463898,0.999994158744812,0.13711607456207275,0.6287431120872498,0.27965879440307617,0.9999661445617676,0.13367141783237457,0.6329050660133362,0.016248466446995735,0.9999949932098389,0.16474610567092896,0.6135673522949219,0.18352670967578888,0.9999462366104126,0.1625886708498001,0.615218460559845,0.10744974762201309,0.9999878406524658,0.2573578655719757,0.634382963180542,0.4248112738132477,0.9998686909675598,0.21615254878997803,0.6600039601325989,-0.15263600647449493,0.9999993443489075,0.4110886752605438,0.6411112546920776,0.47790953516960144,0.17872679233551025,0.3696354925632477,0.6768824458122253,-0.29390284419059753,0.9969804883003235,0.5456846952438354,0.6461491584777832,0.4147133231163025,0.2989361882209778,0.5320713520050049,0.6827833652496338,-0.420664519071579,0.996471643447876,0.5807901620864868,0.6464703679084778,0.42004427313804626,0.2780342996120453,0.581072211265564,0.6858751773834229,-0.4740140438079834,0.9919037222862244,0.5859322547912598,0.6477517485618591,0.37614068388938904,0.27192163467407227,0.5874181985855103,0.6844022274017334,-0.4579021632671356,0.9908770322799683,0.5684465169906616,0.6475675702095032,0.39178186655044556,0.2571291923522949,0.5711634159088135,0.6818876266479492,-0.41239649057388306,0.9845125675201416,0.4856342077255249,0.5928850769996643,0.20006142556667328,0.9999573826789856,0.48075875639915466,0.609203040599823,-0.1999286264181137,0.9999822378158569,0.7030302286148071,0.5445377230644226,0.1598268449306488,0.6718124747276306,0.7104395627975464,0.556817352771759,-0.31976374983787537,0.9956806898117065,0.7274904251098633,0.6459326148033142,0.31873875856399536,0.8222712874412537,0.7401310205459595,0.664539635181427,-0.15198761224746704,0.9955592155456543,0.72508704662323,0.6541992425918579,0.33269989490509033,0.8562794923782349,0.7234424948692322,0.6836419105529785,-0.13325272500514984,0.9905756115913391,0.8191884756088257,0.6538532376289368,0.3265995383262634,0.8954987525939941,0.846775472164154,0.6838271021842957,-0.14635521173477173,0.9939460158348083
192,bridge,1,0.14348147809505463,0.6106615662574768,0.13639308512210846,0.9999909400939941,0.12944497168064117,0.6145926713943481,0.16052991151809692,0.9999786019325256,0.1295555830001831,0.6153063774108887,0.16045106947422028,0.9999719262123108,0.12964758276939392,0.6162365078926086,0.16043716669082642,0.9999790787696838,0.1285398304462433,0.6161444187164307,0.1023198664188385,0.999992847442627,0.12773451209068298,0.6179054379463196,0.1023087128996849,0.9999933242797852,0.12669137120246887,0.6199353933334351,0.10224054753780365,0.9999945759773254,0.1371096521615982,0.6287405490875244,0.28316590189933777,0.9999688863754272,0.1336461454629898,0.6328776478767395,0.018254419788718224,0.9999954700469971,0.16445764899253845,0.6135607361793518,0.187872976064682,0.9999507069587708,0.16232852637767792,0.6152049899101257,0.11138249188661575,0.9999887943267822,0.2572508752346039,0.6342519521713257,0.42937707901000977,0.9998746514320374,0.2159319967031479,0.659912109375,-0.15242019295692444,0.9999994039535522,0.41050994396209717,0.6400020718574524,0.48618587851524353,0.18820910155773163,0.3691531717777252,0.6763339638710022,-0.2965814173221588,0.9970443248748779,0.5455202460289001,0.6455015540122986,0.4289371371269226,0.3089855909347534,0.5318090915679932,0.6820116639137268,-0.4490062892436981,0.9966380000114441,0.580528974533081,0.6459782123565674,0.43568646907806396,0.28618666529655457,0.5810851454734802,0.6852182149887085,-0.5056966543197632,0.9922277331352234,0.5854519605636597,0.6472907662391663,0.3910650312900543,0.27983731031417847,0.5873269438743591,0.683894693851471,-0.4891214072704315,0.9912344813346863,0.5679793357849121,0.6469253897666931,0.4059429466724396,0.2639874219894409,0.5707293748855591,0.6812269687652588,-0.4412030577659607,0.9850671291351318,0.48577386140823364,0.5928781032562256,0.20008572936058044,0.9999592900276184,0.4809017777442932,0.6092718243598938,-0.19995298981666565,0.9999832510948181,0.7029926180839539,0.544556200504303,0.16040876507759094,0.6785790920257568,0.71040278673172,0.5568204522132874,-0.319100558757782,0.9958892464637756,0.7274494171142578,0.6455954313278198,0.3170723021030426,0.8291705250740051,0.7401596903800964,0.6645350456237793,-0.15248176455497742,0.995682418346405,0.7246962189674377,0.6539521217346191,0.33065712451934814,0.8609514236450195,0.7234461903572083,0.683395266532898,-0.13400839269161224,0.9908052682876587,0.8187774419784546,0.6541908383369446,0.32385191321372986,0.8994465470314026,0.8467710614204407,0.6837599277496338,-0.1478520631790161,0.9940958619117737
193,bridge,1,0.14323090016841888,0.6106560826301575,0.140451580286026,0.9999916553497314,0.12925347685813904,0.6145896315574646,0.16447335481643677,0.9999802708625793,0.12937194108963013,0.6153038144111633,0.16439540684223175,0.9999741911888123,0.1294775903224945,0.616234302520752,0.16438357532024384,0.9999805688858032,0.1283685714006424,0.616138219833374,0.1058763638138771,0.9999933838844299,0.12758013606071472,0.617901623249054,0.10586374253034592,0.9999938607215881,0.12654349207878113,0.6199288964271545,0.10579806566238403,0.9999949932098389,0.1370825618505478,0.6287378072738647,0.28720131516456604,0.9999714493751526,0.1335928738117218,0.6328577399253845,0.02036439999938011,0.9999958872795105,0.16411322355270386,0.6135587692260742,0.19203469157218933,0.9999548196792603,0.16201713681221008,0.6151995062828064,0.11494915932416916,0.9999896883964539,0.25703099370002747,0.6341193914413452,0.43393412232398987,0.999880850315094,0.21566803753376007,0.6598513722419739,-0.15122553706169128,0.999999463558197,0.40990567207336426,0.6395779252052307,0.49283984303474426,0.2005058079957962,0.3677935302257538,0.6758518815040588,-0.3036492168903351,0.9970901012420654,0.5452335476875305,0.6453025341033936,0.4381228983402252,0.3223806321620941,0.5298868417739868,0.6814821362495422,-0.4754301905632019,0.9967876076698303,0.5800177454948425,0.6458160281181335,0.44522544741630554,0.29728764295578003,0.5810909867286682,0.6849909424781799,-0.5343561768531799,0.9925324320793152,0.5846611261367798,0.647148847579956,0.4003120958805084,0.29072314500808716,0.5723968744277954,0.677095890045166,-0.5169064402580261,0.9915713667869568,0.5672475099563599,0.6467151641845703,0.4151865839958191,0.2735672891139984,0.5699121356010437,0.6810243129730225,-0.4675697982311249,0.9855879545211792,0.4858807921409607,0.5929189324378967,0.20032908022403717,0.9999611973762512,0.4810156226158142,0.6093710660934448,-0.20019946992397308,0.9999842047691345,0.7029339075088501,0.5445708632469177,0.16070041060447693,0.6861576437950134,0.710365891456604,0.5568304061889648,-0.3189849555492401,0.9960893988609314,0.7274176478385925,0.6449384093284607,0.31704166531562805,0.8361342549324036,0.7402228713035583,0.6645163297653198,-0.15223456919193268,0.9958198666572571,0.7243905067443848,0.6538141369819641,0.33069664239883423,0.8658652305603027,0.7234485149383545,0.6832447648048401,-0.13372808694839478,0.991064190864563,0.8180779218673706,0.6544177532196045,0.3240394592285156,0.9034687280654907,0.8467702269554138,0.6836442351341248,-0.14766739308834076,0.9942689538002014
194,bridge,1,0.1430930644273758,0.610649049282074,0.1416599452495575,0.9999922513961792,0.12913812696933746,0.6145855784416199,0.16571304202079773,0.9999817609786987,0.12926281988620758,0.6153002977371216,0.16563473641872406,0.9999762177467346,0.1293790191411972,0.6162324547767639,0.16562511026859283,0.9999819397926331,0.12826500833034515,0.6161298751831055,0.10685380548238754,0.9999938607215881,0.12748852372169495,0.6178953647613525,0.10683717578649521,0.9999943375587463,0.1264549344778061,0.6199194192886353,0.10676853358745575,0.9999953508377075,0.1370730847120285,0.6287350058555603,0.2885662913322449,0.9999737739562988,0.13356611132621765,0.632839560508728,0.020502250641584396,0.9999962449073792,0.16393090784549713,0.6135565042495728,0.19329483807086945,0.9999585151672363,0.1618436574935913,0.6151924133300781,0.11583716422319412,0.9999905228614807,0.25690892338752747,0.6340548396110535,0.43610450625419617,0.999886155128479,0.2155795842409134,0.6598259210586548,-0.15205027163028717,0.9999995231628418,0.40968745946884155,0.6393722891807556,0.49409398436546326,0.2106715887784958,0.36734339594841003,0.6756131649017334,-0.31189829111099243,0.9971346259117126,0.5451633334159851,0.64513099193573,0.43686267733573914,0.33346495032310486,0.5300132036209106,0.681143581867218,-0.4854852557182312,0.9969215393066406,0.5798139572143555,0.6456673741340637,0.44383230805397034,0.3063964545726776,0.5811353325843811,0.6847395300865173,-0.5448050498962402,0.9928043484687805,0.5843107104301453,0.6470080018043518,0.39873889088630676,0.29963135719299316,0.569335401058197,0.6747620105743408,-0.5267705321311951,0.9918712377548218,0.5669248104095459,0.6465100049972534,0.41381165385246277,0.28135213255882263,0.5699209570884705,0.6807278990745544,-0.4773603081703186,0.9860492944717407,0.485965758562088,0.5929365158081055,0.2007036805152893,0.9999628663063049,0.4810873568058014,0.6094393134117126,-0.20058079063892365,0.9999850988388062,0.7029153108596802,0.5445830821990967,0.16250261664390564,0.6922653317451477,0.7103498578071594,0.5568380355834961,-0.31852927803993225,0.9962664842605591,0.7274075150489807,0.644593358039856,0.3174881935119629,0.8423461318016052,0.740285336971283,0.6644977927207947,-0.1526508927345276,0.9959403872489929,0.7241678237915039,0.6536445617675781,0.33112847805023193,0.870402455329895,0.7234529256820679,0.6830717325210571,-0.13418956100940704,0.9912992119789124,0.8172627687454224,0.6544912457466125,0.3246070444583893,0.9071900844573975,0.8467695116996765,0.6835814714431763,-0.14795395731925964,0.9944291114807129
195,bridge,1,0.142931267619133,0.6106468439102173,0.1451374739408493,0.9999927878379822,0.12901616096496582,0.6145839095115662,0.16893012821674347,0.9999830722808838,0.12914404273033142,0.6152979731559753,0.16885358095169067,0.9999780058860779,0.1292675882577896,0.6162305474281311,0.16884401440620422,0.9999831318855286,0.12815232574939728,0.616126537322998,0.10969208180904388,0.9999943375587463,0.12738199532032013,0.6178929209709167,0.10966747254133224,0.9999948143959045,0.1263476461172104,0.6199147701263428,0.10959453135728836,0.9999957084655762,0.13704457879066467,0.6287325024604797,0.2917283773422241,0.999975860118866,0.13350944221019745,0.6328226327896118,0.021808970719575882,0.9999966025352478,0.16366592049598694,0.6135561466217041,0.19685210287570953,0.9999618530273438,0.16160240769386292,0.6151890158653259,0.11880581825971603,0.999991238117218,0.25668954849243164,0.6339325904846191,0.4396335482597351,0.9998915195465088,0.21537122130393982,0.6598104238510132,-0.15152481198310852,0.9999995827674866,0.40891748666763306,0.6390453577041626,0.49958834052085876,0.22440728545188904,0.36492523550987244,0.6751065850257874,-0.32652848958969116,0.9971318244934082,0.5449853539466858,0.6450179219245911,0.4451969861984253,0.34780487418174744,0.5279147028923035,0.6807966828346252,-0.5160762667655945,0.9970301389694214,0.5794854164123535,0.6455768346786499,0.45295199751853943,0.31829193234443665,0.5592820048332214,0.6847646832466125,-0.5781732201576233,0.993040144443512,0.5839563012123108,0.6469119787216187,0.4073132276535034,0.31130221486091614,0.5574618577957153,0.6740560531616211,-0.5592877268791199,0.99213045835495,0.5664731860160828,0.6463842988014221,0.4221503436565399,0.29177168011665344,0.5446333885192871,0.6729323267936707,-0.5080388784408569,0.9864379167556763,0.4860326051712036,0.5929640531539917,0.20143501460552216,0.9999646544456482,0.48115456104278564,0.6094950437545776,-0.2013292908668518,0.999985933303833,0.702869176864624,0.5446111559867859,0.16245491802692413,0.6974328756332397,0.7103278636932373,0.5568701028823853,-0.3184128701686859,0.9964118003845215,0.7273761630058289,0.6444208025932312,0.3179705739021301,0.8479027152061462,0.7403284311294556,0.664483904838562,-0.1517580896615982,0.9960551261901855,0.7240259647369385,0.6536228060722351,0.33177828788757324,0.8745889663696289,0.7234558463096619,0.6828957796096802,-0.13318559527397156,0.9915351867675781,0.816644012928009,0.6546017527580261,0.3249993622303009,0.9105551242828369,0.8467705249786377,0.6835199594497681,-0.14772401750087738,0.994587242603302
196,bridge,1,0.14283965528011322,0.610642671585083,0.14696256816387177,0.9999932646751404,0.12893126904964447,0.6145801544189453,0.17099127173423767,0.9999842643737793,0.12906135618686676,0.6152945756912231,0.17091497778892517,0.9999796748161316,0.12918975949287415,0.6162291169166565,0.17090696096420288,0.9999842643737793,0.12807683646678925,0.6161182522773743,0.11156982183456421,0.9999947547912598,0.127313032746315,0.6178860068321228,0.11154335737228394,0.999995231628418,0.12627890706062317,0.6199052333831787,0.11147026717662811,0.9999960064888,0.13702063262462616,0.6287307739257812,0.29445603489875793,0.9999777674674988,0.1334686130285263,0.6328023076057434,0.023575861006975174,0.9999969005584717,0.1635020673274994,0.6135555505752563,0.19888818264007568,0.9999648332595825,0.16145503520965576,0.6151852607727051,0.12058980017900467,0.9999918937683105,0.25657013058662415,0.6337965130805969,0.4426228702068329,0.9998963475227356,0.2151530385017395,0.6597976684570312,-0.15030835568904877,0.9999995827674866,0.40864211320877075,0.6389483213424683,0.5018609762191772,0.23451954126358032,0.3642776310443878,0.6749292016029358,-0.3279730975627899,0.997146725654602,0.5449396967887878,0.6449441313743591,0.4465378224849701,0.35846492648124695,0.5271443724632263,0.6807001829147339,-0.512117326259613,0.9971321225166321,0.5794407725334167,0.6455196738243103,0.45404940843582153,0.32713782787323,0.5564389228820801,0.6847870349884033,-0.5737443566322327,0.9932592511177063,0.5839273929595947,0.6468632817268372,0.4085928499698639,0.3199738562107086,0.5569440126419067,0.6738102436065674,-0.5548162460327148,0.9923717379570007,0.5663936138153076,0.6463145613670349,0.4234810769557953,0.2995101809501648,0.5417531132698059,0.6708455681800842,-0.503978431224823,0.9868028163909912,0.4860747158527374,0.5929940342903137,0.2018992006778717,0.9999662637710571,0.4812159538269043,0.6095676422119141,-0.20180287957191467,0.9999867081642151,0.7028376460075378,0.5446233153343201,0.1623702049255371,0.7023807168006897,0.7103119492530823,0.556890606880188,-0.3181134760379791,0.9965428113937378,0.7273325324058533,0.6442628502845764,0.3184066414833069,0.8529815077781677,0.7403510808944702,0.6644817590713501,-0.15102829039096832,0.9961611032485962,0.7239398956298828,0.653598427772522,0.3323328495025635,0.8783713579177856,0.7234579920768738,0.682788610458374,-0.13236546516418457,0.9917417168617249,0.8165053129196167,0.654682993888855,0.3255520462989807,0.9136459231376648,0.84679114818573,0.6835000514984131,-0.14767950773239136,0.9947353005409241
197,bridge,1,0.142721489071846,0.6106373071670532,0.1482711285352707,0.9999936819076538,0.12882296741008759,0.6145777106285095,0.17242784798145294,0.9999853372573853,0.12895527482032776,0.6152916550636292,0.1723504662513733,0.999981164932251,0.1290886253118515,0.616227388381958,0.17234191298484802,0.9999852776527405,0.12797771394252777,0.6161155104637146,0.1130528450012207,0.9999951124191284,0.1272207349538803,0.6178844571113586,0.11302420496940613,0.9999955892562866,0.12619002163410187,0.6199032664299011,0.11295203119516373,0.9999962449073792,0.13700036704540253,0.6287286877632141,0.29598212242126465,0.9999794960021973,0.13343866169452667,0.6327956914901733,0.02538435347378254,0.9999971985816956,0.16335564851760864,0.6135479807853699,0.200191929936409,0.9999675154685974,0.1613408327102661,0.6151768565177917,0.12196707725524902,0.9999924898147583,0.2565929889678955,0.6336986422538757,0.44398990273475647,0.999900758266449,0.21506980061531067,0.659705638885498,-0.1487533301115036,0.9999995827674866,0.4086407423019409,0.6389970779418945,0.5029751658439636,0.24290205538272858,0.36376848816871643,0.6747767329216003,-0.32834699749946594,0.9971452355384827,0.5449333786964417,0.6449471712112427,0.448950856924057,0.3672838807106018,0.526938796043396,0.6806157231330872,-0.511768102645874,0.9972124695777893,0.5794422626495361,0.645466685295105,0.4568345546722412,0.33454713225364685,0.5539863705635071,0.6847813725471497,-0.5734482407569885,0.9934355616569519,0.583915650844574,0.6468204855918884,0.4114432632923126,0.327238529920578,0.5551995635032654,0.673682451248169,-0.5541707277297974,0.9925652146339417,0.5663591027259827,0.6462916731834412,0.42598140239715576,0.30612698197364807,0.5394569635391235,0.6702450513839722,-0.5035431385040283,0.9870958924293518,0.48628565669059753,0.5931066274642944,0.20214854180812836,0.9999678730964661,0.4812895655632019,0.6098660826683044,-0.20206382870674133,0.9999874234199524,0.7028221487998962,0.544571578502655,0.16109298169612885,0.7059272527694702,0.7103202939033508,0.5569002628326416,-0.3172764182090759,0.9966412782669067,0.727313756942749,0.6440553665161133,0.3185676336288452,0.8571266531944275,0.7403407692909241,0.664482831954956,-0.14548085629940033,0.9962338209152222,0.7241840362548828,0.6536023616790771,0.3326234519481659,0.8813997507095337,0.7233556509017944,0.6827214956283569,-0.1261792629957199,0.9918915629386902,0.8166200518608093,0.6547373533248901,0.32576024532318115,0.9161728620529175,0.846787691116333,0.6834978461265564,-0.14148163795471191,0.994848370552063
198,bridge,1,0.14265237748622894,0.6106329560279846,0.15280243754386902,0.9999940991401672,0.12876200675964355,0.6145758628845215,0.17694060504436493,0.9999863505363464,0.12889650464057922,0.615289032459259,0.17686302959918976,0.9999825358390808,0.1290350705385208,0.61622554063797,0.17685259878635406,0.9999862313270569,0.1279330849647522,0.616113543510437,0.11791219562292099,0.9999954700469971,0.1271868646144867,0.6178827285766602,0.11788500845432281,0.9999958872795105,0.12616096436977386,0.6199010014533997,0.11781550943851471,0.9999964833259583,0.13699473440647125,0.62872713804245,0.2993362247943878,0.9999811053276062,0.13343270123004913,0.6327922940254211,0.03039899282157421,0.9999974370002747,0.16327707469463348,0.6135358810424805,0.20424695312976837,0.999970018863678,0.16128136217594147,0.6151658296585083,0.12646514177322388,0.9999930262565613,0.2566443383693695,0.6335581541061401,0.446494460105896,0.9999050498008728,0.21489162743091583,0.6596243381500244,-0.14493541419506073,0.9999995827674866,0.4087332785129547,0.6389991641044617,0.5051605701446533,0.25110504031181335,0.3630525767803192,0.6747303009033203,-0.3281683623790741,0.9971469640731812,0.5451396703720093,0.6449507474899292,0.4544720947742462,0.37612879276275635,0.526817262172699,0.6806121468544006,-0.5065279006958008,0.9972931742668152,0.5797272324562073,0.645443320274353,0.46302351355552673,0.3420361280441284,0.5535079836845398,0.6847761869430542,-0.5678631663322449,0.9936164617538452,0.5841665267944336,0.6467931270599365,0.41823428869247437,0.3345241844654083,0.5548642873764038,0.6735789775848389,-0.5485602617263794,0.9927645325660706,0.5664831399917603,0.6462671160697937,0.4318707585334778,0.3127668499946594,0.5390437841415405,0.669992983341217,-0.4982786476612091,0.9874041080474854,0.4868527054786682,0.5936437845230103,0.20223265886306763,0.999969482421875,0.48144134879112244,0.6105265617370605,-0.2021523267030716,0.9999881386756897,0.7028392553329468,0.5445778965950012,0.16050231456756592,0.7099229097366333,0.710310161113739,0.5569111108779907,-0.31707197427749634,0.9967441558837891,0.7271360158920288,0.6440653800964355,0.31932276487350464,0.8609528541564941,0.7401714324951172,0.6645140647888184,-0.14617781341075897,0.9963144063949585,0.7243931293487549,0.6536117792129517,0.3336489200592041,0.8840846419334412,0.7233033776283264,0.6827172636985779,-0.1269538402557373,0.9920490384101868,0.8168261647224426,0.6547805070877075,0.32728075981140137,0.9183759689331055,0.8476499319076538,0.6834404468536377,-0.14281374216079712,0.9949689507484436
199,bridge,1,0.14253227412700653,0.6106301546096802,0.15082360804080963,0.9999945163726807,0.12865248322486877,0.6145739555358887,0.17490361630916595,0.9999873042106628,0.12878070771694183,0.6152867078781128,0.17482462525367737,0.9999837875366211,0.1289120763540268,0.6162238717079163,0.17481400072574615,0.9999870657920837,0.1278400868177414,0.6161113381385803,0.11593639850616455,0.999995768070221,0.12710006535053253,0.6178812384605408,0.11591219156980515,0.9999961853027344,0.12607872486114502,0.6198989152908325,0.11584100127220154,0.9999967217445374,0.13693319261074066,0.6287258267402649,0.29768648743629456,0.9999825358390808,0.13340020179748535,0.6327869892120361,0.028513463214039803,0.9999976754188538,0.16316024959087372,0.613531768321991,0.2022176831960678,0.9999722838401794,0.16119752824306488,0.6151613593101501,0.12451145797967911,0.9999935030937195,0.25669065117836,0.6335445642471313,0.4458451569080353,0.999908447265625,0.21486571431159973,0.6595577597618103,-0.14586904644966125,0.9999995827674866,0.4088080823421478,0.6391875743865967,0.5030295252799988,0.2609526515007019,0.36305469274520874,0.6747048497200012,-0.3278132677078247,0.9971608519554138,0.5451769828796387,0.6450153589248657,0.44937193393707275,0.3864797353744507,0.5269061923027039,0.680692732334137,-0.5012456178665161,0.997371256351471,0.5797779560089111,0.6454488039016724,0.4573308825492859,0.3504558503627777,0.5675211548805237,0.6847836375236511,-0.5617185235023499,0.9937819242477417,0.5843216776847839,0.6467996835708618,0.4125119745731354,0.34267157316207886,0.5568743944168091,0.6738438606262207,-0.5428233742713928,0.9929482936859131,0.5666799545288086,0.6462883949279785,0.42659053206443787,0.3199123442173004,0.5571204423904419,0.6767417192459106,-0.4929807186126709,0.9876959919929504,0.48802807927131653,0.5944284796714783,0.20224496722221375,0.9999706745147705,0.48229920864105225,0.611286461353302,-0.20216645300388336,0.9999887347221375,0.7028237581253052,0.5444969534873962,0.16274939477443695,0.7143459320068359,0.7103376984596252,0.5569049715995789,-0.31688812375068665,0.9968721866607666,0.7269423007965088,0.6440597176551819,0.3202631175518036,0.8649872541427612,0.7399373650550842,0.6645970344543457,-0.15219271183013916,0.9964160919189453,0.724347710609436,0.6535684466362,0.3343753516674042,0.8870658874511719,0.7233023047447205,0.6827694773674011,-0.13385950028896332,0.992271363735199,0.8167670965194702,0.654778003692627,0.3296997547149658,0.9207257628440857,0.8475950360298157,0.6834375858306885,-0.14841783046722412,0.9951159358024597
200,bridge,1,0.14245639741420746,0.6106275320053101,0.14957080781459808,0.9999948740005493,0.12858670949935913,0.6145722270011902,0.17364512383937836,0.9999881386756897,0.12871019542217255,0.6152845621109009,0.17356561124324799,0.9999849200248718,0.1288354992866516,0.6162227988243103,0.17355483770370483,0.9999878406524658,0.1277794986963272,0.6161094307899475,0.11474718153476715,0.9999960660934448,0.12703938782215118,0.6178798675537109,0.11472608894109726,0.9999964833259583,0.1260194182395935,0.6198970079421997,0.11465497314929962,0.9999969601631165,0.13688188791275024,0.6287246346473694,0.29724225401878357,0.9999838471412659,0.13337507843971252,0.6327723860740662,0.027555765584111214,0.9999978542327881,0.16307909786701202,0.6135278940200806,0.20106272399425507,0.9999743103981018,0.16114141047000885,0.6151562333106995,0.12330982089042664,0.9999939799308777,0.2566993534564972,0.6335375308990479,0.443569153547287,0.9999111890792847,0.21486569941043854,0.6594589948654175,-0.14677855372428894,0.9999995827674866,0.40882211923599243,0.6392849087715149,0.4989778995513916,0.27066415548324585,0.3631390333175659,0.6746701002120972,-0.3251563608646393,0.9971745014190674,0.5453580617904663,0.6450483202934265,0.44757258892059326,0.3968961238861084,0.5268175005912781,0.6808596849441528,-0.4991043508052826,0.9974417090415955,0.5799165368080139,0.645452082157135,0.45635339617729187,0.35899510979652405,0.5644218325614929,0.6849992871284485,-0.5592606067657471,0.9939428567886353,0.5848250985145569,0.6468149423599243,0.4122437834739685,0.35093772411346436,0.5585145950317383,0.6740909814834595,-0.5400373935699463,0.9931311011314392,0.5675750374794006,0.6463208794593811,0.4251762926578522,0.3270750343799591,0.5634058713912964,0.6797067523002625,-0.4905053973197937,0.9879977703094482,0.48946207761764526,0.5954681634902954,0.2021176666021347,0.9999715089797974,0.48354339599609375,0.6125561594963074,-0.2020411491394043,0.9999892115592957,0.7026536464691162,0.544501006603241,0.16370466351509094,0.7203075289726257,0.7103327512741089,0.5570068359375,-0.31383422017097473,0.9970086216926575,0.7256843447685242,0.6446091532707214,0.32036834955215454,0.8696804046630859,0.7389604449272156,0.6647164225578308,-0.15405355393886566,0.9965488910675049,0.7235929369926453,0.6533805727958679,0.33445262908935547,0.8904711604118347,0.7232857942581177,0.6827363967895508,-0.13631410896778107,0.9925501942634583,0.8159952759742737,0.654699444770813,0.32976606488227844,0.9233533143997192,0.8474108576774597,0.6834415197372437,-0.1506587564945221,0.9953018426895142
201,bridge,1,0.14222091436386108,0.6106196045875549,0.14981968700885773,0.9999951720237732,0.12837372720241547,0.6145704984664917,0.17440228164196014,0.9999889135360718,0.12848298251628876,0.6152830719947815,0.174316868185997,0.9999859929084778,0.1285923570394516,0.61622154712677,0.17430445551872253,0.9999886155128479,0.12756457924842834,0.6161075830459595,0.11607606709003448,0.9999963045120239,0.1268177181482315,0.6178785562515259,0.1160663515329361,0.9999967217445374,0.12580685317516327,0.6198952794075012,0.11600275337696075,0.9999971389770508,0.13675794005393982,0.6287233829498291,0.2970667779445648,0.9999850988388062,0.13328155875205994,0.6327679753303528,0.03133820369839668,0.9999980330467224,0.1629052758216858,0.6135140657424927,0.20089687407016754,0.9999761581420898,0.16102062165737152,0.6151445508003235,0.12383469939231873,0.9999943971633911,0.25716567039489746,0.6334389448165894,0.44258859753608704,0.9999135732650757,0.21522749960422516,0.6594563722610474,-0.14417609572410583,0.9999995827674866,0.40882229804992676,0.6394156217575073,0.4983839988708496,0.2768058180809021,0.36319032311439514,0.6748648881912231,-0.31362855434417725,0.997183084487915,0.5457661747932434,0.6453047394752502,0.458973228931427,0.40376830101013184,0.5270795822143555,0.68146151304245,-0.48117324709892273,0.99748694896698,0.5799511671066284,0.6457329988479614,0.47065475583076477,0.36458635330200195,0.5638720393180847,0.6878096461296082,-0.5397663116455078,0.9940592646598816,0.5851880311965942,0.6472746729850769,0.4297510087490082,0.35626018047332764,0.5796975493431091,0.6824383735656738,-0.5223827958106995,0.993266761302948,0.5686798691749573,0.6469388604164124,0.43829473853111267,0.3317241370677948,0.5672959089279175,0.6821684837341309,-0.473855584859848,0.9882346391677856,0.4953364431858063,0.5975143313407898,0.20212231576442719,0.999972403049469,0.48828229308128357,0.6160260438919067,-0.20204533636569977,0.9999896287918091,0.7026399970054626,0.5442489981651306,0.16309475898742676,0.7262780666351318,0.710831344127655,0.5569466948509216,-0.3139519691467285,0.9971339106559753,0.7250004410743713,0.6463795304298401,0.32240986824035645,0.8738633394241333,0.7382630109786987,0.6649548411369324,-0.15358559787273407,0.9966675639152527,0.7232241630554199,0.6532403230667114,0.33697500824928284,0.8934952020645142,0.7232790589332581,0.682803213596344,-0.1354409009218216,0.9928064942359924,0.8161323666572571,0.6546958088874817,0.33614298701286316,0.9255457520484924,0.8478107452392578,0.683530867099762,-0.14773821830749512,0.995481014251709
202,bridge,1,0.14211446046829224,0.6106162667274475,0.1463795155286789,0.9999954104423523,0.1282147467136383,0.6145651340484619,0.1717495322227478,0.9999896287918091,0.1282941848039627,0.6152782440185547,0.17165975272655487,0.9999869465827942,0.1283758580684662,0.6162192821502686,0.17164811491966248,0.9999893307685852,0.1273697465658188,0.616104006767273,0.11321746557950974,0.999996542930603,0.12658044695854187,0.6178770065307617,0.11322540789842606,0.9999969601631165,0.12555748224258423,0.6198937296867371,0.11317723244428635,0.9999973177909851,0.13661876320838928,0.6287221908569336,0.29481950402259827,0.9999862313270569,0.1331353634595871,0.6327643394470215,0.02898409031331539,0.9999982118606567,0.1627572625875473,0.6135138869285583,0.19736625254154205,0.9999777674674988,0.16088572144508362,0.6151452660560608,0.12012716382741928,0.9999947547912598,0.25737690925598145,0.6334277987480164,0.43958327174186707,0.9999155402183533,0.21564261615276337,0.6595330238342285,-0.14694538712501526,0.9999995827674866,0.40882089734077454,0.6404711008071899,0.4917525053024292,0.28545984625816345,0.3619299829006195,0.6765333414077759,-0.31668055057525635,0.9971380829811096,0.5457766652107239,0.6470758318901062,0.4555719196796417,0.4118785560131073,0.527701199054718,0.6829326748847961,-0.4876622259616852,0.9974691867828369,0.5799379348754883,0.648008406162262,0.4675195813179016,0.3708209991455078,0.559332549571991,0.6920808553695679,-0.5467292666435242,0.994055986404419,0.585206151008606,0.650034487247467,0.42651060223579407,0.36235421895980835,0.5858192443847656,0.6867557168006897,-0.5273476243019104,0.9932699203491211,0.5689921379089355,0.6496379971504211,0.43478497862815857,0.3370472490787506,0.5704182982444763,0.6845635175704956,-0.479841023683548,0.9882516264915466,0.5023961663246155,0.6000516414642334,0.2030874788761139,0.9999729990959167,0.4965723752975464,0.62022864818573,-0.20304952561855316,0.999989926815033,0.7025056481361389,0.5441853404045105,0.16349923610687256,0.7301044464111328,0.7113959789276123,0.5571290850639343,-0.31282350420951843,0.9972546696662903,0.7246060371398926,0.647148609161377,0.3225649893283844,0.8773648142814636,0.7382490038871765,0.664928674697876,-0.1429697871208191,0.9967645406723022,0.7209742665290833,0.6534183025360107,0.3371608257293701,0.8961650729179382,0.7233717441558838,0.6828017234802246,-0.12288584560155869,0.9930660128593445,0.8155195116996765,0.6556609869003296,0.33939310908317566,0.9273673892021179,0.8480706214904785,0.6835645437240601,-0.12587933242321014,0.9956365823745728
210,bridge,1,0.14460240304470062,0.6102793216705322,0.07962631434202194,0.9999913573265076,0.12806713581085205,0.6144127249717712,0.10454767197370529,0.9999780654907227,0.1281982660293579,0.6151313781738281,0.10441233962774277,0.9999744296073914,0.12835247814655304,0.6160380840301514,0.10434829443693161,0.9999799132347107,0.12705586850643158,0.6160808205604553,0.042033858597278595,0.9999924302101135,0.12639833986759186,0.6178374290466309,0.04200159013271332,0.9999932646751404,0.12565161287784576,0.6199001669883728,0.04182414710521698,0.9999942183494568,0.13654540479183197,0.6285615563392639,0.22149941325187683,0.9999780654907227,0.1325523853302002,0.6331272721290588,-0.05890055373311043,0.9999963641166687,0.1652003824710846,0.6131588220596313,0.1279645711183548,0.9999489188194275,0.16419155895709991,0.6150169968605042,0.04661378264427185,0.9999877214431763,0.2585543394088745,0.6333032250404358,0.3871054947376251,0.999865710735321,0.222114697098732,0.6597900986671448,-0.25229719281196594,0.9999994039535522,0.40287676453590393,0.6460733413696289,0.47006872296333313,0.17839445173740387,0.37510743737220764,0.6811246871948242,-0.42623013257980347,0.995112419128418,0.5517897009849548,0.6533975005149841,0.44699034094810486,0.26505881547927856,0.5423222184181213,0.6854760646820068,-0.5412545204162598,0.9947496056556702,0.5944183468818665,0.651576042175293,0.4645213186740875,0.24134758114814758,0.5947644114494324,0.6923933029174805,-0.6047952175140381,0.9893351197242737,0.6006540656089783,0.6517870426177979,0.41836655139923096,0.23597349226474762,0.6058092713356018,0.6892234086990356,-0.5753175616264343,0.9880564212799072,0.5834800004959106,0.6516432762145996,0.42457979917526245,0.22519545257091522,0.587546169757843,0.68531334400177,-0.528931200504303,0.9798949360847473,0.528671145439148,0.6222019791603088,0.2144838273525238,0.9999502897262573,0.5316601395606995,0.6444821953773499,-0.2145378589630127,0.9999794363975525,0.6802997589111328,0.5456539988517761,0.19329802691936493,0.614971935749054,0.6964873671531677,0.5608446002006531,-0.27166542410850525,0.9961172342300415,0.7088744640350342,0.6418443918228149,0.38026201725006104,0.791286826133728,0.7383695244789124,0.6652421951293945,-0.10145381838083267,0.9957267045974731,0.6817256212234497,0.6550507545471191,0.3982585370540619,0.8337244987487793,0.7232538461685181,0.6827458739280701,-0.08212392032146454,0.9922183752059937,0.7924696207046509,0.6618933081626892,0.40852436423301697,0.8763638734817505,0.8499290943145752,0.6820583939552307,-0.08675169944763184,0.9947721362113953
211,bridge,1,0.1441875398159027,0.610390841960907,0.06927920877933502,0.9999905824661255,0.12774354219436646,0.6144812703132629,0.09443474560976028,0.9999759197235107,0.12792851030826569,0.6151492595672607,0.09429384768009186,0.9999716281890869,0.12814836204051971,0.6160361170768738,0.09422563016414642,0.9999781250953674,0.1267150342464447,0.616101086139679,0.03129497915506363,0.9999916553497314,0.12604030966758728,0.6178427338600159,0.03125518932938576,0.9999924898147583,0.12526455521583557,0.619911253452301,0.031072240322828293,0.999993622303009,0.136493518948555,0.628453254699707,0.2143235057592392,0.9999759197235107,0.13216900825500488,0.6332651376724243,-0.06849189847707748,0.9999958872795105,0.16511395573616028,0.6131584644317627,0.11871261894702911,0.9999442100524902,0.16415080428123474,0.6150197982788086,0.036573391407728195,0.9999867677688599,0.25821560621261597,0.6319983005523682,0.3846571445465088,0.9998595118522644,0.22208312153816223,0.6598327159881592,-0.26006028056144714,0.9999993443489075,0.39879128336906433,0.6429486870765686,0.47055378556251526,0.16571427881717682,0.37280988693237305,0.6815690994262695,-0.4296157956123352,0.994970440864563,0.5414262413978577,0.6495420932769775,0.44490787386894226,0.24768802523612976,0.5414430499076843,0.6854336857795715,-0.5410774350166321,0.994380533695221,0.5877940654754639,0.6477094292640686,0.46136674284935,0.22628261148929596,0.5943856239318848,0.6930767297744751,-0.6042349934577942,0.988633930683136,0.5911960005760193,0.6473824977874756,0.4171874225139618,0.22134391963481903,0.604098916053772,0.6894765496253967,-0.5765072703361511,0.987271249294281,0.5734143257141113,0.6483784914016724,0.42300155758857727,0.21218852698802948,0.5854150056838989,0.6851986050605774,-0.5293137431144714,0.9786921739578247,0.5277035236358643,0.622673511505127,0.2143133282661438,0.9999469518661499,0.5307475924491882,0.6457295417785645,-0.21436379849910736,0.9999771118164062,0.6787051558494568,0.545750617980957,0.17116668820381165,0.6079218983650208,0.6932178735733032,0.5619682669639587,-0.2768435776233673,0.9958338737487793,0.7072153091430664,0.6404758095741272,0.37556788325309753,0.7765226364135742,0.7378361821174622,0.6650341153144836,-0.08802890032529831,0.9955273270606995,0.6825197339057922,0.6550377011299133,0.394207626581192,0.8222402930259705,0.7232839465141296,0.6831697225570679,-0.06618335843086243,0.9918066263198853,0.7939381003379822,0.6579023003578186,0.4056364595890045,0.8677421808242798,0.8499013185501099,0.6827276349067688,-0.0727759376168251,0.994602382183075
213,bridge,1,0.14443637430667877,0.6106964945793152,0.0473286397755146,0.9999883770942688,0.1279839724302292,0.6144843101501465,0.07258167862892151,0.9999711513519287,0.12815864384174347,0.6151334643363953,0.0724538266658783,0.9999650716781616,0.1283528059720993,0.6159667372703552,0.07239887863397598,0.9999735951423645,0.12694919109344482,0.6161137223243713,0.005682699382305145,0.999989926815033,0.12627853453159332,0.617893397808075,0.005616331472992897,0.9999909400939941,0.12547871470451355,0.6200025081634521,0.005410241428762674,0.999992311000824,0.13659067451953888,0.6283137798309326,0.19727030396461487,0.9999699592590332,0.1322925090789795,0.6335314512252808,-0.10236440598964691,0.9999948143959045,0.1653570532798767,0.613152801990509,0.09909703582525253,0.9999333620071411,0.1645004153251648,0.6151179671287537,0.012025289237499237,0.9999845623970032,0.2581912875175476,0.6307414770126343,0.38729798793792725,0.9998443126678467,0.22273941338062286,0.6597700715065002,-0.3008996546268463,0.9999991655349731,0.3945890963077545,0.6403036117553711,0.50574791431427,0.14286835491657257,0.36446329951286316,0.6809548735618591,-0.4950752556324005,0.9946205019950867,0.5353378653526306,0.6476051211357117,0.4854642152786255,0.2196514755487442,0.5442711114883423,0.6853733062744141,-0.6300131678581238,0.9940202236175537,0.5793688893318176,0.6465010046958923,0.508437991142273,0.2032185196876526,0.5975283980369568,0.6937999725341797,-0.7000569701194763,0.9880983829498291,0.5845646262168884,0.6458796262741089,0.451577752828598,0.19913242757320404,0.6050614714622498,0.6893713474273682,-0.6752027869224548,0.9866527318954468,0.5667563080787659,0.6469146609306335,0.45921364426612854,0.1927560269832611,0.584934413433075,0.685124933719635,-0.6196121573448181,0.977573812007904,0.5283511281013489,0.6247397661209106,0.21969205141067505,0.9999440908432007,0.5317515134811401,0.6476130485534668,-0.21980343759059906,0.9999741315841675,0.6715341210365295,0.5469760298728943,0.17241273820400238,0.5990992188453674,0.6840839385986328,0.5646806359291077,-0.28059688210487366,0.9951542019844055,0.7067798376083374,0.6412259340286255,0.39188703894615173,0.7567170858383179,0.7360604405403137,0.6644775867462158,-0.07698884606361389,0.9952439069747925,0.6856586933135986,0.657929539680481,0.4122220277786255,0.8069837689399719,0.7229936718940735,0.6837755441665649,-0.054939329624176025,0.9910674095153809,0.7955554723739624,0.6581817269325256,0.4197824001312256,0.8581699728965759,0.8504634499549866,0.68309086561203,-0.07094067335128784,0.9943937659263611
214,bridge,1,0.1447499692440033,0.6107298135757446,0.038135260343551636,0.999985933303833,0.12811294198036194,0.6144318580627441,0.0633540153503418,0.9999660849571228,0.12825404107570648,0.6150529384613037,0.06322048604488373,0.999958336353302,0.12840338051319122,0.6158583760261536,0.06315465271472931,0.9999690651893616,0.1270984262228012,0.6160999536514282,-0.0038123633712530136,0.9999880790710449,0.12643158435821533,0.6178932785987854,-0.0038717978168278933,0.9999891519546509,0.1256244033575058,0.6200069189071655,-0.00406776275485754,0.9999908804893494,0.13658562302589417,0.6283019185066223,0.18769074976444244,0.9999628067016602,0.1324005275964737,0.6335630416870117,-0.11233220994472504,0.9999935030937195,0.16573303937911987,0.6131458878517151,0.08991622924804688,0.9999200105667114,0.1649724245071411,0.615147054195404,0.00271087815053761,0.9999818801879883,0.25818708539009094,0.6303548812866211,0.37988078594207764,0.9998286366462708,0.22340796887874603,0.6596004962921143,-0.3064115643501282,0.9999989867210388,0.395222008228302,0.6376100182533264,0.5007202625274658,0.13249064981937408,0.36608877778053284,0.6805965900421143,-0.47888731956481934,0.994520902633667,0.5317963361740112,0.643623411655426,0.47170883417129517,0.20653188228607178,0.5455407500267029,0.6849569082260132,-0.6010897159576416,0.9937921166419983,0.5778180360794067,0.6445574760437012,0.496394544839859,0.1925906091928482,0.5961366295814514,0.6932235360145569,-0.6677535176277161,0.9877088665962219,0.5825597047805786,0.6438436508178711,0.4277031719684601,0.18893344700336456,0.6038166284561157,0.6882781386375427,-0.6429480314254761,0.9862266182899475,0.5672553777694702,0.6449238061904907,0.44065144658088684,0.18373166024684906,0.5841984748840332,0.6837345361709595,-0.5906739830970764,0.9768593907356262,0.529085636138916,0.6251502633094788,0.21932180225849152,0.9999403953552246,0.5322365760803223,0.6483483910560608,-0.21942026913166046,0.9999712109565735,0.6690446734428406,0.5472282767295837,0.1693744957447052,0.6006038188934326,0.6822465062141418,0.5650854706764221,-0.2843083441257477,0.994756817817688,0.706709086894989,0.6412473320960999,0.3891749382019043,0.7495438456535339,0.7349565029144287,0.6639410853385925,-0.07308447360992432,0.995042085647583,0.6866751313209534,0.6587677597999573,0.4096527099609375,0.8010509610176086,0.722635805606842,0.6836041808128357,-0.05021892115473747,0.9904671311378479,0.7972708344459534,0.6619536876678467,0.41674041748046875,0.8547161817550659,0.8504449129104614,0.682960569858551,-0.06715728342533112,0.994230329990387
215,bridge,1,0.14529336988925934,0.6107385158538818,0.047067876905202866,0.9999839067459106,0.1283491551876068,0.614425003528595,0.0722937136888504,0.9999619722366333,0.12843440473079681,0.6150460839271545,0.07215369492769241,0.9999528527259827,0.1285143792629242,0.6158518195152283,0.07208405435085297,0.9999655485153198,0.1273856908082962,0.6161167025566101,0.0060014985501766205,0.9999865889549255,0.12668012082576752,0.6179355978965759,0.0059507181867957115,0.9999877214431763,0.12582474946975708,0.6200796961784363,0.0057620401494205,0.9999897480010986,0.13657982647418976,0.6283512711524963,0.1951814442873001,0.999957263469696,0.1324750930070877,0.6336290836334229,-0.10100355744361877,0.9999924302101135,0.1664133071899414,0.613146185874939,0.09814493358135223,0.9999074935913086,0.16570879518985748,0.6151891350746155,0.012100902386009693,0.9999793171882629,0.25818514823913574,0.6303657293319702,0.3822791278362274,0.9998136162757874,0.22442175447940826,0.6595858335494995,-0.2940880060195923,0.9999987483024597,0.3957141637802124,0.6370878219604492,0.5016936659812927,0.12279897183179855,0.36934882402420044,0.6803483963012695,-0.46266546845436096,0.9943363666534424,0.5291850566864014,0.6433017253875732,0.46988996863365173,0.193986713886261,0.5465914011001587,0.6849417090415955,-0.5700669288635254,0.9934401512145996,0.5733965635299683,0.644372820854187,0.49131643772125244,0.18238770961761475,0.5962549448013306,0.6931789517402649,-0.6343512535095215,0.9870957732200623,0.5770569443702698,0.6435561180114746,0.4306829571723938,0.17908582091331482,0.6039769649505615,0.6882407665252686,-0.6122268438339233,0.9855529069900513,0.5665783882141113,0.645128607749939,0.441794216632843,0.17490509152412415,0.5840630531311035,0.6837250590324402,-0.5599005222320557,0.9757915735244751,0.529743492603302,0.6261804699897766,0.2191358208656311,0.9999369978904724,0.5330730676651001,0.6491426825523376,-0.21922855079174042,0.9999682307243347,0.6665745377540588,0.5481299757957458,0.16832222044467926,0.601122260093689,0.6808096170425415,0.5650394558906555,-0.28479278087615967,0.9943349361419678,0.7056518197059631,0.6412764191627502,0.38810187578201294,0.7432897686958313,0.7345625162124634,0.6640806198120117,-0.07536330074071884,0.9948461055755615,0.6872795820236206,0.6609624624252319,0.40759626030921936,0.7956154346466064,0.722582221031189,0.6835983991622925,-0.053093232214450836,0.9898841977119446,0.7976215481758118,0.6663789749145508,0.4157526195049286,0.8513528108596802,0.8504497408866882,0.6830815076828003,-0.06805308908224106,0.994062602519989
216,bridge,1,0.14604990184307098,0.6107392311096191,0.05045584216713905,0.9999815225601196,0.12893199920654297,0.6144002079963684,0.07536143809556961,0.9999578595161438,0.12894867360591888,0.6150200963020325,0.0752204954624176,0.9999473690986633,0.1289210021495819,0.6158239245414734,0.07515015453100204,0.9999618530273438,0.12798023223876953,0.6161277890205383,0.00889040157198906,0.9999852180480957,0.12717847526073456,0.6179680824279785,0.008835790678858757,0.999986469745636,0.1262153834104538,0.6201600432395935,0.008640212938189507,0.9999887347221375,0.13659287989139557,0.6283854842185974,0.19810044765472412,0.9999518990516663,0.13260135054588318,0.6337125301361084,-0.09926267713308334,0.9999914169311523,0.16719579696655273,0.6131568551063538,0.10156521946191788,0.999894380569458,0.16654056310653687,0.6152406334877014,0.01525215245783329,0.9999765157699585,0.2581590414047241,0.6303927898406982,0.3828946352005005,0.9997960329055786,0.2255491018295288,0.6595792174339294,-0.2923358380794525,0.9999985098838806,0.3958345949649811,0.6366401314735413,0.5322015285491943,0.1139126718044281,0.3707839548587799,0.6800417304039001,-0.47403573989868164,0.9939721822738647,0.5304591655731201,0.6437866687774658,0.5319228172302246,0.18240423500537872,0.5464749932289124,0.6849303245544434,-0.5986742973327637,0.9930436015129089,0.5729078650474548,0.6445948481559753,0.5609427094459534,0.17316120862960815,0.5955563187599182,0.6931232213973999,-0.6640364527702332,0.9865060448646545,0.5758532285690308,0.643887460231781,0.5044224262237549,0.17016974091529846,0.6034154295921326,0.6882274150848389,-0.6434111595153809,0.9849176406860352,0.563117504119873,0.6453282833099365,0.5068297982215881,0.16687683761119843,0.5837330222129822,0.6837255358695984,-0.589697539806366,0.9747917056083679,0.5301339626312256,0.6263497471809387,0.21883711218833923,0.9999353289604187,0.5334482789039612,0.6496367454528809,-0.2189212441444397,0.9999663829803467,0.6639726758003235,0.5494515299797058,0.17087267339229584,0.6035195589065552,0.6788748502731323,0.5660831332206726,-0.2852835953235626,0.9938005208969116,0.7043144106864929,0.6412907838821411,0.3878656029701233,0.7396876215934753,0.7340493202209473,0.6641709804534912,-0.07500872761011124,0.9945439100265503,0.6871877908706665,0.6626080870628357,0.40715938806533813,0.792353093624115,0.7224876880645752,0.6835936903953552,-0.05253042280673981,0.989177405834198,0.7977843880653381,0.6686131358146667,0.4139961898326874,0.8496150374412537,0.8494246006011963,0.6829186081886292,-0.06341221183538437,0.9938127398490906
217,bridge,1,0.14666253328323364,0.6107407808303833,0.047426801174879074,0.9999774694442749,0.12940403819084167,0.614397406578064,0.07206828892230988,0.9999504685401917,0.1293725073337555,0.6150175929069519,0.07191664725542068,0.9999377727508545,0.12927865982055664,0.6158209443092346,0.07183969020843506,0.9999553561210632,0.1284489929676056,0.6161637902259827,0.005208136513829231,0.9999826550483704,0.12757405638694763,0.6180213093757629,0.005154905375093222,0.9999840259552002,0.12655408680438995,0.6202582716941833,0.004951141774654388,0.9999867677688599,0.13665752112865448,0.6284197568893433,0.19384948909282684,0.9999424815177917,0.13277938961982727,0.6337459087371826,-0.10453694313764572,0.9999895095825195,0.16794535517692566,0.6131758093833923,0.09825357794761658,0.999873697757721,0.1672798991203308,0.6152908205986023,0.011567860841751099,0.9999721646308899,0.25815391540527344,0.6303942203521729,0.38324853777885437,0.9997748136520386,0.22631552815437317,0.6594463586807251,-0.2967839539051056,0.9999982118606567,0.3960641324520111,0.6365016102790833,0.5220751166343689,0.1058254987001419,0.37216904759407043,0.6797577142715454,-0.46940189599990845,0.9937282204627991,0.5250237584114075,0.6416804790496826,0.5052385330200195,0.17191511392593384,0.5465152859687805,0.6849273443222046,-0.5931182503700256,0.9927261471748352,0.5669693946838379,0.6440861225128174,0.5293375849723816,0.16486871242523193,0.5950549244880676,0.69317626953125,-0.6594560146331787,0.9859989881515503,0.573818564414978,0.642279863357544,0.4740917682647705,0.16217780113220215,0.6030189394950867,0.6882069110870361,-0.6351470351219177,0.9843751192092896,0.5600840449333191,0.6439641714096069,0.47995343804359436,0.15965846180915833,0.5835046172142029,0.6836562752723694,-0.5830534100532532,0.9739419221878052,0.5301916003227234,0.6269491314888,0.21877358853816986,0.9999319911003113,0.5333207845687866,0.6503480672836304,-0.21885089576244354,0.9999634623527527,0.6625301837921143,0.5498258471488953,0.17091816663742065,0.6056119799613953,0.677875280380249,0.5665833353996277,-0.28559502959251404,0.99323970079422,0.7035048007965088,0.6417252421379089,0.38535118103027344,0.7346129417419434,0.7336440086364746,0.6643725633621216,-0.07150973379611969,0.9942251443862915,0.6872476935386658,0.6632158160209656,0.40447959303855896,0.7879852056503296,0.7224949598312378,0.683667778968811,-0.0487491711974144,0.9884721040725708,0.7979339361190796,0.6688821315765381,0.41172438859939575,0.8465888500213623,0.8483471870422363,0.6827752590179443,-0.05972355604171753,0.9935376644134521
218,bridge,1,0.1470472365617752,0.610764741897583,0.043227337300777435,0.9999740123748779,0.1296911984682083,0.6144542694091797,0.06737509369850159,0.9999443888664246,0.12962743639945984,0.6150603294372559,0.06723238527774811,0.9999299049377441,0.1295013129711151,0.6158454418182373,0.06716559827327728,0.99994957447052,0.1286618560552597,0.6163231730461121,0.0005635146517306566,0.9999804496765137,0.12771666049957275,0.618201494216919,0.000494799402076751,0.9999821186065674,0.12667064368724823,0.6205453872680664,0.00027781040989793837,0.9999852180480957,0.1367315798997879,0.6285327672958374,0.1904495805501938,0.9999351501464844,0.1328282654285431,0.6338340044021606,-0.10794393718242645,0.9999880790710449,0.16858874261379242,0.6132447123527527,0.09469281136989594,0.9998577833175659,0.1677866280078888,0.6153950691223145,0.007890976965427399,0.9999685883522034,0.25808292627334595,0.6303739547729492,0.3842826187610626,0.9997594356536865,0.22646966576576233,0.6593917012214661,-0.3021591603755951,0.9999980330467224,0.3940865397453308,0.6363480687141418,0.5354825854301453,0.09846483916044235,0.36789923906326294,0.6792755722999573,-0.5046491026878357,0.9934651255607605,0.525485634803772,0.6421853303909302,0.528765082359314,0.16274262964725494,0.5408119559288025,0.6845002770423889,-0.6571085453033447,0.9925742745399475,0.5658884644508362,0.6438671350479126,0.5581437945365906,0.15796369314193726,0.5949573516845703,0.6931444406509399,-0.726599395275116,0.9858661890029907,0.5700068473815918,0.6420623660087585,0.5005249381065369,0.15553361177444458,0.6025420427322388,0.6881787180900574,-0.7040036916732788,0.9842391014099121,0.5556486248970032,0.643761932849884,0.5032801032066345,0.15369318425655365,0.558255672454834,0.681500256061554,-0.6480045914649963,0.9736798405647278,0.5300403237342834,0.6274299025535583,0.2189045250415802,0.9999305009841919,0.5330101251602173,0.651104211807251,-0.21899667382240295,0.9999619126319885,0.6617819666862488,0.5502876043319702,0.17446991801261902,0.6090517640113831,0.6768791079521179,0.5680024027824402,-0.2866479158401489,0.9927991032600403,0.7021569609642029,0.6417548060417175,0.38642245531082153,0.7321268916130066,0.7328092455863953,0.6643759608268738,-0.06928315758705139,0.9939747452735901,0.6874354481697083,0.6633416414260864,0.4056764245033264,0.7858756184577942,0.7219391465187073,0.6835857629776001,-0.04596224054694176,0.9878562092781067,0.7979579567909241,0.6681385040283203,0.4146621525287628,0.845289409160614,0.8478438258171082,0.6814970374107361,-0.05606044828891754,0.9933274388313293
219,bridge,1,0.14718931913375854,0.6107651591300964,0.04671632871031761,0.9999706149101257,0.1297181248664856,0.6144923567771912,0.07096370309591293,0.9999383687973022,0.12964265048503876,0.6150955557823181,0.070826955139637,0.9999217987060547,0.12951242923736572,0.615872859954834,0.07076356559991837,0.999944269657135,0.12868358194828033,0.6163918972015381,0.004928802140057087,0.9999783039093018,0.1277296543121338,0.6182642579078674,0.00486635509878397,0.9999800324440002,0.12668730318546295,0.6206411123275757,0.004658984020352364,0.9999836087226868,0.13673317432403564,0.6286543011665344,0.19314445555210114,0.9999273419380188,0.13283497095108032,0.6338539123535156,-0.10423877835273743,0.999986469745636,0.1689283400774002,0.6132527589797974,0.09784839302301407,0.9998413324356079,0.16809077560901642,0.6154037714004517,0.011840982362627983,0.9999648332595825,0.2580781579017639,0.6303458213806152,0.3933640718460083,0.9997442960739136,0.2264566421508789,0.6593474745750427,-0.30246618390083313,0.9999977946281433,0.3938502371311188,0.6363542079925537,0.538607120513916,0.09168010205030441,0.36736586689949036,0.6789824366569519,-0.4991396367549896,0.993240237236023,0.5243209600448608,0.6424704194068909,0.516689658164978,0.15398064255714417,0.5410537719726562,0.6841707825660706,-0.6372049450874329,0.99233078956604,0.567065954208374,0.6439926624298096,0.5423268675804138,0.15114125609397888,0.5946153402328491,0.6931572556495667,-0.706264317035675,0.9855008125305176,0.5710021257400513,0.6423489451408386,0.48491770029067993,0.14895817637443542,0.6024690866470337,0.6880858540534973,-0.6826692223548889,0.9838380217552185,0.5564419627189636,0.6439448595046997,0.49056193232536316,0.14781641960144043,0.5675437450408936,0.6815657019615173,-0.6273472905158997,0.9729626178741455,0.5299436450004578,0.627619743347168,0.2201196551322937,0.9999291300773621,0.532954216003418,0.6511278748512268,-0.22022119164466858,0.9999602437019348,0.6619039177894592,0.5503938794136047,0.17483338713645935,0.6125331521034241,0.6765509843826294,0.5678104758262634,-0.2885476350784302,0.992433488368988,0.7022297382354736,0.6419957876205444,0.39445164799690247,0.729256272315979,0.7326334714889526,0.6644303202629089,-0.06831899285316467,0.9937961101531982,0.6869514584541321,0.6634838581085205,0.4149293005466461,0.7833347320556641,0.7218034863471985,0.6835100054740906,-0.044604845345020294,0.9873419404029846,0.7979023456573486,0.6679725646972656,0.42313459515571594,0.8435319662094116,0.8474597334861755,0.6807962656021118,-0.05637890845537186,0.9931620359420776
220,bridge,1,0.14728409051895142,0.6107367277145386,0.0483802892267704,0.9999682307243347,0.12974561750888824,0.6144917011260986,0.07302497327327728,0.9999346137046814,0.12965990602970123,0.615094780921936,0.07288665324449539,0.9999162554740906,0.1295270323753357,0.6158705949783325,0.0728226751089096,0.9999409914016724,0.12871788442134857,0.6163939833641052,0.006210450083017349,0.9999769926071167,0.1277603805065155,0.6182657480239868,0.006152430083602667,0.9999786615371704,0.12672840058803558,0.6206454634666443,0.005939243361353874,0.9999826550483704,0.136738583445549,0.6286756992340088,0.19563297927379608,0.9999211430549622,0.13286063075065613,0.6338539123535156,-0.10481377691030502,0.9999853372573853,0.1691374033689499,0.6132455468177795,0.09969070553779602,0.9998300075531006,0.16828010976314545,0.6153998970985413,0.012714684009552002,0.9999624490737915,0.2581697702407837,0.6303339004516602,0.39519110321998596,0.9997335076332092,0.2265612781047821,0.6592853665351868,-0.3034803867340088,0.999997615814209,0.39404237270355225,0.636303186416626,0.5397371053695679,0.08545366674661636,0.36749503016471863,0.6788124442100525,-0.4949827790260315,0.9929354786872864,0.5241157412528992,0.6415444016456604,0.5137262940406799,0.14575333893299103,0.5424085855484009,0.683996856212616,-0.6255608201026917,0.9919677376747131,0.5674532055854797,0.6436214447021484,0.5390372276306152,0.14485731720924377,0.5944175720214844,0.6931489109992981,-0.6934884786605835,0.9849390983581543,0.5718076825141907,0.6422035098075867,0.4811686873435974,0.14289243519306183,0.602301299571991,0.6877191066741943,-0.6708463430404663,0.9832330346107483,0.5571741461753845,0.6438995599746704,0.4873477816581726,0.14231279492378235,0.5722663998603821,0.6815882921218872,-0.6158745884895325,0.9719559550285339,0.529805600643158,0.6280075311660767,0.22023968398571014,0.99992835521698,0.5328287482261658,0.6511973142623901,-0.22034479677677155,0.9999588131904602,0.6622880101203918,0.5506822466850281,0.17723453044891357,0.6152969598770142,0.6763533353805542,0.5677576661109924,-0.2905898690223694,0.9920029044151306,0.7024834156036377,0.642823338508606,0.39209088683128357,0.7276071310043335,0.732622504234314,0.6646913886070251,-0.06959369778633118,0.9935956001281738,0.6880349516868591,0.6643365621566772,0.4120481014251709,0.781805694103241,0.7217864394187927,0.6835612654685974,-0.04595821350812912,0.9868060350418091,0.7984208464622498,0.6631913781166077,0.4203750789165497,0.8424614071846008,0.8473273515701294,0.6803454756736755,-0.057975441217422485,0.9929812550544739
221,bridge,1,0.1474400758743286,0.610706627368927,0.049468494951725006,0.9999651908874512,0.1298200935125351,0.6144916415214539,0.07429579645395279,0.9999294281005859,0.12972058355808258,0.6150943636894226,0.0741557627916336,0.9999088048934937,0.12958401441574097,0.6158688068389893,0.07409138977527618,0.9999364018440247,0.12878595292568207,0.6163951754570007,0.007187775336205959,0.9999752640724182,0.1278161108493805,0.6182658076286316,0.007130575366318226,0.9999768733978271,0.12678596377372742,0.6206462383270264,0.006914779078215361,0.9999813437461853,0.13675394654273987,0.6286869049072266,0.19709917902946472,0.9999136924743652,0.1328737884759903,0.6338496804237366,-0.10426873713731766,0.9999838471412659,0.16938938200473785,0.6132436990737915,0.10079566389322281,0.9998155832290649,0.16848215460777283,0.6153943538665771,0.013456993736326694,0.9999593496322632,0.25818270444869995,0.6303304433822632,0.39609479904174805,0.9997196197509766,0.22659917175769806,0.6592199802398682,-0.3035375475883484,0.9999974370002747,0.3940829038619995,0.6360623836517334,0.5360201001167297,0.07984159886837006,0.3673136830329895,0.6786935329437256,-0.49297621846199036,0.9927108883857727,0.5235167741775513,0.640918493270874,0.5082024931907654,0.1382824033498764,0.5424059629440308,0.6838057041168213,-0.6206675171852112,0.9917147159576416,0.5680854320526123,0.6433129906654358,0.5324745774269104,0.1390254944562912,0.5942714810371399,0.6931405663490295,-0.6884344816207886,0.9845431447029114,0.5715550780296326,0.6420140862464905,0.4763503968715668,0.13724978268146515,0.6021714806556702,0.6876084208488464,-0.6656966805458069,0.9828075766563416,0.5567841529846191,0.6437627673149109,0.4824373424053192,0.13717332482337952,0.5742166042327881,0.6816243529319763,-0.6109276413917542,0.9712399244308472,0.5297356843948364,0.6284324526786804,0.22026599943637848,0.9999271035194397,0.5327159762382507,0.6512598395347595,-0.22037190198898315,0.9999573826789856,0.6622297167778015,0.5509153008460999,0.17734850943088531,0.6179324388504028,0.6760881543159485,0.5676533579826355,-0.2912718653678894,0.9915845394134521,0.7023681998252869,0.643108606338501,0.39290016889572144,0.7246088981628418,0.732587456703186,0.6648162007331848,-0.07010841369628906,0.9934020042419434,0.6869632005691528,0.6641244888305664,0.4129396677017212,0.7793600559234619,0.7217484712600708,0.6834790706634521,-0.046546440571546555,0.9863259792327881,0.7982295155525208,0.665210485458374,0.42046400904655457,0.8404139876365662,0.8468146920204163,0.6802975535392761,-0.05904074013233185,0.9927934408187866
222,bridge,1,0.14757020771503448,0.6106907725334167,0.04964444041252136,0.9999626874923706,0.12985920906066895,0.6144980192184448,0.074722521007061,0.9999251961708069,0.129752516746521,0.615098237991333,0.07458023726940155,0.9999029040336609,0.12961632013320923,0.6158692240715027,0.07451686263084412,0.999932587146759,0.12882480025291443,0.6163997054100037,0.0070109181106090546,0.9999738931655884,0.1278521567583084,0.6182681322097778,0.006948977708816528,0.9999755024909973,0.12682965397834778,0.6206555962562561,0.006724558770656586,0.9999803304672241,0.13676123321056366,0.6287203431129456,0.19801443815231323,0.9999079704284668,0.13289642333984375,0.6338505148887634,-0.10519784688949585,0.9999827742576599,0.16960225999355316,0.6132451891899109,0.10119189321994781,0.9998038411140442,0.16864000260829926,0.6153950691223145,0.013162722811102867,0.9999567270278931,0.25818127393722534,0.6303337812423706,0.3979758620262146,0.9997080564498901,0.22674600780010223,0.6591920852661133,-0.30612513422966003,0.9999973177909851,0.3938871920108795,0.6360687613487244,0.5407728552818298,0.0749906525015831,0.36708611249923706,0.6787282228469849,-0.5072700381278992,0.9924373626708984,0.5249515771865845,0.6421344876289368,0.5128729939460754,0.1317664086818695,0.5424001216888428,0.6837747097015381,-0.6494128704071045,0.9914847016334534,0.5685311555862427,0.6436483263969421,0.5380839109420776,0.13400985300540924,0.5941506624221802,0.6932060122489929,-0.7198735475540161,0.984218180179596,0.571618914604187,0.642230212688446,0.48013943433761597,0.13240382075309753,0.6024788618087769,0.6876164674758911,-0.6972646117210388,0.9824596047401428,0.556731104850769,0.6440556049346924,0.48640328645706177,0.1327974945306778,0.5766870975494385,0.6817194819450378,-0.6400504112243652,0.9706347584724426,0.5296729803085327,0.6288154125213623,0.2215920239686966,0.9999258518218994,0.5325567722320557,0.6511479616165161,-0.2217019498348236,0.9999563694000244,0.6621771454811096,0.5511818528175354,0.18216682970523834,0.6205571889877319,0.6761465072631836,0.567636251449585,-0.2916455566883087,0.9912759065628052,0.702179491519928,0.6432479023933411,0.4000872075557709,0.7228156924247742,0.732519805431366,0.6648988723754883,-0.07102201133966446,0.9933017492294312,0.6862231492996216,0.6639577150344849,0.42011377215385437,0.7779339551925659,0.7216594219207764,0.683258056640625,-0.047629356384277344,0.9860249757766724,0.7975417375564575,0.6661113500595093,0.42644640803337097,0.839026153087616,0.8464216589927673,0.6803258061408997,-0.059465937316417694,0.9926766753196716
223,bridge,1,0.14775238931179047,0.6106845140457153,0.04990530386567116,0.9999605417251587,0.12992382049560547,0.6144992113113403,0.07487183809280396,0.9999212026596069,0.1298074871301651,0.615098237991333,0.07473316043615341,0.9998972415924072,0.12966684997081757,0.6158679723739624,0.07467279583215714,0.9999290108680725,0.12886637449264526,0.616400957107544,0.007654544431716204,0.9999725818634033,0.12787973880767822,0.6182692050933838,0.007594143506139517,0.999974250793457,0.12685143947601318,0.6206620335578918,0.007375390734523535,0.9999794363975525,0.1367572844028473,0.6287494897842407,0.19840653240680695,0.9999023079872131,0.1328997015953064,0.6338512897491455,-0.1040956899523735,0.9999818205833435,0.16983279585838318,0.6132750511169434,0.10132096707820892,0.9997920393943787,0.16878381371498108,0.615408718585968,0.01385042816400528,0.9999542832374573,0.25815919041633606,0.6304024457931519,0.4007498323917389,0.9996967911720276,0.22683969140052795,0.6591952443122864,-0.3060878813266754,0.9999971985816956,0.39371246099472046,0.6361292004585266,0.5434686541557312,0.07045125961303711,0.36693260073661804,0.6788337230682373,-0.5064615607261658,0.9922009110450745,0.5271368026733398,0.6429082155227661,0.5164259076118469,0.12568242847919464,0.5423647165298462,0.6837772130966187,-0.6460661292076111,0.9912678003311157,0.5669680237770081,0.6446669697761536,0.5419570207595825,0.12921610474586487,0.5940490961074829,0.6934625506401062,-0.7160270810127258,0.983892560005188,0.5691400170326233,0.642987847328186,0.48343202471733093,0.12773430347442627,0.6024568676948547,0.687820553779602,-0.6930330991744995,0.9821077585220337,0.5570323467254639,0.6443792581558228,0.48973363637924194,0.1285550445318222,0.5777242183685303,0.682074785232544,-0.6364527344703674,0.9700470566749573,0.5296350717544556,0.6289189457893372,0.22273050248622894,0.9999246597290039,0.5324323177337646,0.6510671973228455,-0.2228320986032486,0.9999552965164185,0.6622084379196167,0.5513734221458435,0.18837058544158936,0.620670735836029,0.6763204336166382,0.5672603845596313,-0.29207491874694824,0.9910604953765869,0.7016529440879822,0.643203854560852,0.4031233489513397,0.7216771245002747,0.7321715950965881,0.6649433970451355,-0.0716409832239151,0.9932736754417419,0.6853721737861633,0.6638531684875488,0.4226396083831787,0.7772773504257202,0.7206094861030579,0.6828547120094299,-0.04832867532968521,0.985897421836853,0.7966446876525879,0.6665183305740356,0.4272858798503876,0.838047206401825,0.8445361852645874,0.6803399920463562,-0.05993245914578438,0.9926188588142395
224,bridge,1,0.1479734480381012,0.6106777191162109,0.05038603022694588,0.9999606013298035,0.1300591677427292,0.6144956946372986,0.07539909332990646,0.9999217987060547,0.1299283355474472,0.6150922179222107,0.07525918632745743,0.9998974800109863,0.12977363169193268,0.615856945514679,0.0751979872584343,0.9999293088912964,0.12895828485488892,0.6164008378982544,0.008039874956011772,0.999972939491272,0.1279439777135849,0.6182692050933838,0.007978369481861591,0.9999745488166809,0.1268993467092514,0.6206632852554321,0.00775677477940917,0.9999796748161316,0.1367555558681488,0.6287609934806824,0.20063088834285736,0.9999015927314758,0.1329028606414795,0.6338510513305664,-0.10329068452119827,0.9999821186065674,0.1700948178768158,0.6132977604866028,0.10151856392621994,0.9997926354408264,0.16894394159317017,0.6154214143753052,0.014337616041302681,0.9999545216560364,0.2581130266189575,0.6304060816764832,0.4082576632499695,0.9996988773345947,0.22687594592571259,0.6592105031013489,-0.30584725737571716,0.9999971985816956,0.39306125044822693,0.6360529661178589,0.5553516149520874,0.0664607360959053,0.36592185497283936,0.6790581345558167,-0.5212060213088989,0.9920655488967896,0.5272228121757507,0.6425603032112122,0.5218976140022278,0.12106990069150925,0.5420498251914978,0.683763861656189,-0.6833229064941406,0.9912145733833313,0.5659157633781433,0.6442422866821289,0.548439085483551,0.12620754539966583,0.5939643979072571,0.6935562491416931,-0.7560799717903137,0.9838902354240417,0.5675893425941467,0.6426218748092651,0.4881564974784851,0.12485480308532715,0.6023989319801331,0.6878317594528198,-0.7326399087905884,0.9821117520332336,0.5564493536949158,0.6435957551002502,0.4945768117904663,0.12604738771915436,0.578069269657135,0.6821808815002441,-0.6738324165344238,0.970035195350647,0.5291616320610046,0.6287257075309753,0.22537624835968018,0.9999261498451233,0.5315563082695007,0.650914192199707,-0.22548875212669373,0.999955952167511,0.6626539826393127,0.5513333082199097,0.19112993776798248,0.6227124929428101,0.6766897439956665,0.565401554107666,-0.3008373975753784,0.9910092949867249,0.7016766667366028,0.6430750489234924,0.4062160551548004,0.7235245108604431,0.7320542335510254,0.664951741695404,-0.07306550443172455,0.9933481812477112,0.6859487295150757,0.6638270020484924,0.42555293440818787,0.7789031863212585,0.7198334336280823,0.6825458407402039,-0.04888336732983589,0.9859447479248047,0.7972269654273987,0.6664645671844482,0.42790234088897705,0.8389446139335632,0.8432835340499878,0.6804076433181763,-0.0609385147690773,0.9926702976226807
233,bridge,1,0.14984987676143646,0.6106703281402588,0.14539331197738647,0.999980628490448,0.1317446380853653,0.6144294738769531,0.1697245091199875,0.9999591708183289,0.13164004683494568,0.6150050163269043,0.16964276134967804,0.9999461770057678,0.13144941627979279,0.6157565712928772,0.16960442066192627,0.9999620914459229,0.13060516119003296,0.6162607669830322,0.11047361046075821,0.9999864101409912,0.12963895499706268,0.6180686354637146,0.11044884473085403,0.9999873638153076,0.12853656709194183,0.6203294396400452,0.11033976823091507,0.9999898076057434,0.13730743527412415,0.6286607384681702,0.29166680574417114,0.999947190284729,0.13397575914859772,0.6339707374572754,0.021701902151107788,0.9999914765357971,0.17008812725543976,0.6132001876831055,0.19649483263492584,0.9998986124992371,0.16876551508903503,0.6152087450027466,0.11855980008840561,0.9999780058860779,0.25832024216651917,0.6326276659965515,0.42941176891326904,0.9998267889022827,0.2199866622686386,0.6600390076637268,-0.14829495549201965,0.9999986290931702,0.4069097340106964,0.6431713700294495,0.4759509563446045,0.09446418285369873,0.3698956072330475,0.680596649646759,-0.2953004539012909,0.9945851564407349,0.5481323003768921,0.649114727973938,0.40000995993614197,0.17869172990322113,0.532829225063324,0.6878283619880676,-0.41367435455322266,0.9933161735534668,0.5846796631813049,0.6501160264015198,0.40141984820365906,0.17437493801116943,0.5882530808448792,0.6923960447311401,-0.46836552023887634,0.9866227507591248,0.5878933668136597,0.6500943303108215,0.35388514399528503,0.17171747982501984,0.5944796800613403,0.6893587708473206,-0.4461427927017212,0.9849207401275635,0.5715402960777283,0.6492193341255188,0.3749215006828308,0.16983935236930847,0.5753719210624695,0.6856911778450012,-0.40239807963371277,0.9750798940658569,0.4910150468349457,0.5958810448646545,0.19915728271007538,0.999946117401123,0.4893040657043457,0.6147628426551819,-0.19898875057697296,0.9999738931655884,0.7058102488517761,0.5438032150268555,0.1542007029056549,0.6139646172523499,0.7145822048187256,0.5589542388916016,-0.3007820248603821,0.9931656122207642,0.7212008237838745,0.6418755054473877,0.36959415674209595,0.7323090434074402,0.7371563911437988,0.6639018058776855,-0.13868816196918488,0.9946849942207336,0.6998624205589294,0.6507043242454529,0.38992390036582947,0.7925275564193726,0.7203798294067383,0.6820474863052368,-0.11927276104688644,0.9887501001358032,0.8017356991767883,0.660321831703186,0.38926446437835693,0.8440307974815369,0.8491091728210449,0.6846998929977417,-0.1306016594171524,0.9932636618614197
234,bridge,1,0.15012012422084808,0.6105568408966064,0.12681961059570312,0.999981701374054,0.1320635974407196,0.6144246459007263,0.15118573606014252,0.9999610185623169,0.13194985687732697,0.6150075197219849,0.15109629929065704,0.9999487996101379,0.13176743686199188,0.6157699227333069,0.1510569155216217,0.9999634623527527,0.13089141249656677,0.6162239909172058,0.09020167589187622,0.9999871253967285,0.12991182506084442,0.6179950833320618,0.09016464650630951,0.9999880790710449,0.12879523634910583,0.6201916933059692,0.09002882242202759,0.9999903440475464,0.1375938504934311,0.6286711692810059,0.2753796875476837,0.9999494552612305,0.1344684213399887,0.6336969137191772,-0.0009592461865395308,0.9999921321868896,0.17010235786437988,0.6131637692451477,0.1787368357181549,0.9999046921730042,0.16875682771205902,0.6150577068328857,0.09879736602306366,0.9999791979789734,0.25838494300842285,0.6337189674377441,0.42478907108306885,0.9998314380645752,0.21954770386219025,0.660039484500885,-0.17118066549301147,0.9999987483024597,0.41070830821990967,0.6438663005828857,0.4780775010585785,0.09621922671794891,0.3705652952194214,0.6796280741691589,-0.3182382881641388,0.9948593378067017,0.5487249493598938,0.6490417718887329,0.38783589005470276,0.18112945556640625,0.5339426398277283,0.6872717142105103,-0.4364205300807953,0.9936390519142151,0.5847283005714417,0.6500540971755981,0.38680362701416016,0.1765461415052414,0.5872726440429688,0.6910138726234436,-0.4911821484565735,0.9870716333389282,0.5882790088653564,0.6499963402748108,0.34073683619499207,0.1737939715385437,0.5937161445617676,0.6885157227516174,-0.4685370922088623,0.9854168891906738,0.5714414715766907,0.6491948366165161,0.3632757067680359,0.17172285914421082,0.5756751894950867,0.6855117678642273,-0.42473793029785156,0.9757981896400452,0.49001333117485046,0.5951027274131775,0.19964562356472015,0.9999462962150574,0.48578131198883057,0.611981987953186,-0.19951558113098145,0.9999750256538391,0.7051880359649658,0.5437098741531372,0.1585606336593628,0.6123571991920471,0.7135249972343445,0.5582196116447449,-0.3118481934070587,0.9933584928512573,0.7212128043174744,0.6407036781311035,0.3696410059928894,0.7366775274276733,0.7374772429466248,0.6635953187942505,-0.13680949807167053,0.9946330785751343,0.7065176963806152,0.6513509154319763,0.38945308327674866,0.7955567240715027,0.7195640802383423,0.6831774711608887,-0.11622916162014008,0.9887004494667053,0.8094595074653625,0.6623632311820984,0.3853784501552582,0.8465759754180908,0.8489285707473755,0.6846507787704468,-0.12701798975467682,0.9931215047836304
235,bridge,1,0.15009264647960663,0.6105473041534424,0.14342232048511505,0.9999825358390808,0.13213671743869781,0.6144266724586487,0.16885264217853546,0.9999624490737915,0.13203543424606323,0.6150164008140564,0.16876530647277832,0.9999510049819946,0.13186731934547424,0.6157880425453186,0.16873006522655487,0.9999644756317139,0.13092687726020813,0.6162239909172058,0.10888773947954178,0.9999876618385315,0.1299402266740799,0.6179949045181274,0.10884998738765717,0.9999886751174927,0.12884178757667542,0.6201902031898499,0.10872767865657806,0.9999907612800598,0.1376696228981018,0.628672182559967,0.29355308413505554,0.9999513626098633,0.13464529812335968,0.6335650086402893,0.021235546097159386,0.9999927282333374,0.16994869709014893,0.6131644248962402,0.19566388428211212,0.9999097585678101,0.16839176416397095,0.6150364875793457,0.1170521080493927,0.999980092048645,0.25869885087013245,0.6343492269515991,0.4418697655200958,0.9998356103897095,0.2179514318704605,0.6600186228752136,-0.15497083961963654,0.9999988675117493,0.41275447607040405,0.6444534063339233,0.4863831698894501,0.09822054207324982,0.3706141710281372,0.6789163947105408,-0.2969692647457123,0.9951111078262329,0.5487372279167175,0.6487123966217041,0.39743390679359436,0.18363775312900543,0.5340978503227234,0.6868128180503845,-0.407100111246109,0.9939534068107605,0.5853816866874695,0.6495084166526794,0.3989948034286499,0.17861224710941315,0.5871891379356384,0.689795196056366,-0.4592048227787018,0.9874953627586365,0.5899014472961426,0.6499407887458801,0.34942522644996643,0.17569993436336517,0.5937172770500183,0.6872055530548096,-0.43576645851135254,0.9858798384666443,0.5715270638465881,0.6488336324691772,0.372434139251709,0.17341192066669464,0.5759586691856384,0.6852066516876221,-0.39498475193977356,0.9764645099639893,0.48640865087509155,0.5948823690414429,0.20045271515846252,0.9999474287033081,0.4804835021495819,0.6103600859642029,-0.20033526420593262,0.9999763369560242,0.7050525546073914,0.5439621210098267,0.16206754744052887,0.6059573888778687,0.7128435969352722,0.558098316192627,-0.3185805380344391,0.9935163855552673,0.7216376662254333,0.6407598257064819,0.3642355501651764,0.7385603785514832,0.7377516627311707,0.6642782092094421,-0.14473548531532288,0.9945474863052368,0.7082970142364502,0.6517683863639832,0.38267478346824646,0.7966544032096863,0.7195695638656616,0.6843441724777222,-0.12403669953346252,0.9885810613632202,0.8093377351760864,0.6613415479660034,0.37543806433677673,0.8474904298782349,0.8485647439956665,0.684940755367279,-0.13692481815814972,0.9929401278495789
236,bridge,1,0.14989016950130463,0.6105033159255981,0.13432636857032776,0.999983549118042,0.1321757435798645,0.6144075989723206,0.15893016755580902,0.9999643564224243,0.1320745348930359,0.6150104403495789,0.15882432460784912,0.9999536871910095,0.13190072774887085,0.6157886385917664,0.158767431974411,0.999966025352478,0.13094967603683472,0.6161991357803345,0.09791643917560577,0.999988317489624,0.129954993724823,0.6179705262184143,0.09787771105766296,0.99998939037323,0.1288633644580841,0.620154857635498,0.0977160856127739,0.999991238117218,0.13774049282073975,0.6285870671272278,0.28115132451057434,0.9999538064002991,0.13479284942150116,0.633297324180603,0.004626753274351358,0.9999933242797852,0.16979676485061646,0.6131651997566223,0.18472960591316223,0.9999154806137085,0.16798712313175201,0.6150180101394653,0.10476900637149811,0.9999812245368958,0.25876712799072266,0.6345425248146057,0.4340525269508362,0.999840497970581,0.21799670159816742,0.6600131392478943,-0.17192217707633972,0.9999989867210388,0.4134281873703003,0.644250750541687,0.48248690366744995,0.10337387770414352,0.37151962518692017,0.6783228516578674,-0.32579073309898376,0.9953485131263733,0.5492553114891052,0.6486917734146118,0.38922882080078125,0.1918574869632721,0.5360483527183533,0.6860186457633972,-0.44797903299331665,0.994290292263031,0.5860942006111145,0.6492552161216736,0.39065995812416077,0.18586090207099915,0.5875066518783569,0.6893188953399658,-0.5047975182533264,0.9880508780479431,0.5915705561637878,0.649867832660675,0.3434460163116455,0.1827610284090042,0.5937825441360474,0.686901330947876,-0.4822251796722412,0.9864999651908875,0.5724318623542786,0.6488432288169861,0.3645179569721222,0.17956973612308502,0.5775429010391235,0.6850915551185608,-0.43676578998565674,0.9773962497711182,0.4873073697090149,0.5938987731933594,0.2026388794183731,0.9999487400054932,0.4825074374675751,0.6100313663482666,-0.20253165066242218,0.9999774098396301,0.7045283317565918,0.5441008806228638,0.16466370224952698,0.6049920320510864,0.7123852372169495,0.5578809380531311,-0.31612104177474976,0.9937489032745361,0.7218015193939209,0.6408082246780396,0.35328859090805054,0.7452827095985413,0.7383702993392944,0.6644125580787659,-0.13980434834957123,0.994581401348114,0.7105991840362549,0.6519901752471924,0.370124489068985,0.8018227815628052,0.7204422354698181,0.6840401887893677,-0.11926233768463135,0.9887483716011047,0.8092424273490906,0.6598643660545349,0.36140745878219604,0.8516082763671875,0.84807288646698,0.6848994493484497,-0.13438042998313904,0.9929516315460205
237,bridge,1,0.14959442615509033,0.6104444861412048,0.1414535641670227,0.9999848008155823,0.13219919800758362,0.6143715381622314,0.16690227389335632,0.9999669194221497,0.13210171461105347,0.6149951219558716,0.166817307472229,0.9999572038650513,0.1319240927696228,0.6157882213592529,0.1667955219745636,0.9999682903289795,0.1309751719236374,0.6161613464355469,0.10534128546714783,0.9999892115592957,0.12997744977474213,0.6179424524307251,0.10529661923646927,0.9999902248382568,0.1288798600435257,0.6201230883598328,0.10518285632133484,0.9999918937683105,0.13778361678123474,0.6285275220870972,0.2941121757030487,0.9999573826789856,0.1348581165075302,0.6331754326820374,0.014471651054918766,0.9999939203262329,0.16954205930233002,0.6131585240364075,0.19442331790924072,0.9999224543571472,0.16757409274578094,0.6149841547012329,0.11366894096136093,0.9999827146530151,0.25942641496658325,0.6346021294593811,0.44638070464134216,0.9998496770858765,0.21754463016986847,0.6600216031074524,-0.166561558842659,0.9999990463256836,0.4137641489505768,0.6443378925323486,0.4993249773979187,0.12372702360153198,0.3707711696624756,0.6782503724098206,-0.3364650011062622,0.9955766797065735,0.5494128465652466,0.6487098336219788,0.4225369691848755,0.2159288227558136,0.5325329303741455,0.6854307055473328,-0.48972341418266296,0.9946447610855103,0.5870304107666016,0.6492624878883362,0.4269733130931854,0.2053682506084442,0.5847727060317993,0.6887833476066589,-0.5518706440925598,0.9886448979377747,0.5925918221473694,0.6499602794647217,0.38051366806030273,0.20173613727092743,0.5908615589141846,0.6864901185035706,-0.5278180241584778,0.9871604442596436,0.5730894804000854,0.6490069031715393,0.39837199449539185,0.19586876034736633,0.5754075646400452,0.6846882700920105,-0.4790976643562317,0.9783998727798462,0.48646026849746704,0.5927335619926453,0.20423327386379242,0.9999513626098633,0.4815117120742798,0.6090885400772095,-0.20413579046726227,0.9999788999557495,0.7041869759559631,0.5436433553695679,0.16466902196407318,0.6044801473617554,0.7120184898376465,0.5570083260536194,-0.3222399950027466,0.9940254092216492,0.7220476269721985,0.6408482193946838,0.35075825452804565,0.7490683197975159,0.7388531565666199,0.6645272374153137,-0.1470002979040146,0.9946644902229309,0.7104849815368652,0.6522428393363953,0.36800944805145264,0.8048273324966431,0.7209334969520569,0.6839113235473633,-0.1265125870704651,0.9890344738960266,0.8047060966491699,0.6589708924293518,0.36217743158340454,0.8540277481079102,0.8479440808296204,0.6845870614051819,-0.14119857549667358,0.9930103421211243
238,bridge,1,0.14958156645298004,0.6104280352592468,0.14411035180091858,0.999985933303833,0.1323799341917038,0.61431884765625,0.1697615385055542,0.9999693632125854,0.13233208656311035,0.6149585843086243,0.16968291997909546,0.9999604225158691,0.1322261244058609,0.6157735586166382,0.16966603696346283,0.9999704360961914,0.1311747282743454,0.6160941123962402,0.10869653522968292,0.9999899864196777,0.13018247485160828,0.6178816556930542,0.10865318030118942,0.9999909996986389,0.1290237456560135,0.6200453639030457,0.10855419933795929,0.9999924898147583,0.13800932466983795,0.6284307241439819,0.2976183295249939,0.9999606013298035,0.13489587604999542,0.633072555065155,0.019836988300085068,0.9999944567680359,0.16954421997070312,0.6131951808929443,0.19749164581298828,0.9999287128448486,0.16744443774223328,0.6149910688400269,0.11734851449728012,0.9999840259552002,0.2596152424812317,0.6346212029457092,0.44974467158317566,0.999857485294342,0.21688348054885864,0.6600258946418762,-0.16103416681289673,0.9999991059303284,0.414590448141098,0.6441965103149414,0.5017285346984863,0.13690778613090515,0.3707553446292877,0.677753210067749,-0.33011600375175476,0.9957689046859741,0.5493912100791931,0.6484346985816956,0.42246541380882263,0.231079563498497,0.5325719714164734,0.6840487718582153,-0.48230990767478943,0.9949443936347961,0.5870893597602844,0.6486873626708984,0.4263078272342682,0.2174164056777954,0.5836582183837891,0.6859846115112305,-0.5430705547332764,0.9891290664672852,0.5924181938171387,0.6496847867965698,0.379858136177063,0.21348406374454498,0.5898025035858154,0.6841592192649841,-0.5205587148666382,0.987695038318634,0.5730730891227722,0.6488621830940247,0.39820602536201477,0.20596903562545776,0.574913501739502,0.6824415326118469,-0.4720573127269745,0.979211688041687,0.48548656702041626,0.5918191075325012,0.20433008670806885,0.9999533295631409,0.4798782169818878,0.6080012321472168,-0.20423926413059235,0.9999800324440002,0.7038514018058777,0.5435107350349426,0.1648741066455841,0.6009239554405212,0.7118772268295288,0.5561097860336304,-0.3200005888938904,0.9942039847373962,0.7275099754333496,0.6398606300354004,0.33800897002220154,0.7518907785415649,0.7402568459510803,0.6644468307495117,-0.14311937987804413,0.9945700764656067,0.7112942337989807,0.6524237990379333,0.35371214151382446,0.806933581829071,0.7214843034744263,0.6832097768783569,-0.12263835221529007,0.9890254735946655,0.8047587871551514,0.6582967042922974,0.34657108783721924,0.8558120131492615,0.847920835018158,0.6844271421432495,-0.13843132555484772,0.9928321242332458
239,bridge,1,0.14936858415603638,0.6104148030281067,0.14609701931476593,0.9999870657920837,0.13238394260406494,0.6142526268959045,0.17122560739517212,0.9999718070030212,0.13234560191631317,0.6148923635482788,0.17114950716495514,0.999963641166687,0.13226188719272614,0.6157212257385254,0.1711401343345642,0.9999726414680481,0.13118891417980194,0.6160042881965637,0.11118447780609131,0.9999908208847046,0.13021083176136017,0.6177943348884583,0.11114595085382462,0.999991774559021,0.12904506921768188,0.6199268102645874,0.11105696856975555,0.999993085861206,0.13811670243740082,0.6283289194107056,0.2970273196697235,0.9999637603759766,0.1348990648984909,0.6329967379570007,0.023352118209004402,0.9999949932098389,0.16950535774230957,0.6132206320762634,0.19860753417015076,0.9999348521232605,0.16726677119731903,0.6149985194206238,0.11964953690767288,0.9999853372573853,0.259625643491745,0.6347102522850037,0.4454951584339142,0.9998660087585449,0.21644361317157745,0.6600404381752014,-0.1544192135334015,0.9999991655349731,0.4142484962940216,0.6440877318382263,0.5009515285491943,0.15776966512203217,0.3705970346927643,0.6776828765869141,-0.3194427788257599,0.995995044708252,0.5492320656776428,0.648354709148407,0.42323291301727295,0.25709155201911926,0.5324112772941589,0.68387371301651,-0.47289103269577026,0.9952890276908875,0.586772620677948,0.6484315991401672,0.42667457461357117,0.23880630731582642,0.5832337737083435,0.6860238313674927,-0.531906247138977,0.9897642135620117,0.5923859477043152,0.6496617794036865,0.38067564368247986,0.23435649275779724,0.588831901550293,0.6841195821762085,-0.5126425623893738,0.9884066581726074,0.5730482935905457,0.6489415168762207,0.39923012256622314,0.22430837154388428,0.573921263217926,0.6822820901870728,-0.46377670764923096,0.9803421497344971,0.48399344086647034,0.5913565754890442,0.20427851378917694,0.9999555945396423,0.47847920656204224,0.6078760623931885,-0.20417872071266174,0.9999812245368958,0.703759491443634,0.5434828400611877,0.16426877677440643,0.607119083404541,0.7115185856819153,0.5562387704849243,-0.31938400864601135,0.9944925904273987,0.7269937992095947,0.6415851712226868,0.32367321848869324,0.7615633606910706,0.7403883934020996,0.6644725203514099,-0.1485990434885025,0.9946900010108948,0.7148517966270447,0.6525159478187561,0.337969034910202,0.8138932585716248,0.722408652305603,0.6830801963806152,-0.12889139354228973,0.9892568588256836,0.8065957427024841,0.656806230545044,0.3292143940925598,0.8616698980331421,0.8475966453552246,0.6844095587730408,-0.1437358409166336,0.9929367303848267
240,bridge,1,0.1481267660856247,0.6103386282920837,0.14067856967449188,0.9999880790710449,0.13195116817951202,0.614133358001709,0.16574089229106903,0.9999739527702332,0.1319606602191925,0.6147767305374146,0.1656612604856491,0.9999665021896362,0.13193456828594208,0.6156290173530579,0.16564710438251495,0.9999746084213257,0.13086733222007751,0.6158027052879333,0.10518332570791245,0.9999915361404419,0.12995842099189758,0.6175956726074219,0.10514403134584427,0.9999924302101135,0.12880678474903107,0.6196731925010681,0.105042465031147,0.999993622303009,0.13807500898838043,0.6282421350479126,0.29163190722465515,0.9999666213989258,0.1348240077495575,0.6327834129333496,0.015933450311422348,0.9999954104423523,0.16878193616867065,0.6131757497787476,0.19330522418022156,0.9999403357505798,0.16646800935268402,0.6149385571479797,0.11372963339090347,0.9999865293502808,0.2596225142478943,0.634790301322937,0.4424353539943695,0.9998726844787598,0.21647149324417114,0.6600213050842285,-0.16103751957416534,0.9999992251396179,0.4141101539134979,0.6439719796180725,0.4967876374721527,0.18015402555465698,0.36995214223861694,0.6775913238525391,-0.3253069818019867,0.9961768984794617,0.5484111905097961,0.6483270525932312,0.4209302067756653,0.2856304347515106,0.5317894220352173,0.6837315559387207,-0.49996820092201233,0.995593249797821,0.5856005549430847,0.6483702063560486,0.42412999272346497,0.26332756876945496,0.5833286643028259,0.6862595081329346,-0.5618515610694885,0.9903517961502075,0.5915318131446838,0.6496493816375732,0.37847140431404114,0.2585204839706421,0.5890233516693115,0.6842424273490906,-0.5438326001167297,0.989067554473877,0.5725871324539185,0.649133563041687,0.39711835980415344,0.24568389356136322,0.5739392042160034,0.6822847127914429,-0.49189087748527527,0.9813961982727051,0.48416775465011597,0.5907236933708191,0.20433421432971954,0.9999573230743408,0.4793348014354706,0.6073658466339111,-0.20423418283462524,0.9999821186065674,0.7029608488082886,0.5434686541557312,0.16347594559192657,0.6188880801200867,0.711383044719696,0.5562632083892822,-0.3176198899745941,0.994797945022583,0.7266164422035217,0.6424707174301147,0.32037702202796936,0.7738365530967712,0.7409472465515137,0.6644582748413086,-0.14592191576957703,0.9948793649673462,0.7174068093299866,0.6526026129722595,0.33446818590164185,0.8227341175079346,0.723187267780304,0.6830654740333557,-0.12573909759521484,0.9896188378334045,0.8082749843597412,0.6564878225326538,0.32352468371391296,0.8687939047813416,0.8476207852363586,0.6841610074043274,-0.13972030580043793,0.9931478500366211
241,bridge,1,0.14727555215358734,0.6102732419967651,0.1381152868270874,0.9999889731407166,0.13150811195373535,0.6140429973602295,0.16306431591510773,0.9999758005142212,0.13155968487262726,0.6146910786628723,0.16298197209835052,0.9999690055847168,0.13159316778182983,0.6155561208724976,0.16296860575675964,0.9999762773513794,0.1305379569530487,0.6156162619590759,0.10241595655679703,0.9999921321868896,0.1297217309474945,0.6173927783966064,0.10237804800271988,0.9999930262565613,0.1286132037639618,0.6194281578063965,0.10227649658918381,0.9999940395355225,0.1379568725824356,0.6281793713569641,0.28881555795669556,0.9999690651893616,0.13471196591854095,0.6325556039810181,0.01273308601230383,0.9999958276748657,0.1681654155254364,0.6131357550621033,0.190725177526474,0.9999451041221619,0.16593876481056213,0.6148619651794434,0.11106009781360626,0.9999875426292419,0.25959527492523193,0.6348094940185547,0.4407370090484619,0.9998777508735657,0.2164938598871231,0.6598713397979736,-0.16384638845920563,0.9999992847442627,0.41395652294158936,0.6438732147216797,0.4929952919483185,0.1982729434967041,0.3699180781841278,0.6771852970123291,-0.3298282027244568,0.9963303804397583,0.5475145578384399,0.6482673287391663,0.41974157094955444,0.30794647336006165,0.5318220257759094,0.6833639740943909,-0.49897661805152893,0.9958616495132446,0.5831986665725708,0.6482964754104614,0.4237050414085388,0.2820344567298889,0.5835942625999451,0.6864194869995117,-0.5598298907279968,0.9908565282821655,0.5889689922332764,0.6496398448944092,0.3780955672264099,0.27682942152023315,0.5894308686256409,0.6842713356018066,-0.5413570404052734,0.9896349906921387,0.5714789032936096,0.6491484642028809,0.39635080099105835,0.2615441381931305,0.5742591619491577,0.6822865009307861,-0.49063947796821594,0.9822984337806702,0.48467501997947693,0.5905238389968872,0.20443102717399597,0.9999587535858154,0.4802646040916443,0.6071019172668457,-0.20433063805103302,0.9999828934669495,0.702917754650116,0.5432865619659424,0.16290923953056335,0.6266948580741882,0.7111796140670776,0.5556256771087646,-0.31512758135795593,0.9950441718101501,0.7263338565826416,0.644236147403717,0.3150080144405365,0.783607542514801,0.7409766316413879,0.6644584536552429,-0.14512808620929718,0.9950091242790222,0.7192012071609497,0.6526262164115906,0.32861483097076416,0.8300387859344482,0.7231785655021667,0.6830556988716125,-0.12544648349285126,0.9898937940597534,0.8096420764923096,0.6559789180755615,0.3201339542865753,0.8746027946472168,0.8477466106414795,0.6838052272796631,-0.13894754648208618,0.9933035969734192
242,bridge,1,0.1465987265110016,0.6102429628372192,0.1369463950395584,0.9999898672103882,0.1310856193304062,0.6140043139457703,0.16212746500968933,0.999977707862854,0.1311676800251007,0.6146541833877563,0.16204039752483368,0.9999715089797974,0.13124918937683105,0.6155259609222412,0.16202889382839203,0.9999780058860779,0.13018639385700226,0.6155277490615845,0.10137201845645905,0.9999927282333374,0.1294410079717636,0.6172965168952942,0.10133697092533112,0.9999935626983643,0.1283699870109558,0.6193116903305054,0.10124042630195618,0.9999945163726807,0.13783369958400726,0.6281564235687256,0.28840476274490356,0.9999715089797974,0.13456925749778748,0.6324286460876465,0.011812716722488403,0.9999961853027344,0.1676134169101715,0.6131091117858887,0.1896970123052597,0.9999496340751648,0.16544976830482483,0.6148157715797424,0.10990084707736969,0.9999884963035583,0.25944164395332336,0.6347846984863281,0.44058236479759216,0.9998833537101746,0.21651998162269592,0.6597873568534851,-0.165713369846344,0.9999993443489075,0.41379934549331665,0.6438292264938354,0.49291592836380005,0.2102361023426056,0.3706553280353546,0.6767557859420776,-0.33202576637268066,0.9965000152587891,0.5471699237823486,0.6480966210365295,0.41819682717323303,0.3248695731163025,0.5337445735931396,0.6833622455596924,-0.4979351758956909,0.996122419834137,0.582165002822876,0.6480652093887329,0.42257335782051086,0.29650649428367615,0.586478054523468,0.6864543557167053,-0.5585101246833801,0.9913498163223267,0.5880041718482971,0.6494715809822083,0.37802866101264954,0.29086023569107056,0.5919650197029114,0.6846551895141602,-0.539629340171814,0.990189254283905,0.5713204145431519,0.6491419672966003,0.3950432240962982,0.2736336588859558,0.5765319466590881,0.682493269443512,-0.4893093705177307,0.9831832647323608,0.4850534200668335,0.5905314087867737,0.20487384498119354,0.9999606013298035,0.48089367151260376,0.6071897149085999,-0.20476290583610535,0.9999837279319763,0.7028791904449463,0.5433018803596497,0.16593551635742188,0.6344185471534729,0.711067795753479,0.5554481148719788,-0.3188686966896057,0.9952921867370605,0.726178765296936,0.6448594927787781,0.32004573941230774,0.7931356430053711,0.7409656047821045,0.6644688248634338,-0.15221859514713287,0.9951382875442505,0.7197499871253967,0.6526568531990051,0.3339567482471466,0.8372563719749451,0.7233397960662842,0.6827496886253357,-0.13280248641967773,0.9901493191719055,0.809739351272583,0.6554403901100159,0.32741013169288635,0.8803343176841736,0.8483128547668457,0.683466911315918,-0.1445753127336502,0.9934638738632202
243,bridge,1,0.14600206911563873,0.6102315187454224,0.13332891464233398,0.9999905824661255,0.13066771626472473,0.6139949560165405,0.15897570550441742,0.9999792575836182,0.13076867163181305,0.6146460771560669,0.1588873565196991,0.9999735951423645,0.13087934255599976,0.6155217289924622,0.15888264775276184,0.9999794363975525,0.12980036437511444,0.6154943108558655,0.09903904795646667,0.9999932646751404,0.1290917992591858,0.6172606945037842,0.099008709192276,0.9999940395355225,0.12804058194160461,0.6192647218704224,0.0989256277680397,0.9999948740005493,0.13766765594482422,0.6281548142433167,0.2866247594356537,0.9999735355377197,0.13437093794345856,0.6323736310005188,0.010638211853802204,0.999996542930603,0.16707545518875122,0.6130914092063904,0.18659187853336334,0.9999535083770752,0.16493907570838928,0.6147865653038025,0.10794705152511597,0.9999893307685852,0.25892409682273865,0.6347694396972656,0.4387887716293335,0.9998877644538879,0.2165134847164154,0.6597296595573425,-0.16697055101394653,0.9999994039535522,0.41366907954216003,0.6437506675720215,0.4837251305580139,0.21512527763843536,0.3721069395542145,0.6766836643218994,-0.32428866624832153,0.9966784119606018,0.5471486449241638,0.6476889252662659,0.3973817229270935,0.33403196930885315,0.5366532206535339,0.6834827661514282,-0.4648989140987396,0.9963645339012146,0.5820810794830322,0.6473127007484436,0.4002557396888733,0.30471503734588623,0.5886743664741516,0.6868082880973816,-0.5210506319999695,0.9917980432510376,0.5879979133605957,0.6487997770309448,0.35648947954177856,0.29871895909309387,0.5938339233398438,0.6851179599761963,-0.5055152177810669,0.9906940460205078,0.5714488625526428,0.6488465070724487,0.37385761737823486,0.2802928686141968,0.5789588689804077,0.6828926801681519,-0.45706579089164734,0.9839932322502136,0.48502984642982483,0.5903268456459045,0.2049362063407898,0.9999619126319885,0.48112136125564575,0.606923520565033,-0.20482610166072845,0.9999844431877136,0.702731728553772,0.5434855222702026,0.16672009229660034,0.6402339339256287,0.7110264301300049,0.555485725402832,-0.3209135830402374,0.9954986572265625,0.7261129021644592,0.6447893381118774,0.322554349899292,0.801005482673645,0.7409402132034302,0.6644936203956604,-0.15279792249202728,0.9952147603034973,0.7202770113945007,0.6526337265968323,0.3366461992263794,0.843098521232605,0.7233208417892456,0.682746410369873,-0.13330209255218506,0.9902917146682739,0.8097854256629944,0.654962956905365,0.33081191778182983,0.8850803971290588,0.8488253355026245,0.6833787560462952,-0.14516453444957733,0.9935498833656311
244,bridge,1,0.1455455869436264,0.6102215051651001,0.12933559715747833,0.999991238117218,0.13031905889511108,0.6139847636222839,0.1547839194536209,0.9999806880950928,0.13043825328350067,0.6146374940872192,0.15469707548618317,0.9999755024909973,0.13057607412338257,0.6155171990394592,0.1546962708234787,0.9999807476997375,0.1294546127319336,0.6154634356498718,0.09548498690128326,0.9999937415122986,0.12876670062541962,0.6172277331352234,0.09545838832855225,0.9999944567680359,0.1277260035276413,0.6192244291305542,0.09538708627223969,0.999995231628418,0.13753317296504974,0.6281532049179077,0.2816755771636963,0.9999753832817078,0.1341628134250641,0.6323220729827881,0.009771709330379963,0.9999968409538269,0.16667628288269043,0.6130813360214233,0.182411789894104,0.9999570250511169,0.16452348232269287,0.6147666573524475,0.10466895997524261,0.9999900460243225,0.2584902048110962,0.6347559094429016,0.43284398317337036,0.9998915791511536,0.21629415452480316,0.6596266031265259,-0.16770963370800018,0.999999463558197,0.4136350154876709,0.6438120603561401,0.47547534108161926,0.22317560017108917,0.3722946345806122,0.6766851544380188,-0.32156333327293396,0.9968387484550476,0.5469858050346375,0.6474549770355225,0.38974854350090027,0.3450062572956085,0.5368850231170654,0.6834736466407776,-0.45563945174217224,0.9965779781341553,0.5819942951202393,0.6470446586608887,0.39269348978996277,0.31425583362579346,0.5894473195075989,0.6868787407875061,-0.5108370780944824,0.9921888709068298,0.5879898071289062,0.648614764213562,0.34870290756225586,0.3079424798488617,0.5946053862571716,0.6851699352264404,-0.49487751722335815,0.9911357164382935,0.5714455842971802,0.6487236618995667,0.36618345975875854,0.2882973849773407,0.5794000029563904,0.6828604936599731,-0.44745081663131714,0.9847011566162109,0.4852098822593689,0.5905085206031799,0.20476944744586945,0.9999628663063049,0.4813341796398163,0.6069926023483276,-0.20465250313282013,0.9999850392341614,0.7027397751808167,0.5436160564422607,0.1668693721294403,0.6487982869148254,0.7111231684684753,0.5554996728897095,-0.3216572701931,0.9957132935523987,0.7260009050369263,0.6447129249572754,0.3252345323562622,0.8088966608047485,0.7411266565322876,0.6644552946090698,-0.1519497036933899,0.9952975511550903,0.7224149703979492,0.6526364088058472,0.33982616662979126,0.8485327363014221,0.72430020570755,0.6827002763748169,-0.1323087066411972,0.9904245734214783,0.8119584918022156,0.6547384262084961,0.3340234160423279,0.8896565437316895,0.8499413132667542,0.6831791996955872,-0.14425507187843323,0.993644118309021
245,bridge,1,0.1452079564332962,0.6102132797241211,0.12764038145542145,0.999991774559021,0.1300431787967682,0.6139782667160034,0.15295492112636566,0.9999818801879883,0.13017426431179047,0.6146325469017029,0.1528652012348175,0.999977171421051,0.13033105432987213,0.6155152320861816,0.15286408364772797,0.9999818801879883,0.1291850060224533,0.6154431104660034,0.09356299787759781,0.999994158744812,0.12851370871067047,0.6172072887420654,0.09353452920913696,0.9999948143959045,0.1274825930595398,0.6192003488540649,0.09346550703048706,0.9999955296516418,0.1374226063489914,0.6281559467315674,0.27943477034568787,0.9999769926071167,0.13400819897651672,0.6323000192642212,0.008012750186026096,0.999997079372406,0.16639256477355957,0.6130754351615906,0.18065887689590454,0.9999600648880005,0.16422569751739502,0.6147537231445312,0.10284728556871414,0.9999906420707703,0.25836583971977234,0.6347344517707825,0.43058010935783386,0.9998942613601685,0.21608717739582062,0.6594923734664917,-0.16805420815944672,0.9999995231628418,0.4135574698448181,0.6438974142074585,0.47445791959762573,0.23000939190387726,0.37236472964286804,0.6766712069511414,-0.32293039560317993,0.996959388256073,0.5468345880508423,0.6474320888519287,0.3920053541660309,0.35335955023765564,0.5369176268577576,0.6834562420845032,-0.4590267241001129,0.996751606464386,0.5821155309677124,0.6472755074501038,0.3956662714481354,0.32141557335853577,0.5897338390350342,0.6869367361068726,-0.514726459980011,0.992495596408844,0.5879951119422913,0.6486390829086304,0.3513219952583313,0.3148435652256012,0.5950288772583008,0.6852730512619019,-0.49779948592185974,0.9914820194244385,0.5714331865310669,0.6487423777580261,0.36844056844711304,0.2942758798599243,0.5795707702636719,0.6828693747520447,-0.45056620240211487,0.9852445125579834,0.4853599965572357,0.5906018614768982,0.20476339757442474,0.999963641166687,0.4815422594547272,0.6071162819862366,-0.20464517176151276,0.9999855160713196,0.7029684782028198,0.5436578989028931,0.16742828488349915,0.6564390659332275,0.7113332748413086,0.5555317401885986,-0.3210620880126953,0.9959006309509277,0.7259094715118408,0.6446683406829834,0.32680267095565796,0.8164390325546265,0.7411472797393799,0.664444088935852,-0.1518319845199585,0.9954035878181458,0.7240414619445801,0.6527606844902039,0.3416154980659485,0.8536849021911621,0.7246922850608826,0.682704746723175,-0.1324544996023178,0.9905867576599121,0.8136018514633179,0.6548985242843628,0.3358679711818695,0.8940937519073486,0.8507169485092163,0.6832596659660339,-0.14610110223293304,0.9937788248062134
246,bridge,1,0.14511673152446747,0.6102095246315002,0.12713231146335602,0.9999922513961792,0.12993696331977844,0.6139756441116333,0.1523679792881012,0.9999828934669495,0.13007065653800964,0.6146302819252014,0.15227656066417694,0.9999786019325256,0.13023529946804047,0.6155149936676025,0.15227480232715607,0.9999827742576599,0.12906034290790558,0.6154361963272095,0.09306983649730682,0.9999944567680359,0.1283859759569168,0.6171995401382446,0.0930413082242012,0.9999951124191284,0.1273498684167862,0.619188666343689,0.09297291934490204,0.999995768070221,0.1373606026172638,0.6281723380088806,0.27838531136512756,0.9999783635139465,0.13389544188976288,0.632293701171875,0.007925963960587978,0.9999973177909851,0.16632485389709473,0.6130855083465576,0.1800188571214676,0.9999626874923706,0.16410471498966217,0.6147539019584656,0.10235387086868286,0.9999911785125732,0.25824034214019775,0.6347257494926453,0.4286890923976898,0.9998960494995117,0.21587227284908295,0.659458339214325,-0.16840416193008423,0.9999995231628418,0.41348159313201904,0.6439723968505859,0.47265511751174927,0.2351200133562088,0.37238913774490356,0.6766486763954163,-0.32149773836135864,0.9970537424087524,0.5465983152389526,0.6473920941352844,0.39206039905548096,0.35975608229637146,0.5369186401367188,0.6834576725959778,-0.45646315813064575,0.9968968033790588,0.5821512341499329,0.6474391222000122,0.3960878849029541,0.32686084508895874,0.5898601412773132,0.6869588494300842,-0.5117073655128479,0.992745578289032,0.5879902243614197,0.6486632823944092,0.3518906831741333,0.32006996870040894,0.5952955484390259,0.6854696273803711,-0.49467554688453674,0.9917649030685425,0.5713746547698975,0.6487442851066589,0.36861440539360046,0.2987726926803589,0.5797379612922668,0.6829613447189331,-0.4480005204677582,0.9856871962547302,0.4853738248348236,0.59073805809021,0.20437392592430115,0.9999639987945557,0.48159730434417725,0.6072595715522766,-0.20425021648406982,0.9999858736991882,0.7030482292175293,0.5438035130500793,0.16739344596862793,0.6615372896194458,0.7113808989524841,0.5555477142333984,-0.318796843290329,0.9960436820983887,0.7258368134498596,0.6446612477302551,0.32676273584365845,0.8221648931503296,0.7411419153213501,0.6644161343574524,-0.15101319551467896,0.9954679608345032,0.7248506546020508,0.6528598070144653,0.34136083722114563,0.8575282096862793,0.7249274253845215,0.6827027797698975,-0.1316215544939041,0.9906843900680542,0.8146307468414307,0.6549699306488037,0.3353681266307831,0.8974534869194031,0.8509209752082825,0.6833337545394897,-0.14595156908035278,0.993855893611908
247,bridge,1,0.14504854381084442,0.6102064251899719,0.12874998152256012,0.9999926090240479,0.1298549771308899,0.6139732003211975,0.15373218059539795,0.9999837279319763,0.12998993694782257,0.614628255367279,0.15363790094852448,0.9999797940254211,0.1301603615283966,0.6155150532722473,0.1536303609609604,0.9999834895133972,0.12896469235420227,0.6154297590255737,0.09462103247642517,0.999994695186615,0.12828704714775085,0.6171917915344238,0.09459307044744492,0.9999954104423523,0.1272466778755188,0.6191763877868652,0.0945197194814682,0.9999959468841553,0.1373220980167389,0.6281817555427551,0.2788277566432953,0.9999794960021973,0.13382074236869812,0.6322813034057617,0.009169661439955235,0.9999974966049194,0.16626372933387756,0.6130926012992859,0.18126334249973297,0.9999648928642273,0.16400651633739471,0.6147528886795044,0.1038510799407959,0.9999915957450867,0.2582375407218933,0.6347242593765259,0.42859378457069397,0.9998968839645386,0.21586383879184723,0.6594537496566772,-0.16339905560016632,0.9999995231628418,0.41343632340431213,0.6440292000770569,0.4738943576812744,0.23685559630393982,0.3724779784679413,0.6766527891159058,-0.3081825375556946,0.9971174001693726,0.546425461769104,0.6472159624099731,0.3933340609073639,0.3612949848175049,0.5369766354560852,0.6834638714790344,-0.4346248507499695,0.9970074892044067,0.5820549130439758,0.6473289728164673,0.39668241143226624,0.328134149312973,0.5898802280426025,0.6869802474975586,-0.4876302480697632,0.9929136037826538,0.5879864692687988,0.6486532688140869,0.35336339473724365,0.3211653530597687,0.5954104065895081,0.6856391429901123,-0.47085514664649963,0.9919542074203491,0.5713570713996887,0.6487131118774414,0.3693521320819855,0.29961657524108887,0.5798159837722778,0.6830741167068481,-0.42609918117523193,0.9859777092933655,0.4853159189224243,0.5908044576644897,0.2035495489835739,0.9999642372131348,0.4814179241657257,0.6073268055915833,-0.20341147482395172,0.9999861717224121,0.7032616138458252,0.5439049005508423,0.16778481006622314,0.663396954536438,0.7113993167877197,0.5555388927459717,-0.31715553998947144,0.9961508512496948,0.7258003354072571,0.6446804404258728,0.3265579044818878,0.8260630369186401,0.7410480976104736,0.664372444152832,-0.1547708958387375,0.9954982995986938,0.7257068753242493,0.6531144380569458,0.34091809391975403,0.8599619269371033,0.7249161601066589,0.6827051639556885,-0.13656319677829742,0.9907280206680298,0.8151560425758362,0.6552943587303162,0.3349764049053192,0.8996466398239136,0.8510084748268127,0.6833787560462952,-0.15287980437278748,0.993885338306427
248,bridge,1,0.14499108493328094,0.6102041006088257,0.1308230608701706,0.9999930262565613,0.12978988885879517,0.6139708757400513,0.15564800798892975,0.9999845623970032,0.1299261748790741,0.6146265268325806,0.15555423498153687,0.9999809861183167,0.13010156154632568,0.6155157685279846,0.15554307401180267,0.9999842643737793,0.1288815587759018,0.6154242157936096,0.09638126194477081,0.9999949932098389,0.12819814682006836,0.6171857118606567,0.0963502749800682,0.9999956488609314,0.12715138494968414,0.6191681027412415,0.09627291560173035,0.9999961853027344,0.13729052245616913,0.6281924843788147,0.28021571040153503,0.999980628490448,0.13373568654060364,0.6322730779647827,0.010133293457329273,0.9999976754188538,0.16620370745658875,0.6130982041358948,0.1832638531923294,0.9999670386314392,0.16391173005104065,0.6147520542144775,0.10564598441123962,0.9999920129776001,0.25823619961738586,0.6347177028656006,0.43007972836494446,0.999898374080658,0.21581684052944183,0.6594364047050476,-0.16199257969856262,0.9999995827674866,0.41340598464012146,0.6440120339393616,0.4758351147174835,0.2384880781173706,0.37250036001205444,0.6765840649604797,-0.3098541498184204,0.9971668720245361,0.5463808178901672,0.6468804478645325,0.4002778232097626,0.36295852065086365,0.5369122624397278,0.6834561824798584,-0.44164854288101196,0.9971083402633667,0.5820221304893494,0.6470773220062256,0.40574371814727783,0.32967573404312134,0.5896698832511902,0.6870198845863342,-0.49597787857055664,0.9930722117424011,0.5879831314086914,0.6485419869422913,0.36267662048339844,0.3225395381450653,0.5953848958015442,0.6856591105461121,-0.4784698486328125,0.9921313524246216,0.5713407397270203,0.648557722568512,0.3769792914390564,0.3007209300994873,0.5797898769378662,0.6830911636352539,-0.4329366981983185,0.986243724822998,0.4853087067604065,0.5908852219581604,0.20340988039970398,0.9999649524688721,0.48113954067230225,0.6073675155639648,-0.2032710164785385,0.9999866485595703,0.7035994529724121,0.5440710186958313,0.17108242213726044,0.6663302183151245,0.7113776803016663,0.5555234551429749,-0.3170718848705292,0.9962635040283203,0.7258700132369995,0.6447528600692749,0.32708030939102173,0.830614447593689,0.740785539150238,0.6643200516700745,-0.15630950033664703,0.9955446720123291,0.7133116126060486,0.6627804040908813,0.3414596617221832,0.8629125356674194,0.7247774004936218,0.6827511191368103,-0.13826288282871246,0.9907741546630859,0.8160771131515503,0.6559187769889832,0.33541032671928406,0.9023115038871765,0.8511521816253662,0.6834459900856018,-0.1546623408794403,0.9939380884170532
249,bridge,1,0.14494815468788147,0.610198974609375,0.1307249665260315,0.9999933838844299,0.1297292858362198,0.6139663457870483,0.15540140867233276,0.99998539686203,0.12986460328102112,0.6146240830421448,0.1553076207637787,0.9999820590019226,0.1300424337387085,0.6155150532722473,0.15529485046863556,0.9999849796295166,0.12880995869636536,0.615412712097168,0.09620252996683121,0.999995231628418,0.12812457978725433,0.6171736121177673,0.09617040306329727,0.9999958872795105,0.12707479298114777,0.619155764579773,0.09609441459178925,0.9999963641166687,0.1372511088848114,0.6281977295875549,0.27961668372154236,0.999981701374054,0.13365375995635986,0.6322634816169739,0.009872225113213062,0.9999978542327881,0.16615021228790283,0.6131002902984619,0.18314027786254883,0.9999690651893616,0.16383889317512512,0.6147509813308716,0.10558521747589111,0.9999924302101135,0.2581557035446167,0.6347120404243469,0.42985349893569946,0.9999001622200012,0.21571995317935944,0.6594289541244507,-0.16277611255645752,0.9999995827674866,0.41337358951568604,0.6440951228141785,0.4760418236255646,0.2395596206188202,0.37255531549453735,0.6765832304954529,-0.31261223554611206,0.9972218871116638,0.5463652014732361,0.6467310786247253,0.4042014181613922,0.36441200971603394,0.5369402766227722,0.6834577918052673,-0.44673484563827515,0.9972112774848938,0.5820207595825195,0.6469709873199463,0.41087713837623596,0.33121258020401,0.5896568298339844,0.6870583891868591,-0.5016788840293884,0.9932454824447632,0.5880185961723328,0.6484807729721069,0.36723288893699646,0.32388463616371155,0.595467209815979,0.6856983304023743,-0.4840964376926422,0.9923258423805237,0.5713322162628174,0.6484708786010742,0.3810219168663025,0.30195072293281555,0.5798664689064026,0.6831094622612,-0.43801242113113403,0.9865406155586243,0.4853534698486328,0.5909170508384705,0.20335347950458527,0.999966025352478,0.4811750054359436,0.6074488759040833,-0.20321650803089142,0.9999871850013733,0.7040421962738037,0.5441351532936096,0.17317168414592743,0.6717168688774109,0.7114592790603638,0.5555102825164795,-0.32010501623153687,0.9963953495025635,0.7262572646141052,0.645537257194519,0.3315827250480652,0.8357269763946533,0.740732729434967,0.6642905473709106,-0.1618463099002838,0.9956206679344177,0.7099871635437012,0.6653013825416565,0.3460525572299957,0.8660885095596313,0.7247485518455505,0.6828189492225647,-0.14376844465732574,0.9908449053764343,0.8182777166366577,0.656566858291626,0.3408593237400055,0.9053065180778503,0.8516132235527039,0.6835707426071167,-0.16064801812171936,0.9940425157546997
250,bridge,1,0.14493262767791748,0.6101899743080139,0.12903790175914764,0.9999936819076538,0.12969768047332764,0.6139572858810425,0.15355652570724487,0.9999860525131226,0.129832923412323,0.6146186590194702,0.15346257388591766,0.9999828934669495,0.13001284003257751,0.6155129075050354,0.1534470021724701,0.9999855160713196,0.12876522541046143,0.6153979301452637,0.09413405507802963,0.9999954104423523,0.12807568907737732,0.617158830165863,0.09409834444522858,0.9999960660934448,0.12702031433582306,0.6191410422325134,0.09401759505271912,0.9999964833259583,0.13722124695777893,0.6282025575637817,0.27773910760879517,0.999982476234436,0.13357791304588318,0.6322548389434814,0.006964890286326408,0.9999979734420776,0.16613489389419556,0.6131005883216858,0.18154965341091156,0.9999707341194153,0.16380278766155243,0.6147485971450806,0.1036916971206665,0.9999927878379822,0.25809675455093384,0.6347053647041321,0.4287254810333252,0.9999012351036072,0.2155844271183014,0.6594257950782776,-0.1651638001203537,0.9999995827674866,0.41337844729423523,0.6442331075668335,0.47665640711784363,0.24134860932826996,0.3726520240306854,0.6765837669372559,-0.31736448407173157,0.9972606897354126,0.5463473796844482,0.6465479135513306,0.40595489740371704,0.3663027584552765,0.5370088815689087,0.683458685874939,-0.45312464237213135,0.9972949624061584,0.5820900797843933,0.6468523740768433,0.41338276863098145,0.33303675055503845,0.5896458625793457,0.6870713829994202,-0.5076165199279785,0.9933790564537048,0.5882933735847473,0.6484333872795105,0.3694339692592621,0.3255264163017273,0.59547358751297,0.6857103705406189,-0.49024200439453125,0.9924765229225159,0.5713897347450256,0.6484017968177795,0.38285326957702637,0.3033614456653595,0.5799036026000977,0.6831139326095581,-0.4445663392543793,0.9867623448371887,0.48539063334465027,0.5909603238105774,0.2033662647008896,0.9999668598175049,0.4812214970588684,0.6075075268745422,-0.20322977006435394,0.9999876618385315,0.7040922045707703,0.544234037399292,0.17568036913871765,0.6771694421768188,0.7116779685020447,0.5555168390274048,-0.32644668221473694,0.9965153336524963,0.7263979911804199,0.6459622979164124,0.3392108976840973,0.840087890625,0.7407005429267883,0.6642890572547913,-0.16858798265457153,0.9956849813461304,0.7079793810844421,0.6658357977867126,0.3541848957538605,0.8688160181045532,0.7247464060783386,0.6828945279121399,-0.15033230185508728,0.9909065961837769,0.8184062838554382,0.6566467881202698,0.3498268723487854,0.9078816771507263,0.8519905209541321,0.6836825013160706,-0.1679849475622177,0.994138777256012
251,bridge,1,0.14485011994838715,0.6101869344711304,0.12897950410842896,0.9999939799308777,0.12960825860500336,0.6139549612998962,0.15350686013698578,0.9999867677688599,0.12974277138710022,0.6146177649497986,0.15341268479824066,0.9999838471412659,0.12992385029792786,0.6155150532722473,0.15339747071266174,0.9999861717224121,0.12867170572280884,0.6153942942619324,0.0939418151974678,0.9999956488609314,0.1279800832271576,0.6171551942825317,0.09390652924776077,0.9999963045120239,0.12692128121852875,0.6191381216049194,0.09382688999176025,0.9999966621398926,0.13716241717338562,0.6282139420509338,0.2777595818042755,0.9999833703041077,0.13347280025482178,0.632253110408783,0.006198331248015165,0.9999980926513672,0.16604094207286835,0.6131055951118469,0.18153679370880127,0.9999724626541138,0.16368819773197174,0.6147489547729492,0.1034955233335495,0.9999931454658508,0.25782346725463867,0.6346250176429749,0.4292428493499756,0.9999029636383057,0.21548384428024292,0.6594248414039612,-0.16746708750724792,0.9999995827674866,0.41312381625175476,0.644134521484375,0.47929924726486206,0.24485699832439423,0.3726672828197479,0.6765573024749756,-0.3257487416267395,0.9973183274269104,0.5461536049842834,0.6462791562080383,0.41128045320510864,0.370251327753067,0.537099301815033,0.6834803819656372,-0.4721986949443817,0.9973865151405334,0.5819957256317139,0.646530032157898,0.4190485179424286,0.33657822012901306,0.5896547436714172,0.687088668346405,-0.5289509296417236,0.9935517311096191,0.5882477164268494,0.6482048630714417,0.37452569603919983,0.32891595363616943,0.5955175757408142,0.6858190894126892,-0.5116060376167297,0.9926713705062866,0.5713070631027222,0.6481585502624512,0.3881005048751831,0.30628442764282227,0.5799736380577087,0.6831938028335571,-0.463963121175766,0.9870671629905701,0.48565593361854553,0.5909799337387085,0.20398205518722534,0.9999677538871765,0.481842964887619,0.6077665686607361,-0.20385529100894928,0.9999881386756897,0.7040808200836182,0.5442473888397217,0.17541415989398956,0.6846987009048462,0.7123119831085205,0.5557053089141846,-0.3297353684902191,0.99665766954422,0.7264050245285034,0.6457526087760925,0.34003129601478577,0.8457357287406921,0.7406941652297974,0.6642873883247375,-0.16652539372444153,0.9958046078681946,0.7195253968238831,0.6597747206687927,0.35513249039649963,0.8729403614997864,0.7247914671897888,0.6830480694770813,-0.14787721633911133,0.9910789728164673,0.8182523846626282,0.6560391783714294,0.35195520520210266,0.9113457798957825,0.8522224426269531,0.6837108731269836,-0.1644652634859085,0.9943085312843323
252,bridge,1,0.1446450799703598,0.6101846098899841,0.13115160167217255,0.9999942779541016,0.1294553130865097,0.6139527559280396,0.1559322327375412,0.9999874830245972,0.1295904666185379,0.614616334438324,0.15583789348602295,0.9999848008155823,0.12977343797683716,0.6155149340629578,0.155826136469841,0.9999868869781494,0.12852755188941956,0.6153918504714966,0.0957624688744545,0.9999958872795105,0.12783639132976532,0.6171523332595825,0.09573061019182205,0.999996542930603,0.12678039073944092,0.6191349625587463,0.09565446525812149,0.9999968409538269,0.13709662854671478,0.628214418888092,0.2812413275241852,0.9999843835830688,0.13337869942188263,0.6322414875030518,0.007086833007633686,0.9999982118606567,0.16576255857944489,0.6131052374839783,0.1839660108089447,0.999974250793457,0.16344629228115082,0.6147458553314209,0.10502416640520096,0.9999935626983643,0.25779473781585693,0.6345457434654236,0.432928204536438,0.9999056458473206,0.21544316411018372,0.6594000458717346,-0.16724509000778198,0.9999995827674866,0.4131077826023102,0.6441267728805542,0.4852675199508667,0.25084248185157776,0.37225985527038574,0.6765375733375549,-0.3290918469429016,0.9973508715629578,0.5461375713348389,0.6462785005569458,0.4222104251384735,0.37689855694770813,0.5365197658538818,0.6835043430328369,-0.4871101677417755,0.9974650144577026,0.5822591781616211,0.6467373371124268,0.43024247884750366,0.3422926962375641,0.5893973708152771,0.6872233152389526,-0.5460857152938843,0.9937148094177246,0.588309109210968,0.6482245922088623,0.38547948002815247,0.3344852030277252,0.5954968929290771,0.686080813407898,-0.5286014676094055,0.9928560853004456,0.5713404417037964,0.6481826305389404,0.39907991886138916,0.31122297048568726,0.5798402428627014,0.6833763122558594,-0.4792013168334961,0.9873611927032471,0.48581838607788086,0.5913724899291992,0.2043471485376358,0.999968945980072,0.48193514347076416,0.6088268160820007,-0.20423224568367004,0.9999886751174927,0.7039139270782471,0.5442562103271484,0.17447082698345184,0.6923328638076782,0.7123293876647949,0.5563778281211853,-0.3297467529773712,0.9967845678329468,0.7263725399971008,0.6457386016845703,0.33987581729888916,0.8510724306106567,0.7405422925949097,0.6642894148826599,-0.16513638198375702,0.9959396719932556,0.7105616331100464,0.6633018851280212,0.35507965087890625,0.8768584132194519,0.7247722148895264,0.6832239627838135,-0.14637550711631775,0.9912869930267334,0.8194221258163452,0.6600949764251709,0.3520375192165375,0.9145738482475281,0.8524283170700073,0.6837905645370483,-0.16299457848072052,0.9945052862167358
253,bridge,1,0.14324504137039185,0.6101818084716797,0.1408422738313675,0.9999946355819702,0.1286236196756363,0.61395263671875,0.16624556481838226,0.999988317489624,0.12875109910964966,0.6146162152290344,0.16615097224712372,0.9999858736991882,0.12888890504837036,0.6155156493186951,0.16613991558551788,0.9999876618385315,0.12776626646518707,0.6153894066810608,0.10603898763656616,0.9999961256980896,0.12706893682479858,0.6171512603759766,0.10601639002561569,0.9999967813491821,0.12604990601539612,0.6191372275352478,0.10594914108514786,0.9999970197677612,0.13653355836868286,0.6282130479812622,0.29192107915878296,0.9999855160713196,0.13298127055168152,0.6322407722473145,0.01786435768008232,0.9999983310699463,0.16435104608535767,0.6130850315093994,0.19347301125526428,0.9999760389328003,0.16229698061943054,0.614733099937439,0.11433770507574081,0.9999939799308777,0.2576797604560852,0.634183943271637,0.4406891167163849,0.9999093413352966,0.2153318077325821,0.6593891978263855,-0.15730203688144684,0.9999995827674866,0.41283825039863586,0.6436871886253357,0.49568644165992737,0.2584497332572937,0.37028276920318604,0.6765225529670715,-0.32276034355163574,0.99736088514328,0.546323299407959,0.6462826728820801,0.4460919499397278,0.3845120072364807,0.5362620949745178,0.6835852265357971,-0.48339560627937317,0.9975313544273376,0.5827664732933044,0.6467517018318176,0.45586106181144714,0.3487447202205658,0.5894163846969604,0.6877757906913757,-0.5420329570770264,0.9938699007034302,0.5892956256866455,0.6484979391098022,0.4126329720020294,0.34074530005455017,0.5955367684364319,0.68663489818573,-0.524994432926178,0.9930357933044434,0.572512686252594,0.6484707593917847,0.42395293712615967,0.31680840253829956,0.579831600189209,0.683758020401001,-0.4756363332271576,0.9876624345779419,0.48671582341194153,0.5927351117134094,0.20438995957374573,0.9999704360961914,0.48282894492149353,0.6117510795593262,-0.2042810171842575,0.9999892711639404,0.7038068771362305,0.544283926486969,0.17146307229995728,0.7002421021461487,0.7123708724975586,0.5569090843200684,-0.328890323638916,0.9969021677970886,0.7258912920951843,0.6458204388618469,0.3404172360897064,0.8563785552978516,0.7403634190559387,0.6642922759056091,-0.16388680040836334,0.9960892796516418,0.7061580419540405,0.6647497415542603,0.35608789324760437,0.8806533813476562,0.7246229648590088,0.6834310293197632,-0.14482471346855164,0.991550862789154,0.8190253973007202,0.6593969464302063,0.3545835018157959,0.9175376892089844,0.8524993062019348,0.6838820576667786,-0.16257266700267792,0.9947275519371033
254,bridge,1,0.14246566593647003,0.6101974844932556,0.1416962444782257,0.9999949336051941,0.12800711393356323,0.6139649152755737,0.16752631962299347,0.9999890923500061,0.12810669839382172,0.6146264672279358,0.16743189096450806,0.9999868273735046,0.1281958520412445,0.6155272126197815,0.1674233227968216,0.9999884366989136,0.12718258798122406,0.6154101490974426,0.10740857571363449,0.9999963641166687,0.1264703869819641,0.6171835660934448,0.10739495605230331,0.9999970197677612,0.12547621130943298,0.6191847920417786,0.10733718425035477,0.9999971985816956,0.13608992099761963,0.6282300353050232,0.29359832406044006,0.9999865889549255,0.13268370926380157,0.6323148608207703,0.02029500901699066,0.9999984502792358,0.16375337541103363,0.6130998134613037,0.19424833357334137,0.9999776482582092,0.16169001162052155,0.6147587895393372,0.11519765853881836,0.9999943375587463,0.2577221691608429,0.6338216066360474,0.4413975775241852,0.999912440776825,0.21562768518924713,0.6594241261482239,-0.15412165224552155,0.9999995827674866,0.4128289222717285,0.6433053016662598,0.4969915747642517,0.2626555263996124,0.37007108330726624,0.6765398979187012,-0.3114875555038452,0.9973974227905273,0.5463864803314209,0.6462615132331848,0.4526470899581909,0.38988518714904785,0.536262035369873,0.6837396621704102,-0.4689256250858307,0.9975926876068115,0.5828758478164673,0.646760880947113,0.46304911375045776,0.3536132574081421,0.5894685387611389,0.6882123947143555,-0.5276792645454407,0.9940330982208252,0.5898153781890869,0.6488142609596252,0.42075100541114807,0.3454781770706177,0.5955862998962402,0.6870086789131165,-0.5116886496543884,0.9932270050048828,0.5730830430984497,0.6486635208129883,0.4310668110847473,0.3211270272731781,0.5798581838607788,0.6841240525245667,-0.4619787037372589,0.9879947900772095,0.4900808334350586,0.5944840908050537,0.20449921488761902,0.9999716877937317,0.48683038353919983,0.6148917078971863,-0.2044030874967575,0.9999898076057434,0.7036122679710388,0.5441012978553772,0.1648532748222351,0.7085980772972107,0.7125481963157654,0.5572432279586792,-0.3279639780521393,0.9970202445983887,0.7253403067588806,0.6458415389060974,0.34022197127342224,0.8620490431785583,0.7403576970100403,0.6643091440200806,-0.15012842416763306,0.9962542057037354,0.7031443119049072,0.6647920608520508,0.35603857040405273,0.8848781585693359,0.7246183753013611,0.6834243535995483,-0.1296817660331726,0.9918599724769592,0.8187898993492126,0.6572719216346741,0.3560243248939514,0.920687735080719,0.8527629375457764,0.6836578845977783,-0.1436319351196289,0.9949762225151062
255,bridge,1,0.14229391515254974,0.6101968884468079,0.14260081946849823,0.9999952912330627,0.127836674451828,0.6139665246009827,0.16873326897621155,0.9999898672103882,0.12791883945465088,0.6146292090415955,0.1686403751373291,0.999987781047821,0.1279946267604828,0.6155336499214172,0.16863521933555603,0.9999892115592957,0.12700559198856354,0.6154097318649292,0.10814384371042252,0.9999966025352478,0.1262657195329666,0.617185652256012,0.10813681036233902,0.9999971985816956,0.12526080012321472,0.6191933155059814,0.10808659344911575,0.9999973773956299,0.13599078357219696,0.6282446384429932,0.29517650604248047,0.9999876022338867,0.13253234326839447,0.632339596748352,0.020007092505693436,0.9999985694885254,0.1634943038225174,0.6131172180175781,0.19502855837345123,0.9999791979789734,0.16144323348999023,0.6147729754447937,0.11536256968975067,0.999994695186615,0.2580253779888153,0.6335424780845642,0.4429762661457062,0.9999156594276428,0.21616607904434204,0.6594873070716858,-0.15558408200740814,0.9999995827674866,0.41221335530281067,0.6425132751464844,0.5024743676185608,0.27419430017471313,0.3673902153968811,0.6765406727790833,-0.3415204882621765,0.9973741769790649,0.546236515045166,0.6463690400123596,0.46826478838920593,0.40283331274986267,0.5347226858139038,0.683891773223877,-0.5424058437347412,0.9976152181625366,0.582196831703186,0.6470052003860474,0.48118695616722107,0.3650015592575073,0.5884585380554199,0.6888666152954102,-0.6075411438941956,0.9941295981407166,0.5894033908843994,0.6493142247200012,0.43837770819664,0.3567773997783661,0.594602108001709,0.6877700686454773,-0.5901702642440796,0.993346095085144,0.5730153322219849,0.6491166353225708,0.4470658302307129,0.3310766816139221,0.5788658857345581,0.6849060654640198,-0.5362048149108887,0.9881970882415771,0.4963972866535187,0.5968639850616455,0.2055935263633728,0.999972939491272,0.49410995841026306,0.617938756942749,-0.20556706190109253,0.9999902248382568,0.7029842138290405,0.5441103577613831,0.16327203810214996,0.7156028747558594,0.7125945687294006,0.5572671890258789,-0.31453943252563477,0.997153103351593,0.723828136920929,0.6460296511650085,0.3323661684989929,0.8679494857788086,0.7403372526168823,0.6643102765083313,-0.1274442970752716,0.9964278936386108,0.71124666929245,0.6582256555557251,0.3479737341403961,0.8898087739944458,0.724597692489624,0.6834314465522766,-0.10613887012004852,0.9922688007354736,0.8182508945465088,0.6568077206611633,0.3492722511291504,0.9240882992744446,0.8528359532356262,0.6835082769393921,-0.11391143500804901,0.9952321648597717
256,bridge,1,0.1419522911310196,0.6101956963539124,0.13064447045326233,0.9999954700469971,0.12757690250873566,0.6139687895774841,0.15736518800258636,0.9999904036521912,0.12762373685836792,0.6146330833435059,0.1572677046060562,0.9999884963035583,0.12766960263252258,0.6155420541763306,0.15725496411323547,0.9999897480010986,0.12668722867965698,0.615415632724762,0.09759580343961716,0.9999967813491821,0.1258925348520279,0.6172021627426147,0.09761638194322586,0.9999973177909851,0.12491144984960556,0.6192269325256348,0.09758520126342773,0.9999974966049194,0.1358737200498581,0.6282437443733215,0.2835821807384491,0.9999883770942688,0.13241542875766754,0.632355809211731,0.012846865691244602,0.9999986290931702,0.16294941306114197,0.6131279468536377,0.18263766169548035,0.9999801516532898,0.1610472947359085,0.6147903800010681,0.10417503863573074,0.9999949336051941,0.25945332646369934,0.6329663991928101,0.4296853542327881,0.9999155402183533,0.21713632345199585,0.659662127494812,-0.1576402485370636,0.9999995827674866,0.41220563650131226,0.6422094106674194,0.4788758456707001,0.2619769871234894,0.3671737611293793,0.6768430471420288,-0.32870161533355713,0.997363805770874,0.5461972951889038,0.6465462446212769,0.4403497874736786,0.39116087555885315,0.5347328186035156,0.6842753291130066,-0.48575353622436523,0.9976091980934143,0.582126259803772,0.6473626494407654,0.4524192214012146,0.35595881938934326,0.5868834257125854,0.6897071599960327,-0.5459381341934204,0.9941905736923218,0.5892334580421448,0.6498071551322937,0.4132740795612335,0.3479470908641815,0.5942741632461548,0.6884158253669739,-0.5282296538352966,0.9934230446815491,0.5730034112930298,0.6495884656906128,0.41994544863700867,0.32377591729164124,0.5783752799034119,0.6856200695037842,-0.47899577021598816,0.9883481860160828,0.5023195147514343,0.5996910929679871,0.20561674237251282,0.9999732375144958,0.5003150105476379,0.6220358610153198,-0.20559076964855194,0.9999902248382568,0.7001025676727295,0.5438554286956787,0.16061119735240936,0.7198655009269714,0.7113177180290222,0.5574549436569214,-0.3133755028247833,0.9972327351570129,0.7237492799758911,0.6455277800559998,0.32432490587234497,0.8715872764587402,0.7404106855392456,0.6643743515014648,-0.11911850422620773,0.9965109825134277,0.7133508920669556,0.6555131077766418,0.3395513594150543,0.8922385573387146,0.7251996994018555,0.6833433508872986,-0.09708310663700104,0.9924420118331909,0.8178476691246033,0.6563858389854431,0.34351491928100586,0.9259747862815857,0.8526259660720825,0.6830223202705383,-0.10127074271440506,0.9953756928443909
257,bridge,1,0.14167964458465576,0.6101933717727661,0.10200641304254532,0.9999954104423523,0.12729667127132416,0.6139765381813049,0.12868568301200867,0.9999902844429016,0.12728413939476013,0.6146379113197327,0.12859231233596802,0.9999885559082031,0.1272839903831482,0.6155458092689514,0.1285894364118576,0.9999896883964539,0.12635287642478943,0.6154926419258118,0.06615385413169861,0.9999967217445374,0.1255602240562439,0.6173468232154846,0.06613674014806747,0.9999973177909851,0.12466438859701157,0.619429349899292,0.0660511925816536,0.9999974370002747,0.1357593685388565,0.628238320350647,0.2583792209625244,0.9999886155128479,0.13239605724811554,0.6323885321617126,-0.02465471811592579,0.9999986290931702,0.16226080060005188,0.6131198406219482,0.1556759774684906,0.9999799132347107,0.16072812676429749,0.6147955060005188,0.07360024005174637,0.9999948143959045,0.26032787561416626,0.6327511668205261,0.41667306423187256,0.9999109506607056,0.21788831055164337,0.6597461104393005,-0.1999538242816925,0.9999995827674866,0.41147202253341675,0.6422542929649353,0.47504907846450806,0.25040167570114136,0.3652503192424774,0.6774362325668335,-0.3992023468017578,0.9972513914108276,0.5461662411689758,0.6472242474555969,0.438515305519104,0.3771809935569763,0.5282324552536011,0.6842911839485168,-0.5920951962471008,0.9975252747535706,0.5820002555847168,0.6483494639396667,0.44986042380332947,0.3443966209888458,0.5614473819732666,0.6925498247146606,-0.660325825214386,0.9941296577453613,0.589061975479126,0.6505669951438904,0.41068124771118164,0.33677977323532104,0.5630989074707031,0.6863833665847778,-0.6382622718811035,0.9933626651763916,0.5727295279502869,0.6498499512672424,0.4176749289035797,0.3142439126968384,0.549746036529541,0.6832814812660217,-0.5840796828269958,0.9882246851921082,0.5091531276702881,0.6018768548965454,0.20934319496154785,0.9999720454216003,0.5087388157844543,0.6247023344039917,-0.20937034487724304,0.9999895095825195,0.6989176273345947,0.543792724609375,0.16061033308506012,0.7193225622177124,0.7092606425285339,0.5574608445167542,-0.3136756718158722,0.9972383975982666,0.7244480848312378,0.6456987261772156,0.3299540877342224,0.87273108959198,0.7410377264022827,0.6643680334091187,-0.11328775435686111,0.9965349435806274,0.7157122492790222,0.6551333665847778,0.34624388813972473,0.8927357792854309,0.725486695766449,0.6821528077125549,-0.09077858924865723,0.9925708174705505,0.818018913269043,0.6563851833343506,0.346709281206131,0.926559567451477,0.851839542388916,0.6829981803894043,-0.1006823256611824,0.9954619407653809
258,bridge,1,0.14251995086669922,0.6101763844490051,0.08675612509250641,0.9999945759773254,0.1276705414056778,0.6139774322509766,0.11381100118160248,0.9999885559082031,0.1275961548089981,0.6146426200866699,0.11370078474283218,0.999987006187439,0.1275549829006195,0.6155573129653931,0.1136714369058609,0.999988317489624,0.12667757272720337,0.615532398223877,0.05094160884618759,0.9999960660934448,0.125854954123497,0.6174168586730957,0.05092024803161621,0.9999967217445374,0.12499083578586578,0.6195273995399475,0.05080727860331535,0.9999968409538269,0.13594810664653778,0.6282431483268738,0.24282515048980713,0.9999873042106628,0.13286197185516357,0.6324132680892944,-0.04094507172703743,0.9999983906745911,0.1629360169172287,0.6131072640419006,0.14006702601909637,0.9999750852584839,0.1614682674407959,0.6147944331169128,0.05778174847364426,0.9999933838844299,0.2615840435028076,0.6329495906829834,0.40516313910484314,0.9999025464057922,0.22006091475486755,0.6598199009895325,-0.21375808119773865,0.9999995231628418,0.4122718572616577,0.6449378132820129,0.46089687943458557,0.2335885465145111,0.3684609830379486,0.6779124736785889,-0.38240906596183777,0.9970726370811462,0.5505974888801575,0.6489407420158386,0.40621936321258545,0.3553624451160431,0.5322040915489197,0.6841050982475281,-0.5453953146934509,0.9972935318946838,0.5868940353393555,0.649063766002655,0.4181908369064331,0.32568347454071045,0.5720254182815552,0.692300021648407,-0.6087604761123657,0.9937856793403625,0.5942235589027405,0.6506825685501099,0.37534299492836,0.3185524642467499,0.5812434554100037,0.6865066289901733,-0.5911933779716492,0.9929952621459961,0.5784997940063477,0.650120735168457,0.3841794431209564,0.29840099811553955,0.5655844211578369,0.6832959055900574,-0.5380403399467468,0.9875960946083069,0.5172662138938904,0.6076401472091675,0.21181486546993256,0.9999701976776123,0.5181211829185486,0.6305481195449829,-0.21186958253383636,0.9999883770942688,0.6955328583717346,0.5440263748168945,0.16529077291488647,0.7098008394241333,0.7064206004142761,0.5575277805328369,-0.30242595076560974,0.9971372485160828,0.7251763343811035,0.6414563655853271,0.34352463483810425,0.8669060468673706,0.7410746216773987,0.6643792986869812,-0.0908876284956932,0.9963180422782898,0.7130293250083923,0.654975414276123,0.3610539138317108,0.8885042667388916,0.7254753112792969,0.6820272207260132,-0.06690386682748795,0.9923147559165955,0.8167179822921753,0.6564176678657532,0.3721216320991516,0.9233043193817139,0.8499823212623596,0.6820393800735474,-0.05912800878286362,0.9952936172485352
259,bridge,1,0.14288634061813354,0.610191285610199,0.07941290736198425,0.9999936819076538,0.12766064703464508,0.6141231656074524,0.10568712651729584,0.9999861717224121,0.12758970260620117,0.6148301959037781,0.1055680513381958,0.999984622001648,0.12755271792411804,0.6157801151275635,0.1055334210395813,0.9999862909317017,0.12667784094810486,0.6157102584838867,0.04323083534836769,0.9999951720237732,0.12586794793605804,0.6175814270973206,0.04320220649242401,0.9999960064888,0.1250241994857788,0.6196805834770203,0.043073199689388275,0.9999961256980896,0.13594834506511688,0.6284621357917786,0.22963573038578033,0.9999851584434509,0.13301299512386322,0.6324496865272522,-0.05191607400774956,0.9999980330467224,0.16308356821537018,0.613109827041626,0.13063347339630127,0.9999687671661377,0.16176815330982208,0.614804208278656,0.04898630455136299,0.999991774559021,0.26137062907218933,0.6329689621925354,0.39108848571777344,0.9998918771743774,0.22100712358951569,0.6598213911056519,-0.23157998919487,0.999999463558197,0.4107922315597534,0.646896243095398,0.4418824017047882,0.2183566689491272,0.371106892824173,0.678073525428772,-0.3943963050842285,0.996835470199585,0.5505290627479553,0.6511626243591309,0.3875097632408142,0.3348572552204132,0.5341095328330994,0.6843675971031189,-0.5327669382095337,0.9969984889030457,0.587322473526001,0.6501234173774719,0.39942172169685364,0.3075370490550995,0.5725900530815125,0.692084789276123,-0.5940471291542053,0.99330735206604,0.5952483415603638,0.6515346169471741,0.3547104299068451,0.30084410309791565,0.5836337804794312,0.6871187090873718,-0.5739083290100098,0.9924818873405457,0.5793440937995911,0.6509659290313721,0.36476072669029236,0.2826675474643707,0.5694521069526672,0.6841345429420471,-0.5240302085876465,0.9867644906044006,0.5213377475738525,0.6110557913780212,0.2126741260290146,0.9999661445617676,0.5247129797935486,0.6329246163368225,-0.2127157300710678,0.9999865293502808,0.6918848752975464,0.5456867814064026,0.1743367314338684,0.7000682950019836,0.7060237526893616,0.558491587638855,-0.30028313398361206,0.9970985054969788,0.7217714786529541,0.6381098628044128,0.34956273436546326,0.8617031574249268,0.7410484552383423,0.6642314791679382,-0.09347384423017502,0.9962515234947205,0.7036799788475037,0.6527205109596252,0.36616677045822144,0.8851848244667053,0.7250649929046631,0.681907594203949,-0.07011688500642776,0.9922996163368225,0.8079328536987305,0.6558199524879456,0.3776397407054901,0.9206945300102234,0.848392128944397,0.6811047196388245,-0.062284134328365326,0.9952670931816101
260,bridge,1,0.1430465579032898,0.6100846529006958,0.07682579755783081,0.9999926090240479,0.12761099636554718,0.6141040325164795,0.10219008475542068,0.9999829530715942,0.12755729258060455,0.6148219108581543,0.102071613073349,0.9999812245368958,0.12752670049667358,0.6157777309417725,0.10203590244054794,0.999983549118042,0.12662984430789948,0.6157006025314331,0.0404340997338295,0.9999940395355225,0.1258351057767868,0.6175724267959595,0.04039457440376282,0.9999950528144836,0.12500418722629547,0.6196686029434204,0.04024004563689232,0.9999952912330627,0.1359458714723587,0.6284562349319458,0.22299517691135406,0.999982476234436,0.1330069750547409,0.6324543952941895,-0.054947562515735626,0.9999975562095642,0.16326507925987244,0.6129184365272522,0.1268322467803955,0.9999610781669617,0.16221700608730316,0.6146815419197083,0.04620194062590599,0.9999900460243225,0.26000139117240906,0.632788896560669,0.38260534405708313,0.9998810887336731,0.22151115536689758,0.6597238183021545,-0.23442794382572174,0.9999994039535522,0.4078375995159149,0.6466383337974548,0.4389372169971466,0.205078586935997,0.37285882234573364,0.6786453127861023,-0.39871490001678467,0.9966272115707397,0.550442099571228,0.6517618894577026,0.3927338719367981,0.3150472342967987,0.5351962447166443,0.6844201683998108,-0.5294031500816345,0.9966965317726135,0.5872263312339783,0.6500752568244934,0.40449050068855286,0.2893149256706238,0.5742003917694092,0.6919608116149902,-0.5895918011665344,0.9927964806556702,0.5950658917427063,0.6514832377433777,0.36077356338500977,0.2831304371356964,0.5862594246864319,0.6873759627342224,-0.5676484704017639,0.9919335842132568,0.5790193676948547,0.6509312391281128,0.3705672323703766,0.26685667037963867,0.5727499723434448,0.6843683123588562,-0.519733726978302,0.9858947396278381,0.5246100425720215,0.6133423447608948,0.21247148513793945,0.9999591112136841,0.528214156627655,0.6363938450813293,-0.2125040590763092,0.9999839067459106,0.6872550845146179,0.5462601184844971,0.18383383750915527,0.6860382556915283,0.7045323848724365,0.5593056082725525,-0.29402607679367065,0.9969508647918701,0.7139729857444763,0.6366303563117981,0.358577162027359,0.8513967990875244,0.7407956719398499,0.6642329692840576,-0.10202464461326599,0.9961127042770386,0.6930150389671326,0.6515219807624817,0.37486857175827026,0.8777565360069275,0.7246201038360596,0.681890606880188,-0.07999854534864426,0.9921972155570984,0.8000032901763916,0.6557018756866455,0.384040504693985,0.9149919152259827,0.8481844663619995,0.6811140775680542,-0.07911258190870285,0.9951709508895874
261,bridge,1,0.14302058517932892,0.6100335121154785,0.08128933608531952,0.9999921321868896,0.12732243537902832,0.6141055822372437,0.10656492412090302,0.999981164932251,0.12732383608818054,0.6148242950439453,0.1064429059624672,0.9999791979789734,0.1273471564054489,0.6157774329185486,0.10639645159244537,0.9999821186065674,0.12633855640888214,0.6157024502754211,0.04530239477753639,0.9999933838844299,0.12558074295520782,0.6175698041915894,0.04527589678764343,0.9999944567680359,0.12482878565788269,0.6196441054344177,0.045123543590307236,0.9999948143959045,0.1358790397644043,0.6284302473068237,0.2256479263305664,0.9999810457229614,0.13269296288490295,0.6325379610061646,-0.049867965281009674,0.9999971985816956,0.16329745948314667,0.6128207445144653,0.13054749369621277,0.9999567270278931,0.1623578518629074,0.6145987510681152,0.050563517957925797,0.9999890327453613,0.2591988742351532,0.6325316429138184,0.3848976790904999,0.9998762011528015,0.22150123119354248,0.6597900390625,-0.23267260193824768,0.9999994039535522,0.40557050704956055,0.6464835405349731,0.446354478597641,0.19187411665916443,0.3734067380428314,0.6797770261764526,-0.4021378755569458,0.9963130950927734,0.5502983927726746,0.6516482830047607,0.4030379056930542,0.29523125290870667,0.5355662703514099,0.6846514344215393,-0.5301857590675354,0.99626225233078,0.5880228281021118,0.6500176191329956,0.41933301091194153,0.2713623046875,0.5794592499732971,0.6918741464614868,-0.5906497836112976,0.9920814037322998,0.5951935052871704,0.6504796743392944,0.3748265206813812,0.2655881643295288,0.593023955821991,0.6879394054412842,-0.5673598647117615,0.9911565184593201,0.5788370966911316,0.6504520773887634,0.38134753704071045,0.25133436918258667,0.5784866213798523,0.6847922801971436,-0.5201787352561951,0.9847133755683899,0.52627032995224,0.6160895228385925,0.21234865486621857,0.9999539852142334,0.5293843746185303,0.6396440863609314,-0.21238020062446594,0.9999817609786987,0.6833702325820923,0.5462543964385986,0.1911313384771347,0.6700106263160706,0.7009309530258179,0.5603813529014587,-0.28530576825141907,0.9967954158782959,0.7141739726066589,0.6383528113365173,0.3723597824573517,0.8382570147514343,0.740376353263855,0.6644576191902161,-0.10592176020145416,0.9959973096847534,0.6876931190490723,0.6519168019294739,0.3892875015735626,0.8684563636779785,0.7235686779022217,0.6818680167198181,-0.0846007913351059,0.9921110272407532,0.7988143563270569,0.6559455394744873,0.39954009652137756,0.9071738123893738,0.8486495614051819,0.6806204319000244,-0.08591455221176147,0.9950577020645142
275,bridge,1,0.1472368836402893,0.6105690598487854,0.04732026159763336,0.9999713897705078,0.1297459900379181,0.6143166422843933,0.07017809897661209,0.9999423027038574,0.12963281571865082,0.614895224571228,0.07005712389945984,0.9999260306358337,0.12943826615810394,0.6156173348426819,0.0699986144900322,0.9999468326568604,0.12875235080718994,0.6163873076438904,0.0030620263423770666,0.9999806880950928,0.1277942955493927,0.6182740926742554,0.0029579123947769403,0.9999827146530151,0.12676598131656647,0.6206663846969604,0.002717617666348815,0.9999855160713196,0.13617298007011414,0.628532886505127,0.19545604288578033,0.9999343752861023,0.13260561227798462,0.6337295174598694,-0.10541484504938126,0.9999884366989136,0.1690327376127243,0.6130871772766113,0.100117526948452,0.9998533725738525,0.16816651821136475,0.6155317425727844,0.012594630010426044,0.9999674558639526,0.25593656301498413,0.6312592625617981,0.3988850712776184,0.9997332096099854,0.22468529641628265,0.6594943404197693,-0.2980800271034241,0.9999979138374329,0.3862156867980957,0.6365234851837158,0.5771237015724182,0.07394401729106903,0.35497596859931946,0.67992103099823,-0.5530351400375366,0.9920710325241089,0.5175086259841919,0.6424464583396912,0.6052643656730652,0.1326630413532257,0.4834645390510559,0.6848065257072449,-0.7686347365379333,0.99188631772995,0.5560653209686279,0.6424726247787476,0.6430549621582031,0.13587437570095062,0.5220959782600403,0.694159746170044,-0.842502236366272,0.9853585958480835,0.5574042797088623,0.6406052112579346,0.5848441123962402,0.13421249389648438,0.525679886341095,0.6856850385665894,-0.8186810612678528,0.9837101101875305,0.5422906279563904,0.6423495411872864,0.5811366438865662,0.1345958262681961,0.5124086141586304,0.6797777414321899,-0.7603512406349182,0.9728317260742188,0.527579128742218,0.6262881755828857,0.22308620810508728,0.9999293684959412,0.5301232933998108,0.6492436528205872,-0.22328615188598633,0.9999624490737915,0.6604527235031128,0.5511652231216431,0.1850433498620987,0.6247574687004089,0.6765372157096863,0.5656942129135132,-0.2876991629600525,0.9919648766517639,0.7027387619018555,0.6430059671401978,0.3929201662540436,0.7413074970245361,0.7316064238548279,0.6641581654548645,-0.0762261152267456,0.9942604899406433,0.6822465062141418,0.6639578938484192,0.41238120198249817,0.7926135659217834,0.7199699878692627,0.6818078756332397,-0.05372462794184685,0.9880954623222351,0.7961594462394714,0.6572035551071167,0.4233698844909668,0.8515549302101135,0.8444070816040039,0.6808434128761292,-0.06379687041044235,0.9935875535011292
276,bridge,1,0.14723633229732513,0.6105895042419434,0.04522418975830078,0.9999697208404541,0.12974420189857483,0.6143900752067566,0.06802289932966232,0.9999399185180664,0.12962967157363892,0.6149638891220093,0.067905493080616,0.9999225735664368,0.1294354498386383,0.6156777739524841,0.06785008311271667,0.9999443888664246,0.1287505328655243,0.6164720058441162,0.0008173887035809457,0.9999800324440002,0.12779353559017181,0.6183555126190186,0.0007090079598128796,0.9999821782112122,0.12676747143268585,0.6207659840583801,0.0004655261873267591,0.9999850392341614,0.13617384433746338,0.6285685300827026,0.1940893977880478,0.9999319911003113,0.1326097548007965,0.6337581872940063,-0.10732994228601456,0.9999879598617554,0.1690540462732315,0.6131110191345215,0.09835603088140488,0.9998482465744019,0.1681734025478363,0.6155567169189453,0.010611310601234436,0.9999662637710571,0.2559356391429901,0.6312639117240906,0.3990510404109955,0.9997230768203735,0.22473162412643433,0.6594936847686768,-0.3005281686782837,0.9999978542327881,0.3855612277984619,0.6363959908485413,0.5785278081893921,0.07003020495176315,0.3537600040435791,0.6798481345176697,-0.5621402859687805,0.9916473031044006,0.5175497531890869,0.642510175704956,0.6076939702033997,0.12779222428798676,0.4813181161880493,0.6848846673965454,-0.7844598293304443,0.9917789697647095,0.5563790202140808,0.64252108335495,0.6455788016319275,0.13260523974895477,0.5201734304428101,0.6942936182022095,-0.8600484728813171,0.9853571057319641,0.5577899813652039,0.6407318711280823,0.5870798230171204,0.1310935616493225,0.5234611630439758,0.6852926015853882,-0.835091769695282,0.9837148189544678,0.5425346493721008,0.6424416899681091,0.5834853053092957,0.13195987045764923,0.5104029178619385,0.6798282861709595,-0.7759596705436707,0.9728003144264221,0.5275980830192566,0.6262460947036743,0.2246413677930832,0.9999297857284546,0.5301505923271179,0.6492125988006592,-0.22485238313674927,0.9999625086784363,0.6603542566299438,0.5512389540672302,0.18768174946308136,0.6255370378494263,0.6762821674346924,0.565655529499054,-0.2894691824913025,0.9916960597038269,0.7026446461677551,0.6430873274803162,0.39694488048553467,0.7412545084953308,0.7314605712890625,0.664239764213562,-0.07666776329278946,0.994228184223175,0.6822723746299744,0.6639282703399658,0.4165627360343933,0.7928086519241333,0.7198904752731323,0.6817952394485474,-0.05435097962617874,0.9880416393280029,0.7957233190536499,0.657437264919281,0.42763352394104004,0.8516572713851929,0.844340443611145,0.6805666089057922,-0.06463228911161423,0.9935541152954102
277,bridge,1,0.1471729725599289,0.6105991005897522,0.04623056575655937,0.999968409538269,0.12958651781082153,0.6144294738769531,0.0695398673415184,0.9999380707740784,0.12947162985801697,0.6150017976760864,0.0694194883108139,0.9999200701713562,0.12928913533687592,0.6157128214836121,0.06936143338680267,0.999942421913147,0.12858186662197113,0.6165052056312561,0.002725625177845359,0.9999796152114868,0.12764182686805725,0.6183760166168213,0.0026251079980283976,0.9999818205833435,0.12664078176021576,0.6207774877548218,0.002389125758782029,0.9999846816062927,0.1360713541507721,0.6286043524742126,0.1947057843208313,0.9999301433563232,0.132497176527977,0.6337568759918213,-0.10594926029443741,0.9999876618385315,0.169041246175766,0.61312335729599,0.09854234009981155,0.9998435974121094,0.16811490058898926,0.6155595183372498,0.011991049163043499,0.9999651908874512,0.2557376027107239,0.6312870979309082,0.4024992883205414,0.9997127056121826,0.2247321903705597,0.6594810485839844,-0.2987571656703949,0.9999977946281433,0.3838520050048828,0.6363629698753357,0.5817956924438477,0.06656873226165771,0.35312309861183167,0.679776668548584,-0.5650688409805298,0.9912703633308411,0.5162985324859619,0.6433318257331848,0.6051405668258667,0.12401691824197769,0.4758675992488861,0.6849144697189331,-0.7965123653411865,0.9917058944702148,0.5553819537162781,0.6435742378234863,0.6419591903686523,0.1304008662700653,0.5141242742538452,0.6943415999412537,-0.8722754716873169,0.9854005575180054,0.556534469127655,0.6416380405426025,0.5835034847259521,0.12904435396194458,0.5169249773025513,0.6851457953453064,-0.8474039435386658,0.9837725758552551,0.5410352945327759,0.6432489156723022,0.5808084011077881,0.13028667867183685,0.5042523741722107,0.6798398494720459,-0.7879456281661987,0.9728641510009766,0.5273075699806213,0.6261337399482727,0.22552742063999176,0.9999306797981262,0.5301189422607422,0.6490477919578552,-0.22574050724506378,0.999963104724884,0.6614245176315308,0.5512005686759949,0.18886084854602814,0.6298405528068542,0.6773778200149536,0.5646846890449524,-0.29096829891204834,0.991600751876831,0.702673614025116,0.6432520151138306,0.3969930410385132,0.7458698153495789,0.7315042018890381,0.6642559170722961,-0.0776490569114685,0.9943236112594604,0.6825221180915833,0.663706362247467,0.41628262400627136,0.7966539263725281,0.7200676202774048,0.681749701499939,-0.05521610379219055,0.9882074594497681,0.7957993149757385,0.6578612327575684,0.42560550570487976,0.8544769287109375,0.8443929553031921,0.6804248094558716,-0.06483499705791473,0.9936429858207703
278,bridge,1,0.147192120552063,0.6106013059616089,0.07009823620319366,0.999969482421875,0.1295919120311737,0.6144245266914368,0.09283149987459183,0.9999404549598694,0.12947534024715424,0.614997386932373,0.09273192286491394,0.9999229907989502,0.12929245829582214,0.6157090067863464,0.09267427772283554,0.9999445080757141,0.1285826414823532,0.6165016889572144,0.02542153373360634,0.9999805092811584,0.12764157354831696,0.6183681488037109,0.025311769917607307,0.9999826550483704,0.12664034962654114,0.6207581758499146,0.025084422901272774,0.9999853372573853,0.13606105744838715,0.6286077499389648,0.22065237164497375,0.9999329447746277,0.13249069452285767,0.6337373852729797,-0.08315688371658325,0.9999882578849792,0.16906414926052094,0.6131268739700317,0.12440177798271179,0.9998493790626526,0.16811805963516235,0.615553617477417,0.03619689494371414,0.9999664425849915,0.25544118881225586,0.6312750577926636,0.420700341463089,0.9997168183326721,0.22455544769763947,0.6595063805580139,-0.2732195556163788,0.9999978542327881,0.382765531539917,0.6363361477851868,0.5883913040161133,0.06415621191263199,0.35147103667259216,0.6797562837600708,-0.5550832748413086,0.990960419178009,0.5167832970619202,0.645139217376709,0.5993790626525879,0.12195124477148056,0.4559744894504547,0.6849039793014526,-0.8150268793106079,0.9915956258773804,0.5561002492904663,0.6460652947425842,0.6334881782531738,0.1295076459646225,0.4921351373195648,0.6942602396011353,-0.8914943337440491,0.9853929281234741,0.5573251843452454,0.6439437866210938,0.5768477916717529,0.12824773788452148,0.49321243166923523,0.6848005056381226,-0.8636900186538696,0.983765721321106,0.5416303277015686,0.6452297568321228,0.5755219459533691,0.12973499298095703,0.48150885105133057,0.6798750758171082,-0.805571973323822,0.9728507995605469,0.5244218111038208,0.6258553266525269,0.22601138055324554,0.9999334216117859,0.5275330543518066,0.6479809284210205,-0.22623468935489655,0.9999649524688721,0.6667646765708923,0.5512170195579529,0.18835684657096863,0.6364057064056396,0.682826817035675,0.5643213987350464,-0.2900821268558502,0.9917157888412476,0.7027404308319092,0.643582284450531,0.3957344591617584,0.7538200616836548,0.7316291928291321,0.6643394827842712,-0.08637513965368271,0.9945769309997559,0.6827089786529541,0.6639636158943176,0.4149923324584961,0.8024998903274536,0.7201418280601501,0.681904137134552,-0.06541300565004349,0.9886518120765686,0.7956982254981995,0.6582791805267334,0.42110130190849304,0.8591820597648621,0.8447248935699463,0.6807152032852173,-0.07992135733366013,0.993883490562439
316,bridge,0,0.11811206489801407,0.6148843765258789,0.11295951902866364,0.9999321699142456,0.10087664425373077,0.6184419393539429,0.1403655707836151,0.999904453754425,0.10137316584587097,0.6191174387931824,0.14028975367546082,0.9998997449874878,0.10182622075080872,0.6200018525123596,0.14030000567436218,0.9998854398727417,0.0995546504855156,0.620243489742279,0.07585398852825165,0.9999586343765259,0.09889080375432968,0.6222149729728699,0.0757783055305481,0.999971330165863,0.0982762798666954,0.6245163083076477,0.07568299770355225,0.9999677538871765,0.1080239862203598,0.6346450448036194,0.267916738986969,0.9998767971992493,0.10395540297031403,0.6389226317405701,-0.026742860674858093,0.9999869465827942,0.14075741171836853,0.6190812587738037,0.16569361090660095,0.9998301267623901,0.13833919167518616,0.6203450560569763,0.08045005798339844,0.9999197721481323,0.22707973420619965,0.6420161724090576,0.4159049093723297,0.9996449947357178,0.18837863206863403,0.6618676781654358,-0.20050212740898132,0.999998927116394,0.3925084173679352,0.6431601047515869,0.5050734281539917,0.5452694892883301,0.34477514028549194,0.6742531657218933,-0.34422630071640015,0.9953166842460632,0.5138020515441895,0.640803337097168,0.4906870722770691,0.6021326184272766,0.5011105537414551,0.6872118711471558,-0.4863447844982147,0.9970933794975281,0.5568203926086426,0.6410225629806519,0.5185763239860535,0.5296710133552551,0.5491191744804382,0.6915583610534668,-0.5382903218269348,0.9919448494911194,0.5590242743492126,0.643359899520874,0.4721429944038391,0.5321258306503296,0.5517420172691345,0.6879963278770447,-0.519075870513916,0.9914988875389099,0.5428407192230225,0.6451577544212341,0.4695689380168915,0.49479246139526367,0.5349681973457336,0.6851596832275391,-0.47755810618400574,0.9844486117362976,0.4405970275402069,0.578898549079895,0.2040911167860031,0.9999475479125977,0.44337591528892517,0.5986427664756775,-0.20405936241149902,0.9999822974205017,0.6604471206665039,0.5374770760536194,0.12842363119125366,0.7395557761192322,0.675976574420929,0.5551677346229553,-0.3348402976989746,0.9964446425437927,0.6799980998039246,0.6342670917510986,0.33953556418418884,0.8283839821815491,0.7022436857223511,0.6685031056404114,-0.135221928358078,0.99532151222229,0.6570418477058411,0.644364058971405,0.35975906252861023,0.8667452335357666,0.6863473057746887,0.6849818229675293,-0.11099378019571304,0.9892055988311768,0.7601781487464905,0.6446536779403687,0.35794055461883545,0.9032374620437622,0.8138608932495117,0.6801361441612244,-0.14113196730613708,0.9937230348587036
317,bridge,0,0.11686410754919052,0.6145753860473633,0.12156859040260315,0.9999321103096008,0.09976774454116821,0.6181937456130981,0.14921677112579346,0.9999037981033325,0.10021427273750305,0.6188604235649109,0.1491384357213974,0.9998999238014221,0.1006259024143219,0.6197386980056763,0.1491386890411377,0.999885618686676,0.0984601303935051,0.620102047920227,0.08482689410448074,0.9999579787254333,0.0978727713227272,0.622104287147522,0.08475843816995621,0.9999708533287048,0.09735168516635895,0.6244221925735474,0.0846659392118454,0.9999671578407288,0.10710487514734268,0.6342321634292603,0.27528488636016846,0.9998760223388672,0.10337908565998077,0.6387314200401306,-0.01903567835688591,0.9999866485595703,0.14000456035137177,0.6187208294868469,0.1736505925655365,0.9998210072517395,0.13736461102962494,0.6200252175331116,0.0884871780872345,0.9999160170555115,0.22494569420814514,0.6416435241699219,0.41941189765930176,0.9996251463890076,0.18854627013206482,0.6619929671287537,-0.19322919845581055,0.9999987483024597,0.3924667239189148,0.6431704759597778,0.4964829385280609,0.5144155621528625,0.34503012895584106,0.6748155951499939,-0.33242008090019226,0.995457649230957,0.5138881206512451,0.639875054359436,0.45488715171813965,0.589425265789032,0.5027919411659241,0.6871919631958008,-0.42667004466056824,0.9971587061882019,0.5568942427635193,0.6404737234115601,0.4751274883747101,0.5212711095809937,0.551977276802063,0.691740870475769,-0.4775024354457855,0.9921619892120361,0.5590812563896179,0.6431068181991577,0.4302588701248169,0.5236672759056091,0.5538052320480347,0.6880810260772705,-0.4602147936820984,0.9917349219322205,0.542775571346283,0.6441953182220459,0.43286681175231934,0.4868273138999939,0.5364564657211304,0.6851671934127808,-0.4181535243988037,0.9848665595054626,0.44393110275268555,0.5850440263748169,0.20399510860443115,0.999943196773529,0.4459656774997711,0.6048905253410339,-0.20395514369010925,0.9999800324440002,0.6614370942115784,0.5377328395843506,0.13028830289840698,0.7350067496299744,0.6759772300720215,0.5560042262077332,-0.33619794249534607,0.9963603615760803,0.6800711154937744,0.6379202604293823,0.33938726782798767,0.8272054195404053,0.7020766735076904,0.6690678596496582,-0.13734537363052368,0.995267391204834,0.6532190442085266,0.6537317633628845,0.35862672328948975,0.8657435774803162,0.6858050227165222,0.6846882700920105,-0.11331338435411453,0.9889972805976868,0.7649849057197571,0.6477940678596497,0.3536100685596466,0.9026879072189331,0.8150312900543213,0.6800053715705872,-0.1483059674501419,0.9936899542808533
318,bridge,0,0.11695333570241928,0.6141849160194397,0.09810027480125427,0.9999337792396545,0.09978500753641129,0.6179943084716797,0.12666825950145721,0.9999041557312012,0.1002248078584671,0.6186792254447937,0.12656740844249725,0.9999014735221863,0.10063611716032028,0.619574785232544,0.12658973038196564,0.9998869895935059,0.09851031005382538,0.6198686957359314,0.06321320682764053,0.999958336353302,0.09792134165763855,0.6218271851539612,0.06317649781703949,0.9999712109565735,0.09737604856491089,0.6241046786308289,0.06310407817363739,0.9999675750732422,0.10711520910263062,0.6337729096412659,0.25696778297424316,0.9998779892921448,0.10359936952590942,0.6382173299789429,-0.03251996636390686,0.9999867677688599,0.14005771279335022,0.6182287335395813,0.15145960450172424,0.9998161196708679,0.1374112218618393,0.6194503307342529,0.06774243712425232,0.9999161958694458,0.2237139642238617,0.6416183710098267,0.408542662858963,0.9996079802513123,0.1911964863538742,0.6622700691223145,-0.20369771122932434,0.9999986886978149,0.394826203584671,0.644580602645874,0.47330406308174133,0.49189794063568115,0.3474533259868622,0.6758264303207397,-0.31934982538223267,0.9956757426261902,0.521599531173706,0.6422107815742493,0.4269489347934723,0.5795817971229553,0.5030003786087036,0.6871868371963501,-0.3868403434753418,0.9972517490386963,0.5620468854904175,0.6421839594841003,0.4453798532485962,0.5147202610969543,0.5518523454666138,0.6917580366134644,-0.43619394302368164,0.9924426078796387,0.5642194151878357,0.6444676518440247,0.4028375744819641,0.5164119601249695,0.5542589426040649,0.6881999373435974,-0.4215019941329956,0.992026686668396,0.5502710938453674,0.6455371379852295,0.40559881925582886,0.47927865386009216,0.5375553965568542,0.6852498650550842,-0.37883463501930237,0.985383927822113,0.4532666504383087,0.5937332510948181,0.20352911949157715,0.9999397397041321,0.4574955701828003,0.6137192249298096,-0.20344996452331543,0.9999791979789734,0.6614512801170349,0.5388807654380798,0.13830947875976562,0.7358214259147644,0.6761069297790527,0.5559783577919006,-0.3367840349674225,0.9964873194694519,0.6800997853279114,0.645187497138977,0.33839109539985657,0.830618679523468,0.701849102973938,0.669255793094635,-0.15597587823867798,0.9955034852027893,0.6516277194023132,0.6589954495429993,0.3578769564628601,0.8682419657707214,0.6858199238777161,0.6846912503242493,-0.13631322979927063,0.9894261956214905,0.7671512961387634,0.6527442932128906,0.359813392162323,0.9048422574996948,0.815338671207428,0.680009126663208,-0.17183193564414978,0.9940214157104492
319,bridge,0,0.11698667705059052,0.6132763028144836,0.08601376414299011,0.9999380707740784,0.09980352222919464,0.6168824434280396,0.11406717449426651,0.9999095797538757,0.10024844855070114,0.617542564868927,0.11396085470914841,0.9999069571495056,0.10068167746067047,0.6183973550796509,0.11397412419319153,0.9998939037322998,0.09859754890203476,0.6188656687736511,0.04823443666100502,0.9999608993530273,0.09805931895971298,0.6208590865135193,0.048208270221948624,0.9999728798866272,0.09752824157476425,0.623172402381897,0.04811105132102966,0.9999696016311646,0.10721590369939804,0.6328001022338867,0.2446155995130539,0.9998850226402283,0.10405589640140533,0.6372843384742737,-0.05502192676067352,0.9999876022338867,0.1407238245010376,0.6175324320793152,0.13963690400123596,0.9998238682746887,0.13803055882453918,0.618776261806488,0.05292555317282677,0.9999210834503174,0.22305411100387573,0.6416404843330383,0.404792457818985,0.999616801738739,0.19513890147209167,0.6628233194351196,-0.23520824313163757,0.9999987483024597,0.3936644494533539,0.6467633843421936,0.47048220038414,0.45866814255714417,0.3516574800014496,0.6769127249717712,-0.37591326236724854,0.9958116412162781,0.5220991969108582,0.642493486404419,0.42445889115333557,0.5509462952613831,0.5077338814735413,0.6865246295928955,-0.4757733643054962,0.9972739219665527,0.5620025992393494,0.6421786546707153,0.44683700799942017,0.4913595914840698,0.5540632605552673,0.6916711330413818,-0.530288577079773,0.9925893545150757,0.5653231739997864,0.6445514559745789,0.4027901291847229,0.49224814772605896,0.5578526854515076,0.6880983114242554,-0.5132869482040405,0.9921653866767883,0.5514369606971741,0.6455205082893372,0.4024091362953186,0.4569549560546875,0.5417457818984985,0.6848764419555664,-0.46767669916152954,0.9856280088424683,0.4635898470878601,0.5986242890357971,0.20570795238018036,0.9999404549598694,0.47089114785194397,0.6197811961174011,-0.20568086206912994,0.9999793171882629,0.6619917154312134,0.5388504862785339,0.1482211947441101,0.7214491963386536,0.6762238144874573,0.5559656023979187,-0.34948691725730896,0.9964150190353394,0.6791762709617615,0.6448507905006409,0.34051617980003357,0.8260959982872009,0.7026068568229675,0.667634904384613,-0.15592464804649353,0.9953786730766296,0.6519430875778198,0.6488560438156128,0.35947051644325256,0.8656525611877441,0.6866037845611572,0.6842336058616638,-0.13565537333488464,0.9894583225250244,0.7664975523948669,0.6521199345588684,0.3729180097579956,0.9023169279098511,0.815464973449707,0.6795385479927063,-0.14486341178417206,0.9940038919448853
320,bridge,1,0.11705639958381653,0.6121944189071655,0.07771723717451096,0.9999420046806335,0.09985450655221939,0.6159648299217224,0.10417668521404266,0.9999139308929443,0.1002902165055275,0.6166688203811646,0.10406068712472916,0.9999115467071533,0.10070992261171341,0.6175341010093689,0.1040663793683052,0.9998998641967773,0.09862174093723297,0.6177308559417725,0.03988218307495117,0.9999630451202393,0.09813211113214493,0.6196138858795166,0.039881933480501175,0.999974250793457,0.09764620661735535,0.6218777298927307,0.03978365659713745,0.999971330165863,0.10741712898015976,0.6315500140190125,0.23023204505443573,0.9998911619186401,0.10420747101306915,0.6362612843513489,-0.06179557740688324,0.9999882578849792,0.14092478156089783,0.6166988015174866,0.12978693842887878,0.999830424785614,0.13834920525550842,0.6179397106170654,0.04535780847072601,0.9999256730079651,0.22324883937835693,0.6416443586349487,0.38645926117897034,0.9996273517608643,0.19657626748085022,0.6630802750587463,-0.2374693602323532,0.9999988079071045,0.39262714982032776,0.6494029760360718,0.4327790141105652,0.42772015929222107,0.35446715354919434,0.6774712800979614,-0.36459842324256897,0.9958440065383911,0.5225514769554138,0.6430985331535339,0.37376078963279724,0.5196256041526794,0.5124169588088989,0.6859545707702637,-0.4596262574195862,0.9971811175346375,0.5621565580368042,0.6431076526641846,0.3914588391780853,0.4652375876903534,0.5593569874763489,0.6915535926818848,-0.5106072425842285,0.9924943447113037,0.5671398043632507,0.6454586386680603,0.3504447638988495,0.46522217988967896,0.5654391050338745,0.68785560131073,-0.49906861782073975,0.9920368194580078,0.553621232509613,0.646523654460907,0.35230839252471924,0.4321088492870331,0.5502204298973083,0.6843289136886597,-0.45295244455337524,0.9854263067245483,0.47711923718452454,0.6038680672645569,0.20635850727558136,0.9999383091926575,0.48394787311553955,0.6253154873847961,-0.2063126116991043,0.999978244304657,0.661856472492218,0.5403366684913635,0.1625155657529831,0.7067829370498657,0.6761267781257629,0.5565927624702454,-0.34241217374801636,0.9963948726654053,0.6785461902618408,0.6435182690620422,0.3327675759792328,0.8232197761535645,0.7027645707130432,0.6661214828491211,-0.1578970104455948,0.995336651802063,0.659929633140564,0.6478952169418335,0.34768205881118774,0.8647326231002808,0.6866110563278198,0.684381902217865,-0.13811656832695007,0.98972088098526,0.7668948173522949,0.6520473957061768,0.36694100499153137,0.9001278281211853,0.8158881068229675,0.6799284219741821,-0.1436876505613327,0.9940462708473206
321,bridge,1,0.11775937676429749,0.6119316816329956,0.07707836478948593,0.999946117401123,0.10133373737335205,0.6155411601066589,0.10379231721162796,0.9999189972877502,0.10161399841308594,0.6162058115005493,0.10367055237293243,0.9999167919158936,0.10182168334722519,0.6170475482940674,0.10365169495344162,0.9999064803123474,0.10011743009090424,0.617388904094696,0.04186874255537987,0.9999654293060303,0.09940234571695328,0.6193342804908752,0.04191035032272339,0.9999757409095764,0.09867139905691147,0.6216409206390381,0.04183216765522957,0.9999731183052063,0.10852095484733582,0.6305356025695801,0.22958016395568848,0.9998982548713684,0.10503292828798294,0.6355301737785339,-0.05238080769777298,0.9999889731407166,0.14155282080173492,0.616148829460144,0.12882010638713837,0.9998387694358826,0.139142706990242,0.6176978945732117,0.04751504585146904,0.9999306797981262,0.22400836646556854,0.6408342719078064,0.3807103931903839,0.9996423721313477,0.19693391025066376,0.6630346179008484,-0.2240266501903534,0.9999988675117493,0.39195919036865234,0.649436891078949,0.42274606227874756,0.39342716336250305,0.3554762303829193,0.6781362891197205,-0.35455334186553955,0.9958367943763733,0.5224812030792236,0.6430138349533081,0.3650873005390167,0.4846740961074829,0.514000654220581,0.6859176158905029,-0.44366827607154846,0.9970330595970154,0.5611852407455444,0.642237663269043,0.3804451525211334,0.4362734258174896,0.5600491166114807,0.6916566491127014,-0.4933931827545166,0.9923681020736694,0.5669652223587036,0.6442404985427856,0.3408699929714203,0.43559542298316956,0.5659348368644714,0.6879131197929382,-0.4807235598564148,0.9918797612190247,0.5531925559043884,0.6454936861991882,0.3443073332309723,0.4053505063056946,0.5521062612533569,0.6843417286872864,-0.4369453191757202,0.9852273464202881,0.48335620760917664,0.6077817678451538,0.20620004832744598,0.9999377131462097,0.4865473508834839,0.6300786137580872,-0.20614276826381683,0.9999778270721436,0.6617564558982849,0.5413833260536194,0.1694679707288742,0.7009122967720032,0.674804151058197,0.5574249029159546,-0.3378148078918457,0.996459424495697,0.6801893711090088,0.6425047516822815,0.3329809606075287,0.8236052393913269,0.7031077146530151,0.6655257344245911,-0.15934884548187256,0.9953702092170715,0.6730254888534546,0.6480462551116943,0.3479550778865814,0.8650661706924438,0.6866180896759033,0.6842454671859741,-0.13951995968818665,0.9900140762329102,0.7679961323738098,0.6513612866401672,0.3666357398033142,0.8993562459945679,0.8158921599388123,0.679597020149231,-0.13846413791179657,0.9941563010215759
